dataset,sequence,frame,n_obj,z_min,z_max,depth_ratio,log_spread
MOT17,MOT17-02-FRCNN,1,15,11.16877269744873,49.07585144042969,4.394023655942074,0.31172926783818955
MOT17,MOT17-02-FRCNN,11,17,10.662979125976562,41.41348648071289,3.8838570338962435,0.2949137607160592
MOT17,MOT17-02-FRCNN,21,15,10.044235229492188,58.04043960571289,5.778482709693297,0.3252377578968113
MOT17,MOT17-02-FRCNN,31,16,9.609804153442383,41.53715896606445,4.322373099683326,0.2282789652805055
MOT17,MOT17-02-FRCNN,41,15,8.844236373901367,41.25770950317383,4.664926146130832,0.17061988858378085
MOT17,MOT17-02-FRCNN,51,15,8.41247272491455,40.93523406982422,4.8660168547815426,0.28121222372842025
MOT17,MOT17-02-FRCNN,61,14,13.072322845458984,41.90726089477539,3.205800636214625,0.22376307198704323
MOT17,MOT17-02-FRCNN,71,15,12.846744537353516,40.81610107421875,3.1771551894365793,0.350618521457095
MOT17,MOT17-02-FRCNN,81,15,12.45434856414795,40.56341552734375,3.256968063677994,0.3468965280992888
MOT17,MOT17-02-FRCNN,91,16,11.109296798706055,43.45534896850586,3.9116201282485568,0.3682613447450685
MOT17,MOT17-02-FRCNN,101,14,10.77779769897461,49.869503021240234,4.6270587381673325,0.3372905912307393
MOT17,MOT17-02-FRCNN,111,11,10.923809051513672,41.482967376708984,3.7974819205541537,0.3273646389164765
MOT17,MOT17-02-FRCNN,121,13,10.665430068969727,52.54479217529297,4.926645417531556,0.24394145942945814
MOT17,MOT17-02-FRCNN,131,14,10.225878715515137,57.26976013183594,5.600473242944279,0.23504128143426362
MOT17,MOT17-02-FRCNN,141,17,9.578375816345215,59.13493728637695,6.173795894024636,0.2545338707931933
MOT17,MOT17-02-FRCNN,151,15,8.760808944702148,59.81289291381836,6.827325340771016,0.28868639281409975
MOT17,MOT17-02-FRCNN,161,14,8.541295051574707,43.24232482910156,5.062736337755858,0.3539154720850375
MOT17,MOT17-02-FRCNN,171,13,8.776167869567871,42.52971267700195,4.846045940447134,0.3118824591922096
MOT17,MOT17-02-FRCNN,181,12,8.457171440124512,61.635292053222656,7.2879321992691235,0.3578344072103879
MOT17,MOT17-02-FRCNN,191,16,7.936619758605957,62.23513412475586,7.841516416012259,0.2123260490398318
MOT17,MOT17-02-FRCNN,201,14,7.624948501586914,63.10407257080078,8.275999838906122,0.20633927849911574
MOT17,MOT17-02-FRCNN,211,13,7.244142532348633,66.3351821899414,9.157078549148148,0.38148575054801626
MOT17,MOT17-02-FRCNN,221,16,6.920114040374756,64.63334655761719,9.339925062003314,0.4798379803212404
MOT17,MOT17-02-FRCNN,231,14,7.134859085083008,67.93653869628906,9.52177721888374,0.5091982374952216
MOT17,MOT17-02-FRCNN,241,19,7.1951799392700195,68.7721176147461,9.558081687352951,0.38665855034243657
MOT17,MOT17-02-FRCNN,251,19,6.237531661987305,68.54463958740234,10.989064793871318,0.5414581568607768
MOT17,MOT17-02-FRCNN,261,18,6.226064205169678,69.04267120361328,11.08929637222263,0.4860594647948327
MOT17,MOT17-02-FRCNN,271,19,6.214305877685547,67.45155334472656,10.854237733442272,0.4612627807891132
MOT17,MOT17-02-FRCNN,281,18,6.279590606689453,70.22225952148438,11.182617453863756,0.5292335285227178
MOT17,MOT17-02-FRCNN,291,19,6.390248775482178,70.8028335571289,11.079824283020415,0.5069007212271909
MOT17,MOT17-02-FRCNN,301,18,6.397794723510742,72.46692657470703,11.326860223946252,0.5944290267456647
MOT17,MOT17-02-FRCNN,311,18,7.061731338500977,72.51854705810547,10.269230530299286,0.6216470195339994
MOT17,MOT17-02-FRCNN,321,17,6.798773288726807,75.08971405029297,11.044597438599821,0.6466824607261622
MOT17,MOT17-02-FRCNN,331,16,6.563761234283447,74.17035675048828,11.299977879007251,0.5581511267890655
MOT17,MOT17-02-FRCNN,341,14,6.59787654876709,74.16658020019531,11.240977252606283,0.5088509674309556
MOT17,MOT17-02-FRCNN,351,14,6.535058498382568,72.30868530273438,11.064734205612822,0.4216238492827978
MOT17,MOT17-02-FRCNN,361,11,6.5440592765808105,70.37773132324219,10.75444587965494,0.778793964419821
MOT17,MOT17-02-FRCNN,371,9,6.577507972717285,72.0065689086914,10.947393634088476,0.713184061865616
MOT17,MOT17-02-FRCNN,381,10,6.623379230499268,38.19680404663086,5.7669661840805695,0.6213980967136203
MOT17,MOT17-02-FRCNN,391,10,6.60434627532959,62.67143630981445,9.489423130934611,0.3369992587850735
MOT17,MOT17-02-FRCNN,401,10,6.593982219696045,70.33708953857422,10.666860660994695,0.5369079650116678
MOT17,MOT17-02-FRCNN,411,9,6.599270343780518,29.991125106811523,4.544612289611178,0.14517650484512823
MOT17,MOT17-02-FRCNN,421,10,6.943559646606445,43.76225662231445,6.302567969399178,0.5807188343261322
MOT17,MOT17-02-FRCNN,431,11,5.372463703155518,34.1588249206543,6.358130423587805,0.5266180739905428
MOT17,MOT17-02-FRCNN,441,7,5.208775520324707,26.4974308013916,5.087074821711608,0.10278756492302554
MOT17,MOT17-02-FRCNN,451,10,5.537812232971191,37.01103973388672,6.6833323660793855,0.4720839724803707
MOT17,MOT17-02-FRCNN,461,10,5.561103820800781,45.22939682006836,8.13316893147941,0.643442780844167
MOT17,MOT17-02-FRCNN,471,14,6.152856349945068,50.07088088989258,8.137827058214938,0.47200778152696804
MOT17,MOT17-02-FRCNN,481,20,5.142073631286621,64.61524963378906,12.565990739736138,0.4791239447482395
MOT17,MOT17-02-FRCNN,491,19,5.78958797454834,70.02809143066406,12.095522468699878,0.5003025730122601
MOT17,MOT17-02-FRCNN,501,16,5.651519775390625,55.46316146850586,9.81384895971143,0.48642139094550585
MOT17,MOT17-02-FRCNN,511,17,5.75091028213501,55.76350784301758,9.696466317035906,0.3968851713132741
MOT17,MOT17-02-FRCNN,521,17,5.675258159637451,55.28818893432617,9.741968978175631,0.3626655891455513
MOT17,MOT17-02-FRCNN,531,17,5.479689598083496,55.06093215942383,10.048184513714283,0.34809835439408887
MOT17,MOT17-02-FRCNN,541,18,5.233325481414795,64.24468994140625,12.276073821427618,0.4767513742244973
MOT17,MOT17-02-FRCNN,551,18,5.949897766113281,65.82447052001953,11.063126310322941,0.3810258398119758
MOT17,MOT17-02-FRCNN,561,19,5.543190956115723,66.4707260131836,11.991419119315635,0.31078104253885047
MOT17,MOT17-02-FRCNN,571,17,5.459727764129639,67.04783630371094,12.28043580198533,0.3281111172769764
MOT17,MOT17-02-FRCNN,581,15,5.520871639251709,66.14957427978516,11.981726546489854,0.29930043404028706
MOT17,MOT17-02-FRCNN,591,15,14.796525001525879,68.59636688232422,4.635978168877508,0.29151274558067375
MOT17,MOT17-04-FRCNN,1,34,4.826162815093994,36.710655212402344,7.60659277751436,0.16356159450840607
MOT17,MOT17-04-FRCNN,11,34,4.787059307098389,38.26445007324219,7.993310217924931,0.18416299285646626
MOT17,MOT17-04-FRCNN,21,33,4.780776023864746,33.79487609863281,7.068910137169168,0.19437988441167012
MOT17,MOT17-04-FRCNN,31,34,4.458467960357666,34.8638801574707,7.81969960700892,0.18853050686950357
MOT17,MOT17-04-FRCNN,41,34,4.86961555480957,35.4186897277832,7.27340573996673,0.2623858098290336
MOT17,MOT17-04-FRCNN,51,32,4.954943656921387,30.20046043395996,6.095015912395693,0.25014121579456816
MOT17,MOT17-04-FRCNN,61,32,4.887007236480713,29.857759475708008,6.109620475456778,0.2729392023204181
MOT17,MOT17-04-FRCNN,71,31,4.794297218322754,30.209672927856445,6.30116814877511,0.24637364387896943
MOT17,MOT17-04-FRCNN,81,33,4.869862079620361,41.53647994995117,8.52929287746671,0.19566850371312958
MOT17,MOT17-04-FRCNN,91,31,4.9956207275390625,31.437103271484375,6.292932347362345,0.16571279529675165
MOT17,MOT17-04-FRCNN,101,32,4.8932108879089355,30.92380714416504,6.319737254851899,0.16630290155948577
MOT17,MOT17-04-FRCNN,111,33,4.935967922210693,35.98295211791992,7.289948533904589,0.17119760672440645
MOT17,MOT17-04-FRCNN,121,33,4.897064208984375,36.277442932128906,7.407998217702082,0.25218824841976994
MOT17,MOT17-04-FRCNN,131,34,4.8562116622924805,34.76526641845703,7.158927335973105,0.23449030241789098
MOT17,MOT17-04-FRCNN,141,33,4.823966979980469,33.70000457763672,6.985952581659911,0.2520728961182109
MOT17,MOT17-04-FRCNN,151,34,4.862637519836426,33.74481964111328,6.939612402416626,0.26330136164287415
MOT17,MOT17-04-FRCNN,161,35,4.862265586853027,33.29936218261719,6.848528034473189,0.26625280873719054
MOT17,MOT17-04-FRCNN,171,36,4.897246360778809,33.30026626586914,6.7997939684156306,0.23410617578590065
MOT17,MOT17-04-FRCNN,181,36,4.802061557769775,34.1599006652832,7.113590747293149,0.2233280345317464
MOT17,MOT17-04-FRCNN,191,35,4.81666898727417,34.56918716430664,7.1769904171616945,0.2810486227466856
MOT17,MOT17-04-FRCNN,201,36,4.899792194366455,32.88514709472656,6.711539140891795,0.2319671696810211
MOT17,MOT17-04-FRCNN,211,37,4.970526218414307,35.11054229736328,7.063747529846894,0.259435549072329
MOT17,MOT17-04-FRCNN,221,37,4.904062271118164,35.15956115722656,7.169476897610827,0.257885112553724
MOT17,MOT17-04-FRCNN,231,34,4.910099506378174,36.530914306640625,7.439953968180748,0.3349694225234422
MOT17,MOT17-04-FRCNN,241,36,4.97326135635376,38.086421966552734,7.6582385757575615,0.3027426631496136
MOT17,MOT17-04-FRCNN,251,35,5.8839311599731445,39.59335708618164,6.729065315298888,0.3011393622753911
MOT17,MOT17-04-FRCNN,261,36,6.0504584312438965,39.906551361083984,6.595624416657584,0.32503927019139855
MOT17,MOT17-04-FRCNN,271,36,5.73398494720459,37.71334457397461,6.5771614193651615,0.2793962606619266
MOT17,MOT17-04-FRCNN,281,36,5.364480495452881,38.73782730102539,7.22117031348346,0.2664740556268491
MOT17,MOT17-04-FRCNN,291,35,5.390642166137695,33.70766067504883,6.25299540132522,0.2787123535976023
MOT17,MOT17-04-FRCNN,301,35,5.407064914703369,36.700660705566406,6.7875383936609905,0.2713261177783827
MOT17,MOT17-04-FRCNN,311,35,5.825625419616699,36.94700241088867,6.342152086620019,0.2593675819310605
MOT17,MOT17-04-FRCNN,321,36,5.789499759674072,36.48729705810547,6.302322924728745,0.3137178555655953
MOT17,MOT17-04-FRCNN,331,37,5.839398384094238,35.4387092590332,6.0688973294857975,0.262641329545754
MOT17,MOT17-04-FRCNN,341,39,5.764915943145752,33.530677795410156,5.816334206100048,0.2507563050249791
MOT17,MOT17-04-FRCNN,351,38,5.807592868804932,31.64934539794922,5.449649469740106,0.15713911007061326
MOT17,MOT17-04-FRCNN,361,37,5.9853081703186035,31.951396942138672,5.338304400195633,0.19703710386793025
MOT17,MOT17-04-FRCNN,371,37,5.97668981552124,33.52132797241211,5.608677881418318,0.17128662186337887
MOT17,MOT17-04-FRCNN,381,36,5.468127727508545,33.536170959472656,6.1330262624923755,0.2194604876186701
MOT17,MOT17-04-FRCNN,391,37,5.523472309112549,35.731536865234375,6.469035212919413,0.15008962867461378
MOT17,MOT17-04-FRCNN,401,35,5.841268062591553,35.00558090209961,5.9928050770826875,0.1339228420971908
MOT17,MOT17-04-FRCNN,411,36,5.930239200592041,34.80543899536133,5.8691458840119894,0.151391689787047
MOT17,MOT17-04-FRCNN,421,36,5.8063645362854,36.671173095703125,6.315685635398181,0.2334990770823821
MOT17,MOT17-04-FRCNN,431,37,6.025528430938721,37.507781982421875,6.224812049650974,0.23175888083848767
MOT17,MOT17-04-FRCNN,441,36,5.888619899749756,34.88389587402344,5.923951022124195,0.28997228435132305
MOT17,MOT17-04-FRCNN,451,35,5.801588535308838,32.96015548706055,5.68122942302146,0.23349162306907859
MOT17,MOT17-04-FRCNN,461,35,5.911142826080322,33.92689895629883,5.739482187202665,0.262667919154754
MOT17,MOT17-04-FRCNN,471,35,5.923948764801025,34.66936111450195,5.85240732001274,0.2733610507180423
MOT17,MOT17-04-FRCNN,481,36,6.0225911140441895,36.282169342041016,6.0243454445104145,0.27382892861955677
MOT17,MOT17-04-FRCNN,491,37,5.874995231628418,38.43680953979492,6.542440976439924,0.2781976359638382
MOT17,MOT17-04-FRCNN,501,36,5.8665771484375,31.99634552001953,5.454005753344847,0.20662780461096308
MOT17,MOT17-04-FRCNN,511,35,5.62069034576416,31.94902229309082,5.6841811819731545,0.24360712582244215
MOT17,MOT17-04-FRCNN,521,36,5.657197952270508,31.04120445251465,5.487028156767311,0.23957329102614397
MOT17,MOT17-04-FRCNN,531,36,5.682995319366455,31.298206329345703,5.507343323456204,0.23579124210339458
MOT17,MOT17-04-FRCNN,541,34,5.453773021697998,30.840085983276367,5.6548165573774645,0.23050153069210688
MOT17,MOT17-04-FRCNN,551,35,5.4386115074157715,35.971492767333984,6.614094924464704,0.2906465632989551
MOT17,MOT17-04-FRCNN,561,34,5.473698139190674,32.263694763183594,5.894313851942521,0.2519398113082839
MOT17,MOT17-04-FRCNN,571,34,5.770857334136963,32.94923400878906,5.709590811382734,0.2615010607055331
MOT17,MOT17-04-FRCNN,581,35,6.055649757385254,33.420509338378906,5.5188973400617245,0.2536164684473361
MOT17,MOT17-04-FRCNN,591,37,5.878416061401367,33.537418365478516,5.705179425064967,0.2005938667965145
MOT17,MOT17-04-FRCNN,601,34,5.470114231109619,34.102176666259766,6.234271392782614,0.2029807815029443
MOT17,MOT17-04-FRCNN,611,35,5.655821800231934,34.51207733154297,6.10204468077967,0.24222603833519024
MOT17,MOT17-04-FRCNN,621,34,5.44528341293335,35.78421401977539,6.571598079685368,0.17235847965252793
MOT17,MOT17-04-FRCNN,631,35,5.431123733520508,34.56590270996094,6.3644108302343865,0.17107471680739417
MOT17,MOT17-04-FRCNN,641,32,4.70428466796875,30.660484313964844,6.5175656827765165,0.14248102455625966
MOT17,MOT17-04-FRCNN,651,31,5.699483394622803,39.35621643066406,6.905225211778811,0.14044901968076454
MOT17,MOT17-04-FRCNN,661,32,5.57512903213501,37.20930862426758,6.674160976327785,0.13655246619427525
MOT17,MOT17-04-FRCNN,671,29,5.140026092529297,37.134002685546875,7.224477467053874,0.15745383551814174
MOT17,MOT17-04-FRCNN,681,28,5.690864086151123,38.286964416503906,6.7277945557821885,0.17590415505089257
MOT17,MOT17-04-FRCNN,691,29,5.4947190284729,37.570831298828125,6.837625564499493,0.15270474261084682
MOT17,MOT17-04-FRCNN,701,30,5.505146026611328,38.090919494628906,6.919147886450458,0.12246333125308655
MOT17,MOT17-04-FRCNN,711,30,5.810967445373535,35.91191864013672,6.180024062727865,0.15069517860529374
MOT17,MOT17-04-FRCNN,721,30,5.746673107147217,36.21827697753906,6.3024773294471705,0.14239922546520423
MOT17,MOT17-04-FRCNN,731,29,5.7095465660095215,35.84749984741211,6.278519569456179,0.132275421049749
MOT17,MOT17-04-FRCNN,741,28,5.6682000160217285,36.66640853881836,6.46879228594212,0.11926157041044139
MOT17,MOT17-04-FRCNN,751,27,5.681042194366455,33.07874298095703,5.82265398658,0.20501704136932836
MOT17,MOT17-04-FRCNN,761,27,5.627795696258545,33.66734313964844,5.982332152183681,0.17633290632779697
MOT17,MOT17-04-FRCNN,771,27,5.686837673187256,33.05451965332031,5.8124605541614685,0.16294599236072416
MOT17,MOT17-04-FRCNN,781,29,5.747940540313721,39.151039123535156,6.81131595724515,0.20924527722802722
MOT17,MOT17-04-FRCNN,791,31,5.820214748382568,36.784156799316406,6.320068655463046,0.13730766294412292
MOT17,MOT17-04-FRCNN,801,33,5.43303108215332,35.56236267089844,6.545584248121713,0.2523073400872496
MOT17,MOT17-04-FRCNN,811,31,5.48882532119751,34.558448791503906,6.296146583138888,0.21676297805073527
MOT17,MOT17-04-FRCNN,821,31,5.4318718910217285,35.429927825927734,6.522600042259724,0.2082039565938908
MOT17,MOT17-04-FRCNN,831,31,5.353135585784912,37.218170166015625,6.952592470261231,0.21938817478833694
MOT17,MOT17-04-FRCNN,841,34,5.363697528839111,38.71049118041992,7.217127918247509,0.25025725275151833
MOT17,MOT17-04-FRCNN,851,34,5.414256572723389,37.85873794555664,6.99241667568657,0.19725164326095007
MOT17,MOT17-04-FRCNN,861,35,4.848364353179932,37.77448272705078,7.791180690097137,0.2627989519911522
MOT17,MOT17-04-FRCNN,871,37,5.301056385040283,37.62044906616211,7.096783420815515,0.2346383151405823
MOT17,MOT17-04-FRCNN,881,37,5.343364238739014,37.663856506347656,7.048715906972494,0.20697458125215926
MOT17,MOT17-04-FRCNN,891,36,5.389749526977539,34.9940185546875,6.4926984787568465,0.14530155041568274
MOT17,MOT17-04-FRCNN,901,35,5.502414226531982,36.499114990234375,6.633291040547259,0.10310123288792741
MOT17,MOT17-04-FRCNN,911,34,5.525576114654541,35.21969985961914,6.373941672111249,0.14714089464936608
MOT17,MOT17-04-FRCNN,921,34,5.50426721572876,35.30303955078125,6.413758301904527,0.22174435949778054
MOT17,MOT17-04-FRCNN,931,37,5.539039134979248,36.54506301879883,6.597726090797108,0.17273000315959186
MOT17,MOT17-04-FRCNN,941,37,5.551801681518555,35.556671142578125,6.404528328334037,0.2177567066379065
MOT17,MOT17-04-FRCNN,951,39,5.714616298675537,37.38694763183594,6.542337346516339,0.21301549807979267
MOT17,MOT17-04-FRCNN,961,38,5.46637487411499,38.5096435546875,7.044823021019435,0.27640633913390045
MOT17,MOT17-04-FRCNN,971,38,5.529717445373535,37.22780227661133,6.732315465369419,0.2104614299448641
MOT17,MOT17-04-FRCNN,981,37,5.463135719299316,32.491943359375,5.9474896888599185,0.1955737901544277
MOT17,MOT17-04-FRCNN,991,38,5.762194633483887,34.72361373901367,6.026109138562608,0.17824017250968544
MOT17,MOT17-04-FRCNN,1001,41,5.648566722869873,34.71590042114258,6.145966246726822,0.191152119779648
MOT17,MOT17-04-FRCNN,1011,41,5.729211807250977,35.63311767578125,6.219549717237446,0.21243371871336245
MOT17,MOT17-04-FRCNN,1021,40,5.710163593292236,34.26280975341797,6.000320164848989,0.20998527823050606
MOT17,MOT17-04-FRCNN,1031,42,5.4638285636901855,36.77729034423828,6.731047637299855,0.21225611105405398
MOT17,MOT17-04-FRCNN,1041,41,5.723912239074707,36.521568298339844,6.380525551915817,0.2988560301989295
MOT17,MOT17-05-FRCNN,1,3,13.734650611877441,48.1466064453125,3.5054846174009198,0.08319042044742139
MOT17,MOT17-05-FRCNN,11,8,11.362685203552246,51.134361267089844,4.5002004676767795,0.19989249292065453
MOT17,MOT17-05-FRCNN,21,4,9.795645713806152,30.543075561523438,3.1180257487748357,0.5214892203336758
MOT17,MOT17-05-FRCNN,31,3,7.568583011627197,30.05161476135254,3.9705734501670786,0.03839669548114961
MOT17,MOT17-05-FRCNN,41,3,6.267940521240234,29.147977828979492,4.650327763992884,0.04540144244984715
MOT17,MOT17-05-FRCNN,71,3,5.728647708892822,34.10546112060547,5.953492491371414,0.032554542376052896
MOT17,MOT17-05-FRCNN,101,5,5.7175612449646,33.244205474853516,5.814403038381331,0.29199775060385735
MOT17,MOT17-05-FRCNN,111,5,5.716192722320557,33.48724365234375,5.858312565561856,0.40028277672574253
MOT17,MOT17-05-FRCNN,121,3,5.744146347045898,8.410758018493652,1.4642311512169497,0.09641222261995501
MOT17,MOT17-05-FRCNN,131,3,5.749778747558594,40.301204681396484,7.009174865817007,0.03721835674250699
MOT17,MOT17-05-FRCNN,141,4,5.72100830078125,52.5946044921875,9.19324037425453,0.20789725073299603
MOT17,MOT17-05-FRCNN,151,3,5.660121440887451,8.379532814025879,1.480451064794124,0.12368230770571986
MOT17,MOT17-05-FRCNN,161,6,5.722774982452393,52.17121505737305,9.116419082935183,0.9112489571130187
MOT17,MOT17-05-FRCNN,171,3,5.547590732574463,7.853446006774902,1.415649853306746,0.02792164879076798
MOT17,MOT17-05-FRCNN,181,7,5.514079570770264,48.074615478515625,8.718520445978996,0.5469906846641635
MOT17,MOT17-05-FRCNN,191,9,5.572615146636963,45.64567947387695,8.191069771151131,0.35772919248740126
MOT17,MOT17-05-FRCNN,201,6,5.531325817108154,45.83980178833008,8.287308197710852,0.402457960399783
MOT17,MOT17-05-FRCNN,211,5,5.507169246673584,41.178592681884766,7.477270234024,0.46563392345729576
MOT17,MOT17-05-FRCNN,221,6,5.643967628479004,42.08842086791992,7.457239948639173,0.6977872628978166
MOT17,MOT17-05-FRCNN,231,7,5.983861923217773,40.593048095703125,6.783754140148097,0.5441012555191497
MOT17,MOT17-05-FRCNN,241,4,6.009042263031006,30.712961196899414,5.11112417794971,0.5544056447741974
MOT17,MOT17-05-FRCNN,251,8,6.23214054107666,34.881813049316406,5.5970838300912655,0.33474702032653986
MOT17,MOT17-05-FRCNN,261,5,6.389309883117676,18.93221092224121,2.963107325920339,0.39339174216191763
MOT17,MOT17-05-FRCNN,271,5,5.15740966796875,29.187726974487305,5.659377255943857,0.30670553951673385
MOT17,MOT17-05-FRCNN,281,6,5.40859317779541,25.67241668701172,4.746597838493007,0.5096585026028605
MOT17,MOT17-05-FRCNN,291,5,6.5144548416137695,15.87259578704834,2.436519428403369,0.22855012690263954
MOT17,MOT17-05-FRCNN,301,6,6.41154670715332,22.35147476196289,3.486128352933232,0.5644057644087883
MOT17,MOT17-05-FRCNN,311,8,6.787578582763672,24.83127212524414,3.6583402788588693,0.4031326283525847
MOT17,MOT17-05-FRCNN,321,6,6.275660991668701,21.552776336669922,3.434343627752115,0.07456281996457949
MOT17,MOT17-05-FRCNN,331,6,6.445615291595459,20.238265991210938,3.139850126891677,0.16102927739341302
MOT17,MOT17-05-FRCNN,341,8,6.05255126953125,41.396541595458984,6.839519361669944,0.25359904074392176
MOT17,MOT17-05-FRCNN,351,5,6.136523246765137,26.32463264465332,4.289828553738524,0.3098375866779994
MOT17,MOT17-05-FRCNN,361,5,6.529335975646973,19.415315628051758,2.9735513229012467,0.5249662765248434
MOT17,MOT17-05-FRCNN,371,5,6.7792792320251465,35.16093444824219,5.186529901607063,0.5726662281621796
MOT17,MOT17-05-FRCNN,381,10,9.50259017944336,54.370025634765625,5.721600596054591,0.3702133323419736
MOT17,MOT17-05-FRCNN,391,9,7.443164825439453,50.2275505065918,6.748144328998694,0.3363702831908023
MOT17,MOT17-05-FRCNN,401,7,6.263166427612305,48.98951721191406,7.82184503287904,0.3881244618331122
MOT17,MOT17-05-FRCNN,411,4,18.605091094970703,32.22816848754883,1.7322230954440578,0.23353454282448738
MOT17,MOT17-05-FRCNN,421,4,6.7549614906311035,29.62848663330078,4.386181427443289,0.20585051389788095
MOT17,MOT17-05-FRCNN,431,5,6.059329509735107,31.677370071411133,5.2278672121259095,0.3866130555457308
MOT17,MOT17-05-FRCNN,441,5,5.098604679107666,15.977901458740234,3.133779232622642,0.20389470691758088
MOT17,MOT17-05-FRCNN,451,9,6.131773471832275,41.0493278503418,6.694527780406665,0.5267807508804804
MOT17,MOT17-05-FRCNN,461,6,5.92794132232666,27.173124313354492,4.583905750047016,0.2384563027217819
MOT17,MOT17-05-FRCNN,471,5,6.178659915924072,16.154653549194336,2.6145885627333914,0.039750254034706015
MOT17,MOT17-05-FRCNN,481,4,5.492739677429199,9.340128898620605,1.7004499479560486,0.049392840329869035
MOT17,MOT17-05-FRCNN,491,4,5.714966297149658,9.543288230895996,1.669876554767386,0.19231400205363391
MOT17,MOT17-05-FRCNN,501,4,5.614265441894531,14.716228485107422,2.6212206454102813,0.23849545966939348
MOT17,MOT17-05-FRCNN,511,4,5.60534143447876,9.559785842895508,1.7054778829515622,0.23341073914677674
MOT17,MOT17-05-FRCNN,521,3,5.602992534637451,10.095884323120117,1.8018735989219705,0.2664105468505776
MOT17,MOT17-05-FRCNN,531,5,6.077761173248291,17.722047805786133,2.915884204827103,0.26236945954241886
MOT17,MOT17-05-FRCNN,541,6,6.266571998596191,23.48117446899414,3.7470525311532823,0.26811489783073955
MOT17,MOT17-05-FRCNN,551,5,5.729398727416992,17.820175170898438,3.1103045919327,0.44395542445235164
MOT17,MOT17-05-FRCNN,561,5,5.792999267578125,12.167215347290039,2.1003308968787042,0.20849414443350106
MOT17,MOT17-05-FRCNN,571,4,5.928984642028809,8.746200561523438,1.4751599286535881,0.18286861524046422
MOT17,MOT17-05-FRCNN,581,3,5.980434894561768,9.660609245300293,1.6153690184111937,0.0464968266169831
MOT17,MOT17-05-FRCNN,591,3,5.597464561462402,15.639365196228027,2.7940087917487526,0.23119258129121825
MOT17,MOT17-05-FRCNN,601,3,5.811685085296631,17.516386032104492,3.0139943536204954,0.025495026223764396
MOT17,MOT17-05-FRCNN,621,5,5.826046466827393,12.024845123291016,2.063980298090416,0.2922773953776482
MOT17,MOT17-05-FRCNN,631,5,5.650121212005615,16.65291976928711,2.9473561972267577,0.42923777696737664
MOT17,MOT17-05-FRCNN,641,4,5.485635757446289,12.745078086853027,2.323354785186504,0.3728256322487995
MOT17,MOT17-05-FRCNN,651,4,5.27997350692749,13.527389526367188,2.56201844736888,0.37026385702746517
MOT17,MOT17-05-FRCNN,661,5,5.51416540145874,15.345503807067871,2.7829241036201613,0.31492127531736114
MOT17,MOT17-05-FRCNN,671,6,5.553583145141602,15.276366233825684,2.7507225217632314,0.33554901587011554
MOT17,MOT17-05-FRCNN,681,7,5.419218063354492,21.95341682434082,4.051030345649473,0.328507415447697
MOT17,MOT17-05-FRCNN,691,8,6.351512908935547,23.850818634033203,3.755139755833445,0.4141040397447552
MOT17,MOT17-05-FRCNN,701,5,6.5012712478637695,20.101638793945312,3.0919551004044696,0.48724860973653766
MOT17,MOT17-05-FRCNN,711,4,5.360647678375244,10.715559005737305,1.9989299145630621,0.2462028458448957
MOT17,MOT17-05-FRCNN,721,6,5.733921051025391,12.29612922668457,2.144453876721178,0.18531479192468517
MOT17,MOT17-05-FRCNN,731,7,5.885187149047852,42.557579040527344,7.231304283571104,0.7490912455483877
MOT17,MOT17-05-FRCNN,741,7,5.5334882736206055,30.41663360595703,5.496828058886476,0.5459251160773617
MOT17,MOT17-05-FRCNN,751,7,5.355845928192139,14.067174911499023,2.6265085105327866,0.288954187619149
MOT17,MOT17-05-FRCNN,761,6,6.256174087524414,35.39087677001953,5.656952040480031,0.2520589618227786
MOT17,MOT17-05-FRCNN,771,7,5.484678268432617,29.868576049804688,5.445820992220273,0.43014094613115034
MOT17,MOT17-05-FRCNN,781,8,6.2615180015563965,34.45528793334961,5.502705242528284,0.43088564618881053
MOT17,MOT17-05-FRCNN,791,7,5.8733673095703125,35.65821838378906,6.07117118755472,0.29901527856935406
MOT17,MOT17-05-FRCNN,801,10,5.73870849609375,33.86355209350586,5.900901242249237,0.38878835792405725
MOT17,MOT17-05-FRCNN,811,8,7.202999114990234,27.322711944580078,3.793241052566355,0.34883000985287127
MOT17,MOT17-05-FRCNN,821,10,6.717437744140625,30.199819564819336,4.495734938691696,0.21830008682240776
MOT17,MOT17-05-FRCNN,831,9,6.004997730255127,29.419279098510742,4.899132426026886,0.34760281440016205
MOT17,MOT17-09-FRCNN,1,4,16.223068237304688,28.134597778320312,1.7342340774740288,0.08900193165261491
MOT17,MOT17-09-FRCNN,11,6,10.472039222717285,27.34218406677246,2.6109703645359064,0.26493619764929466
MOT17,MOT17-09-FRCNN,21,6,10.4752836227417,26.931827545166016,2.5709879097399693,0.2798093103969018
MOT17,MOT17-09-FRCNN,31,5,10.461536407470703,26.504167556762695,2.5334871021273475,0.3117155673843822
MOT17,MOT17-09-FRCNN,41,5,11.545825004577637,25.606290817260742,2.2177965461202187,0.13940100912685596
MOT17,MOT17-09-FRCNN,51,6,12.443218231201172,25.90606689453125,2.081942662515731,0.31144695496127983
MOT17,MOT17-09-FRCNN,61,6,11.874407768249512,26.350582122802734,2.219107060923111,0.36886482172912144
MOT17,MOT17-09-FRCNN,71,7,11.26533317565918,26.395767211914062,2.3430968973866624,0.12507398335055198
MOT17,MOT17-09-FRCNN,81,7,11.26596450805664,26.572940826416016,2.358692041627939,0.10993039849389653
MOT17,MOT17-09-FRCNN,91,7,10.410171508789062,26.7097225189209,2.565733186659846,0.15897745724062123
MOT17,MOT17-09-FRCNN,101,6,9.591641426086426,26.108320236206055,2.721986683655537,0.25236199679187504
MOT17,MOT17-09-FRCNN,111,5,8.658772468566895,24.04237937927246,2.7766498619234063,0.22339812291793393
MOT17,MOT17-09-FRCNN,121,4,8.286490440368652,21.566242218017578,2.6025785431375135,0.4431042901229192
MOT17,MOT17-09-FRCNN,131,4,7.915823459625244,21.926918029785156,2.7700109965341793,0.4757484306031703
MOT17,MOT17-09-FRCNN,141,5,7.629718780517578,21.834688186645508,2.8617946237284917,0.3067973236449264
MOT17,MOT17-09-FRCNN,151,5,6.4507060050964355,20.030702590942383,3.1051953964600085,0.38893393155466427
MOT17,MOT17-09-FRCNN,161,6,6.481271266937256,25.0677547454834,3.867721888661087,0.5103335582477714
MOT17,MOT17-09-FRCNN,171,6,6.512592315673828,25.88502311706543,3.974611316413597,0.6422078974989414
MOT17,MOT17-09-FRCNN,181,5,6.1131157875061035,26.709951400756836,4.369286028467879,0.1529164711597408
MOT17,MOT17-09-FRCNN,191,8,5.998036861419678,29.426136016845703,4.905961183086297,0.260824903460066
MOT17,MOT17-09-FRCNN,201,8,6.533969879150391,28.19198226928711,4.314678945681473,0.41750318060965685
MOT17,MOT17-09-FRCNN,211,8,5.376423358917236,30.717758178710938,5.713418778259534,0.3224387343317159
MOT17,MOT17-09-FRCNN,221,9,8.745951652526855,29.438764572143555,3.3659875725059822,0.3366020216820658
MOT17,MOT17-09-FRCNN,231,10,9.114033699035645,32.43584442138672,3.558890113037299,0.3616556227315043
MOT17,MOT17-09-FRCNN,241,10,10.040924072265625,30.15781593322754,3.003490088778528,0.3087238476568078
MOT17,MOT17-09-FRCNN,251,9,11.255453109741211,30.911046981811523,2.7463174232460767,0.16201663785003978
MOT17,MOT17-09-FRCNN,261,8,11.850318908691406,28.033714294433594,2.3656506217628257,0.2077854182646917
MOT17,MOT17-09-FRCNN,271,8,12.98381519317627,30.085691452026367,2.3171687985699383,0.18094823247079483
MOT17,MOT17-09-FRCNN,281,7,13.478314399719238,30.25258445739746,2.244537674386616,0.20771714050706125
MOT17,MOT17-09-FRCNN,291,6,14.563030242919922,32.829193115234375,2.2542831105631245,0.17449510301266175
MOT17,MOT17-09-FRCNN,301,8,13.865406036376953,33.05601501464844,2.3840639738874905,0.1411586234224808
MOT17,MOT17-09-FRCNN,311,7,14.957165718078613,33.526885986328125,2.2415266781329053,0.14344154004997722
MOT17,MOT17-09-FRCNN,321,8,16.10909652709961,33.03997039794922,2.051013248469122,0.06377706421818063
MOT17,MOT17-09-FRCNN,331,8,17.16322135925293,35.927452087402344,2.0932814030294704,0.10359244251167107
MOT17,MOT17-09-FRCNN,341,6,16.610652923583984,25.884624481201172,1.5583146911973522,0.1052651373495591
MOT17,MOT17-09-FRCNN,351,7,16.580657958984375,26.515169143676758,1.5991626634641045,0.06743950417286669
MOT17,MOT17-09-FRCNN,361,8,8.022588729858398,27.923213958740234,3.480574026537827,0.1733267179177709
MOT17,MOT17-09-FRCNN,371,8,9.11727523803711,25.220117568969727,2.766190216979723,0.15261598517525343
MOT17,MOT17-09-FRCNN,381,8,10.0801362991333,28.04840660095215,2.782542395122552,0.2244569980799818
MOT17,MOT17-09-FRCNN,391,8,11.535929679870605,31.10539436340332,2.696392508154767,0.2766407815314298
MOT17,MOT17-09-FRCNN,401,6,12.560795783996582,32.74094772338867,2.6065982033640855,0.3062526311531433
MOT17,MOT17-09-FRCNN,411,6,10.635637283325195,31.576801300048828,2.9689618458083076,0.15325730526300002
MOT17,MOT17-09-FRCNN,421,6,10.559758186340332,29.858739852905273,2.8275969322412426,0.12188220030391944
MOT17,MOT17-09-FRCNN,431,7,9.457286834716797,33.83584976196289,3.5777544187149655,0.221817436194632
MOT17,MOT17-09-FRCNN,441,9,8.095940589904785,33.525203704833984,4.140989343058935,0.19847703935650876
MOT17,MOT17-09-FRCNN,451,6,7.94366455078125,32.84974670410156,4.135339111326249,0.3964705944049058
MOT17,MOT17-09-FRCNN,461,6,6.710114479064941,31.012615203857422,4.621771402054984,0.17311181072772697
MOT17,MOT17-09-FRCNN,471,7,10.925424575805664,31.861238479614258,2.916247168111976,0.1854416755881207
MOT17,MOT17-09-FRCNN,481,7,12.10020637512207,31.444425582885742,2.59866853573136,0.16886281733869382
MOT17,MOT17-09-FRCNN,491,7,8.782630920410156,31.372678756713867,3.5721276507027278,0.22717289819567552
MOT17,MOT17-09-FRCNN,501,8,9.66576099395752,33.15517807006836,3.4301673805916657,0.1110241353290328
MOT17,MOT17-09-FRCNN,511,7,10.256321907043457,32.56964111328125,3.175567363083083,0.1664398568439985
MOT17,MOT17-09-FRCNN,521,7,11.469012260437012,30.423616409301758,2.6526797354860014,0.07198279227214967
MOT17,MOT17-10-FRCNN,1,19,21.349611282348633,69.28968048095703,3.2454773796394196,0.28236949496725344
MOT17,MOT17-10-FRCNN,11,17,18.903146743774414,68.30180358886719,3.613250455846024,0.3540466801989029
MOT17,MOT17-10-FRCNN,21,16,17.44228172302246,70.78951263427734,4.058500702969421,0.4248317455636608
MOT17,MOT17-10-FRCNN,31,17,15.431257247924805,66.42113494873047,4.304324260919361,0.46684631427657497
MOT17,MOT17-10-FRCNN,41,16,11.81863784790039,55.663414001464844,4.709799447095638,0.4239267277822749
MOT17,MOT17-10-FRCNN,51,17,12.040901184082031,56.361228942871094,4.680814839455718,0.32244296628069086
MOT17,MOT17-10-FRCNN,61,14,10.64373779296875,57.78628158569336,5.429134267462597,0.4112548123192795
MOT17,MOT17-10-FRCNN,71,11,8.736551284790039,52.945831298828125,6.060266754343278,0.22208577730082937
MOT17,MOT17-10-FRCNN,81,12,7.068230152130127,54.29365158081055,7.681364416868665,0.2759360001049219
MOT17,MOT17-10-FRCNN,91,10,5.75443172454834,49.91693115234375,8.674519664452477,0.25690796009142847
MOT17,MOT17-10-FRCNN,101,12,7.7320876121521,56.064453125,7.25088177181109,0.25106265782272974
MOT17,MOT17-10-FRCNN,111,12,6.725174427032471,54.003543853759766,8.03005846758226,0.31385409914747786
MOT17,MOT17-10-FRCNN,121,13,7.228020191192627,60.10507583618164,8.315565569313147,0.1844515921998515
MOT17,MOT17-10-FRCNN,131,13,7.29692268371582,54.39021682739258,7.453856808538279,0.22779373446649598
MOT17,MOT17-10-FRCNN,141,13,7.206984519958496,56.58314514160156,7.85115397222019,0.194093048504826
MOT17,MOT17-10-FRCNN,151,15,7.226920127868652,56.18682861328125,7.774657477756261,0.3136674827757842
MOT17,MOT17-10-FRCNN,161,16,7.07211971282959,59.28216552734375,8.382517255724546,0.2052700484222274
MOT17,MOT17-10-FRCNN,171,17,7.280674934387207,63.65549087524414,8.743075531994183,0.21650474461928068
MOT17,MOT17-10-FRCNN,181,18,7.226561069488525,61.38376235961914,8.494187175527973,0.23981843035541545
MOT17,MOT17-10-FRCNN,191,17,7.093923568725586,61.954833984375,8.733507400264408,0.20070921423855453
MOT17,MOT17-10-FRCNN,201,15,6.840524196624756,43.17781448364258,6.312062240046944,0.1594412123432342
MOT17,MOT17-10-FRCNN,211,16,6.2871222496032715,51.30669021606445,8.160600061387703,0.17644991920658998
MOT17,MOT17-10-FRCNN,221,19,6.181746006011963,51.06169509887695,8.260076530031755,0.08340636407284778
MOT17,MOT17-10-FRCNN,231,18,5.901483058929443,59.31809997558594,10.051388673535651,0.11704361420011684
MOT17,MOT17-10-FRCNN,241,18,6.0021748542785645,44.059364318847656,7.340566609358367,0.15494429658482203
MOT17,MOT17-10-FRCNN,251,18,6.126416206359863,46.515403747558594,7.592596092193462,0.13547443673302267
MOT17,MOT17-10-FRCNN,261,18,5.589461326599121,68.10861206054688,12.18518352321926,0.20182789605631682
MOT17,MOT17-10-FRCNN,271,19,6.12056303024292,74.9907455444336,12.252262606216028,0.16413110580637685
MOT17,MOT17-10-FRCNN,281,20,6.399562358856201,75.53141784667969,11.802591116586834,0.12583464619848772
MOT17,MOT17-10-FRCNN,291,23,6.0868682861328125,72.70539093017578,11.94463022894946,0.16378537951443564
MOT17,MOT17-10-FRCNN,301,21,6.399383544921875,72.90753936767578,11.392900402966212,0.13236606566543238
MOT17,MOT17-10-FRCNN,311,21,6.1757493019104,75.7060775756836,12.258606020853978,0.2074196446727457
MOT17,MOT17-10-FRCNN,321,18,6.275455951690674,75.74005889892578,12.069251936749012,0.3261604704389942
MOT17,MOT17-10-FRCNN,331,17,5.901748180389404,76.80805969238281,13.0144589949812,0.28684338357999356
MOT17,MOT17-10-FRCNN,341,17,5.924612522125244,74.3128662109375,12.543076181508727,0.24215595580904342
MOT17,MOT17-10-FRCNN,351,13,5.542479038238525,70.42816162109375,12.706978436038753,0.3073300184742585
MOT17,MOT17-10-FRCNN,361,14,5.7766923904418945,73.45990753173828,12.716603649050954,0.3181949803570325
MOT17,MOT17-10-FRCNN,371,14,5.510930061340332,68.7901382446289,12.482491608303631,0.36841135748013054
MOT17,MOT17-10-FRCNN,381,14,13.482535362243652,74.10533142089844,5.496394367221332,0.2959268344750442
MOT17,MOT17-10-FRCNN,391,14,10.749621391296387,72.39990997314453,6.735112553058319,0.41188637355998997
MOT17,MOT17-10-FRCNN,401,14,9.256253242492676,69.12887573242188,7.468343175300346,0.47340250244206944
MOT17,MOT17-10-FRCNN,411,14,15.284758567810059,69.168212890625,4.525306211659394,0.4207092419690183
MOT17,MOT17-10-FRCNN,421,14,15.39008617401123,73.68488311767578,4.787814849412942,0.3953474083433085
MOT17,MOT17-10-FRCNN,431,15,14.226652145385742,73.77409362792969,5.185625744835372,0.3581137065047937
MOT17,MOT17-10-FRCNN,441,15,13.182975769042969,69.60276794433594,5.279746330701844,0.4657857088921228
MOT17,MOT17-10-FRCNN,451,12,13.020946502685547,73.33739471435547,5.632262961776992,0.45291770794735264
MOT17,MOT17-10-FRCNN,461,15,12.432502746582031,76.10884857177734,6.121764066587586,0.2882019017029405
MOT17,MOT17-10-FRCNN,471,16,11.284042358398438,74.19986724853516,6.57564593359666,0.3723256141045276
MOT17,MOT17-10-FRCNN,481,11,10.712980270385742,74.29168701171875,6.934735725882535,0.46689001807920144
MOT17,MOT17-10-FRCNN,491,13,9.4141845703125,73.21907806396484,7.77752735960374,0.2953399019150076
MOT17,MOT17-10-FRCNN,501,13,8.706815719604492,74.26919555664062,8.530006600394008,0.41402253092210267
MOT17,MOT17-10-FRCNN,511,12,7.6995134353637695,77.04595947265625,10.006601081931375,0.357029339594266
MOT17,MOT17-10-FRCNN,521,14,6.714949607849121,76.59712982177734,11.406955270705646,0.514052954985206
MOT17,MOT17-10-FRCNN,531,11,13.685677528381348,75.79457092285156,5.538240307479761,0.6312200974275347
MOT17,MOT17-10-FRCNN,541,15,13.005078315734863,75.9177474975586,5.837546353389168,0.38763114934386483
MOT17,MOT17-10-FRCNN,551,18,12.295568466186523,73.36177825927734,5.9665218782707115,0.30665409761005435
MOT17,MOT17-10-FRCNN,561,20,10.9291410446167,74.01301574707031,6.772079840942894,0.36803714386194897
MOT17,MOT17-10-FRCNN,571,20,9.830270767211914,77.59146118164062,7.893115359593224,0.4337393008626653
MOT17,MOT17-10-FRCNN,581,19,9.501945495605469,77.15711975097656,8.120139163780804,0.3601043304194275
MOT17,MOT17-10-FRCNN,591,18,8.208014488220215,75.0284194946289,9.14087317978135,0.13581762932626462
MOT17,MOT17-10-FRCNN,601,18,6.852572917938232,75.17037963867188,10.969657753206187,0.16609524152389588
MOT17,MOT17-10-FRCNN,611,17,7.152647018432617,75.39021301269531,10.540183629698507,0.17362018457681144
MOT17,MOT17-10-FRCNN,621,15,27.538314819335938,74.1562728881836,2.692839898689625,0.15613222753409534
MOT17,MOT17-10-FRCNN,631,15,26.969036102294922,74.59101104736328,2.7658018908957587,0.11158985860499498
MOT17,MOT17-10-FRCNN,641,13,24.94560432434082,73.9525146484375,2.9645509359850584,0.17861267589350943
MOT17,MOT17-10-FRCNN,651,13,22.168502807617188,75.05807495117188,3.3857981119672917,0.20463089274150353
MOT17,MOT17-11-FRCNN,1,15,5.675586223602295,52.641178131103516,9.275020422065257,0.4146885042667943
MOT17,MOT17-11-FRCNN,11,14,6.333945274353027,53.41271209716797,8.432771327128926,0.29824271168736555
MOT17,MOT17-11-FRCNN,21,12,9.547157287597656,51.68474197387695,5.413626320058496,0.32830445382692974
MOT17,MOT17-11-FRCNN,31,11,8.174630165100098,41.99829864501953,5.137638987549875,0.24631269332783087
MOT17,MOT17-11-FRCNN,41,12,6.795090675354004,43.29277801513672,6.371184739618106,0.27935888263672143
MOT17,MOT17-11-FRCNN,51,11,6.177221775054932,35.402137756347656,5.731077666550646,0.24281273499482003
MOT17,MOT17-11-FRCNN,61,10,6.1538567543029785,31.58433723449707,5.132445959586606,0.1676249068417082
MOT17,MOT17-11-FRCNN,71,10,6.365541934967041,29.8396053314209,4.687677127301087,0.18862773459110765
MOT17,MOT17-11-FRCNN,81,10,5.545864582061768,32.37720489501953,5.838080684433655,0.4436213341418866
MOT17,MOT17-11-FRCNN,91,12,5.847748279571533,32.97275924682617,5.638539429272783,0.3838640723863203
MOT17,MOT17-11-FRCNN,101,11,5.0763373374938965,33.887428283691406,6.675566659724995,0.39469826172168015
MOT17,MOT17-11-FRCNN,111,11,7.023698329925537,32.68743896484375,4.653878545092681,0.35727188379838437
MOT17,MOT17-11-FRCNN,121,10,7.369492530822754,32.92864227294922,4.468237417329054,0.401553124757329
MOT17,MOT17-11-FRCNN,131,8,7.289357662200928,30.6612491607666,4.2063032960724325,0.4164355742365631
MOT17,MOT17-11-FRCNN,141,8,7.233649730682373,29.40732765197754,4.065351343629885,0.3697438914195196
MOT17,MOT17-11-FRCNN,151,9,6.878198146820068,29.150760650634766,4.238139121379014,0.26837257018659716
MOT17,MOT17-11-FRCNN,161,8,7.026115894317627,28.644638061523438,4.076880952773608,0.338745823169587
MOT17,MOT17-11-FRCNN,171,9,6.5248541831970215,29.919021606445312,4.585393139281729,0.5367491860233422
MOT17,MOT17-11-FRCNN,181,9,6.416718482971191,28.007061004638672,4.364701533808026,0.4930634445474562
MOT17,MOT17-11-FRCNN,191,6,6.681365489959717,28.874631881713867,4.32166627092989,0.3212509570472487
MOT17,MOT17-11-FRCNN,201,6,6.177948474884033,26.549665451049805,4.297488973724108,0.24955443845281366
MOT17,MOT17-11-FRCNN,211,8,6.300410747528076,43.60539245605469,6.921039627958061,0.4713526217590142
MOT17,MOT17-11-FRCNN,221,8,5.616543292999268,27.222963333129883,4.8469248633873985,0.21154290257187164
MOT17,MOT17-11-FRCNN,231,9,5.658719539642334,26.952686309814453,4.763036252458985,0.14120533197215066
MOT17,MOT17-11-FRCNN,241,9,5.72279691696167,24.59039878845215,4.296919695956572,0.32891444458073266
MOT17,MOT17-11-FRCNN,251,9,5.26174783706665,15.906482696533203,3.0230416183153395,0.4438965020250502
MOT17,MOT17-11-FRCNN,261,12,5.516445636749268,34.839683532714844,6.315603529312614,0.4490950230349584
MOT17,MOT17-11-FRCNN,271,9,6.151488780975342,32.93701171875,5.354315498487784,0.22886227295206174
MOT17,MOT17-11-FRCNN,281,8,6.206007957458496,37.69981384277344,6.074728569670153,0.17875591705833344
MOT17,MOT17-11-FRCNN,291,9,6.342404842376709,43.128353118896484,6.800000030072956,0.29158985503152113
MOT17,MOT17-11-FRCNN,301,9,5.8492112159729,41.93598937988281,7.169511893392551,0.4926277596735327
MOT17,MOT17-11-FRCNN,311,8,5.661520481109619,42.91627502441406,7.580344391159523,0.5596285585240361
MOT17,MOT17-11-FRCNN,321,6,5.6896162033081055,42.03846740722656,7.388629725636712,0.6873665283215502
MOT17,MOT17-11-FRCNN,331,6,5.649646759033203,41.169761657714844,7.287139075002988,0.4033289147164454
MOT17,MOT17-11-FRCNN,341,6,4.533585071563721,29.185447692871094,6.437608919248641,0.3361611703630357
MOT17,MOT17-11-FRCNN,351,6,10.286952018737793,43.61845397949219,4.240172783934513,0.15079768269729532
MOT17,MOT17-11-FRCNN,361,6,8.915771484375,42.7646598815918,4.796518165201676,0.16257302966916726
MOT17,MOT17-11-FRCNN,371,6,9.002920150756836,42.42491149902344,4.712350080707642,0.18034991745103207
MOT17,MOT17-11-FRCNN,381,7,8.700227737426758,39.0098762512207,4.483776451437873,0.27999614517716664
MOT17,MOT17-11-FRCNN,391,7,9.076153755187988,39.23835372924805,4.323235897895532,0.3047697898036885
MOT17,MOT17-11-FRCNN,401,7,7.797393798828125,37.85228729248047,4.854479364396,0.3948020060097267
MOT17,MOT17-11-FRCNN,411,8,7.475437641143799,34.01708221435547,4.550513809001635,0.6761330924244073
MOT17,MOT17-11-FRCNN,421,8,6.121074199676514,35.024784088134766,5.721999594447941,0.6814200105155639
MOT17,MOT17-11-FRCNN,431,8,5.463296413421631,32.30997085571289,5.914006565035951,0.4366370642597174
MOT17,MOT17-11-FRCNN,441,9,4.65359354019165,34.08544921875,7.32454369389258,0.22000662490850187
MOT17,MOT17-11-FRCNN,451,8,6.74807596206665,32.169471740722656,4.767206522504899,0.13313476888418482
MOT17,MOT17-11-FRCNN,461,8,7.6850690841674805,31.184585571289062,4.057814605145774,0.24619102076848884
MOT17,MOT17-11-FRCNN,471,7,6.77335262298584,34.89511489868164,5.151823157746528,0.33481259618389825
MOT17,MOT17-11-FRCNN,481,6,7.017825603485107,29.531639099121094,4.208089623152711,0.1970737388029573
MOT17,MOT17-11-FRCNN,491,6,6.861484050750732,27.43906593322754,3.9989987195591254,0.2041787422839713
MOT17,MOT17-11-FRCNN,501,6,7.002389430999756,26.39395523071289,3.7692784000081714,0.09967359819871766
MOT17,MOT17-11-FRCNN,511,6,7.020941734313965,25.74631690979004,3.667074572625802,0.08366374971267829
MOT17,MOT17-11-FRCNN,521,6,6.917455196380615,26.19578742980957,3.7869110368095855,0.20886300264445903
MOT17,MOT17-11-FRCNN,531,7,7.04979944229126,37.3408088684082,5.296719314368473,0.41791445835750796
MOT17,MOT17-11-FRCNN,541,7,6.016220569610596,25.15642738342285,4.181433691193792,0.540588580084576
MOT17,MOT17-11-FRCNN,551,8,5.70126485824585,24.87657928466797,4.363343907569649,0.45366285461435873
MOT17,MOT17-11-FRCNN,561,7,5.4994096755981445,24.216320037841797,4.403439908340326,0.5001979863454487
MOT17,MOT17-11-FRCNN,571,7,5.977435111999512,22.56930160522461,3.7757501641326816,0.3239268941812378
MOT17,MOT17-11-FRCNN,581,7,5.712625026702881,21.532316207885742,3.7692507572676113,0.27425902915862516
MOT17,MOT17-11-FRCNN,591,6,5.787425518035889,20.881572723388672,3.608093557025226,0.14970385747366438
MOT17,MOT17-11-FRCNN,601,7,5.805063724517822,37.01113510131836,6.375663878589474,0.20854804184018882
MOT17,MOT17-11-FRCNN,611,8,5.501236915588379,34.985565185546875,6.359581621800601,0.15440448006067747
MOT17,MOT17-11-FRCNN,621,8,5.791100025177002,30.1031436920166,5.198173673592612,0.1220409436974195
MOT17,MOT17-11-FRCNN,631,7,5.91640043258667,16.38924789428711,2.7701383773852637,0.0433240919202588
MOT17,MOT17-11-FRCNN,641,8,5.359730243682861,29.158266067504883,5.440248807646931,0.07975456223999414
MOT17,MOT17-11-FRCNN,651,8,5.726318359375,26.56251335144043,4.638672124813473,0.10571265979552402
MOT17,MOT17-11-FRCNN,661,8,5.711435317993164,24.26799201965332,4.249018095889144,0.1528368272880263
MOT17,MOT17-11-FRCNN,671,8,6.1293864250183105,25.298402786254883,4.127395636697732,0.18265952952850517
MOT17,MOT17-11-FRCNN,681,7,7.478360176086426,23.627655029296875,3.1594700539900575,0.20642051611703183
MOT17,MOT17-11-FRCNN,691,5,6.413893699645996,22.48835563659668,3.5061940047178966,0.5552253711391538
MOT17,MOT17-11-FRCNN,701,7,6.188216686248779,29.86372184753418,4.825901121707036,0.667580867306507
MOT17,MOT17-11-FRCNN,711,5,5.914913177490234,34.122501373291016,5.768893025031618,0.6673540530182706
MOT17,MOT17-11-FRCNN,721,5,3.9474215507507324,36.23506164550781,9.179425399503257,0.7320135356980495
MOT17,MOT17-11-FRCNN,731,5,5.887898921966553,19.95172119140625,3.388597775850132,0.31147852939544374
MOT17,MOT17-11-FRCNN,741,5,4.557315349578857,23.991992950439453,5.264501380765006,0.3410083454905645
MOT17,MOT17-11-FRCNN,751,4,8.681231498718262,29.01106834411621,3.341814850623387,0.31294832933019395
MOT17,MOT17-11-FRCNN,761,5,7.856973648071289,24.51038360595703,3.1195705501664475,0.22719556115396833
MOT17,MOT17-11-FRCNN,771,5,7.1378889083862305,22.026905059814453,3.0859131239679667,0.16234063766335544
MOT17,MOT17-11-FRCNN,781,7,6.658641338348389,20.651323318481445,3.101431999279872,0.10321186218603881
MOT17,MOT17-11-FRCNN,791,6,5.9049553871154785,19.85137367248535,3.361816029262599,0.1811688024729019
MOT17,MOT17-11-FRCNN,801,7,5.651252746582031,17.626985549926758,3.11912886228418,0.29803072495266436
MOT17,MOT17-11-FRCNN,811,8,4.378478527069092,18.227182388305664,4.1629032266847155,0.28137380076402285
MOT17,MOT17-11-FRCNN,821,8,6.116673469543457,32.05044174194336,5.2398484080490855,0.4231485831552609
MOT17,MOT17-11-FRCNN,831,7,5.947531700134277,30.768003463745117,5.173239087241934,0.501625508227599
MOT17,MOT17-11-FRCNN,841,10,4.609965801239014,27.290895462036133,5.919977856386961,0.6613348732520438
MOT17,MOT17-11-FRCNN,851,11,6.409358501434326,26.88310432434082,4.194351793291755,0.3910075970468323
MOT17,MOT17-11-FRCNN,861,9,5.40336799621582,29.42239761352539,5.445195965577579,0.3518083319488679
MOT17,MOT17-11-FRCNN,871,12,5.710136413574219,28.805912017822266,5.044697697474343,0.3680941980344357
MOT17,MOT17-11-FRCNN,881,15,4.076417446136475,42.33283615112305,10.384813800472038,0.21191099829480378
MOT17,MOT17-11-FRCNN,891,16,7.2527666091918945,40.64898681640625,5.604618072900511,0.33923007084230095
MOT17,MOT17-13-FRCNN,1,22,10.347548484802246,77.8877944946289,7.527173669108682,0.2734530158789375
MOT17,MOT17-13-FRCNN,11,21,10.749431610107422,71.43097686767578,6.645093383403735,0.3395189362837902
MOT17,MOT17-13-FRCNN,21,21,12.052334785461426,78.05860900878906,6.47663796254234,0.32100773930494725
MOT17,MOT17-13-FRCNN,31,20,13.405306816101074,79.13107299804688,5.902966197163259,0.23235442090683234
MOT17,MOT17-13-FRCNN,41,18,12.432171821594238,77.98469543457031,6.272813515906664,0.3313326423964855
MOT17,MOT17-13-FRCNN,51,19,19.652196884155273,78.07149505615234,3.972659927862724,0.3080795430142968
MOT17,MOT17-13-FRCNN,61,21,17.837528228759766,77.20369720458984,4.328161178750817,0.35041200462331323
MOT17,MOT17-13-FRCNN,71,22,16.287240982055664,74.31574249267578,4.5628196067432505,0.3580730936935662
MOT17,MOT17-13-FRCNN,81,24,14.885986328125,72.11692810058594,4.844618724681417,0.3906624880153793
MOT17,MOT17-13-FRCNN,91,24,13.621627807617188,68.71397399902344,5.044475959077278,0.2296833866083845
MOT17,MOT17-13-FRCNN,101,25,11.971283912658691,65.97145080566406,5.510808304855625,0.181332694788125
MOT17,MOT17-13-FRCNN,111,28,10.851346015930176,66.37831115722656,6.1170578340954895,0.18953566338086936
MOT17,MOT17-13-FRCNN,121,27,9.945104598999023,72.5734634399414,7.297405745460529,0.21632506522405578
MOT17,MOT17-13-FRCNN,131,24,8.531085968017578,70.43417358398438,8.25617908998186,0.2681878767602167
MOT17,MOT17-13-FRCNN,141,26,7.489637851715088,70.76702880859375,9.448658294257642,0.15323962802871383
MOT17,MOT17-13-FRCNN,151,20,16.92878532409668,63.341983795166016,3.7416732850291456,0.1336872216351983
MOT17,MOT17-13-FRCNN,161,17,17.821001052856445,64.57656860351562,3.623621838749903,0.10298690714013334
MOT17,MOT17-13-FRCNN,171,15,21.224428176879883,64.36995697021484,3.032824085236562,0.15592823832983105
MOT17,MOT17-13-FRCNN,181,14,19.470129013061523,62.52263641357422,3.211208121509156,0.18387253300035225
MOT17,MOT17-13-FRCNN,191,16,19.753828048706055,65.64875793457031,3.323343595616169,0.155117896789842
MOT17,MOT17-13-FRCNN,201,16,19.114328384399414,64.11783599853516,3.3544383411800314,0.19673808082242794
MOT17,MOT17-13-FRCNN,211,17,15.396920204162598,61.16748046875,3.9727088052462083,0.22066876011940145
MOT17,MOT17-13-FRCNN,221,17,16.330760955810547,58.980690002441406,3.6116314580831492,0.29515119035663706
MOT17,MOT17-13-FRCNN,231,16,12.145153045654297,61.20832443237305,5.039732657323262,0.34924362082518723
MOT17,MOT17-13-FRCNN,241,16,11.26462459564209,60.77208709716797,5.394950056363057,0.24178915058409992
MOT17,MOT17-13-FRCNN,251,12,10.104083061218262,62.133174896240234,6.149313551738436,0.12520079827893546
MOT17,MOT17-13-FRCNN,261,11,18.70856285095215,63.493377685546875,3.3938137414074787,0.247884089729839
MOT17,MOT17-13-FRCNN,271,10,12.555807113647461,64.43981170654297,5.13227155556575,0.20129667073382845
MOT17,MOT17-13-FRCNN,281,11,9.191241264343262,51.122833251953125,5.5621250472752095,0.42304333901379254
MOT17,MOT17-13-FRCNN,291,13,13.989968299865723,57.748416900634766,4.12784472865382,0.18113909908750253
MOT17,MOT17-13-FRCNN,301,15,10.02812385559082,56.909358978271484,5.6749756781816885,0.24734724587457962
MOT17,MOT17-13-FRCNN,311,14,9.182981491088867,46.76285171508789,5.0923386658751735,0.2401353894717953
MOT17,MOT17-13-FRCNN,321,19,9.430956840515137,56.985511779785156,6.042389202225689,0.12786913472022635
MOT17,MOT17-13-FRCNN,331,16,14.831897735595703,58.46733093261719,3.9419993297485427,0.166106717345647
MOT17,MOT17-13-FRCNN,341,18,13.354778289794922,60.400123596191406,4.522735030528082,0.16989016554829336
MOT17,MOT17-13-FRCNN,351,16,11.528874397277832,57.14511489868164,4.956695070958063,0.14065361345739397
MOT17,MOT17-13-FRCNN,361,18,10.23338508605957,50.80928039550781,4.965051150544775,0.1971595012861091
MOT17,MOT17-13-FRCNN,371,17,9.322871208190918,49.1367073059082,5.270555197924168,0.22242525713083838
MOT17,MOT17-13-FRCNN,381,15,8.151309967041016,49.207393646240234,6.036746712516795,0.2797195466856977
MOT17,MOT17-13-FRCNN,391,15,7.076054573059082,32.80274200439453,4.635738979358016,0.3846467613252682
MOT17,MOT17-13-FRCNN,401,11,6.623077869415283,32.85970687866211,4.961395219344314,0.31864920899697985
MOT17,MOT17-13-FRCNN,411,17,6.391598224639893,42.49696731567383,6.6488796420034895,0.0860195516952707
MOT17,MOT17-13-FRCNN,421,14,6.691458702087402,50.78681945800781,7.58979793780463,0.35211788944299366
MOT17,MOT17-13-FRCNN,431,15,6.433877944946289,38.2371940612793,5.943102183235232,0.5485932524683588
MOT17,MOT17-13-FRCNN,441,13,6.190049648284912,44.782596588134766,7.234610242672732,0.242404554252359
MOT17,MOT17-13-FRCNN,451,12,6.179532527923584,32.02581024169922,5.182561965162173,0.3952696180341858
MOT17,MOT17-13-FRCNN,461,11,6.489562034606934,28.074296951293945,4.326069587066422,0.2050189420839103
MOT17,MOT17-13-FRCNN,471,5,5.8707685470581055,14.988131523132324,2.5530101217570587,0.344654808371499
MOT17,MOT17-13-FRCNN,491,3,5.215314865112305,11.43274211883545,2.19214801302112,0.18401561957284115
MOT17,MOT17-13-FRCNN,511,6,7.467555522918701,39.393157958984375,5.2752413876378546,0.5070635274500768
MOT17,MOT17-13-FRCNN,521,5,7.763167858123779,24.71126937866211,3.1831424787244504,0.347416839043307
MOT17,MOT17-13-FRCNN,531,6,7.424221038818359,28.522043228149414,3.8417556641994848,0.5284839990733897
MOT17,MOT17-13-FRCNN,541,6,6.948811054229736,32.638607025146484,4.697005972738227,0.5968937715709561
MOT17,MOT17-13-FRCNN,551,6,6.39688777923584,37.87834930419922,5.92137154995145,0.6747100076725068
MOT17,MOT17-13-FRCNN,561,5,6.176016807556152,36.12045669555664,5.848503626376868,0.29775965296919715
MOT17,MOT17-13-FRCNN,571,6,6.07785177230835,59.03482437133789,9.71310696327111,0.38830639541996187
MOT17,MOT17-13-FRCNN,581,6,5.512266159057617,58.0844612121582,10.537310705999795,0.3821438006062074
MOT17,MOT17-13-FRCNN,591,5,11.689002990722656,57.648372650146484,4.931846856049307,0.4243212649601739
MOT17,MOT17-13-FRCNN,601,6,10.458375930786133,56.260196685791016,5.379439126889567,0.49633083107125053
MOT17,MOT17-13-FRCNN,611,6,8.008719444274902,63.39452362060547,7.915687902630121,0.4901307831651749
MOT17,MOT17-13-FRCNN,621,6,20.17835807800293,65.66493225097656,3.254225740128975,0.3444355828009628
MOT17,MOT17-13-FRCNN,631,6,19.723514556884766,63.649539947509766,3.227089156140887,0.3358571736371694
MOT17,MOT17-13-FRCNN,641,4,18.388015747070312,66.73177337646484,3.629090506249808,0.5393986149115308
MOT17,MOT17-13-FRCNN,651,5,10.488585472106934,65.51034545898438,6.245870392456719,0.6394900074384973
MOT17,MOT17-13-FRCNN,661,7,8.210999488830566,63.587650299072266,7.744203417083466,0.5991042915042861
MOT17,MOT17-13-FRCNN,671,6,16.308137893676758,60.659767150878906,3.7196010695003285,0.10934457690388125
MOT17,MOT17-13-FRCNN,681,6,15.587273597717285,57.652381896972656,3.698682873277832,0.12084570606465692
MOT17,MOT17-13-FRCNN,691,6,15.228312492370605,56.09600830078125,3.6836654310111765,0.11561832881586608
MOT17,MOT17-13-FRCNN,701,6,14.113631248474121,53.44606399536133,3.786840045232129,0.13787110079756826
MOT17,MOT17-13-FRCNN,711,6,12.774298667907715,50.331398010253906,3.9400517647750926,0.11826647483067623
MOT17,MOT17-13-FRCNN,721,7,11.365487098693848,44.94636535644531,3.9546360808073655,0.17021548468383615
MOT17,MOT17-13-FRCNN,731,7,9.453063011169434,42.889225006103516,4.537071735947068,0.20957756883348647
MOT17,MOT17-13-FRCNN,741,7,7.997993469238281,41.10594177246094,5.139531800139844,0.15123668957165096
MOT20,MOT20-01,1,26,6.95358419418335,38.67888641357422,5.5624387845809045,0.352797492526829
MOT20,MOT20-01,11,27,6.991710186004639,38.95845413208008,5.572092248626598,0.3394326118030671
MOT20,MOT20-01,21,28,7.166372776031494,35.80541229248047,4.99630892942585,0.3362919408991518
MOT20,MOT20-01,31,25,7.582590103149414,33.69487762451172,4.443716087266357,0.3325166250144649
MOT20,MOT20-01,41,25,7.404175281524658,23.68521499633789,3.1988998228389676,0.28376442080705305
MOT20,MOT20-01,51,25,7.419311046600342,23.075210571289062,3.1101554344270994,0.28452170912798747
MOT20,MOT20-01,61,27,7.69907283782959,35.45908737182617,4.605630849158492,0.26150706283945563
MOT20,MOT20-01,71,27,7.95658540725708,35.32768630981445,4.440056192646736,0.3163667462810874
MOT20,MOT20-01,81,27,6.943722248077393,34.03826141357422,4.902019435325035,0.3065991527600377
MOT20,MOT20-01,91,27,6.1691083908081055,35.15653991699219,5.698804055603074,0.4354394984833625
MOT20,MOT20-01,101,28,5.563131809234619,34.889774322509766,6.2716066271508915,0.4153357532495926
MOT20,MOT20-01,111,27,5.950453758239746,33.932621002197266,5.702526627521455,0.41607781850280506
MOT20,MOT20-01,121,28,5.855526447296143,31.666818618774414,5.408022473094103,0.3944861149703166
MOT20,MOT20-01,131,28,5.7994303703308105,26.78641700744629,4.618801381680929,0.3710607213710041
MOT20,MOT20-01,141,25,6.1940083503723145,26.21176528930664,4.231793663586372,0.3197514562859399
MOT20,MOT20-01,151,29,6.617381572723389,33.01613235473633,4.989304605136819,0.230047387120879
MOT20,MOT20-01,161,29,6.989634037017822,33.65206527709961,4.8145675580258995,0.30076128332634927
MOT20,MOT20-01,171,29,7.030182361602783,35.901485443115234,5.106764461644804,0.29324250742621616
MOT20,MOT20-01,181,30,6.5940165519714355,31.759254455566406,4.816374694429791,0.3001831061865158
MOT20,MOT20-01,191,32,5.987645149230957,34.93470764160156,5.834465264877715,0.3367702668631432
MOT20,MOT20-01,201,33,6.192134857177734,34.09288787841797,5.505837431640968,0.3736140192506704
MOT20,MOT20-01,211,35,6.445600986480713,33.68967819213867,5.226770670849915,0.3904380676460315
MOT20,MOT20-01,221,33,6.186408519744873,34.024166107177734,5.499825302287165,0.4526161280812165
MOT20,MOT20-01,231,31,6.317472457885742,36.05050277709961,5.70647565421513,0.438980258704132
MOT20,MOT20-01,241,32,5.907444000244141,34.597259521484375,5.856553108257065,0.3967648053349077
MOT20,MOT20-01,251,31,6.582263946533203,33.96416473388672,5.159951805301764,0.36762879931202724
MOT20,MOT20-01,261,30,6.923758506774902,29.959644317626953,4.327078174132073,0.23194076362504884
MOT20,MOT20-01,271,29,7.050774574279785,33.98966598510742,4.820699573788226,0.2628261635003048
MOT20,MOT20-01,281,32,7.0524444580078125,34.22051239013672,4.852290945911737,0.28318880864739615
MOT20,MOT20-01,291,32,6.937729835510254,33.92564392089844,4.890020903848483,0.2695583516699997
MOT20,MOT20-01,301,29,6.743014812469482,33.13107681274414,4.913392263572769,0.42800461287815683
MOT20,MOT20-01,311,29,6.731668949127197,32.96006774902344,4.896269854936481,0.33689410637401596
MOT20,MOT20-01,321,30,6.837707996368408,32.624107360839844,4.771205114077248,0.28832005361898994
MOT20,MOT20-01,331,27,6.735596656799316,31.587732315063477,4.689671000887044,0.2807271079616795
MOT20,MOT20-01,341,27,5.936717510223389,29.555055618286133,4.978349663326666,0.2840988074390303
MOT20,MOT20-01,351,25,7.374176025390625,31.354816436767578,4.251975587347964,0.21212651542653402
MOT20,MOT20-01,361,25,6.9025397300720215,34.244361877441406,4.961124921635778,0.27066934798673964
MOT20,MOT20-01,371,26,6.987807750701904,33.35131072998047,4.772785960894592,0.26117571367212306
MOT20,MOT20-01,381,28,6.819778919219971,32.0001106262207,4.692250438798799,0.3032010062439444
MOT20,MOT20-01,391,27,7.090389728546143,36.36429214477539,5.128673251679178,0.20669121180205235
MOT20,MOT20-01,401,30,7.052325248718262,31.254348754882812,4.431779257566601,0.2292061817692822
MOT20,MOT20-01,411,24,7.091894149780273,28.16885757446289,3.9719794147429064,0.26647667520333207
MOT20,MOT20-01,421,24,6.7671356201171875,28.81833839416504,4.258572609139757,0.2609224465762607
MOT20,MOT20-02,1,23,5.767588138580322,37.35504150390625,6.476717928943709,0.13506107104282933
MOT20,MOT20-02,11,23,4.71559476852417,35.479270935058594,7.523816756239737,0.11686315770065336
MOT20,MOT20-02,21,24,4.6063337326049805,44.15294647216797,9.585268683343648,0.13654627314961257
MOT20,MOT20-02,31,24,4.5553507804870605,45.824676513671875,10.059527514316313,0.10842575364458559
MOT20,MOT20-02,41,22,5.86646032333374,47.47502899169922,8.092619122108122,0.13529274404238162
MOT20,MOT20-02,51,24,5.553141117095947,45.85386657714844,8.257284590874583,0.20186451262610522
MOT20,MOT20-02,61,25,6.026935577392578,48.2838020324707,8.011335348196909,0.17197548618509367
MOT20,MOT20-02,71,30,5.586244583129883,42.71791458129883,7.646982502396032,0.18630860719677203
MOT20,MOT20-02,81,29,5.6126604080200195,43.99821090698242,7.8391008378331035,0.2105876380291357
MOT20,MOT20-02,91,31,5.322049617767334,45.376983642578125,8.526223335289822,0.20661197351218946
MOT20,MOT20-02,101,29,5.300693988800049,48.401954650878906,9.131248616341265,0.32978256336119727
MOT20,MOT20-02,111,26,5.160591125488281,42.21490478515625,8.180245975437938,0.3020504175006538
MOT20,MOT20-02,121,26,4.862324237823486,43.03777313232422,8.851275856418235,0.23547808274824666
MOT20,MOT20-02,131,26,12.4955415725708,42.332122802734375,3.387778157263581,0.30325397647519625
MOT20,MOT20-02,141,25,12.148101806640625,43.48201370239258,3.579325757594789,0.30967743985656054
MOT20,MOT20-02,151,24,11.696080207824707,45.48676300048828,3.8890604537798503,0.2959091486586527
MOT20,MOT20-02,161,26,11.21049690246582,44.041996002197266,3.9286390590331415,0.2872175250709311
MOT20,MOT20-02,171,25,10.968827247619629,45.95563888549805,4.189658369856357,0.29347273300673216
MOT20,MOT20-02,181,27,10.280699729919434,43.66914367675781,4.2476820473288965,0.336646288972612
MOT20,MOT20-02,191,30,9.897703170776367,49.655921936035156,5.016913629279932,0.3276434199466678
MOT20,MOT20-02,201,30,9.295953750610352,46.189613342285156,4.968786913258088,0.2697295166094269
MOT20,MOT20-02,211,32,8.361793518066406,44.397457122802734,5.309561522522416,0.29786424140309753
MOT20,MOT20-02,221,32,7.963562488555908,44.624786376953125,5.603621047876685,0.371218619597942
MOT20,MOT20-02,231,31,7.537042617797852,45.2176628112793,5.999390623651648,0.4154912346767458
MOT20,MOT20-02,241,29,6.9668474197387695,45.3081169128418,6.503388718471558,0.4843491444082257
MOT20,MOT20-02,251,30,6.683434963226318,44.68956756591797,6.686616659219321,0.5045944764921245
MOT20,MOT20-02,261,30,6.353333473205566,43.723426818847656,6.881966294268363,0.4583793235473991
MOT20,MOT20-02,271,31,5.97185754776001,43.331844329833984,7.256007696648319,0.41881066394015865
MOT20,MOT20-02,281,30,5.955081462860107,46.07759475708008,7.737525514042241,0.5538460348978353
MOT20,MOT20-02,291,28,5.857022285461426,48.55231857299805,8.289590888789492,0.5311463052844536
MOT20,MOT20-02,301,28,5.666464328765869,43.35316467285156,7.6508316575415005,0.46595999632696955
MOT20,MOT20-02,311,29,5.680799961090088,39.746700286865234,6.996673102222428,0.45505593515789106
MOT20,MOT20-02,321,29,4.991122245788574,43.45386505126953,8.706231366690162,0.483971660207893
MOT20,MOT20-02,331,28,5.5726213455200195,44.429988861083984,7.972906484450527,0.4214722296321375
MOT20,MOT20-02,341,28,5.487112522125244,48.447044372558594,8.829242006102382,0.530423258772508
MOT20,MOT20-02,351,27,4.942831993103027,45.09571838378906,9.123457654784403,0.5333362379923323
MOT20,MOT20-02,361,27,5.609983921051025,45.0549430847168,8.031207168999478,0.40966059260049353
MOT20,MOT20-02,371,29,5.548457145690918,45.11869812011719,8.13175571792198,0.43711720554745925
MOT20,MOT20-02,381,28,5.265071868896484,45.46223831176758,8.634685231997809,0.37871491879280017
MOT20,MOT20-02,391,26,5.573263645172119,44.53990173339844,7.9917090898761725,0.4584596614962987
MOT20,MOT20-02,401,28,5.360925197601318,44.18505859375,8.242058406918282,0.42700354701382276
MOT20,MOT20-02,411,26,5.358725070953369,43.15066146850586,8.052411888492152,0.33886831980299775
MOT20,MOT20-02,421,25,4.889333724975586,44.25644302368164,9.051630654216108,0.34257131983532857
MOT20,MOT20-02,431,27,5.115874767303467,42.56605529785156,8.320386489892082,0.4309094065233634
MOT20,MOT20-02,441,25,4.540550231933594,44.3431510925293,9.766030288722467,0.3538501894084571
MOT20,MOT20-02,451,26,4.45041036605835,46.7786979675293,10.51109765613825,0.3711868289269071
MOT20,MOT20-02,461,26,4.267529487609863,43.20553207397461,10.124249217120923,0.3352591373268079
MOT20,MOT20-02,471,25,5.209925651550293,41.98843765258789,8.059316094096964,0.36828127983087844
MOT20,MOT20-02,481,23,5.445274353027344,41.10702133178711,7.549118495550795,0.4260639146940817
MOT20,MOT20-02,491,23,5.339763164520264,40.82076644897461,7.644677337041041,0.4289940100305171
MOT20,MOT20-02,501,21,5.49816370010376,39.87200927734375,7.251877436204982,0.4015249534911482
MOT20,MOT20-02,511,22,5.496434688568115,38.871856689453125,7.072194775697351,0.40779518836090667
MOT20,MOT20-02,521,21,5.295268535614014,41.079185485839844,7.757715252693318,0.4596472528698316
MOT20,MOT20-02,531,23,5.006475448608398,41.46953582763672,8.283179704629053,0.377436888241974
MOT20,MOT20-02,541,24,4.837836742401123,46.24855422973633,9.559759184180773,0.4054093504947133
MOT20,MOT20-02,551,24,4.8965349197387695,37.257144927978516,7.608879654424314,0.4058850536504428
MOT20,MOT20-02,561,23,5.247392654418945,44.573551177978516,8.494418869234446,0.3802727430834665
MOT20,MOT20-02,571,24,5.154364109039307,46.2282829284668,8.968765486977409,0.37700396117690915
MOT20,MOT20-02,581,24,5.102039337158203,32.832542419433594,6.435180179877066,0.3567962305257214
MOT20,MOT20-02,591,21,5.18105936050415,35.21219253540039,6.7963306507984145,0.42959233194782676
MOT20,MOT20-02,601,23,5.059128761291504,36.12739181518555,7.1410303077486565,0.43975285856504026
MOT20,MOT20-02,611,26,4.226566791534424,35.20973587036133,8.330575998676858,0.42026818751466055
MOT20,MOT20-02,621,25,6.117562294006348,33.911685943603516,5.543333163411892,0.48217857639295164
MOT20,MOT20-02,631,26,6.217035293579102,37.011619567871094,5.953258719006528,0.37538738625359414
MOT20,MOT20-02,641,28,5.548011779785156,33.136592864990234,5.972696919232827,0.36103315862643537
MOT20,MOT20-02,651,29,5.972575664520264,41.602455139160156,6.965580258161836,0.3909486276715875
MOT20,MOT20-02,661,29,5.512159824371338,37.26326370239258,6.760192898913713,0.5122537958792438
MOT20,MOT20-02,671,28,5.532580852508545,35.73850631713867,6.459644652266467,0.5068388225677563
MOT20,MOT20-02,681,27,5.499941349029541,38.42306900024414,6.986087043823449,0.48206167428923047
MOT20,MOT20-02,691,27,5.311421871185303,37.69901657104492,7.097725898137322,0.5559752107769161
MOT20,MOT20-02,701,25,4.958366870880127,31.727998733520508,6.398880833093473,0.467246087122604
MOT20,MOT20-02,711,26,4.756484508514404,34.414798736572266,7.235343387530776,0.43601682986015233
MOT20,MOT20-02,721,26,4.158339023590088,34.079833984375,8.195540044003504,0.44384954654440517
MOT20,MOT20-02,731,25,6.348713397979736,33.88484191894531,5.33727698744883,0.4526666214022634
MOT20,MOT20-02,741,24,6.086786270141602,33.77347946166992,5.548655392640265,0.3582365342551289
MOT20,MOT20-02,751,26,6.111942291259766,33.28953170776367,5.446637111637745,0.37150286429625035
MOT20,MOT20-02,761,29,5.835491180419922,34.156856536865234,5.85329588903728,0.5431089115929054
MOT20,MOT20-02,771,30,5.952009201049805,33.611289978027344,5.647049398394587,0.41575500827050044
MOT20,MOT20-02,781,30,5.742550373077393,33.992774963378906,5.919456122273842,0.3428357597223753
MOT20,MOT20-02,791,31,5.8478498458862305,44.16474533081055,7.552304948780275,0.37344386285979964
MOT20,MOT20-02,801,29,5.7360663414001465,44.68363952636719,7.789944688028159,0.426977262586931
MOT20,MOT20-02,811,31,5.493571758270264,44.02341079711914,8.013622600058763,0.4578102448349209
MOT20,MOT20-02,821,33,5.316861629486084,43.65605545043945,8.210869210575854,0.40068615942905617
MOT20,MOT20-02,831,31,5.148910045623779,47.5826301574707,9.241301505725989,0.39539873125565267
MOT20,MOT20-02,841,28,5.4053730964660645,44.19717025756836,8.176525369999654,0.3986622438955747
MOT20,MOT20-02,851,31,4.95318078994751,41.65059280395508,8.4088577764989,0.359022309335807
MOT20,MOT20-02,861,32,5.263827800750732,39.3856086730957,7.4823132830216235,0.33412171745552505
MOT20,MOT20-02,871,31,5.139832973480225,31.252887725830078,6.080525940645204,0.34416279101603714
MOT20,MOT20-02,881,34,5.978193759918213,38.0931510925293,6.372016803458449,0.3593541954431021
MOT20,MOT20-02,891,29,5.845372200012207,36.63212203979492,6.266858770724372,0.3735510167777601
MOT20,MOT20-02,901,34,6.287378787994385,38.22310256958008,6.07933828363678,0.2862350357975399
MOT20,MOT20-02,911,34,5.59935188293457,37.584781646728516,6.712345005727817,0.3393935657563403
MOT20,MOT20-02,921,33,4.9493088722229,35.88639450073242,7.250789034836422,0.38096687956604625
MOT20,MOT20-02,931,30,5.172584533691406,37.434974670410156,7.237189537759908,0.4766231086152678
MOT20,MOT20-02,941,33,5.157413959503174,34.9886474609375,6.78414564657285,0.3457684768555084
MOT20,MOT20-02,951,31,5.192852973937988,37.219696044921875,7.167485047568447,0.3916662117801549
MOT20,MOT20-02,961,31,5.22379732131958,33.16851043701172,6.349501788984616,0.35903898093329717
MOT20,MOT20-02,971,30,5.1746110916137695,35.33283615112305,6.828114330830618,0.356392017631067
MOT20,MOT20-02,981,31,5.399562358856201,35.12411117553711,6.504992227365907,0.3638432055668061
MOT20,MOT20-02,991,29,5.610246658325195,41.99239730834961,7.484946717277745,0.3613238368814007
MOT20,MOT20-02,1001,32,5.434226036071777,41.91841125488281,7.713777633950657,0.36625423902193305
MOT20,MOT20-02,1011,33,5.784238338470459,43.06475830078125,7.445190841179787,0.3909651856081024
MOT20,MOT20-02,1021,31,5.6564507484436035,36.20026397705078,6.3998195311806505,0.43983392550993233
MOT20,MOT20-02,1031,30,5.024061679840088,34.412010192871094,6.84944023098984,0.339115563189753
MOT20,MOT20-02,1041,28,5.438133239746094,44.79522705078125,8.237243384068453,0.4046460303848811
MOT20,MOT20-02,1051,27,6.040903091430664,44.32609939575195,7.337661062404864,0.48298911542740686
MOT20,MOT20-02,1061,26,6.086992263793945,46.507080078125,7.6404040062205905,0.338768481689906
MOT20,MOT20-02,1071,28,5.856873989105225,45.78310775756836,7.81698698703996,0.3357825588453311
MOT20,MOT20-02,1081,30,5.8160247802734375,45.14512252807617,7.762195697858374,0.3690167226411443
MOT20,MOT20-02,1091,31,4.888283729553223,43.327056884765625,8.863449685381829,0.460692302975809
MOT20,MOT20-02,1101,30,4.969923973083496,41.231414794921875,8.296186223013914,0.3444201236970729
MOT20,MOT20-02,1111,30,5.309239387512207,40.814510345458984,7.68744962629831,0.31915535423434366
MOT20,MOT20-02,1121,30,5.518933296203613,41.58546829223633,7.535055428345603,0.3515114832773781
MOT20,MOT20-02,1131,32,5.729776382446289,43.1347770690918,7.528178098056193,0.37597167730222913
MOT20,MOT20-02,1141,33,4.863598346710205,42.86823654174805,8.814098839133093,0.5334157025298747
MOT20,MOT20-02,1151,31,5.225193023681641,39.494163513183594,7.558412356096318,0.4609670861036248
MOT20,MOT20-02,1161,29,5.209069728851318,38.24294662475586,7.341607737162894,0.4128527639413158
MOT20,MOT20-02,1171,30,5.250648498535156,37.6126823425293,7.163435593341015,0.42094361856419826
MOT20,MOT20-02,1181,32,5.47048282623291,35.995338439941406,6.579919832182081,0.4549049286984574
MOT20,MOT20-02,1191,29,5.390254020690918,42.35933303833008,7.858504047440142,0.49490908437074327
MOT20,MOT20-02,1201,29,5.305777549743652,40.40892791748047,7.616023766287152,0.41443718172197136
MOT20,MOT20-02,1211,29,5.140037536621094,43.03739547729492,8.372972993031178,0.45338770686983154
MOT20,MOT20-02,1221,26,5.980353832244873,33.317142486572266,5.571098871597345,0.3998778705026982
MOT20,MOT20-02,1231,28,6.05665397644043,39.43138122558594,6.510423309465708,0.49449536207272715
MOT20,MOT20-02,1241,29,6.101380825042725,39.531009674072266,6.479026765846148,0.42770378401321757
MOT20,MOT20-02,1251,29,6.321279048919678,35.80127716064453,5.663612835880589,0.4707610627796102
MOT20,MOT20-02,1261,31,5.997637748718262,37.87467956542969,6.31493283726977,0.4978256071381463
MOT20,MOT20-02,1271,31,6.230478763580322,43.77781677246094,7.026396916455289,0.4403119272036897
MOT20,MOT20-02,1281,29,5.88742208480835,44.54997253417969,7.5669744571456015,0.4848852362207658
MOT20,MOT20-02,1291,30,5.933184623718262,39.58211135864258,6.6713095696383204,0.5302136988892644
MOT20,MOT20-02,1301,27,5.7779388427734375,39.6292610168457,6.858719362599461,0.498323756897241
MOT20,MOT20-02,1311,30,5.565781116485596,41.6733283996582,7.4874177635594865,0.5442998439493683
MOT20,MOT20-02,1321,29,5.180488586425781,40.08970642089844,7.738595646353478,0.5573294820639897
MOT20,MOT20-02,1331,30,5.971777439117432,43.75729751586914,7.327349011576029,0.5330903404608085
MOT20,MOT20-02,1341,36,5.895816326141357,41.011802673339844,6.956085536704786,0.5133146331327036
MOT20,MOT20-02,1351,34,5.746368408203125,41.229591369628906,7.1748952452774075,0.5204811555103341
MOT20,MOT20-02,1361,31,5.7793121337890625,41.17304611206055,7.124212217460983,0.49047822966344046
MOT20,MOT20-02,1371,30,5.326539516448975,38.63126754760742,7.252601323675449,0.5377857202109191
MOT20,MOT20-02,1381,34,4.897082328796387,45.80649185180664,9.353833318760039,0.5414230227600956
MOT20,MOT20-02,1391,32,6.016674518585205,38.14191818237305,6.339368710166152,0.4830663149006124
MOT20,MOT20-02,1401,32,6.010861873626709,40.41282653808594,6.723299817518929,0.3777724191416967
MOT20,MOT20-02,1411,32,5.956745624542236,48.615455627441406,8.161412068217603,0.37768611233155397
MOT20,MOT20-02,1421,30,5.943790435791016,51.11277770996094,8.599357306102384,0.33562079191120264
MOT20,MOT20-02,1431,26,6.095511436462402,51.77223205566406,8.49350093020425,0.3875173504766367
MOT20,MOT20-02,1441,34,5.697879791259766,56.829410552978516,9.973781939055947,0.327327254905639
MOT20,MOT20-02,1451,33,5.338280200958252,53.3792724609375,9.999338822895735,0.39634371487218856
MOT20,MOT20-02,1461,31,5.756161212921143,56.10809326171875,9.747484684023462,0.5076003421966517
MOT20,MOT20-02,1471,32,5.544588088989258,54.86237716674805,9.894761574028685,0.48408566381551743
MOT20,MOT20-02,1481,30,5.631119251251221,51.05544662475586,9.066660524621541,0.4646194738749383
MOT20,MOT20-02,1491,30,5.486234664916992,49.459781646728516,9.015250835515774,0.3968759555752058
MOT20,MOT20-02,1501,31,5.553371429443359,53.02499771118164,9.54825341414208,0.4604828320339759
MOT20,MOT20-02,1511,34,5.5766425132751465,53.669368743896484,9.62395717784259,0.45779006811948997
MOT20,MOT20-02,1521,34,5.2327470779418945,54.19959259033203,10.35777036096486,0.43285396314477814
MOT20,MOT20-02,1531,34,5.232306957244873,51.490028381347656,9.840788929642667,0.4310747845235896
MOT20,MOT20-02,1541,31,5.1434221267700195,55.40934753417969,10.772856314046267,0.4647412104364805
MOT20,MOT20-02,1551,30,4.354622840881348,60.168392181396484,13.817130525411654,0.4361861263417383
MOT20,MOT20-02,1561,29,4.85925817489624,54.520381927490234,11.219898174818507,0.3911532040763176
MOT20,MOT20-02,1571,29,4.822434425354004,54.702369689941406,11.34331021741697,0.3750728166944068
MOT20,MOT20-02,1581,26,4.419805526733398,52.9577751159668,11.981924271475123,0.38885045015352504
MOT20,MOT20-02,1591,25,5.871794700622559,52.05398941040039,8.86509015801955,0.45304537032273506
MOT20,MOT20-02,1601,24,5.809357643127441,59.88695526123047,10.308705185689101,0.3644253103737317
MOT20,MOT20-02,1611,29,5.706903457641602,48.11949920654297,8.43180536760447,0.34490301079777813
MOT20,MOT20-02,1621,28,5.794288635253906,45.420860290527344,7.838901916997271,0.29890161602904636
MOT20,MOT20-02,1631,30,5.716985702514648,41.76632308959961,7.305654633914592,0.31318102396325065
MOT20,MOT20-02,1641,30,5.719189167022705,34.88018798828125,6.098799492313204,0.3037212610934281
MOT20,MOT20-02,1651,31,5.843245506286621,33.515106201171875,5.7357005049871175,0.34424197117183397
MOT20,MOT20-02,1661,28,6.302038669586182,42.890655517578125,6.805838200354062,0.3588260304514176
MOT20,MOT20-02,1671,26,6.145999908447266,37.547454833984375,6.109250796176862,0.3380974489384054
MOT20,MOT20-02,1681,27,5.609472274780273,40.48038864135742,7.216434391405039,0.3170246975791671
MOT20,MOT20-02,1691,27,6.239858627319336,38.92026901245117,6.237363911106981,0.2488883227444538
MOT20,MOT20-02,1701,26,6.044506549835205,39.92171096801758,6.60462696811967,0.2782827619883431
MOT20,MOT20-02,1711,27,5.952627658843994,40.29630661010742,6.769498937202634,0.3001830779957376
MOT20,MOT20-02,1721,28,5.65651798248291,39.03123474121094,6.900222868924445,0.2949295603829243
MOT20,MOT20-02,1731,31,5.387372016906738,41.717750549316406,7.743617930671408,0.34569474162887415
MOT20,MOT20-02,1741,29,5.7037177085876465,35.6691780090332,6.253671698255487,0.3294434974574411
MOT20,MOT20-02,1751,31,5.7136616706848145,36.997947692871094,6.475348003662366,0.379956223463148
MOT20,MOT20-02,1761,32,5.536035060882568,37.226402282714844,6.724379790466883,0.3689065644357308
MOT20,MOT20-02,1771,36,5.643302917480469,38.769412994384766,6.869986169676306,0.32650149352916485
MOT20,MOT20-02,1781,35,5.500766277313232,43.77851867675781,7.958621848252891,0.3792220153524268
MOT20,MOT20-02,1791,38,5.432806015014648,36.34589385986328,6.690077606197261,0.3922588066638104
MOT20,MOT20-02,1801,36,5.0493011474609375,35.16944122314453,6.96520967873537,0.3944740089049028
MOT20,MOT20-02,1811,38,5.598130702972412,42.791934967041016,7.643968538340841,0.38407356411597837
MOT20,MOT20-02,1821,37,5.426685333251953,36.47597122192383,6.721593197677729,0.3677987839402632
MOT20,MOT20-02,1831,39,5.119056701660156,36.604698181152344,7.150672538806048,0.3736428630442286
MOT20,MOT20-02,1841,35,4.817759990692139,38.722984313964844,8.037549481247973,0.47503985594500014
MOT20,MOT20-02,1851,37,5.255500793457031,38.77315902709961,7.377633559749669,0.3754101257792101
MOT20,MOT20-02,1861,38,5.130031585693359,36.66600036621094,7.147324485967132,0.4188407278172249
MOT20,MOT20-02,1871,41,5.422383785247803,42.17356491088867,7.777679814111745,0.4320136960004166
MOT20,MOT20-02,1881,40,4.68653678894043,45.78581619262695,9.769648304196622,0.41434270605154266
MOT20,MOT20-02,1891,36,6.668493270874023,48.39069366455078,7.256615804938546,0.345954423813713
MOT20,MOT20-02,1901,41,6.2761383056640625,46.7226448059082,7.44448935482224,0.35145826818086223
MOT20,MOT20-02,1911,40,6.495121479034424,44.474937438964844,6.847437354716969,0.3621744383910619
MOT20,MOT20-02,1921,40,6.1328935623168945,44.706947326660156,7.28969887906724,0.49441595827850526
MOT20,MOT20-02,1931,42,6.2761030197143555,43.38533020019531,6.9127817156465206,0.5028265533106835
MOT20,MOT20-02,1941,45,6.112441062927246,44.5956916809082,7.295889027280263,0.4939414844749642
MOT20,MOT20-02,1951,39,6.30004358291626,48.05780792236328,7.628170708640964,0.48064404566427454
MOT20,MOT20-02,1961,41,5.957539081573486,43.840087890625,7.358757918386344,0.5302597479865792
MOT20,MOT20-02,1971,44,6.050592422485352,46.14532470703125,7.626579595007081,0.442496571833439
MOT20,MOT20-02,1981,42,5.8973469734191895,47.81378936767578,8.107677839405486,0.5283091674838587
MOT20,MOT20-02,1991,40,5.683008670806885,44.942413330078125,7.908207770462035,0.5795486331419714
MOT20,MOT20-02,2001,45,5.925724983215332,47.02907943725586,7.936426271969445,0.5212252552898358
MOT20,MOT20-02,2011,46,5.6274285316467285,43.268245697021484,7.688813008232038,0.562750363097972
MOT20,MOT20-02,2021,43,5.573877811431885,40.6865234375,7.299500422139315,0.5108938451495962
MOT20,MOT20-02,2031,46,5.243246078491211,42.1229248046875,8.033749355667993,0.4281738516411884
MOT20,MOT20-02,2041,42,4.631697654724121,39.74931335449219,8.582018153527292,0.3951582382715531
MOT20,MOT20-02,2051,43,6.295124530792236,36.841365814208984,5.852364895086917,0.41854604083500907
MOT20,MOT20-02,2061,47,6.122665882110596,35.85313034057617,5.855803832989322,0.4481948301116944
MOT20,MOT20-02,2071,46,5.880797863006592,45.315494537353516,7.7056711679230725,0.38286689232071425
MOT20,MOT20-02,2081,50,6.107797622680664,42.21499252319336,6.911655416746688,0.4371798267382869
MOT20,MOT20-02,2091,43,5.853946685791016,38.15053176879883,6.517061704951918,0.42354950624172816
MOT20,MOT20-02,2101,41,6.047106742858887,37.860801696777344,6.260977903439144,0.3040203338252836
MOT20,MOT20-02,2111,43,5.80896520614624,41.9591178894043,7.223165641448323,0.3508954234012161
MOT20,MOT20-02,2121,44,6.036530017852783,41.64484786987305,6.898805728905541,0.4932310764583486
MOT20,MOT20-02,2131,47,5.966944694519043,41.6470832824707,6.979632863151182,0.5648242762201584
MOT20,MOT20-02,2141,45,5.39220666885376,40.758140563964844,7.558712613778385,0.4421453271829852
MOT20,MOT20-02,2151,44,5.733512878417969,40.31464767456055,7.031404398917902,0.4980933466195185
MOT20,MOT20-02,2161,43,5.424975872039795,40.210601806640625,7.412125464720529,0.5142960855267008
MOT20,MOT20-02,2171,44,5.489367485046387,42.295467376708984,7.704980126021127,0.5216043623456512
MOT20,MOT20-02,2181,42,5.21937370300293,39.85685348510742,7.63632875380739,0.4028137498812619
MOT20,MOT20-02,2191,41,5.118033409118652,38.5307731628418,7.52843330295434,0.3591982114173872
MOT20,MOT20-02,2201,39,5.120447635650635,36.86236572265625,7.199051400507545,0.552993920810029
MOT20,MOT20-02,2211,41,5.467220306396484,33.88349533081055,6.197572702744002,0.4792521061636035
MOT20,MOT20-02,2221,37,5.0526204109191895,37.29871368408203,7.382053400147771,0.5485489957415894
MOT20,MOT20-02,2231,39,5.039384365081787,39.54022216796875,7.846240592788566,0.4105790391306002
MOT20,MOT20-02,2241,33,4.70031213760376,34.64362716674805,7.370495012360929,0.4013110558849429
MOT20,MOT20-02,2251,34,4.298257350921631,35.14299392700195,8.17610279185973,0.2997235257409276
MOT20,MOT20-02,2261,31,5.336637496948242,36.17245101928711,6.778135303357655,0.2990988628212813
MOT20,MOT20-02,2271,33,5.0170063972473145,32.63400650024414,6.504677075586244,0.2972468645495965
MOT20,MOT20-02,2281,35,4.704344272613525,32.714717864990234,6.954150455237705,0.3274202429387378
MOT20,MOT20-02,2291,31,6.269846439361572,35.415306091308594,5.648512516825653,0.2650711793375232
MOT20,MOT20-02,2301,33,5.688231468200684,34.3060417175293,6.031055857925746,0.4649636585415725
MOT20,MOT20-02,2311,32,6.01617431640625,34.23977279663086,5.691286687498097,0.37429674825035764
MOT20,MOT20-02,2321,32,5.780917644500732,37.625789642333984,6.508618865748177,0.4208851505957847
MOT20,MOT20-02,2331,31,5.336382865905762,38.22197723388672,7.16252528994641,0.3799594431042075
MOT20,MOT20-02,2341,31,4.7284626960754395,36.599666595458984,7.740288746665215,0.4257928141555961
MOT20,MOT20-02,2351,31,6.02957010269165,37.447540283203125,6.210648461734649,0.4529864291729428
MOT20,MOT20-02,2361,35,6.180270671844482,35.6584587097168,5.76972443491292,0.37824987117655445
MOT20,MOT20-02,2371,32,5.904349327087402,35.26271057128906,5.972327959918329,0.323326677967995
MOT20,MOT20-02,2381,33,6.038086414337158,33.88157653808594,5.611310308119422,0.3678943589846275
MOT20,MOT20-02,2391,30,5.624619483947754,32.75651168823242,5.823773818249763,0.35231244965082953
MOT20,MOT20-02,2401,30,5.248700141906738,34.55476379394531,6.583489789796283,0.42103495958251536
MOT20,MOT20-02,2411,27,4.958491325378418,33.875640869140625,6.831844334537649,0.48273769841218134
MOT20,MOT20-02,2421,29,3.830735683441162,35.146629333496094,9.174903266080673,0.41287904729895086
MOT20,MOT20-02,2431,25,6.3243279457092285,42.64716720581055,6.743351637029628,0.39501626960706065
MOT20,MOT20-02,2441,26,6.069474220275879,42.84235763549805,7.058660450748354,0.47384737392508935
MOT20,MOT20-02,2451,32,5.847014427185059,44.31000900268555,7.578228094781325,0.377632263596259
MOT20,MOT20-02,2461,26,5.90023136138916,42.67624282836914,7.232977863824203,0.442467476842009
MOT20,MOT20-02,2471,28,5.769120693206787,41.286712646484375,7.1565000702966755,0.3883483244161454
MOT20,MOT20-02,2481,28,5.8276567459106445,43.83572769165039,7.522016069736878,0.42187753666705974
MOT20,MOT20-02,2491,26,5.822687149047852,47.27326583862305,8.118805738404365,0.3190100579643832
MOT20,MOT20-02,2501,28,5.77135705947876,40.13458251953125,6.954097988724338,0.339223159761355
MOT20,MOT20-02,2511,29,5.474545001983643,41.596004486083984,7.598075177208721,0.38318497420764946
MOT20,MOT20-02,2521,30,5.270583152770996,41.509765625,7.875744376251107,0.4297316268330329
MOT20,MOT20-02,2531,26,5.754848003387451,43.39308166503906,7.54026546652436,0.36213650693571264
MOT20,MOT20-02,2541,28,5.34719705581665,45.57324981689453,8.52282968837294,0.44038668417561166
MOT20,MOT20-02,2551,29,4.892852783203125,45.683624267578125,9.336807439702113,0.4524986097864544
MOT20,MOT20-02,2561,28,5.3058085441589355,45.275352478027344,8.53316739592312,0.4052000785109121
MOT20,MOT20-02,2571,29,4.71136474609375,50.17530822753906,10.649845836949904,0.34758543702841693
MOT20,MOT20-02,2581,27,5.707710266113281,49.3173713684082,8.640482622463479,0.3834465217148063
MOT20,MOT20-02,2591,27,5.867710113525391,48.459903717041016,8.258741958867107,0.5319980145231815
MOT20,MOT20-02,2601,25,5.607524394989014,52.39661407470703,9.343983259623373,0.457535504575308
MOT20,MOT20-02,2611,24,5.555159091949463,48.39033126831055,8.710881266827771,0.42792125007907855
MOT20,MOT20-02,2621,23,5.262361526489258,56.29930114746094,10.698486005582472,0.5130069849017512
MOT20,MOT20-02,2631,27,5.078183650970459,54.751312255859375,10.781672349600079,0.43189682551848707
MOT20,MOT20-02,2641,25,5.071504592895508,49.720245361328125,9.803845081986017,0.40451409586824055
MOT20,MOT20-02,2651,22,5.245217800140381,39.889381408691406,7.6049046824373665,0.39848799097925314
MOT20,MOT20-02,2661,22,5.290712356567383,40.529293060302734,7.660460506796133,0.46196768235237723
MOT20,MOT20-02,2671,21,5.693807601928711,40.5703125,7.125339550682619,0.4135573215170462
MOT20,MOT20-02,2681,21,4.930095672607422,40.270294189453125,8.168258156368603,0.5082591532911817
MOT20,MOT20-02,2691,23,5.399400234222412,43.393795013427734,8.03678059247946,0.4058772825264346
MOT20,MOT20-02,2701,22,4.9590678215026855,46.86555480957031,9.450476681597232,0.5283866674957995
MOT20,MOT20-02,2711,22,5.48407506942749,47.19670486450195,8.606137637978952,0.537899872009211
MOT20,MOT20-02,2721,23,5.150235652923584,50.20906066894531,9.748886080667711,0.664357975248097
MOT20,MOT20-02,2731,23,5.116369724273682,51.335670471191406,10.033612353626184,0.7471832346721339
MOT20,MOT20-02,2741,24,4.852705955505371,49.388492584228516,10.177516016233687,0.685839947762444
MOT20,MOT20-02,2751,24,6.6504058837890625,51.36166763305664,7.7230876627026825,0.5079186820786636
MOT20,MOT20-02,2761,21,6.280635833740234,47.85963821411133,7.620189974557087,0.6980194295452506
MOT20,MOT20-02,2771,20,6.125432968139648,41.94704818725586,6.848013586212759,0.5627940584963762
MOT20,MOT20-02,2781,21,6.0693206787109375,50.50621032714844,8.321559034490734,0.4229261541500563
MOT20,MOT20-03,1,73,6.06413459777832,34.41900634765625,5.675831529245101,0.4616167022850377
MOT20,MOT20-03,11,77,6.120226860046387,32.74149703979492,5.349719510159916,0.4367156636770477
MOT20,MOT20-03,21,76,5.2283148765563965,34.12031936645508,6.526064357647919,0.45088970652004334
MOT20,MOT20-03,31,78,5.120483875274658,35.92344284057617,7.015634404014068,0.43985364710453845
MOT20,MOT20-03,41,79,5.134692192077637,33.790531158447266,6.580828975606948,0.4583390804610972
MOT20,MOT20-03,51,79,5.749177932739258,37.435142517089844,6.51139049009281,0.4393512427688151
MOT20,MOT20-03,61,76,5.301687240600586,35.66569519042969,6.727234854085697,0.39251443970511113
MOT20,MOT20-03,71,76,5.719034194946289,34.854820251464844,6.094529087142866,0.3869659924356744
MOT20,MOT20-03,81,73,6.053258895874023,39.64064407348633,6.548645077861428,0.38644315100677235
MOT20,MOT20-03,91,74,4.807162284851074,40.90694808959961,8.5095833395329,0.4087724566168073
MOT20,MOT20-03,101,74,5.226935386657715,37.88258743286133,7.24757140284544,0.3967111219800209
MOT20,MOT20-03,111,72,4.768693447113037,38.34272766113281,8.040510065570574,0.3880584702290586
MOT20,MOT20-03,121,70,5.1271514892578125,38.458595275878906,7.500967224482386,0.3607650776577857
MOT20,MOT20-03,131,71,5.399730682373047,36.30816650390625,6.724069891565354,0.341760121008094
MOT20,MOT20-03,141,69,5.712029933929443,44.011043548583984,7.704974248674451,0.30784739340176925
MOT20,MOT20-03,151,69,5.167562961578369,36.27531433105469,7.019810808454056,0.30208970884112457
MOT20,MOT20-03,161,70,5.551022052764893,36.981929779052734,6.662183905508448,0.31128367092194426
MOT20,MOT20-03,171,71,6.07132625579834,36.61522674560547,6.030844860402055,0.2909967134324345
MOT20,MOT20-03,181,71,4.908626556396484,42.43605422973633,8.645199169702051,0.3059858482829069
MOT20,MOT20-03,191,72,5.576251029968262,37.626197814941406,6.747579621636145,0.26964258036891275
MOT20,MOT20-03,201,73,5.491962909698486,44.71949768066406,8.14271662353947,0.2546086982969284
MOT20,MOT20-03,211,71,5.344099998474121,45.38828659057617,8.493158175096967,0.2976617159607376
MOT20,MOT20-03,221,72,4.940463066101074,38.07355880737305,7.706475748926107,0.278214598217576
MOT20,MOT20-03,231,75,5.089874744415283,38.74140167236328,7.611464646526156,0.27127218194174363
MOT20,MOT20-03,241,74,5.111574172973633,41.34427261352539,8.088364017512353,0.28075774247296126
MOT20,MOT20-03,251,77,5.549091339111328,41.20099639892578,7.4248185659751655,0.27217995072218143
MOT20,MOT20-03,261,74,5.624138355255127,39.617252349853516,7.044146115793121,0.32168662564186196
MOT20,MOT20-03,271,75,5.028397083282471,38.09358596801758,7.575691684068553,0.3221045604447274
MOT20,MOT20-03,281,80,5.202677249908447,37.69103240966797,7.244545567444382,0.31908300894757713
MOT20,MOT20-03,291,77,5.657874584197998,37.879547119140625,6.695013570101968,0.2943716529785214
MOT20,MOT20-03,301,79,5.947076797485352,39.34636306762695,6.616084575242761,0.30559367047590963
MOT20,MOT20-03,311,81,5.911924839019775,38.784446716308594,6.560375473707686,0.3213781011596927
MOT20,MOT20-03,321,84,6.019448757171631,37.786685943603516,6.277432945763361,0.2512775217643266
MOT20,MOT20-03,331,86,5.122174263000488,37.95374298095703,7.409693819890527,0.27911273997234787
MOT20,MOT20-03,341,87,5.238489627838135,38.150630950927734,7.2827539350635435,0.3656005266161254
MOT20,MOT20-03,351,89,5.476485729217529,37.588523864746094,6.863621257005755,0.3398488073857353
MOT20,MOT20-03,361,88,5.805016040802002,37.808250427246094,6.513031171921211,0.31342795456501066
MOT20,MOT20-03,371,88,5.543369770050049,38.510929107666016,6.9472055275357025,0.3593438147471417
MOT20,MOT20-03,381,89,5.011816024780273,40.1346321105957,8.008001872406176,0.3200344641914826
MOT20,MOT20-03,391,87,4.963680267333984,35.92905807495117,7.238390899470412,0.34713494726434463
MOT20,MOT20-03,401,92,5.270956516265869,36.143978118896484,6.857195275157031,0.36013767708208644
MOT20,MOT20-03,411,94,5.153928279876709,34.4962158203125,6.693188951619969,0.3803359186152956
MOT20,MOT20-03,421,90,5.360099792480469,38.48897171020508,7.18064461490067,0.3858752188032656
MOT20,MOT20-03,431,86,5.551907062530518,36.619598388671875,6.5958594004239215,0.40240314585759807
MOT20,MOT20-03,441,90,5.546168327331543,36.35989761352539,6.555859012490416,0.43649220104265235
MOT20,MOT20-03,451,90,4.945466041564941,38.12813949584961,7.7097161673734504,0.4489526163299846
MOT20,MOT20-03,461,89,5.198999404907227,37.22377014160156,7.15979503795804,0.4599987413543145
MOT20,MOT20-03,471,91,5.101386070251465,38.598026275634766,7.566184120178173,0.47461561371082167
MOT20,MOT20-03,481,91,4.938373565673828,40.86941909790039,8.275886494691267,0.5102289842764123
MOT20,MOT20-03,491,91,4.934502601623535,37.8803596496582,7.6766318123319905,0.5154394430097329
MOT20,MOT20-03,501,92,4.792595386505127,34.795467376708984,7.26025557565014,0.49854115802707516
MOT20,MOT20-03,511,93,5.204021453857422,34.61591720581055,6.651762970760217,0.5046631369933381
MOT20,MOT20-03,521,92,5.074958801269531,34.69524002075195,6.8365559957004445,0.4884299996787642
MOT20,MOT20-03,531,95,4.549196720123291,35.98244094848633,7.909625184885639,0.5101856046627349
MOT20,MOT20-03,541,94,5.077455043792725,35.30854415893555,6.953984595511258,0.46805240786878105
MOT20,MOT20-03,551,96,4.903030872344971,35.6565055847168,7.272339602394421,0.47903676724392297
MOT20,MOT20-03,561,97,5.1791205406188965,35.72904586791992,6.898670457214413,0.446161297600401
MOT20,MOT20-03,571,100,5.343364238739014,35.204280853271484,6.588411210683137,0.427139486054051
MOT20,MOT20-03,581,103,5.4111456871032715,36.23511505126953,6.69638504423028,0.43112308686145895
MOT20,MOT20-03,591,101,5.599849700927734,36.478858947753906,6.514256791876112,0.4290586630369007
MOT20,MOT20-03,601,104,5.284292697906494,36.1572265625,6.842396632727138,0.4118850313648044
MOT20,MOT20-03,611,107,4.978060722351074,32.63706970214844,6.556181517756651,0.4120911604333304
MOT20,MOT20-03,621,109,5.374766826629639,31.430038452148438,5.847702694082695,0.46824598046408106
MOT20,MOT20-03,631,109,5.17587947845459,34.07692337036133,6.583793829089697,0.39302371877199366
MOT20,MOT20-03,641,104,5.537694931030273,34.08645248413086,6.155350359429995,0.4033556610940747
MOT20,MOT20-03,651,104,5.377797603607178,33.28370666503906,6.189096191108772,0.46416697863590595
MOT20,MOT20-03,661,101,5.3448710441589355,34.33249282836914,6.423446430178873,0.465451668901131
MOT20,MOT20-03,671,103,5.326450347900391,34.44081497192383,6.465997563555605,0.40673197191938637
MOT20,MOT20-03,681,105,5.160619735717773,35.07369613647461,6.796411658414185,0.4041507689346553
MOT20,MOT20-03,691,100,5.478301048278809,36.17781066894531,6.60383764056044,0.33632782066122174
MOT20,MOT20-03,701,95,5.6168131828308105,36.77946090698242,6.54810115803887,0.3533198332633875
MOT20,MOT20-03,711,95,5.622082710266113,34.556983947753906,6.146651646488887,0.36676372335886415
MOT20,MOT20-03,721,95,5.485496520996094,36.80417251586914,6.709360287623697,0.35056805754989023
MOT20,MOT20-03,731,94,5.522672653198242,36.37483215332031,6.586454500839414,0.3421248526361941
MOT20,MOT20-03,741,94,5.544800281524658,37.491092681884766,6.761486578119962,0.3590032505986672
MOT20,MOT20-03,751,97,5.201189994812012,34.870567321777344,6.704344074444387,0.31023519470245614
MOT20,MOT20-03,761,95,5.233241081237793,35.10467529296875,6.708017985035311,0.2917143611164976
MOT20,MOT20-03,771,92,5.117063522338867,34.608951568603516,6.76343989429014,0.27154310980257995
MOT20,MOT20-03,781,91,5.052525997161865,36.115882873535156,7.148084521251822,0.27188188214122105
MOT20,MOT20-03,791,91,5.2795186042785645,36.73574447631836,6.958161762428001,0.26065543074370967
MOT20,MOT20-03,801,91,5.363219261169434,34.42938232421875,6.419536596889296,0.2466733727098266
MOT20,MOT20-03,811,85,5.285717010498047,34.880645751953125,6.599037686405859,0.24051547972385448
MOT20,MOT20-03,821,85,5.284823417663574,35.61275863647461,6.738684686690827,0.24990863759941723
MOT20,MOT20-03,831,82,4.531771659851074,35.148990631103516,7.756125698587956,0.24888978565270908
MOT20,MOT20-03,841,81,5.162569999694824,36.59838104248047,7.089178654167191,0.23223959518488044
MOT20,MOT20-03,851,79,5.008022785186768,36.29258728027344,7.2468894086551074,0.20052655496207467
MOT20,MOT20-03,861,80,5.131804466247559,37.38451385498047,7.284867165314369,0.21628068451850363
MOT20,MOT20-03,871,78,4.620879650115967,36.358821868896484,7.868376720866126,0.2525561244260928
MOT20,MOT20-03,881,80,5.1352219581604,37.00297164916992,7.205720015737268,0.1872313987981778
MOT20,MOT20-03,891,81,4.96516227722168,34.2422981262207,6.896511375531802,0.1726172585689556
MOT20,MOT20-03,901,81,5.327019214630127,34.97385025024414,6.565369645033746,0.24958871628786872
MOT20,MOT20-03,911,84,5.335808277130127,37.4954948425293,7.027144322864672,0.24246751385569043
MOT20,MOT20-03,921,83,5.35801887512207,35.39515686035156,6.606015709406242,0.23959984620404529
MOT20,MOT20-03,931,82,4.9079365730285645,33.311397552490234,6.787251028375578,0.26465186961599985
MOT20,MOT20-03,941,82,5.061447620391846,34.53483200073242,6.823113581497227,0.2502262769406688
MOT20,MOT20-03,951,84,5.0952229499816895,36.211639404296875,7.106978391284528,0.27742783522907044
MOT20,MOT20-03,961,86,5.271921157836914,35.27438735961914,6.690992961300721,0.30926016911428683
MOT20,MOT20-03,971,84,5.033820629119873,35.08246612548828,6.969351653601173,0.3369870426153002
MOT20,MOT20-03,981,88,5.0167317390441895,36.915687561035156,7.358513367124649,0.3705257836104039
MOT20,MOT20-03,991,91,5.3394646644592285,36.69392395019531,6.872210278764268,0.30318818516729024
MOT20,MOT20-03,1001,92,5.385993003845215,37.49053192138672,6.960746494587192,0.3657661423667926
MOT20,MOT20-03,1011,89,5.429788112640381,38.458648681640625,7.082900452802213,0.35589558895475737
MOT20,MOT20-03,1021,87,5.586474418640137,35.872352600097656,6.421286470122193,0.36286992370686716
MOT20,MOT20-03,1031,90,5.305238723754883,39.292510986328125,7.406360586638806,0.37734168286297837
MOT20,MOT20-03,1041,92,5.390747547149658,37.62686538696289,6.979897511034065,0.401265502637585
MOT20,MOT20-03,1051,89,5.114792823791504,37.561527252197266,7.343704534322385,0.3751745165041043
MOT20,MOT20-03,1061,91,4.945125102996826,37.21257019042969,7.525101876164521,0.3949229366956138
MOT20,MOT20-03,1071,95,5.551750659942627,36.09016418457031,6.5006817480061825,0.41386962697344015
MOT20,MOT20-03,1081,92,5.963902950286865,37.245323181152344,6.245125631925455,0.5029511331434664
MOT20,MOT20-03,1091,88,5.945123672485352,39.4766960144043,6.640180791714483,0.572610901222379
MOT20,MOT20-03,1101,89,5.77864933013916,36.949283599853516,6.394103792929707,0.5681791008446075
MOT20,MOT20-03,1111,91,5.840644359588623,38.29722213745117,6.557020044300143,0.551733885795122
MOT20,MOT20-03,1121,92,5.324837684631348,39.13191604614258,7.3489406370237145,0.5793777394778276
MOT20,MOT20-03,1131,95,4.964550971984863,39.33784866333008,7.923747562531828,0.6023932443177984
MOT20,MOT20-03,1141,98,4.973499298095703,38.185630798339844,7.677819681800436,0.5696311995646784
MOT20,MOT20-03,1151,98,4.979767322540283,40.7522087097168,8.183556794964517,0.5555852821535963
MOT20,MOT20-03,1161,98,4.853600978851318,39.03797149658203,8.043094532633168,0.556283867522797
MOT20,MOT20-03,1171,100,4.8743815422058105,39.2241325378418,8.04699677245447,0.5361710912918195
MOT20,MOT20-03,1181,101,5.13157844543457,42.282527923583984,8.239672914130667,0.5044494630093083
MOT20,MOT20-03,1191,104,5.433748245239258,39.894649505615234,7.342012862036563,0.511011180811644
MOT20,MOT20-03,1201,109,5.027019023895264,39.92153549194336,7.941393359002954,0.571238927260624
MOT20,MOT20-03,1211,106,4.924904823303223,40.35392379760742,8.193848459093939,0.5797372823343803
MOT20,MOT20-03,1221,106,4.98530387878418,41.96119689941406,8.416978767931715,0.5671071059900661
MOT20,MOT20-03,1231,110,4.950193405151367,45.07135009765625,9.104967505058129,0.5899852058886177
MOT20,MOT20-03,1241,112,5.069919586181641,42.73163986206055,8.428465015210124,0.5843401706922571
MOT20,MOT20-03,1251,109,4.992384910583496,38.791439056396484,7.770121845805885,0.600910047156848
MOT20,MOT20-03,1261,104,4.966416835784912,39.9100456237793,8.035983877996772,0.5973874985484632
MOT20,MOT20-03,1271,106,5.064413070678711,40.327701568603516,7.96295661625385,0.6047265249469314
MOT20,MOT20-03,1281,108,5.3958516120910645,38.044918060302734,7.050771740099635,0.5480679875926591
MOT20,MOT20-03,1291,110,5.4843668937683105,42.977352142333984,7.836337899123344,0.5546011412531433
MOT20,MOT20-03,1301,112,5.01455545425415,37.80140686035156,7.538336589394449,0.5347572090151085
MOT20,MOT20-03,1311,111,5.255809307098389,39.643524169921875,7.54280108990639,0.5464568959080498
MOT20,MOT20-03,1321,110,5.666595458984375,40.90254592895508,7.218187044586742,0.5294756362407255
MOT20,MOT20-03,1331,108,5.618633270263672,36.99654006958008,6.5846155621834885,0.5384666070371809
MOT20,MOT20-03,1341,108,5.315726280212402,38.69271469116211,7.27891404702201,0.5235943956243245
MOT20,MOT20-03,1351,110,5.601901531219482,37.89061737060547,6.763884934328189,0.47639891852885846
MOT20,MOT20-03,1361,117,5.496184825897217,36.85409164428711,6.705395253564989,0.55084698678688
MOT20,MOT20-03,1371,120,5.515542030334473,41.678810119628906,7.556611823534853,0.5300271564288097
MOT20,MOT20-03,1381,121,5.288171768188477,40.4014892578125,7.639972948846268,0.5303619503845385
MOT20,MOT20-03,1391,119,5.645927429199219,38.21961212158203,6.769412572311942,0.5178434112619432
MOT20,MOT20-03,1401,124,5.2514214515686035,39.03176498413086,7.432609502798912,0.553469630290055
MOT20,MOT20-03,1411,129,5.560873985290527,52.36783981323242,9.417195921316399,0.5868866791382488
MOT20,MOT20-03,1421,130,4.951920509338379,38.90768051147461,7.8570890704126075,0.5412475698134713
MOT20,MOT20-03,1431,126,5.724072456359863,36.70611572265625,6.41258754191224,0.5048350489061313
MOT20,MOT20-03,1441,120,5.435650825500488,38.540870666503906,7.090387499817973,0.497597227215199
MOT20,MOT20-03,1451,121,5.373189926147461,38.06729507446289,7.084673275593084,0.4995670456372161
MOT20,MOT20-03,1461,121,5.550426006317139,38.116085052490234,6.867235957944301,0.5036072644097062
MOT20,MOT20-03,1471,122,5.119887828826904,38.073970794677734,7.436485342570766,0.49678450364898397
MOT20,MOT20-03,1481,122,5.211527347564697,40.995819091796875,7.866373206494614,0.4877682081838276
MOT20,MOT20-03,1491,124,5.017275810241699,43.31097412109375,8.63236859187283,0.5056864885422778
MOT20,MOT20-03,1501,125,5.31867790222168,37.172481536865234,6.989045439532598,0.4929232724266977
MOT20,MOT20-03,1511,128,5.72681188583374,38.788455963134766,6.773132545017712,0.47771813649889405
MOT20,MOT20-03,1521,131,5.771273612976074,35.62726974487305,6.173207533388999,0.48139352432227467
MOT20,MOT20-03,1531,130,6.04299783706665,39.16070556640625,6.480344130888414,0.4650848878025077
MOT20,MOT20-03,1541,132,5.359217643737793,38.39378356933594,7.164065003816144,0.4709439384391952
MOT20,MOT20-03,1551,135,5.514037609100342,40.120033264160156,7.2759810701955026,0.4739278997027339
MOT20,MOT20-03,1561,134,5.44555139541626,39.991127014160156,7.343815916937686,0.44770573846236406
MOT20,MOT20-03,1571,135,5.773993492126465,40.35468292236328,6.9890419823631165,0.42524274551255864
MOT20,MOT20-03,1581,132,5.759126663208008,38.560035705566406,6.695465816354749,0.3903084269728807
MOT20,MOT20-03,1591,136,5.308312892913818,41.933467864990234,7.899584804235659,0.4478225146193721
MOT20,MOT20-03,1601,140,5.647597789764404,41.29914855957031,7.31269295317384,0.47616305101700984
MOT20,MOT20-03,1611,138,4.897601127624512,35.08342361450195,7.1633893206649315,0.46034876775929456
MOT20,MOT20-03,1621,139,5.446557521820068,35.94547653198242,6.599668944645713,0.46204889100176
MOT20,MOT20-03,1631,138,4.875524044036865,36.963706970214844,7.581483884880899,0.4470979735765457
MOT20,MOT20-03,1641,137,5.314132213592529,34.67737579345703,6.525501135398732,0.47228521958187386
MOT20,MOT20-03,1651,137,5.43891716003418,37.615928649902344,6.916069420271508,0.4743414127291632
MOT20,MOT20-03,1661,144,4.847127437591553,34.81669616699219,7.182954567477177,0.4511805062422131
MOT20,MOT20-03,1671,140,5.644176006317139,35.48334503173828,6.286718378736632,0.4146058123086503
MOT20,MOT20-03,1681,138,5.5346360206604,36.85395431518555,6.6587855421047335,0.38419457344803165
MOT20,MOT20-03,1691,137,5.923047065734863,34.9314079284668,5.897540158096467,0.37570924286339985
MOT20,MOT20-03,1701,140,5.345754146575928,34.01890563964844,6.3637243140779844,0.37625201043392237
MOT20,MOT20-03,1711,143,5.6287055015563965,37.33699035644531,6.633317437929776,0.40267340990512784
MOT20,MOT20-03,1721,145,5.469778060913086,41.70781326293945,7.625138131468728,0.4182403678715942
MOT20,MOT20-03,1731,149,5.706655502319336,41.2061767578125,7.220722670409177,0.4082258579672571
MOT20,MOT20-03,1741,150,5.425329685211182,36.17997741699219,6.668714993600223,0.39626928361645897
MOT20,MOT20-03,1751,144,5.467719554901123,36.91765213012695,6.751928616571953,0.3944464235656129
MOT20,MOT20-03,1761,145,5.610113143920898,36.05327606201172,6.426479312824366,0.4415180578235834
MOT20,MOT20-03,1771,150,5.724889755249023,38.209354400634766,6.674251563639538,0.39893576175788104
MOT20,MOT20-03,1781,151,5.47332763671875,37.964168548583984,6.93621340953443,0.41436085506175646
MOT20,MOT20-03,1791,151,5.750964164733887,39.759674072265625,6.913566653063194,0.44618920015598285
MOT20,MOT20-03,1801,149,5.868124008178711,39.182525634765625,6.67718091508545,0.431268916043869
MOT20,MOT20-03,1811,145,5.326033115386963,39.7073974609375,7.455341827714595,0.43437794432576426
MOT20,MOT20-03,1821,142,5.643890857696533,38.29237747192383,6.78474804659002,0.3949301635884359
MOT20,MOT20-03,1831,136,5.987137317657471,37.642005920410156,6.287145913522822,0.3400309900866112
MOT20,MOT20-03,1841,139,5.32533597946167,36.47849655151367,6.849989689326837,0.3670229542668978
MOT20,MOT20-03,1851,141,6.09132194519043,38.86673355102539,6.380673013304392,0.3758166865881851
MOT20,MOT20-03,1861,139,5.823318958282471,38.4554328918457,6.603696820891251,0.3982331677760867
MOT20,MOT20-03,1871,138,5.376250743865967,40.2481803894043,7.486291526734585,0.3745577469526745
MOT20,MOT20-03,1881,140,5.598416805267334,40.7502555847168,7.278889193526366,0.3752679794285274
MOT20,MOT20-03,1891,136,5.1164631843566895,38.03208923339844,7.433277219638656,0.3747984016379604
MOT20,MOT20-03,1901,135,5.375476360321045,37.17066192626953,6.914859155672959,0.3395674065794872
MOT20,MOT20-03,1911,139,5.295530796051025,38.04951858520508,7.185213352659436,0.3504462517385132
MOT20,MOT20-03,1921,141,5.609124183654785,39.035953521728516,6.9593669606176425,0.36530886056129225
MOT20,MOT20-03,1931,139,5.691898345947266,38.97743606567383,6.847879863038395,0.3429666024549113
MOT20,MOT20-03,1941,139,5.56196928024292,37.42552185058594,6.728825702710708,0.33176988248683204
MOT20,MOT20-03,1951,138,5.568354606628418,38.20481872558594,6.861060658764074,0.32103282000254235
MOT20,MOT20-03,1961,148,4.971553802490234,44.184574127197266,8.887477815298984,0.35412879821424825
MOT20,MOT20-03,1971,142,5.842175483703613,38.882633209228516,6.655505867238876,0.36294054714167323
MOT20,MOT20-03,1981,149,5.927273750305176,38.10017776489258,6.427942991992047,0.3593408527006351
MOT20,MOT20-03,1991,146,5.70989990234375,37.52411651611328,6.5717643317548715,0.38396611567637595
MOT20,MOT20-03,2001,144,5.871899604797363,36.11719512939453,6.150853652178701,0.3697805914641734
MOT20,MOT20-03,2011,145,5.644184112548828,34.123497009277344,6.045780280875297,0.37586905352131933
MOT20,MOT20-03,2021,137,5.771888732910156,37.23326873779297,6.450794611735377,0.36295392768993234
MOT20,MOT20-03,2031,134,4.8546929359436035,37.26618194580078,7.676321126283011,0.4123933809682239
MOT20,MOT20-03,2041,133,4.643069267272949,36.2653694152832,7.810645787884881,0.37094280895647497
MOT20,MOT20-03,2051,124,5.190985202789307,36.863975524902344,7.101537393151107,0.3632783730534717
MOT20,MOT20-03,2061,131,5.085631847381592,36.66477966308594,7.209483651861923,0.3964665297834215
MOT20,MOT20-03,2071,129,4.895669937133789,37.5516242980957,7.670375000827898,0.40718962729240177
MOT20,MOT20-03,2081,132,5.123010158538818,37.10904312133789,7.243601315036648,0.39611385716989084
MOT20,MOT20-03,2091,133,5.411863803863525,36.547847747802734,6.753282985745365,0.3874805024046157
MOT20,MOT20-03,2101,134,5.639915466308594,40.157958984375,7.120312214654339,0.3968394593495468
MOT20,MOT20-03,2111,141,5.314504623413086,40.738853454589844,7.665597518744184,0.3951429549237715
MOT20,MOT20-03,2121,140,5.7893877029418945,36.85249710083008,6.365525853814104,0.3921858604777343
MOT20,MOT20-03,2131,143,5.329535007476807,35.8216552734375,6.721347213815705,0.3656059785731978
MOT20,MOT20-03,2141,146,5.177944660186768,41.72411346435547,8.058045460619212,0.41095646891601906
MOT20,MOT20-03,2151,146,5.4560227394104,39.70243453979492,7.276808847040349,0.40440632101999396
MOT20,MOT20-03,2161,140,5.9026665687561035,44.807708740234375,7.591096027244668,0.464770469934348
MOT20,MOT20-03,2171,136,5.948062419891357,39.24741744995117,6.598353325731917,0.48183488814161396
MOT20,MOT20-03,2181,138,5.469901084899902,37.61196517944336,6.8761691657046935,0.49304468963645953
MOT20,MOT20-03,2191,141,5.110934734344482,37.47148513793945,7.331630530544325,0.5250089681138754
MOT20,MOT20-03,2201,140,5.480075359344482,36.82963562011719,6.720644006713566,0.4729041030558204
MOT20,MOT20-03,2211,136,5.245110511779785,34.44340896606445,6.5667651594202585,0.48030555584572177
MOT20,MOT20-03,2221,138,5.789613246917725,34.5172119140625,5.961920156314203,0.5010642014894391
MOT20,MOT20-03,2231,143,5.8366312980651855,37.75071716308594,6.467894789859368,0.4567734697781728
MOT20,MOT20-03,2241,136,6.020380020141602,39.2224235534668,6.514941485794159,0.4540483407019238
MOT20,MOT20-03,2251,144,5.258720874786377,39.43505096435547,7.498981578092871,0.455792521181541
MOT20,MOT20-03,2261,148,5.363979816436768,39.540611267089844,7.3715063479407785,0.4984232058140169
MOT20,MOT20-03,2271,145,5.303728103637695,37.982940673828125,7.161555029145738,0.48869714547563664
MOT20,MOT20-03,2281,142,5.366307735443115,37.71974182128906,7.028993431025142,0.4930903463781083
MOT20,MOT20-03,2291,143,5.429884910583496,41.36961364746094,7.6188748617538105,0.505934976262573
MOT20,MOT20-03,2301,145,5.506885528564453,38.601871490478516,7.0097464874199655,0.5334683699365576
MOT20,MOT20-03,2311,147,5.237481594085693,39.42677688598633,7.52781201761322,0.5082950280495928
MOT20,MOT20-03,2321,147,5.326247215270996,35.482810974121094,6.661878343233408,0.5054070530567302
MOT20,MOT20-03,2331,147,5.445277214050293,37.94622039794922,6.968648042387571,0.5187522125431246
MOT20,MOT20-03,2341,150,5.102435111999512,39.29135513305664,7.700510495597342,0.5177378284102465
MOT20,MOT20-03,2351,151,5.780457019805908,38.054290771484375,6.583266797261324,0.5485211161539117
MOT20,MOT20-03,2361,158,5.97379732131958,39.25412368774414,6.571050468627736,0.5551409215749015
MOT20,MOT20-03,2371,160,5.6631083488464355,40.06373977661133,7.074514084614369,0.5286292415321661
MOT20,MOT20-03,2381,153,5.8129658699035645,41.12541580200195,7.074773312351172,0.520541041835343
MOT20,MOT20-03,2391,156,5.709129333496094,37.23740768432617,6.522431969766419,0.5043544970241203
MOT20,MOT20-03,2401,150,5.522555351257324,38.03797912597656,6.887749729356072,0.49036707757376996
MOT20,MOT20-05,1,184,5.671945571899414,29.855545043945312,5.263722062471648,0.3219125015181995
MOT20,MOT20-05,11,186,6.039672374725342,30.772354125976562,5.0950369849119435,0.32015497659462105
MOT20,MOT20-05,21,179,5.685179710388184,32.63841247558594,5.7409640747059845,0.32857780495568106
MOT20,MOT20-05,31,173,6.047197341918945,32.33860778808594,5.34770174671098,0.33552835585795526
MOT20,MOT20-05,41,174,5.941220283508301,31.730268478393555,5.340698874012592,0.3559695369099488
MOT20,MOT20-05,51,175,6.041270732879639,32.85608673095703,5.438605251067074,0.37137782362135935
MOT20,MOT20-05,61,172,5.771687984466553,36.27145004272461,6.2843747167800155,0.3746318179272931
MOT20,MOT20-05,71,167,5.735238075256348,32.97999572753906,5.750414419555714,0.3752283093956801
MOT20,MOT20-05,81,164,5.840534687042236,32.859771728515625,5.626158132648035,0.3724317517540774
MOT20,MOT20-05,91,150,6.51287841796875,33.66068649291992,5.168327171600739,0.35953483128701297
MOT20,MOT20-05,101,149,5.106766700744629,35.08544158935547,6.870382699142999,0.3240005476842115
MOT20,MOT20-05,111,147,5.927639484405518,35.6952018737793,6.021824027538538,0.30254050650156017
MOT20,MOT20-05,121,144,6.445523262023926,33.881927490234375,5.25666049331661,0.3189238309529475
MOT20,MOT20-05,131,143,5.54721736907959,34.869232177734375,6.285896127326263,0.35644184545849694
MOT20,MOT20-05,141,140,5.445239067077637,32.16945266723633,5.907812727954496,0.39380431374384084
MOT20,MOT20-05,151,142,5.324588775634766,32.741661071777344,6.149143614921526,0.405832254183472
MOT20,MOT20-05,161,143,5.165472030639648,32.17231750488281,6.228340278303445,0.34169179648465753
MOT20,MOT20-05,171,141,5.7166643142700195,33.376461029052734,5.838450395930706,0.3092348394320736
MOT20,MOT20-05,181,142,5.901028633117676,33.16061782836914,5.6194639765456404,0.28538023415785774
MOT20,MOT20-05,191,143,5.745158672332764,34.18416213989258,5.950081466768688,0.32192321046377115
MOT20,MOT20-05,201,138,6.138190269470215,32.197166442871094,5.245384230432143,0.3056012206003469
MOT20,MOT20-05,211,142,5.299132823944092,33.39903259277344,6.302735504545227,0.27969619745122176
MOT20,MOT20-05,221,140,5.937898635864258,33.2003059387207,5.591255084449318,0.3150090609660756
MOT20,MOT20-05,231,135,5.662040710449219,32.22150421142578,5.690793454021168,0.3087687792509016
MOT20,MOT20-05,241,139,6.178491115570068,32.923954010009766,5.328801708080467,0.2863270693228021
MOT20,MOT20-05,251,142,5.174273490905762,33.9816780090332,6.567429817685318,0.2874389258277172
MOT20,MOT20-05,261,138,5.8241868019104,35.21479034423828,6.046301662695198,0.3051401230725976
MOT20,MOT20-05,271,137,5.705300331115723,31.015844345092773,5.436321060249487,0.29147449874331494
MOT20,MOT20-05,281,139,5.5628342628479,31.864660263061523,5.7281340333782245,0.3266060839145063
MOT20,MOT20-05,291,144,6.025132179260254,33.32775115966797,5.531455604308392,0.2916296109124907
MOT20,MOT20-05,301,150,6.44359827041626,33.02308654785156,5.124944970493677,0.2893941870864865
MOT20,MOT20-05,311,149,6.011176109313965,34.23675537109375,5.695516941858666,0.2798253449203499
MOT20,MOT20-05,321,156,5.774395942687988,32.8092155456543,5.681843758428101,0.2714820535632495
MOT20,MOT20-05,331,149,6.289129734039307,30.451642990112305,4.8419486125871645,0.3306922730192248
MOT20,MOT20-05,341,150,6.132040977478027,33.105125427246094,5.398712361648552,0.3155475009994293
MOT20,MOT20-05,351,148,6.622110366821289,31.976057052612305,4.828680780196855,0.3438181036098197
MOT20,MOT20-05,361,148,6.049461841583252,31.138456344604492,5.147310150890216,0.3764205335872782
MOT20,MOT20-05,371,151,6.43908166885376,36.5367546081543,5.674218232839763,0.35464981206877405
MOT20,MOT20-05,381,149,6.739522457122803,33.52653503417969,4.974615819960134,0.3298635936171161
MOT20,MOT20-05,391,146,6.546145439147949,31.99532127380371,4.887658175521417,0.3368633513865297
MOT20,MOT20-05,401,144,6.889432430267334,32.37295150756836,4.698928661429977,0.32299879788001146
MOT20,MOT20-05,411,141,6.570940017700195,34.33583068847656,5.225406196980318,0.3487234298013135
MOT20,MOT20-05,421,136,6.799046993255615,32.36899948120117,4.760814201359387,0.32752899521799655
MOT20,MOT20-05,431,133,6.6798529624938965,31.09833526611328,4.655541887033221,0.35792630671897546
MOT20,MOT20-05,441,133,5.3507795333862305,33.3014030456543,6.223654485831444,0.35215624965541975
MOT20,MOT20-05,451,131,5.982735633850098,31.221155166625977,5.21854166344537,0.3265101014302504
MOT20,MOT20-05,461,132,5.7025604248046875,31.404953002929688,5.5071670729390485,0.328974892959834
MOT20,MOT20-05,471,140,5.820126056671143,30.963054656982422,5.319997257016789,0.3066009440380688
MOT20,MOT20-05,481,137,6.136388778686523,31.135305404663086,5.073880832453955,0.31206458947298465
MOT20,MOT20-05,491,137,6.067229270935059,31.64691925048828,5.216041431315645,0.3272625875982238
MOT20,MOT20-05,501,138,6.1871562004089355,31.970951080322266,5.1673095109848965,0.31962214742115574
MOT20,MOT20-05,511,137,5.946798324584961,32.368202209472656,5.44296282516554,0.33659234183581105
MOT20,MOT20-05,521,140,6.220248699188232,32.53482437133789,5.230470025351851,0.3353709511624164
MOT20,MOT20-05,531,138,6.348212718963623,30.932462692260742,4.8726254241383735,0.33890096790590396
MOT20,MOT20-05,541,136,6.522454261779785,30.700115203857422,4.706834877134158,0.31743150858074104
MOT20,MOT20-05,551,137,6.648602485656738,35.83688735961914,5.3901383692183895,0.32921209611262975
MOT20,MOT20-05,561,137,5.124565124511719,32.2684211730957,6.296811610169618,0.29781074567462446
MOT20,MOT20-05,571,140,5.611626148223877,33.2349967956543,5.922525114431123,0.29868919256205095
MOT20,MOT20-05,581,135,5.553167819976807,33.64418029785156,6.058556375123574,0.3120118708984527
MOT20,MOT20-05,591,141,5.43552303314209,35.957298278808594,6.615241635361613,0.31875080364447284
MOT20,MOT20-05,601,148,5.396640777587891,30.8978214263916,5.725380417149396,0.31821783850811536
MOT20,MOT20-05,611,148,5.211108684539795,33.13905334472656,6.359309573228206,0.2899778799326789
MOT20,MOT20-05,621,154,5.557978630065918,36.09374237060547,6.494041228470394,0.33454699256677595
MOT20,MOT20-05,631,149,5.948318004608154,33.50400161743164,5.6325168882154815,0.3216659039409946
MOT20,MOT20-05,641,141,5.586007118225098,32.609642028808594,5.837737285084235,0.3218443457732673
MOT20,MOT20-05,651,146,5.486843109130859,31.215593338012695,5.689171845658511,0.3186307413040288
MOT20,MOT20-05,661,147,5.4980387687683105,30.46444320678711,5.540965512982706,0.3142665967987745
MOT20,MOT20-05,671,148,5.325589656829834,31.246545791625977,5.867246221562275,0.36822371826547196
MOT20,MOT20-05,681,140,5.6349196434021,30.667287826538086,5.442364712768578,0.31996870202446326
MOT20,MOT20-05,691,135,5.365589618682861,32.41968536376953,6.042147772704219,0.3222122853340203
MOT20,MOT20-05,701,138,5.3033342361450195,30.900848388671875,5.82668317943574,0.3202874750814102
MOT20,MOT20-05,711,134,5.582186698913574,30.95018768310547,5.544455847227236,0.3755205614011582
MOT20,MOT20-05,721,137,5.708883762359619,32.47153854370117,5.687896250015766,0.32955286351278484
MOT20,MOT20-05,731,137,5.636492729187012,29.508251190185547,5.2352149834923525,0.34083054044390404
MOT20,MOT20-05,741,138,5.3077073097229,30.59710693359375,5.764656027197388,0.38055327776795744
MOT20,MOT20-05,751,140,5.428319931030273,29.13507080078125,5.367235382394186,0.3650270082997854
MOT20,MOT20-05,761,134,5.4854044914245605,33.534488677978516,6.113403073629963,0.34684331415931147
MOT20,MOT20-05,771,129,5.462155818939209,31.195775985717773,5.711257060362702,0.3910178061148572
MOT20,MOT20-05,781,130,5.860795497894287,31.963329315185547,5.453752707575206,0.38696001193268187
MOT20,MOT20-05,791,130,5.319304466247559,31.36236572265625,5.895952360249171,0.38423305125432605
MOT20,MOT20-05,801,132,5.266369342803955,32.04473114013672,6.0847861314404605,0.373445800015767
MOT20,MOT20-05,811,139,5.536187648773193,30.45643424987793,5.501337053961133,0.36815927013323224
MOT20,MOT20-05,821,147,5.451665878295898,30.821725845336914,5.653634418067323,0.36444185206611757
MOT20,MOT20-05,831,152,5.690179824829102,32.49122619628906,5.710052616353808,0.3931410406315411
MOT20,MOT20-05,841,153,5.494406223297119,32.77607727050781,5.965353841427351,0.378134709032817
MOT20,MOT20-05,851,157,5.515297889709473,31.986440658569336,5.799585316733323,0.3837124431406953
MOT20,MOT20-05,861,153,6.015994071960449,31.586624145507812,5.250441368073787,0.399505389635159
MOT20,MOT20-05,871,154,5.8003740310668945,30.861602783203125,5.320622880163916,0.37875572170293526
MOT20,MOT20-05,881,151,6.118565559387207,30.97657585144043,5.062718630826083,0.38918041172340245
MOT20,MOT20-05,891,154,6.0234222412109375,30.84334373474121,5.12056809229109,0.38296556624065137
MOT20,MOT20-05,901,158,5.74167537689209,32.59880065917969,5.677576407467516,0.3659171162863907
MOT20,MOT20-05,911,163,5.533233642578125,30.826107025146484,5.5710835681942275,0.359227474629316
MOT20,MOT20-05,921,162,6.033836841583252,34.02492141723633,5.639019136670647,0.37170127795449504
MOT20,MOT20-05,931,159,6.054233551025391,29.96280860900879,4.949067186866959,0.3647905421024237
MOT20,MOT20-05,941,153,5.837882041931152,30.487464904785156,5.222350278029942,0.4233681923185833
MOT20,MOT20-05,951,147,5.1721062660217285,31.53937339782715,6.0979747467730485,0.4181516555452738
MOT20,MOT20-05,961,156,5.407735347747803,30.801963806152344,5.695908143689142,0.35030752171883794
MOT20,MOT20-05,971,158,5.466213226318359,30.823471069335938,5.638907556867548,0.37517657294311924
MOT20,MOT20-05,981,157,5.390865325927734,30.434167861938477,5.645506986710143,0.37870426939093893
MOT20,MOT20-05,991,157,5.296389102935791,32.1109619140625,6.062802654786707,0.38040002042265153
MOT20,MOT20-05,1001,156,5.498011112213135,31.31705665588379,5.696070090931049,0.4101619530193624
MOT20,MOT20-05,1011,165,5.646413803100586,31.55330467224121,5.588202666781968,0.35267917134807014
MOT20,MOT20-05,1021,165,5.469979286193848,34.31724166870117,6.27374252683505,0.3924243671557995
MOT20,MOT20-05,1031,158,5.484922885894775,35.36335754394531,6.447375520061913,0.36587621660838343
MOT20,MOT20-05,1041,159,5.911907196044922,33.19292068481445,5.6145875745513365,0.33978675546023607
MOT20,MOT20-05,1051,151,5.732239246368408,32.272071838378906,5.629924092722489,0.34163993413016275
MOT20,MOT20-05,1061,155,5.900179386138916,31.865222930908203,5.400721036680351,0.33998947530514445
MOT20,MOT20-05,1071,152,5.424190521240234,30.512123107910156,5.625193840155452,0.3608787196050589
MOT20,MOT20-05,1081,156,5.397486209869385,30.454172134399414,5.642288085648742,0.36247689963594043
MOT20,MOT20-05,1091,156,5.50446081161499,30.614213943481445,5.561709855192763,0.3532362670387127
MOT20,MOT20-05,1101,148,5.537094593048096,31.320547103881836,5.656494859814251,0.33004098839147816
MOT20,MOT20-05,1111,151,5.679200172424316,31.72500228881836,5.586174342447188,0.3548237226525203
MOT20,MOT20-05,1121,153,5.712923526763916,31.652244567871094,5.540463550682342,0.3556136782073529
MOT20,MOT20-05,1131,153,5.885631084442139,32.45008850097656,5.513442489923287,0.3588126626099756
MOT20,MOT20-05,1141,156,5.522024631500244,34.21318817138672,6.195768844676731,0.3582866996454257
MOT20,MOT20-05,1151,147,5.96885347366333,33.3973388671875,5.595268675055979,0.34341026316312334
MOT20,MOT20-05,1161,145,5.30221700668335,32.55726623535156,6.140311909964023,0.3774555442976233
MOT20,MOT20-05,1171,149,5.517055988311768,32.97404479980469,5.976746451307053,0.36224728135135315
MOT20,MOT20-05,1181,154,5.7892680168151855,32.75023651123047,5.657059997240749,0.40368586298895714
MOT20,MOT20-05,1191,156,5.637531280517578,33.0133056640625,5.855986250249519,0.3743229431934819
MOT20,MOT20-05,1201,151,5.69020414352417,33.59934997558594,5.904770572040764,0.3831211997143345
MOT20,MOT20-05,1211,148,5.774803638458252,32.88246154785156,5.694126347234635,0.361128716081366
MOT20,MOT20-05,1221,149,5.912363529205322,34.322357177734375,5.805183833536641,0.3813501133981052
MOT20,MOT20-05,1231,148,5.658048629760742,30.988697052001953,5.476923066550658,0.4292619543789262
MOT20,MOT20-05,1241,145,5.459158897399902,31.075286865234375,5.69232137207711,0.4136472750295307
MOT20,MOT20-05,1251,146,5.9669599533081055,30.553016662597656,5.120365630350669,0.38588555361597443
MOT20,MOT20-05,1261,144,5.394435882568359,31.825376510620117,5.899667213296759,0.38128948580095284
MOT20,MOT20-05,1271,146,5.180351734161377,30.91798210144043,5.968317150658805,0.4132780736429488
MOT20,MOT20-05,1281,147,5.579447269439697,30.703458786010742,5.502957067841249,0.42360199252533154
MOT20,MOT20-05,1291,144,5.484286308288574,31.621004104614258,5.765746412039875,0.431241402483563
MOT20,MOT20-05,1301,151,5.89900541305542,33.585445404052734,5.693408134483637,0.4144574573370868
MOT20,MOT20-05,1311,147,6.1492018699646,32.80125427246094,5.334229541670547,0.44157521574524455
MOT20,MOT20-05,1321,142,6.274728298187256,30.303749084472656,4.8294918352444505,0.43121788239064884
MOT20,MOT20-05,1331,148,5.860558032989502,30.642837524414062,5.228655249538241,0.3995946605758964
MOT20,MOT20-05,1341,148,6.113765239715576,32.57269287109375,5.327763104068597,0.3982186090478165
MOT20,MOT20-05,1351,146,5.647218704223633,33.6310920715332,5.9553372789299,0.3652982844544891
MOT20,MOT20-05,1361,143,5.621922969818115,33.37033462524414,5.935750952902822,0.367790462386461
MOT20,MOT20-05,1371,151,5.675417900085449,32.65727615356445,5.754162376848543,0.3769627667733122
MOT20,MOT20-05,1381,150,5.650562286376953,35.02533721923828,6.198557850372081,0.37009619259479914
MOT20,MOT20-05,1391,147,5.65033483505249,31.458606719970703,5.567565044962236,0.3893982350654591
MOT20,MOT20-05,1401,145,5.436664581298828,32.11553955078125,5.907213709900932,0.4127752323691816
MOT20,MOT20-05,1411,148,5.863690376281738,32.88823318481445,5.608794304325021,0.4016094230006231
MOT20,MOT20-05,1421,152,6.03448486328125,31.233707427978516,5.175869711436345,0.3577456321429163
MOT20,MOT20-05,1431,148,6.546671390533447,32.5612907409668,4.973716992737828,0.35761971321973285
MOT20,MOT20-05,1441,151,6.3053460121154785,33.44736862182617,5.304604784187632,0.36762130276688676
MOT20,MOT20-05,1451,156,5.464457988739014,32.19723892211914,5.892119399301855,0.38611781175386006
MOT20,MOT20-05,1461,158,5.284201622009277,33.01055145263672,6.247027235892015,0.3736793058494987
MOT20,MOT20-05,1471,155,5.288756370544434,33.00752639770508,6.2410752330244375,0.35600290795511885
MOT20,MOT20-05,1481,152,5.265773296356201,30.769943237304688,5.8433854831154255,0.3734941195781002
MOT20,MOT20-05,1491,148,5.276405334472656,31.83868408203125,6.034161908301028,0.3541719445694641
MOT20,MOT20-05,1501,152,5.467849254608154,32.71281814575195,5.982757867397767,0.3142226490440545
MOT20,MOT20-05,1511,161,5.489812850952148,32.308868408203125,5.88524040534451,0.32880999850517445
MOT20,MOT20-05,1521,164,5.645452976226807,32.585693359375,5.772024582720723,0.30457681266365805
MOT20,MOT20-05,1531,161,5.698660850524902,33.751407623291016,5.922691051211125,0.3172110506666999
MOT20,MOT20-05,1541,156,5.73765754699707,34.16434860229492,5.954407059406253,0.285843475714013
MOT20,MOT20-05,1551,158,5.571961879730225,33.454689025878906,6.004113048149329,0.2993319586993017
MOT20,MOT20-05,1561,158,5.7924723625183105,34.14988708496094,5.895563232366305,0.2893359337195982
MOT20,MOT20-05,1571,155,5.774217128753662,33.52848434448242,5.806585307906388,0.34600053097351957
MOT20,MOT20-05,1581,149,5.294360637664795,31.66592025756836,5.981065972781064,0.3547535917439259
MOT20,MOT20-05,1591,160,5.663194179534912,32.61587142944336,5.7592712514268625,0.38525916112298375
MOT20,MOT20-05,1601,158,5.640056133270264,33.945438385009766,6.01863484740306,0.3912147502152
MOT20,MOT20-05,1611,160,5.639809608459473,36.393802642822266,6.453019723969604,0.3799325609054056
MOT20,MOT20-05,1621,161,5.701545715332031,33.974700927734375,5.958857935028562,0.3698759288436442
MOT20,MOT20-05,1631,167,5.735461711883545,34.956329345703125,6.094771633341328,0.3515971118531993
MOT20,MOT20-05,1641,170,5.803246021270752,32.84292984008789,5.659406773331348,0.3636150968419811
MOT20,MOT20-05,1651,165,5.476894855499268,31.737436294555664,5.794786486121526,0.4222115299662451
MOT20,MOT20-05,1661,171,5.892334461212158,33.825965881347656,5.740673090439108,0.4202223247538686
MOT20,MOT20-05,1671,171,6.010290622711182,34.075321197509766,5.669496424806614,0.4627470051480822
MOT20,MOT20-05,1681,171,6.095408916473389,33.640750885009766,5.519031019246736,0.4412442405241582
MOT20,MOT20-05,1691,171,5.779032230377197,34.92021560668945,6.042571526618777,0.44377892179634876
MOT20,MOT20-05,1701,160,5.854650020599365,34.39702606201172,5.875163492435428,0.42245146608959905
MOT20,MOT20-05,1711,164,5.339178562164307,35.1790771484375,6.588855708578736,0.37502168147315396
MOT20,MOT20-05,1721,161,6.052140712738037,33.23359680175781,5.491213502655437,0.406910848766237
MOT20,MOT20-05,1731,151,6.264223098754883,33.17403030395508,5.2957932342079195,0.4783667683629804
MOT20,MOT20-05,1741,152,5.974958419799805,32.60556411743164,5.4570361543242525,0.4167676195146619
MOT20,MOT20-05,1751,155,6.169969081878662,32.97710418701172,5.344776245940391,0.42732919708087774
MOT20,MOT20-05,1761,151,6.007822036743164,33.66237258911133,5.6030908344548225,0.45240391618488984
MOT20,MOT20-05,1771,154,5.260623931884766,35.2977294921875,6.709799056010662,0.43374718004190405
MOT20,MOT20-05,1781,151,5.935703754425049,36.14506912231445,6.0894327981527745,0.4186902573726923
MOT20,MOT20-05,1791,156,6.0367841720581055,33.582130432128906,5.562917188188929,0.4162489368422648
MOT20,MOT20-05,1801,161,5.759156703948975,37.07392120361328,6.437387122700135,0.407718085369526
MOT20,MOT20-05,1811,158,6.267481327056885,34.799537658691406,5.552395905586646,0.39869628288658343
MOT20,MOT20-05,1821,160,5.7262749671936035,33.46906661987305,5.8448235216821836,0.4240864018625379
MOT20,MOT20-05,1831,156,5.826158046722412,33.588233947753906,5.7650742871023635,0.39453475016947176
MOT20,MOT20-05,1841,160,5.948467254638672,34.3751220703125,5.778820089075291,0.37877434440089164
MOT20,MOT20-05,1851,153,6.221324443817139,34.95579528808594,5.618706370928078,0.3797837110198635
MOT20,MOT20-05,1861,161,6.132198810577393,36.164512634277344,5.897478824707607,0.4221894754767245
MOT20,MOT20-05,1871,160,6.060458183288574,32.20999526977539,5.314778898828627,0.38842414328451735
MOT20,MOT20-05,1881,169,5.996520519256592,33.79668045043945,5.636048495441376,0.38775598743977874
MOT20,MOT20-05,1891,170,5.931247234344482,33.16888427734375,5.592227564766073,0.3932779540080509
MOT20,MOT20-05,1901,156,6.205467700958252,32.29450988769531,5.204202397622402,0.3798637131223591
MOT20,MOT20-05,1911,158,6.205963134765625,32.32249450683594,5.208296247485948,0.39446392310387635
MOT20,MOT20-05,1921,153,6.353517055511475,32.05097198486328,5.044603123723431,0.3700632495638142
MOT20,MOT20-05,1931,141,6.40376615524292,30.987892150878906,4.839010575910609,0.39800527914561196
MOT20,MOT20-05,1941,142,5.361603260040283,32.868289947509766,6.130309975091819,0.3569675267486777
MOT20,MOT20-05,1951,149,5.542699813842773,32.44303512573242,5.853291034218855,0.427964004287378
MOT20,MOT20-05,1961,152,5.7944769859313965,31.831077575683594,5.4933478298330165,0.3936156728175641
MOT20,MOT20-05,1971,147,6.089654445648193,32.781307220458984,5.383114512168299,0.386142621361948
MOT20,MOT20-05,1981,152,5.385880947113037,33.65827178955078,6.249353099346251,0.3714354397924976
MOT20,MOT20-05,1991,144,5.063450336456299,33.64014434814453,6.64371962057949,0.38599642972735415
MOT20,MOT20-05,2001,137,6.055366516113281,31.013179779052734,5.121602416059691,0.38064720352107845
MOT20,MOT20-05,2011,142,5.80695915222168,31.373062133789062,5.402666233976533,0.3457712281595666
MOT20,MOT20-05,2021,139,5.548733234405518,31.11396598815918,5.607399864753577,0.39513212827560695
MOT20,MOT20-05,2031,136,5.607019901275635,32.74586868286133,5.8401556012689415,0.3879784266617936
MOT20,MOT20-05,2041,141,5.5280232429504395,35.241878509521484,6.37513211516673,0.3917678282273417
MOT20,MOT20-05,2051,143,5.485605716705322,31.64881706237793,5.7694297944159105,0.407107297486578
MOT20,MOT20-05,2061,145,5.579007625579834,36.20781707763672,6.490010322198402,0.37420231881509725
MOT20,MOT20-05,2071,144,5.589597702026367,33.440303802490234,5.982595811925302,0.4003339935198241
MOT20,MOT20-05,2081,141,5.529628276824951,35.57411575317383,6.4333647710583675,0.3745288929623598
MOT20,MOT20-05,2091,149,5.749059677124023,32.003517150878906,5.566739423183153,0.39183054601273476
MOT20,MOT20-05,2101,153,5.733283996582031,32.495025634765625,5.6677858020181695,0.3958226802952258
MOT20,MOT20-05,2111,155,5.770289421081543,33.98382568359375,5.889449073288261,0.3867047082204148
MOT20,MOT20-05,2121,154,5.602428913116455,33.42995834350586,5.967047304293206,0.36011120886425774
MOT20,MOT20-05,2131,156,5.626779079437256,32.57135009765625,5.7886314066756945,0.3826204900351142
MOT20,MOT20-05,2141,150,5.448934078216553,33.062679290771484,6.067733398160868,0.3736735458110597
MOT20,MOT20-05,2151,146,5.9136762619018555,33.11346435546875,5.5994719509416235,0.36827764118143974
MOT20,MOT20-05,2161,146,6.130731105804443,33.230796813964844,5.420364429701157,0.35620866159622566
MOT20,MOT20-05,2171,142,6.296601295471191,32.11680221557617,5.1006568001496415,0.33658390152775847
MOT20,MOT20-05,2181,147,6.211503028869629,32.42374801635742,5.219952057603344,0.3415750100831534
MOT20,MOT20-05,2191,147,5.983029365539551,36.333736419677734,6.0727992794000185,0.3566300929746067
MOT20,MOT20-05,2201,145,6.232780933380127,35.816158294677734,5.746416997084175,0.35318118729065545
MOT20,MOT20-05,2211,147,6.318078994750977,33.221221923828125,5.258120696406,0.3378401468439996
MOT20,MOT20-05,2221,147,6.0510101318359375,34.79391860961914,5.750100867714514,0.3418436770894051
MOT20,MOT20-05,2231,150,6.0422282218933105,34.533267974853516,5.715320028748043,0.31795664349175035
MOT20,MOT20-05,2241,147,6.162561893463135,35.60851287841797,5.7781996341796225,0.32221360247150604
MOT20,MOT20-05,2251,145,6.380203723907471,37.97658157348633,5.952252187682195,0.35087870709899693
MOT20,MOT20-05,2261,144,6.400786399841309,33.015045166015625,5.157967022119993,0.32677634865712907
MOT20,MOT20-05,2271,143,5.750162601470947,33.4736328125,5.821336739927514,0.33000367321840013
MOT20,MOT20-05,2281,143,6.089895725250244,35.50993728637695,5.8309598207312145,0.3558717332508543
MOT20,MOT20-05,2291,152,5.264420986175537,36.45930099487305,6.925605131241559,0.3829573595756234
MOT20,MOT20-05,2301,150,5.4553937911987305,37.516456604003906,6.87694748352168,0.3879255827738066
MOT20,MOT20-05,2311,141,5.741584300994873,32.3216667175293,5.629398615975866,0.37036287363709985
MOT20,MOT20-05,2321,151,5.890614032745361,33.14984893798828,5.627571039913909,0.3787882962902624
MOT20,MOT20-05,2331,155,5.9371819496154785,32.273712158203125,5.435863753559604,0.3693273506185898
MOT20,MOT20-05,2341,147,6.2372331619262695,32.2468147277832,5.170051189464319,0.3657598848546504
MOT20,MOT20-05,2351,143,6.367000102996826,30.160675048828125,4.737030714768179,0.34288774545466827
MOT20,MOT20-05,2361,142,5.350285053253174,29.97793960571289,5.603054661075522,0.35149663807436243
MOT20,MOT20-05,2371,146,5.619995594024658,31.049224853515625,5.524777436930388,0.36307488073430644
MOT20,MOT20-05,2381,142,5.383734703063965,32.763916015625,6.085722611290367,0.3967376379662488
MOT20,MOT20-05,2391,142,4.956934452056885,33.392581939697266,6.7365389360436225,0.3567721292784365
MOT20,MOT20-05,2401,141,5.1315693855285645,34.43184280395508,6.709807510555275,0.37086565691930096
MOT20,MOT20-05,2411,140,5.917832851409912,32.688167572021484,5.523671991552379,0.37726339974970824
MOT20,MOT20-05,2421,138,5.63667631149292,33.27642822265625,5.903554929135662,0.37779482683395416
MOT20,MOT20-05,2431,133,5.874557971954346,33.67817306518555,5.732886325399816,0.3797162976224331
MOT20,MOT20-05,2441,135,5.622459888458252,32.15001678466797,5.718140711090764,0.4019126507761962
MOT20,MOT20-05,2451,134,6.187624454498291,31.719711303710938,5.126314878507419,0.40524895163746943
MOT20,MOT20-05,2461,139,5.598052978515625,32.49800491333008,5.805233540670639,0.41652869920023183
MOT20,MOT20-05,2471,133,6.032930374145508,31.496164321899414,5.220707412251624,0.42574135524955103
MOT20,MOT20-05,2481,134,6.487923622131348,30.677719116210938,4.728434072738514,0.41261274733045594
MOT20,MOT20-05,2491,133,5.869864463806152,31.696056365966797,5.399793566172797,0.4187153043942274
MOT20,MOT20-05,2501,133,6.193794250488281,31.86212730407715,5.144201763170504,0.4007545762362425
MOT20,MOT20-05,2511,136,6.276148796081543,31.82624626159668,5.070983384184121,0.3944245456892166
MOT20,MOT20-05,2521,134,5.777841567993164,32.304447174072266,5.5910925894931855,0.3958379188956494
MOT20,MOT20-05,2531,141,6.244136333465576,32.07552719116211,5.136903725060048,0.39162859113473475
MOT20,MOT20-05,2541,141,6.2047343254089355,31.903575897216797,5.141811755995552,0.3742109099814715
MOT20,MOT20-05,2551,137,6.2794270515441895,32.225399017333984,5.131901167545112,0.357964988245278
MOT20,MOT20-05,2561,137,5.967085838317871,32.731258392333984,5.485300409481115,0.3972149582278571
MOT20,MOT20-05,2571,138,6.3737406730651855,34.54977035522461,5.4206426221933715,0.38250682940594544
MOT20,MOT20-05,2581,136,5.942516326904297,34.47247314453125,5.800989218735456,0.3787753849116223
MOT20,MOT20-05,2591,131,6.131735801696777,33.61822509765625,5.482660405615225,0.3849888800797355
MOT20,MOT20-05,2601,135,5.91892671585083,33.840511322021484,5.717339130318494,0.4210941891855156
MOT20,MOT20-05,2611,136,5.707986354827881,34.37171173095703,6.0216877887041615,0.4174204740690327
MOT20,MOT20-05,2621,134,5.617537975311279,34.03904342651367,6.05942382163024,0.38489719088105406
MOT20,MOT20-05,2631,134,5.697400093078613,33.45269775390625,5.871572508054275,0.3888937520520587
MOT20,MOT20-05,2641,136,5.605772495269775,33.21120834350586,5.9244659628142085,0.4037333913984114
MOT20,MOT20-05,2651,136,5.653717517852783,35.76842498779297,6.326532033984146,0.3772162030762729
MOT20,MOT20-05,2661,137,5.785515785217285,32.892696380615234,5.68535245632899,0.36981017856604276
MOT20,MOT20-05,2671,132,6.169205665588379,32.05729293823242,5.196340448989555,0.372570785270095
MOT20,MOT20-05,2681,132,5.610815525054932,32.7735595703125,5.841140102354664,0.4008417181346681
MOT20,MOT20-05,2691,139,5.671466827392578,35.54010772705078,6.266475465464395,0.4143279077964113
MOT20,MOT20-05,2701,137,5.878643035888672,34.61720275878906,5.888638338380755,0.3710035047611767
MOT20,MOT20-05,2711,138,5.1372904777526855,35.31561279296875,6.874365571871967,0.37626374876475877
MOT20,MOT20-05,2721,144,5.718997478485107,35.9232063293457,6.281381739455028,0.38691906417840327
MOT20,MOT20-05,2731,140,5.930543899536133,35.16061019897461,5.9287328101095005,0.38623190530345475
MOT20,MOT20-05,2741,143,6.015195846557617,36.10942459106445,6.003033901502841,0.36913014344916284
MOT20,MOT20-05,2751,142,6.227072715759277,32.37610626220703,5.199249750251127,0.37549405111727274
MOT20,MOT20-05,2761,142,5.432115077972412,32.555152893066406,5.99308969448746,0.43572866388239495
MOT20,MOT20-05,2771,145,6.081136226654053,31.078861236572266,5.110699724231042,0.41340476684379424
MOT20,MOT20-05,2781,138,5.813687324523926,31.876483917236328,5.483006246787902,0.4054001131268644
MOT20,MOT20-05,2791,141,6.140836238861084,31.142845153808594,5.071433912652999,0.3832178383421478
MOT20,MOT20-05,2801,142,5.978187561035156,32.69778823852539,5.469515284472538,0.40224516673314403
MOT20,MOT20-05,2811,142,6.074907302856445,31.3284854888916,5.157031033899204,0.4068304854466722
MOT20,MOT20-05,2821,139,6.2552924156188965,31.43113899230957,5.024727367473481,0.3907258576102445
MOT20,MOT20-05,2831,137,5.942259788513184,32.16395568847656,5.4127481519155065,0.3798640012955809
MOT20,MOT20-05,2841,139,5.620913505554199,33.32177734375,5.928178277574227,0.3993802391561938
MOT20,MOT20-05,2851,137,6.159267425537109,29.89458656311035,4.853594510146381,0.40527761376696464
MOT20,MOT20-05,2861,138,5.8002142906188965,30.711185455322266,5.294836348545548,0.3997268123994819
MOT20,MOT20-05,2871,136,5.615966796875,30.64289093017578,5.456387482067556,0.4337050727832542
MOT20,MOT20-05,2881,140,5.717803955078125,31.94107437133789,5.586248605632976,0.4049357419592391
MOT20,MOT20-05,2891,131,5.81829833984375,31.677738189697266,5.4445022134337595,0.40780228245378247
MOT20,MOT20-05,2901,135,6.037933826446533,31.027389526367188,5.138742890898415,0.3940005924844831
MOT20,MOT20-05,2911,138,6.1315813064575195,31.37933349609375,5.117657571146676,0.4186467401527702
MOT20,MOT20-05,2921,130,5.772863864898682,32.700809478759766,5.664573120733671,0.4055959082544419
MOT20,MOT20-05,2931,130,5.7116570472717285,29.81214141845703,5.219525817415335,0.3874257118123882
MOT20,MOT20-05,2941,123,5.974546432495117,32.4714469909668,5.43496437057665,0.36849283084074513
MOT20,MOT20-05,2951,126,6.114634990692139,33.004241943359375,5.397581702521789,0.37266363823652343
MOT20,MOT20-05,2961,127,5.785327911376953,31.79776954650879,5.496277831370266,0.35580473269878354
MOT20,MOT20-05,2971,130,5.939364910125732,32.52155303955078,5.47559436600812,0.339610801595954
MOT20,MOT20-05,2981,127,5.8231730461120605,31.470245361328125,5.404312238726919,0.3801873963163876
MOT20,MOT20-05,2991,123,5.337985515594482,32.20638656616211,6.0334346116290165,0.34803331961399464
MOT20,MOT20-05,3001,128,5.380560398101807,32.323944091796875,6.007542281878362,0.3255072001556927
MOT20,MOT20-05,3011,135,6.040726661682129,33.36363983154297,5.523116952663502,0.307896937380242
MOT20,MOT20-05,3021,144,5.744557857513428,34.29669952392578,5.970294037350222,0.30928141475569176
MOT20,MOT20-05,3031,144,5.844732761383057,32.70209884643555,5.5951401341226,0.3205145502971473
MOT20,MOT20-05,3041,143,5.692757606506348,31.61836051940918,5.554137854608816,0.30933339381401675
MOT20,MOT20-05,3051,146,5.791767120361328,34.2927131652832,5.920941303859572,0.3304089364028958
MOT20,MOT20-05,3061,151,6.303097248077393,34.69966125488281,5.505176247354759,0.32271938599035954
MOT20,MOT20-05,3071,154,6.201412677764893,32.57955551147461,5.253569985479003,0.3405542577664499
MOT20,MOT20-05,3081,157,6.384235382080078,34.5247917175293,5.407819363057477,0.3088902475628186
MOT20,MOT20-05,3091,154,6.68663215637207,36.89173126220703,5.517236539930018,0.3098056492140323
MOT20,MOT20-05,3101,160,5.216217517852783,31.600515365600586,6.058128377017663,0.37420237203550044
MOT20,MOT20-05,3111,161,5.41704797744751,31.77195167541504,5.865178194413159,0.3337358637670064
MOT20,MOT20-05,3121,158,5.718008041381836,32.68065643310547,5.715391828166743,0.3370583106107412
MOT20,MOT20-05,3131,162,5.515700340270996,32.39362716674805,5.872985327037634,0.3400844302958666
MOT20,MOT20-05,3141,154,5.479179382324219,31.804197311401367,5.804554859802804,0.34037202758683105
MOT20,MOT20-05,3151,158,5.419269561767578,32.77802658081055,6.048421509063942,0.3050357336881748
MOT20,MOT20-05,3161,161,5.289311408996582,31.723922729492188,5.997741535038571,0.33782403235340286
MOT20,MOT20-05,3171,157,5.218785285949707,31.428312301635742,6.022150860708664,0.3361814334789457
MOT20,MOT20-05,3181,159,5.27883768081665,33.56711959838867,6.358808818913285,0.35376389319239965
MOT20,MOT20-05,3191,162,5.13259744644165,34.31721115112305,6.6861294908126165,0.33664715332014195
MOT20,MOT20-05,3201,156,5.066933631896973,33.308712005615234,6.573741522078122,0.34289336025360095
MOT20,MOT20-05,3211,152,5.060240745544434,35.88319396972656,7.091202923758496,0.3948762122612647
MOT20,MOT20-05,3221,155,5.6181640625,34.799198150634766,6.19405160894316,0.3081903859029115
MOT20,MOT20-05,3231,156,5.2416534423828125,34.416664123535156,6.565993822722019,0.315090573133136
MOT20,MOT20-05,3241,154,5.445083141326904,31.663400650024414,5.815044477412407,0.34168677821224464
MOT20,MOT20-05,3251,154,5.3057942390441895,32.00914764404297,6.032866372482859,0.3274087360649792
MOT20,MOT20-05,3261,148,5.124617099761963,31.512056350708008,6.14915333911908,0.30146182315765885
MOT20,MOT20-05,3271,146,5.034510135650635,32.9831657409668,6.551415103408908,0.3324672268966435
MOT20,MOT20-05,3281,150,5.297513961791992,34.19936752319336,6.455739006985972,0.358247117785269
MOT20,MOT20-05,3291,153,5.78177547454834,36.561031341552734,6.323495525292567,0.3881064738229547
MOT20,MOT20-05,3301,149,6.03792667388916,37.984153747558594,6.290926637420089,0.3337122674694782
MOT20,MOT20-05,3311,146,6.032845497131348,37.12641143798828,6.154046453807262,0.3613381200517493
UAVDT,M0101,1,15,6.3457417488098145,23.96442985534668,3.7764584195127964,0.2908498252790012
UAVDT,M0101,61,16,7.180128574371338,28.29803466796875,3.941159879639956,0.2871998401039173
UAVDT,M0101,121,17,5.9748616218566895,27.111398696899414,4.5375776733846,0.25902914145265
UAVDT,M0101,181,15,6.402050971984863,29.767393112182617,4.649665121762326,0.25023831240597605
UAVDT,M0101,241,13,5.960826873779297,21.02073860168457,3.5264803099971522,0.35497325816502173
UAVDT,M0101,301,11,6.614874839782715,19.138397216796875,2.893236482978646,0.3147024109187979
UAVDT,M0101,361,10,6.756856918334961,25.91476058959961,3.8353277126942005,0.3189662098217952
UAVDT,M0201,1,3,10.304142951965332,30.131866455078125,2.9242477123564177,0.026450682819275418
UAVDT,M0201,61,3,14.267239570617676,17.329662322998047,1.214647180852504,0.056600518573620584
UAVDT,M0201,121,5,6.029641628265381,29.263591766357422,4.853288730988152,0.42628297434347384
UAVDT,M0201,181,7,7.2982025146484375,32.28688049316406,4.423949654501929,0.3549669186988621
UAVDT,M0201,241,9,6.859009742736816,33.51527786254883,4.88631436892753,0.3673808088192585
UAVDT,M0201,301,7,7.315004348754883,31.530611038208008,4.310402227385547,0.12348702562321642
UAVDT,M0201,361,7,9.468841552734375,37.528385162353516,3.963355491096608,0.17738356701056873
UAVDT,M0201,421,7,21.014060974121094,36.1300163269043,1.7193257586621913,0.24569084618315287
UAVDT,M0201,481,5,9.908982276916504,28.396892547607422,2.8657728668825535,0.10705028190462093
UAVDT,M0201,541,9,6.115828990936279,27.104883193969727,4.431923004083247,0.10759807699858587
UAVDT,M0201,601,7,10.690969467163086,27.237186431884766,2.5476816219092915,0.05567956151334739
UAVDT,M0201,661,4,8.969599723815918,15.517926216125488,1.7300578279900911,0.04369882704155406
UAVDT,M0201,721,7,6.430330276489258,33.921653747558594,5.275258390938928,0.1532952716886674
UAVDT,M0201,781,3,8.446221351623535,22.615497589111328,2.6775876036879107,0.2696476873803267
UAVDT,M0201,841,5,9.302462577819824,32.991756439208984,3.546561586592387,0.5242948366068961
UAVDT,M0201,901,7,9.609432220458984,54.59090042114258,5.68097044328131,0.34779955245992983
UAVDT,M0201,961,9,7.1661858558654785,49.573577880859375,6.917707533399194,0.7643344793100835
UAVDT,M0201,1021,8,7.248607635498047,51.055362701416016,7.043471693982514,0.36635525639018407
UAVDT,M0202,1,12,5.6228718757629395,35.92167282104492,6.38849214684816,0.1997554383992576
UAVDT,M0202,61,13,10.49509334564209,35.20206832885742,3.3541453295862764,0.3031342395658976
UAVDT,M0202,121,15,7.02992057800293,39.26548385620117,5.585480436161025,0.3722793388064013
UAVDT,M0202,181,15,9.867828369140625,52.31486892700195,5.301558455415047,0.31183291183029077
UAVDT,M0202,241,12,15.36401081085205,58.09749984741211,3.781401911431626,0.3824171212343105
UAVDT,M0203,1,3,12.118377685546875,19.63064956665039,1.6199073899192888,0.02304343768123224
UAVDT,M0203,61,6,6.268301963806152,14.465995788574219,2.3078013586617923,0.24458250290616665
UAVDT,M0203,121,9,6.468979835510254,15.89150333404541,2.4565702379858996,0.13999969753223063
UAVDT,M0203,181,8,5.8063273429870605,16.32296371459961,2.8112372503962675,0.4089144611772606
UAVDT,M0203,241,8,7.185006141662598,12.364174842834473,1.7208301007761455,0.13749532338876294
UAVDT,M0203,301,4,7.156028747558594,11.495295524597168,1.6063791706425148,0.07216991998200262
UAVDT,M0203,361,9,5.281553745269775,19.94329833984375,3.7760286653724227,0.44298992732730946
UAVDT,M0203,421,6,6.060536861419678,21.81964874267578,3.600283150091185,0.44694275017311375
UAVDT,M0203,481,5,7.175342559814453,22.0262508392334,3.069714185158426,0.3918739307698372
UAVDT,M0203,541,7,5.548563480377197,15.656469345092773,2.821715818961565,0.32293049277027075
UAVDT,M0203,601,3,9.790297508239746,12.289286613464355,1.2552516001808323,0.08618418516564236
UAVDT,M0203,661,3,3.902407646179199,3.9945998191833496,1.0236244342885128,0.007098452665773288
UAVDT,M0203,721,5,3.6162126064300537,3.9875640869140625,1.1026907211770962,0.010645209461894893
UAVDT,M0203,781,4,3.5254695415496826,3.668576240539551,1.040592238084395,0.0010492066084473032
UAVDT,M0204,1,15,6.016475677490234,41.67535400390625,6.926871517128957,0.3498139188839607
UAVDT,M0204,61,13,11.87997817993164,44.62966537475586,3.7567127396030844,0.2702121877495711
UAVDT,M0204,121,9,7.720911026000977,54.78828048706055,7.096090124928946,0.2320442586236372
UAVDT,M0204,181,9,4.876160621643066,33.7100715637207,6.913240596320183,0.5183559135343245
UAVDT,M0204,241,9,5.263442516326904,40.50878143310547,7.696252273573711,0.4101958290598465
UAVDT,M0204,301,8,5.284403324127197,37.15963363647461,7.031945019566066,0.33810772799681915
UAVDT,M0205,1,14,6.830845832824707,29.293319702148438,4.288388351759213,0.25134421242754545
UAVDT,M0205,61,12,9.211830139160156,28.571090698242188,3.1015650817077502,0.22056413684033677
UAVDT,M0205,121,9,8.482187271118164,31.543310165405273,3.718770778948751,0.2713092909129067
UAVDT,M0205,181,7,14.587376594543457,23.502981185913086,1.6111862906661774,0.14680403997706917
UAVDT,M0205,241,7,7.126444339752197,34.65911102294922,4.863450743537891,0.24441039997527333
UAVDT,M0205,301,7,6.2401957511901855,31.327436447143555,5.020265019918407,0.4840158355250573
UAVDT,M0205,361,7,9.075029373168945,32.689613342285156,3.6021495907147836,0.30694942102873385
UAVDT,M0205,421,8,6.319340705871582,38.0112419128418,6.015064495181254,0.3033054033490484
UAVDT,M0205,481,9,10.095440864562988,35.11189651489258,3.477995363049705,0.3690866004061773
UAVDT,M0205,541,5,11.157130241394043,25.658836364746094,2.2997702643596742,0.19985201384869836
UAVDT,M0205,601,6,9.540122032165527,33.9394416809082,3.557547960757504,0.1951924549819585
UAVDT,M0206,1,4,6.084415435791016,25.135889053344727,4.131192111814911,0.5375917979330268
UAVDT,M0206,61,8,14.529974937438965,50.78001022338867,3.4948449974641935,0.1309209044337059
UAVDT,M0206,121,9,5.81007719039917,44.86001968383789,7.721071203316641,0.17292413100667342
UAVDT,M0206,181,9,8.183674812316895,41.98570251464844,5.1304216598950845,0.2170665674197687
UAVDT,M0206,241,10,9.46325397491455,37.17157745361328,3.9279911066688795,0.21715832731003376
UAVDT,M0206,301,10,8.187591552734375,32.37297821044922,3.953907324509581,0.14805128706908172
UAVDT,M0206,361,11,7.119956970214844,25.226226806640625,3.543030795294178,0.20933251065881464
UAVDT,M0206,421,11,8.153573036193848,33.462890625,4.104076884631764,0.17595684882327797
UAVDT,M0206,481,10,6.632843494415283,29.071765899658203,4.383001939384824,0.2255029010568484
UAVDT,M0206,541,9,6.732916831970215,25.94367218017578,3.8532589704637763,0.2790101606186967
UAVDT,M0207,301,3,13.306017875671387,23.16102409362793,1.740642791106974,0.18430913457214304
UAVDT,M0207,361,3,12.685468673706055,16.422883987426758,1.2946217762901793,0.08715012805194498
UAVDT,M0207,421,3,11.45876407623291,13.597033500671387,1.1866055894172347,0.029925776456327872
UAVDT,M0208,61,4,7.877422332763672,10.437971115112305,1.3250490673451432,0.03303489833978303
UAVDT,M0208,121,3,5.9320526123046875,8.42338752746582,1.4199785602024884,0.12257331262432541
UAVDT,M0208,181,3,6.499766826629639,11.167994499206543,1.7182146370929967,0.17070970883176656
UAVDT,M0209,1,10,5.983333587646484,44.67656326293945,7.466834768360753,0.12323736439387967
UAVDT,M0209,61,10,5.855047702789307,59.6424674987793,10.186504111719877,0.3145845574687545
UAVDT,M0209,121,12,6.370847225189209,41.491207122802734,6.512667100029303,0.5037117215711087
UAVDT,M0209,181,10,7.960484981536865,35.152774810791016,4.415908690528596,0.30733317986612363
UAVDT,M0209,241,12,9.473435401916504,42.54584884643555,4.491068661092934,0.18409464057467118
UAVDT,M0209,301,11,9.416394233703613,34.799190521240234,3.695596175942304,0.3168346423136694
UAVDT,M0209,361,9,10.489300727844238,40.32453155517578,3.8443488847767338,0.271890078392373
UAVDT,M0209,421,7,6.233724117279053,24.56639289855957,3.9408854861678595,0.32802817370014054
UAVDT,M0209,481,9,6.551839828491211,29.614582061767578,4.520040604928427,0.41718366239615706
UAVDT,M0209,541,10,7.56834602355957,35.492210388183594,4.689559684203072,0.5345543665681837
UAVDT,M0209,601,11,8.90070629119873,37.534210205078125,4.216992334888413,0.14989212310740296
UAVDT,M0209,661,11,9.894218444824219,38.951255798339844,3.936769338129552,0.18289338343457223
UAVDT,M0209,721,12,7.882152080535889,53.48473358154297,6.785549559950469,0.3731424260911773
UAVDT,M0209,781,11,9.522942543029785,46.6475830078125,4.898442135614448,0.21113226931194023
UAVDT,M0209,841,10,7.268738746643066,56.452823638916016,7.7665225848140045,0.2746509609768758
UAVDT,M0209,901,12,9.571621894836426,53.92326736450195,5.633660413768724,0.3000052383400322
UAVDT,M0209,961,9,9.819819450378418,44.03818893432617,4.48462307854643,0.3238261636001757
UAVDT,M0209,1021,9,8.067666053771973,53.479164123535156,6.628827193278705,0.20202270777313744
UAVDT,M0209,1081,10,12.064666748046875,63.825626373291016,5.29029335879697,0.3434462883465065
UAVDT,M0209,1141,10,8.762453079223633,46.96736526489258,5.360070386711156,0.25488787121480977
UAVDT,M0209,1201,13,8.404682159423828,69.38088989257812,8.255028396854264,0.2939813033658313
UAVDT,M0209,1261,10,6.94268798828125,49.03412628173828,7.062700551213637,0.5926200285033438
UAVDT,M0209,1321,8,8.39044189453125,67.22306823730469,8.011862674493885,0.5634009289402897
UAVDT,M0209,1381,8,7.593473434448242,26.747802734375,3.5224726820050503,0.2247947859539091
UAVDT,M0209,1441,9,5.884355068206787,28.911540985107422,4.913289672357926,0.39531756908337257
UAVDT,M0209,1501,10,6.98460578918457,38.567386627197266,5.521769988353184,0.45305178956693976
UAVDT,M0209,1561,12,8.287826538085938,43.26116943359375,5.219844941830172,0.5087115479314416
UAVDT,M0210,1,6,9.09135627746582,16.571016311645508,1.8227221336291766,0.08384156365218541
UAVDT,M0210,61,8,8.94389820098877,19.748519897460938,2.208043903638985,0.1800067077780948
UAVDT,M0210,121,8,9.413161277770996,19.33152198791504,2.0536694759034955,0.217419034341726
UAVDT,M0210,181,8,9.273215293884277,16.865890502929688,1.818774822800977,0.20080102373824277
UAVDT,M0210,241,9,9.133243560791016,20.603778839111328,2.2559103676555043,0.24628256849468744
UAVDT,M0210,301,10,9.841641426086426,24.37469482421875,2.476689991936788,0.09499395521082445
UAVDT,M0210,361,8,9.486104011535645,24.007892608642578,2.530848552730142,0.3104937750746261
UAVDT,M0210,421,15,9.583719253540039,16.299171447753906,1.7007146199251726,0.11649338742052481
UAVDT,M0210,481,16,7.386473178863525,15.280936241149902,2.0687729950575697,0.13023735706091238
UAVDT,M0210,541,20,7.7657999992370605,14.449871063232422,1.8607060527765367,0.06862387915935175
UAVDT,M0301,1,7,20.07735824584961,63.310874938964844,3.153346877797156,0.24302735172844836
UAVDT,M0301,61,6,8.165433883666992,23.045373916625977,2.8223085564041814,0.20721626488419154
UAVDT,M0301,121,4,18.707128524780273,38.296451568603516,2.0471582005690707,0.33410755046449647
UAVDT,M0301,181,3,11.829052925109863,20.17970085144043,1.7059439144620285,0.2501884099750211
UAVDT,M0301,241,3,13.343205451965332,20.712278366088867,1.5522715617811413,0.04950067321489082
UAVDT,M0301,301,7,9.781692504882812,22.443456649780273,2.2944348985185314,0.2417365790629956
UAVDT,M0401,1,20,6.134340286254883,59.268802642822266,9.66180548797153,0.7335702064558873
UAVDT,M0401,61,19,7.374228477478027,62.30406951904297,8.448893292271688,0.47792045088644175
UAVDT,M0401,121,18,5.7685723304748535,59.205055236816406,10.263380927728232,0.4741123071506691
UAVDT,M0401,181,18,5.876137733459473,56.771793365478516,9.661412979177246,0.7113886268669019
UAVDT,M0401,241,14,6.087904453277588,59.111122131347656,9.709600829809933,0.4859038371961933
UAVDT,M0401,301,13,6.037137985229492,58.56350326538086,9.700540787482872,0.35609080067761767
UAVDT,M0401,361,13,5.309499740600586,60.088356018066406,11.317140776669383,0.2930291079259405
UAVDT,M0401,421,14,5.886287689208984,59.24082946777344,10.064208988014038,0.10425113554329282
UAVDT,M0401,481,16,6.649034023284912,58.33918380737305,8.774084115537576,0.08902911530581567
UAVDT,M0401,541,21,5.682369232177734,65.39878845214844,11.509070561943181,0.13036133112985873
UAVDT,M0401,601,34,7.3144145011901855,60.348655700683594,8.250647497604051,0.1823688068376354
UAVDT,M0402,1,28,6.100283145904541,39.89219665527344,6.539400827985384,0.13423980809585298
UAVDT,M0402,61,29,6.459155559539795,40.01072692871094,6.194420704052782,0.1504420899510334
UAVDT,M0402,121,27,5.829135894775391,39.17089080810547,6.71984519064207,0.22175196564806937
UAVDT,M0402,181,26,5.291540622711182,37.296897888183594,7.048400559962837,0.1806142840131764
UAVDT,M0402,241,23,4.939385414123535,36.97167205810547,7.485075360264405,0.2524995477537394
UAVDT,M0402,301,22,6.96830940246582,32.700477600097656,4.6927419136306145,0.3024747448769786
UAVDT,M0402,361,22,6.093686580657959,27.607559204101562,4.530518404364779,0.32680677113345696
UAVDT,M0403,1,62,5.79408597946167,39.67546081542969,6.847578885792776,0.2094510307347313
UAVDT,M0403,61,62,5.7712082862854,51.09994888305664,8.854289491593931,0.1857222182081592
UAVDT,M0403,121,61,5.802273273468018,50.40822219848633,8.687667716201403,0.25081269099623943
UAVDT,M0403,181,61,5.8340349197387695,40.56943130493164,6.953923290323435,0.18689151387208353
UAVDT,M0403,241,59,6.2454633712768555,51.790836334228516,8.292553050974043,0.1635823943837811
UAVDT,M0403,301,57,6.056276798248291,40.78224182128906,6.733880101564192,0.14993171770618094
UAVDT,M0403,361,56,6.403148174285889,30.469993591308594,4.758595734778035,0.16006268257786005
UAVDT,M0403,421,58,5.93336296081543,34.56312561035156,5.8252168017716395,0.1456795931582978
UAVDT,M0403,481,58,5.968739986419678,34.654605865478516,5.806017005988885,0.16255006456220983
UAVDT,M0501,1,14,6.452275276184082,47.617958068847656,7.380025809594601,0.3528419295994905
UAVDT,M0501,61,13,9.95231819152832,50.19306945800781,5.043354572478751,0.18403929564421237
UAVDT,M0501,121,14,5.598159313201904,45.96186065673828,8.210173752709816,0.3147067368043185
UAVDT,M0501,181,13,6.960605144500732,37.29308319091797,5.35773577393362,0.40511924252930503
UAVDT,M0501,241,13,7.24755334854126,34.95868682861328,4.823515626228476,0.2622723243890761
UAVDT,M0501,301,14,5.918859481811523,33.05303192138672,5.5843582742516,0.2976958171728492
UAVDT,M0601,1,28,8.659995079040527,35.46296691894531,4.095033149011256,0.40703067205817256
UAVDT,M0601,61,31,6.36575174331665,28.428190231323242,4.465802528534004,0.20361390631284118
UAVDT,M0601,121,32,6.696096420288086,23.523963928222656,3.5130862000357195,0.20842882625696493
UAVDT,M0601,181,29,7.601620197296143,20.31650733947754,2.672654883060853,0.1982312481508666
UAVDT,M0601,241,32,6.161956310272217,24.219284057617188,3.9304537127669525,0.24819693267444065
UAVDT,M0601,301,34,6.598444938659668,24.107421875,3.6535004988458546,0.13637424755621178
UAVDT,M0601,361,10,6.194429874420166,17.252775192260742,2.7852079274488033,0.2621478225433986
UAVDT,M0602,1,36,7.488559246063232,15.846982955932617,2.1161591215644644,0.1222328783345624
UAVDT,M0602,61,36,6.344499588012695,16.997159957885742,2.6790387046442867,0.13770027847341537
UAVDT,M0602,121,30,9.494222640991211,18.696773529052734,1.969279027471886,0.11814390839544767
UAVDT,M0602,181,33,10.045510292053223,20.710983276367188,2.0617154006353644,0.12595197292071392
UAVDT,M0602,241,39,6.780520915985107,19.326631546020508,2.8503166328206273,0.1593160337484673
UAVDT,M0602,301,47,7.012366771697998,26.452302932739258,3.772236078623424,0.2377775829723508
UAVDT,M0602,361,46,8.678204536437988,41.10688018798828,4.736795499044645,0.20709258083646453
UAVDT,M0602,421,43,9.264466285705566,48.38198471069336,5.222317532240733,0.2067166423952947
UAVDT,M0603,1,13,7.2855753898620605,21.17293930053711,2.9061451110641765,0.06312396575470408
UAVDT,M0603,61,15,7.104141712188721,21.789003372192383,3.0670845620673,0.10356751431348098
UAVDT,M0603,121,16,7.344656944274902,22.524520874023438,3.066790054991079,0.13096399680895265
UAVDT,M0603,181,16,7.631226062774658,20.681133270263672,2.710066914561323,0.15760673097972122
UAVDT,M0603,241,19,7.420180797576904,21.704797744750977,2.9251036244074786,0.21977694787518925
UAVDT,M0603,301,23,7.8056840896606445,21.202449798583984,2.7162833590291724,0.26279868774453696
UAVDT,M0603,361,26,7.968132019042969,19.828672409057617,2.488496972900204,0.3124346879385299
UAVDT,M0603,421,26,7.599128723144531,19.087337493896484,2.5117797301896623,0.2824672212140303
UAVDT,M0603,481,27,7.756385803222656,19.15384864807129,2.469429594401192,0.2212414611887127
UAVDT,M0603,541,26,7.715103626251221,19.0496768951416,2.4691407682877573,0.26589671901632983
UAVDT,M0603,601,26,7.669572830200195,20.33234977722168,2.651040706877407,0.25690585409314676
UAVDT,M0603,661,27,7.120779991149902,21.77532958984375,3.057997805985767,0.28299321797692195
UAVDT,M0603,721,25,8.119222640991211,20.254655838012695,2.4946545665287934,0.25162138603081835
UAVDT,M0603,781,24,8.190290451049805,20.420692443847656,2.493280618788092,0.23630326912547522
UAVDT,M0603,841,23,7.959160804748535,18.664487838745117,2.345032132986891,0.2274113295253039
UAVDT,M0603,901,23,8.020586013793945,18.492013931274414,2.3055689321792103,0.26184727305865163
UAVDT,M0603,961,25,7.997593879699707,19.4541072845459,2.4324950200242426,0.2261381091288897
UAVDT,M0603,1021,26,7.769576072692871,19.100210189819336,2.458333635080731,0.2999590977746884
UAVDT,M0603,1081,26,7.893520355224609,21.380151748657227,2.7085699138668855,0.26057427336214933
UAVDT,M0603,1141,24,7.846338748931885,18.95160484313965,2.415343697175898,0.24394675815868133
UAVDT,M0603,1201,26,7.796393394470215,20.333982467651367,2.6081267887371804,0.20458158167649027
UAVDT,M0603,1261,27,7.854695796966553,19.2919921875,2.4561094008186135,0.22784154207879595
UAVDT,M0603,1321,25,8.010626792907715,19.29816436767578,2.4090704593505214,0.17875816928292262
UAVDT,M0603,1381,26,7.707088947296143,20.225473403930664,2.624268844208203,0.26747616483755965
UAVDT,M0603,1441,25,7.844274520874023,21.798524856567383,2.7789089734889276,0.25430935861945014
UAVDT,M0603,1501,24,7.709386348724365,20.27568244934082,2.629999526835977,0.2171724607717218
UAVDT,M0603,1561,21,7.891401290893555,20.320785522460938,2.5750541346706735,0.1843049100148346
UAVDT,M0603,1621,19,7.5980658531188965,20.242704391479492,2.6641917539014424,0.1791124357212536
UAVDT,M0603,1681,17,7.714007377624512,19.157089233398438,2.4834159854404705,0.20638435437033703
UAVDT,M0603,1741,16,7.893590450286865,18.355249404907227,2.325335919124125,0.2658849872877465
UAVDT,M0603,1801,15,8.256966590881348,19.16057777404785,2.320534734294311,0.23639121201478072
UAVDT,M0603,1861,16,7.758800506591797,18.500234603881836,2.384419420007542,0.21131197638654803
UAVDT,M0603,1921,16,7.560709476470947,18.1774845123291,2.4042035431856936,0.19924563019052977
UAVDT,M0603,1981,13,7.973222255706787,18.051788330078125,2.264051816335317,0.13798212198063692
UAVDT,M0604,1,12,9.146053314208984,56.392822265625,6.165809483967813,0.4723261502270679
UAVDT,M0604,61,11,11.174495697021484,58.939842224121094,5.274496838352291,0.21903822842292792
UAVDT,M0604,121,13,12.174166679382324,57.619544982910156,4.732935444402308,0.5484993881499955
UAVDT,M0604,181,13,11.654515266418457,44.18471145629883,3.7912097111077196,0.463339235589576
UAVDT,M0604,241,13,8.92495346069336,39.2266845703125,4.395169649127231,0.43046764730861004
UAVDT,M0604,301,21,6.120862007141113,64.16361999511719,10.482775125506588,0.6669167937465021
UAVDT,M0604,361,18,4.68137788772583,69.57501983642578,14.862081529210768,0.6836356459161181
UAVDT,M0604,421,16,5.782050609588623,46.793548583984375,8.092898479024832,0.5922724979785434
UAVDT,M0604,481,16,4.49661111831665,61.93357849121094,13.773389973379857,0.6369403028552523
UAVDT,M0604,541,13,6.460385799407959,48.30809020996094,7.477585969306659,0.6090050104797592
UAVDT,M0604,601,15,4.919290542602539,59.681434631347656,12.13212232830902,0.49705997564191146
UAVDT,M0604,661,16,4.065671920776367,72.87991333007812,17.92567495612416,0.6401860930735181
UAVDT,M0604,721,14,6.234633922576904,70.87776947021484,11.368393132682854,0.5556585191044815
UAVDT,M0604,781,14,4.790367603302002,57.870849609375,12.080669877920142,0.4301696055858366
UAVDT,M0604,841,16,4.817734241485596,76.98511505126953,15.979527137123782,0.6890549866398529
UAVDT,M0604,901,13,8.931292533874512,59.10126495361328,6.617324953746015,0.5044530567149179
UAVDT,M0604,961,15,5.4973602294921875,67.31644439697266,12.245230726528346,0.6041761894866122
UAVDT,M0604,1021,14,5.489933967590332,61.30747604370117,11.167251993489922,0.5333450837281146
UAVDT,M0605,1,15,6.687522888183594,50.317222595214844,7.524044917157894,0.09799106910403879
UAVDT,M0605,61,14,4.935471057891846,52.549591064453125,10.647330406370438,0.14320302166871035
UAVDT,M0605,121,13,7.815166473388672,58.84194564819336,7.529199262556383,0.17823408593427226
UAVDT,M0605,181,13,16.754423141479492,56.70980453491211,3.384766163301303,0.2647839456185602
UAVDT,M0605,241,22,10.028656959533691,53.71577835083008,5.356228512708817,0.27083190368616594
UAVDT,M0605,301,19,5.7237348556518555,46.93273162841797,8.19966906434784,0.5176165959417922
UAVDT,M0605,361,14,5.134563446044922,39.94972610473633,7.780549704865174,0.43314123835165796
UAVDT,M0605,421,17,5.308572769165039,46.22492218017578,8.707598857582635,0.43797237240839104
UAVDT,M0605,481,16,4.932508945465088,40.31966018676758,8.174270058615337,0.3328393833158052
UAVDT,M0605,541,15,7.95581579208374,67.97340393066406,8.543863471336214,0.2549388085614863
UAVDT,M0605,601,16,5.192065238952637,61.95021057128906,11.931708813386539,0.2758341537179045
UAVDT,M0605,661,12,4.5518693923950195,55.22366714477539,12.132085168577039,0.26996061262418297
UAVDT,M0605,721,8,23.94497299194336,59.1205940246582,2.4690190314497413,0.09319364646708347
UAVDT,M0605,781,14,6.472445011138916,66.78712463378906,10.318685522835667,0.16807803580868996
UAVDT,M0606,1,11,8.154152870178223,20.660526275634766,2.533742818484,0.23763527196287648
UAVDT,M0606,61,14,6.958332061767578,54.49131774902344,7.831089011751097,0.19254412144963257
UAVDT,M0606,121,17,7.394745349884033,40.460472106933594,5.471516623296313,0.19610770714188266
UAVDT,M0606,181,25,6.521821022033691,37.025177001953125,5.677122520974611,0.42487678061780515
UAVDT,M0606,241,18,6.665954113006592,34.707340240478516,5.206657539504757,0.26338532116499613
UAVDT,M0606,301,17,7.267063617706299,40.26008224487305,5.540075656800198,0.35329630398114487
UAVDT,M0606,361,13,6.808475494384766,26.875186920166016,3.9473134539929102,0.23443024663022188
UAVDT,M0606,421,10,6.346855163574219,24.715532302856445,3.894138382848797,0.2786034084964874
UAVDT,M0606,481,10,6.424598217010498,23.892518997192383,3.718912559221498,0.26261453804844315
UAVDT,M0606,541,12,7.11164665222168,21.684030532836914,3.0490871654967306,0.26024201799042324
UAVDT,M0606,601,16,7.701776504516602,26.61502456665039,3.455699415718227,0.2744091095097251
UAVDT,M0606,661,18,7.782917499542236,26.722900390625,3.433532527127102,0.23985691256873107
UAVDT,M0606,721,19,7.826206207275391,27.917531967163086,3.5671858404664083,0.2630121590705211
UAVDT,M0606,781,14,6.678069114685059,26.117549896240234,3.9109433352236205,0.5031718989772973
UAVDT,M0606,841,13,7.052728652954102,27.324542999267578,3.8743221728546775,0.23648710549310037
UAVDT,M0606,901,12,6.940467357635498,34.99919891357422,5.0427726419705925,0.33461070646335933
UAVDT,M0606,961,8,8.745272636413574,25.94748878479004,2.9670302875121197,0.17224142641697276
UAVDT,M0606,1021,8,9.8179349899292,20.762500762939453,2.114752316473546,0.229146325283954
UAVDT,M0606,1081,7,7.4307122230529785,24.826921463012695,3.3411227238742827,0.19568370999344242
UAVDT,M0606,1141,10,7.975844383239746,36.62823486328125,4.592395877262973,0.3387804551209359
UAVDT,M0606,1201,12,7.8302202224731445,43.08766555786133,5.50273994008463,0.3356869751412517
UAVDT,M0606,1261,11,7.298690319061279,33.354923248291016,4.5699874621589585,0.22067991909706886
UAVDT,M0606,1321,9,7.668054103851318,31.18374252319336,4.066708724385652,0.3440113701057081
UAVDT,M0701,1,29,10.431824684143066,17.097455978393555,1.638970793324643,0.04048936349659022
UAVDT,M0701,61,32,10.007417678833008,18.70281410217285,1.8688951238371654,0.06045603358210893
UAVDT,M0701,121,38,11.247572898864746,19.254512786865234,1.7118815730288492,0.057558791453926963
UAVDT,M0701,181,46,11.347387313842773,19.29850959777832,1.700700704402317,0.037660266001134965
UAVDT,M0701,241,54,11.059715270996094,21.251914978027344,1.9215607687261274,0.030893869439620317
UAVDT,M0701,301,55,12.301002502441406,20.020263671875,1.6275310624399544,0.030744596462016605
UAVDT,M0701,361,57,11.440483093261719,19.26275634765625,1.683736271504281,0.03161088645142951
UAVDT,M0701,421,60,11.369413375854492,18.534379959106445,1.6301966817802906,0.03410690503054631
UAVDT,M0701,481,61,11.50403118133545,17.43054962158203,1.5151688435843236,0.03144009383089081
UAVDT,M0701,541,67,7.448609352111816,10.115897178649902,1.358092054563428,0.024099118107808976
UAVDT,M0701,601,79,5.753933906555176,7.287675857543945,1.2665553647116892,0.021765277140526087
UAVDT,M0701,661,49,5.505006313323975,6.576216220855713,1.1945883159005737,0.02099961678187438
UAVDT,M0701,721,50,5.557734489440918,6.801173210144043,1.2237312205297899,0.02304127544131153
UAVDT,M0701,781,51,5.262382984161377,6.204161167144775,1.1789642042051947,0.010063198998376379
UAVDT,M0701,841,54,5.863073825836182,7.158888816833496,1.221012907135364,0.011954100417928621
UAVDT,M0701,901,66,6.03774356842041,7.503791332244873,1.2428138504411523,0.009527372122655076
UAVDT,M0701,961,61,6.273952007293701,8.102754592895508,1.2914913253202696,0.02962463999375369
UAVDT,M0701,1021,62,7.284544467926025,9.48629093170166,1.3022490251065062,0.026638640448445987
UAVDT,M0701,1081,77,8.169110298156738,11.919526100158691,1.4590972168472482,0.031892705959484485
UAVDT,M0701,1141,78,10.7156343460083,17.408239364624023,1.6245645197018874,0.05533269170184299
UAVDT,M0701,1201,78,10.874752044677734,18.70098304748535,1.7196698343699608,0.06725922519506777
UAVDT,M0701,1261,71,11.721251487731934,21.20546531677246,1.8091468593577396,0.07689794297106411
UAVDT,M0702,1,40,9.746315002441406,20.862009048461914,2.1405022352792904,0.26802271336596734
UAVDT,M0702,61,56,9.433549880981445,23.97968101501465,2.5419573031949514,0.1644684517899962
UAVDT,M0702,121,56,10.98185920715332,22.562395095825195,2.0545150570796418,0.11826181996142246
UAVDT,M0702,181,59,11.438645362854004,23.69849395751953,2.0717920003428296,0.08395858070233514
UAVDT,M0702,241,59,11.899996757507324,21.983617782592773,1.8473633422399058,0.06276281054153648
UAVDT,M0702,301,59,11.539603233337402,21.948497772216797,1.9020149417970074,0.08316310563602917
UAVDT,M0702,361,62,9.358162879943848,21.27684211730957,2.273613142907515,0.0997215082750782
UAVDT,M0702,421,63,9.604019165039062,20.998889923095703,2.186468973274929,0.1312065263613066
UAVDT,M0702,481,62,9.040545463562012,21.077373504638672,2.3314271898295504,0.1570699019274298
UAVDT,M0702,541,61,10.494169235229492,22.217464447021484,2.1171246574179743,0.16487561228191303
UAVDT,M0702,601,65,9.076539993286133,21.687898635864258,2.3894456094400156,0.16874462276422564
UAVDT,M0702,661,59,9.11176872253418,22.184110641479492,2.434665685336843,0.1594917578053251
UAVDT,M0702,721,59,10.101860046386719,21.439970016479492,2.1223784449625436,0.13955837214188935
UAVDT,M0703,1,25,10.080238342285156,16.499353408813477,1.6368019136612129,0.09266452447129395
UAVDT,M0703,61,27,9.668092727661133,16.54810905456543,1.7116208460868458,0.058024896884651705
UAVDT,M0703,121,26,7.620155334472656,15.068645477294922,1.977472218857036,0.08360431452014319
UAVDT,M0703,181,29,7.895932674407959,13.404004096984863,1.6975833824456845,0.07480118924272063
UAVDT,M0703,241,28,8.935462951660156,15.691978454589844,1.7561461045143012,0.08028318120220154
UAVDT,M0703,301,24,9.34512996673584,17.190521240234375,1.8395165504839792,0.0855919439375119
UAVDT,M0703,361,21,9.442458152770996,16.544145584106445,1.7521015519937866,0.13617550445300897
UAVDT,M0703,421,24,8.238797187805176,17.70364761352539,2.148814591495201,0.06543842505853324
UAVDT,M0703,481,24,9.261946678161621,16.754899978637695,1.8090041500825538,0.07551293585844007
UAVDT,M0703,541,21,10.326422691345215,18.260528564453125,1.7683305351966316,0.054589354629107065
UAVDT,M0703,601,22,9.29753589630127,18.614856719970703,2.002127975367757,0.07304042407316351
UAVDT,M0703,661,19,9.459720611572266,16.479705810546875,1.742092233716387,0.08741744875193762
UAVDT,M0704,1,35,6.102437973022461,31.71849250793457,5.197675527085251,0.42616532129207824
UAVDT,M0704,61,36,6.759636402130127,33.91158676147461,5.016776753079239,0.43679144386131696
UAVDT,M0704,121,38,6.385275363922119,33.20529556274414,5.200291870004487,0.41501383519828616
UAVDT,M0704,181,39,7.116152763366699,31.19683837890625,4.383947255812819,0.22658852982479477
UAVDT,M0704,241,42,6.189680099487305,32.255767822265625,5.211217268714322,0.29971291084105944
UAVDT,M0704,301,46,6.812264442443848,32.578765869140625,4.782369525492649,0.33175473521114807
UAVDT,M0704,361,35,6.586307525634766,24.19439125061035,3.6734378339369416,0.26206793795779926
UAVDT,M0704,421,35,6.568422317504883,23.968772888183594,3.6490913235445714,0.23486225988396237
UAVDT,M0704,481,34,6.781626224517822,26.17498207092285,3.8596910540854688,0.27287819417988357
UAVDT,M0704,541,35,6.199684143066406,26.329025268554688,4.2468333323078244,0.2957184151825968
UAVDT,M0704,601,36,6.6666483879089355,25.041748046875,3.7562725060305167,0.29927655739643244
UAVDT,M0704,661,37,5.851474761962891,24.977890014648438,4.268648679306539,0.18581532119870645
UAVDT,M0704,721,39,5.906429290771484,23.96643829345703,4.057686482576445,0.1548533129815512
UAVDT,M0704,781,43,6.33880090713501,24.629926681518555,3.885581365048852,0.1735100271257176
UAVDT,M0801,1,10,7.685701370239258,17.111160278320312,2.226362885315649,0.21009555672038788
UAVDT,M0801,61,12,7.745551109313965,15.369138717651367,1.9842537349175964,0.13839908266074288
UAVDT,M0801,121,15,8.965490341186523,17.194576263427734,1.9178623375943702,0.18605911651497903
UAVDT,M0801,181,15,9.446573257446289,17.818456649780273,1.886234951466112,0.15122256450907637
UAVDT,M0801,241,14,10.57199764251709,17.649791717529297,1.6694850220688333,0.1421448251492481
UAVDT,M0802,1,34,14.38371467590332,49.38743591308594,3.4335661563019935,0.26427814021676055
UAVDT,M0802,61,36,15.959193229675293,50.064022064208984,3.1370020616780008,0.26427230333589163
UAVDT,M0802,121,38,6.4597392082214355,43.46392059326172,6.7284327110209565,0.35803392058586586
UAVDT,M0802,181,37,6.580596923828125,41.0787353515625,6.242402600715104,0.31630295417460114
UAVDT,M0802,241,37,6.821358680725098,40.97344207763672,6.0066394387695965,0.33549763209413097
UAVDT,M0802,301,39,7.330325126647949,39.42374801635742,5.378171818469576,0.3565477871316924
UAVDT,M0802,361,36,7.7541728019714355,40.50674819946289,5.223864522230453,0.33005301500126627
UAVDT,M0802,421,33,7.356100082397461,40.073978424072266,5.447720663829191,0.3018236665656028
UAVDT,M0802,481,32,7.036440372467041,37.97356414794922,5.3967009081092145,0.30603618525831655
UAVDT,M0802,541,31,7.046189785003662,36.02532196044922,5.112737956210258,0.32976248498758765
UAVDT,M0802,601,33,7.189560413360596,37.68130111694336,5.241113357489696,0.5189917967432001
UAVDT,M0802,661,28,7.019352912902832,37.989601135253906,5.412122970113412,0.412064157658094
UAVDT,M0802,721,23,8.88734245300293,39.055641174316406,4.394524165221062,0.38519353109199433
UAVDT,M0802,781,20,7.6979451179504395,36.53165817260742,4.745637649120301,0.3330861889260668
UAVDT,M0802,841,18,7.865880012512207,40.5693359375,5.157634730375572,0.26331579688967677
UAVDT,M0802,901,16,7.038325786590576,39.86700439453125,5.664273806490444,0.28361536155748246
UAVDT,M0802,961,15,6.3137311935424805,42.976165771484375,6.806777870974184,0.3825052305828554
UAVDT,M0802,1021,13,7.448639869689941,38.18034362792969,5.125814148069289,0.35846275932524696
UAVDT,M0802,1081,11,7.2169013023376465,38.184478759765625,5.290979765428853,0.3143234430971578
UAVDT,M0901,121,4,3.94376540184021,4.173443794250488,1.0582383506643442,0.01632509691012084
UAVDT,M0901,181,5,4.375327110290527,5.176392078399658,1.1830868750875954,0.07611670079988885
UAVDT,M0901,241,7,4.319932460784912,5.639584541320801,1.3054797945373697,0.09061489368651451
UAVDT,M0901,301,8,4.569614410400391,5.202273368835449,1.1384490903641966,0.046659723442813855
UAVDT,M0901,361,8,4.043878555297852,4.609158039093018,1.139786463926964,0.026119652532170586
UAVDT,M0901,421,7,4.106980800628662,4.578701496124268,1.1148582665454385,0.034063445831804574
UAVDT,M0901,481,9,4.399376392364502,4.818784713745117,1.0953335845754264,0.022015614044517153
UAVDT,M0901,541,10,3.7666125297546387,4.278623580932617,1.1359340912114821,0.032722798985393035
UAVDT,M0901,601,11,4.242285251617432,5.194801330566406,1.2245290032266958,0.05271789671075839
UAVDT,M0901,661,9,4.819334506988525,5.907175540924072,1.2257243261197301,0.06616190807160639
UAVDT,M0901,721,9,4.6788105964660645,5.6656975746154785,1.2109268921667433,0.04589745393116692
UAVDT,M0901,781,10,4.494409084320068,5.682503700256348,1.2643494603286694,0.0391613915401261
UAVDT,M0901,841,9,3.7580573558807373,4.0020751953125,1.0649319093147727,0.00760912846509569
UAVDT,M0901,901,9,3.8339507579803467,4.29369592666626,1.1199142080082682,0.030070867314657298
UAVDT,M0901,961,9,3.3142333030700684,3.731335163116455,1.1258516893364185,0.025230281110366175
UAVDT,M0901,1021,10,3.7371559143066406,4.021677017211914,1.0761330566423695,0.02030401822855296
UAVDT,M0901,1081,8,3.7366724014282227,3.913362503051758,1.0472854140373669,0.013652629971863686
UAVDT,M0901,1141,11,3.996799945831299,4.69102668762207,1.173695644315362,0.00959908496608444
UAVDT,M0901,1201,10,4.021529674530029,4.580629348754883,1.1390266190912024,0.030396326226336097
UAVDT,M0901,1261,8,3.4410223960876465,3.627643585205078,1.0542342268186382,0.011305909008153078
UAVDT,M0901,1321,8,3.7865853309631348,4.1079325675964355,1.0848646494258627,0.002334859606672429
UAVDT,M0901,1381,8,3.75465989112854,4.280065536499023,1.139934284490562,0.011873059875344979
UAVDT,M0901,1441,9,3.756126880645752,3.927103042602539,1.0455192722156907,0.005229282864550294
UAVDT,M0901,1501,6,3.775479793548584,3.977752923965454,1.0535754768870722,0.011348615273189241
UAVDT,M0901,1561,6,3.9856832027435303,4.05622673034668,1.0176992309761577,0.004507821569246282
UAVDT,M0901,1621,7,4.60517692565918,5.078393936157227,1.102757617815153,0.013405587685669159
UAVDT,M0901,1681,7,4.963501930236816,5.502481937408447,1.1085886567079295,0.013994555128287688
UAVDT,M0901,1741,7,5.216434955596924,5.832277297973633,1.1180580890241805,0.02449038676720513
UAVDT,M0901,1801,8,5.717230319976807,6.523557662963867,1.1410346090430605,0.021320825440834624
UAVDT,M0901,1861,9,5.486026287078857,6.5484771728515625,1.1936649279780298,0.02730545458642986
UAVDT,M0902,1,7,7.4523091316223145,20.01319122314453,2.6855020195314685,0.14587207244083822
UAVDT,M0902,61,7,9.24486255645752,33.46539306640625,3.6198908163356887,0.2754999429402878
UAVDT,M0902,121,8,7.3263840675354,22.27503204345703,3.0403855214418707,0.1022290411638802
UAVDT,M0902,181,8,10.82601547241211,25.061115264892578,2.3148974180533655,0.1887345905052683
UAVDT,M0902,241,7,12.79993724822998,25.392333984375,1.9837858180036265,0.3208131703622445
UAVDT,M0902,301,8,11.033358573913574,56.10390853881836,5.084934760614608,0.26361941921101023
UAVDT,M0902,361,8,9.46418571472168,50.66736602783203,5.353589580244416,0.1959185090606991
UAVDT,M1001,1,11,7.364298343658447,38.86152267456055,5.277016337615521,0.28976222998447265
UAVDT,M1001,61,14,7.209079742431641,35.45753479003906,4.918455067342499,0.3974619758431119
UAVDT,M1001,121,16,7.658935546875,36.32026672363281,4.742208169965892,0.17283256618746995
UAVDT,M1001,181,22,6.479903697967529,39.152313232421875,6.042113441393009,0.583631389966144
UAVDT,M1001,241,19,6.505882263183594,46.15083312988281,7.09370862596879,0.5228764562542821
UAVDT,M1001,301,15,10.122488975524902,39.079872131347656,3.8606979198336115,0.26746664466844144
UAVDT,M1001,361,11,7.290421485900879,38.72166061401367,5.311306169183554,0.2497160506451545
UAVDT,M1001,421,13,6.926175594329834,38.19688415527344,5.514859338325699,0.255607878992398
UAVDT,M1001,481,12,9.309857368469238,34.375457763671875,3.692372117331806,0.22755003157575898
UAVDT,M1001,541,11,7.7501726150512695,28.26479148864746,3.6469886404537175,0.14333446107160286
UAVDT,M1001,601,18,6.262373447418213,31.240171432495117,4.988551336773838,0.25565196107080923
UAVDT,M1001,661,16,7.769159317016602,27.955947875976562,3.598323413801713,0.2747928391895363
UAVDT,M1001,721,10,6.796267032623291,29.077272415161133,4.278418178035833,0.30140254572718556
UAVDT,M1001,781,8,9.588727951049805,28.92966651916504,3.017049463375142,0.20364597977122942
UAVDT,M1001,841,8,9.93967342376709,29.04290771484375,2.92191770057538,0.29454553247913806
UAVDT,M1001,901,8,8.625815391540527,35.4831428527832,4.113598685126287,0.2190454861983465
UAVDT,M1001,961,8,7.550967216491699,36.018592834472656,4.770063463632342,0.3584482390918251
UAVDT,M1001,1021,7,6.277008533477783,35.80878448486328,5.704753194755239,0.14335857108310737
UAVDT,M1001,1081,8,12.16782283782959,36.04286575317383,2.9621458360748867,0.16968375301537547
UAVDT,M1001,1141,6,9.629794120788574,35.911659240722656,3.7292239886206295,0.36322913753622715
UAVDT,M1001,1201,11,9.875519752502441,35.07905960083008,3.552122873526844,0.23704550143463146
UAVDT,M1001,1261,8,10.187551498413086,28.75221061706543,2.8222886158213933,0.4327781852536198
UAVDT,M1001,1321,8,7.61374568939209,29.69837188720703,3.900625670829079,0.22294288565050338
UAVDT,M1001,1381,9,6.504436492919922,24.325727462768555,3.739867010654513,0.4240831575902336
UAVDT,M1001,1441,11,6.958072662353516,26.94271469116211,3.87215195911003,0.4779926469110397
UAVDT,M1001,1501,10,7.481919288635254,31.75102424621582,4.243700449220883,0.33562071934689336
UAVDT,M1001,1561,9,6.456794261932373,28.408645629882812,4.39980654136264,0.41224793927768594
UAVDT,M1001,1621,9,6.364692687988281,30.38469123840332,4.773944749248711,0.38439949168836174
UAVDT,M1001,1681,5,10.758003234863281,31.555002212524414,2.9331653396668114,0.29097875829224285
UAVDT,M1001,1741,5,10.745548248291016,32.29743194580078,3.0056569659847185,0.15928688067210417
UAVDT,M1001,1801,8,10.85301685333252,37.97943878173828,3.4994360826111075,0.13578650854739818
UAVDT,M1002,1,21,7.6494574546813965,38.38686752319336,5.018247078386056,0.2769637327322789
UAVDT,M1002,61,21,7.467367649078369,37.722965240478516,5.051708582358915,0.26854874569956805
UAVDT,M1002,121,21,6.978394031524658,36.03602600097656,5.163942568760812,0.29217408682587426
UAVDT,M1002,181,19,6.991240978240967,38.79716873168945,5.549396573861344,0.3710680660112664
UAVDT,M1002,241,19,7.0192975997924805,37.53927993774414,5.348010880583544,0.3162454347559717
UAVDT,M1002,301,21,6.861148834228516,36.26129913330078,5.285018589365449,0.23274815484444555
UAVDT,M1002,361,16,7.58651876449585,41.25556564331055,5.438010097118915,0.19478163159924622
UAVDT,M1002,421,18,7.233587265014648,38.70241928100586,5.350377048493032,0.4029802880871214
UAVDT,M1002,481,18,7.061412334442139,42.06954574584961,5.957667355106118,0.424993591848974
UAVDT,M1002,541,14,6.567115783691406,37.77889633178711,5.752737971455624,0.21954917207137714
UAVDT,M1002,601,11,11.735557556152344,40.565433502197266,3.456626011001149,0.23695753896724284
UAVDT,M1003,1,17,5.757411479949951,44.42790222167969,7.7166452973526045,0.5166000563889891
UAVDT,M1003,61,15,5.916810512542725,33.92768859863281,5.734117820185614,0.3808539967401888
UAVDT,M1003,121,13,6.953528881072998,35.252201080322266,5.069685002139878,0.34897274325155847
UAVDT,M1003,181,12,5.956233978271484,28.456262588500977,4.777559560673784,0.35110429132202037
UAVDT,M1003,241,8,7.115891456604004,26.251218795776367,3.6890976985622164,0.4287985621224075
UAVDT,M1003,301,8,8.101956367492676,35.042755126953125,4.325221407949628,0.41061920397451646
UAVDT,M1003,361,10,8.153478622436523,35.925716400146484,4.406182693763011,0.3078646611618525
UAVDT,M1003,421,11,6.600783348083496,44.65447235107422,6.765026209205824,0.6742595263190477
UAVDT,M1003,481,12,9.589009284973145,45.74557876586914,4.770626183202956,0.33561612460495027
UAVDT,M1003,541,12,6.347782135009766,37.6920280456543,5.937826353203332,0.37314386774895786
UAVDT,M1003,601,8,9.29886245727539,22.851478576660156,2.457448820396441,0.16896455642465996
UAVDT,M1003,661,7,8.851946830749512,24.99656867980957,2.823849844305161,0.3501923157813852
UAVDT,M1003,721,6,8.837581634521484,26.255077362060547,2.9708441118668256,0.23000457583065453
UAVDT,M1003,781,6,9.4359130859375,29.926177978515625,3.1715190364687773,0.256242885679285
UAVDT,M1003,841,7,8.695720672607422,46.900657653808594,5.393533143440471,0.36729508289734664
UAVDT,M1003,901,10,6.239406108856201,47.988624572753906,7.69121671766788,0.40756398789054193
UAVDT,M1003,961,10,13.606389045715332,36.946067810058594,2.715347009844096,0.1876655943578343
UAVDT,M1003,1021,10,19.235374450683594,36.40943145751953,1.892837155360165,0.1389350497563862
UAVDT,M1003,1081,10,15.236499786376953,32.18621063232422,2.112441248553825,0.1647687294875143
UAVDT,M1003,1141,11,7.981509208679199,48.25922393798828,6.046378282131224,0.4703499451973602
UAVDT,M1003,1201,10,6.493729591369629,37.3353271484375,5.749442846843719,0.26162828072893596
UAVDT,M1003,1261,9,21.070234298706055,52.83389663696289,2.5075134850402434,0.13069679027344683
UAVDT,M1003,1321,10,10.629171371459961,51.69215774536133,4.863234953964356,0.31062882108921286
UAVDT,M1004,1,11,5.78088903427124,32.48781967163086,5.619865643334632,0.46441455616858146
UAVDT,M1004,61,18,5.710643768310547,32.72509765625,5.730544398137355,0.09515192756867069
UAVDT,M1004,121,21,12.095771789550781,40.43055725097656,3.3425363800186325,0.36548935390956677
UAVDT,M1004,181,21,5.88537073135376,38.47187805175781,6.53686569765308,0.35966893468711114
UAVDT,M1004,241,17,8.131732940673828,34.276519775390625,4.215155616331681,0.47710761387328676
UAVDT,M1005,1,10,4.492373466491699,35.2000846862793,7.835520565873313,0.3219042390462543
UAVDT,M1005,61,13,6.4658589363098145,35.7859001159668,5.534593387895727,0.48004237580587567
UAVDT,M1005,121,19,6.20196008682251,31.032726287841797,5.003696549704981,0.31008985806382505
UAVDT,M1005,181,21,6.621347427368164,31.078365325927734,4.693661776071563,0.32817187594728847
UAVDT,M1005,241,22,5.801782131195068,32.36174011230469,5.57789647741197,0.33871069856026736
UAVDT,M1005,301,25,8.116168022155762,40.19237518310547,4.952136904187679,0.2963935552690562
UAVDT,M1005,361,25,7.511911392211914,34.90254592895508,4.646293613785276,0.18625004133754236
UAVDT,M1005,421,24,6.328268527984619,32.404720306396484,5.120629784134097,0.1869995074722118
UAVDT,M1005,481,25,5.570594787597656,35.67790222167969,6.40468452329593,0.1892119413770627
UAVDT,M1006,1,35,4.877239227294922,59.48015213012695,12.195455124951215,0.27919937887134083
UAVDT,M1006,61,36,5.173182487487793,60.15480041503906,11.62819996405182,0.3953211797118078
UAVDT,M1006,121,39,5.268438816070557,57.49515914916992,10.913130275669111,0.3494262242151861
UAVDT,M1006,181,39,4.756671905517578,59.823978424072266,12.576856174309285,0.41056076696381155
UAVDT,M1006,241,43,5.917333126068115,67.65716552734375,11.433725985324042,0.44302698288892883
UAVDT,M1006,301,42,5.642579555511475,62.26866912841797,11.035496888581058,0.4373347358299138
UAVDT,M1006,361,36,4.322042942047119,62.463871002197266,14.45239481415506,0.480751482910027
UAVDT,M1006,421,33,4.954135417938232,62.660369873046875,12.648093882569787,0.37783110948524734
UAVDT,M1006,481,29,4.697244167327881,63.31964111328125,13.480168127879514,0.33052211422667205
UAVDT,M1006,541,24,10.120396614074707,65.20137023925781,6.442570654650087,0.3358047439291353
UAVDT,M1006,601,22,8.822453498840332,56.807342529296875,6.438950631676769,0.35892293233040407
UAVDT,M1006,661,20,4.518919944763184,51.292659759521484,11.350645815038776,0.34540075132488485
UAVDT,M1007,1,5,6.656646251678467,17.4366455078125,2.619433998526791,0.09377494999557748
UAVDT,M1007,121,3,10.48868465423584,18.558818817138672,1.7694133658259732,0.21330285437972862
UAVDT,M1007,181,10,9.583711624145508,29.06654167175293,3.032910714729955,0.25999956771391836
UAVDT,M1007,241,11,6.048473358154297,26.538299560546875,4.387602951870336,0.4256072842868339
UAVDT,M1007,301,8,8.302457809448242,23.99665641784668,2.890307541284745,0.24900945276719794
UAVDT,M1007,361,8,8.756806373596191,24.316226959228516,2.7768373447821797,0.14273481537325494
UAVDT,M1007,421,9,7.2323899269104,22.370071411132812,3.093040009900167,0.15280181558299433
UAVDT,M1007,481,9,6.341899871826172,20.843637466430664,3.2866550856515917,0.13330776678759812
UAVDT,M1007,541,9,6.277271747589111,19.614477157592773,3.1246818596193533,0.1786005243054279
UAVDT,M1007,601,5,6.775266170501709,19.580154418945312,2.8899461550593815,0.31246517302585947
UAVDT,M1008,1,6,7.576418399810791,12.738088607788086,1.6812810401424239,0.0518054770242586
UAVDT,M1008,61,8,8.026253700256348,23.144174575805664,2.883558810889129,0.16824178735688405
UAVDT,M1008,121,8,5.089224815368652,24.226417541503906,4.7603354971358245,0.19613916662913727
UAVDT,M1008,181,8,5.78499698638916,23.24226951599121,4.017680488110058,0.20222980787955044
UAVDT,M1008,241,9,5.281797409057617,26.690549850463867,5.053308141787668,0.22236400513079446
UAVDT,M1008,301,7,7.386690616607666,19.9910831451416,2.706365297091933,0.216860252550901
UAVDT,M1008,361,6,8.122894287109375,17.542675018310547,2.159658170875114,0.19294737966483638
UAVDT,M1008,421,6,7.76677942276001,20.342391967773438,2.619154074101997,0.22063228059232698
UAVDT,M1008,481,6,6.903352737426758,19.787511825561523,2.8663625600764777,0.30052573875728716
UAVDT,M1008,541,5,6.332871437072754,18.3336238861084,2.894993853622703,0.0633399122689015
UAVDT,M1009,1,15,7.147476673126221,8.3800687789917,1.1724513646193346,0.020886656841762174
UAVDT,M1009,61,17,6.162097930908203,7.102274417877197,1.1525740904332602,0.023298197344257244
UAVDT,M1009,121,19,6.559277534484863,7.536324501037598,1.1489564912318453,0.020590317367236013
UAVDT,M1009,181,24,6.802791595458984,8.417251586914062,1.2373231590003089,0.028700799089132846
UAVDT,M1009,241,24,6.141451835632324,7.839249134063721,1.2764488501856974,0.04001851480396258
UAVDT,M1009,301,21,8.044909477233887,9.091364860534668,1.130076713263477,0.01780888633657306
UAVDT,M1009,361,18,8.037759780883789,8.996488571166992,1.119278109376116,0.03351116372024647
UAVDT,M1009,421,13,7.114126682281494,8.835188865661621,1.2419217790521806,0.028966779989286897
UAVDT,M1009,481,12,6.560928821563721,8.353205680847168,1.273174257491225,0.025984564794535273
UAVDT,M1009,541,11,6.358527183532715,6.952657222747803,1.0934383108015584,0.037975973640376845
UAVDT,M1009,601,8,7.070345401763916,7.77421236038208,1.0995519905495088,0.023757635167411157
UAVDT,M1101,1,18,5.552220821380615,43.42290115356445,7.8208166696739765,0.38094808197294966
UAVDT,M1101,61,13,5.293787479400635,35.4449348449707,6.695571928963004,0.557208266400013
UAVDT,M1101,121,10,5.292880058288574,20.796133041381836,3.9290769509910564,0.5495746240498698
UAVDT,M1101,181,12,5.151944637298584,31.2034969329834,6.056644457527578,0.34058042464076155
UAVDT,M1101,241,9,8.93401050567627,29.24010467529297,3.272897950670096,0.11852802311060659
UAVDT,M1101,301,18,5.5812883377075195,34.72979736328125,6.222541331298842,0.17575443441429678
UAVDT,M1101,361,12,8.23702335357666,36.586368560791016,4.441697806393201,0.35642878197999095
UAVDT,M1101,421,14,4.951783180236816,37.650848388671875,7.603492927344053,0.3170260103849957
UAVDT,M1101,481,9,5.480380535125732,36.91999435424805,6.736757441862752,0.5417329268807551
UAVDT,M1101,541,5,7.742328643798828,37.231239318847656,4.808790873100923,0.48452101741159365
UAVDT,M1101,601,5,7.344321250915527,38.07469940185547,5.184236650474563,0.580973536116975
UAVDT,M1101,721,4,12.033316612243652,20.100170135498047,1.6703765705829212,0.10336710563546374
UAVDT,M1101,781,5,7.4394659996032715,25.950712203979492,3.488249318615527,0.1694855800396206
UAVDT,M1101,841,4,5.2318115234375,33.00213623046875,6.307974987750531,0.1487879660757432
UAVDT,M1102,1,15,7.848910808563232,15.328624725341797,1.9529620222742408,0.17785724676524406
UAVDT,M1102,61,15,8.09207534790039,15.121024131774902,1.868621272254747,0.19173005303569743
UAVDT,M1102,121,15,8.313342094421387,16.544696807861328,1.9901378555038096,0.1779070640017435
UAVDT,M1102,181,15,8.520462989807129,16.55853843688965,1.9433848203669588,0.13989512758226436
UAVDT,M1102,241,16,8.324419021606445,16.59965705871582,1.9940919619291846,0.135240256108735
UAVDT,M1102,301,19,7.987709999084473,17.059179306030273,2.135678349362401,0.15400115741270912
UAVDT,M1102,361,19,8.149059295654297,16.73086929321289,2.053104375143653,0.1603985874711669
UAVDT,M1102,421,21,8.405953407287598,17.094324111938477,2.0335972951168677,0.12786685907564999
UAVDT,M1102,481,22,8.33705997467041,17.411632537841797,2.0884619507046467,0.18338114665597322
UAVDT,M1102,541,22,8.170597076416016,17.148902893066406,2.098855534385092,0.21025468034507272
UAVDT,M1102,601,27,8.11397933959961,17.5292911529541,2.1603815365173333,0.26348941301641765
UAVDT,M1102,661,29,7.838830471038818,16.15549087524414,2.0609567887622884,0.21787740912357886
UAVDT,M1102,721,30,7.830505847930908,15.254013061523438,1.948023966491779,0.16990531751255333
UAVDT,M1102,781,38,7.718757152557373,15.395243644714355,1.9945236442130603,0.14943431820139677
UAVDT,M1102,841,43,7.720621109008789,15.158194541931152,1.963338742817446,0.18031214679264893
UAVDT,M1102,901,43,6.233881950378418,10.275562286376953,1.6483408521640663,0.08542600270917905
UAVDT,M1102,961,46,5.7981462478637695,9.467158317565918,1.6327905356050538,0.10365259171834625
UAVDT,M1201,1,22,7.501084327697754,33.860687255859375,4.514105664807525,0.2476163392976586
UAVDT,M1201,61,23,8.62618350982666,34.626766204833984,4.014146715681196,0.26664192487610977
UAVDT,M1201,121,25,10.442535400390625,33.779052734375,3.234755874814791,0.1906532702410034
UAVDT,M1201,181,28,6.714000225067139,33.066680908203125,4.925034226949622,0.17513490934512654
UAVDT,M1201,241,28,6.471518039703369,32.61532974243164,5.039826751982075,0.15737981506831122
UAVDT,M1201,301,31,8.698995590209961,34.76878356933594,3.9968733411550965,0.1724996463292078
UAVDT,M1201,361,28,6.364418029785156,30.770788192749023,4.834815697011617,0.23804650380324768
UAVDT,M1201,421,26,6.283630847930908,31.066991806030273,4.944114725686042,0.23213948719745164
UAVDT,M1201,481,25,6.6117119789123535,31.498214721679688,4.764002851627732,0.48657507105022385
UAVDT,M1201,541,24,6.355341911315918,29.96416664123535,4.71480009405679,0.3678223049478942
UAVDT,M1201,601,25,6.71366548538208,33.81808090209961,5.037200762494498,0.37968748736618635
UAVDT,M1201,661,20,7.128596305847168,30.672067642211914,4.302679844144551,0.22882947927871147
UAVDT,M1201,721,20,7.166772365570068,28.52869987487793,3.9806901098090988,0.2613180613672116
UAVDT,M1201,781,20,7.624388694763184,31.59682846069336,4.144178599183389,0.36240108453184916
UAVDT,M1201,841,21,6.743549346923828,27.17431640625,4.029675621584348,0.3893949563230149
UAVDT,M1201,901,19,7.70745325088501,25.332950592041016,3.2868120982935776,0.3605906729833915
UAVDT,M1201,961,20,6.521454334259033,28.01832389831543,4.29633061311605,0.2349156628544793
UAVDT,M1201,1021,18,5.8674845695495605,31.352840423583984,5.343489199152833,0.0994014450311082
UAVDT,M1201,1081,18,7.578980445861816,30.914201736450195,4.078939371499447,0.07833221471420129
UAVDT,M1201,1141,19,5.9465107917785645,34.36018371582031,5.778209259003698,0.18209980973882084
UAVDT,M1202,1,13,15.71190071105957,57.44821548461914,3.6563504658721193,0.3028491051925626
UAVDT,M1202,61,12,13.910468101501465,44.997982025146484,3.234828741693423,0.3481022012891279
UAVDT,M1202,121,14,14.47296142578125,45.209190368652344,3.123700052714813,0.17918470073143072
UAVDT,M1202,181,15,19.710590362548828,51.45101547241211,2.610323411224241,0.21258316659743862
UAVDT,M1202,241,17,13.662781715393066,46.499149322509766,3.403344230415528,0.20760397552910428
UAVDT,M1202,301,20,5.9204020500183105,44.68645477294922,7.547875025279915,0.32775880972863325
UAVDT,M1202,361,19,8.496889114379883,45.615848541259766,5.368535228270881,0.2770235573354852
UAVDT,M1202,421,20,10.017532348632812,60.91550064086914,6.080888837776786,0.26499640030828464
UAVDT,M1301,1,49,6.3274688720703125,63.49513244628906,10.034839163975818,0.1599053837118292
UAVDT,M1301,61,45,7.167604923248291,56.7099723815918,7.911983568967606,0.17110752157332068
UAVDT,M1301,121,49,8.15832233428955,57.4029655456543,7.0361237511281916,0.25616514454645356
UAVDT,M1301,181,47,7.089419841766357,57.32307434082031,8.08572148641969,0.44402363065941697
UAVDT,M1301,241,44,6.345849990844727,59.556983947753906,9.385186229374765,0.5027348340759255
UAVDT,M1301,301,45,7.354738235473633,71.35455322265625,9.701848106367192,0.3922871054038794
UAVDT,M1301,361,43,6.711490631103516,64.81098175048828,9.656719395558769,0.4547105500990728
UAVDT,M1301,421,38,6.620301723480225,59.395111083984375,8.971662254203268,0.34410066899022673
UAVDT,M1301,481,35,6.593514919281006,54.13255310058594,8.209969001858095,0.42613322291415734
UAVDT,M1301,541,32,6.450153827667236,54.3980598449707,8.43360659270421,0.4015261051953549
UAVDT,M1301,601,28,7.715023040771484,45.902503967285156,5.9497559144936805,0.4196649008371496
UAVDT,M1301,661,27,8.766927719116211,51.20364761352539,5.840546341208708,0.2707564023867853
UAVDT,M1301,721,22,6.4839186668396,43.81034469604492,6.756769624533094,0.29567081477600243
UAVDT,M1301,781,18,7.450343608856201,38.256038665771484,5.1348019197794645,0.28343980546874037
UAVDT,M1301,841,19,6.014177322387695,36.31685256958008,6.038540372660958,0.5097652238519907
UAVDT,M1301,901,24,8.041370391845703,42.227535247802734,5.251285936365185,0.5448315914270109
UAVDT,M1301,961,19,7.150429725646973,33.12123107910156,4.632061617262415,0.2619671882044368
UAVDT,M1301,1021,21,6.002070903778076,32.843040466308594,5.471951430236378,0.27682437267425625
UAVDT,M1301,1081,21,6.888312816619873,34.72687530517578,5.041419608788385,0.39773847470400475
UAVDT,M1301,1141,23,6.410884857177734,39.67886734008789,6.189296520536126,0.5212518165484491
UAVDT,M1302,1,10,13.359650611877441,34.95954513549805,2.6168008543888974,0.16557089936482744
UAVDT,M1302,61,21,5.7162957191467285,40.14503860473633,7.0229114407553395,0.2594247321452314
UAVDT,M1302,121,23,5.942554473876953,44.916996002197266,7.558533320922709,0.23092947211162357
UAVDT,M1302,181,27,6.601655006408691,49.37078094482422,7.4785460459379545,0.35621432599894276
UAVDT,M1302,241,29,7.807301044464111,50.6748161315918,6.49069580422079,0.4523530839759521
UAVDT,M1302,301,31,8.2504243850708,47.630287170410156,5.773071171538459,0.29103782794631694
UAVDT,M1302,361,32,8.805036544799805,39.76591110229492,4.516268717337738,0.21375647151033075
UAVDT,M1302,421,33,8.655771255493164,41.99958038330078,4.85220544115544,0.23065564338222005
UAVDT,M1302,481,36,8.334007263183594,40.71954345703125,4.885950080331028,0.2275642573112996
UAVDT,M1302,541,32,11.462535858154297,39.67341995239258,3.461138132376653,0.20578432253971793
UAVDT,M1302,601,33,9.89449405670166,40.399986267089844,4.083077521252989,0.19549736129857914
UAVDT,M1302,661,25,9.647250175476074,31.975849151611328,3.314503985072967,0.228291619342975
UAVDT,M1303,1,31,12.306835174560547,32.726314544677734,2.659198248817558,0.2153103012792963
UAVDT,M1303,61,29,10.73897933959961,36.969539642333984,3.442556175335034,0.1891735034899565
UAVDT,M1303,121,27,11.925156593322754,43.99126052856445,3.6889461521366065,0.21973553821617484
UAVDT,M1303,181,26,10.302468299865723,55.368804931640625,5.374324222124739,0.22194840124846704
UAVDT,M1303,241,24,9.45057201385498,47.585147857666016,5.035160600639196,0.1869628134138495
UAVDT,M1303,301,21,10.49132251739502,25.904754638671875,2.469160069735802,0.19287410157311655
UAVDT,M1303,361,14,8.491610527038574,26.134042739868164,3.077630875397949,0.21166531281805193
UAVDT,M1303,421,13,7.1584978103637695,25.142175674438477,3.5122139225968194,0.2663240366569221
UAVDT,M1304,1,29,7.141503810882568,33.761295318603516,4.7274770430222866,0.28451233019513017
UAVDT,M1304,61,27,7.269643783569336,33.51140213012695,4.609772243018093,0.37418384029218343
UAVDT,M1304,121,24,5.863101959228516,29.115596771240234,4.965903198291191,0.36668474240300397
UAVDT,M1304,181,20,6.585070610046387,26.551790237426758,4.0321192907056345,0.37574781388722983
UAVDT,M1304,241,18,5.909788131713867,27.925500869750977,4.725296448428253,0.36730582475763107
UAVDT,M1304,301,23,5.856259822845459,36.625675201416016,6.2541069401562535,0.5032473643093379
UAVDT,M1304,361,17,6.298067569732666,40.211971282958984,6.38481102937196,0.43004212044408663
UAVDT,M1304,421,17,5.933579444885254,37.090492248535156,6.250947272730487,0.457566406916284
UAVDT,M1304,481,17,7.343804359436035,31.99535369873047,4.356781871186386,0.2979711478786903
UAVDT,M1304,541,17,6.964853286743164,33.1996955871582,4.766747298230989,0.33895193612200486
UAVDT,M1304,601,15,7.786251544952393,29.414289474487305,3.777721449746349,0.35317547596422855
UAVDT,M1304,661,15,5.786097049713135,36.369590759277344,6.285686266026334,0.4151423611363176
UAVDT,M1304,721,14,6.447817802429199,44.48284149169922,6.898898643652806,0.607402806994219
UAVDT,M1304,781,10,6.603072166442871,36.96477127075195,5.598117109579491,0.28041005428615795
UAVDT,M1304,841,10,6.9485039710998535,42.49045181274414,6.115050374795782,0.4257425996902693
UAVDT,M1304,901,10,7.751527309417725,33.912933349609375,4.37500017685635,0.247162106801065
UAVDT,M1304,961,10,9.15783977508545,29.571496963500977,3.2290908871273687,0.23372396532661938
UAVDT,M1304,1021,12,11.445880889892578,31.385135650634766,2.7420463267575834,0.2931070982597008
UAVDT,M1304,1081,13,9.935894012451172,36.3737907409668,3.6608472972220674,0.3174204807909663
UAVDT,M1304,1141,12,11.086560249328613,40.224117279052734,3.6281873163940683,0.22711425524477893
UAVDT,M1304,1201,16,5.912013530731201,40.004520416259766,6.766648995018789,0.2496347154174567
UAVDT,M1304,1261,15,6.088696479797363,36.22643280029297,5.94978464117801,0.2381633310596154
UAVDT,M1304,1321,14,6.550734519958496,34.55337142944336,5.274732371487142,0.1505141191179093
UAVDT,M1304,1381,14,4.943271160125732,34.43356704711914,6.965745137526164,0.17459740830065085
UAVDT,M1304,1441,16,5.5264739990234375,39.29269790649414,7.109903695093364,0.21698637166900725
UAVDT,M1304,1501,22,4.870059967041016,40.1534309387207,8.244956162853452,0.39191883923654425
UAVDT,M1305,1,26,6.664116859436035,59.66168975830078,8.952677604058369,0.5359525116447983
UAVDT,M1305,61,22,5.902552604675293,53.72952651977539,9.102761147307238,0.5647821580394965
UAVDT,M1305,121,20,5.943796634674072,50.831207275390625,8.55197618620711,0.46559066921089776
UAVDT,M1305,181,18,6.28336763381958,40.70983123779297,6.478982865601639,0.4107759869570222
UAVDT,M1305,241,15,5.966958522796631,34.237674713134766,5.737877108133147,0.34202318266854576
UAVDT,M1305,301,18,6.567183017730713,40.5941162109375,6.1813590547632975,0.3905631564995635
UAVDT,M1305,361,20,6.101486682891846,41.435264587402344,6.7910112306864505,0.26364217058975553
UAVDT,M1305,421,20,5.554544925689697,39.96721267700195,7.195407222678877,0.36256120312577256
UAVDT,M1305,481,19,5.22266960144043,43.89605712890625,8.404907926168558,0.3078445855836716
UAVDT,M1305,541,18,5.7096052169799805,46.226749420166016,8.09631273326758,0.3690932091931432
UAVDT,M1306,1,23,14.143997192382812,35.89725112915039,2.5379848879270632,0.15490202373178835
UAVDT,M1306,61,26,13.557883262634277,36.104766845703125,2.663009125119729,0.16953204981734338
UAVDT,M1306,121,26,10.740585327148438,32.24852752685547,3.0024925592595486,0.13832626106336532
UAVDT,M1306,181,23,5.935378074645996,31.053449630737305,5.231924443598216,0.08513930514521952
UAVDT,M1306,241,27,6.551451206207275,29.55118179321289,4.510631440743107,0.14184154615657132
UAVDT,M1306,301,27,11.236674308776855,31.540206909179688,2.8068987355577213,0.12853575814120707
UAVDT,M1306,361,24,9.91247844696045,30.41150665283203,3.0680022978670265,0.1732999208620622
UAVDT,M1306,421,20,14.408533096313477,31.260059356689453,2.169551830691742,0.17299541174665112
UAVDT,M1306,481,20,10.208200454711914,34.52902603149414,3.3824792317392425,0.2523944729698703
UAVDT,M1306,541,17,10.142410278320312,34.4797477722168,3.3995615269003885,0.2010131643762468
UAVDT,M1306,601,19,5.413789749145508,35.55880355834961,6.568190714085651,0.22595532102738963
UAVDT,M1306,661,14,12.923639297485352,38.789634704589844,3.001448261724345,0.17229517426121793
UAVDT,M1306,721,14,20.635723114013672,39.706729888916016,1.924174387761157,0.13953547879314693
UAVDT,M1306,781,14,13.802051544189453,35.3932991027832,2.564350595957851,0.15842007869872535
UAVDT,M1306,841,12,20.01910972595215,35.957603454589844,1.7961639626749,0.1005959876524137
UAVDT,M1306,901,12,13.29035758972168,35.058719635009766,2.6379064218801016,0.27053004399076935
UAVDT,M1306,961,10,21.24838638305664,34.27846908569336,1.6132269278116498,0.11772008637501671
UAVDT,M1306,1021,10,16.763565063476562,33.86835479736328,2.0203551374136755,0.137395284526932
UAVDT,M1306,1081,12,5.4597649574279785,33.668575286865234,6.166671193612343,0.13082405254884732
UAVDT,M1306,1141,13,9.947762489318848,35.00751876831055,3.5191349618468437,0.16384837712948983
UAVDT,M1401,1,14,7.356661796569824,76.775390625,10.436172376552353,0.27486445057989894
UAVDT,M1401,61,14,8.94363784790039,78.4575424194336,8.772441790881805,0.35031082224297383
UAVDT,M1401,121,14,17.195791244506836,78.76670837402344,4.580580634763481,0.35795795694271737
UAVDT,M1401,181,16,18.486492156982422,78.92241668701172,4.269193745185585,0.2881346071843976
UAVDT,M1401,241,7,28.866207122802734,73.47676086425781,2.545424847527515,0.18706631603984986
UAVDT,M1401,301,7,31.944459915161133,75.81851196289062,2.3734479206801824,0.07190758914460613
UAVDT,M1401,361,6,43.0837287902832,69.48700714111328,1.6128364255413492,0.11654263363502698
UAVDT,M1401,421,9,6.519095420837402,78.56732177734375,12.051874793274845,0.1655453323245434
UAVDT,M1401,481,10,15.218912124633789,71.86500549316406,4.722085580403688,0.3981482981231028
UAVDT,M1401,541,8,8.244933128356934,50.62179183959961,6.139745593023096,0.2453419150891029
UAVDT,M1401,601,12,6.158193111419678,77.46493530273438,12.579166307578816,0.30305272776681275
UAVDT,M1401,661,15,6.19760799407959,76.5365219116211,12.34936478472572,0.6053930677591138
UAVDT,M1401,721,14,10.368706703186035,69.38984680175781,6.692237401260092,0.38400299377706304
UAVDT,M1401,781,17,15.810876846313477,78.91423034667969,4.991135603278045,0.4228790639961483
UAVDT,M1401,841,16,6.293981075286865,78.18340301513672,12.42193169631882,0.2741134265116071
UAVDT,M1401,901,17,8.361952781677246,78.31676483154297,9.365846337132048,0.2451109337784087
UAVDT,M1401,961,15,19.0887508392334,77.28800964355469,4.048877283510007,0.35180141310043656
UAVDT,M1401,1021,15,6.1048970222473145,79.16651153564453,12.967706293349076,0.22505332770926312
KITTI,0000,1,3,6.310336112976074,12.862133979797363,2.038264483780617,0.3409670668093856
KITTI,0000,11,3,6.569196701049805,27.210071563720703,4.14206984536973,0.6226630250985126
KITTI,0000,21,3,6.8155412673950195,21.816137313842773,3.2009398018334,0.3639410063159918
KITTI,0000,31,3,7.5022478103637695,17.270828247070312,2.3020871455634953,0.029416100553817385
KITTI,0000,41,3,7.862687110900879,20.298294067382812,2.5815975863062297,0.11015483641218954
KITTI,0000,111,3,12.471275329589844,30.518651962280273,2.447115564024996,0.4250339807867835
KITTI,0000,121,5,13.248940467834473,32.21123504638672,2.4312310199135205,0.3567085327780858
KITTI,0000,131,5,9.98790168762207,33.644775390625,3.3685529196108037,0.036529514545385625
KITTI,0000,141,5,7.400778770446777,33.914093017578125,4.582503283709259,0.4190616370814319
KITTI,0000,151,5,7.710893154144287,25.303295135498047,3.2814999027575125,0.11826238925339194
KITTI,0001,1,4,8.352051734924316,52.785465240478516,6.320059659084097,0.485561506127724
KITTI,0001,11,4,6.447656154632568,36.68906784057617,5.690295350848617,0.6662031786377276
KITTI,0001,21,5,22.782434463500977,41.87259292602539,1.8379332109177426,0.10138418536197479
KITTI,0001,31,5,11.389531135559082,59.39104080200195,5.21452903505203,0.3372245567655944
KITTI,0001,41,5,14.564737319946289,48.729183197021484,3.3456959865858527,0.1391477806669453
KITTI,0001,51,5,8.9083833694458,40.85759353637695,4.586420660398537,0.4585077097798933
KITTI,0001,61,5,8.350580215454102,28.58225440979004,3.4227866414472548,0.4424542886950045
KITTI,0001,71,6,6.6768999099731445,33.212772369384766,4.974280402163218,0.17428290490314835
KITTI,0001,81,6,7.0906901359558105,22.030561447143555,3.1069699880735064,0.31559777402151756
KITTI,0001,91,4,10.626801490783691,30.830289840698242,2.901182436449616,0.3854396937135124
KITTI,0001,101,5,10.023955345153809,24.741315841674805,2.468218880647375,0.06555504023063335
KITTI,0001,111,9,6.723681926727295,69.4349136352539,10.326918255791268,0.5249138730639895
KITTI,0001,121,5,6.688205242156982,30.015226364135742,4.48778488060508,0.32599940513069436
KITTI,0001,131,3,6.012049674987793,18.881126403808594,3.1405473049167596,0.2736476793441619
KITTI,0001,141,3,6.046813488006592,15.021013259887695,2.484120485885792,0.3796019015917362
KITTI,0001,151,3,6.60232400894165,16.695812225341797,2.528778079162784,0.025148890281083785
KITTI,0001,161,5,7.17112922668457,24.762468338012695,3.4530779679536097,0.17595126093173608
KITTI,0001,171,4,14.91423225402832,22.671274185180664,1.5201100397948526,0.010743969033516923
KITTI,0001,201,3,11.250940322875977,19.462875366210938,1.7298887744198628,0.06104888963016654
KITTI,0001,211,4,11.110184669494629,19.397037506103516,1.7458789464915196,0.16558329865674865
KITTI,0001,221,8,9.062759399414062,33.52061462402344,3.6987205713737317,0.2769520029054291
KITTI,0001,231,5,11.157609939575195,35.19649887084961,3.154483716625574,0.18796680738484753
KITTI,0001,241,4,5.977945327758789,35.97782516479492,6.018426598472002,0.2812968690648216
KITTI,0001,251,4,10.68103313446045,44.07625961303711,4.12659141285059,0.4769679718789698
KITTI,0001,261,3,7.4572834968566895,37.64957046508789,5.048697757160166,0.7583536647979913
KITTI,0001,271,5,7.655754566192627,79.3169174194336,10.360431063149877,0.9336434349104243
KITTI,0001,281,5,7.361088752746582,68.63629913330078,9.324204807025467,0.8466841867431723
KITTI,0001,291,3,6.633793830871582,54.896484375,8.275277431675535,0.6445228240746563
KITTI,0001,301,4,8.539607048034668,50.02437973022461,5.857925247478147,0.4454793257947554
KITTI,0001,311,4,7.561551570892334,37.719688415527344,4.988352993680114,0.24959369716174964
KITTI,0001,321,3,7.271966457366943,28.078208923339844,3.86115765081602,0.1093718376280859
KITTI,0001,341,6,4.846271991729736,67.6731185913086,13.963953881827965,0.38735445491885695
KITTI,0001,351,6,24.73175621032715,59.107147216796875,2.389929235681036,0.2594077036062822
KITTI,0001,361,6,6.925837516784668,48.90350341796875,7.061023782243203,0.3881439848039572
KITTI,0001,371,4,9.468419075012207,41.60969161987305,4.394576464162197,0.25569901347370144
KITTI,0001,391,3,16.404613494873047,28.164072036743164,1.7168385006781972,0.2239271300915879
KITTI,0002,1,4,19.313045501708984,37.012386322021484,1.9164448361469615,0.2107409967481214
KITTI,0002,61,5,26.8362979888916,75.70915985107422,2.821147681487687,0.3102762152547796
KITTI,0002,71,5,13.840497016906738,66.5401382446289,4.807640806782255,0.4054831882677201
KITTI,0002,81,7,19.75509262084961,62.62629699707031,3.1701343141754874,0.23480656773449154
KITTI,0002,91,11,11.33431625366211,65.87177276611328,5.811711204443423,0.23199994159576492
KITTI,0002,101,10,6.279210090637207,62.80953598022461,10.002776634895293,0.2924137612516745
KITTI,0002,111,7,12.721375465393066,54.08638381958008,4.251614455269826,0.3361507109353524
KITTI,0002,121,9,9.957087516784668,56.70915603637695,5.695355789610395,0.3642591577819164
KITTI,0002,131,8,10.095429420471191,54.60926818847656,5.409306123991281,0.514451871253115
KITTI,0002,141,8,14.680237770080566,56.2589111328125,3.8322888235143173,0.3380814801789668
KITTI,0002,151,7,12.127788543701172,71.41527557373047,5.888565365102901,0.36743518449304624
KITTI,0002,161,6,13.343673706054688,54.16770935058594,4.059429999851342,0.3754136597331529
KITTI,0002,171,3,12.955546379089355,50.17161560058594,3.872597429126142,0.4328889295480532
KITTI,0002,191,4,12.874011039733887,27.02783203125,2.099410350653908,0.11357468912426313
KITTI,0002,201,5,12.880151748657227,55.89835739135742,4.339883448747791,0.49611084785002985
KITTI,0002,211,4,12.908220291137695,57.118404388427734,4.424963558116769,0.2559438292359236
KITTI,0002,221,4,13.067667961120605,57.311920166015625,4.3857802583086825,0.2539358928528498
KITTI,0002,231,4,13.07380199432373,57.34135055541992,4.385973611984936,0.2501122434902701
KITTI,0003,21,3,10.654242515563965,30.948434829711914,2.9047991712692594,0.146762066961253
KITTI,0003,61,3,13.618904113769531,48.375205993652344,3.552063043365002,0.6325662932602955
KITTI,0003,111,4,27.95611000061035,49.309776306152344,1.7638282402335586,0.11118504813500221
KITTI,0004,1,3,13.697190284729004,22.891145706176758,1.6712292981501538,0.06556527522180935
KITTI,0004,21,5,10.051227569580078,31.690948486328125,3.152943087493154,0.46227165476883714
KITTI,0004,31,5,18.407737731933594,37.14857864379883,2.0180958238748574,0.15164636748336985
KITTI,0004,41,5,17.462940216064453,41.41115951538086,2.3713738352769504,0.10257489631917202
KITTI,0004,51,5,12.543367385864258,44.772499084472656,3.5694162266927623,0.32389937936469393
KITTI,0004,61,3,18.431068420410156,33.84062194824219,1.8360640401490689,0.027588546159497955
KITTI,0004,71,3,13.886503219604492,56.740394592285156,4.086010257224511,0.4519770656941793
KITTI,0004,121,3,41.9183235168457,77.20655822753906,1.841833159107904,0.20270314351661323
KITTI,0004,131,3,15.339435577392578,52.94664001464844,3.451668071326024,0.14339033543726384
KITTI,0004,141,3,14.466192245483398,54.398834228515625,3.7604113995858106,0.20560402615522005
KITTI,0004,151,3,17.129798889160156,56.248069763183594,3.283638653736777,0.2701460116114354
KITTI,0004,161,4,9.684880256652832,67.60641479492188,6.980614421998767,0.28207833163681606
KITTI,0004,171,4,35.8392448425293,48.657901763916016,1.3576709547790256,0.03561543126588596
KITTI,0004,181,3,27.61972427368164,46.38170623779297,1.679296497611647,0.0934935745697899
KITTI,0004,191,5,18.350055694580078,52.76167678833008,2.875287010922474,0.06140919752938971
KITTI,0004,201,4,12.047609329223633,51.35190963745117,4.262414910225211,0.12520766649586065
KITTI,0004,211,4,11.63315486907959,55.807804107666016,4.797306039138246,0.5963453784291414
KITTI,0004,221,3,17.709392547607422,53.3853874206543,3.014523918713789,0.19229718998689116
KITTI,0004,231,4,42.61321258544922,69.4244155883789,1.6291758207426184,0.08852889857569418
KITTI,0004,241,3,12.783394813537598,48.90230178833008,3.8254550142300703,0.20548717295633281
KITTI,0004,301,3,24.08384132385254,48.80850601196289,2.026608021355096,0.09089021312680777
KITTI,0005,1,3,35.582557678222656,53.106842041015625,1.492496478787927,0.1772185354713533
KITTI,0005,11,4,27.3566837310791,63.926734924316406,2.336786708240194,0.17108179191481235
KITTI,0005,31,4,29.360973358154297,69.27420043945312,2.3593972718283163,0.3805738347759623
KITTI,0005,41,3,28.753293991088867,53.308475494384766,1.8539954243470667,0.09959649436370561
KITTI,0005,51,4,27.013702392578125,39.92247009277344,1.4778599953682,0.0480367102892038
KITTI,0005,61,5,24.554494857788086,61.65099334716797,2.510782392561164,0.1845305871678105
KITTI,0005,71,5,24.507492065429688,66.35279846191406,2.707449553988082,0.23594988746420745
KITTI,0005,81,5,24.26601219177246,54.504642486572266,2.2461310105602106,0.05057177164560736
KITTI,0005,91,5,24.18404769897461,48.30592346191406,1.997429217110013,0.2239916885355069
KITTI,0005,101,4,23.32131004333496,42.93083572387695,1.8408415155110993,0.21034764454832774
KITTI,0005,111,5,22.108278274536133,64.56947326660156,2.920601616498168,0.211862778429661
KITTI,0005,121,3,21.918344497680664,52.463417053222656,2.3935848375215647,0.2495110633813659
KITTI,0005,141,4,21.287275314331055,78.074462890625,3.667658812025773,0.44128586229964506
KITTI,0005,151,4,21.9755859375,56.53166961669922,2.5724761004088346,0.3048798923217786
KITTI,0005,161,5,24.146738052368164,48.871788024902344,2.0239498982807453,0.13962009244905546
KITTI,0005,171,8,21.251075744628906,62.95635223388672,2.9625018982767775,0.33343623071693557
KITTI,0005,181,8,17.097761154174805,58.91813659667969,3.4459562316609795,0.24361980539695602
KITTI,0005,191,6,7.0995869636535645,67.18705749511719,9.463516376245868,0.28040382334505193
KITTI,0005,201,3,29.710716247558594,65.34542083740234,2.1993889441413903,0.35512139375899243
KITTI,0005,211,4,12.549336433410645,59.27865982055664,4.723648946308945,0.32466656682865913
KITTI,0005,221,5,6.823897838592529,68.74028015136719,10.073462671525764,0.7439036323625743
KITTI,0005,231,5,6.709920406341553,68.43199157714844,10.198629407358288,0.7375056973069024
KITTI,0005,241,6,9.560566902160645,72.90275573730469,7.625359090456132,0.5742541685634099
KITTI,0005,251,4,19.118188858032227,57.896419525146484,3.0283422742119295,0.2399662828013467
KITTI,0005,261,7,24.516620635986328,60.64749526977539,2.473729808453084,0.30221732629322257
KITTI,0005,271,7,16.998580932617188,52.35391616821289,3.0798992207493767,0.28066061556110516
KITTI,0005,281,4,7.3604302406311035,33.19185256958008,4.509498967377499,0.0399934556673205
KITTI,0006,71,3,13.613031387329102,45.136932373046875,3.315715000485488,0.027247418355715623
KITTI,0006,81,5,10.347969055175781,63.057891845703125,6.093745691495205,0.6979720681702809
KITTI,0006,91,4,5.624099254608154,39.340362548828125,6.9949623518102495,0.27118818159580554
KITTI,0006,101,6,5.592726707458496,55.34754180908203,9.896343001218028,0.5730501652722023
KITTI,0006,111,6,15.572958946228027,61.56047439575195,3.953036453015417,0.5149802954125992
KITTI,0006,121,4,29.22542381286621,41.199371337890625,1.4097099703906775,0.1401873150312899
KITTI,0006,131,6,12.623769760131836,57.379722595214844,4.545371444941151,0.08590825039131288
KITTI,0006,141,4,24.261192321777344,61.89424514770508,2.5511625449730078,0.43565741423017323
KITTI,0006,151,3,43.404415130615234,78.34479522705078,1.8049959892626317,0.18616141277873666
KITTI,0007,51,5,6.569977760314941,38.952667236328125,5.9288887508290244,0.4364542006185977
KITTI,0007,61,4,9.612318992614746,61.849945068359375,6.434445747782548,0.5493260508683303
KITTI,0007,71,4,9.070036888122559,47.258323669433594,5.210378331682373,0.6273532237979283
KITTI,0007,81,6,5.613975524902344,58.89939498901367,10.49156604401802,0.9709851977181139
KITTI,0007,91,4,7.106442928314209,62.85612487792969,8.844948944498231,0.8744629134234349
KITTI,0007,141,4,6.587425231933594,25.69498062133789,3.900610590125164,0.4173355932550118
KITTI,0007,151,6,5.351802349090576,64.97444915771484,12.140666810827918,0.7270793222311078
KITTI,0007,161,6,5.596494674682617,59.62007522583008,10.653110329138514,0.7296975393181705
KITTI,0007,171,3,6.151873588562012,52.91469955444336,8.60139578498915,0.8576417969177994
KITTI,0007,181,3,36.34847640991211,59.94425964355469,1.6491546706812747,0.16943089555375287
KITTI,0007,191,4,10.897648811340332,42.0338134765625,3.8571451699582386,0.20725528642321556
KITTI,0007,201,3,18.661720275878906,34.42790985107422,1.844841169094888,0.17839866593472536
KITTI,0007,211,4,8.513042449951172,24.782915115356445,2.911170155800009,0.2758419984836521
KITTI,0007,221,5,6.539982318878174,20.573965072631836,3.1458747240406852,0.11519752904062941
KITTI,0007,231,3,7.5029296875,11.726181983947754,1.562880431024665,0.022478108956005906
KITTI,0007,351,4,12.882366180419922,46.24040222167969,3.589433926506536,0.6307873156994932
KITTI,0007,361,4,7.110729217529297,51.12819290161133,7.190288272484154,0.21278168388953178
KITTI,0007,371,4,6.036280632019043,45.80575180053711,7.588406602165511,0.2817754266528136
KITTI,0007,381,3,14.116781234741211,33.95445251464844,2.4052545654732524,0.24480669599650187
KITTI,0007,391,3,6.160578727722168,25.006389617919922,4.059097484688077,0.3531447719084428
KITTI,0007,401,4,7.175765514373779,39.86585235595703,5.5556236161984005,0.5216592882924914
KITTI,0007,411,6,5.197994232177734,51.01554870605469,9.814468125079351,0.7887857205527391
KITTI,0007,421,3,11.637774467468262,39.381534576416016,3.3839403475725947,0.34147020123552174
KITTI,0007,431,4,6.939085960388184,56.47756576538086,8.139049737643171,0.8870591630733955
KITTI,0007,461,5,6.217593669891357,41.707191467285156,6.707931344766362,0.519692009826907
KITTI,0007,471,5,8.814620018005371,33.90168762207031,3.846074765879903,0.2866073117056177
KITTI,0007,481,4,6.933480739593506,26.433284759521484,3.812411940307951,0.3331209276591478
KITTI,0007,491,3,13.07768440246582,24.58487319946289,1.879910268734377,0.017821864097922534
KITTI,0007,501,4,13.500743865966797,29.21966552734375,2.1643004131795895,0.3809995143743415
KITTI,0007,521,3,6.756958961486816,9.929048538208008,1.4694552082973134,0.01918243100058798
KITTI,0007,531,3,6.282480716705322,23.411287307739258,3.726439978635808,0.23740368635641868
KITTI,0007,631,3,22.28779411315918,40.113372802734375,1.7997910694558419,0.1313655078692098
KITTI,0007,641,3,8.411120414733887,31.688322067260742,3.7674317456865594,0.11577544358404702
KITTI,0008,11,3,18.225658416748047,78.94145965576172,4.331336506516565,0.5994194442796276
KITTI,0008,91,3,30.07427406311035,77.31278991699219,2.5707283824957043,0.316806442494161
KITTI,0008,111,3,28.407798767089844,73.28723907470703,2.5798281547815516,0.16497358732537487
KITTI,0008,201,3,29.482873916625977,35.857460021972656,1.2162131861152086,0.025118367323598897
KITTI,0008,211,4,26.154714584350586,70.36199188232422,2.6902221263169364,0.1428825998094016
KITTI,0008,221,4,21.42209243774414,61.02741622924805,2.848807435903052,0.2594456418516517
KITTI,0008,231,4,18.78564453125,38.82172393798828,2.0665633203805265,0.18058847610296813
KITTI,0008,241,4,27.408466339111328,55.02553176879883,2.0076107538450083,0.2129411179759791
KITTI,0008,251,4,29.421175003051758,45.966068267822266,1.5623464481977474,0.14602856198294656
KITTI,0008,261,3,21.85885238647461,47.62321853637695,2.1786696618091583,0.31965511579774597
KITTI,0008,291,3,39.74776077270508,76.62128448486328,1.9276880758897839,0.20160790876700477
KITTI,0008,301,3,40.53302764892578,52.60377502441406,1.2978002896807583,0.10098856672648517
KITTI,0008,331,3,5.671545505523682,50.66316223144531,8.932867096297297,0.04684002159794798
KITTI,0008,341,3,9.413005828857422,52.28945541381836,5.555022100752848,0.2795362104975769
KITTI,0008,351,5,13.54170036315918,68.91956329345703,5.089432009657804,0.40599637409587036
KITTI,0008,361,3,17.313772201538086,71.11479187011719,4.1074117784569,0.25530934833610547
KITTI,0008,371,5,20.746789932250977,74.63771057128906,3.5975546489370105,0.252838089837171
KITTI,0008,381,4,15.713997840881348,64.56341552734375,4.108656255467743,0.5054644296596541
KITTI,0009,11,3,43.108558654785156,77.33708190917969,1.7940076013326667,0.13884141014132825
KITTI,0009,21,6,8.545492172241211,71.90129089355469,8.413943801518604,0.5111824927363968
KITTI,0009,31,9,24.115535736083984,60.51583480834961,2.5094128312397386,0.24453462711357024
KITTI,0009,41,10,18.912649154663086,54.3202018737793,2.872162510368684,0.25158223471164126
KITTI,0009,51,8,12.225473403930664,78.14389038085938,6.3918907513008865,0.35346804484157285
KITTI,0009,61,9,7.670073509216309,75.12357330322266,9.794374618829229,0.2633351995885371
KITTI,0009,71,10,6.599605083465576,76.44154357910156,11.582745120706628,0.314421103161313
KITTI,0009,81,10,6.634002685546875,76.5141372680664,11.533630734694066,0.27919535029382414
KITTI,0009,91,8,10.558758735656738,37.49262237548828,3.550855106564408,0.27435774813418534
KITTI,0009,101,7,8.693358421325684,36.75271987915039,4.227677969539628,0.3860059364431707
KITTI,0009,111,7,5.210933208465576,51.348663330078125,9.854024466607656,0.5921128280032122
KITTI,0009,121,3,7.018730163574219,21.889169692993164,3.1186794737591566,0.22010772581198937
KITTI,0009,131,4,15.387664794921875,53.63645935058594,3.4856789555414966,0.3110927281077115
KITTI,0009,141,5,7.957238674163818,28.397844314575195,3.568806400991782,0.4889232358084282
KITTI,0009,151,5,10.82153034210205,37.57782745361328,3.472505853207625,0.3974102424902361
KITTI,0009,161,6,9.139861106872559,46.997283935546875,5.142012924048495,0.4253372078972679
KITTI,0009,171,8,6.364994049072266,39.058616638183594,6.136473394484416,0.4984391439137545
KITTI,0009,181,8,6.2808837890625,39.474945068359375,6.284934794861329,0.2322425779876312
KITTI,0009,191,6,5.321242332458496,21.088083267211914,3.962999981898756,0.21287254904152023
KITTI,0009,201,6,5.824403762817383,40.15044021606445,6.89348504174492,0.49625250334065063
KITTI,0009,211,6,4.06557035446167,32.224063873291016,7.926086886659687,0.6212140941671913
KITTI,0009,221,7,6.622344017028809,24.954402923583984,3.76821301633014,0.1919186612740406
KITTI,0009,231,5,10.400561332702637,53.34347152709961,5.128903125581401,0.02881691168557449
KITTI,0009,241,4,5.118532180786133,10.154541969299316,1.9838777232694325,0.18123192711106895
KITTI,0009,251,5,3.8988564014434814,16.669052124023438,4.275369597570205,0.23042525834831484
KITTI,0009,261,3,9.008654594421387,29.292869567871094,3.2516364414738153,0.039226173175314544
KITTI,0009,391,3,36.09498596191406,58.974117279052734,1.6338589892036468,0.22510806490773178
KITTI,0009,631,3,42.49676513671875,48.77957534790039,1.14784208141417,0.05435784565985676
KITTI,0009,641,4,35.327369689941406,46.34497833251953,1.3118717509759894,0.08054238785294687
KITTI,0009,651,6,24.860912322998047,50.42462921142578,2.0282694599578126,0.15225256517393518
KITTI,0009,661,5,29.00115203857422,41.9323616027832,1.4458860650435292,0.08220752930092011
KITTI,0009,671,6,29.251949310302734,44.95193099975586,1.5367157423564755,0.10693190995095654
KITTI,0009,681,5,29.070110321044922,43.25539779663086,1.4879681335545771,0.056998458317456195
KITTI,0009,691,5,28.113801956176758,37.32767105102539,1.3277347229382575,0.06782696149038213
KITTI,0009,701,3,26.897769927978516,30.65587043762207,1.139717921586297,0.06458812674922161
KITTI,0010,1,3,20.68802261352539,40.90903854370117,1.9774262290759346,0.041128851732089654
KITTI,0010,71,4,27.684711456298828,73.13603210449219,2.641748035551668,0.2500838583275664
KITTI,0010,81,4,15.925256729125977,33.3957405090332,2.0970299617183037,0.24116538310106825
KITTI,0010,91,3,16.729434967041016,37.0971794128418,2.2174795195371315,0.26519613749047855
KITTI,0010,101,5,21.697908401489258,41.03703689575195,1.8912899868696715,0.21482226456267522
KITTI,0010,111,5,19.65669822692871,53.673057556152344,2.730522539264651,0.1208580175813595
KITTI,0010,121,4,7.709388732910156,54.154598236083984,7.024499621468898,0.4500329701089978
KITTI,0010,131,3,18.30608558654785,57.779396057128906,3.1562944346544435,0.2585238099886968
KITTI,0010,141,4,23.545482635498047,49.591129302978516,2.1061844461074277,0.15893618122249495
KITTI,0010,151,6,22.647186279296875,50.975196838378906,2.250840179867215,0.13671828368186228
KITTI,0010,161,5,6.933835506439209,36.577171325683594,5.2751714821783215,0.22115280271070414
KITTI,0010,201,3,18.44855308532715,48.95907974243164,2.6538167798845267,0.11348781185596911
KITTI,0010,211,4,19.314464569091797,38.14076232910156,1.974725325295156,0.169226940537272
KITTI,0010,221,5,10.930727005004883,37.2366943359375,3.4066072932649245,0.3654428888053266
KITTI,0010,231,3,16.215574264526367,22.540369033813477,1.3900444514705472,0.08063180983417477
KITTI,0010,271,3,22.73723030090332,57.90896987915039,2.5468788024216718,0.08388695318706571
KITTI,0010,281,3,21.964717864990234,25.939237594604492,1.180950183564583,0.07258018146098573
KITTI,0011,1,5,6.455542087554932,27.903297424316406,4.322378670275995,0.32375127730768344
KITTI,0011,11,5,5.795651435852051,55.620357513427734,9.596912120932386,0.6265304791023699
KITTI,0011,21,3,11.192512512207031,43.724082946777344,3.9065476048465433,0.6186965634538408
KITTI,0011,31,6,5.486993312835693,34.442298889160156,6.2770805294384955,0.330461146420556
KITTI,0011,41,6,10.711332321166992,24.84600257873535,2.319599638378916,0.17611911487305437
KITTI,0011,51,7,11.114437103271484,60.262020111083984,5.421958804674519,0.6561090338469354
KITTI,0011,61,4,20.449369430541992,57.83984375,2.828441431725213,0.24903203372210359
KITTI,0011,71,4,22.1600399017334,48.327903747558594,2.1808581555748145,0.2769120169373155
KITTI,0011,81,4,22.740903854370117,50.40690994262695,2.2165746034294176,0.30072231983735137
KITTI,0011,91,4,27.190183639526367,36.77449035644531,1.3524914301419517,0.058465885015158904
KITTI,0011,101,4,24.3120174407959,28.705965042114258,1.1807315090990866,0.016925650201836902
KITTI,0011,111,6,13.224560737609863,61.89719772338867,4.680472867983942,0.4667755877430614
KITTI,0011,121,8,5.766548156738281,54.935203552246094,9.52653165447923,0.6942869960028812
KITTI,0011,131,7,5.187932968139648,51.17449951171875,9.864140463262292,0.3908437654082681
KITTI,0011,141,8,6.0971174240112305,56.91815948486328,9.335257225113013,0.31418835372934717
KITTI,0011,151,10,9.274449348449707,57.41454315185547,6.190614773420778,0.4667995587391907
KITTI,0011,161,8,6.323826789855957,38.34212112426758,6.063120069286548,0.3531756481855197
KITTI,0011,171,8,6.4529547691345215,54.43491744995117,8.435657678916607,0.270325130643491
KITTI,0011,181,12,7.769231796264648,62.18133544921875,8.003537168129643,0.372703866766097
KITTI,0011,191,10,11.246777534484863,58.176361083984375,5.172713775621865,0.45476627408290404
KITTI,0011,201,10,7.895905017852783,54.312652587890625,6.878584844307111,0.5574829922662795
KITTI,0011,211,9,5.986427307128906,54.08712387084961,9.034958765212139,0.33323193654139627
KITTI,0011,221,9,7.363104343414307,58.51974868774414,7.947700583665537,0.3831555470413312
KITTI,0011,231,9,6.691826820373535,50.849609375,7.598763497612689,0.32926381264906135
KITTI,0011,241,10,6.574046611785889,59.27119445800781,9.015937664899877,0.3287121242723046
KITTI,0011,251,11,7.5230841636657715,53.50735855102539,7.112423227889673,0.33077242219084374
KITTI,0011,261,11,11.453001976013184,56.493568420410156,4.932642859813397,0.44207179110896555
KITTI,0011,271,10,10.610292434692383,57.97539520263672,5.464071377813778,0.3797312284838495
KITTI,0011,281,10,11.601533889770508,60.157291412353516,5.1852877372876,0.49784021910137144
KITTI,0011,291,9,6.6712260246276855,49.247108459472656,7.382017679759409,0.15622217430926433
KITTI,0011,301,8,11.069207191467285,59.542144775390625,5.379079435904748,0.3571435009299344
KITTI,0011,311,6,10.38071346282959,46.744815826416016,4.503044611894551,0.5212772924342299
KITTI,0011,321,4,11.6318359375,43.24924850463867,3.7181790335614138,0.22500472166914734
KITTI,0011,331,3,18.2099552154541,39.668312072753906,2.178386031344487,0.025825890091905244
KITTI,0012,1,3,13.57107925415039,42.13196563720703,3.1045405341894217,0.23415789580774857
KITTI,0012,21,4,14.272380828857422,42.423858642578125,2.972444412133471,0.056515926930011916
KITTI,0012,31,4,14.902231216430664,45.85531997680664,3.077077473220803,0.08109787989399928
KITTI,0012,41,3,40.907039642333984,48.42818832397461,1.1838595202048579,0.057036183886650285
KITTI,0012,51,3,40.542232513427734,52.439205169677734,1.2934464117709767,0.1263622841019908
KITTI,0012,61,3,40.03912353515625,58.000797271728516,1.4486030699648325,0.1447144078403182
KITTI,0013,21,3,14.792547225952148,18.769193649291992,1.268827698340093,0.011012938875516912
KITTI,0013,41,4,11.133502960205078,27.0634822845459,2.4308146664423567,0.24734449419316865
KITTI,0013,51,3,8.727337837219238,20.35013771057129,2.3317692164711,0.049945946619821935
KITTI,0013,61,4,12.574745178222656,43.481178283691406,3.4578178458036266,0.31175486759742266
KITTI,0013,71,9,7.6016058921813965,35.49288558959961,4.66912993030929,0.1845133181784945
KITTI,0013,81,9,8.726238250732422,32.606239318847656,3.736574498881108,0.2512331213182773
KITTI,0013,91,10,11.10349178314209,34.82360076904297,3.1362747367376818,0.11341424287021609
KITTI,0013,101,7,14.62891960144043,27.2669677734375,1.8639085124750203,0.07759908900977477
KITTI,0013,111,8,11.79727840423584,20.247453689575195,1.7162817554856806,0.2124668667215588
KITTI,0013,121,3,6.82899808883667,18.78670310974121,2.7510189438259975,0.39466389274645713
KITTI,0013,201,3,11.07942008972168,11.631279945373535,1.0498094531286717,0.01024327596565359
KITTI,0013,241,6,12.717889785766602,32.580257415771484,2.5617659819818632,0.25167216109502744
KITTI,0013,251,5,14.148755073547363,25.132753372192383,1.7763225981048183,0.15228493475928953
KITTI,0013,261,7,6.966475486755371,16.7479190826416,2.404073496631498,0.22250491340425632
KITTI,0013,271,3,6.5940327644348145,10.64421558380127,1.6142193956346838,0.0405177892702615
KITTI,0013,281,4,6.780797004699707,21.672502517700195,3.196158578804112,0.12646353737171084
KITTI,0013,291,7,8.61512279510498,33.85508728027344,3.9297277688844474,0.42741679989167597
KITTI,0013,301,5,6.631670951843262,28.859088897705078,4.351706999226755,0.5172613915750808
KITTI,0013,311,6,6.707817077636719,33.5321044921875,4.998959289450608,0.329132435959955
KITTI,0013,321,4,15.592774391174316,25.275882720947266,1.6209997070985454,0.22943450322530612
KITTI,0013,331,7,9.285208702087402,21.231420516967773,2.286585169829812,0.18340346096728535
KITTI,0014,1,5,23.46275520324707,48.821903228759766,2.0808256662884665,0.17423329774100071
KITTI,0014,11,4,22.350919723510742,63.619014739990234,2.8463712244051385,0.4308752662797085
KITTI,0014,21,3,24.554643630981445,66.26404571533203,2.698636018147068,0.4044998399474901
KITTI,0014,31,4,23.200998306274414,67.41651916503906,2.9057594106546323,0.2349608345202428
KITTI,0014,41,3,23.783388137817383,24.264404296875,1.0202248794944722,0.0037766987745321444
KITTI,0014,51,3,23.117149353027344,24.309297561645508,1.0515698622876286,0.012530442033944357
KITTI,0014,61,3,10.549012184143066,50.035892486572266,4.743182737222031,0.6007579462583648
KITTI,0014,71,4,8.913260459899902,41.796138763427734,4.68920873023575,0.6047102489090266
KITTI,0014,81,4,6.158594608306885,55.554595947265625,9.020661284042308,0.48688610580913805
KITTI,0014,101,4,7.1781792640686035,64.77384185791016,9.023714715811685,0.6699664495020163
KITTI,0015,21,4,29.686113357543945,55.9411506652832,1.8844215135716724,0.07204936119351482
KITTI,0015,31,7,33.64078140258789,45.96907424926758,1.3664686827319448,0.08054712269913152
KITTI,0015,41,7,26.29374122619629,53.84935760498047,2.047991464650557,0.21982121288563847
KITTI,0015,51,11,12.72765827178955,45.33911895751953,3.562251436150847,0.22288826754890667
KITTI,0015,61,12,10.673039436340332,36.57546615600586,3.4269025589347195,0.22347030878063096
KITTI,0015,71,8,6.207630157470703,48.83909606933594,7.867591146769512,0.5841530760835596
KITTI,0015,81,4,9.755518913269043,18.341489791870117,1.8801142158540436,0.12512353996226772
KITTI,0015,91,7,4.602110385894775,46.751060485839844,10.158613454629286,0.660450392535913
KITTI,0015,101,9,8.422833442687988,44.02979278564453,5.227432441260913,0.3754497057730984
KITTI,0015,111,7,8.38737964630127,45.571632385253906,5.43335753322558,0.4336354902540058
KITTI,0015,121,7,8.687180519104004,44.11314010620117,5.077958263810892,0.36606493914113053
KITTI,0015,131,7,8.734371185302734,50.827903747558594,5.819297424992237,0.2771926084528227
KITTI,0015,141,6,9.714330673217773,63.55787658691406,6.542692309429195,0.5012097643896924
KITTI,0015,151,5,11.930941581726074,44.60276412963867,3.7384110737709184,0.6347731584144574
KITTI,0015,161,3,11.871861457824707,44.39475631713867,3.739494137027536,0.6539015163963167
KITTI,0015,171,3,11.737585067749023,42.67902374267578,3.636099205784973,0.6228995427047729
KITTI,0015,181,4,11.780448913574219,39.791900634765625,3.3777915363577313,0.37584643767714593
KITTI,0015,191,4,12.289619445800781,34.94832229614258,2.8437269722036844,0.35063753042214846
KITTI,0015,201,4,12.91508674621582,31.276113510131836,2.421672740161492,0.3147374249128241
KITTI,0015,211,4,14.225189208984375,27.806488037109375,1.9547359004228424,0.2551640921271884
KITTI,0015,221,4,14.740047454833984,25.567243576049805,1.7345428265677023,0.20771072200396767
KITTI,0015,301,3,22.31083106994629,53.724517822265625,2.408001640720368,0.4071087986586203
KITTI,0015,311,3,22.219858169555664,43.73212432861328,1.9681549717780131,0.24818352244530278
KITTI,0015,321,4,22.20197296142578,46.1219596862793,2.077381130335248,0.21153194395246827
KITTI,0015,331,5,19.779619216918945,39.222965240478516,1.982999005710295,0.2638469923969243
KITTI,0015,341,4,4.474534511566162,33.97134017944336,7.592150667657455,0.23704866190486187
KITTI,0016,1,12,8.331693649291992,37.05002212524414,4.446877631943725,0.1376892512712552
KITTI,0016,11,12,10.646507263183594,34.894622802734375,3.277565302886004,0.102704142532922
KITTI,0016,21,13,9.68580436706543,33.276851654052734,3.4356311972605775,0.11257345985038507
KITTI,0016,31,14,8.583062171936035,37.02008819580078,4.313156243565968,0.1091755704874572
KITTI,0016,41,15,7.431137561798096,36.14973831176758,4.8646304837102905,0.16410755816482914
KITTI,0016,51,13,8.940675735473633,35.61326217651367,3.98328529410949,0.10809938271270986
KITTI,0016,61,14,7.571161270141602,40.14415740966797,5.302245715988713,0.17714102521196207
KITTI,0016,71,17,12.260595321655273,39.31352615356445,3.206494066738093,0.21671032700525608
KITTI,0016,81,16,11.048612594604492,35.621986389160156,3.2241139857284784,0.25103579331560877
KITTI,0016,91,16,10.192893028259277,35.47782897949219,3.4806437074471117,0.28973539129109815
KITTI,0016,101,17,9.010329246520996,34.12379837036133,3.7871866206816986,0.28304800718363793
KITTI,0016,111,16,8.163960456848145,36.501365661621094,4.471036558120855,0.46195669279045604
KITTI,0016,121,19,6.96978759765625,40.45532989501953,5.804384901000937,0.4213131945205334
KITTI,0016,131,18,6.709222316741943,33.58406066894531,5.005656256931731,0.37207914000801046
KITTI,0016,141,14,8.03608512878418,33.32703399658203,4.14717284131412,0.4578277437785031
KITTI,0016,151,15,6.0163493156433105,35.26586151123047,5.861671199764702,0.3600083085859171
KITTI,0016,161,14,6.692447185516357,33.87560272216797,5.06176616462223,0.45073559049687417
KITTI,0016,171,12,6.706597805023193,34.299468994140625,5.114287451150056,0.24796075521618305
KITTI,0016,181,8,8.635324478149414,34.2801513671875,3.9697583401676506,0.25676612032892576
KITTI,0016,191,8,17.16526222229004,44.95211410522461,2.6187840024285682,0.1704376955805429
KITTI,0016,201,9,15.197726249694824,35.082244873046875,2.3083877348923387,0.1038688536569082
KITTI,0017,1,5,6.372665882110596,31.253978729248047,4.904380569674066,0.6766090791051105
KITTI,0017,11,8,6.36193323135376,34.389522552490234,5.405514534954097,0.41085074657002163
KITTI,0017,21,9,5.90932035446167,32.40380859375,5.483508533986382,0.24273317074665743
KITTI,0017,31,8,5.8078484535217285,26.864858627319336,4.625612882689661,0.09265749787826036
KITTI,0017,41,6,5.943278789520264,40.62221908569336,6.83498461443912,0.30973306552587165
KITTI,0017,51,8,5.7593793869018555,35.74049377441406,6.205615461918711,0.35390109970236716
KITTI,0017,61,6,5.401051998138428,32.2353515625,5.96834682828651,0.3904953440682311
KITTI,0017,71,5,12.82501220703125,19.47047233581543,1.518164039262344,0.04361500869113647
KITTI,0017,81,5,10.432466506958008,18.287460327148438,1.7529373628903084,0.11815872303742407
KITTI,0017,91,5,8.520735740661621,16.387733459472656,1.9232768106243576,0.11313715457777006
KITTI,0017,101,4,6.371439456939697,14.177144050598145,2.2251084933651164,0.08541041366241992
KITTI,0017,111,3,9.340991973876953,12.622588157653809,1.3513113160737293,0.023081840883383987
KITTI,0017,121,3,7.421494960784912,10.330699920654297,1.3919971616556486,0.019390010324576056
KITTI,0017,131,3,6.170157432556152,8.308316230773926,1.3465322921804257,0.025798445268197433
KITTI,0017,141,3,6.009835243225098,6.605832576751709,1.0991703282046676,0.018697200905066602
KITTI,0018,71,4,37.877288818359375,52.31954574584961,1.3812906725385787,0.03760490881831925
KITTI,0018,81,4,7.270588397979736,45.702735900878906,6.285974861894016,0.22078728699011096
KITTI,0018,91,5,21.840702056884766,42.42000961303711,1.9422456980802594,0.19109057436542187
KITTI,0018,101,4,16.038291931152344,41.123252868652344,2.564066862305683,0.37723300992712544
KITTI,0018,111,4,11.236067771911621,38.72678756713867,3.446649517720912,0.28581612303934417
KITTI,0018,121,4,7.8746538162231445,36.26852798461914,4.6057298302942185,0.29250697400937686
KITTI,0018,131,4,6.681097984313965,32.336795806884766,4.840042143193505,0.27542563956174887
KITTI,0018,141,4,5.7444891929626465,33.87468338012695,5.896900880521375,0.3390221573563933
KITTI,0018,151,4,4.945765495300293,35.07284164428711,7.091489007639976,0.3892710816868872
KITTI,0018,161,5,12.529422760009766,41.07410430908203,3.2782120210819685,0.44485052423929705
KITTI,0018,171,3,14.967592239379883,28.886327743530273,1.9299248190052947,0.20902677784520476
KITTI,0018,181,5,13.922821044921875,38.902862548828125,2.794179600765415,0.407204578439898
KITTI,0018,191,3,12.742151260375977,28.20994758605957,2.213907762481482,0.18776021790827715
KITTI,0018,201,3,12.363091468811035,29.904569625854492,2.4188585598752694,0.18601132311543903
KITTI,0018,211,4,13.761625289916992,35.71864318847656,2.5955250514375843,0.11456109945221737
KITTI,0018,221,4,6.300774574279785,39.8661994934082,6.32719025628133,0.4889360347685233
KITTI,0018,231,3,16.212738037109375,40.32689666748047,2.4873588023920536,0.28232393433811054
KITTI,0018,241,3,15.410274505615234,39.86815643310547,2.5871152664138597,0.2984681820549715
KITTI,0018,251,3,13.033845901489258,58.60468292236328,4.496346156407071,0.7299337422358462
KITTI,0018,261,4,10.092387199401855,34.18027114868164,3.3867379910579927,0.19916852013626823
KITTI,0018,271,5,7.1682586669921875,51.33888244628906,7.161974034599248,0.8501384874676314
KITTI,0018,281,4,6.434664249420166,31.60484504699707,4.911654100654127,0.29820975741621203
KITTI,0018,291,4,6.782297134399414,34.02206802368164,5.016304557216124,0.3184624094319746
KITTI,0018,301,4,7.104408264160156,32.08893966674805,4.516764588069662,0.30588744607962454
KITTI,0018,311,5,7.136871814727783,38.582027435302734,5.406013788237605,0.6624406166273554
KITTI,0018,321,3,6.821516990661621,26.473169326782227,3.880833158229015,0.5233721534484502
KITTI,0018,331,3,6.500895977020264,25.149524688720703,3.868624383103602,0.5050406531776586
KITTI,0019,1,5,10.374288558959961,30.033790588378906,2.8950217084948564,0.16281495723783398
KITTI,0019,11,4,11.583337783813477,34.113712310791016,2.945067557164863,0.2506968649915239
KITTI,0019,21,4,12.568408966064453,31.93195343017578,2.5406520042747016,0.10752091079322251
KITTI,0019,31,5,7.375407695770264,51.73981475830078,7.015180298164824,0.5534118228620346
KITTI,0019,41,4,5.989721775054932,42.04446792602539,7.019435877827531,0.6325943607332549
KITTI,0019,61,3,6.185394287109375,24.74285316467285,4.000206295051879,0.24250560869238466
KITTI,0019,71,3,8.931173324584961,21.01628303527832,2.3531379664782133,0.27350161866670747
KITTI,0019,81,5,7.065804958343506,33.65673828125,4.763326822587588,0.3267422315730189
KITTI,0019,91,5,10.636419296264648,34.50120162963867,3.2436857431668735,0.2859998462109612
KITTI,0019,101,7,8.767045021057129,36.22077941894531,4.131469535282233,0.48359741577635285
KITTI,0019,111,7,5.838980197906494,33.490257263183594,5.735634670450017,0.51993615562583
KITTI,0019,121,8,6.285184383392334,43.772281646728516,6.964359194042146,0.27161928394031043
KITTI,0019,131,6,13.412386894226074,29.607738494873047,2.207492128609781,0.11588649351440983
KITTI,0019,141,7,5.86222505569458,31.149822235107422,5.313651717422279,0.555968047722363
KITTI,0019,151,6,6.869266510009766,29.700237274169922,4.323640265069247,0.3638555598747829
KITTI,0019,161,6,6.645323753356934,22.57449722290039,3.3970500250641242,0.23544073860111545
KITTI,0019,171,6,11.263364791870117,29.480472564697266,2.6173770546769677,0.12349375388246196
KITTI,0019,181,9,6.307666778564453,27.733949661254883,4.396863473432689,0.2982027644868549
KITTI,0019,191,12,7.355649948120117,31.566755294799805,4.291497762596399,0.32669623166774575
KITTI,0019,201,12,6.69386625289917,46.07898712158203,6.883762743485476,0.4343110617687783
KITTI,0019,211,9,6.834242343902588,42.97834014892578,6.288676635424033,0.3279792111275932
KITTI,0019,221,7,6.859942436218262,41.36885452270508,6.030495868929016,0.6258082185651127
KITTI,0019,231,12,6.97255802154541,39.07208251953125,5.603694139051602,0.27362156042348634
KITTI,0019,241,10,16.207168579101562,37.67911911010742,2.324842795717754,0.165833789449281
KITTI,0019,251,10,6.030935287475586,34.0411491394043,5.644422882483482,0.2096838949622039
KITTI,0019,261,11,11.580293655395508,33.89939880371094,2.9273349892916127,0.12479398258706723
KITTI,0019,271,9,9.26042652130127,31.47235107421875,3.3985854757148135,0.05559903365463446
KITTI,0019,281,8,6.46391487121582,28.990503311157227,4.48497603832216,0.21369194002623446
KITTI,0019,291,7,6.324987888336182,28.64676856994629,4.529142043540254,0.3586860515424306
KITTI,0019,301,8,6.215634346008301,18.029123306274414,2.900608739613644,0.2853183782034388
KITTI,0019,311,8,6.041967868804932,16.828235626220703,2.785224283152177,0.3189630081785808
KITTI,0019,321,9,5.80281925201416,21.691801071166992,3.738148670344637,0.31243484583035
KITTI,0019,331,9,6.284727096557617,21.229169845581055,3.3778984384555177,0.3269361936736603
KITTI,0019,341,8,6.661168575286865,13.647088050842285,2.0487528421774805,0.23141519462824223
KITTI,0019,351,8,6.671633243560791,14.062828063964844,2.107853886833146,0.17012337733643024
KITTI,0019,361,6,6.724944591522217,11.909780502319336,1.7709856698794766,0.16550561045367013
KITTI,0019,371,9,6.596872329711914,33.45106506347656,5.070746164483886,0.3567972236710971
KITTI,0019,381,9,6.55410623550415,32.34259796142578,4.934707616764461,0.482214226850914
KITTI,0019,391,8,6.9415059089660645,33.00902557373047,4.75531188860533,0.6247886250680265
KITTI,0019,401,5,6.990372657775879,31.27171516418457,4.473540495641368,0.05784063540059341
KITTI,0019,411,4,15.031698226928711,29.890390396118164,1.9884905846879413,0.06812630551620513
KITTI,0019,421,4,9.161285400390625,29.422901153564453,3.211656428944993,0.019781273076981135
KITTI,0019,431,3,24.5365047454834,25.979785919189453,1.0588217918027518,0.028119300530538745
KITTI,0019,441,3,22.033035278320312,23.902130126953125,1.084831473513408,0.03199778230814787
KITTI,0019,451,4,19.638656616210938,37.64435577392578,1.9168498390491664,0.050269575733152126
KITTI,0019,461,6,16.16677474975586,33.47141647338867,2.0703830536077787,0.2406509538344675
KITTI,0019,471,6,12.639053344726562,25.278779983520508,2.000053270925363,0.1954154428701907
KITTI,0019,481,7,8.970030784606934,23.236122131347656,2.59041721141271,0.18880230804040463
KITTI,0019,491,7,7.697860240936279,38.470821380615234,4.997599355731624,0.15222603924550074
KITTI,0019,501,7,7.000465393066406,34.944393157958984,4.99172429201201,0.1291699471746528
KITTI,0019,511,6,6.555037975311279,32.701080322265625,4.988694260114145,0.07327691085877182
KITTI,0019,521,6,6.485354900360107,46.04520797729492,7.099874823309701,0.25812879906114894
KITTI,0019,531,7,5.490268230438232,37.33324432373047,6.799894423509894,0.24764363407878795
KITTI,0019,541,7,5.422159194946289,27.074705123901367,4.993343823091045,0.2577952109677423
KITTI,0019,551,7,6.174470901489258,25.729677200317383,4.167106398397875,0.6080691070622819
KITTI,0019,561,10,6.460769176483154,46.11574172973633,7.137809828835103,0.33201117202626973
KITTI,0019,571,11,6.198339462280273,46.05870819091797,7.430814086773763,0.4660916678933272
KITTI,0019,581,8,7.0848388671875,42.02155685424805,5.931194433915126,0.4598767540988582
KITTI,0019,591,11,7.369570255279541,35.863582611083984,4.866441511347477,0.27683499363456027
KITTI,0019,601,10,7.8101806640625,32.523643493652344,4.16426263265657,0.37792749687929056
KITTI,0019,611,11,6.931574821472168,27.875024795532227,4.021456236638007,0.21506760107038522
KITTI,0019,621,10,7.021047592163086,23.716508865356445,3.377915981060844,0.36341541162603946
KITTI,0019,631,11,6.324260234832764,21.95537757873535,3.4716119772885867,0.4871683235061598
KITTI,0019,641,10,7.5238566398620605,20.471532821655273,2.7208828931156495,0.1273127459942938
KITTI,0019,651,8,7.7147908210754395,17.35932159423828,2.250135097223336,0.10155052113976788
KITTI,0019,661,6,7.973567485809326,18.04149055480957,2.2626623010237603,0.25732601087315554
KITTI,0019,671,7,7.072363376617432,18.461360931396484,2.610352430763559,0.37946079635179186
KITTI,0019,681,5,6.488447666168213,12.461047172546387,1.9204974461796536,0.24807892267462706
KITTI,0019,691,7,4.870466232299805,22.35699462890625,4.590319193805274,0.15364252191283545
KITTI,0019,701,7,7.982124328613281,24.38189697265625,3.054562415828979,0.29845734931048035
KITTI,0019,711,6,9.87626838684082,26.520458221435547,2.68527111482425,0.1791733921264716
KITTI,0019,721,9,4.77589750289917,24.153059005737305,5.057281692305035,0.29233376524185206
KITTI,0019,731,8,6.605605125427246,23.12496566772461,3.5008095743883727,0.41829419155681047
KITTI,0019,741,9,6.285098552703857,22.63397216796875,3.6012119743502806,0.4517917890491376
KITTI,0019,751,5,6.645475387573242,20.690248489379883,3.113433920479154,0.2625516807364739
KITTI,0019,761,3,5.460023403167725,11.34416675567627,2.07767731345158,0.04571274632856218
KITTI,0019,771,3,5.570287227630615,7.735274314880371,1.3886670469182714,0.16042068906358314
KITTI,0019,811,3,6.822071552276611,16.784217834472656,2.4602817056164636,0.18137231152738426
KITTI,0019,831,3,18.335140228271484,19.036102294921875,1.0382305266239282,0.008108291557695298
KITTI,0019,841,4,6.267163276672363,11.56542682647705,1.845400592884804,0.014835958458833436
KITTI,0019,871,3,5.719989776611328,29.111112594604492,5.089364444957221,0.8002463425262758
KITTI,0019,881,3,8.633734703063965,34.28669738769531,3.9712475037630646,0.3922180635225394
KITTI,0019,901,3,11.222046852111816,26.67198371887207,2.376748562037309,0.11564095749375279
KITTI,0019,911,3,8.402165412902832,21.516712188720703,2.560853200495011,0.1653481498709499
KITTI,0019,921,3,6.4329142570495605,15.3689546585083,2.389112312769614,0.055871466718486106
KITTI,0019,931,3,6.513171195983887,15.908860206604004,2.4425674879256407,0.33582431671379315
KITTI,0019,941,4,6.459340572357178,9.775870323181152,1.5134471102231553,0.08893552841977376
KITTI,0019,951,4,6.329458236694336,11.789549827575684,1.8626475421272344,0.14207147166472506
KITTI,0019,961,4,6.331120491027832,12.896994590759277,2.037079314638901,0.09579750708519069
KITTI,0019,971,3,6.113100051879883,6.798918724060059,1.112188360465207,0.009961529170856498
KITTI,0020,1,10,9.209455490112305,52.9332275390625,5.747704367092501,0.6525323044759815
KITTI,0020,11,10,11.400242805480957,53.357967376708984,4.68042376703203,0.596076221802085
KITTI,0020,21,10,10.713295936584473,53.617671966552734,5.004778387896068,0.6568774385715757
KITTI,0020,31,10,10.485006332397461,52.21488952636719,4.979957843709564,0.6192161308288351
KITTI,0020,41,10,9.66895866394043,58.6217155456543,6.0628778737341245,0.6106223840450433
KITTI,0020,51,10,7.932540416717529,61.17091369628906,7.711390107433133,0.36656612210900463
KITTI,0020,61,8,15.521313667297363,59.09627914428711,3.8074276708162937,0.4714878189598838
KITTI,0020,71,9,11.922950744628906,60.2496337890625,5.05324856904269,0.37857682944939663
KITTI,0020,81,9,7.567022323608398,61.23289489746094,8.092072717483608,0.4333709076807261
KITTI,0020,91,9,5.6856560707092285,49.85685729980469,8.768883780475583,0.5964367996626511
KITTI,0020,101,8,7.138555526733398,48.328250885009766,6.77003221506421,0.4412018024066258
KITTI,0020,111,7,18.83233070373535,55.84135818481445,2.965185725723181,0.3444107152441542
KITTI,0020,121,7,16.202404022216797,60.45045852661133,3.730956125012155,0.3438592406971489
KITTI,0020,131,8,14.000157356262207,63.89059066772461,4.563562325901047,0.29923951852918707
KITTI,0020,141,9,12.054152488708496,58.51853561401367,4.854637077872527,0.15392476116221526
KITTI,0020,151,9,10.618654251098633,52.82831954956055,4.97504846662606,0.3351903062363323
KITTI,0020,161,9,5.652942657470703,63.489681243896484,11.231262209955563,0.45293346448187694
KITTI,0020,171,10,6.638824939727783,54.882652282714844,8.266922652876163,0.6193447372774443
KITTI,0020,181,9,8.506406784057617,63.01194763183594,7.407586920241167,0.42351680619467424
KITTI,0020,191,9,17.821529388427734,65.48381042480469,3.674421481880566,0.2581944355365284
KITTI,0020,201,8,12.37797737121582,46.75270462036133,3.7770875821022014,0.21913302744710805
KITTI,0020,211,8,11.400884628295898,54.04517364501953,4.740436852670591,0.28122749873527714
KITTI,0020,221,6,6.90130615234375,47.832542419433594,6.930940515251479,0.5303183701833499
KITTI,0020,231,7,8.777132987976074,54.43198013305664,6.2015672096599,0.2076796067369507
KITTI,0020,241,6,14.465423583984375,46.05107498168945,3.183527583158756,0.3887904796063775
KITTI,0020,251,5,13.341708183288574,44.14479446411133,3.308781293793083,0.35581113477335935
KITTI,0020,261,4,5.932381629943848,43.2039909362793,7.282739653532411,0.2998146023647762
KITTI,0020,271,4,14.721358299255371,36.43806457519531,2.4751835961385713,0.377303893239998
KITTI,0020,281,3,7.043952465057373,31.254091262817383,4.43701053036036,0.033725251315804755
KITTI,0020,291,4,6.831387042999268,26.808794021606445,3.9243558962275182,0.16144077030383955
KITTI,0020,331,5,14.856395721435547,32.286598205566406,2.173245705819595,0.14150569090961956
KITTI,0020,341,5,8.311820030212402,27.869674682617188,3.3530170986997416,0.3380802509416761
KITTI,0020,351,5,9.666243553161621,29.664569854736328,3.0688829317810518,0.2934454203754642
KITTI,0020,361,4,11.760451316833496,32.70796585083008,2.7811828789268525,0.15079159683260931
KITTI,0020,371,8,6.5912346839904785,46.42157745361328,7.042925897687599,0.31202067577273784
KITTI,0020,381,7,11.812643051147461,45.81082534790039,3.8781181442243278,0.4769215261716928
KITTI,0020,391,6,8.262848854064941,36.33595275878906,4.3975090674584285,0.2530010397522967
KITTI,0020,401,6,4.257932186126709,50.37464141845703,11.830775882854319,0.3509734257142116
KITTI,0020,411,5,8.495631217956543,51.95192337036133,6.115134006823961,0.7809740564911808
KITTI,0020,421,5,13.14986801147461,45.89806365966797,3.4903820798518432,0.22754669451413398
KITTI,0020,431,7,6.422613620758057,41.3469123840332,6.437708201906914,0.5639200200313893
KITTI,0020,441,7,9.045188903808594,43.82567596435547,4.845191894875971,0.5968734138577156
KITTI,0020,451,6,9.350777626037598,66.65323638916016,7.128095550423708,0.3612297364832545
KITTI,0020,461,10,7.3845038414001465,62.20659255981445,8.42393665110745,0.6609209244791426
KITTI,0020,471,5,7.845591068267822,45.069122314453125,5.744515858943901,0.4094177319515662
KITTI,0020,481,8,6.0742902755737305,65.07206726074219,10.712702934598559,0.4475013180868155
KITTI,0020,491,9,7.696921348571777,51.12248992919922,6.641940019133155,0.4866435083546399
KITTI,0020,501,6,6.881938457489014,51.05869674682617,7.41923181415019,0.24043971002763648
KITTI,0020,511,7,9.988872528076172,45.94347381591797,4.599465423828624,0.6194481209978958
KITTI,0020,521,6,11.029583930969238,63.51732635498047,5.758814362583014,0.5530352242982326
KITTI,0020,531,6,11.978797912597656,58.16236114501953,4.855442221281013,0.3138345382012563
KITTI,0020,541,7,7.424785137176514,46.39702606201172,6.248938549035981,0.5283939438072046
KITTI,0020,551,7,16.626880645751953,39.30575942993164,2.363988788238158,0.10899662978363907
KITTI,0020,561,9,6.987673759460449,69.59366607666016,9.95948987779215,0.5478273648248243
KITTI,0020,571,8,11.792670249938965,64.85266876220703,5.499404917435276,0.3936054136702608
KITTI,0020,581,6,12.32326602935791,61.14554977416992,4.961797434909051,0.4257367801515788
KITTI,0020,591,5,12.351000785827637,60.0518913269043,4.862107319741397,0.6010278321776733
KITTI,0020,601,4,19.389984130859375,52.142730712890625,2.689157988010155,0.4093274705576098
KITTI,0020,611,5,8.480353355407715,51.52113723754883,6.075352650806119,0.3821147130218093
KITTI,0020,621,6,19.927343368530273,58.81833267211914,2.95163944256646,0.26077453371221154
KITTI,0020,631,5,23.687915802001953,66.59114837646484,2.811186468791694,0.14963439604800277
KITTI,0020,641,3,29.274826049804688,68.7355728149414,2.347941289147301,0.020002423261235424
KITTI,0020,661,3,34.53762435913086,62.482627868652344,1.809117709398375,0.21888134910771703
KITTI,0020,691,3,30.42498207092285,42.32789611816406,1.391221727575538,0.062222030549163754
KITTI,0020,711,3,33.09568405151367,41.016597747802734,1.2393337356000893,0.06282897582711795
KITTI,0020,721,3,32.52429962158203,41.79106140136719,1.2849181039285484,0.10529602885237556
KITTI,0020,741,3,28.235584259033203,40.43764877319336,1.4321520108179253,0.13710603328907972
KITTI,0020,751,3,22.725595474243164,47.99811935424805,2.1120731207526933,0.17991843865818694
