sequence,frame_id,n_box,box_w_med,box_h_med,box_w_p25,box_h_p25
MOT17-02-FRCNN,1,22,39.0,114.5,33.25,87.75
MOT17-02-FRCNN,2,22,39.0,114.0,33.25,87.0
MOT17-02-FRCNN,3,22,39.0,114.0,33.25,87.0
MOT17-02-FRCNN,4,22,39.0,114.0,33.25,87.0
MOT17-02-FRCNN,5,22,39.0,114.0,33.25,87.0
MOT17-02-FRCNN,6,22,39.0,114.0,33.25,87.0
MOT17-02-FRCNN,7,22,39.0,114.0,33.25,87.0
MOT17-02-FRCNN,8,22,39.0,114.0,33.25,87.0
MOT17-02-FRCNN,9,22,39.0,114.0,33.25,87.0
MOT17-02-FRCNN,10,22,39.0,114.0,33.25,87.0
MOT17-02-FRCNN,11,23,39.0,114.0,33.5,89.0
MOT17-02-FRCNN,12,23,38.0,114.0,33.5,89.0
MOT17-02-FRCNN,13,23,38.0,114.0,33.5,89.0
MOT17-02-FRCNN,14,23,38.0,114.0,33.5,89.0
MOT17-02-FRCNN,15,23,38.0,114.0,33.5,89.0
MOT17-02-FRCNN,16,23,38.0,114.0,33.5,89.0
MOT17-02-FRCNN,17,23,38.0,114.0,33.5,89.0
MOT17-02-FRCNN,18,23,39.0,114.0,33.5,89.5
MOT17-02-FRCNN,19,23,39.0,114.0,33.5,89.5
MOT17-02-FRCNN,20,23,39.0,114.0,33.5,89.5
MOT17-02-FRCNN,21,23,39.0,114.0,33.5,89.5
MOT17-02-FRCNN,22,23,39.0,114.0,33.5,90.0
MOT17-02-FRCNN,23,23,38.0,114.0,33.5,90.0
MOT17-02-FRCNN,24,23,39.0,114.0,33.5,90.0
MOT17-02-FRCNN,25,23,38.0,114.0,33.5,90.5
MOT17-02-FRCNN,26,23,38.0,114.0,33.5,90.5
MOT17-02-FRCNN,27,23,38.0,114.0,33.0,90.0
MOT17-02-FRCNN,28,23,38.0,114.0,33.5,90.0
MOT17-02-FRCNN,29,23,39.0,114.0,33.5,91.0
MOT17-02-FRCNN,30,23,39.0,114.0,33.5,91.0
MOT17-02-FRCNN,31,24,38.5,114.0,32.75,92.0
MOT17-02-FRCNN,32,24,38.5,114.0,32.75,92.0
MOT17-02-FRCNN,33,24,38.5,114.0,32.75,92.25
MOT17-02-FRCNN,34,24,38.5,114.0,32.75,92.25
MOT17-02-FRCNN,35,24,38.5,114.0,32.75,93.0
MOT17-02-FRCNN,36,24,39.0,114.0,32.75,93.25
MOT17-02-FRCNN,37,24,38.0,114.0,32.75,93.5
MOT17-02-FRCNN,38,24,38.5,114.0,32.75,93.5
MOT17-02-FRCNN,39,24,38.5,114.0,32.75,93.5
MOT17-02-FRCNN,40,23,38.0,114.0,32.5,93.0
MOT17-02-FRCNN,41,24,38.0,112.0,32.0,90.75
MOT17-02-FRCNN,42,24,38.0,112.0,32.0,90.75
MOT17-02-FRCNN,43,24,37.5,112.0,32.0,91.5
MOT17-02-FRCNN,44,23,37.0,110.0,32.0,89.0
MOT17-02-FRCNN,45,23,37.0,110.0,32.0,89.0
MOT17-02-FRCNN,46,23,37.0,110.0,32.0,89.0
MOT17-02-FRCNN,47,23,37.0,110.0,32.0,89.0
MOT17-02-FRCNN,48,23,37.0,110.0,32.0,89.0
MOT17-02-FRCNN,49,23,37.0,110.0,32.0,89.0
MOT17-02-FRCNN,50,23,37.0,110.0,32.0,89.0
MOT17-02-FRCNN,51,25,37.0,108.0,28.0,78.0
MOT17-02-FRCNN,52,25,37.0,108.0,28.0,77.0
MOT17-02-FRCNN,53,25,37.0,108.0,28.0,77.0
MOT17-02-FRCNN,54,25,37.0,108.0,28.0,77.0
MOT17-02-FRCNN,55,25,37.0,108.0,28.0,77.0
MOT17-02-FRCNN,56,25,37.0,108.0,28.0,77.0
MOT17-02-FRCNN,57,24,36.0,105.5,27.5,77.0
MOT17-02-FRCNN,58,25,37.0,108.0,28.0,77.0
MOT17-02-FRCNN,59,25,37.0,108.0,28.0,77.0
MOT17-02-FRCNN,60,25,37.0,108.0,28.0,77.0
MOT17-02-FRCNN,61,25,37.0,108.0,28.0,77.0
MOT17-02-FRCNN,62,25,37.0,108.0,28.0,77.0
MOT17-02-FRCNN,63,25,37.0,108.0,28.0,77.0
MOT17-02-FRCNN,64,26,36.0,105.5,28.25,78.75
MOT17-02-FRCNN,65,26,36.0,105.5,29.0,78.75
MOT17-02-FRCNN,66,26,36.0,105.5,29.0,78.75
MOT17-02-FRCNN,67,26,36.0,105.5,29.25,78.75
MOT17-02-FRCNN,68,26,36.0,105.5,29.0,78.75
MOT17-02-FRCNN,69,26,36.0,105.5,29.0,78.75
MOT17-02-FRCNN,70,26,36.0,105.5,29.25,78.75
MOT17-02-FRCNN,71,26,36.0,105.5,29.25,78.75
MOT17-02-FRCNN,72,26,36.0,105.5,29.25,78.75
MOT17-02-FRCNN,73,26,36.5,105.5,29.25,78.75
MOT17-02-FRCNN,74,26,36.5,105.5,29.5,78.75
MOT17-02-FRCNN,75,26,36.5,105.5,29.75,78.75
MOT17-02-FRCNN,76,26,36.5,105.5,29.5,78.75
MOT17-02-FRCNN,77,26,36.5,105.5,29.75,78.75
MOT17-02-FRCNN,78,26,36.5,105.5,29.75,78.75
MOT17-02-FRCNN,79,26,36.5,105.5,29.75,78.75
MOT17-02-FRCNN,80,26,36.5,105.5,29.75,78.75
MOT17-02-FRCNN,81,25,35.0,104.0,29.0,77.0
MOT17-02-FRCNN,82,25,35.0,104.0,29.0,77.0
MOT17-02-FRCNN,83,25,35.0,104.0,29.0,77.0
MOT17-02-FRCNN,84,25,35.0,104.0,29.0,77.0
MOT17-02-FRCNN,85,25,36.0,104.0,29.0,77.0
MOT17-02-FRCNN,86,25,36.0,104.0,29.0,77.0
MOT17-02-FRCNN,87,25,36.0,104.0,29.0,77.0
MOT17-02-FRCNN,88,25,36.0,104.0,29.0,77.0
MOT17-02-FRCNN,89,25,36.0,104.0,29.0,77.0
MOT17-02-FRCNN,90,25,35.0,104.0,29.0,77.0
MOT17-02-FRCNN,91,26,35.0,102.5,26.25,76.25
MOT17-02-FRCNN,92,26,35.0,102.0,27.0,75.5
MOT17-02-FRCNN,93,26,35.0,101.5,27.0,75.5
MOT17-02-FRCNN,94,26,35.0,101.5,27.0,74.75
MOT17-02-FRCNN,95,26,35.0,102.0,27.0,74.75
MOT17-02-FRCNN,96,26,35.5,102.0,27.0,74.75
MOT17-02-FRCNN,97,26,35.5,102.0,27.0,74.0
MOT17-02-FRCNN,98,26,36.0,102.0,27.0,74.0
MOT17-02-FRCNN,99,26,36.0,102.5,26.25,74.0
MOT17-02-FRCNN,100,26,36.0,103.0,26.25,74.0
MOT17-02-FRCNN,101,26,36.0,103.0,26.5,74.0
MOT17-02-FRCNN,102,26,36.0,103.0,27.25,74.0
MOT17-02-FRCNN,103,26,36.0,103.5,27.25,74.0
MOT17-02-FRCNN,104,26,36.5,103.5,27.25,74.0
MOT17-02-FRCNN,105,26,36.0,103.5,27.25,74.0
MOT17-02-FRCNN,106,26,36.5,103.5,27.25,74.0
MOT17-02-FRCNN,107,26,36.5,103.5,27.0,73.25
MOT17-02-FRCNN,108,26,36.5,103.5,26.25,73.25
MOT17-02-FRCNN,109,26,37.0,103.0,26.25,73.25
MOT17-02-FRCNN,110,26,37.5,103.0,26.25,73.25
MOT17-02-FRCNN,111,27,37.0,102.0,27.0,71.5
MOT17-02-FRCNN,112,28,35.5,100.5,25.5,70.75
MOT17-02-FRCNN,113,28,35.5,100.0,25.5,70.75
MOT17-02-FRCNN,114,28,35.5,100.0,25.5,70.75
MOT17-02-FRCNN,115,28,35.5,100.5,25.25,71.5
MOT17-02-FRCNN,116,28,35.5,101.0,25.25,71.5
MOT17-02-FRCNN,117,28,36.0,101.0,25.5,71.5
MOT17-02-FRCNN,118,28,35.5,101.0,24.75,70.75
MOT17-02-FRCNN,119,28,36.0,101.0,24.75,70.75
MOT17-02-FRCNN,120,28,35.5,101.0,24.75,70.75
MOT17-02-FRCNN,121,28,35.5,100.5,24.75,70.75
MOT17-02-FRCNN,122,29,35.0,99.0,24.0,70.0
MOT17-02-FRCNN,123,29,35.0,99.0,24.0,70.0
MOT17-02-FRCNN,124,29,35.0,99.0,24.0,70.0
MOT17-02-FRCNN,125,29,35.0,99.0,24.0,70.0
MOT17-02-FRCNN,126,29,35.0,99.0,24.0,70.0
MOT17-02-FRCNN,127,29,35.0,99.0,24.0,71.0
MOT17-02-FRCNN,128,29,35.0,99.0,24.0,71.0
MOT17-02-FRCNN,129,29,35.0,99.0,24.0,71.0
MOT17-02-FRCNN,130,29,35.0,99.0,24.0,70.0
MOT17-02-FRCNN,131,29,35.0,99.0,24.0,70.0
MOT17-02-FRCNN,132,29,35.0,99.0,24.0,70.0
MOT17-02-FRCNN,133,29,35.0,99.0,24.0,70.0
MOT17-02-FRCNN,134,29,35.0,99.0,24.0,70.0
MOT17-02-FRCNN,135,29,35.0,99.0,24.0,70.0
MOT17-02-FRCNN,136,29,35.0,99.0,24.0,70.0
MOT17-02-FRCNN,137,29,35.0,99.0,24.0,70.0
MOT17-02-FRCNN,138,29,35.0,99.0,24.0,70.0
MOT17-02-FRCNN,139,29,35.0,99.0,24.0,70.0
MOT17-02-FRCNN,140,30,34.5,99.0,23.25,69.25
MOT17-02-FRCNN,141,30,35.0,99.0,23.25,69.25
MOT17-02-FRCNN,142,30,35.0,99.0,23.25,69.0
MOT17-02-FRCNN,143,30,35.0,99.0,23.25,69.0
MOT17-02-FRCNN,144,30,35.0,99.0,23.25,69.0
MOT17-02-FRCNN,145,30,35.5,99.0,23.25,69.0
MOT17-02-FRCNN,146,31,36.0,99.0,23.5,69.0
MOT17-02-FRCNN,147,31,36.0,99.0,23.5,69.0
MOT17-02-FRCNN,148,31,35.0,99.0,23.5,69.0
MOT17-02-FRCNN,149,31,36.0,99.0,23.5,69.0
MOT17-02-FRCNN,150,31,36.0,99.0,23.5,69.0
MOT17-02-FRCNN,151,30,35.0,99.0,24.25,69.5
MOT17-02-FRCNN,152,30,35.0,99.0,24.5,69.5
MOT17-02-FRCNN,153,30,35.0,100.5,24.5,69.0
MOT17-02-FRCNN,154,30,35.5,100.5,25.25,69.0
MOT17-02-FRCNN,155,30,35.0,100.5,25.0,68.75
MOT17-02-FRCNN,156,30,34.5,100.5,24.25,68.75
MOT17-02-FRCNN,157,30,34.5,100.5,25.0,69.0
MOT17-02-FRCNN,158,30,34.0,100.5,25.0,69.0
MOT17-02-FRCNN,159,30,34.5,100.5,25.0,69.0
MOT17-02-FRCNN,160,30,34.0,100.5,25.0,68.75
MOT17-02-FRCNN,161,30,33.5,100.5,25.0,68.75
MOT17-02-FRCNN,162,30,33.5,100.5,25.25,69.0
MOT17-02-FRCNN,163,30,33.5,100.5,26.0,69.0
MOT17-02-FRCNN,164,30,33.5,100.5,25.25,69.0
MOT17-02-FRCNN,165,30,33.5,100.5,25.0,69.0
MOT17-02-FRCNN,166,30,33.5,100.5,25.25,68.0
MOT17-02-FRCNN,167,30,33.5,100.5,25.25,68.25
MOT17-02-FRCNN,168,30,33.5,100.5,25.0,68.25
MOT17-02-FRCNN,169,30,33.5,100.5,25.25,68.25
MOT17-02-FRCNN,170,30,33.5,100.5,25.25,68.25
MOT17-02-FRCNN,171,30,33.5,100.5,25.25,68.25
MOT17-02-FRCNN,172,30,33.5,100.5,26.0,68.25
MOT17-02-FRCNN,173,30,33.5,100.5,26.0,68.25
MOT17-02-FRCNN,174,30,33.5,100.5,25.25,68.25
MOT17-02-FRCNN,175,30,33.5,100.5,25.25,68.25
MOT17-02-FRCNN,176,30,34.0,100.5,25.25,68.25
MOT17-02-FRCNN,177,30,34.0,100.5,25.25,68.25
MOT17-02-FRCNN,178,30,34.5,100.5,25.25,68.25
MOT17-02-FRCNN,179,30,34.5,100.5,25.25,68.25
MOT17-02-FRCNN,180,30,34.5,101.0,25.25,68.25
MOT17-02-FRCNN,181,30,35.0,101.0,25.25,67.5
MOT17-02-FRCNN,182,30,35.0,101.0,25.25,67.25
MOT17-02-FRCNN,183,30,34.5,101.0,25.25,67.25
MOT17-02-FRCNN,184,30,36.0,101.0,25.0,67.25
MOT17-02-FRCNN,185,30,36.0,101.0,25.0,67.25
MOT17-02-FRCNN,186,30,36.0,101.0,25.0,67.25
MOT17-02-FRCNN,187,30,36.0,101.0,25.0,67.25
MOT17-02-FRCNN,188,30,36.0,101.0,25.0,66.5
MOT17-02-FRCNN,189,30,36.0,101.0,25.0,66.5
MOT17-02-FRCNN,190,30,36.0,101.0,25.0,66.5
MOT17-02-FRCNN,191,30,36.0,101.0,25.0,66.5
MOT17-02-FRCNN,192,30,36.0,101.0,25.25,66.25
MOT17-02-FRCNN,193,30,36.0,101.0,25.0,66.25
MOT17-02-FRCNN,194,30,35.5,101.0,25.0,66.25
MOT17-02-FRCNN,195,30,35.5,101.0,25.0,66.25
MOT17-02-FRCNN,196,30,36.0,101.0,25.0,66.25
MOT17-02-FRCNN,197,30,35.0,101.0,25.0,66.0
MOT17-02-FRCNN,198,30,34.5,101.0,25.0,66.0
MOT17-02-FRCNN,199,31,33.0,99.0,24.0,64.5
MOT17-02-FRCNN,200,31,33.0,99.0,24.0,64.0
MOT17-02-FRCNN,201,31,33.0,99.0,24.0,64.0
MOT17-02-FRCNN,202,31,33.0,99.0,23.5,64.0
MOT17-02-FRCNN,203,31,33.0,99.0,23.5,64.0
MOT17-02-FRCNN,204,31,33.0,99.0,23.5,64.0
MOT17-02-FRCNN,205,31,33.0,99.0,23.5,64.0
MOT17-02-FRCNN,206,31,33.0,99.0,23.5,64.0
MOT17-02-FRCNN,207,30,34.5,101.0,24.25,64.0
MOT17-02-FRCNN,208,31,33.0,99.0,23.5,64.0
MOT17-02-FRCNN,209,32,33.0,99.0,22.75,64.0
MOT17-02-FRCNN,210,32,33.0,99.0,22.75,64.0
MOT17-02-FRCNN,211,33,33.0,99.0,22.0,64.0
MOT17-02-FRCNN,212,33,33.0,99.0,22.0,64.0
MOT17-02-FRCNN,213,33,33.0,99.0,22.0,64.0
MOT17-02-FRCNN,214,33,33.0,99.0,22.0,64.0
MOT17-02-FRCNN,215,33,33.0,99.0,22.0,64.0
MOT17-02-FRCNN,216,33,33.0,99.0,22.0,64.0
MOT17-02-FRCNN,217,33,33.0,98.0,22.0,64.0
MOT17-02-FRCNN,218,33,33.0,99.0,22.0,64.0
MOT17-02-FRCNN,219,33,34.0,99.0,22.0,64.0
MOT17-02-FRCNN,220,33,34.0,99.0,22.0,64.0
MOT17-02-FRCNN,221,33,35.0,99.0,22.0,64.0
MOT17-02-FRCNN,222,33,34.0,99.0,22.0,64.0
MOT17-02-FRCNN,223,33,34.0,99.0,22.0,64.0
MOT17-02-FRCNN,224,33,34.0,99.0,22.0,64.0
MOT17-02-FRCNN,225,33,34.0,99.0,22.0,64.0
MOT17-02-FRCNN,226,33,34.0,99.0,22.0,64.0
MOT17-02-FRCNN,227,33,34.0,99.0,22.0,64.0
MOT17-02-FRCNN,228,33,33.0,99.0,22.0,64.0
MOT17-02-FRCNN,229,33,33.0,99.0,22.0,64.0
MOT17-02-FRCNN,230,33,33.0,99.0,22.0,64.0
MOT17-02-FRCNN,231,34,32.5,97.5,21.25,63.25
MOT17-02-FRCNN,232,34,32.5,97.5,22.0,63.25
MOT17-02-FRCNN,233,33,33.0,99.0,22.0,64.0
MOT17-02-FRCNN,234,33,33.0,99.0,22.0,64.0
MOT17-02-FRCNN,235,33,32.0,99.0,22.0,64.0
MOT17-02-FRCNN,236,33,32.0,99.0,22.0,64.0
MOT17-02-FRCNN,237,33,32.0,99.0,21.0,64.0
MOT17-02-FRCNN,238,33,32.0,99.0,21.0,64.0
MOT17-02-FRCNN,239,33,32.0,99.0,21.0,64.0
MOT17-02-FRCNN,240,33,32.0,99.0,21.0,64.0
MOT17-02-FRCNN,241,33,32.0,99.0,21.0,64.0
MOT17-02-FRCNN,242,33,32.0,99.0,22.0,64.0
MOT17-02-FRCNN,243,33,32.0,99.0,22.0,64.0
MOT17-02-FRCNN,244,33,32.0,99.0,22.0,64.0
MOT17-02-FRCNN,245,33,32.0,99.0,22.0,64.0
MOT17-02-FRCNN,246,33,32.0,99.0,22.0,64.0
MOT17-02-FRCNN,247,33,32.0,99.0,22.0,64.0
MOT17-02-FRCNN,248,33,32.0,99.0,22.0,64.0
MOT17-02-FRCNN,249,33,32.0,99.0,22.0,64.0
MOT17-02-FRCNN,250,34,32.0,100.0,23.0,64.25
MOT17-02-FRCNN,251,34,31.5,100.0,23.0,64.25
MOT17-02-FRCNN,252,34,32.0,100.0,23.0,64.0
MOT17-02-FRCNN,253,34,32.0,100.0,23.0,64.0
MOT17-02-FRCNN,254,34,31.5,100.0,23.0,64.0
MOT17-02-FRCNN,255,34,31.5,100.0,23.0,64.0
MOT17-02-FRCNN,256,34,31.5,100.0,23.0,64.0
MOT17-02-FRCNN,257,34,31.5,100.0,23.0,64.0
MOT17-02-FRCNN,258,34,31.5,100.0,23.0,64.0
MOT17-02-FRCNN,259,34,31.5,100.0,23.0,64.0
MOT17-02-FRCNN,260,34,31.5,100.0,23.0,64.0
MOT17-02-FRCNN,261,34,31.5,100.0,23.0,64.0
MOT17-02-FRCNN,262,34,31.5,100.0,23.0,64.0
MOT17-02-FRCNN,263,34,31.5,100.0,22.25,64.0
MOT17-02-FRCNN,264,34,31.5,100.0,22.25,64.0
MOT17-02-FRCNN,265,34,31.5,100.0,22.25,64.0
MOT17-02-FRCNN,266,34,31.0,100.0,22.25,64.0
MOT17-02-FRCNN,267,34,31.5,100.0,23.0,64.0
MOT17-02-FRCNN,268,34,31.5,100.0,23.0,64.0
MOT17-02-FRCNN,269,34,31.0,100.0,23.0,64.0
MOT17-02-FRCNN,270,34,31.5,100.0,23.0,64.0
MOT17-02-FRCNN,271,34,31.0,100.0,23.0,64.0
MOT17-02-FRCNN,272,34,31.0,100.0,23.0,63.25
MOT17-02-FRCNN,273,34,31.5,100.0,23.0,63.25
MOT17-02-FRCNN,274,34,31.0,100.0,23.0,63.25
MOT17-02-FRCNN,275,34,31.0,100.0,23.0,63.25
MOT17-02-FRCNN,276,34,31.0,100.0,23.0,63.25
MOT17-02-FRCNN,277,34,31.0,100.0,23.25,63.25
MOT17-02-FRCNN,278,34,31.5,100.0,23.25,63.25
MOT17-02-FRCNN,279,34,31.5,100.0,23.25,62.5
MOT17-02-FRCNN,280,34,31.0,100.0,23.25,62.5
MOT17-02-FRCNN,281,33,32.0,101.0,23.0,64.0
MOT17-02-FRCNN,282,33,32.0,101.0,23.0,64.0
MOT17-02-FRCNN,283,33,32.0,101.0,23.0,64.0
MOT17-02-FRCNN,284,33,32.0,101.0,23.0,64.0
MOT17-02-FRCNN,285,33,32.0,101.0,23.0,64.0
MOT17-02-FRCNN,286,33,32.0,101.0,23.0,64.0
MOT17-02-FRCNN,287,33,32.0,101.0,23.0,64.0
MOT17-02-FRCNN,288,33,32.0,101.0,23.0,64.0
MOT17-02-FRCNN,289,33,32.0,102.0,23.0,64.0
MOT17-02-FRCNN,290,33,32.0,102.0,23.0,64.0
MOT17-02-FRCNN,291,33,32.0,102.0,23.0,64.0
MOT17-02-FRCNN,292,33,32.0,102.0,23.0,63.0
MOT17-02-FRCNN,293,33,32.0,102.0,23.0,63.0
MOT17-02-FRCNN,294,33,32.0,102.0,23.0,63.0
MOT17-02-FRCNN,295,33,32.0,102.0,23.0,63.0
MOT17-02-FRCNN,296,33,32.0,102.0,23.0,63.0
MOT17-02-FRCNN,297,33,32.0,102.0,23.0,62.0
MOT17-02-FRCNN,298,33,32.0,102.0,23.0,62.0
MOT17-02-FRCNN,299,33,32.0,102.0,23.0,62.0
MOT17-02-FRCNN,300,33,32.0,102.0,23.0,62.0
MOT17-02-FRCNN,301,33,32.0,102.0,23.0,62.0
MOT17-02-FRCNN,302,33,34.0,102.0,23.0,61.0
MOT17-02-FRCNN,303,34,35.0,104.0,23.0,63.25
MOT17-02-FRCNN,304,34,36.0,104.0,23.25,63.25
MOT17-02-FRCNN,305,34,36.5,103.5,23.0,63.25
MOT17-02-FRCNN,306,34,37.0,103.5,23.0,63.25
MOT17-02-FRCNN,307,33,35.0,105.0,23.0,61.0
MOT17-02-FRCNN,308,33,35.0,105.0,23.0,61.0
MOT17-02-FRCNN,309,33,35.0,105.0,23.0,61.0
MOT17-02-FRCNN,310,33,35.0,105.0,23.0,61.0
MOT17-02-FRCNN,311,34,36.5,103.5,23.0,63.25
MOT17-02-FRCNN,312,34,36.5,103.5,23.0,63.25
MOT17-02-FRCNN,313,34,36.5,103.5,23.0,63.25
MOT17-02-FRCNN,314,34,36.5,103.5,22.25,63.25
MOT17-02-FRCNN,315,34,36.5,103.5,22.25,64.0
MOT17-02-FRCNN,316,33,38.0,105.0,23.0,70.0
MOT17-02-FRCNN,317,33,38.0,105.0,23.0,70.0
MOT17-02-FRCNN,318,33,38.0,105.0,23.0,70.0
MOT17-02-FRCNN,319,33,38.0,105.0,23.0,70.0
MOT17-02-FRCNN,320,33,38.0,105.0,23.0,70.0
MOT17-02-FRCNN,321,33,38.0,105.0,23.0,70.0
MOT17-02-FRCNN,322,33,38.0,105.0,23.0,70.0
MOT17-02-FRCNN,323,33,35.0,102.0,22.0,64.0
MOT17-02-FRCNN,324,33,35.0,102.0,22.0,64.0
MOT17-02-FRCNN,325,33,35.0,102.0,22.0,64.0
MOT17-02-FRCNN,326,33,35.0,102.0,22.0,64.0
MOT17-02-FRCNN,327,33,35.0,102.0,22.0,64.0
MOT17-02-FRCNN,328,33,35.0,102.0,22.0,64.0
MOT17-02-FRCNN,329,33,35.0,102.0,22.0,64.0
MOT17-02-FRCNN,330,33,35.0,102.0,22.0,64.0
MOT17-02-FRCNN,331,33,36.0,102.0,23.0,65.0
MOT17-02-FRCNN,332,33,36.0,102.0,23.0,66.0
MOT17-02-FRCNN,333,33,36.0,102.0,23.0,66.0
MOT17-02-FRCNN,334,33,36.0,102.0,23.0,66.0
MOT17-02-FRCNN,335,34,36.0,103.5,23.0,67.0
MOT17-02-FRCNN,336,34,35.5,103.5,22.25,67.0
MOT17-02-FRCNN,337,33,35.0,103.0,22.0,66.0
MOT17-02-FRCNN,338,33,34.0,103.0,22.0,66.0
MOT17-02-FRCNN,339,33,34.0,103.0,22.0,66.0
MOT17-02-FRCNN,340,33,33.0,103.0,22.0,66.0
MOT17-02-FRCNN,341,33,32.0,103.0,22.0,67.0
MOT17-02-FRCNN,342,33,32.0,103.0,23.0,67.0
MOT17-02-FRCNN,343,33,32.0,103.0,22.0,67.0
MOT17-02-FRCNN,344,33,32.0,103.0,22.0,67.0
MOT17-02-FRCNN,345,33,32.0,103.0,23.0,67.0
MOT17-02-FRCNN,346,33,32.0,103.0,23.0,67.0
MOT17-02-FRCNN,347,33,32.0,103.0,22.0,67.0
MOT17-02-FRCNN,348,33,32.0,103.0,22.0,67.0
MOT17-02-FRCNN,349,33,32.0,103.0,23.0,67.0
MOT17-02-FRCNN,350,34,31.5,101.0,22.25,66.25
MOT17-02-FRCNN,351,34,31.5,101.0,22.25,66.0
MOT17-02-FRCNN,352,34,31.5,101.0,23.0,65.25
MOT17-02-FRCNN,353,35,32.0,103.0,23.5,65.5
MOT17-02-FRCNN,354,35,33.0,103.0,22.5,65.5
MOT17-02-FRCNN,355,35,32.0,103.0,22.5,66.0
MOT17-02-FRCNN,356,35,33.0,103.0,23.5,66.0
MOT17-02-FRCNN,357,35,33.0,103.0,23.0,66.0
MOT17-02-FRCNN,358,35,33.0,103.0,23.0,66.5
MOT17-02-FRCNN,359,35,33.0,103.0,23.5,66.5
MOT17-02-FRCNN,360,35,34.0,103.0,23.0,66.5
MOT17-02-FRCNN,361,35,33.0,103.0,23.0,66.5
MOT17-02-FRCNN,362,35,34.0,103.0,23.5,67.0
MOT17-02-FRCNN,363,35,34.0,103.0,23.0,67.0
MOT17-02-FRCNN,364,35,34.0,103.0,23.5,67.0
MOT17-02-FRCNN,365,35,34.0,103.0,23.0,67.0
MOT17-02-FRCNN,366,35,35.0,103.0,23.5,67.5
MOT17-02-FRCNN,367,35,34.0,103.0,23.5,67.5
MOT17-02-FRCNN,368,35,35.0,102.0,23.5,67.5
MOT17-02-FRCNN,369,35,35.0,101.0,23.5,67.5
MOT17-02-FRCNN,370,35,35.0,101.0,23.5,67.5
MOT17-02-FRCNN,371,36,35.0,101.5,23.0,69.0
MOT17-02-FRCNN,372,36,35.5,101.5,23.75,69.0
MOT17-02-FRCNN,373,36,35.0,101.5,23.0,69.0
MOT17-02-FRCNN,374,35,36.0,103.0,24.0,70.5
MOT17-02-FRCNN,375,35,36.0,103.0,24.0,70.5
MOT17-02-FRCNN,376,35,36.0,103.0,23.5,70.5
MOT17-02-FRCNN,377,34,35.5,101.5,24.25,70.25
MOT17-02-FRCNN,378,34,35.5,101.5,24.0,70.25
MOT17-02-FRCNN,379,34,35.5,101.5,24.0,70.25
MOT17-02-FRCNN,380,34,35.5,101.5,24.25,71.0
MOT17-02-FRCNN,381,34,35.5,101.5,24.0,71.25
MOT17-02-FRCNN,382,34,35.5,101.5,24.25,72.0
MOT17-02-FRCNN,383,35,35.0,100.0,24.0,69.5
MOT17-02-FRCNN,384,35,35.0,100.0,24.0,69.5
MOT17-02-FRCNN,385,35,35.0,100.0,24.0,69.5
MOT17-02-FRCNN,386,35,35.0,100.0,24.5,69.5
MOT17-02-FRCNN,387,35,35.0,100.0,24.0,69.5
MOT17-02-FRCNN,388,35,34.0,100.0,24.5,69.5
MOT17-02-FRCNN,389,35,34.0,100.0,24.5,69.5
MOT17-02-FRCNN,390,35,34.0,100.0,24.5,69.5
MOT17-02-FRCNN,391,35,34.0,100.0,25.0,69.5
MOT17-02-FRCNN,392,35,34.0,100.0,25.0,70.0
MOT17-02-FRCNN,393,35,34.0,100.0,25.0,70.0
MOT17-02-FRCNN,394,35,34.0,100.0,25.0,70.0
MOT17-02-FRCNN,395,35,34.0,100.0,24.5,70.0
MOT17-02-FRCNN,396,35,34.0,100.0,25.0,70.0
MOT17-02-FRCNN,397,35,34.0,100.0,24.5,70.5
MOT17-02-FRCNN,398,35,34.0,100.0,25.0,70.5
MOT17-02-FRCNN,399,35,34.0,100.0,24.5,70.5
MOT17-02-FRCNN,400,35,34.0,100.0,25.0,71.0
MOT17-02-FRCNN,401,35,34.0,100.0,25.0,71.0
MOT17-02-FRCNN,402,35,34.0,100.0,25.0,70.5
MOT17-02-FRCNN,403,35,35.0,100.0,25.0,70.5
MOT17-02-FRCNN,404,35,35.0,100.0,25.0,70.5
MOT17-02-FRCNN,405,35,35.0,100.0,24.5,70.5
MOT17-02-FRCNN,406,35,35.0,100.0,25.0,70.5
MOT17-02-FRCNN,407,35,35.0,100.0,25.0,70.5
MOT17-02-FRCNN,408,35,35.0,100.0,25.0,70.5
MOT17-02-FRCNN,409,35,35.0,100.0,24.5,70.5
MOT17-02-FRCNN,410,35,35.0,100.0,25.0,71.0
MOT17-02-FRCNN,411,35,35.0,100.0,25.0,71.0
MOT17-02-FRCNN,412,35,35.0,100.0,25.0,71.0
MOT17-02-FRCNN,413,35,35.0,100.0,24.5,71.0
MOT17-02-FRCNN,414,35,35.0,100.0,25.0,71.0
MOT17-02-FRCNN,415,34,35.0,101.5,25.0,71.5
MOT17-02-FRCNN,416,34,35.0,101.5,25.0,71.5
MOT17-02-FRCNN,417,34,35.0,101.5,25.0,71.5
MOT17-02-FRCNN,418,34,35.0,101.5,25.0,71.5
MOT17-02-FRCNN,419,34,35.0,101.5,25.0,71.5
MOT17-02-FRCNN,420,34,35.0,101.5,25.0,72.25
MOT17-02-FRCNN,421,34,35.0,101.5,25.0,72.5
MOT17-02-FRCNN,422,34,35.0,101.5,25.0,72.75
MOT17-02-FRCNN,423,34,35.0,101.5,25.0,72.75
MOT17-02-FRCNN,424,34,35.0,101.5,25.25,73.0
MOT17-02-FRCNN,425,34,35.0,101.5,25.25,73.25
MOT17-02-FRCNN,426,35,35.0,103.0,25.5,74.5
MOT17-02-FRCNN,427,35,35.0,103.0,25.5,74.5
MOT17-02-FRCNN,428,35,35.0,103.0,25.5,74.5
MOT17-02-FRCNN,429,35,35.0,103.0,25.5,74.5
MOT17-02-FRCNN,430,35,35.0,103.0,25.5,74.5
MOT17-02-FRCNN,431,35,35.0,101.0,25.5,75.0
MOT17-02-FRCNN,432,35,35.0,101.0,25.5,75.0
MOT17-02-FRCNN,433,35,35.0,101.0,25.5,75.0
MOT17-02-FRCNN,434,35,35.0,101.0,25.0,75.0
MOT17-02-FRCNN,435,35,35.0,101.0,25.5,75.0
MOT17-02-FRCNN,436,35,35.0,101.0,25.0,75.5
MOT17-02-FRCNN,437,35,35.0,101.0,25.0,75.5
MOT17-02-FRCNN,438,35,35.0,101.0,25.0,75.5
MOT17-02-FRCNN,439,35,35.0,101.0,25.0,75.5
MOT17-02-FRCNN,440,35,35.0,101.0,25.0,75.5
MOT17-02-FRCNN,441,35,35.0,101.0,25.0,76.0
MOT17-02-FRCNN,442,35,34.0,101.0,25.0,76.0
MOT17-02-FRCNN,443,34,35.0,101.5,25.0,77.0
MOT17-02-FRCNN,444,34,35.0,101.5,25.25,77.0
MOT17-02-FRCNN,445,34,34.5,101.5,26.0,77.0
MOT17-02-FRCNN,446,34,35.0,101.5,26.0,77.0
MOT17-02-FRCNN,447,34,35.0,101.5,26.0,77.0
MOT17-02-FRCNN,448,34,35.0,101.5,26.0,77.0
MOT17-02-FRCNN,449,34,35.0,101.5,27.0,77.0
MOT17-02-FRCNN,450,34,35.0,101.5,27.0,77.25
MOT17-02-FRCNN,451,34,35.0,101.0,27.0,77.25
MOT17-02-FRCNN,452,34,35.0,101.0,27.0,77.25
MOT17-02-FRCNN,453,34,35.0,101.0,27.0,77.25
MOT17-02-FRCNN,454,34,35.0,101.0,27.0,77.25
MOT17-02-FRCNN,455,34,35.0,101.0,27.0,77.25
MOT17-02-FRCNN,456,34,35.0,101.0,27.0,78.0
MOT17-02-FRCNN,457,34,35.0,101.0,27.25,78.0
MOT17-02-FRCNN,458,34,35.0,101.0,27.0,78.0
MOT17-02-FRCNN,459,34,35.0,101.0,27.0,78.0
MOT17-02-FRCNN,460,34,35.0,101.0,27.0,78.0
MOT17-02-FRCNN,461,34,35.0,101.0,27.25,78.25
MOT17-02-FRCNN,462,34,35.0,101.0,27.25,78.25
MOT17-02-FRCNN,463,34,35.0,101.0,27.25,78.25
MOT17-02-FRCNN,464,34,35.0,101.0,27.5,78.25
MOT17-02-FRCNN,465,34,35.0,101.0,27.25,78.25
MOT17-02-FRCNN,466,33,35.0,102.0,27.0,78.0
MOT17-02-FRCNN,467,33,35.0,102.0,27.0,78.0
MOT17-02-FRCNN,468,33,35.0,102.0,28.0,78.0
MOT17-02-FRCNN,469,33,35.0,102.0,28.0,78.0
MOT17-02-FRCNN,470,33,35.0,102.0,29.0,78.0
MOT17-02-FRCNN,471,34,35.0,101.0,29.0,78.75
MOT17-02-FRCNN,472,34,35.0,101.0,28.25,78.75
MOT17-02-FRCNN,473,34,35.0,101.0,28.25,78.75
MOT17-02-FRCNN,474,34,35.0,101.0,28.25,78.75
MOT17-02-FRCNN,475,34,35.0,101.0,29.0,79.0
MOT17-02-FRCNN,476,34,34.5,101.0,29.25,79.0
MOT17-02-FRCNN,477,34,34.5,101.0,29.25,79.0
MOT17-02-FRCNN,478,34,35.0,101.0,29.25,79.25
MOT17-02-FRCNN,479,34,35.0,101.0,28.5,79.25
MOT17-02-FRCNN,480,34,35.0,101.0,28.5,79.25
MOT17-02-FRCNN,481,34,35.0,101.0,28.5,79.25
MOT17-02-FRCNN,482,34,35.0,101.0,28.5,79.25
MOT17-02-FRCNN,483,33,35.0,102.0,28.0,78.0
MOT17-02-FRCNN,484,33,35.0,102.0,28.0,78.0
MOT17-02-FRCNN,485,33,35.0,102.0,28.0,78.0
MOT17-02-FRCNN,486,33,35.0,102.0,28.0,78.0
MOT17-02-FRCNN,487,33,35.0,102.0,28.0,78.0
MOT17-02-FRCNN,488,32,35.0,100.0,27.0,77.5
MOT17-02-FRCNN,489,32,35.0,100.0,28.0,77.5
MOT17-02-FRCNN,490,34,34.0,96.0,27.0,73.75
MOT17-02-FRCNN,491,35,34.0,98.0,27.5,75.0
MOT17-02-FRCNN,492,35,34.0,98.0,28.0,74.5
MOT17-02-FRCNN,493,35,34.0,98.0,27.5,75.0
MOT17-02-FRCNN,494,35,34.0,98.0,27.0,75.0
MOT17-02-FRCNN,495,34,34.0,98.0,27.25,76.75
MOT17-02-FRCNN,496,34,34.0,98.0,27.25,76.75
MOT17-02-FRCNN,497,34,34.0,98.0,28.0,76.0
MOT17-02-FRCNN,498,34,34.0,97.5,28.0,76.0
MOT17-02-FRCNN,499,34,34.0,98.0,28.0,76.0
MOT17-02-FRCNN,500,34,34.0,98.0,28.25,76.0
MOT17-02-FRCNN,501,34,34.0,98.0,28.0,76.0
MOT17-02-FRCNN,502,34,34.0,98.0,28.0,75.25
MOT17-02-FRCNN,503,34,34.0,98.0,28.25,76.0
MOT17-02-FRCNN,504,34,34.0,98.0,28.25,76.0
MOT17-02-FRCNN,505,34,34.0,98.0,28.0,76.0
MOT17-02-FRCNN,506,34,34.0,98.0,28.25,76.0
MOT17-02-FRCNN,507,34,34.0,98.0,27.5,76.75
MOT17-02-FRCNN,508,33,34.0,98.0,29.0,79.0
MOT17-02-FRCNN,509,33,34.0,98.0,29.0,79.0
MOT17-02-FRCNN,510,33,34.0,98.0,29.0,79.0
MOT17-02-FRCNN,511,33,34.0,98.0,29.0,79.0
MOT17-02-FRCNN,512,33,34.0,98.0,29.0,79.0
MOT17-02-FRCNN,513,33,34.0,98.0,29.0,79.0
MOT17-02-FRCNN,514,33,34.0,98.0,29.0,79.0
MOT17-02-FRCNN,515,33,35.0,99.0,29.0,79.0
MOT17-02-FRCNN,516,32,35.0,100.0,28.75,79.0
MOT17-02-FRCNN,517,31,35.0,99.0,28.5,79.5
MOT17-02-FRCNN,518,31,35.0,99.0,29.0,79.5
MOT17-02-FRCNN,519,31,35.0,100.0,29.0,79.5
MOT17-02-FRCNN,520,31,35.0,100.0,29.0,80.0
MOT17-02-FRCNN,521,31,35.0,100.0,29.0,80.0
MOT17-02-FRCNN,522,31,35.0,100.0,29.0,80.0
MOT17-02-FRCNN,523,31,35.0,100.0,29.0,80.0
MOT17-02-FRCNN,524,31,35.0,101.0,29.5,80.5
MOT17-02-FRCNN,525,31,35.0,101.0,29.0,80.5
MOT17-02-FRCNN,526,31,35.0,101.0,29.5,81.0
MOT17-02-FRCNN,527,31,35.0,101.0,29.5,81.5
MOT17-02-FRCNN,528,31,35.0,101.0,29.5,81.5
MOT17-02-FRCNN,529,31,35.0,101.0,29.5,81.5
MOT17-02-FRCNN,530,32,34.0,100.5,30.5,82.25
MOT17-02-FRCNN,531,32,34.0,100.0,29.75,82.5
MOT17-02-FRCNN,532,32,34.5,99.5,29.75,82.5
MOT17-02-FRCNN,533,33,34.0,98.0,29.0,81.0
MOT17-02-FRCNN,534,33,34.0,98.0,29.0,81.0
MOT17-02-FRCNN,535,33,34.0,98.0,29.0,81.0
MOT17-02-FRCNN,536,33,35.0,98.0,29.0,81.0
MOT17-02-FRCNN,537,33,34.0,98.0,29.0,81.0
MOT17-02-FRCNN,538,33,35.0,99.0,30.0,81.0
MOT17-02-FRCNN,539,33,35.0,100.0,30.0,81.0
MOT17-02-FRCNN,540,32,35.0,101.0,29.25,79.75
MOT17-02-FRCNN,541,32,35.0,101.5,29.25,79.75
MOT17-02-FRCNN,542,33,35.0,101.0,27.0,76.0
MOT17-02-FRCNN,543,33,35.0,101.0,27.0,77.0
MOT17-02-FRCNN,544,33,35.0,101.0,27.0,78.0
MOT17-02-FRCNN,545,33,34.0,101.0,27.0,78.0
MOT17-02-FRCNN,546,33,34.0,101.0,27.0,78.0
MOT17-02-FRCNN,547,33,35.0,101.0,27.0,78.0
MOT17-02-FRCNN,548,33,35.0,101.0,26.0,78.0
MOT17-02-FRCNN,549,33,35.0,101.0,26.0,78.0
MOT17-02-FRCNN,550,32,35.0,99.5,26.75,76.75
MOT17-02-FRCNN,551,32,35.5,100.0,26.75,76.75
MOT17-02-FRCNN,552,32,35.5,100.0,27.0,76.5
MOT17-02-FRCNN,553,32,35.5,100.0,26.75,77.25
MOT17-02-FRCNN,554,32,35.5,100.0,26.75,78.0
MOT17-02-FRCNN,555,32,35.5,100.0,26.0,78.0
MOT17-02-FRCNN,556,32,35.5,100.0,26.0,78.0
MOT17-02-FRCNN,557,32,35.5,100.0,26.75,78.0
MOT17-02-FRCNN,558,32,35.5,100.0,26.75,78.0
MOT17-02-FRCNN,559,32,35.5,100.0,26.75,78.0
MOT17-02-FRCNN,560,32,35.5,100.0,26.75,78.0
MOT17-02-FRCNN,561,32,35.5,100.0,27.0,78.25
MOT17-02-FRCNN,562,32,35.0,100.5,27.5,78.5
MOT17-02-FRCNN,563,32,35.5,100.5,26.75,79.5
MOT17-02-FRCNN,564,32,35.5,100.5,26.75,79.25
MOT17-02-FRCNN,565,32,36.0,100.5,26.75,79.25
MOT17-02-FRCNN,566,32,35.0,101.0,27.0,79.25
MOT17-02-FRCNN,567,32,35.0,101.0,27.0,79.25
MOT17-02-FRCNN,568,32,35.5,101.0,27.0,79.25
MOT17-02-FRCNN,569,32,35.5,101.5,27.5,79.25
MOT17-02-FRCNN,570,31,35.0,100.0,27.5,77.5
MOT17-02-FRCNN,571,31,35.0,101.0,27.5,77.0
MOT17-02-FRCNN,572,31,34.0,101.0,27.5,77.0
MOT17-02-FRCNN,573,31,34.0,101.0,27.0,77.0
MOT17-02-FRCNN,574,31,34.0,101.0,27.5,77.0
MOT17-02-FRCNN,575,31,34.0,101.0,27.0,77.5
MOT17-02-FRCNN,576,30,34.0,100.5,27.0,75.75
MOT17-02-FRCNN,577,30,34.0,100.5,27.0,75.5
MOT17-02-FRCNN,578,30,34.5,100.5,27.0,75.5
MOT17-02-FRCNN,579,30,34.5,101.0,26.25,75.75
MOT17-02-FRCNN,580,29,35.0,102.0,27.0,81.0
MOT17-02-FRCNN,581,28,34.5,101.0,26.75,79.25
MOT17-02-FRCNN,582,27,35.0,102.0,26.5,77.5
MOT17-02-FRCNN,583,27,35.0,102.0,26.5,77.5
MOT17-02-FRCNN,584,27,35.0,102.0,27.0,78.0
MOT17-02-FRCNN,585,26,36.0,102.5,27.5,82.25
MOT17-02-FRCNN,586,26,36.0,102.5,27.5,82.25
MOT17-02-FRCNN,587,25,35.0,103.0,27.0,82.0
MOT17-02-FRCNN,588,25,36.0,103.0,27.0,82.0
MOT17-02-FRCNN,589,25,37.0,103.0,27.0,82.0
MOT17-02-FRCNN,590,25,37.0,103.0,27.0,82.0
MOT17-02-FRCNN,591,26,36.5,103.0,27.5,82.25
MOT17-02-FRCNN,592,26,36.5,103.0,28.25,83.25
MOT17-02-FRCNN,593,26,36.5,102.0,28.25,83.25
MOT17-02-FRCNN,594,26,36.5,102.5,28.25,83.25
MOT17-02-FRCNN,595,25,38.0,104.0,28.0,83.0
MOT17-02-FRCNN,596,25,38.0,104.0,28.0,83.0
MOT17-02-FRCNN,597,25,38.0,104.0,28.0,83.0
MOT17-02-FRCNN,598,25,38.0,104.0,28.0,83.0
MOT17-02-FRCNN,599,25,38.0,104.0,28.0,83.0
MOT17-02-FRCNN,600,28,34.5,99.5,25.75,72.75
MOT17-04-FRCNN,1,42,55.0,174.5,48.25,163.25
MOT17-04-FRCNN,2,42,54.5,173.5,48.25,163.5
MOT17-04-FRCNN,3,42,54.5,173.5,49.0,163.5
MOT17-04-FRCNN,4,42,54.5,173.5,49.0,163.5
MOT17-04-FRCNN,5,42,54.5,173.5,49.0,163.5
MOT17-04-FRCNN,6,42,54.5,173.5,49.25,163.5
MOT17-04-FRCNN,7,42,54.5,173.5,49.25,163.5
MOT17-04-FRCNN,8,42,54.5,173.5,49.25,163.5
MOT17-04-FRCNN,9,42,54.5,173.5,49.25,163.5
MOT17-04-FRCNN,10,42,54.5,173.5,49.0,163.5
MOT17-04-FRCNN,11,42,54.5,173.5,49.0,163.5
MOT17-04-FRCNN,12,42,54.5,173.5,49.0,163.25
MOT17-04-FRCNN,13,42,54.5,174.0,49.25,163.25
MOT17-04-FRCNN,14,42,54.5,174.0,49.0,163.25
MOT17-04-FRCNN,15,42,54.0,173.5,49.0,163.25
MOT17-04-FRCNN,16,42,54.0,173.0,48.25,163.25
MOT17-04-FRCNN,17,42,54.0,172.5,49.0,163.25
MOT17-04-FRCNN,18,42,54.0,172.0,49.25,163.25
MOT17-04-FRCNN,19,43,54.0,170.0,49.5,161.5
MOT17-04-FRCNN,20,43,54.0,170.0,49.5,161.5
MOT17-04-FRCNN,21,43,55.0,170.0,49.5,161.5
MOT17-04-FRCNN,22,43,55.0,170.0,49.5,161.5
MOT17-04-FRCNN,23,43,54.0,170.0,49.5,161.5
MOT17-04-FRCNN,24,43,54.0,170.0,49.0,161.5
MOT17-04-FRCNN,25,43,54.0,172.0,48.5,161.5
MOT17-04-FRCNN,26,43,53.0,172.0,48.5,161.5
MOT17-04-FRCNN,27,43,53.0,172.0,47.5,161.5
MOT17-04-FRCNN,28,43,53.0,172.0,47.5,162.0
MOT17-04-FRCNN,29,43,53.0,172.0,47.5,163.5
MOT17-04-FRCNN,30,43,53.0,172.0,47.5,163.5
MOT17-04-FRCNN,31,42,53.0,173.0,47.0,164.25
MOT17-04-FRCNN,32,42,53.0,174.0,47.0,164.25
MOT17-04-FRCNN,33,42,53.0,174.0,47.25,164.25
MOT17-04-FRCNN,34,42,53.0,174.0,48.0,164.25
MOT17-04-FRCNN,35,42,53.0,174.0,48.0,164.0
MOT17-04-FRCNN,36,42,53.0,174.0,48.0,164.0
MOT17-04-FRCNN,37,42,53.0,174.0,49.0,164.25
MOT17-04-FRCNN,38,42,53.0,174.0,49.0,164.0
MOT17-04-FRCNN,39,42,53.5,174.0,49.0,164.0
MOT17-04-FRCNN,40,42,53.5,174.0,49.25,164.0
MOT17-04-FRCNN,41,42,53.5,174.0,49.25,164.25
MOT17-04-FRCNN,42,42,53.5,173.5,48.5,164.0
MOT17-04-FRCNN,43,42,53.5,173.5,48.5,164.0
MOT17-04-FRCNN,44,42,53.5,173.5,49.25,163.25
MOT17-04-FRCNN,45,41,53.0,174.0,51.0,164.0
MOT17-04-FRCNN,46,41,53.0,174.0,50.0,164.0
MOT17-04-FRCNN,47,41,53.0,173.0,50.0,164.0
MOT17-04-FRCNN,48,41,53.0,173.0,51.0,164.0
MOT17-04-FRCNN,49,41,53.0,172.0,50.0,164.0
MOT17-04-FRCNN,50,41,53.0,172.0,50.0,164.0
MOT17-04-FRCNN,51,41,53.0,172.0,49.0,164.0
MOT17-04-FRCNN,52,41,53.0,172.0,49.0,164.0
MOT17-04-FRCNN,53,41,53.0,172.0,49.0,164.0
MOT17-04-FRCNN,54,41,53.0,172.0,49.0,164.0
MOT17-04-FRCNN,55,41,54.0,172.0,49.0,164.0
MOT17-04-FRCNN,56,41,54.0,172.0,49.0,164.0
MOT17-04-FRCNN,57,41,54.0,173.0,49.0,164.0
MOT17-04-FRCNN,58,41,54.0,172.0,49.0,164.0
MOT17-04-FRCNN,59,41,54.0,172.0,48.0,165.0
MOT17-04-FRCNN,60,41,54.0,172.0,48.0,165.0
MOT17-04-FRCNN,61,41,54.0,172.0,48.0,165.0
MOT17-04-FRCNN,62,41,54.0,172.0,49.0,165.0
MOT17-04-FRCNN,63,41,54.0,173.0,49.0,165.0
MOT17-04-FRCNN,64,41,54.0,173.0,49.0,164.0
MOT17-04-FRCNN,65,41,54.0,173.0,49.0,164.0
MOT17-04-FRCNN,66,41,55.0,174.0,49.0,164.0
MOT17-04-FRCNN,67,41,54.0,174.0,50.0,164.0
MOT17-04-FRCNN,68,41,54.0,174.0,50.0,164.0
MOT17-04-FRCNN,69,41,54.0,174.0,51.0,163.0
MOT17-04-FRCNN,70,41,54.0,174.0,50.0,163.0
MOT17-04-FRCNN,71,42,54.0,173.0,49.25,163.0
MOT17-04-FRCNN,72,41,54.0,174.0,50.0,163.0
MOT17-04-FRCNN,73,41,54.0,174.0,50.0,163.0
MOT17-04-FRCNN,74,41,54.0,174.0,50.0,163.0
MOT17-04-FRCNN,75,41,54.0,174.0,50.0,163.0
MOT17-04-FRCNN,76,41,54.0,174.0,50.0,163.0
MOT17-04-FRCNN,77,41,54.0,174.0,49.0,163.0
MOT17-04-FRCNN,78,41,54.0,174.0,49.0,163.0
MOT17-04-FRCNN,79,41,54.0,174.0,49.0,163.0
MOT17-04-FRCNN,80,41,54.0,174.0,49.0,163.0
MOT17-04-FRCNN,81,40,53.5,174.0,49.75,162.75
MOT17-04-FRCNN,82,40,54.0,174.0,49.75,162.75
MOT17-04-FRCNN,83,40,54.0,174.0,49.75,163.0
MOT17-04-FRCNN,84,40,53.5,173.5,50.5,163.0
MOT17-04-FRCNN,85,40,53.5,174.0,50.5,163.0
MOT17-04-FRCNN,86,40,54.0,174.0,50.5,163.0
MOT17-04-FRCNN,87,40,54.0,173.5,50.5,163.0
MOT17-04-FRCNN,88,40,54.0,174.0,49.75,163.0
MOT17-04-FRCNN,89,40,54.0,173.5,49.75,163.0
MOT17-04-FRCNN,90,40,53.5,173.5,49.75,163.0
MOT17-04-FRCNN,91,40,53.0,173.5,49.75,162.75
MOT17-04-FRCNN,92,40,53.5,173.0,49.0,162.75
MOT17-04-FRCNN,93,40,54.0,173.0,49.0,162.75
MOT17-04-FRCNN,94,40,54.0,173.0,49.0,162.75
MOT17-04-FRCNN,95,40,54.0,172.5,49.0,162.75
MOT17-04-FRCNN,96,40,54.0,172.0,49.0,162.75
MOT17-04-FRCNN,97,40,54.0,172.5,49.0,162.75
MOT17-04-FRCNN,98,40,54.0,172.0,48.75,162.75
MOT17-04-FRCNN,99,40,54.0,172.0,49.0,162.75
MOT17-04-FRCNN,100,40,54.0,172.0,49.0,162.0
MOT17-04-FRCNN,101,40,54.0,172.0,49.0,161.75
MOT17-04-FRCNN,102,40,54.0,172.0,48.75,161.75
MOT17-04-FRCNN,103,40,54.0,171.5,48.75,161.75
MOT17-04-FRCNN,104,40,53.5,172.0,49.5,162.0
MOT17-04-FRCNN,105,40,54.0,171.5,48.75,162.0
MOT17-04-FRCNN,106,40,54.0,172.0,48.75,162.0
MOT17-04-FRCNN,107,40,53.5,172.0,48.75,162.0
MOT17-04-FRCNN,108,40,54.0,171.5,48.0,162.0
MOT17-04-FRCNN,109,40,53.5,172.0,48.0,162.0
MOT17-04-FRCNN,110,40,53.5,172.0,48.0,162.0
MOT17-04-FRCNN,111,41,54.0,172.0,48.0,162.0
MOT17-04-FRCNN,112,41,53.0,172.0,48.0,162.0
MOT17-04-FRCNN,113,41,54.0,172.0,48.0,162.0
MOT17-04-FRCNN,114,41,54.0,172.0,49.0,162.0
MOT17-04-FRCNN,115,41,54.0,172.0,48.0,162.0
MOT17-04-FRCNN,116,41,54.0,172.0,48.0,162.0
MOT17-04-FRCNN,117,41,53.0,171.0,48.0,162.0
MOT17-04-FRCNN,118,41,53.0,171.0,48.0,162.0
MOT17-04-FRCNN,119,41,53.0,171.0,48.0,162.0
MOT17-04-FRCNN,120,41,54.0,171.0,48.0,162.0
MOT17-04-FRCNN,121,41,54.0,171.0,48.0,162.0
MOT17-04-FRCNN,122,41,54.0,171.0,48.0,162.0
MOT17-04-FRCNN,123,41,54.0,172.0,48.0,162.0
MOT17-04-FRCNN,124,41,54.0,172.0,48.0,162.0
MOT17-04-FRCNN,125,41,54.0,172.0,48.0,162.0
MOT17-04-FRCNN,126,41,54.0,172.0,48.0,162.0
MOT17-04-FRCNN,127,41,54.0,172.0,48.0,162.0
MOT17-04-FRCNN,128,41,54.0,172.0,48.0,162.0
MOT17-04-FRCNN,129,41,54.0,172.0,48.0,162.0
MOT17-04-FRCNN,130,41,53.0,172.0,48.0,162.0
MOT17-04-FRCNN,131,40,53.5,173.0,47.0,162.0
MOT17-04-FRCNN,132,40,53.5,173.0,47.75,161.75
MOT17-04-FRCNN,133,40,53.5,173.0,47.75,161.75
MOT17-04-FRCNN,134,40,54.0,173.0,47.0,161.0
MOT17-04-FRCNN,135,40,54.0,173.0,48.0,161.5
MOT17-04-FRCNN,136,40,54.0,172.5,48.0,160.75
MOT17-04-FRCNN,137,40,53.5,172.0,47.75,160.5
MOT17-04-FRCNN,138,40,53.5,172.0,48.0,161.5
MOT17-04-FRCNN,139,40,53.5,172.0,48.75,160.5
MOT17-04-FRCNN,140,40,53.5,172.0,49.5,160.5
MOT17-04-FRCNN,141,40,54.0,172.0,49.0,160.5
MOT17-04-FRCNN,142,40,53.5,172.5,49.0,160.5
MOT17-04-FRCNN,143,40,54.0,173.0,49.0,159.75
MOT17-04-FRCNN,144,40,54.0,173.0,49.0,160.5
MOT17-04-FRCNN,145,40,54.0,173.0,49.0,159.75
MOT17-04-FRCNN,146,40,54.0,172.5,49.0,160.75
MOT17-04-FRCNN,147,40,54.0,172.5,48.75,160.0
MOT17-04-FRCNN,148,40,54.0,172.0,48.75,160.0
MOT17-04-FRCNN,149,40,54.0,172.0,48.0,160.0
MOT17-04-FRCNN,150,40,53.5,171.5,48.0,160.0
MOT17-04-FRCNN,151,40,53.5,171.0,47.75,160.75
MOT17-04-FRCNN,152,40,53.5,171.0,48.0,160.75
MOT17-04-FRCNN,153,40,54.0,171.0,48.75,161.75
MOT17-04-FRCNN,154,40,55.0,171.0,48.75,161.75
MOT17-04-FRCNN,155,40,55.0,171.5,48.75,162.0
MOT17-04-FRCNN,156,40,55.5,171.5,48.0,162.0
MOT17-04-FRCNN,157,40,56.0,171.5,48.0,162.0
MOT17-04-FRCNN,158,40,56.0,171.5,48.0,162.75
MOT17-04-FRCNN,159,40,56.0,172.0,48.0,162.0
MOT17-04-FRCNN,160,40,55.5,172.0,48.0,162.75
MOT17-04-FRCNN,161,40,55.0,172.0,48.0,162.75
MOT17-04-FRCNN,162,40,55.0,172.0,48.75,162.0
MOT17-04-FRCNN,163,40,55.5,172.5,49.5,162.0
MOT17-04-FRCNN,164,40,55.5,172.5,49.5,162.0
MOT17-04-FRCNN,165,40,55.5,172.5,49.5,162.0
MOT17-04-FRCNN,166,40,55.5,172.5,49.5,162.0
MOT17-04-FRCNN,167,40,55.5,173.0,49.5,161.75
MOT17-04-FRCNN,168,41,56.0,174.0,50.0,162.0
MOT17-04-FRCNN,169,41,55.0,174.0,50.0,162.0
MOT17-04-FRCNN,170,41,55.0,174.0,49.0,162.0
MOT17-04-FRCNN,171,41,56.0,174.0,48.0,162.0
MOT17-04-FRCNN,172,41,55.0,174.0,49.0,162.0
MOT17-04-FRCNN,173,41,55.0,174.0,50.0,162.0
MOT17-04-FRCNN,174,41,55.0,174.0,50.0,162.0
MOT17-04-FRCNN,175,41,56.0,174.0,49.0,162.0
MOT17-04-FRCNN,176,41,56.0,174.0,48.0,162.0
MOT17-04-FRCNN,177,41,56.0,174.0,48.0,162.0
MOT17-04-FRCNN,178,41,56.0,174.0,49.0,162.0
MOT17-04-FRCNN,179,41,56.0,174.0,50.0,162.0
MOT17-04-FRCNN,180,41,56.0,174.0,50.0,163.0
MOT17-04-FRCNN,181,41,55.0,174.0,50.0,163.0
MOT17-04-FRCNN,182,41,56.0,174.0,50.0,163.0
MOT17-04-FRCNN,183,41,56.0,174.0,50.0,163.0
MOT17-04-FRCNN,184,41,56.0,174.0,50.0,163.0
MOT17-04-FRCNN,185,41,57.0,174.0,50.0,163.0
MOT17-04-FRCNN,186,41,56.0,174.0,51.0,162.0
MOT17-04-FRCNN,187,41,57.0,174.0,52.0,162.0
MOT17-04-FRCNN,188,41,56.0,174.0,52.0,162.0
MOT17-04-FRCNN,189,41,56.0,174.0,52.0,162.0
MOT17-04-FRCNN,190,41,56.0,174.0,52.0,162.0
MOT17-04-FRCNN,191,41,55.0,174.0,52.0,162.0
MOT17-04-FRCNN,192,41,55.0,174.0,52.0,162.0
MOT17-04-FRCNN,193,41,55.0,174.0,52.0,162.0
MOT17-04-FRCNN,194,41,55.0,174.0,51.0,162.0
MOT17-04-FRCNN,195,41,55.0,174.0,51.0,162.0
MOT17-04-FRCNN,196,41,55.0,174.0,51.0,162.0
MOT17-04-FRCNN,197,41,55.0,173.0,52.0,162.0
MOT17-04-FRCNN,198,41,55.0,173.0,52.0,162.0
MOT17-04-FRCNN,199,41,55.0,173.0,52.0,162.0
MOT17-04-FRCNN,200,42,56.5,173.5,52.0,162.5
MOT17-04-FRCNN,201,42,56.5,173.5,52.0,162.5
MOT17-04-FRCNN,202,42,56.5,173.0,52.0,163.25
MOT17-04-FRCNN,203,42,56.5,173.0,52.0,164.0
MOT17-04-FRCNN,204,42,55.5,173.0,52.0,164.25
MOT17-04-FRCNN,205,42,55.0,173.0,52.0,164.0
MOT17-04-FRCNN,206,42,54.0,173.0,51.25,164.25
MOT17-04-FRCNN,207,42,54.5,173.0,51.0,164.25
MOT17-04-FRCNN,208,42,54.0,173.5,50.5,164.0
MOT17-04-FRCNN,209,42,54.0,174.0,50.25,164.0
MOT17-04-FRCNN,210,42,54.0,174.5,50.0,164.0
MOT17-04-FRCNN,211,42,54.0,174.5,49.25,164.0
MOT17-04-FRCNN,212,42,54.0,174.5,50.0,164.0
MOT17-04-FRCNN,213,42,54.0,174.5,50.25,164.25
MOT17-04-FRCNN,214,42,54.0,174.5,50.25,164.25
MOT17-04-FRCNN,215,42,54.0,174.5,50.25,164.5
MOT17-04-FRCNN,216,42,54.0,174.5,50.25,164.5
MOT17-04-FRCNN,217,42,54.0,175.0,50.25,164.5
MOT17-04-FRCNN,218,42,54.0,175.0,50.25,164.5
MOT17-04-FRCNN,219,42,54.0,175.0,50.25,164.5
MOT17-04-FRCNN,220,42,54.0,175.0,50.0,164.5
MOT17-04-FRCNN,221,42,54.0,175.0,50.0,164.5
MOT17-04-FRCNN,222,42,54.0,175.0,50.0,164.5
MOT17-04-FRCNN,223,42,54.5,175.0,50.0,164.5
MOT17-04-FRCNN,224,42,55.5,175.0,49.25,164.5
MOT17-04-FRCNN,225,42,55.5,175.0,49.25,164.5
MOT17-04-FRCNN,226,42,55.5,175.0,49.25,164.5
MOT17-04-FRCNN,227,42,55.5,175.0,49.25,164.25
MOT17-04-FRCNN,228,42,54.5,175.0,48.5,164.25
MOT17-04-FRCNN,229,42,54.5,175.0,48.0,164.25
MOT17-04-FRCNN,230,43,55.0,175.0,48.0,164.5
MOT17-04-FRCNN,231,43,55.0,175.0,48.0,164.0
MOT17-04-FRCNN,232,43,55.0,175.0,48.0,164.0
MOT17-04-FRCNN,233,43,55.0,175.0,48.0,163.5
MOT17-04-FRCNN,234,43,55.0,175.0,48.0,164.0
MOT17-04-FRCNN,235,43,55.0,175.0,48.0,163.5
MOT17-04-FRCNN,236,43,55.0,175.0,48.0,164.0
MOT17-04-FRCNN,237,43,55.0,175.0,48.5,163.5
MOT17-04-FRCNN,238,43,55.0,175.0,49.5,163.0
MOT17-04-FRCNN,239,43,55.0,175.0,50.0,163.0
MOT17-04-FRCNN,240,43,55.0,175.0,50.0,163.0
MOT17-04-FRCNN,241,43,55.0,175.0,50.0,163.0
MOT17-04-FRCNN,242,43,54.0,175.0,50.5,163.5
MOT17-04-FRCNN,243,43,55.0,175.0,50.5,164.0
MOT17-04-FRCNN,244,43,55.0,175.0,50.5,163.5
MOT17-04-FRCNN,245,43,55.0,175.0,50.5,164.0
MOT17-04-FRCNN,246,43,54.0,175.0,50.0,164.0
MOT17-04-FRCNN,247,44,54.0,175.0,49.75,163.75
MOT17-04-FRCNN,248,44,54.0,175.0,49.5,163.75
MOT17-04-FRCNN,249,44,54.0,175.0,48.75,163.75
MOT17-04-FRCNN,250,44,54.0,175.0,48.75,163.75
MOT17-04-FRCNN,251,44,54.5,175.0,48.75,163.5
MOT17-04-FRCNN,252,44,55.0,174.5,48.75,163.5
MOT17-04-FRCNN,253,44,55.0,174.5,48.75,163.5
MOT17-04-FRCNN,254,44,55.0,174.5,48.75,163.5
MOT17-04-FRCNN,255,44,55.0,174.5,49.75,163.5
MOT17-04-FRCNN,256,44,54.5,175.0,50.0,163.25
MOT17-04-FRCNN,257,44,55.5,175.0,49.75,163.25
MOT17-04-FRCNN,258,45,56.0,175.0,50.0,161.0
MOT17-04-FRCNN,259,45,56.0,175.0,50.0,161.0
MOT17-04-FRCNN,260,45,56.0,175.0,50.0,161.0
MOT17-04-FRCNN,261,45,56.0,174.0,50.0,161.0
MOT17-04-FRCNN,262,45,55.0,175.0,50.0,161.0
MOT17-04-FRCNN,263,45,55.0,175.0,50.0,161.0
MOT17-04-FRCNN,264,45,56.0,175.0,50.0,161.0
MOT17-04-FRCNN,265,45,57.0,175.0,50.0,161.0
MOT17-04-FRCNN,266,45,57.0,176.0,50.0,161.0
MOT17-04-FRCNN,267,46,57.0,175.0,50.0,160.25
MOT17-04-FRCNN,268,46,57.0,175.0,50.0,160.25
MOT17-04-FRCNN,269,46,58.0,175.0,49.25,159.5
MOT17-04-FRCNN,270,47,58.0,174.0,47.5,158.5
MOT17-04-FRCNN,271,48,58.0,174.0,48.25,156.25
MOT17-04-FRCNN,272,48,57.5,174.0,48.25,156.25
MOT17-04-FRCNN,273,48,57.0,174.0,48.25,156.5
MOT17-04-FRCNN,274,48,56.5,174.0,48.25,156.5
MOT17-04-FRCNN,275,48,56.0,174.0,48.25,156.0
MOT17-04-FRCNN,276,48,55.5,174.0,48.25,156.0
MOT17-04-FRCNN,277,48,55.5,174.0,48.25,156.25
MOT17-04-FRCNN,278,48,55.0,174.0,48.25,156.25
MOT17-04-FRCNN,279,48,55.0,174.0,48.25,155.75
MOT17-04-FRCNN,280,48,55.0,174.0,48.5,155.75
MOT17-04-FRCNN,281,48,54.5,174.0,48.75,155.75
MOT17-04-FRCNN,282,48,54.0,174.0,49.0,155.75
MOT17-04-FRCNN,283,48,54.0,174.0,49.75,155.0
MOT17-04-FRCNN,284,48,54.0,173.5,49.0,155.0
MOT17-04-FRCNN,285,48,54.0,173.5,50.0,155.0
MOT17-04-FRCNN,286,48,54.5,173.0,49.75,155.0
MOT17-04-FRCNN,287,48,54.5,173.0,49.75,154.0
MOT17-04-FRCNN,288,48,55.0,173.0,49.75,154.0
MOT17-04-FRCNN,289,48,55.0,173.0,49.75,154.0
MOT17-04-FRCNN,290,48,55.0,173.0,49.75,154.0
MOT17-04-FRCNN,291,48,55.0,173.0,49.75,153.75
MOT17-04-FRCNN,292,48,55.0,173.0,49.75,153.75
MOT17-04-FRCNN,293,48,54.5,173.0,49.0,153.75
MOT17-04-FRCNN,294,48,54.5,173.0,48.75,153.0
MOT17-04-FRCNN,295,48,54.5,173.0,48.75,153.75
MOT17-04-FRCNN,296,48,54.0,173.5,48.5,153.75
MOT17-04-FRCNN,297,48,54.0,173.5,48.5,153.0
MOT17-04-FRCNN,298,48,54.5,174.0,49.0,153.75
MOT17-04-FRCNN,299,48,54.5,173.5,48.75,153.0
MOT17-04-FRCNN,300,48,54.0,173.5,48.25,153.0
MOT17-04-FRCNN,301,47,54.0,174.0,47.0,156.0
MOT17-04-FRCNN,302,47,55.0,174.0,46.5,156.0
MOT17-04-FRCNN,303,47,55.0,174.0,47.0,156.0
MOT17-04-FRCNN,304,47,55.0,173.0,47.0,156.0
MOT17-04-FRCNN,305,47,56.0,174.0,48.0,156.5
MOT17-04-FRCNN,306,47,56.0,173.0,48.5,156.5
MOT17-04-FRCNN,307,47,56.0,172.0,49.0,156.0
MOT17-04-FRCNN,308,47,56.0,173.0,50.0,156.5
MOT17-04-FRCNN,309,47,56.0,172.0,50.5,156.5
MOT17-04-FRCNN,310,47,56.0,172.0,51.0,156.5
MOT17-04-FRCNN,311,46,56.5,173.0,52.0,159.25
MOT17-04-FRCNN,312,46,56.5,173.0,51.25,159.0
MOT17-04-FRCNN,313,46,56.5,173.0,51.25,158.25
MOT17-04-FRCNN,314,46,56.5,173.0,51.25,158.0
MOT17-04-FRCNN,315,46,56.0,173.0,51.25,157.5
MOT17-04-FRCNN,316,46,56.0,173.0,50.5,156.5
MOT17-04-FRCNN,317,46,56.0,173.0,50.5,156.5
MOT17-04-FRCNN,318,46,56.0,173.0,50.5,156.0
MOT17-04-FRCNN,319,46,56.0,173.0,50.5,155.75
MOT17-04-FRCNN,320,47,56.0,173.0,51.0,153.5
MOT17-04-FRCNN,321,47,56.0,173.0,50.5,153.0
MOT17-04-FRCNN,322,47,56.0,173.0,50.5,153.0
MOT17-04-FRCNN,323,47,56.0,172.0,50.5,153.5
MOT17-04-FRCNN,324,47,56.0,172.0,50.5,154.5
MOT17-04-FRCNN,325,47,56.0,172.0,50.5,155.5
MOT17-04-FRCNN,326,47,56.0,172.0,50.0,156.5
MOT17-04-FRCNN,327,47,56.0,171.0,50.0,157.0
MOT17-04-FRCNN,328,47,56.0,170.0,50.5,158.0
MOT17-04-FRCNN,329,47,56.0,170.0,50.5,158.5
MOT17-04-FRCNN,330,47,57.0,170.0,50.5,158.5
MOT17-04-FRCNN,331,47,57.0,170.0,50.5,158.5
MOT17-04-FRCNN,332,47,56.0,170.0,50.5,158.5
MOT17-04-FRCNN,333,47,56.0,170.0,51.0,158.5
MOT17-04-FRCNN,334,47,56.0,170.0,51.0,158.5
MOT17-04-FRCNN,335,47,56.0,170.0,50.5,158.0
MOT17-04-FRCNN,336,47,55.0,170.0,50.0,158.0
MOT17-04-FRCNN,337,47,56.0,170.0,50.0,158.5
MOT17-04-FRCNN,338,47,56.0,171.0,50.0,157.5
MOT17-04-FRCNN,339,48,56.0,171.0,50.0,158.0
MOT17-04-FRCNN,340,48,56.0,171.0,50.0,158.0
MOT17-04-FRCNN,341,48,56.0,171.0,50.0,158.0
MOT17-04-FRCNN,342,48,57.0,171.0,50.0,157.25
MOT17-04-FRCNN,343,48,56.0,171.0,50.0,157.25
MOT17-04-FRCNN,344,48,56.0,171.0,50.0,157.25
MOT17-04-FRCNN,345,48,56.5,171.0,50.0,157.25
MOT17-04-FRCNN,346,48,56.0,171.0,50.0,157.25
MOT17-04-FRCNN,347,48,56.5,171.0,50.0,157.25
MOT17-04-FRCNN,348,48,56.0,171.5,50.0,157.25
MOT17-04-FRCNN,349,48,56.5,171.5,50.0,157.25
MOT17-04-FRCNN,350,48,57.0,171.5,50.0,157.25
MOT17-04-FRCNN,351,48,56.5,172.0,50.0,157.25
MOT17-04-FRCNN,352,48,57.0,172.0,50.0,156.75
MOT17-04-FRCNN,353,48,57.5,172.0,49.75,157.0
MOT17-04-FRCNN,354,48,58.0,172.0,49.75,157.0
MOT17-04-FRCNN,355,48,58.5,172.0,49.75,157.75
MOT17-04-FRCNN,356,48,58.0,172.0,50.0,158.5
MOT17-04-FRCNN,357,48,58.0,172.0,50.0,158.5
MOT17-04-FRCNN,358,48,58.0,172.0,50.0,159.5
MOT17-04-FRCNN,359,48,58.0,172.0,50.0,159.5
MOT17-04-FRCNN,360,48,58.0,172.0,50.0,159.75
MOT17-04-FRCNN,361,48,58.0,172.0,51.0,159.75
MOT17-04-FRCNN,362,48,58.0,172.0,50.75,160.0
MOT17-04-FRCNN,363,48,58.0,172.0,51.5,160.75
MOT17-04-FRCNN,364,48,57.0,171.0,51.5,160.75
MOT17-04-FRCNN,365,48,56.5,171.0,51.5,160.0
MOT17-04-FRCNN,366,48,57.0,171.0,51.5,159.75
MOT17-04-FRCNN,367,48,57.5,171.0,51.0,159.0
MOT17-04-FRCNN,368,48,57.0,171.5,51.75,158.0
MOT17-04-FRCNN,369,48,56.5,171.5,51.75,158.0
MOT17-04-FRCNN,370,48,57.0,171.5,51.75,157.0
MOT17-04-FRCNN,371,48,57.0,172.0,51.75,157.75
MOT17-04-FRCNN,372,48,57.0,172.0,51.0,157.0
MOT17-04-FRCNN,373,48,57.0,172.0,51.0,157.0
MOT17-04-FRCNN,374,48,57.0,172.0,51.0,157.0
MOT17-04-FRCNN,375,48,57.0,172.0,51.0,157.0
MOT17-04-FRCNN,376,48,57.5,172.0,51.0,157.75
MOT17-04-FRCNN,377,48,58.0,172.0,51.0,157.75
MOT17-04-FRCNN,378,47,57.0,172.0,51.0,158.0
MOT17-04-FRCNN,379,47,57.0,172.0,51.0,158.0
MOT17-04-FRCNN,380,47,57.0,172.0,51.0,158.0
MOT17-04-FRCNN,381,47,57.0,172.0,52.0,158.0
MOT17-04-FRCNN,382,47,58.0,172.0,52.0,158.0
MOT17-04-FRCNN,383,47,58.0,172.0,52.0,158.5
MOT17-04-FRCNN,384,47,59.0,172.0,52.5,158.5
MOT17-04-FRCNN,385,47,59.0,172.0,52.5,159.0
MOT17-04-FRCNN,386,47,59.0,172.0,52.5,159.0
MOT17-04-FRCNN,387,47,60.0,172.0,52.5,159.0
MOT17-04-FRCNN,388,47,60.0,172.0,52.5,159.0
MOT17-04-FRCNN,389,47,61.0,172.0,52.5,159.0
MOT17-04-FRCNN,390,47,61.0,172.0,52.5,159.0
MOT17-04-FRCNN,391,47,61.0,172.0,52.5,159.5
MOT17-04-FRCNN,392,47,61.0,172.0,53.0,159.5
MOT17-04-FRCNN,393,47,61.0,171.0,53.0,159.5
MOT17-04-FRCNN,394,47,61.0,169.0,53.5,159.5
MOT17-04-FRCNN,395,47,62.0,169.0,53.0,159.5
MOT17-04-FRCNN,396,47,60.0,169.0,53.0,160.0
MOT17-04-FRCNN,397,47,61.0,170.0,52.5,158.0
MOT17-04-FRCNN,398,47,61.0,170.0,52.5,157.0
MOT17-04-FRCNN,399,47,62.0,170.0,52.5,156.5
MOT17-04-FRCNN,400,47,62.0,170.0,52.5,156.0
MOT17-04-FRCNN,401,47,61.0,170.0,52.5,155.0
MOT17-04-FRCNN,402,47,61.0,170.0,52.5,156.0
MOT17-04-FRCNN,403,47,61.0,170.0,52.5,156.5
MOT17-04-FRCNN,404,47,61.0,170.0,52.5,157.5
MOT17-04-FRCNN,405,48,61.5,170.0,52.75,158.75
MOT17-04-FRCNN,406,48,61.0,170.5,52.75,158.5
MOT17-04-FRCNN,407,48,60.0,170.5,52.75,158.5
MOT17-04-FRCNN,408,48,60.0,170.0,52.75,158.5
MOT17-04-FRCNN,409,48,59.0,170.0,52.75,158.5
MOT17-04-FRCNN,410,48,59.0,171.0,52.75,159.75
MOT17-04-FRCNN,411,48,58.5,170.5,52.0,159.5
MOT17-04-FRCNN,412,48,58.5,170.5,52.0,159.5
MOT17-04-FRCNN,413,48,58.5,170.5,52.0,159.75
MOT17-04-FRCNN,414,48,58.5,171.0,52.0,160.0
MOT17-04-FRCNN,415,48,58.0,171.5,52.0,160.0
MOT17-04-FRCNN,416,48,58.0,172.0,52.0,160.75
MOT17-04-FRCNN,417,48,58.5,172.0,52.0,160.75
MOT17-04-FRCNN,418,48,58.0,172.0,52.0,160.75
MOT17-04-FRCNN,419,48,58.0,172.0,52.0,161.5
MOT17-04-FRCNN,420,48,58.0,172.0,52.0,160.75
MOT17-04-FRCNN,421,48,58.0,172.0,52.0,160.75
MOT17-04-FRCNN,422,48,58.0,172.0,52.0,161.5
MOT17-04-FRCNN,423,48,58.5,172.0,52.0,161.5
MOT17-04-FRCNN,424,48,58.5,172.0,52.0,161.5
MOT17-04-FRCNN,425,48,58.5,172.0,52.0,161.5
MOT17-04-FRCNN,426,48,58.0,172.0,52.0,162.25
MOT17-04-FRCNN,427,48,57.5,172.0,51.75,162.25
MOT17-04-FRCNN,428,48,58.0,172.0,51.75,162.25
MOT17-04-FRCNN,429,48,58.0,171.5,51.0,162.25
MOT17-04-FRCNN,430,48,58.0,171.0,51.0,162.25
MOT17-04-FRCNN,431,48,58.0,170.5,51.0,162.25
MOT17-04-FRCNN,432,48,58.0,171.0,51.0,162.0
MOT17-04-FRCNN,433,48,57.5,171.0,51.0,161.75
MOT17-04-FRCNN,434,48,57.5,171.0,51.0,161.5
MOT17-04-FRCNN,435,48,57.0,171.0,51.0,161.25
MOT17-04-FRCNN,436,48,57.0,171.0,51.0,161.25
MOT17-04-FRCNN,437,48,56.0,171.0,50.75,160.75
MOT17-04-FRCNN,438,48,56.5,172.0,50.75,161.0
MOT17-04-FRCNN,439,48,56.5,172.0,50.75,160.25
MOT17-04-FRCNN,440,48,56.5,172.5,50.75,160.25
MOT17-04-FRCNN,441,48,57.0,172.5,50.75,159.75
MOT17-04-FRCNN,442,48,56.5,172.0,50.75,159.75
MOT17-04-FRCNN,443,48,56.5,172.0,51.0,159.75
MOT17-04-FRCNN,444,48,57.0,171.5,51.0,159.75
MOT17-04-FRCNN,445,48,56.5,171.5,51.0,159.75
MOT17-04-FRCNN,446,48,56.5,172.0,51.0,159.75
MOT17-04-FRCNN,447,48,56.0,172.0,51.0,159.75
MOT17-04-FRCNN,448,48,56.5,172.0,51.0,159.75
MOT17-04-FRCNN,449,48,57.0,172.0,51.0,159.75
MOT17-04-FRCNN,450,48,57.0,172.0,51.0,159.75
MOT17-04-FRCNN,451,48,56.0,172.0,51.0,160.0
MOT17-04-FRCNN,452,48,56.0,172.0,51.0,160.25
MOT17-04-FRCNN,453,48,56.5,172.0,51.0,160.25
MOT17-04-FRCNN,454,48,56.5,172.0,51.0,160.25
MOT17-04-FRCNN,455,48,56.5,171.0,51.75,160.25
MOT17-04-FRCNN,456,48,56.5,171.5,51.75,160.25
MOT17-04-FRCNN,457,48,56.5,171.0,52.0,160.5
MOT17-04-FRCNN,458,48,56.0,171.0,52.0,160.5
MOT17-04-FRCNN,459,48,56.0,171.0,52.0,160.5
MOT17-04-FRCNN,460,48,56.5,171.5,52.0,160.5
MOT17-04-FRCNN,461,48,56.5,171.0,52.0,160.5
MOT17-04-FRCNN,462,48,57.0,171.5,52.0,160.25
MOT17-04-FRCNN,463,48,57.0,172.0,52.0,160.25
MOT17-04-FRCNN,464,48,57.0,171.5,52.0,160.25
MOT17-04-FRCNN,465,47,57.0,172.0,52.0,161.0
MOT17-04-FRCNN,466,47,57.0,173.0,52.0,161.0
MOT17-04-FRCNN,467,47,57.0,173.0,52.0,161.0
MOT17-04-FRCNN,468,47,58.0,172.0,52.0,161.0
MOT17-04-FRCNN,469,47,57.0,172.0,52.0,161.0
MOT17-04-FRCNN,470,47,57.0,172.0,52.0,161.0
MOT17-04-FRCNN,471,47,57.0,172.0,52.0,160.5
MOT17-04-FRCNN,472,47,57.0,172.0,52.0,160.5
MOT17-04-FRCNN,473,47,57.0,172.0,52.0,160.5
MOT17-04-FRCNN,474,47,57.0,172.0,52.0,160.5
MOT17-04-FRCNN,475,47,57.0,172.0,52.0,160.5
MOT17-04-FRCNN,476,47,57.0,172.0,52.0,160.5
MOT17-04-FRCNN,477,47,57.0,172.0,52.0,160.5
MOT17-04-FRCNN,478,47,57.0,172.0,51.5,160.5
MOT17-04-FRCNN,479,47,57.0,172.0,51.0,160.5
MOT17-04-FRCNN,480,47,57.0,172.0,51.0,160.5
MOT17-04-FRCNN,481,47,57.0,172.0,51.0,160.0
MOT17-04-FRCNN,482,47,57.0,172.0,51.0,159.5
MOT17-04-FRCNN,483,47,57.0,172.0,51.0,159.5
MOT17-04-FRCNN,484,47,57.0,172.0,51.0,159.0
MOT17-04-FRCNN,485,47,57.0,173.0,51.0,159.5
MOT17-04-FRCNN,486,47,57.0,173.0,51.0,159.0
MOT17-04-FRCNN,487,47,57.0,173.0,51.0,159.0
MOT17-04-FRCNN,488,47,57.0,174.0,51.0,159.5
MOT17-04-FRCNN,489,47,57.0,174.0,51.0,159.0
MOT17-04-FRCNN,490,47,57.0,174.0,51.0,159.0
MOT17-04-FRCNN,491,47,57.0,174.0,51.0,159.0
MOT17-04-FRCNN,492,47,57.0,174.0,51.0,159.0
MOT17-04-FRCNN,493,47,57.0,174.0,51.0,159.0
MOT17-04-FRCNN,494,47,57.0,174.0,50.5,159.0
MOT17-04-FRCNN,495,47,57.0,174.0,50.5,159.0
MOT17-04-FRCNN,496,47,57.0,173.0,50.5,159.0
MOT17-04-FRCNN,497,47,57.0,173.0,51.0,159.0
MOT17-04-FRCNN,498,47,57.0,173.0,51.0,159.0
MOT17-04-FRCNN,499,47,57.0,173.0,51.0,159.0
MOT17-04-FRCNN,500,49,57.0,173.0,50.0,158.0
MOT17-04-FRCNN,501,48,56.5,173.0,49.75,158.0
MOT17-04-FRCNN,502,48,56.5,173.0,49.75,158.0
MOT17-04-FRCNN,503,48,56.5,173.0,49.0,158.0
MOT17-04-FRCNN,504,48,57.0,173.0,49.0,158.0
MOT17-04-FRCNN,505,48,57.0,172.5,49.0,158.0
MOT17-04-FRCNN,506,48,56.5,172.5,49.0,158.0
MOT17-04-FRCNN,507,48,56.5,172.5,49.0,158.0
MOT17-04-FRCNN,508,48,56.5,172.0,49.0,158.0
MOT17-04-FRCNN,509,47,57.0,172.0,49.5,159.0
MOT17-04-FRCNN,510,47,57.0,172.0,49.5,159.0
MOT17-04-FRCNN,511,47,57.0,172.0,49.5,159.0
MOT17-04-FRCNN,512,47,56.0,172.0,50.0,159.0
MOT17-04-FRCNN,513,47,56.0,172.0,50.0,159.0
MOT17-04-FRCNN,514,47,56.0,172.0,50.5,159.0
MOT17-04-FRCNN,515,47,56.0,172.0,50.0,159.0
MOT17-04-FRCNN,516,47,56.0,172.0,50.5,159.0
MOT17-04-FRCNN,517,47,57.0,172.0,50.5,159.0
MOT17-04-FRCNN,518,47,57.0,172.0,50.0,159.0
MOT17-04-FRCNN,519,47,57.0,172.0,50.5,159.0
MOT17-04-FRCNN,520,47,57.0,172.0,49.5,159.0
MOT17-04-FRCNN,521,47,57.0,172.0,50.0,159.0
MOT17-04-FRCNN,522,47,57.0,172.0,50.0,159.0
MOT17-04-FRCNN,523,47,57.0,172.0,50.0,159.0
MOT17-04-FRCNN,524,48,56.0,172.0,49.75,158.0
MOT17-04-FRCNN,525,48,55.5,172.0,49.75,158.0
MOT17-04-FRCNN,526,48,56.0,171.5,50.0,158.0
MOT17-04-FRCNN,527,48,56.0,171.5,50.0,158.0
MOT17-04-FRCNN,528,47,56.0,172.0,50.5,158.0
MOT17-04-FRCNN,529,47,55.0,172.0,50.5,158.0
MOT17-04-FRCNN,530,47,55.0,172.0,51.0,158.0
MOT17-04-FRCNN,531,47,55.0,172.0,51.0,158.0
MOT17-04-FRCNN,532,47,55.0,172.0,50.5,158.5
MOT17-04-FRCNN,533,47,55.0,172.0,50.5,158.5
MOT17-04-FRCNN,534,47,55.0,172.0,50.5,159.0
MOT17-04-FRCNN,535,47,55.0,173.0,50.5,158.5
MOT17-04-FRCNN,536,47,55.0,172.0,50.5,158.5
MOT17-04-FRCNN,537,47,55.0,172.0,50.0,158.5
MOT17-04-FRCNN,538,47,54.0,173.0,50.0,158.5
MOT17-04-FRCNN,539,47,54.0,172.0,50.0,158.0
MOT17-04-FRCNN,540,47,54.0,172.0,49.5,158.5
MOT17-04-FRCNN,541,47,54.0,172.0,50.0,158.0
MOT17-04-FRCNN,542,47,55.0,172.0,50.0,157.5
MOT17-04-FRCNN,543,47,55.0,172.0,49.5,158.0
MOT17-04-FRCNN,544,47,55.0,172.0,50.0,157.5
MOT17-04-FRCNN,545,47,55.0,172.0,49.5,157.5
MOT17-04-FRCNN,546,47,55.0,172.0,49.5,157.5
MOT17-04-FRCNN,547,47,55.0,172.0,49.5,157.5
MOT17-04-FRCNN,548,47,55.0,172.0,49.0,157.5
MOT17-04-FRCNN,549,47,55.0,171.0,49.0,157.5
MOT17-04-FRCNN,550,47,55.0,172.0,49.5,157.5
MOT17-04-FRCNN,551,47,55.0,172.0,49.5,157.5
MOT17-04-FRCNN,552,47,55.0,171.0,49.0,157.5
MOT17-04-FRCNN,553,47,54.0,171.0,49.5,157.5
MOT17-04-FRCNN,554,47,55.0,171.0,49.5,157.5
MOT17-04-FRCNN,555,47,55.0,171.0,49.5,157.5
MOT17-04-FRCNN,556,47,54.0,171.0,50.0,158.0
MOT17-04-FRCNN,557,46,54.5,171.0,50.0,158.0
MOT17-04-FRCNN,558,46,54.0,171.0,50.0,158.0
MOT17-04-FRCNN,559,46,54.0,171.0,50.0,158.0
MOT17-04-FRCNN,560,46,54.0,171.0,50.0,158.0
MOT17-04-FRCNN,561,45,54.0,171.0,50.0,158.0
MOT17-04-FRCNN,562,45,54.0,170.0,50.0,157.0
MOT17-04-FRCNN,563,45,54.0,170.0,50.0,157.0
MOT17-04-FRCNN,564,45,54.0,169.0,50.0,157.0
MOT17-04-FRCNN,565,45,53.0,169.0,50.0,157.0
MOT17-04-FRCNN,566,45,53.0,169.0,50.0,157.0
MOT17-04-FRCNN,567,45,54.0,169.0,50.0,157.0
MOT17-04-FRCNN,568,45,53.0,169.0,50.0,158.0
MOT17-04-FRCNN,569,45,53.0,169.0,50.0,158.0
MOT17-04-FRCNN,570,45,53.0,169.0,50.0,158.0
MOT17-04-FRCNN,571,45,53.0,168.0,49.0,158.0
MOT17-04-FRCNN,572,45,53.0,168.0,49.0,158.0
MOT17-04-FRCNN,573,45,53.0,168.0,49.0,158.0
MOT17-04-FRCNN,574,45,54.0,169.0,49.0,158.0
MOT17-04-FRCNN,575,45,54.0,169.0,49.0,158.0
MOT17-04-FRCNN,576,45,54.0,169.0,49.0,158.0
MOT17-04-FRCNN,577,45,53.0,170.0,49.0,158.0
MOT17-04-FRCNN,578,45,53.0,170.0,49.0,158.0
MOT17-04-FRCNN,579,45,53.0,171.0,49.0,158.0
MOT17-04-FRCNN,580,45,53.0,171.0,49.0,158.0
MOT17-04-FRCNN,581,45,53.0,171.0,49.0,158.0
MOT17-04-FRCNN,582,45,53.0,171.0,49.0,158.0
MOT17-04-FRCNN,583,45,53.0,171.0,49.0,157.0
MOT17-04-FRCNN,584,45,54.0,170.0,49.0,157.0
MOT17-04-FRCNN,585,45,54.0,170.0,49.0,157.0
MOT17-04-FRCNN,586,45,53.0,170.0,49.0,157.0
MOT17-04-FRCNN,587,45,53.0,170.0,49.0,157.0
MOT17-04-FRCNN,588,45,53.0,170.0,49.0,156.0
MOT17-04-FRCNN,589,45,53.0,169.0,49.0,156.0
MOT17-04-FRCNN,590,45,53.0,169.0,49.0,156.0
MOT17-04-FRCNN,591,45,53.0,169.0,49.0,156.0
MOT17-04-FRCNN,592,45,53.0,169.0,49.0,156.0
MOT17-04-FRCNN,593,45,53.0,169.0,48.0,156.0
MOT17-04-FRCNN,594,45,53.0,169.0,48.0,156.0
MOT17-04-FRCNN,595,45,53.0,169.0,49.0,156.0
MOT17-04-FRCNN,596,45,53.0,169.0,49.0,156.0
MOT17-04-FRCNN,597,45,53.0,170.0,48.0,156.0
MOT17-04-FRCNN,598,45,53.0,170.0,48.0,156.0
MOT17-04-FRCNN,599,45,53.0,170.0,48.0,156.0
MOT17-04-FRCNN,600,45,53.0,170.0,48.0,156.0
MOT17-04-FRCNN,601,45,53.0,170.0,48.0,156.0
MOT17-04-FRCNN,602,45,53.0,169.0,48.0,156.0
MOT17-04-FRCNN,603,45,53.0,169.0,48.0,156.0
MOT17-04-FRCNN,604,45,53.0,169.0,49.0,156.0
MOT17-04-FRCNN,605,45,53.0,169.0,49.0,156.0
MOT17-04-FRCNN,606,45,53.0,169.0,49.0,156.0
MOT17-04-FRCNN,607,45,53.0,170.0,49.0,156.0
MOT17-04-FRCNN,608,45,53.0,170.0,49.0,156.0
MOT17-04-FRCNN,609,45,53.0,171.0,49.0,156.0
MOT17-04-FRCNN,610,45,53.0,172.0,49.0,156.0
MOT17-04-FRCNN,611,45,53.0,172.0,50.0,156.0
MOT17-04-FRCNN,612,45,53.0,171.0,50.0,156.0
MOT17-04-FRCNN,613,45,53.0,169.0,50.0,156.0
MOT17-04-FRCNN,614,45,53.0,169.0,49.0,156.0
MOT17-04-FRCNN,615,47,53.0,169.0,49.0,152.5
MOT17-04-FRCNN,616,47,53.0,169.0,49.0,153.5
MOT17-04-FRCNN,617,47,53.0,169.0,49.0,154.5
MOT17-04-FRCNN,618,47,53.0,169.0,49.0,154.5
MOT17-04-FRCNN,619,47,53.0,169.0,49.0,154.5
MOT17-04-FRCNN,620,47,53.0,169.0,49.0,154.5
MOT17-04-FRCNN,621,46,53.0,169.5,49.0,154.0
MOT17-04-FRCNN,622,46,53.0,170.0,49.0,153.75
MOT17-04-FRCNN,623,46,54.5,170.0,49.0,153.75
MOT17-04-FRCNN,624,46,55.5,170.0,49.0,153.75
MOT17-04-FRCNN,625,46,56.0,170.5,49.0,153.75
MOT17-04-FRCNN,626,46,56.5,171.0,48.25,153.75
MOT17-04-FRCNN,627,46,57.0,171.5,48.25,153.75
MOT17-04-FRCNN,628,46,57.0,172.0,48.25,154.5
MOT17-04-FRCNN,629,46,57.0,172.0,48.25,153.75
MOT17-04-FRCNN,630,46,56.5,172.0,48.25,153.5
MOT17-04-FRCNN,631,47,56.0,172.0,48.5,153.5
MOT17-04-FRCNN,632,47,56.0,172.0,49.0,154.0
MOT17-04-FRCNN,633,47,56.0,172.0,48.5,154.0
MOT17-04-FRCNN,634,46,55.5,172.0,48.25,154.25
MOT17-04-FRCNN,635,47,55.0,171.0,48.0,154.5
MOT17-04-FRCNN,636,47,54.0,171.0,48.0,153.5
MOT17-04-FRCNN,637,47,54.0,169.0,48.0,153.5
MOT17-04-FRCNN,638,47,53.0,169.0,48.0,153.0
MOT17-04-FRCNN,639,47,53.0,169.0,48.0,153.0
MOT17-04-FRCNN,640,47,53.0,169.0,48.0,152.5
MOT17-04-FRCNN,641,47,53.0,169.0,48.5,153.0
MOT17-04-FRCNN,642,47,53.0,169.0,48.5,153.0
MOT17-04-FRCNN,643,47,53.0,169.0,48.0,152.5
MOT17-04-FRCNN,644,47,53.0,169.0,48.5,152.0
MOT17-04-FRCNN,645,47,53.0,169.0,48.5,152.0
MOT17-04-FRCNN,646,47,53.0,170.0,49.0,151.5
MOT17-04-FRCNN,647,47,53.0,170.0,48.5,151.5
MOT17-04-FRCNN,648,47,53.0,170.0,48.5,152.0
MOT17-04-FRCNN,649,47,53.0,170.0,48.5,152.0
MOT17-04-FRCNN,650,47,53.0,170.0,48.5,152.0
MOT17-04-FRCNN,651,45,53.0,171.0,48.0,153.0
MOT17-04-FRCNN,652,45,53.0,171.0,49.0,153.0
MOT17-04-FRCNN,653,45,53.0,171.0,49.0,153.0
MOT17-04-FRCNN,654,45,53.0,171.0,49.0,153.0
MOT17-04-FRCNN,655,45,53.0,171.0,48.0,153.0
MOT17-04-FRCNN,656,45,54.0,170.0,48.0,152.0
MOT17-04-FRCNN,657,45,54.0,170.0,48.0,152.0
MOT17-04-FRCNN,658,45,54.0,170.0,49.0,152.0
MOT17-04-FRCNN,659,45,54.0,170.0,48.0,152.0
MOT17-04-FRCNN,660,45,54.0,170.0,49.0,151.0
MOT17-04-FRCNN,661,45,54.0,170.0,49.0,151.0
MOT17-04-FRCNN,662,45,53.0,170.0,49.0,151.0
MOT17-04-FRCNN,663,45,53.0,170.0,49.0,151.0
MOT17-04-FRCNN,664,45,53.0,170.0,49.0,151.0
MOT17-04-FRCNN,665,45,53.0,170.0,49.0,151.0
MOT17-04-FRCNN,666,45,53.0,170.0,49.0,151.0
MOT17-04-FRCNN,667,45,53.0,170.0,49.0,151.0
MOT17-04-FRCNN,668,45,53.0,170.0,49.0,151.0
MOT17-04-FRCNN,669,45,53.0,170.0,48.0,151.0
MOT17-04-FRCNN,670,45,53.0,169.0,48.0,151.0
MOT17-04-FRCNN,671,45,53.0,168.0,48.0,152.0
MOT17-04-FRCNN,672,45,53.0,168.0,48.0,151.0
MOT17-04-FRCNN,673,45,53.0,168.0,48.0,152.0
MOT17-04-FRCNN,674,45,53.0,168.0,48.0,152.0
MOT17-04-FRCNN,675,45,53.0,168.0,48.0,151.0
MOT17-04-FRCNN,676,45,53.0,168.0,48.0,151.0
MOT17-04-FRCNN,677,45,53.0,168.0,48.0,151.0
MOT17-04-FRCNN,678,45,53.0,168.0,48.0,151.0
MOT17-04-FRCNN,679,45,53.0,168.0,49.0,150.0
MOT17-04-FRCNN,680,46,53.0,166.0,48.25,147.75
MOT17-04-FRCNN,681,44,52.5,166.0,48.0,149.25
MOT17-04-FRCNN,682,44,52.5,166.0,48.0,148.5
MOT17-04-FRCNN,683,44,52.5,166.0,48.0,147.5
MOT17-04-FRCNN,684,44,52.5,166.0,48.0,146.75
MOT17-04-FRCNN,685,44,52.5,166.0,48.0,146.0
MOT17-04-FRCNN,686,44,52.5,166.0,48.0,145.0
MOT17-04-FRCNN,687,44,52.5,166.0,48.0,145.0
MOT17-04-FRCNN,688,44,52.5,166.0,48.0,144.75
MOT17-04-FRCNN,689,43,52.0,168.0,48.0,148.0
MOT17-04-FRCNN,690,43,52.0,168.0,48.0,147.5
MOT17-04-FRCNN,691,42,52.0,169.0,48.0,151.25
MOT17-04-FRCNN,692,42,52.0,169.0,48.0,151.25
MOT17-04-FRCNN,693,42,51.5,169.0,48.0,151.25
MOT17-04-FRCNN,694,42,51.5,169.0,48.0,151.25
MOT17-04-FRCNN,695,42,51.0,169.0,48.0,151.25
MOT17-04-FRCNN,696,42,51.0,168.5,48.0,151.25
MOT17-04-FRCNN,697,42,51.0,168.5,48.0,151.25
MOT17-04-FRCNN,698,42,51.0,168.5,48.0,151.25
MOT17-04-FRCNN,699,42,51.0,168.0,48.0,151.25
MOT17-04-FRCNN,700,43,51.0,168.0,47.0,146.5
MOT17-04-FRCNN,701,42,52.0,168.5,47.0,151.0
MOT17-04-FRCNN,702,42,52.0,168.5,47.0,151.0
MOT17-04-FRCNN,703,42,51.5,169.0,47.0,151.0
MOT17-04-FRCNN,704,42,51.5,169.0,47.0,151.0
MOT17-04-FRCNN,705,42,51.5,169.5,47.0,151.0
MOT17-04-FRCNN,706,42,51.5,169.5,47.25,151.0
MOT17-04-FRCNN,707,42,51.5,169.5,47.25,151.0
MOT17-04-FRCNN,708,42,51.5,169.0,47.25,151.0
MOT17-04-FRCNN,709,42,51.5,169.0,48.0,151.0
MOT17-04-FRCNN,710,42,51.5,169.0,48.0,151.0
MOT17-04-FRCNN,711,42,51.5,169.0,48.0,151.0
MOT17-04-FRCNN,712,42,51.5,169.0,47.25,151.0
MOT17-04-FRCNN,713,42,51.5,169.0,48.0,151.0
MOT17-04-FRCNN,714,42,51.5,169.0,47.25,151.0
MOT17-04-FRCNN,715,42,51.5,169.0,48.0,151.0
MOT17-04-FRCNN,716,42,51.5,169.5,47.25,151.0
MOT17-04-FRCNN,717,42,51.5,169.5,47.25,151.0
MOT17-04-FRCNN,718,42,51.5,169.5,47.25,151.0
MOT17-04-FRCNN,719,41,52.0,171.0,48.0,151.0
MOT17-04-FRCNN,720,41,52.0,171.0,48.0,151.0
MOT17-04-FRCNN,721,41,52.0,171.0,48.0,151.0
MOT17-04-FRCNN,722,41,52.0,170.0,48.0,151.0
MOT17-04-FRCNN,723,41,52.0,170.0,48.0,151.0
MOT17-04-FRCNN,724,41,52.0,170.0,48.0,151.0
MOT17-04-FRCNN,725,41,52.0,170.0,48.0,151.0
MOT17-04-FRCNN,726,41,52.0,170.0,48.0,151.0
MOT17-04-FRCNN,727,41,52.0,169.0,48.0,151.0
MOT17-04-FRCNN,728,41,53.0,169.0,47.0,151.0
MOT17-04-FRCNN,729,41,53.0,169.0,47.0,151.0
MOT17-04-FRCNN,730,41,53.0,168.0,47.0,151.0
MOT17-04-FRCNN,731,41,53.0,168.0,47.0,150.0
MOT17-04-FRCNN,732,41,53.0,168.0,47.0,150.0
MOT17-04-FRCNN,733,41,52.0,168.0,47.0,150.0
MOT17-04-FRCNN,734,41,52.0,168.0,47.0,150.0
MOT17-04-FRCNN,735,41,52.0,168.0,47.0,150.0
MOT17-04-FRCNN,736,41,52.0,168.0,48.0,150.0
MOT17-04-FRCNN,737,41,52.0,168.0,48.0,150.0
MOT17-04-FRCNN,738,41,53.0,168.0,48.0,150.0
MOT17-04-FRCNN,739,41,51.0,168.0,48.0,150.0
MOT17-04-FRCNN,740,41,51.0,168.0,48.0,150.0
MOT17-04-FRCNN,741,42,50.5,168.0,47.0,150.0
MOT17-04-FRCNN,742,42,50.5,168.0,48.0,150.0
MOT17-04-FRCNN,743,42,51.0,168.0,48.0,150.0
MOT17-04-FRCNN,744,42,51.0,168.0,48.0,150.0
MOT17-04-FRCNN,745,41,53.0,168.0,48.0,150.0
MOT17-04-FRCNN,746,41,53.0,169.0,48.0,150.0
MOT17-04-FRCNN,747,41,53.0,170.0,48.0,150.0
MOT17-04-FRCNN,748,41,53.0,170.0,48.0,150.0
MOT17-04-FRCNN,749,41,53.0,169.0,48.0,150.0
MOT17-04-FRCNN,750,41,53.0,169.0,48.0,150.0
MOT17-04-FRCNN,751,41,53.0,168.0,48.0,150.0
MOT17-04-FRCNN,752,41,53.0,169.0,48.0,150.0
MOT17-04-FRCNN,753,41,52.0,168.0,48.0,150.0
MOT17-04-FRCNN,754,41,53.0,168.0,48.0,150.0
MOT17-04-FRCNN,755,41,53.0,168.0,48.0,150.0
MOT17-04-FRCNN,756,41,53.0,168.0,48.0,150.0
MOT17-04-FRCNN,757,41,53.0,168.0,48.0,150.0
MOT17-04-FRCNN,758,41,53.0,168.0,48.0,150.0
MOT17-04-FRCNN,759,41,53.0,168.0,48.0,150.0
MOT17-04-FRCNN,760,42,53.0,168.0,48.0,147.0
MOT17-04-FRCNN,761,42,53.0,168.5,48.0,146.75
MOT17-04-FRCNN,762,42,53.5,168.5,48.0,146.75
MOT17-04-FRCNN,763,42,53.5,168.5,48.0,147.0
MOT17-04-FRCNN,764,42,54.0,169.0,48.0,147.0
MOT17-04-FRCNN,765,42,54.0,169.0,48.0,147.0
MOT17-04-FRCNN,766,42,54.5,169.0,48.0,147.0
MOT17-04-FRCNN,767,42,53.5,169.5,48.25,147.0
MOT17-04-FRCNN,768,42,53.5,169.0,49.0,147.0
MOT17-04-FRCNN,769,42,53.5,169.5,49.0,147.0
MOT17-04-FRCNN,770,43,53.0,168.0,48.5,145.5
MOT17-04-FRCNN,771,43,53.0,168.0,48.5,145.5
MOT17-04-FRCNN,772,43,54.0,168.0,48.0,145.5
MOT17-04-FRCNN,773,43,54.0,168.0,48.5,145.5
MOT17-04-FRCNN,774,43,54.0,168.0,48.5,145.5
MOT17-04-FRCNN,775,43,54.0,168.0,49.0,145.0
MOT17-04-FRCNN,776,43,53.0,168.0,49.0,145.5
MOT17-04-FRCNN,777,43,54.0,168.0,49.0,145.0
MOT17-04-FRCNN,778,43,54.0,168.0,49.0,145.5
MOT17-04-FRCNN,779,43,55.0,168.0,49.0,145.0
MOT17-04-FRCNN,780,43,55.0,168.0,48.0,145.0
MOT17-04-FRCNN,781,43,55.0,168.0,48.0,145.0
MOT17-04-FRCNN,782,43,55.0,168.0,48.0,145.5
MOT17-04-FRCNN,783,43,54.0,168.0,48.0,145.5
MOT17-04-FRCNN,784,43,53.0,168.0,48.0,145.5
MOT17-04-FRCNN,785,43,52.0,169.0,48.5,145.0
MOT17-04-FRCNN,786,43,52.0,170.0,49.0,146.0
MOT17-04-FRCNN,787,43,51.0,170.0,49.0,145.5
MOT17-04-FRCNN,788,43,51.0,170.0,49.0,146.5
MOT17-04-FRCNN,789,43,52.0,170.0,48.0,147.0
MOT17-04-FRCNN,790,42,51.0,171.0,47.25,148.5
MOT17-04-FRCNN,791,42,51.5,171.0,47.25,148.5
MOT17-04-FRCNN,792,42,51.0,171.0,47.25,148.5
MOT17-04-FRCNN,793,42,51.5,171.0,48.0,147.75
MOT17-04-FRCNN,794,42,51.5,170.5,48.0,148.5
MOT17-04-FRCNN,795,42,51.5,170.5,48.0,147.75
MOT17-04-FRCNN,796,42,51.5,170.5,48.0,147.75
MOT17-04-FRCNN,797,42,51.5,170.5,48.0,148.5
MOT17-04-FRCNN,798,42,51.5,170.5,47.25,147.75
MOT17-04-FRCNN,799,42,51.0,170.5,47.25,147.75
MOT17-04-FRCNN,800,42,51.5,171.0,47.25,147.75
MOT17-04-FRCNN,801,42,52.0,171.0,47.25,147.75
MOT17-04-FRCNN,802,42,52.0,171.0,47.25,148.5
MOT17-04-FRCNN,803,43,52.0,171.0,47.0,149.0
MOT17-04-FRCNN,804,43,52.0,172.0,47.5,149.5
MOT17-04-FRCNN,805,43,52.0,172.0,47.5,149.5
MOT17-04-FRCNN,806,43,52.0,172.0,47.5,150.0
MOT17-04-FRCNN,807,43,52.0,172.0,47.5,150.0
MOT17-04-FRCNN,808,43,52.0,172.0,47.5,150.5
MOT17-04-FRCNN,809,43,52.0,172.0,47.5,150.5
MOT17-04-FRCNN,810,43,52.0,172.0,48.0,151.0
MOT17-04-FRCNN,811,43,52.0,172.0,48.5,151.5
MOT17-04-FRCNN,812,43,53.0,172.0,48.5,152.0
MOT17-04-FRCNN,813,43,53.0,172.0,48.5,152.0
MOT17-04-FRCNN,814,43,53.0,172.0,49.0,153.0
MOT17-04-FRCNN,815,43,53.0,172.0,48.5,153.5
MOT17-04-FRCNN,816,43,53.0,171.0,49.0,154.5
MOT17-04-FRCNN,817,43,52.0,171.0,49.0,155.0
MOT17-04-FRCNN,818,43,53.0,170.0,48.5,156.0
MOT17-04-FRCNN,819,43,53.0,170.0,48.0,156.5
MOT17-04-FRCNN,820,43,53.0,170.0,48.0,157.0
MOT17-04-FRCNN,821,43,53.0,170.0,48.0,157.0
MOT17-04-FRCNN,822,43,53.0,170.0,48.0,157.0
MOT17-04-FRCNN,823,43,53.0,170.0,48.0,156.5
MOT17-04-FRCNN,824,43,52.0,170.0,48.0,157.0
MOT17-04-FRCNN,825,43,52.0,170.0,48.0,157.0
MOT17-04-FRCNN,826,43,52.0,170.0,48.0,156.5
MOT17-04-FRCNN,827,43,53.0,170.0,48.0,157.0
MOT17-04-FRCNN,828,43,53.0,170.0,48.0,156.5
MOT17-04-FRCNN,829,43,52.0,170.0,48.0,156.5
MOT17-04-FRCNN,830,43,52.0,170.0,47.5,156.5
MOT17-04-FRCNN,831,44,52.0,169.5,47.0,154.5
MOT17-04-FRCNN,832,44,52.0,169.5,47.0,154.5
MOT17-04-FRCNN,833,44,52.0,169.5,47.0,154.5
MOT17-04-FRCNN,834,44,52.0,169.5,47.0,153.75
MOT17-04-FRCNN,835,44,52.0,169.5,47.0,153.75
MOT17-04-FRCNN,836,44,52.5,169.5,47.0,153.75
MOT17-04-FRCNN,837,44,52.5,169.5,47.0,153.0
MOT17-04-FRCNN,838,44,52.0,169.5,47.0,153.0
MOT17-04-FRCNN,839,44,52.0,169.0,47.0,153.0
MOT17-04-FRCNN,840,45,52.0,170.0,47.0,153.0
MOT17-04-FRCNN,841,45,53.0,170.0,47.0,154.0
MOT17-04-FRCNN,842,45,53.0,169.0,48.0,154.0
MOT17-04-FRCNN,843,45,52.0,169.0,48.0,155.0
MOT17-04-FRCNN,844,45,52.0,169.0,48.0,155.0
MOT17-04-FRCNN,845,45,52.0,169.0,48.0,155.0
MOT17-04-FRCNN,846,45,52.0,169.0,48.0,156.0
MOT17-04-FRCNN,847,46,52.0,169.0,47.25,151.5
MOT17-04-FRCNN,848,46,52.0,169.0,47.25,151.5
MOT17-04-FRCNN,849,46,52.0,169.0,47.25,151.5
MOT17-04-FRCNN,850,48,52.0,168.5,47.0,148.5
MOT17-04-FRCNN,851,48,52.0,168.5,47.75,148.5
MOT17-04-FRCNN,852,48,52.0,168.0,47.75,148.75
MOT17-04-FRCNN,853,48,52.0,168.0,47.75,149.25
MOT17-04-FRCNN,854,48,52.0,168.0,47.75,149.75
MOT17-04-FRCNN,855,48,52.0,168.0,47.75,150.0
MOT17-04-FRCNN,856,48,52.0,168.0,47.75,150.0
MOT17-04-FRCNN,857,48,52.0,168.0,47.75,150.0
MOT17-04-FRCNN,858,48,52.0,168.0,47.75,150.0
MOT17-04-FRCNN,859,48,52.0,168.0,47.75,150.0
MOT17-04-FRCNN,860,49,52.0,168.0,48.0,150.0
MOT17-04-FRCNN,861,49,52.0,168.0,48.0,150.0
MOT17-04-FRCNN,862,49,52.0,168.0,47.0,151.0
MOT17-04-FRCNN,863,49,52.0,168.0,47.0,151.0
MOT17-04-FRCNN,864,49,52.0,168.0,48.0,152.0
MOT17-04-FRCNN,865,49,52.0,168.0,48.0,152.0
MOT17-04-FRCNN,866,49,53.0,168.0,47.0,152.0
MOT17-04-FRCNN,867,49,53.0,168.0,47.0,153.0
MOT17-04-FRCNN,868,49,53.0,168.0,47.0,153.0
MOT17-04-FRCNN,869,49,53.0,168.0,47.0,154.0
MOT17-04-FRCNN,870,49,53.0,168.0,47.0,154.0
MOT17-04-FRCNN,871,49,53.0,168.0,48.0,154.0
MOT17-04-FRCNN,872,49,53.0,168.0,48.0,154.0
MOT17-04-FRCNN,873,49,53.0,168.0,48.0,153.0
MOT17-04-FRCNN,874,49,53.0,168.0,48.0,153.0
MOT17-04-FRCNN,875,49,53.0,168.0,48.0,153.0
MOT17-04-FRCNN,876,49,53.0,168.0,48.0,152.0
MOT17-04-FRCNN,877,49,53.0,168.0,48.0,152.0
MOT17-04-FRCNN,878,49,53.0,168.0,48.0,151.0
MOT17-04-FRCNN,879,49,54.0,169.0,48.0,151.0
MOT17-04-FRCNN,880,49,54.0,170.0,48.0,150.0
MOT17-04-FRCNN,881,49,54.0,170.0,48.0,150.0
MOT17-04-FRCNN,882,49,54.0,170.0,48.0,150.0
MOT17-04-FRCNN,883,49,54.0,170.0,48.0,151.0
MOT17-04-FRCNN,884,49,54.0,170.0,49.0,152.0
MOT17-04-FRCNN,885,49,54.0,170.0,49.0,151.0
MOT17-04-FRCNN,886,49,54.0,170.0,49.0,151.0
MOT17-04-FRCNN,887,49,54.0,170.0,49.0,151.0
MOT17-04-FRCNN,888,49,54.0,170.0,49.0,150.0
MOT17-04-FRCNN,889,49,54.0,170.0,49.0,150.0
MOT17-04-FRCNN,890,49,53.0,170.0,49.0,150.0
MOT17-04-FRCNN,891,48,53.5,170.0,49.0,153.0
MOT17-04-FRCNN,892,48,53.5,170.0,49.0,153.0
MOT17-04-FRCNN,893,48,53.0,170.0,49.0,153.0
MOT17-04-FRCNN,894,48,53.0,170.0,49.0,153.0
MOT17-04-FRCNN,895,48,53.0,170.0,49.0,153.0
MOT17-04-FRCNN,896,48,52.5,170.0,49.0,152.25
MOT17-04-FRCNN,897,48,53.5,170.0,49.0,152.25
MOT17-04-FRCNN,898,48,53.5,170.0,49.0,151.5
MOT17-04-FRCNN,899,48,54.0,170.0,49.0,150.75
MOT17-04-FRCNN,900,49,54.0,170.0,49.0,150.0
MOT17-04-FRCNN,901,49,54.0,170.0,49.0,150.0
MOT17-04-FRCNN,902,49,54.0,170.0,50.0,150.0
MOT17-04-FRCNN,903,49,54.0,170.0,50.0,150.0
MOT17-04-FRCNN,904,49,55.0,170.0,50.0,150.0
MOT17-04-FRCNN,905,49,55.0,170.0,50.0,150.0
MOT17-04-FRCNN,906,49,55.0,170.0,49.0,150.0
MOT17-04-FRCNN,907,49,55.0,170.0,50.0,150.0
MOT17-04-FRCNN,908,49,55.0,170.0,50.0,150.0
MOT17-04-FRCNN,909,49,55.0,170.0,50.0,150.0
MOT17-04-FRCNN,910,49,55.0,170.0,50.0,150.0
MOT17-04-FRCNN,911,49,55.0,170.0,50.0,150.0
MOT17-04-FRCNN,912,49,55.0,170.0,50.0,150.0
MOT17-04-FRCNN,913,49,55.0,170.0,50.0,150.0
MOT17-04-FRCNN,914,49,55.0,170.0,50.0,150.0
MOT17-04-FRCNN,915,49,55.0,170.0,50.0,150.0
MOT17-04-FRCNN,916,49,56.0,170.0,50.0,150.0
MOT17-04-FRCNN,917,49,56.0,170.0,50.0,150.0
MOT17-04-FRCNN,918,49,56.0,170.0,50.0,150.0
MOT17-04-FRCNN,919,49,56.0,170.0,50.0,150.0
MOT17-04-FRCNN,920,49,56.0,170.0,50.0,150.0
MOT17-04-FRCNN,921,49,56.0,170.0,50.0,150.0
MOT17-04-FRCNN,922,49,56.0,170.0,50.0,150.0
MOT17-04-FRCNN,923,49,57.0,170.0,50.0,150.0
MOT17-04-FRCNN,924,49,56.0,170.0,50.0,150.0
MOT17-04-FRCNN,925,49,56.0,170.0,50.0,150.0
MOT17-04-FRCNN,926,49,56.0,170.0,50.0,150.0
MOT17-04-FRCNN,927,49,57.0,170.0,50.0,150.0
MOT17-04-FRCNN,928,49,57.0,170.0,50.0,150.0
MOT17-04-FRCNN,929,49,58.0,170.0,50.0,150.0
MOT17-04-FRCNN,930,49,58.0,170.0,50.0,150.0
MOT17-04-FRCNN,931,49,58.0,170.0,50.0,150.0
MOT17-04-FRCNN,932,49,57.0,170.0,50.0,151.0
MOT17-04-FRCNN,933,49,57.0,170.0,50.0,153.0
MOT17-04-FRCNN,934,49,58.0,170.0,50.0,153.0
MOT17-04-FRCNN,935,49,58.0,170.0,50.0,155.0
MOT17-04-FRCNN,936,49,58.0,170.0,50.0,156.0
MOT17-04-FRCNN,937,49,58.0,170.0,50.0,156.0
MOT17-04-FRCNN,938,49,58.0,170.0,50.0,157.0
MOT17-04-FRCNN,939,49,59.0,170.0,50.0,157.0
MOT17-04-FRCNN,940,49,59.0,170.0,50.0,157.0
MOT17-04-FRCNN,941,49,59.0,170.0,50.0,157.0
MOT17-04-FRCNN,942,49,59.0,170.0,50.0,156.0
MOT17-04-FRCNN,943,49,58.0,170.0,50.0,156.0
MOT17-04-FRCNN,944,49,58.0,170.0,50.0,156.0
MOT17-04-FRCNN,945,49,58.0,170.0,50.0,156.0
MOT17-04-FRCNN,946,49,57.0,170.0,50.0,156.0
MOT17-04-FRCNN,947,49,56.0,170.0,50.0,156.0
MOT17-04-FRCNN,948,49,56.0,170.0,51.0,156.0
MOT17-04-FRCNN,949,49,56.0,170.0,50.0,156.0
MOT17-04-FRCNN,950,49,56.0,170.0,51.0,156.0
MOT17-04-FRCNN,951,49,56.0,170.0,51.0,156.0
MOT17-04-FRCNN,952,49,56.0,170.0,51.0,156.0
MOT17-04-FRCNN,953,49,56.0,170.0,51.0,156.0
MOT17-04-FRCNN,954,49,56.0,170.0,51.0,156.0
MOT17-04-FRCNN,955,49,56.0,170.0,51.0,157.0
MOT17-04-FRCNN,956,49,56.0,170.0,51.0,157.0
MOT17-04-FRCNN,957,49,55.0,170.0,52.0,157.0
MOT17-04-FRCNN,958,49,55.0,170.0,52.0,158.0
MOT17-04-FRCNN,959,49,55.0,170.0,52.0,158.0
MOT17-04-FRCNN,960,49,55.0,170.0,52.0,158.0
MOT17-04-FRCNN,961,49,56.0,170.0,51.0,158.0
MOT17-04-FRCNN,962,49,55.0,170.0,50.0,158.0
MOT17-04-FRCNN,963,49,55.0,170.0,51.0,158.0
MOT17-04-FRCNN,964,49,55.0,170.0,51.0,158.0
MOT17-04-FRCNN,965,49,55.0,170.0,50.0,158.0
MOT17-04-FRCNN,966,49,56.0,170.0,50.0,158.0
MOT17-04-FRCNN,967,49,56.0,170.0,50.0,158.0
MOT17-04-FRCNN,968,49,57.0,170.0,50.0,158.0
MOT17-04-FRCNN,969,49,58.0,170.0,50.0,158.0
MOT17-04-FRCNN,970,49,58.0,170.0,50.0,158.0
MOT17-04-FRCNN,971,49,57.0,170.0,50.0,158.0
MOT17-04-FRCNN,972,49,57.0,170.0,50.0,157.0
MOT17-04-FRCNN,973,49,56.0,170.0,50.0,158.0
MOT17-04-FRCNN,974,49,56.0,170.0,50.0,157.0
MOT17-04-FRCNN,975,49,56.0,170.0,50.0,158.0
MOT17-04-FRCNN,976,49,56.0,170.0,50.0,157.0
MOT17-04-FRCNN,977,49,57.0,170.0,50.0,157.0
MOT17-04-FRCNN,978,49,56.0,170.0,50.0,157.0
MOT17-04-FRCNN,979,49,55.0,170.0,50.0,158.0
MOT17-04-FRCNN,980,49,55.0,170.0,50.0,158.0
MOT17-04-FRCNN,981,49,55.0,170.0,50.0,159.0
MOT17-04-FRCNN,982,49,54.0,169.0,51.0,159.0
MOT17-04-FRCNN,983,50,54.0,168.5,50.25,156.0
MOT17-04-FRCNN,984,50,54.5,168.5,50.25,156.0
MOT17-04-FRCNN,985,50,54.5,168.5,50.0,156.0
MOT17-04-FRCNN,986,50,54.5,168.5,50.0,156.0
MOT17-04-FRCNN,987,50,55.5,168.5,50.0,155.25
MOT17-04-FRCNN,988,50,55.0,168.5,50.0,155.25
MOT17-04-FRCNN,989,50,56.0,168.5,50.0,155.25
MOT17-04-FRCNN,990,49,56.0,169.0,50.0,159.0
MOT17-04-FRCNN,991,49,56.0,169.0,50.0,159.0
MOT17-04-FRCNN,992,49,57.0,169.0,50.0,159.0
MOT17-04-FRCNN,993,49,57.0,169.0,50.0,159.0
MOT17-04-FRCNN,994,49,57.0,169.0,50.0,159.0
MOT17-04-FRCNN,995,49,56.0,169.0,50.0,159.0
MOT17-04-FRCNN,996,49,57.0,169.0,50.0,159.0
MOT17-04-FRCNN,997,49,57.0,169.0,50.0,159.0
MOT17-04-FRCNN,998,49,58.0,170.0,50.0,159.0
MOT17-04-FRCNN,999,49,58.0,170.0,50.0,159.0
MOT17-04-FRCNN,1000,49,58.0,170.0,50.0,159.0
MOT17-04-FRCNN,1001,49,59.0,170.0,50.0,159.0
MOT17-04-FRCNN,1002,49,59.0,170.0,50.0,159.0
MOT17-04-FRCNN,1003,49,59.0,170.0,50.0,159.0
MOT17-04-FRCNN,1004,49,58.0,170.0,50.0,159.0
MOT17-04-FRCNN,1005,49,58.0,170.0,50.0,159.0
MOT17-04-FRCNN,1006,49,58.0,170.0,50.0,159.0
MOT17-04-FRCNN,1007,50,57.5,169.5,50.25,159.0
MOT17-04-FRCNN,1008,50,57.5,169.5,50.25,159.0
MOT17-04-FRCNN,1009,50,57.5,169.5,50.25,159.0
MOT17-04-FRCNN,1010,50,57.0,169.5,50.25,159.0
MOT17-04-FRCNN,1011,50,57.0,169.5,50.25,158.25
MOT17-04-FRCNN,1012,50,58.0,169.5,50.25,159.0
MOT17-04-FRCNN,1013,50,57.5,169.5,50.25,159.0
MOT17-04-FRCNN,1014,50,58.0,169.5,50.25,159.0
MOT17-04-FRCNN,1015,50,57.5,169.0,50.25,159.0
MOT17-04-FRCNN,1016,50,58.5,169.5,51.0,159.0
MOT17-04-FRCNN,1017,50,59.0,169.0,51.0,159.0
MOT17-04-FRCNN,1018,50,59.0,169.0,51.25,159.0
MOT17-04-FRCNN,1019,50,59.0,169.0,51.0,159.0
MOT17-04-FRCNN,1020,51,59.0,168.0,51.0,157.5
MOT17-04-FRCNN,1021,52,57.5,168.5,50.75,155.5
MOT17-04-FRCNN,1022,52,57.5,168.0,50.75,155.5
MOT17-04-FRCNN,1023,52,58.0,168.0,50.75,155.5
MOT17-04-FRCNN,1024,52,58.5,168.0,50.75,155.75
MOT17-04-FRCNN,1025,52,59.0,168.0,50.75,155.75
MOT17-04-FRCNN,1026,52,59.0,168.0,51.0,156.0
MOT17-04-FRCNN,1027,52,59.0,168.0,50.75,156.5
MOT17-04-FRCNN,1028,52,59.0,168.0,50.75,156.5
MOT17-04-FRCNN,1029,52,59.0,168.0,50.75,157.25
MOT17-04-FRCNN,1030,52,59.0,168.0,50.75,157.25
MOT17-04-FRCNN,1031,52,59.0,167.5,50.75,157.25
MOT17-04-FRCNN,1032,52,59.0,167.5,51.0,157.25
MOT17-04-FRCNN,1033,52,59.0,167.5,51.0,158.0
MOT17-04-FRCNN,1034,52,60.0,167.5,51.75,157.5
MOT17-04-FRCNN,1035,52,59.5,167.5,51.75,157.5
MOT17-04-FRCNN,1036,52,59.5,167.5,51.75,157.75
MOT17-04-FRCNN,1037,52,59.5,167.5,51.75,158.75
MOT17-04-FRCNN,1038,52,60.0,167.5,51.75,158.75
MOT17-04-FRCNN,1039,52,60.0,168.0,51.75,158.75
MOT17-04-FRCNN,1040,52,60.5,168.0,51.75,159.0
MOT17-04-FRCNN,1041,52,60.5,168.0,51.0,159.0
MOT17-04-FRCNN,1042,52,60.5,168.0,51.0,159.0
MOT17-04-FRCNN,1043,52,60.0,168.5,51.75,159.0
MOT17-04-FRCNN,1044,52,60.0,168.5,51.75,160.0
MOT17-04-FRCNN,1045,52,59.5,169.0,51.0,160.0
MOT17-04-FRCNN,1046,52,59.0,169.0,51.75,160.0
MOT17-04-FRCNN,1047,52,58.0,169.0,51.0,160.75
MOT17-04-FRCNN,1048,52,57.5,168.5,51.0,159.75
MOT17-04-FRCNN,1049,52,57.5,168.5,50.75,160.0
MOT17-04-FRCNN,1050,52,57.5,168.0,50.0,160.75
MOT17-05-FRCNN,1,6,47.0,121.0,20.5,51.75
MOT17-05-FRCNN,2,6,47.0,123.0,20.5,49.5
MOT17-05-FRCNN,3,7,25.0,76.0,20.5,55.5
MOT17-05-FRCNN,4,8,26.5,73.5,21.25,61.0
MOT17-05-FRCNN,5,9,23.0,70.0,20.0,63.0
MOT17-05-FRCNN,6,9,24.0,70.0,20.0,64.0
MOT17-05-FRCNN,7,9,24.0,70.0,21.0,65.0
MOT17-05-FRCNN,8,9,24.0,69.0,21.0,65.0
MOT17-05-FRCNN,9,9,24.0,69.0,22.0,66.0
MOT17-05-FRCNN,10,10,24.0,70.0,23.25,65.5
MOT17-05-FRCNN,11,10,24.5,70.0,24.0,65.5
MOT17-05-FRCNN,12,10,24.5,71.0,23.0,65.0
MOT17-05-FRCNN,13,10,23.5,70.0,22.25,64.0
MOT17-05-FRCNN,14,10,24.5,71.0,22.25,65.75
MOT17-05-FRCNN,15,10,25.0,72.0,23.0,67.5
MOT17-05-FRCNN,16,9,26.0,73.0,23.0,69.0
MOT17-05-FRCNN,17,10,26.0,74.0,23.75,69.5
MOT17-05-FRCNN,18,10,26.0,74.5,24.5,70.5
MOT17-05-FRCNN,19,10,26.0,76.0,24.25,70.75
MOT17-05-FRCNN,20,10,25.5,76.5,25.0,71.75
MOT17-05-FRCNN,21,10,25.5,77.5,24.25,72.5
MOT17-05-FRCNN,22,10,26.0,79.0,24.25,72.75
MOT17-05-FRCNN,23,10,26.5,80.5,24.25,73.75
MOT17-05-FRCNN,24,10,26.5,78.0,24.25,74.5
MOT17-05-FRCNN,25,9,26.0,81.0,25.0,76.0
MOT17-05-FRCNN,26,9,26.0,79.0,25.0,75.0
MOT17-05-FRCNN,27,9,27.0,79.0,26.0,77.0
MOT17-05-FRCNN,28,9,27.0,78.0,26.0,77.0
MOT17-05-FRCNN,29,9,27.0,78.0,26.0,77.0
MOT17-05-FRCNN,30,9,27.0,78.0,26.0,77.0
MOT17-05-FRCNN,31,9,27.0,79.0,26.0,78.0
MOT17-05-FRCNN,32,9,26.0,79.0,26.0,77.0
MOT17-05-FRCNN,33,9,26.0,80.0,25.0,77.0
MOT17-05-FRCNN,34,9,26.0,82.0,26.0,79.0
MOT17-05-FRCNN,35,9,27.0,83.0,27.0,80.0
MOT17-05-FRCNN,36,9,27.0,85.0,26.0,82.0
MOT17-05-FRCNN,37,9,27.0,86.0,26.0,83.0
MOT17-05-FRCNN,38,9,26.0,87.0,25.0,80.0
MOT17-05-FRCNN,39,9,28.0,88.0,24.0,83.0
MOT17-05-FRCNN,40,9,28.0,89.0,23.0,80.0
MOT17-05-FRCNN,41,7,30.0,90.0,26.0,83.5
MOT17-05-FRCNN,42,7,30.0,90.0,27.5,85.0
MOT17-05-FRCNN,43,7,31.0,90.0,28.0,84.5
MOT17-05-FRCNN,44,7,37.0,90.0,29.5,83.5
MOT17-05-FRCNN,45,6,77.0,225.0,32.0,87.0
MOT17-05-FRCNN,46,6,79.0,226.5,32.75,85.25
MOT17-05-FRCNN,47,6,78.5,228.0,31.75,84.5
MOT17-05-FRCNN,48,6,80.5,230.0,32.5,82.25
MOT17-05-FRCNN,49,6,81.0,231.5,32.0,80.0
MOT17-05-FRCNN,50,6,82.0,234.5,32.5,81.75
MOT17-05-FRCNN,51,6,81.5,236.5,33.25,81.75
MOT17-05-FRCNN,52,6,81.0,239.5,33.0,82.0
MOT17-05-FRCNN,53,6,81.0,241.5,33.25,82.0
MOT17-05-FRCNN,54,6,83.0,243.5,34.25,82.25
MOT17-05-FRCNN,55,6,84.5,245.5,34.25,82.25
MOT17-05-FRCNN,56,5,137.0,402.0,34.0,93.0
MOT17-05-FRCNN,57,5,140.0,405.0,35.0,94.0
MOT17-05-FRCNN,58,5,140.0,409.0,35.0,94.0
MOT17-05-FRCNN,59,5,141.0,412.0,35.0,95.0
MOT17-05-FRCNN,60,5,141.0,416.0,35.0,95.0
MOT17-05-FRCNN,61,5,141.0,419.0,36.0,96.0
MOT17-05-FRCNN,62,5,140.0,417.0,36.0,96.0
MOT17-05-FRCNN,63,5,139.0,415.0,36.0,97.0
MOT17-05-FRCNN,64,5,138.0,413.0,37.0,97.0
MOT17-05-FRCNN,65,5,137.0,411.0,37.0,98.0
MOT17-05-FRCNN,66,6,87.5,256.0,28.0,63.5
MOT17-05-FRCNN,67,6,88.0,257.5,28.0,64.25
MOT17-05-FRCNN,68,6,88.5,258.0,28.0,64.75
MOT17-05-FRCNN,69,8,32.5,93.5,25.75,72.0
MOT17-05-FRCNN,70,8,32.0,92.5,25.0,72.25
MOT17-05-FRCNN,71,8,32.0,92.0,26.0,73.0
MOT17-05-FRCNN,72,8,31.5,91.5,26.0,73.75
MOT17-05-FRCNN,73,8,31.5,90.5,25.75,74.25
MOT17-05-FRCNN,74,8,31.5,90.5,25.75,74.25
MOT17-05-FRCNN,75,8,31.5,91.0,26.0,74.25
MOT17-05-FRCNN,76,8,31.0,90.5,26.0,73.5
MOT17-05-FRCNN,77,8,31.0,90.5,25.75,74.0
MOT17-05-FRCNN,78,8,31.0,91.0,25.5,71.0
MOT17-05-FRCNN,79,8,31.5,91.5,26.25,68.0
MOT17-05-FRCNN,80,8,31.0,92.0,26.0,65.25
MOT17-05-FRCNN,81,8,31.5,92.5,26.0,62.25
MOT17-05-FRCNN,82,8,31.5,92.5,26.0,64.0
MOT17-05-FRCNN,83,8,31.5,92.5,26.0,65.75
MOT17-05-FRCNN,84,8,31.5,92.5,26.0,66.5
MOT17-05-FRCNN,85,8,32.0,92.5,26.0,68.0
MOT17-05-FRCNN,86,9,29.0,88.0,23.0,63.0
MOT17-05-FRCNN,87,9,29.0,88.0,24.0,63.0
MOT17-05-FRCNN,88,9,29.0,88.0,24.0,63.0
MOT17-05-FRCNN,89,9,29.0,88.0,24.0,63.0
MOT17-05-FRCNN,90,8,31.0,93.0,23.75,71.5
MOT17-05-FRCNN,91,8,31.0,93.0,24.5,73.0
MOT17-05-FRCNN,92,8,31.0,93.0,24.5,73.75
MOT17-05-FRCNN,93,10,27.5,90.5,23.5,68.25
MOT17-05-FRCNN,94,10,27.0,90.0,23.25,68.0
MOT17-05-FRCNN,95,10,26.5,90.5,23.25,67.25
MOT17-05-FRCNN,96,10,25.5,90.0,23.0,66.25
MOT17-05-FRCNN,97,9,26.0,90.0,23.0,81.0
MOT17-05-FRCNN,98,9,25.0,90.0,23.0,83.0
MOT17-05-FRCNN,99,9,26.0,90.0,23.0,84.0
MOT17-05-FRCNN,100,9,27.0,90.0,23.0,86.0
MOT17-05-FRCNN,101,9,28.0,90.0,23.0,87.0
MOT17-05-FRCNN,102,9,28.0,90.0,24.0,87.0
MOT17-05-FRCNN,103,9,27.0,90.0,24.0,88.0
MOT17-05-FRCNN,104,9,27.0,90.0,23.0,88.0
MOT17-05-FRCNN,105,9,29.0,91.0,23.0,88.0
MOT17-05-FRCNN,106,9,29.0,91.0,23.0,88.0
MOT17-05-FRCNN,107,9,29.0,91.0,24.0,88.0
MOT17-05-FRCNN,108,9,29.0,91.0,24.0,88.0
MOT17-05-FRCNN,109,9,29.0,91.0,24.0,88.0
MOT17-05-FRCNN,110,9,29.0,91.0,24.0,88.0
MOT17-05-FRCNN,111,9,29.0,91.0,24.0,88.0
MOT17-05-FRCNN,112,9,29.0,91.0,24.0,88.0
MOT17-05-FRCNN,113,9,29.0,91.0,23.0,88.0
MOT17-05-FRCNN,114,9,29.0,91.0,23.0,88.0
MOT17-05-FRCNN,115,9,29.0,91.0,24.0,88.0
MOT17-05-FRCNN,116,9,29.0,91.0,23.0,88.0
MOT17-05-FRCNN,117,9,29.0,91.0,23.0,88.0
MOT17-05-FRCNN,118,9,29.0,91.0,24.0,88.0
MOT17-05-FRCNN,119,9,29.0,91.0,24.0,88.0
MOT17-05-FRCNN,120,9,29.0,91.0,23.0,87.0
MOT17-05-FRCNN,121,9,29.0,91.0,24.0,87.0
MOT17-05-FRCNN,122,9,29.0,91.0,24.0,87.0
MOT17-05-FRCNN,123,9,29.0,91.0,23.0,87.0
MOT17-05-FRCNN,124,9,29.0,91.0,24.0,87.0
MOT17-05-FRCNN,125,9,29.0,91.0,24.0,87.0
MOT17-05-FRCNN,126,9,29.0,91.0,24.0,87.0
MOT17-05-FRCNN,127,9,29.0,91.0,24.0,87.0
MOT17-05-FRCNN,128,9,29.0,91.0,24.0,87.0
MOT17-05-FRCNN,129,10,28.0,90.5,24.0,68.25
MOT17-05-FRCNN,130,10,28.0,90.5,24.0,68.25
MOT17-05-FRCNN,131,10,28.0,91.0,23.25,68.25
MOT17-05-FRCNN,132,10,28.0,91.0,23.25,68.25
MOT17-05-FRCNN,133,10,28.0,91.0,23.25,68.25
MOT17-05-FRCNN,134,10,28.0,91.0,23.25,68.25
MOT17-05-FRCNN,135,10,28.0,91.0,23.25,68.25
MOT17-05-FRCNN,136,10,28.0,91.0,23.25,68.25
MOT17-05-FRCNN,137,10,28.0,91.0,23.25,68.25
MOT17-05-FRCNN,138,10,28.5,91.0,24.25,68.25
MOT17-05-FRCNN,139,10,28.5,91.0,24.5,68.5
MOT17-05-FRCNN,140,10,28.5,91.0,24.75,68.5
MOT17-05-FRCNN,141,9,29.0,91.0,24.0,62.0
MOT17-05-FRCNN,142,9,29.0,91.0,24.0,62.0
MOT17-05-FRCNN,143,9,29.0,91.0,24.0,62.0
MOT17-05-FRCNN,144,9,29.0,91.0,24.0,62.0
MOT17-05-FRCNN,145,9,29.0,91.0,24.0,60.0
MOT17-05-FRCNN,146,9,29.0,91.0,24.0,61.0
MOT17-05-FRCNN,147,9,29.0,91.0,24.0,62.0
MOT17-05-FRCNN,148,9,29.0,91.0,24.0,63.0
MOT17-05-FRCNN,149,9,29.0,91.0,23.0,64.0
MOT17-05-FRCNN,150,9,29.0,91.0,23.0,64.0
MOT17-05-FRCNN,151,9,29.0,91.0,24.0,65.0
MOT17-05-FRCNN,152,9,29.0,91.0,24.0,66.0
MOT17-05-FRCNN,153,9,29.0,91.0,24.0,67.0
MOT17-05-FRCNN,154,9,29.0,91.0,24.0,65.0
MOT17-05-FRCNN,155,9,29.0,91.0,25.0,64.0
MOT17-05-FRCNN,156,9,29.0,91.0,25.0,62.0
MOT17-05-FRCNN,157,9,29.0,91.0,25.0,60.0
MOT17-05-FRCNN,158,9,29.0,91.0,23.0,60.0
MOT17-05-FRCNN,159,9,29.0,91.0,21.0,60.0
MOT17-05-FRCNN,160,9,29.0,91.0,21.0,61.0
MOT17-05-FRCNN,161,8,30.5,93.0,20.5,59.25
MOT17-05-FRCNN,162,8,30.5,93.0,20.5,59.25
MOT17-05-FRCNN,163,8,31.0,93.0,21.5,61.5
MOT17-05-FRCNN,164,8,31.0,93.0,22.0,64.0
MOT17-05-FRCNN,165,8,31.0,93.0,23.5,66.25
MOT17-05-FRCNN,166,8,31.0,93.0,24.25,65.5
MOT17-05-FRCNN,167,8,31.0,93.0,25.0,64.75
MOT17-05-FRCNN,168,8,30.5,93.0,25.75,64.0
MOT17-05-FRCNN,169,8,31.0,93.0,25.75,63.25
MOT17-05-FRCNN,170,8,31.0,93.0,25.75,63.25
MOT17-05-FRCNN,171,8,31.0,93.0,26.0,63.5
MOT17-05-FRCNN,172,8,30.5,93.0,26.0,63.5
MOT17-05-FRCNN,173,8,30.5,93.0,26.0,63.5
MOT17-05-FRCNN,174,8,30.5,93.0,26.0,63.75
MOT17-05-FRCNN,175,8,31.0,93.0,26.0,63.75
MOT17-05-FRCNN,176,8,31.0,92.5,25.25,63.0
MOT17-05-FRCNN,177,8,31.0,92.5,25.25,63.0
MOT17-05-FRCNN,178,8,31.0,92.5,25.25,63.0
MOT17-05-FRCNN,179,8,31.0,92.5,25.25,63.0
MOT17-05-FRCNN,180,8,30.5,92.5,24.5,63.0
MOT17-05-FRCNN,181,8,30.5,92.5,24.5,63.0
MOT17-05-FRCNN,182,8,30.5,92.5,24.5,63.75
MOT17-05-FRCNN,183,8,30.5,92.5,24.5,64.5
MOT17-05-FRCNN,184,8,30.0,92.5,23.75,64.75
MOT17-05-FRCNN,185,9,29.0,91.0,24.0,69.0
MOT17-05-FRCNN,186,9,29.0,91.0,24.0,69.0
MOT17-05-FRCNN,187,9,29.0,91.0,24.0,70.0
MOT17-05-FRCNN,188,9,29.0,91.0,24.0,70.0
MOT17-05-FRCNN,189,9,29.0,91.0,24.0,70.0
MOT17-05-FRCNN,190,9,29.0,91.0,24.0,71.0
MOT17-05-FRCNN,191,9,29.0,91.0,25.0,73.0
MOT17-05-FRCNN,192,9,29.0,91.0,25.0,74.0
MOT17-05-FRCNN,193,9,29.0,91.0,25.0,75.0
MOT17-05-FRCNN,194,9,29.0,91.0,26.0,76.0
MOT17-05-FRCNN,195,9,29.0,91.0,27.0,76.0
MOT17-05-FRCNN,196,9,29.0,91.0,28.0,77.0
MOT17-05-FRCNN,197,9,29.0,91.0,27.0,77.0
MOT17-05-FRCNN,198,9,28.0,91.0,28.0,78.0
MOT17-05-FRCNN,199,9,28.0,91.0,28.0,80.0
MOT17-05-FRCNN,200,9,28.0,91.0,27.0,81.0
MOT17-05-FRCNN,201,9,28.0,91.0,26.0,82.0
MOT17-05-FRCNN,202,9,28.0,91.0,26.0,83.0
MOT17-05-FRCNN,203,9,29.0,91.0,25.0,83.0
MOT17-05-FRCNN,204,9,29.0,91.0,25.0,84.0
MOT17-05-FRCNN,205,7,34.0,98.0,23.5,71.5
MOT17-05-FRCNN,206,7,34.0,98.0,24.5,71.5
MOT17-05-FRCNN,207,6,90.0,249.5,28.0,86.75
MOT17-05-FRCNN,208,6,88.0,246.5,28.75,86.5
MOT17-05-FRCNN,209,6,86.5,244.0,30.25,85.75
MOT17-05-FRCNN,210,6,86.5,241.0,29.5,86.5
MOT17-05-FRCNN,211,6,87.0,238.5,28.0,88.0
MOT17-05-FRCNN,212,6,87.0,235.5,27.25,88.75
MOT17-05-FRCNN,213,6,87.0,232.5,27.25,89.5
MOT17-05-FRCNN,214,6,85.0,229.5,27.25,90.25
MOT17-05-FRCNN,215,6,83.0,226.5,27.25,90.25
MOT17-05-FRCNN,216,6,81.0,223.5,28.0,91.0
MOT17-05-FRCNN,217,6,79.0,220.5,28.75,91.0
MOT17-05-FRCNN,218,6,78.0,215.5,30.25,90.25
MOT17-05-FRCNN,219,6,78.0,211.0,32.0,90.25
MOT17-05-FRCNN,220,6,77.0,206.0,32.75,89.5
MOT17-05-FRCNN,221,6,76.0,201.0,34.25,88.75
MOT17-05-FRCNN,222,6,72.5,197.0,33.5,88.75
MOT17-05-FRCNN,223,6,69.0,193.0,32.75,89.5
MOT17-05-FRCNN,224,6,64.5,188.5,31.75,89.5
MOT17-05-FRCNN,225,7,34.0,103.0,32.0,92.0
MOT17-05-FRCNN,226,7,34.0,102.0,31.5,93.0
MOT17-05-FRCNN,227,7,35.0,101.0,31.0,93.5
MOT17-05-FRCNN,228,7,35.0,100.0,30.5,94.5
MOT17-05-FRCNN,229,8,34.5,109.5,31.5,96.0
MOT17-05-FRCNN,230,8,33.5,113.0,31.25,97.0
MOT17-05-FRCNN,231,8,33.0,116.5,31.75,97.5
MOT17-05-FRCNN,232,8,32.5,121.0,31.75,97.0
MOT17-05-FRCNN,233,8,33.5,125.5,31.0,97.5
MOT17-05-FRCNN,234,9,46.0,143.0,34.0,101.0
MOT17-05-FRCNN,235,9,40.0,136.0,34.0,103.0
MOT17-05-FRCNN,236,9,50.0,135.0,37.0,105.0
MOT17-05-FRCNN,237,10,47.5,120.5,34.5,95.75
MOT17-05-FRCNN,238,10,50.0,126.0,34.75,102.5
MOT17-05-FRCNN,239,10,52.0,132.0,36.0,107.75
MOT17-05-FRCNN,240,8,64.5,182.5,39.25,110.25
MOT17-05-FRCNN,241,6,66.0,185.5,51.25,138.0
MOT17-05-FRCNN,242,9,68.0,177.0,48.0,111.0
MOT17-05-FRCNN,243,9,69.0,183.0,49.0,109.0
MOT17-05-FRCNN,244,9,69.0,189.0,50.0,111.0
MOT17-05-FRCNN,245,10,60.5,165.0,38.25,98.0
MOT17-05-FRCNN,246,10,59.5,166.0,38.75,99.5
MOT17-05-FRCNN,247,9,66.0,193.0,36.0,113.0
MOT17-05-FRCNN,248,9,64.0,192.0,36.0,113.0
MOT17-05-FRCNN,249,9,54.0,142.0,35.0,90.0
MOT17-05-FRCNN,250,11,56.0,144.0,37.5,96.5
MOT17-05-FRCNN,251,11,56.0,146.0,39.5,95.5
MOT17-05-FRCNN,252,11,57.0,148.0,40.5,98.0
MOT17-05-FRCNN,253,13,56.0,150.0,38.0,101.0
MOT17-05-FRCNN,254,13,58.0,155.0,39.0,103.0
MOT17-05-FRCNN,255,11,64.0,160.0,50.0,140.0
MOT17-05-FRCNN,256,11,63.0,165.0,52.0,140.5
MOT17-05-FRCNN,257,12,60.0,161.0,50.5,144.5
MOT17-05-FRCNN,258,11,70.0,175.0,56.5,154.5
MOT17-05-FRCNN,259,10,81.5,177.5,61.25,160.0
MOT17-05-FRCNN,260,10,89.0,180.0,63.75,166.0
MOT17-05-FRCNN,261,9,105.0,192.0,65.0,171.0
MOT17-05-FRCNN,262,8,97.0,218.0,65.0,169.75
MOT17-05-FRCNN,263,8,101.0,225.5,66.25,171.25
MOT17-05-FRCNN,264,8,97.0,232.5,67.0,173.25
MOT17-05-FRCNN,265,8,88.5,241.0,69.0,175.25
MOT17-05-FRCNN,266,8,82.5,246.0,69.5,181.0
MOT17-05-FRCNN,267,8,100.0,251.5,70.75,185.5
MOT17-05-FRCNN,268,8,101.0,258.5,69.25,190.75
MOT17-05-FRCNN,269,10,74.5,211.0,56.5,162.5
MOT17-05-FRCNN,270,11,75.0,209.0,52.0,149.0
MOT17-05-FRCNN,271,11,77.0,214.0,53.5,149.5
MOT17-05-FRCNN,272,11,82.0,216.0,54.0,152.0
MOT17-05-FRCNN,273,11,86.0,217.0,55.0,151.0
MOT17-05-FRCNN,274,10,73.5,211.5,46.5,135.5
MOT17-05-FRCNN,275,10,74.5,214.0,47.5,134.25
MOT17-05-FRCNN,276,10,75.0,215.0,46.25,137.25
MOT17-05-FRCNN,277,10,76.5,212.5,58.25,164.75
MOT17-05-FRCNN,278,10,79.5,222.5,59.0,161.0
MOT17-05-FRCNN,279,10,84.5,232.0,66.0,163.25
MOT17-05-FRCNN,280,10,91.0,238.5,60.0,160.5
MOT17-05-FRCNN,281,10,95.5,251.5,61.75,160.5
MOT17-05-FRCNN,282,10,95.5,262.5,59.75,166.0
MOT17-05-FRCNN,283,10,96.5,274.5,56.75,166.75
MOT17-05-FRCNN,284,10,100.5,281.5,56.75,168.25
MOT17-05-FRCNN,285,9,92.0,282.0,52.0,163.0
MOT17-05-FRCNN,286,9,93.0,291.0,56.0,165.0
MOT17-05-FRCNN,287,9,96.0,293.0,60.0,166.0
MOT17-05-FRCNN,288,9,95.0,306.0,60.0,168.0
MOT17-05-FRCNN,289,8,79.0,252.5,54.5,168.75
MOT17-05-FRCNN,290,8,88.0,257.5,55.75,163.5
MOT17-05-FRCNN,291,8,93.5,264.5,58.25,166.25
MOT17-05-FRCNN,292,8,99.0,277.0,60.0,168.5
MOT17-05-FRCNN,293,9,95.0,185.0,49.0,134.0
MOT17-05-FRCNN,294,9,96.0,195.0,51.0,135.0
MOT17-05-FRCNN,295,9,99.0,206.0,52.0,138.0
MOT17-05-FRCNN,296,9,101.0,216.0,54.0,140.0
MOT17-05-FRCNN,297,10,76.0,198.5,49.0,136.0
MOT17-05-FRCNN,298,10,85.5,199.5,51.25,137.5
MOT17-05-FRCNN,299,10,83.5,197.5,50.5,136.25
MOT17-05-FRCNN,300,11,77.0,171.0,53.0,137.0
MOT17-05-FRCNN,301,11,62.0,167.0,52.0,127.5
MOT17-05-FRCNN,302,11,59.0,168.0,48.5,127.0
MOT17-05-FRCNN,303,13,63.0,170.0,49.0,128.0
MOT17-05-FRCNN,304,14,64.5,170.0,50.0,127.5
MOT17-05-FRCNN,305,14,60.0,161.5,47.0,127.0
MOT17-05-FRCNN,306,13,59.0,157.0,50.0,128.0
MOT17-05-FRCNN,307,13,62.0,160.0,50.0,129.0
MOT17-05-FRCNN,308,13,65.0,163.0,48.0,131.0
MOT17-05-FRCNN,309,12,67.5,167.0,50.0,135.0
MOT17-05-FRCNN,310,11,62.0,168.0,51.0,136.0
MOT17-05-FRCNN,311,11,69.0,164.0,57.5,138.0
MOT17-05-FRCNN,312,11,64.0,171.0,57.5,142.5
MOT17-05-FRCNN,313,12,61.5,165.5,51.0,134.75
MOT17-05-FRCNN,314,11,65.0,163.0,51.0,130.5
MOT17-05-FRCNN,315,11,65.0,166.0,49.0,131.0
MOT17-05-FRCNN,316,11,67.0,170.0,53.5,132.5
MOT17-05-FRCNN,317,10,73.5,178.5,63.0,154.25
MOT17-05-FRCNN,318,10,74.0,179.0,68.0,159.5
MOT17-05-FRCNN,319,9,75.0,186.0,71.0,174.0
MOT17-05-FRCNN,320,9,75.0,187.0,66.0,175.0
MOT17-05-FRCNN,321,9,71.0,183.0,60.0,162.0
MOT17-05-FRCNN,322,9,76.0,181.0,64.0,167.0
MOT17-05-FRCNN,323,9,84.0,183.0,75.0,175.0
MOT17-05-FRCNN,324,10,84.5,183.0,66.0,153.5
MOT17-05-FRCNN,325,12,76.5,182.0,54.0,148.5
MOT17-05-FRCNN,326,12,77.5,182.5,56.25,152.5
MOT17-05-FRCNN,327,11,80.0,193.0,61.0,161.0
MOT17-05-FRCNN,328,11,83.0,194.0,59.5,164.5
MOT17-05-FRCNN,329,11,99.0,196.0,73.0,167.0
MOT17-05-FRCNN,330,11,95.0,195.0,67.0,169.5
MOT17-05-FRCNN,331,11,90.0,192.0,69.0,173.5
MOT17-05-FRCNN,332,11,85.0,189.0,63.5,176.5
MOT17-05-FRCNN,333,10,73.5,203.0,62.0,177.0
MOT17-05-FRCNN,334,10,79.0,203.5,62.0,178.5
MOT17-05-FRCNN,335,9,76.0,191.0,60.0,178.0
MOT17-05-FRCNN,336,9,81.0,194.0,60.0,179.0
MOT17-05-FRCNN,337,8,86.5,209.5,64.25,182.75
MOT17-05-FRCNN,338,9,82.0,202.0,60.0,179.0
MOT17-05-FRCNN,339,9,78.0,207.0,61.0,182.0
MOT17-05-FRCNN,340,8,71.0,217.0,65.75,181.75
MOT17-05-FRCNN,341,9,68.0,215.0,54.0,181.0
MOT17-05-FRCNN,342,8,70.0,201.0,57.25,159.0
MOT17-05-FRCNN,343,8,72.5,207.0,64.75,158.5
MOT17-05-FRCNN,344,8,79.0,210.0,67.0,158.0
MOT17-05-FRCNN,345,8,81.0,211.5,68.5,157.5
MOT17-05-FRCNN,346,8,84.5,211.5,70.0,156.0
MOT17-05-FRCNN,347,7,80.0,172.0,64.0,138.0
MOT17-05-FRCNN,348,7,80.0,174.0,54.0,138.0
MOT17-05-FRCNN,349,7,79.0,175.0,52.0,137.5
MOT17-05-FRCNN,350,6,70.0,168.5,52.0,124.5
MOT17-05-FRCNN,351,6,71.0,167.0,53.25,124.75
MOT17-05-FRCNN,352,6,71.5,165.0,55.25,124.0
MOT17-05-FRCNN,353,8,78.5,240.5,63.5,141.75
MOT17-05-FRCNN,354,8,77.0,244.0,65.0,144.75
MOT17-05-FRCNN,355,8,80.0,245.0,61.25,147.5
MOT17-05-FRCNN,356,8,83.0,245.0,56.75,150.5
MOT17-05-FRCNN,357,8,87.0,242.0,52.25,153.25
MOT17-05-FRCNN,358,7,77.0,175.0,55.0,144.0
MOT17-05-FRCNN,359,7,69.0,170.0,52.5,144.0
MOT17-05-FRCNN,360,7,76.0,171.0,50.5,145.5
MOT17-05-FRCNN,361,7,84.0,170.0,51.5,145.0
MOT17-05-FRCNN,362,7,77.0,165.0,55.5,148.5
MOT17-05-FRCNN,363,7,71.0,163.0,61.5,148.5
MOT17-05-FRCNN,364,7,66.0,167.0,63.5,151.0
MOT17-05-FRCNN,365,7,71.0,161.0,56.5,153.0
MOT17-05-FRCNN,366,7,79.0,167.0,63.5,151.5
MOT17-05-FRCNN,367,5,75.0,159.0,63.0,158.0
MOT17-05-FRCNN,368,5,85.0,159.0,63.0,155.0
MOT17-05-FRCNN,369,5,70.0,162.0,69.0,152.0
MOT17-05-FRCNN,370,6,95.5,226.5,64.25,154.0
MOT17-05-FRCNN,371,6,93.0,227.0,61.5,154.75
MOT17-05-FRCNN,372,6,89.5,225.0,58.75,155.75
MOT17-05-FRCNN,373,7,59.0,158.0,40.0,105.0
MOT17-05-FRCNN,374,7,66.0,157.0,40.0,105.5
MOT17-05-FRCNN,375,8,62.5,156.0,22.5,51.75
MOT17-05-FRCNN,376,10,45.0,123.0,27.25,64.5
MOT17-05-FRCNN,377,10,42.0,122.0,26.25,64.0
MOT17-05-FRCNN,378,11,50.0,156.0,27.5,70.0
MOT17-05-FRCNN,379,11,51.0,159.0,28.0,68.5
MOT17-05-FRCNN,380,11,51.0,155.0,27.0,68.0
MOT17-05-FRCNN,381,11,50.0,151.0,28.0,68.0
MOT17-05-FRCNN,382,10,41.5,119.0,27.0,63.0
MOT17-05-FRCNN,383,10,44.0,117.5,27.5,63.75
MOT17-05-FRCNN,384,9,30.0,88.0,27.0,61.0
MOT17-05-FRCNN,385,9,30.0,87.0,26.0,62.0
MOT17-05-FRCNN,386,9,36.0,89.0,26.0,62.0
MOT17-05-FRCNN,387,9,36.0,91.0,27.0,62.0
MOT17-05-FRCNN,388,9,28.0,86.0,27.0,62.0
MOT17-05-FRCNN,389,9,28.0,85.0,26.0,62.0
MOT17-05-FRCNN,390,9,29.0,87.0,26.0,60.0
MOT17-05-FRCNN,391,9,30.0,86.0,26.0,61.0
MOT17-05-FRCNN,392,9,30.0,87.0,25.0,63.0
MOT17-05-FRCNN,393,9,31.0,87.0,24.0,64.0
MOT17-05-FRCNN,394,9,33.0,87.0,24.0,64.0
MOT17-05-FRCNN,395,9,34.0,87.0,25.0,64.0
MOT17-05-FRCNN,396,9,36.0,87.0,25.0,64.0
MOT17-05-FRCNN,397,8,31.5,81.5,21.75,57.0
MOT17-05-FRCNN,398,8,30.0,80.0,22.25,57.5
MOT17-05-FRCNN,399,8,29.0,78.0,23.25,59.0
MOT17-05-FRCNN,400,7,28.0,81.0,27.0,70.0
MOT17-05-FRCNN,401,7,28.0,79.0,26.0,69.5
MOT17-05-FRCNN,402,6,29.5,75.5,26.25,68.75
MOT17-05-FRCNN,403,6,28.0,76.5,27.0,69.75
MOT17-05-FRCNN,404,6,27.5,76.5,26.25,69.0
MOT17-05-FRCNN,405,5,29.0,82.0,27.0,73.0
MOT17-05-FRCNN,406,4,44.0,113.5,29.5,80.0
MOT17-05-FRCNN,407,4,43.0,112.5,30.5,80.25
MOT17-05-FRCNN,408,4,41.0,111.0,30.5,79.5
MOT17-05-FRCNN,409,4,39.5,110.0,31.5,79.75
MOT17-05-FRCNN,410,4,39.0,110.0,30.25,79.5
MOT17-05-FRCNN,411,4,39.0,110.0,29.0,79.0
MOT17-05-FRCNN,412,4,38.0,109.5,27.0,78.75
MOT17-05-FRCNN,413,4,36.5,109.5,25.75,78.25
MOT17-05-FRCNN,414,5,47.0,139.0,28.0,80.0
MOT17-05-FRCNN,415,6,48.5,142.0,32.75,94.0
MOT17-05-FRCNN,416,6,49.0,141.0,33.75,93.5
MOT17-05-FRCNN,417,6,49.5,140.0,33.75,92.75
MOT17-05-FRCNN,418,6,49.5,139.0,34.5,92.5
MOT17-05-FRCNN,419,6,50.0,137.0,35.25,92.0
MOT17-05-FRCNN,420,6,50.0,136.0,35.25,91.75
MOT17-05-FRCNN,421,6,50.0,134.0,36.0,91.25
MOT17-05-FRCNN,422,6,50.0,133.5,33.75,90.25
MOT17-05-FRCNN,423,6,49.0,133.0,32.0,89.25
MOT17-05-FRCNN,424,6,49.0,131.5,32.75,91.0
MOT17-05-FRCNN,425,6,48.0,131.0,31.75,89.25
MOT17-05-FRCNN,426,6,47.0,130.5,28.5,85.5
MOT17-05-FRCNN,427,6,46.0,130.0,28.25,86.25
MOT17-05-FRCNN,428,6,45.0,128.5,29.5,86.0
MOT17-05-FRCNN,429,7,46.0,128.0,34.5,100.0
MOT17-05-FRCNN,430,7,47.0,128.0,35.5,100.5
MOT17-05-FRCNN,431,7,49.0,128.0,36.0,101.0
MOT17-05-FRCNN,432,8,63.0,167.0,42.75,114.25
MOT17-05-FRCNN,433,8,62.5,165.5,44.75,113.75
MOT17-05-FRCNN,434,8,62.0,164.0,44.25,114.5
MOT17-05-FRCNN,435,8,61.0,163.0,43.5,113.5
MOT17-05-FRCNN,436,8,59.5,161.5,43.0,113.5
MOT17-05-FRCNN,437,9,68.0,192.0,46.0,125.0
MOT17-05-FRCNN,438,9,66.0,189.0,46.0,125.0
MOT17-05-FRCNN,439,9,65.0,186.0,45.0,125.0
MOT17-05-FRCNN,440,9,74.0,186.0,45.0,125.0
MOT17-05-FRCNN,441,10,95.0,256.0,44.75,125.0
MOT17-05-FRCNN,442,10,92.0,251.0,44.5,123.5
MOT17-05-FRCNN,443,10,89.0,246.0,43.75,122.75
MOT17-05-FRCNN,444,10,89.0,240.0,43.5,122.0
MOT17-05-FRCNN,445,9,65.0,181.0,42.0,120.0
MOT17-05-FRCNN,446,9,64.0,181.0,41.0,120.0
MOT17-05-FRCNN,447,9,63.0,181.0,39.0,119.0
MOT17-05-FRCNN,448,9,62.0,181.0,38.0,118.0
MOT17-05-FRCNN,449,9,61.0,181.0,36.0,116.0
MOT17-05-FRCNN,450,9,62.0,181.0,37.0,116.0
MOT17-05-FRCNN,451,9,64.0,182.0,38.0,114.0
MOT17-05-FRCNN,452,9,65.0,182.0,39.0,112.0
MOT17-05-FRCNN,453,9,66.0,182.0,40.0,110.0
MOT17-05-FRCNN,454,9,68.0,185.0,40.0,110.0
MOT17-05-FRCNN,455,9,67.0,186.0,40.0,110.0
MOT17-05-FRCNN,456,9,68.0,187.0,39.0,109.0
MOT17-05-FRCNN,457,9,68.0,189.0,39.0,106.0
MOT17-05-FRCNN,458,9,66.0,190.0,39.0,107.0
MOT17-05-FRCNN,459,9,64.0,192.0,39.0,106.0
MOT17-05-FRCNN,460,9,61.0,193.0,38.0,104.0
MOT17-05-FRCNN,461,8,65.0,249.0,37.75,111.75
MOT17-05-FRCNN,462,8,66.5,250.0,37.25,112.0
MOT17-05-FRCNN,463,8,67.5,251.0,37.0,111.25
MOT17-05-FRCNN,464,8,69.0,252.0,36.5,110.75
MOT17-05-FRCNN,465,7,87.0,314.0,45.5,147.5
MOT17-05-FRCNN,466,7,91.0,319.0,44.5,148.0
MOT17-05-FRCNN,467,7,96.0,323.0,43.0,149.0
MOT17-05-FRCNN,468,7,100.0,327.0,42.0,149.0
MOT17-05-FRCNN,469,6,114.5,327.5,64.25,227.75
MOT17-05-FRCNN,470,6,110.5,326.5,65.0,228.0
MOT17-05-FRCNN,471,6,107.5,326.0,66.0,227.5
MOT17-05-FRCNN,472,6,103.5,325.0,66.75,227.25
MOT17-05-FRCNN,473,5,106.0,327.0,93.0,321.0
MOT17-05-FRCNN,474,5,103.0,328.0,100.0,317.0
MOT17-05-FRCNN,475,5,106.0,328.0,100.0,314.0
MOT17-05-FRCNN,476,5,113.0,329.0,96.0,310.0
MOT17-05-FRCNN,477,5,119.0,329.0,93.0,306.0
MOT17-05-FRCNN,478,5,118.0,327.0,100.0,315.0
MOT17-05-FRCNN,479,5,117.0,324.0,106.0,324.0
MOT17-05-FRCNN,480,5,116.0,332.0,113.0,322.0
MOT17-05-FRCNN,481,5,119.0,341.0,115.0,319.0
MOT17-05-FRCNN,482,5,119.0,338.0,111.0,321.0
MOT17-05-FRCNN,483,5,118.0,335.0,107.0,323.0
MOT17-05-FRCNN,484,5,118.0,332.0,103.0,325.0
MOT17-05-FRCNN,485,5,117.0,329.0,99.0,327.0
MOT17-05-FRCNN,486,5,114.0,329.0,107.0,327.0
MOT17-05-FRCNN,487,5,115.0,329.0,110.0,327.0
MOT17-05-FRCNN,488,5,123.0,329.0,107.0,327.0
MOT17-05-FRCNN,489,5,131.0,329.0,103.0,327.0
MOT17-05-FRCNN,490,5,122.0,329.0,102.0,325.0
MOT17-05-FRCNN,491,5,114.0,329.0,102.0,324.0
MOT17-05-FRCNN,492,5,105.0,329.0,101.0,322.0
MOT17-05-FRCNN,493,5,100.0,329.0,96.0,320.0
MOT17-05-FRCNN,494,5,100.0,333.0,98.0,324.0
MOT17-05-FRCNN,495,5,100.0,337.0,99.0,328.0
MOT17-05-FRCNN,496,5,101.0,340.0,99.0,331.0
MOT17-05-FRCNN,497,5,103.0,344.0,98.0,335.0
MOT17-05-FRCNN,498,5,105.0,343.0,100.0,334.0
MOT17-05-FRCNN,499,5,108.0,343.0,102.0,334.0
MOT17-05-FRCNN,500,5,110.0,342.0,103.0,333.0
MOT17-05-FRCNN,501,5,112.0,341.0,105.0,332.0
MOT17-05-FRCNN,502,5,113.0,339.0,103.0,333.0
MOT17-05-FRCNN,503,5,113.0,337.0,101.0,334.0
MOT17-05-FRCNN,504,5,114.0,335.0,99.0,335.0
MOT17-05-FRCNN,505,6,118.0,337.5,101.25,333.75
MOT17-05-FRCNN,506,6,125.5,343.0,106.75,336.25
MOT17-05-FRCNN,507,6,134.0,350.0,113.25,336.5
MOT17-05-FRCNN,508,6,137.5,356.5,118.25,337.25
MOT17-05-FRCNN,509,6,141.0,363.5,120.75,337.5
MOT17-05-FRCNN,510,6,137.0,356.0,117.0,334.5
MOT17-05-FRCNN,511,7,116.0,342.0,96.5,278.5
MOT17-05-FRCNN,512,7,114.0,338.0,92.0,276.5
MOT17-05-FRCNN,513,7,104.0,329.0,87.0,274.5
MOT17-05-FRCNN,514,7,108.0,327.0,83.5,279.0
MOT17-05-FRCNN,515,7,111.0,326.0,81.0,284.0
MOT17-05-FRCNN,516,7,115.0,324.0,88.5,300.0
MOT17-05-FRCNN,517,7,118.0,322.0,91.5,305.0
MOT17-05-FRCNN,518,6,126.5,330.0,98.75,319.0
MOT17-05-FRCNN,519,6,126.5,329.5,99.75,316.75
MOT17-05-FRCNN,520,6,125.5,329.0,99.75,313.75
MOT17-05-FRCNN,521,6,125.5,328.5,100.0,310.75
MOT17-05-FRCNN,522,6,124.0,328.0,99.75,307.75
MOT17-05-FRCNN,523,6,123.0,327.5,100.25,304.0
MOT17-05-FRCNN,524,6,121.0,327.0,99.75,301.0
MOT17-05-FRCNN,525,7,116.0,323.0,80.0,256.0
MOT17-05-FRCNN,526,7,110.0,323.0,84.0,254.5
MOT17-05-FRCNN,527,7,105.0,323.0,74.5,254.0
MOT17-05-FRCNN,528,7,99.0,323.0,72.5,252.5
MOT17-05-FRCNN,529,7,95.0,323.0,74.5,251.5
MOT17-05-FRCNN,530,7,96.0,321.0,78.5,251.0
MOT17-05-FRCNN,531,8,103.5,306.5,64.25,202.25
MOT17-05-FRCNN,532,8,97.5,299.5,59.5,208.25
MOT17-05-FRCNN,533,8,98.5,297.5,63.25,214.25
MOT17-05-FRCNN,534,8,104.5,297.5,70.25,213.0
MOT17-05-FRCNN,535,8,111.5,298.5,68.25,211.0
MOT17-05-FRCNN,536,8,112.5,298.5,71.75,214.25
MOT17-05-FRCNN,537,9,104.0,271.0,66.0,210.0
MOT17-05-FRCNN,538,9,103.0,271.0,66.0,223.0
MOT17-05-FRCNN,539,9,102.0,272.0,65.0,226.0
MOT17-05-FRCNN,540,9,96.0,272.0,65.0,228.0
MOT17-05-FRCNN,541,9,97.0,272.0,64.0,231.0
MOT17-05-FRCNN,542,8,96.0,275.0,65.25,214.0
MOT17-05-FRCNN,543,8,98.0,284.0,69.0,216.75
MOT17-05-FRCNN,544,8,101.0,289.5,71.75,218.5
MOT17-05-FRCNN,545,8,102.5,295.5,75.75,221.0
MOT17-05-FRCNN,546,8,113.5,306.5,73.75,223.75
MOT17-05-FRCNN,547,7,108.0,271.0,72.0,211.0
MOT17-05-FRCNN,548,7,102.0,269.0,70.0,214.5
MOT17-05-FRCNN,549,7,96.0,267.0,68.0,217.5
MOT17-05-FRCNN,550,7,92.0,265.0,70.5,226.0
MOT17-05-FRCNN,551,7,89.0,263.0,73.5,227.0
MOT17-05-FRCNN,552,7,85.0,260.0,77.0,234.5
MOT17-05-FRCNN,553,8,83.0,236.5,70.0,202.75
MOT17-05-FRCNN,554,8,86.5,242.5,72.25,207.5
MOT17-05-FRCNN,555,9,77.0,250.0,75.0,214.0
MOT17-05-FRCNN,556,9,85.0,256.0,79.0,224.0
MOT17-05-FRCNN,557,9,86.0,265.0,80.0,234.0
MOT17-05-FRCNN,558,9,92.0,271.0,79.0,245.0
MOT17-05-FRCNN,559,9,97.0,278.0,79.0,255.0
MOT17-05-FRCNN,560,9,101.0,295.0,78.0,257.0
MOT17-05-FRCNN,561,9,105.0,312.0,81.0,259.0
MOT17-05-FRCNN,562,9,109.0,303.0,84.0,269.0
MOT17-05-FRCNN,563,8,104.5,358.5,85.25,274.5
MOT17-05-FRCNN,564,8,106.0,371.0,87.5,282.25
MOT17-05-FRCNN,565,8,104.5,380.5,90.25,291.0
MOT17-05-FRCNN,566,8,108.0,380.0,90.75,307.0
MOT17-05-FRCNN,567,7,108.0,381.0,88.0,297.0
MOT17-05-FRCNN,568,7,115.0,381.0,87.0,306.0
MOT17-05-FRCNN,569,7,121.0,385.0,92.0,309.5
MOT17-05-FRCNN,570,7,120.0,383.0,93.5,311.0
MOT17-05-FRCNN,571,7,120.0,377.0,102.5,304.5
MOT17-05-FRCNN,572,7,124.0,372.0,109.5,299.0
MOT17-05-FRCNN,573,6,128.5,351.5,107.0,270.0
MOT17-05-FRCNN,574,6,126.0,348.5,107.5,271.5
MOT17-05-FRCNN,575,6,123.5,345.5,109.0,271.25
MOT17-05-FRCNN,576,6,121.0,343.0,110.25,273.5
MOT17-05-FRCNN,577,6,118.5,339.5,111.5,274.0
MOT17-05-FRCNN,578,6,116.0,337.0,113.0,274.75
MOT17-05-FRCNN,579,6,114.5,334.0,112.5,275.25
MOT17-05-FRCNN,580,5,115.0,329.0,107.0,257.0
MOT17-05-FRCNN,581,5,114.0,324.0,103.0,258.0
MOT17-05-FRCNN,582,5,114.0,321.0,111.0,256.0
MOT17-05-FRCNN,583,6,118.5,322.0,112.0,275.25
MOT17-05-FRCNN,584,5,127.0,323.0,99.0,255.0
MOT17-05-FRCNN,585,6,103.0,287.5,53.75,177.75
MOT17-05-FRCNN,586,6,119.5,289.0,69.0,182.5
MOT17-05-FRCNN,587,6,116.5,282.0,71.0,185.75
MOT17-05-FRCNN,588,6,117.0,279.5,69.5,189.0
MOT17-05-FRCNN,589,6,116.0,276.5,74.75,194.25
MOT17-05-FRCNN,590,6,110.5,273.5,74.5,200.25
MOT17-05-FRCNN,591,6,100.0,268.0,76.25,205.5
MOT17-05-FRCNN,592,6,86.5,264.0,75.0,211.0
MOT17-05-FRCNN,593,6,81.0,259.0,71.0,217.5
MOT17-05-FRCNN,594,6,84.0,257.5,72.75,227.25
MOT17-05-FRCNN,595,6,89.5,256.0,75.5,236.25
MOT17-05-FRCNN,596,6,93.0,256.0,77.5,243.75
MOT17-05-FRCNN,597,6,96.5,260.5,79.5,246.75
MOT17-05-FRCNN,598,6,99.0,264.5,79.5,242.75
MOT17-05-FRCNN,599,5,91.0,267.0,72.0,230.0
MOT17-05-FRCNN,600,5,104.0,270.0,73.0,223.0
MOT17-05-FRCNN,601,5,91.0,485.0,76.0,216.0
MOT17-05-FRCNN,602,5,115.0,475.0,75.0,223.0
MOT17-05-FRCNN,603,5,138.0,464.0,80.0,230.0
MOT17-05-FRCNN,604,5,162.0,453.0,86.0,237.0
MOT17-05-FRCNN,605,5,93.0,264.0,86.0,239.0
MOT17-05-FRCNN,606,5,91.0,261.0,86.0,237.0
MOT17-05-FRCNN,607,5,90.0,259.0,82.0,231.0
MOT17-05-FRCNN,608,5,89.0,258.0,88.0,224.0
MOT17-05-FRCNN,609,5,94.0,255.0,88.0,216.0
MOT17-05-FRCNN,610,6,87.0,243.5,75.5,220.0
MOT17-05-FRCNN,611,6,89.0,245.5,79.5,225.25
MOT17-05-FRCNN,612,6,89.0,253.0,81.75,230.5
MOT17-05-FRCNN,613,5,89.0,264.0,86.0,248.0
MOT17-05-FRCNN,614,5,92.0,272.0,84.0,266.0
MOT17-05-FRCNN,615,5,95.0,287.0,81.0,268.0
MOT17-05-FRCNN,616,5,99.0,309.0,79.0,269.0
MOT17-05-FRCNN,617,7,84.0,271.0,74.5,218.5
MOT17-05-FRCNN,618,6,77.0,266.0,69.25,197.75
MOT17-05-FRCNN,619,6,76.5,266.0,68.25,199.5
MOT17-05-FRCNN,620,6,77.0,267.0,68.25,200.75
MOT17-05-FRCNN,621,6,77.0,261.5,70.75,201.0
MOT17-05-FRCNN,622,6,79.5,267.5,73.0,200.25
MOT17-05-FRCNN,623,6,80.5,266.5,75.25,205.25
MOT17-05-FRCNN,624,6,84.0,259.5,75.75,210.0
MOT17-05-FRCNN,625,7,84.0,258.0,66.5,187.5
MOT17-05-FRCNN,626,7,86.0,257.0,67.5,191.0
MOT17-05-FRCNN,627,7,84.0,256.0,69.0,194.5
MOT17-05-FRCNN,628,8,82.0,245.5,63.25,177.0
MOT17-05-FRCNN,629,8,81.5,250.0,61.75,174.75
MOT17-05-FRCNN,630,8,80.5,255.0,63.75,180.5
MOT17-05-FRCNN,631,8,80.0,256.0,67.0,186.75
MOT17-05-FRCNN,632,8,79.0,255.5,70.0,191.75
MOT17-05-FRCNN,633,8,78.5,255.0,71.5,197.75
MOT17-05-FRCNN,634,8,80.0,253.0,69.25,212.75
MOT17-05-FRCNN,635,7,75.0,247.0,63.5,209.0
MOT17-05-FRCNN,636,7,72.0,256.0,61.5,208.0
MOT17-05-FRCNN,637,6,84.0,270.0,64.25,243.0
MOT17-05-FRCNN,638,6,87.5,277.5,65.25,242.75
MOT17-05-FRCNN,639,6,103.0,285.0,66.5,242.5
MOT17-05-FRCNN,640,6,103.0,284.5,66.75,241.25
MOT17-05-FRCNN,641,6,98.0,301.5,67.75,239.0
MOT17-05-FRCNN,642,6,97.5,306.5,67.25,236.5
MOT17-05-FRCNN,643,6,107.5,314.5,67.0,233.25
MOT17-05-FRCNN,644,6,118.5,339.5,65.75,229.75
MOT17-05-FRCNN,645,5,66.0,230.0,65.0,224.0
MOT17-05-FRCNN,646,5,68.0,228.0,65.0,225.0
MOT17-05-FRCNN,647,5,70.0,227.0,64.0,227.0
MOT17-05-FRCNN,648,5,73.0,228.0,63.0,225.0
MOT17-05-FRCNN,649,5,75.0,229.0,62.0,223.0
MOT17-05-FRCNN,650,5,73.0,226.0,65.0,224.0
MOT17-05-FRCNN,651,5,71.0,226.0,70.0,224.0
MOT17-05-FRCNN,652,5,72.0,226.0,69.0,221.0
MOT17-05-FRCNN,653,5,75.0,227.0,67.0,218.0
MOT17-05-FRCNN,654,5,75.0,225.0,67.0,218.0
MOT17-05-FRCNN,655,5,74.0,222.0,68.0,218.0
MOT17-05-FRCNN,656,5,75.0,221.0,68.0,218.0
MOT17-05-FRCNN,657,7,77.0,218.0,70.5,189.5
MOT17-05-FRCNN,658,7,74.0,217.0,68.5,193.0
MOT17-05-FRCNN,659,7,71.0,215.0,66.0,196.5
MOT17-05-FRCNN,660,7,68.0,214.0,62.0,198.0
MOT17-05-FRCNN,661,8,66.5,210.5,61.25,192.0
MOT17-05-FRCNN,662,8,71.0,210.0,61.0,200.5
MOT17-05-FRCNN,663,8,75.0,213.0,60.75,203.75
MOT17-05-FRCNN,664,8,78.5,217.5,60.75,204.0
MOT17-05-FRCNN,665,8,76.0,220.5,62.0,204.5
MOT17-05-FRCNN,666,8,81.5,231.5,65.5,207.25
MOT17-05-FRCNN,667,8,87.0,244.0,69.75,205.75
MOT17-05-FRCNN,668,8,91.5,255.5,74.25,206.25
MOT17-05-FRCNN,669,8,96.0,267.5,78.75,206.25
MOT17-05-FRCNN,670,7,90.0,271.0,73.0,201.0
MOT17-05-FRCNN,671,7,88.0,274.0,68.0,198.5
MOT17-05-FRCNN,672,7,86.0,277.0,64.0,197.0
MOT17-05-FRCNN,673,7,83.0,278.0,58.0,193.5
MOT17-05-FRCNN,674,7,86.0,276.0,57.0,187.5
MOT17-05-FRCNN,675,7,89.0,274.0,56.0,182.5
MOT17-05-FRCNN,676,7,92.0,272.0,55.0,176.5
MOT17-05-FRCNN,677,8,61.0,189.5,46.5,171.25
MOT17-05-FRCNN,678,8,63.0,185.0,47.25,178.25
MOT17-05-FRCNN,679,8,65.0,187.5,47.25,173.75
MOT17-05-FRCNN,680,8,67.5,190.0,48.25,178.25
MOT17-05-FRCNN,681,8,69.0,198.0,52.0,175.5
MOT17-05-FRCNN,682,8,72.5,203.0,54.25,178.25
MOT17-05-FRCNN,683,8,76.5,208.5,55.0,180.5
MOT17-05-FRCNN,684,8,79.5,214.5,58.5,185.5
MOT17-05-FRCNN,685,9,69.0,193.0,54.0,185.0
MOT17-05-FRCNN,686,9,65.0,199.0,58.0,187.0
MOT17-05-FRCNN,687,9,70.0,206.0,57.0,190.0
MOT17-05-FRCNN,688,9,70.0,230.0,55.0,192.0
MOT17-05-FRCNN,689,9,53.0,194.0,52.0,164.0
MOT17-05-FRCNN,690,9,56.0,193.0,51.0,169.0
MOT17-05-FRCNN,691,8,57.5,190.0,50.75,168.0
MOT17-05-FRCNN,692,8,59.5,188.5,50.5,173.5
MOT17-05-FRCNN,693,9,54.0,184.0,48.0,154.0
MOT17-05-FRCNN,694,9,55.0,184.0,49.0,155.0
MOT17-05-FRCNN,695,9,56.0,184.0,51.0,156.0
MOT17-05-FRCNN,696,9,58.0,184.0,52.0,157.0
MOT17-05-FRCNN,697,9,60.0,186.0,51.0,157.0
MOT17-05-FRCNN,698,9,60.0,192.0,51.0,166.0
MOT17-05-FRCNN,699,9,60.0,198.0,52.0,176.0
MOT17-05-FRCNN,700,9,60.0,204.0,53.0,178.0
MOT17-05-FRCNN,701,10,56.5,198.0,53.0,170.75
MOT17-05-FRCNN,702,10,60.0,210.5,52.0,179.0
MOT17-05-FRCNN,703,10,62.5,221.5,54.0,186.25
MOT17-05-FRCNN,704,10,65.0,228.5,59.0,197.75
MOT17-05-FRCNN,705,8,82.0,260.0,60.5,227.75
MOT17-05-FRCNN,706,7,96.0,284.0,70.0,233.5
MOT17-05-FRCNN,707,7,95.0,291.0,73.0,245.0
MOT17-05-FRCNN,708,6,105.5,292.5,66.5,236.25
MOT17-05-FRCNN,709,6,108.5,302.0,70.5,239.25
MOT17-05-FRCNN,710,7,116.0,335.0,89.5,258.0
MOT17-05-FRCNN,711,8,118.5,313.5,64.5,213.5
MOT17-05-FRCNN,712,8,118.0,307.0,67.75,215.5
MOT17-05-FRCNN,713,7,110.0,291.0,62.0,198.5
MOT17-05-FRCNN,714,7,109.0,291.0,66.0,201.5
MOT17-05-FRCNN,715,6,100.0,271.5,59.0,180.75
MOT17-05-FRCNN,716,6,102.0,275.5,61.25,181.25
MOT17-05-FRCNN,717,6,105.0,279.0,63.75,181.5
MOT17-05-FRCNN,718,6,105.5,291.0,62.75,186.0
MOT17-05-FRCNN,719,6,106.0,303.5,62.5,184.5
MOT17-05-FRCNN,720,7,101.0,291.0,34.5,101.0
MOT17-05-FRCNN,721,8,73.5,220.5,39.75,122.5
MOT17-05-FRCNN,722,8,74.0,220.0,40.5,123.25
MOT17-05-FRCNN,723,9,47.0,149.0,29.0,75.0
MOT17-05-FRCNN,724,9,48.0,149.0,29.0,75.0
MOT17-05-FRCNN,725,9,48.0,148.0,27.0,73.0
MOT17-05-FRCNN,726,9,48.0,152.0,26.0,73.0
MOT17-05-FRCNN,727,9,50.0,156.0,25.0,72.0
MOT17-05-FRCNN,728,9,51.0,160.0,24.0,71.0
MOT17-05-FRCNN,729,8,51.0,158.5,22.25,65.5
MOT17-05-FRCNN,730,8,50.0,156.5,23.75,67.75
MOT17-05-FRCNN,731,8,49.0,155.0,25.25,70.0
MOT17-05-FRCNN,732,7,52.0,156.0,36.5,114.0
MOT17-05-FRCNN,733,9,52.0,153.0,42.0,134.0
MOT17-05-FRCNN,734,9,51.0,149.0,43.0,137.0
MOT17-05-FRCNN,735,9,50.0,147.0,44.0,140.0
MOT17-05-FRCNN,736,8,54.5,162.5,45.0,142.75
MOT17-05-FRCNN,737,7,58.0,181.0,47.0,146.0
MOT17-05-FRCNN,738,7,63.0,189.0,47.5,147.0
MOT17-05-FRCNN,739,7,68.0,198.0,49.0,147.5
MOT17-05-FRCNN,740,8,61.5,180.0,46.0,134.5
MOT17-05-FRCNN,741,8,65.0,181.5,46.5,135.25
MOT17-05-FRCNN,742,8,66.5,189.0,46.75,136.5
MOT17-05-FRCNN,743,7,85.0,243.0,49.5,149.0
MOT17-05-FRCNN,744,7,89.0,257.0,49.5,148.5
MOT17-05-FRCNN,745,8,77.5,227.5,49.75,150.25
MOT17-05-FRCNN,746,8,81.5,238.0,48.0,148.0
MOT17-05-FRCNN,747,9,65.0,194.0,46.0,144.0
MOT17-05-FRCNN,748,9,62.0,202.0,44.0,142.0
MOT17-05-FRCNN,749,9,65.0,207.0,42.0,138.0
MOT17-05-FRCNN,750,9,71.0,218.0,43.0,138.0
MOT17-05-FRCNN,751,9,76.0,230.0,44.0,138.0
MOT17-05-FRCNN,752,10,69.5,192.5,45.75,109.25
MOT17-05-FRCNN,753,10,49.0,141.5,45.25,99.5
MOT17-05-FRCNN,754,11,46.0,135.0,43.5,91.5
MOT17-05-FRCNN,755,11,46.0,134.0,42.5,91.0
MOT17-05-FRCNN,756,11,45.0,132.0,43.0,89.5
MOT17-05-FRCNN,757,11,51.0,136.0,42.0,89.0
MOT17-05-FRCNN,758,11,49.0,133.0,40.5,88.5
MOT17-05-FRCNN,759,12,46.0,127.5,35.5,80.75
MOT17-05-FRCNN,760,12,45.0,125.0,34.0,79.25
MOT17-05-FRCNN,761,12,44.5,122.0,32.75,78.0
MOT17-05-FRCNN,762,12,43.5,123.0,33.5,81.5
MOT17-05-FRCNN,763,12,45.5,123.0,35.0,84.0
MOT17-05-FRCNN,764,11,40.0,124.0,32.5,83.5
MOT17-05-FRCNN,765,12,41.5,124.0,35.0,90.25
MOT17-05-FRCNN,766,12,42.0,124.0,33.5,91.5
MOT17-05-FRCNN,767,12,43.0,123.0,32.0,92.75
MOT17-05-FRCNN,768,12,44.0,123.0,30.0,93.25
MOT17-05-FRCNN,769,13,42.0,118.0,28.0,87.0
MOT17-05-FRCNN,770,13,43.0,118.0,29.0,88.0
MOT17-05-FRCNN,771,13,45.0,118.0,29.0,90.0
MOT17-05-FRCNN,772,13,46.0,117.0,28.0,91.0
MOT17-05-FRCNN,773,15,54.0,139.0,29.5,95.0
MOT17-05-FRCNN,774,15,52.0,139.0,29.5,95.5
MOT17-05-FRCNN,775,15,49.0,139.0,30.0,96.0
MOT17-05-FRCNN,776,14,46.5,126.5,29.0,97.0
MOT17-05-FRCNN,777,15,45.0,135.0,30.5,97.5
MOT17-05-FRCNN,778,15,46.0,136.0,33.0,98.5
MOT17-05-FRCNN,779,15,49.0,137.0,34.0,100.0
MOT17-05-FRCNN,780,15,51.0,137.0,34.5,100.5
MOT17-05-FRCNN,781,14,54.0,167.5,37.75,105.25
MOT17-05-FRCNN,782,14,54.5,173.0,38.75,105.25
MOT17-05-FRCNN,783,14,55.0,179.0,40.25,106.25
MOT17-05-FRCNN,784,14,57.5,184.0,41.0,106.25
MOT17-05-FRCNN,785,13,71.0,235.0,44.0,104.0
MOT17-05-FRCNN,786,12,82.0,248.0,42.25,106.5
MOT17-05-FRCNN,787,10,86.5,260.5,52.75,143.75
MOT17-05-FRCNN,788,10,89.0,269.0,52.0,148.25
MOT17-05-FRCNN,789,10,91.5,275.0,51.25,139.25
MOT17-05-FRCNN,790,10,97.0,285.5,50.75,140.5
MOT17-05-FRCNN,791,10,102.0,296.5,49.25,148.5
MOT17-05-FRCNN,792,10,102.0,310.0,49.25,148.0
MOT17-05-FRCNN,793,11,77.0,240.0,38.0,91.5
MOT17-05-FRCNN,794,11,77.0,240.0,37.0,94.0
MOT17-05-FRCNN,795,11,77.0,238.0,36.5,96.5
MOT17-05-FRCNN,796,11,77.0,237.0,35.5,98.5
MOT17-05-FRCNN,797,11,77.0,236.0,34.5,101.0
MOT17-05-FRCNN,798,11,48.0,152.0,35.0,104.0
MOT17-05-FRCNN,799,11,48.0,152.0,35.5,107.0
MOT17-05-FRCNN,800,11,48.0,152.0,35.5,110.0
MOT17-05-FRCNN,801,11,46.0,150.0,34.5,112.5
MOT17-05-FRCNN,802,11,48.0,152.0,36.0,113.5
MOT17-05-FRCNN,803,11,50.0,154.0,36.5,115.5
MOT17-05-FRCNN,804,11,51.0,155.0,36.5,116.5
MOT17-05-FRCNN,805,12,49.0,145.0,34.0,106.0
MOT17-05-FRCNN,806,12,47.5,146.0,36.0,109.5
MOT17-05-FRCNN,807,12,46.0,146.0,37.25,113.0
MOT17-05-FRCNN,808,11,45.0,135.0,36.0,108.0
MOT17-05-FRCNN,809,11,45.0,135.0,34.0,110.5
MOT17-05-FRCNN,810,11,45.0,139.0,37.5,112.5
MOT17-05-FRCNN,811,11,47.0,144.0,39.5,115.0
MOT17-05-FRCNN,812,11,49.0,148.0,40.0,117.0
MOT17-05-FRCNN,813,13,46.0,145.0,37.0,98.0
MOT17-05-FRCNN,814,13,46.0,148.0,36.0,101.0
MOT17-05-FRCNN,815,13,47.0,151.0,35.0,102.0
MOT17-05-FRCNN,816,13,47.0,152.0,34.0,102.0
MOT17-05-FRCNN,817,13,47.0,156.0,33.0,102.0
MOT17-05-FRCNN,818,13,47.0,161.0,36.0,108.0
MOT17-05-FRCNN,819,13,55.0,164.0,36.0,114.0
MOT17-05-FRCNN,820,13,56.0,167.0,38.0,119.0
MOT17-05-FRCNN,821,12,51.5,175.0,38.5,121.75
MOT17-05-FRCNN,822,12,52.5,179.5,39.5,120.25
MOT17-05-FRCNN,823,12,53.0,183.5,39.75,121.0
MOT17-05-FRCNN,824,12,53.5,188.0,40.75,120.0
MOT17-05-FRCNN,825,11,51.0,172.0,42.0,123.5
MOT17-05-FRCNN,826,11,53.0,177.0,43.0,128.0
MOT17-05-FRCNN,827,11,55.0,183.0,44.5,132.5
MOT17-05-FRCNN,828,11,56.0,188.0,44.5,143.5
MOT17-05-FRCNN,829,11,51.0,173.0,40.0,129.0
MOT17-05-FRCNN,830,11,53.0,179.0,41.5,133.5
MOT17-05-FRCNN,831,11,55.0,186.0,43.5,138.5
MOT17-05-FRCNN,832,11,57.0,192.0,44.5,143.0
MOT17-05-FRCNN,833,11,59.0,199.0,47.0,147.5
MOT17-05-FRCNN,834,11,65.0,209.0,49.0,151.5
MOT17-05-FRCNN,835,10,65.0,199.0,48.75,148.25
MOT17-05-FRCNN,836,9,59.0,201.0,48.0,147.0
MOT17-05-FRCNN,837,10,59.5,189.5,43.0,116.25
MOT17-09-FRCNN,1,6,129.0,303.5,78.0,217.0
MOT17-09-FRCNN,2,6,129.5,305.0,78.75,218.0
MOT17-09-FRCNN,3,6,129.5,305.5,79.5,218.75
MOT17-09-FRCNN,4,6,130.0,307.5,80.25,219.75
MOT17-09-FRCNN,5,6,130.0,308.0,81.75,220.5
MOT17-09-FRCNN,6,6,130.5,309.0,82.5,220.5
MOT17-09-FRCNN,7,6,131.0,310.0,83.5,221.25
MOT17-09-FRCNN,8,6,131.5,311.0,85.0,222.0
MOT17-09-FRCNN,9,7,104.0,264.0,78.0,198.0
MOT17-09-FRCNN,10,7,104.0,265.0,78.5,198.0
MOT17-09-FRCNN,11,7,105.0,265.0,79.0,198.0
MOT17-09-FRCNN,12,7,105.0,266.0,78.0,197.5
MOT17-09-FRCNN,13,7,106.0,266.0,77.5,197.0
MOT17-09-FRCNN,14,7,106.0,266.0,76.5,196.5
MOT17-09-FRCNN,15,7,106.0,266.0,76.0,196.0
MOT17-09-FRCNN,16,7,106.0,266.0,75.5,195.5
MOT17-09-FRCNN,17,7,106.0,266.0,75.0,195.5
MOT17-09-FRCNN,18,7,103.0,262.0,74.5,195.0
MOT17-09-FRCNN,19,7,100.0,258.0,73.5,195.0
MOT17-09-FRCNN,20,7,97.0,254.0,72.5,194.5
MOT17-09-FRCNN,21,7,94.0,250.0,72.0,194.5
MOT17-09-FRCNN,22,7,96.0,251.0,71.5,194.5
MOT17-09-FRCNN,23,7,99.0,252.0,71.5,194.5
MOT17-09-FRCNN,24,7,101.0,253.0,72.0,194.0
MOT17-09-FRCNN,25,7,104.0,254.0,71.0,194.0
MOT17-09-FRCNN,26,7,106.0,255.0,71.5,194.0
MOT17-09-FRCNN,27,7,105.0,255.0,71.0,194.0
MOT17-09-FRCNN,28,7,105.0,255.0,70.5,194.0
MOT17-09-FRCNN,29,7,104.0,255.0,70.5,194.0
MOT17-09-FRCNN,30,7,104.0,255.0,70.5,194.0
MOT17-09-FRCNN,31,7,103.0,256.0,70.0,194.5
MOT17-09-FRCNN,32,7,101.0,257.0,70.5,194.5
MOT17-09-FRCNN,33,7,100.0,259.0,70.0,194.5
MOT17-09-FRCNN,34,7,99.0,260.0,70.0,194.5
MOT17-09-FRCNN,35,7,97.0,261.0,69.5,194.5
MOT17-09-FRCNN,36,7,96.0,262.0,69.5,195.0
MOT17-09-FRCNN,37,7,95.0,264.0,69.0,195.0
MOT17-09-FRCNN,38,7,93.0,265.0,69.0,195.0
MOT17-09-FRCNN,39,7,100.0,268.0,69.0,195.0
MOT17-09-FRCNN,40,7,107.0,272.0,69.0,195.0
MOT17-09-FRCNN,41,8,104.0,267.0,72.25,202.25
MOT17-09-FRCNN,42,8,102.5,265.0,73.0,202.25
MOT17-09-FRCNN,43,8,103.0,264.0,72.0,202.25
MOT17-09-FRCNN,44,8,103.0,263.0,72.5,202.0
MOT17-09-FRCNN,45,8,103.5,261.5,72.5,202.0
MOT17-09-FRCNN,46,8,102.0,261.0,72.25,202.5
MOT17-09-FRCNN,47,8,100.5,261.0,72.25,202.5
MOT17-09-FRCNN,48,8,99.5,261.5,73.0,202.5
MOT17-09-FRCNN,49,8,98.0,262.0,72.0,202.5
MOT17-09-FRCNN,50,8,96.5,262.5,72.75,202.5
MOT17-09-FRCNN,51,8,99.5,262.5,72.5,202.5
MOT17-09-FRCNN,52,8,102.0,263.0,73.0,202.5
MOT17-09-FRCNN,53,8,104.5,263.5,73.0,202.5
MOT17-09-FRCNN,54,8,104.0,263.5,72.75,202.5
MOT17-09-FRCNN,55,8,104.0,264.5,72.75,202.5
MOT17-09-FRCNN,56,8,103.5,266.0,73.5,202.5
MOT17-09-FRCNN,57,8,103.5,267.5,74.5,202.5
MOT17-09-FRCNN,58,8,104.5,268.0,75.25,202.5
MOT17-09-FRCNN,59,8,105.5,268.5,76.0,202.5
MOT17-09-FRCNN,60,8,105.5,265.0,76.0,202.5
MOT17-09-FRCNN,61,7,115.0,273.0,73.5,195.5
MOT17-09-FRCNN,62,8,103.5,252.5,76.25,203.0
MOT17-09-FRCNN,63,8,102.5,252.5,76.5,203.25
MOT17-09-FRCNN,64,8,100.0,252.0,77.25,203.0
MOT17-09-FRCNN,65,8,98.0,251.5,77.25,202.75
MOT17-09-FRCNN,66,8,96.5,251.5,77.0,202.75
MOT17-09-FRCNN,67,8,99.5,253.5,77.0,202.5
MOT17-09-FRCNN,68,8,102.0,255.0,76.75,202.5
MOT17-09-FRCNN,69,8,104.0,256.0,76.25,201.5
MOT17-09-FRCNN,70,8,104.0,255.0,75.75,200.5
MOT17-09-FRCNN,71,8,104.0,254.0,75.25,199.5
MOT17-09-FRCNN,72,8,104.5,253.5,75.25,200.25
MOT17-09-FRCNN,73,8,105.0,253.0,75.0,200.75
MOT17-09-FRCNN,74,8,106.0,254.0,75.0,201.5
MOT17-09-FRCNN,75,8,108.0,256.5,74.75,202.0
MOT17-09-FRCNN,76,8,109.5,258.5,75.5,202.75
MOT17-09-FRCNN,77,8,111.0,260.5,75.25,203.5
MOT17-09-FRCNN,78,8,108.5,262.5,75.25,202.0
MOT17-09-FRCNN,79,8,105.5,265.5,75.25,200.5
MOT17-09-FRCNN,80,8,104.5,266.0,75.25,199.0
MOT17-09-FRCNN,81,7,112.0,282.0,91.5,229.0
MOT17-09-FRCNN,82,7,110.0,282.0,94.5,227.5
MOT17-09-FRCNN,83,7,113.0,281.0,94.5,226.0
MOT17-09-FRCNN,84,7,110.0,281.0,93.5,226.5
MOT17-09-FRCNN,85,7,108.0,281.0,93.0,227.0
MOT17-09-FRCNN,86,7,106.0,280.0,92.0,227.5
MOT17-09-FRCNN,87,7,112.0,284.0,92.5,227.5
MOT17-09-FRCNN,88,7,121.0,288.0,92.0,228.0
MOT17-09-FRCNN,89,7,130.0,292.0,91.0,228.5
MOT17-09-FRCNN,90,7,120.0,286.0,90.0,229.0
MOT17-09-FRCNN,91,7,115.0,285.0,90.5,230.0
MOT17-09-FRCNN,92,7,109.0,284.0,90.5,231.0
MOT17-09-FRCNN,93,7,103.0,283.0,91.0,232.0
MOT17-09-FRCNN,94,7,105.0,287.0,91.0,233.0
MOT17-09-FRCNN,95,7,107.0,291.0,91.5,234.0
MOT17-09-FRCNN,96,7,109.0,295.0,91.5,235.0
MOT17-09-FRCNN,97,7,111.0,298.0,91.5,236.0
MOT17-09-FRCNN,98,7,116.0,297.0,91.5,236.5
MOT17-09-FRCNN,99,7,120.0,297.0,91.5,238.0
MOT17-09-FRCNN,100,7,125.0,297.0,91.5,239.0
MOT17-09-FRCNN,101,7,130.0,297.0,91.5,240.5
MOT17-09-FRCNN,102,7,130.0,300.0,91.0,241.0
MOT17-09-FRCNN,103,7,130.0,303.0,90.5,241.5
MOT17-09-FRCNN,104,7,130.0,307.0,90.0,242.5
MOT17-09-FRCNN,105,7,130.0,310.0,89.5,243.0
MOT17-09-FRCNN,106,7,130.0,306.0,89.0,243.5
MOT17-09-FRCNN,107,7,128.0,305.0,89.0,243.5
MOT17-09-FRCNN,108,7,127.0,305.0,89.0,244.0
MOT17-09-FRCNN,109,7,126.0,304.0,88.5,244.5
MOT17-09-FRCNN,110,7,124.0,303.0,88.0,245.0
MOT17-09-FRCNN,111,7,126.0,305.0,88.5,247.0
MOT17-09-FRCNN,112,7,128.0,307.0,89.0,248.5
MOT17-09-FRCNN,113,7,130.0,310.0,89.0,250.0
MOT17-09-FRCNN,114,7,121.0,310.0,89.0,251.5
MOT17-09-FRCNN,115,7,112.0,310.0,89.5,253.0
MOT17-09-FRCNN,116,7,103.0,310.0,89.5,254.0
MOT17-09-FRCNN,117,7,106.0,315.0,90.0,255.0
MOT17-09-FRCNN,118,7,110.0,319.0,90.0,255.5
MOT17-09-FRCNN,119,7,114.0,323.0,91.0,256.5
MOT17-09-FRCNN,120,7,118.0,327.0,91.0,257.0
MOT17-09-FRCNN,121,7,121.0,331.0,91.5,257.5
MOT17-09-FRCNN,122,7,119.0,326.0,92.0,258.0
MOT17-09-FRCNN,123,7,116.0,321.0,93.0,259.5
MOT17-09-FRCNN,124,7,114.0,317.0,94.5,260.5
MOT17-09-FRCNN,125,7,113.0,322.0,96.5,261.5
MOT17-09-FRCNN,126,7,112.0,327.0,97.5,262.5
MOT17-09-FRCNN,127,7,112.0,332.0,99.5,263.5
MOT17-09-FRCNN,128,7,114.0,337.0,99.5,264.5
MOT17-09-FRCNN,129,7,117.0,338.0,99.5,265.5
MOT17-09-FRCNN,130,7,117.0,341.0,102.0,264.5
MOT17-09-FRCNN,131,7,118.0,341.0,100.5,264.0
MOT17-09-FRCNN,132,7,118.0,341.0,99.5,264.0
MOT17-09-FRCNN,133,7,118.0,342.0,101.5,266.0
MOT17-09-FRCNN,134,7,119.0,344.0,103.5,268.0
MOT17-09-FRCNN,135,8,130.0,354.5,112.25,292.25
MOT17-09-FRCNN,136,8,128.5,354.5,112.25,294.25
MOT17-09-FRCNN,137,8,128.0,355.0,112.25,296.0
MOT17-09-FRCNN,138,8,129.0,353.0,113.0,298.25
MOT17-09-FRCNN,139,8,130.0,351.5,112.5,299.75
MOT17-09-FRCNN,140,8,130.5,349.5,113.25,302.25
MOT17-09-FRCNN,141,8,132.0,348.0,113.25,304.5
MOT17-09-FRCNN,142,8,133.0,345.5,114.0,301.5
MOT17-09-FRCNN,143,8,134.0,344.0,114.75,298.5
MOT17-09-FRCNN,144,9,141.0,345.0,124.0,318.0
MOT17-09-FRCNN,145,10,136.5,346.0,112.75,260.0
MOT17-09-FRCNN,146,10,138.5,346.5,112.0,262.0
MOT17-09-FRCNN,147,10,139.5,348.5,112.0,263.25
MOT17-09-FRCNN,148,10,141.0,351.5,112.25,262.5
MOT17-09-FRCNN,149,10,143.0,354.0,112.0,262.0
MOT17-09-FRCNN,150,10,143.5,356.0,112.25,261.5
MOT17-09-FRCNN,151,10,143.0,357.5,112.75,261.0
MOT17-09-FRCNN,152,10,143.0,359.0,112.5,260.5
MOT17-09-FRCNN,153,10,144.5,360.0,112.75,259.25
MOT17-09-FRCNN,154,10,146.0,361.5,112.75,258.75
MOT17-09-FRCNN,155,10,146.0,362.0,113.0,258.5
MOT17-09-FRCNN,156,10,146.5,363.5,113.25,257.25
MOT17-09-FRCNN,157,10,147.0,365.0,112.5,257.0
MOT17-09-FRCNN,158,10,143.5,364.5,112.0,256.5
MOT17-09-FRCNN,159,10,140.0,365.5,111.5,256.0
MOT17-09-FRCNN,160,10,138.0,366.5,110.5,255.75
MOT17-09-FRCNN,161,10,136.0,367.0,109.75,255.25
MOT17-09-FRCNN,162,10,135.5,368.5,108.75,254.75
MOT17-09-FRCNN,163,10,138.5,371.0,109.0,254.5
MOT17-09-FRCNN,164,10,144.0,374.0,109.75,253.75
MOT17-09-FRCNN,165,10,149.0,377.0,109.75,253.0
MOT17-09-FRCNN,166,10,141.0,378.5,109.75,252.5
MOT17-09-FRCNN,167,10,149.0,380.0,109.75,251.75
MOT17-09-FRCNN,168,10,152.0,381.5,109.5,251.25
MOT17-09-FRCNN,169,10,154.0,383.0,109.5,250.5
MOT17-09-FRCNN,170,10,155.5,384.5,109.75,249.75
MOT17-09-FRCNN,171,10,153.5,386.0,109.75,249.75
MOT17-09-FRCNN,172,10,153.0,388.0,108.75,249.5
MOT17-09-FRCNN,173,10,153.5,390.5,111.0,248.5
MOT17-09-FRCNN,174,10,153.5,393.0,113.5,248.5
MOT17-09-FRCNN,175,10,153.5,395.0,116.25,248.25
MOT17-09-FRCNN,176,10,153.5,397.0,114.0,249.25
MOT17-09-FRCNN,177,10,151.0,399.5,111.0,248.75
MOT17-09-FRCNN,178,10,140.5,401.5,107.75,249.0
MOT17-09-FRCNN,179,10,149.5,401.0,104.75,249.25
MOT17-09-FRCNN,180,10,154.0,401.0,103.0,249.75
MOT17-09-FRCNN,181,11,164.0,404.0,110.5,259.0
MOT17-09-FRCNN,182,11,164.0,405.0,110.5,258.5
MOT17-09-FRCNN,183,11,165.0,405.0,110.5,257.5
MOT17-09-FRCNN,184,11,165.0,406.0,110.0,257.5
MOT17-09-FRCNN,185,11,166.0,406.0,110.5,256.5
MOT17-09-FRCNN,186,12,179.0,416.0,117.0,262.5
MOT17-09-FRCNN,187,12,175.0,414.0,117.75,261.0
MOT17-09-FRCNN,188,12,168.0,414.0,118.0,260.5
MOT17-09-FRCNN,189,12,160.5,415.0,118.0,260.0
MOT17-09-FRCNN,190,12,152.5,415.5,119.5,259.5
MOT17-09-FRCNN,191,12,157.5,415.0,122.0,258.25
MOT17-09-FRCNN,192,12,161.5,414.5,123.5,257.75
MOT17-09-FRCNN,193,12,166.5,416.0,125.25,257.0
MOT17-09-FRCNN,194,12,170.5,415.0,129.25,256.25
MOT17-09-FRCNN,195,12,175.5,413.5,124.25,256.25
MOT17-09-FRCNN,196,12,168.0,412.5,121.5,256.25
MOT17-09-FRCNN,197,12,160.5,412.0,118.75,256.5
MOT17-09-FRCNN,198,12,159.5,411.0,117.5,256.5
MOT17-09-FRCNN,199,12,162.5,410.0,117.0,256.5
MOT17-09-FRCNN,200,12,160.0,408.5,116.5,256.5
MOT17-09-FRCNN,201,11,160.0,407.0,112.5,255.5
MOT17-09-FRCNN,202,11,159.0,406.0,112.5,254.5
MOT17-09-FRCNN,203,11,159.0,404.0,112.0,253.5
MOT17-09-FRCNN,204,11,164.0,402.0,111.5,252.5
MOT17-09-FRCNN,205,11,158.0,406.0,110.5,253.5
MOT17-09-FRCNN,206,12,175.5,408.0,113.0,256.25
MOT17-09-FRCNN,207,12,171.5,410.0,113.0,257.75
MOT17-09-FRCNN,208,12,169.0,412.0,114.75,259.0
MOT17-09-FRCNN,209,12,162.5,411.5,117.25,259.5
MOT17-09-FRCNN,210,12,167.0,411.5,113.5,261.0
MOT17-09-FRCNN,211,12,169.0,410.5,111.5,262.25
MOT17-09-FRCNN,212,12,176.0,410.0,111.5,262.0
MOT17-09-FRCNN,213,13,190.0,415.0,114.0,268.0
MOT17-09-FRCNN,214,13,200.0,415.0,113.0,268.0
MOT17-09-FRCNN,215,13,196.0,414.0,113.0,268.0
MOT17-09-FRCNN,216,13,188.0,414.0,113.0,268.0
MOT17-09-FRCNN,217,13,176.0,414.0,112.0,268.0
MOT17-09-FRCNN,218,13,163.0,414.0,112.0,268.0
MOT17-09-FRCNN,219,13,151.0,413.0,114.0,268.0
MOT17-09-FRCNN,220,13,148.0,413.0,121.0,268.0
MOT17-09-FRCNN,221,12,152.5,406.5,123.75,260.75
MOT17-09-FRCNN,222,13,147.0,401.0,111.0,239.0
MOT17-09-FRCNN,223,13,146.0,401.0,110.0,239.0
MOT17-09-FRCNN,224,13,145.0,400.0,110.0,238.0
MOT17-09-FRCNN,225,13,144.0,400.0,109.0,237.0
MOT17-09-FRCNN,226,13,143.0,399.0,109.0,237.0
MOT17-09-FRCNN,227,13,143.0,398.0,109.0,236.0
MOT17-09-FRCNN,228,13,142.0,395.0,109.0,236.0
MOT17-09-FRCNN,229,13,145.0,393.0,108.0,235.0
MOT17-09-FRCNN,230,13,141.0,391.0,108.0,235.0
MOT17-09-FRCNN,231,13,141.0,388.0,108.0,234.0
MOT17-09-FRCNN,232,13,140.0,385.0,107.0,233.0
MOT17-09-FRCNN,233,13,139.0,383.0,105.0,233.0
MOT17-09-FRCNN,234,13,137.0,381.0,102.0,233.0
MOT17-09-FRCNN,235,13,136.0,381.0,100.0,234.0
MOT17-09-FRCNN,236,13,137.0,382.0,98.0,234.0
MOT17-09-FRCNN,237,13,136.0,383.0,98.0,234.0
MOT17-09-FRCNN,238,13,136.0,384.0,101.0,235.0
MOT17-09-FRCNN,239,13,136.0,381.0,105.0,235.0
MOT17-09-FRCNN,240,13,136.0,377.0,103.0,236.0
MOT17-09-FRCNN,241,13,135.0,375.0,100.0,237.0
MOT17-09-FRCNN,242,13,134.0,371.0,98.0,238.0
MOT17-09-FRCNN,243,13,134.0,368.0,98.0,239.0
MOT17-09-FRCNN,244,13,133.0,366.0,98.0,240.0
MOT17-09-FRCNN,245,13,132.0,364.0,98.0,240.0
MOT17-09-FRCNN,246,13,131.0,362.0,98.0,240.0
MOT17-09-FRCNN,247,13,130.0,360.0,98.0,240.0
MOT17-09-FRCNN,248,13,129.0,358.0,98.0,240.0
MOT17-09-FRCNN,249,13,128.0,357.0,98.0,240.0
MOT17-09-FRCNN,250,13,128.0,355.0,101.0,241.0
MOT17-09-FRCNN,251,13,128.0,354.0,100.0,241.0
MOT17-09-FRCNN,252,13,127.0,353.0,100.0,242.0
MOT17-09-FRCNN,253,13,127.0,351.0,100.0,243.0
MOT17-09-FRCNN,254,13,126.0,350.0,99.0,244.0
MOT17-09-FRCNN,255,13,126.0,348.0,99.0,245.0
MOT17-09-FRCNN,256,13,126.0,346.0,99.0,246.0
MOT17-09-FRCNN,257,13,125.0,345.0,100.0,247.0
MOT17-09-FRCNN,258,13,125.0,343.0,98.0,248.0
MOT17-09-FRCNN,259,13,124.0,342.0,97.0,249.0
MOT17-09-FRCNN,260,13,123.0,341.0,97.0,250.0
MOT17-09-FRCNN,261,13,122.0,340.0,97.0,252.0
MOT17-09-FRCNN,262,13,121.0,339.0,96.0,253.0
MOT17-09-FRCNN,263,13,120.0,338.0,96.0,255.0
MOT17-09-FRCNN,264,13,124.0,337.0,95.0,256.0
MOT17-09-FRCNN,265,13,124.0,337.0,95.0,258.0
MOT17-09-FRCNN,266,13,124.0,336.0,95.0,259.0
MOT17-09-FRCNN,267,13,124.0,336.0,94.0,261.0
MOT17-09-FRCNN,268,13,124.0,335.0,94.0,262.0
MOT17-09-FRCNN,269,13,124.0,334.0,94.0,264.0
MOT17-09-FRCNN,270,13,122.0,333.0,94.0,265.0
MOT17-09-FRCNN,271,13,118.0,332.0,96.0,267.0
MOT17-09-FRCNN,272,13,114.0,331.0,98.0,268.0
MOT17-09-FRCNN,273,13,110.0,330.0,100.0,269.0
MOT17-09-FRCNN,274,13,111.0,329.0,99.0,270.0
MOT17-09-FRCNN,275,13,111.0,328.0,100.0,271.0
MOT17-09-FRCNN,276,13,112.0,327.0,100.0,269.0
MOT17-09-FRCNN,277,13,112.0,327.0,96.0,267.0
MOT17-09-FRCNN,278,13,113.0,326.0,95.0,265.0
MOT17-09-FRCNN,279,13,114.0,326.0,94.0,263.0
MOT17-09-FRCNN,280,13,115.0,325.0,97.0,261.0
MOT17-09-FRCNN,281,13,118.0,324.0,100.0,259.0
MOT17-09-FRCNN,282,13,117.0,318.0,103.0,257.0
MOT17-09-FRCNN,283,13,117.0,310.0,106.0,252.0
MOT17-09-FRCNN,284,13,118.0,315.0,109.0,247.0
MOT17-09-FRCNN,285,13,118.0,320.0,110.0,242.0
MOT17-09-FRCNN,286,13,119.0,319.0,110.0,236.0
MOT17-09-FRCNN,287,13,119.0,318.0,110.0,231.0
MOT17-09-FRCNN,288,13,120.0,317.0,109.0,226.0
MOT17-09-FRCNN,289,13,120.0,317.0,108.0,221.0
MOT17-09-FRCNN,290,13,120.0,314.0,107.0,216.0
MOT17-09-FRCNN,291,12,120.0,312.0,109.75,243.0
MOT17-09-FRCNN,292,12,120.5,311.5,112.0,241.75
MOT17-09-FRCNN,293,12,121.0,310.5,114.0,240.75
MOT17-09-FRCNN,294,12,124.0,310.0,114.5,240.75
MOT17-09-FRCNN,295,12,126.0,309.0,115.5,239.25
MOT17-09-FRCNN,296,12,126.0,308.5,115.75,239.25
MOT17-09-FRCNN,297,12,125.5,308.0,115.25,238.5
MOT17-09-FRCNN,298,12,126.0,305.5,114.75,238.5
MOT17-09-FRCNN,299,12,125.5,305.5,114.5,237.75
MOT17-09-FRCNN,300,12,125.5,305.5,114.0,237.0
MOT17-09-FRCNN,301,12,126.0,306.0,113.5,237.75
MOT17-09-FRCNN,302,12,125.5,306.0,107.75,237.0
MOT17-09-FRCNN,303,12,124.5,306.5,102.75,236.25
MOT17-09-FRCNN,304,12,123.5,306.5,97.0,236.25
MOT17-09-FRCNN,305,12,123.0,306.5,96.75,236.25
MOT17-09-FRCNN,306,12,122.5,306.5,97.75,235.75
MOT17-09-FRCNN,307,12,118.5,306.5,98.5,235.75
MOT17-09-FRCNN,308,12,116.5,306.0,97.75,236.0
MOT17-09-FRCNN,309,12,116.0,305.5,98.0,236.0
MOT17-09-FRCNN,310,12,115.0,304.0,98.0,236.25
MOT17-09-FRCNN,311,12,114.5,303.5,97.25,236.5
MOT17-09-FRCNN,312,12,113.5,302.0,97.25,236.5
MOT17-09-FRCNN,313,12,112.5,301.0,97.5,237.25
MOT17-09-FRCNN,314,12,113.0,300.0,97.5,237.5
MOT17-09-FRCNN,315,12,114.0,299.0,97.5,239.5
MOT17-09-FRCNN,316,12,116.0,298.0,106.5,241.5
MOT17-09-FRCNN,317,12,119.0,297.5,106.0,243.75
MOT17-09-FRCNN,318,12,120.5,296.0,106.5,247.25
MOT17-09-FRCNN,319,12,117.5,295.5,105.5,249.5
MOT17-09-FRCNN,320,12,115.0,294.0,105.0,251.75
MOT17-09-FRCNN,321,12,113.5,293.0,104.75,254.5
MOT17-09-FRCNN,322,12,110.0,291.5,104.75,256.75
MOT17-09-FRCNN,323,12,109.0,290.0,100.0,258.75
MOT17-09-FRCNN,324,12,110.0,288.5,102.75,261.5
MOT17-09-FRCNN,325,12,112.5,287.0,104.5,263.75
MOT17-09-FRCNN,326,12,118.0,285.5,103.75,262.0
MOT17-09-FRCNN,327,12,113.5,284.5,103.25,261.25
MOT17-09-FRCNN,328,12,109.0,283.5,102.25,259.5
MOT17-09-FRCNN,329,12,105.5,284.0,102.0,258.75
MOT17-09-FRCNN,330,12,104.5,285.0,97.25,257.0
MOT17-09-FRCNN,331,12,104.0,286.5,93.5,255.5
MOT17-09-FRCNN,332,12,103.5,286.0,95.5,253.75
MOT17-09-FRCNN,333,12,105.0,285.5,93.25,252.0
MOT17-09-FRCNN,334,12,107.5,285.0,90.75,250.25
MOT17-09-FRCNN,335,12,110.5,285.5,89.5,250.0
MOT17-09-FRCNN,336,12,113.0,285.0,88.75,249.0
MOT17-09-FRCNN,337,12,113.0,285.0,87.25,249.0
MOT17-09-FRCNN,338,11,119.0,297.0,94.0,264.5
MOT17-09-FRCNN,339,11,114.0,297.0,93.0,264.5
MOT17-09-FRCNN,340,11,109.0,297.0,98.0,263.5
MOT17-09-FRCNN,341,11,108.0,297.0,100.0,261.0
MOT17-09-FRCNN,342,11,118.0,299.0,100.0,259.0
MOT17-09-FRCNN,343,11,118.0,300.0,99.5,257.0
MOT17-09-FRCNN,344,11,124.0,302.0,99.5,255.0
MOT17-09-FRCNN,345,11,120.0,303.0,98.0,257.0
MOT17-09-FRCNN,346,11,115.0,305.0,94.5,259.0
MOT17-09-FRCNN,347,11,111.0,307.0,92.5,259.5
MOT17-09-FRCNN,348,11,106.0,308.0,93.0,258.5
MOT17-09-FRCNN,349,11,101.0,310.0,95.0,255.5
MOT17-09-FRCNN,350,11,108.0,311.0,96.5,253.0
MOT17-09-FRCNN,351,11,114.0,311.0,94.5,251.0
MOT17-09-FRCNN,352,11,112.0,310.0,92.5,252.0
MOT17-09-FRCNN,353,11,111.0,308.0,93.0,253.0
MOT17-09-FRCNN,354,11,110.0,305.0,93.5,254.0
MOT17-09-FRCNN,355,11,109.0,303.0,93.0,255.0
MOT17-09-FRCNN,356,11,108.0,300.0,93.0,251.0
MOT17-09-FRCNN,357,11,107.0,298.0,92.0,247.5
MOT17-09-FRCNN,358,11,106.0,297.0,92.0,243.5
MOT17-09-FRCNN,359,11,105.0,295.0,92.0,243.5
MOT17-09-FRCNN,360,11,104.0,294.0,94.0,243.0
MOT17-09-FRCNN,361,12,109.5,298.5,96.25,243.5
MOT17-09-FRCNN,362,12,109.5,297.5,98.5,242.5
MOT17-09-FRCNN,363,12,109.5,297.0,99.0,242.0
MOT17-09-FRCNN,364,12,112.5,295.5,99.0,241.75
MOT17-09-FRCNN,365,12,116.5,295.0,95.0,241.5
MOT17-09-FRCNN,366,12,118.0,294.0,98.75,241.25
MOT17-09-FRCNN,367,12,120.0,293.5,97.75,241.75
MOT17-09-FRCNN,368,12,119.5,292.0,98.5,242.5
MOT17-09-FRCNN,369,12,117.5,291.0,97.5,242.75
MOT17-09-FRCNN,370,12,115.5,290.5,97.25,243.5
MOT17-09-FRCNN,371,12,113.5,290.0,97.25,244.5
MOT17-09-FRCNN,372,12,112.5,288.5,97.0,240.0
MOT17-09-FRCNN,373,12,111.0,286.0,96.25,238.75
MOT17-09-FRCNN,374,12,110.0,285.0,95.25,237.5
MOT17-09-FRCNN,375,12,108.5,284.5,93.75,237.5
MOT17-09-FRCNN,376,12,111.0,283.5,92.0,236.75
MOT17-09-FRCNN,377,12,113.0,282.5,92.0,236.75
MOT17-09-FRCNN,378,12,116.0,282.0,91.25,236.0
MOT17-09-FRCNN,379,12,118.5,281.0,90.5,236.0
MOT17-09-FRCNN,380,12,116.5,280.5,89.0,235.0
MOT17-09-FRCNN,381,13,110.0,274.0,86.0,229.0
MOT17-09-FRCNN,382,13,113.0,273.0,85.0,229.0
MOT17-09-FRCNN,383,11,118.0,282.0,83.5,235.5
MOT17-09-FRCNN,384,11,117.0,280.0,82.0,234.5
MOT17-09-FRCNN,385,11,116.0,278.0,81.0,234.0
MOT17-09-FRCNN,386,11,115.0,276.0,79.5,233.0
MOT17-09-FRCNN,387,11,115.0,274.0,78.5,232.5
MOT17-09-FRCNN,388,11,114.0,272.0,78.0,232.0
MOT17-09-FRCNN,389,11,114.0,272.0,77.5,232.0
MOT17-09-FRCNN,390,11,113.0,272.0,77.0,231.5
MOT17-09-FRCNN,391,11,113.0,272.0,76.5,231.5
MOT17-09-FRCNN,392,11,112.0,272.0,77.0,233.0
MOT17-09-FRCNN,393,10,107.5,268.0,75.5,229.5
MOT17-09-FRCNN,394,10,105.5,267.0,81.5,229.25
MOT17-09-FRCNN,395,10,103.0,266.0,81.25,225.5
MOT17-09-FRCNN,396,10,101.0,265.0,81.5,223.0
MOT17-09-FRCNN,397,10,99.0,264.0,81.25,221.5
MOT17-09-FRCNN,398,10,103.5,263.5,82.25,225.0
MOT17-09-FRCNN,399,9,111.0,266.0,79.0,237.0
MOT17-09-FRCNN,400,9,110.0,266.0,78.0,236.0
MOT17-09-FRCNN,401,9,110.0,265.0,78.0,236.0
MOT17-09-FRCNN,402,9,109.0,265.0,77.0,235.0
MOT17-09-FRCNN,403,9,108.0,264.0,77.0,235.0
MOT17-09-FRCNN,404,9,107.0,264.0,76.0,234.0
MOT17-09-FRCNN,405,9,106.0,263.0,76.0,234.0
MOT17-09-FRCNN,406,9,106.0,263.0,76.0,233.0
MOT17-09-FRCNN,407,9,106.0,262.0,76.0,232.0
MOT17-09-FRCNN,408,9,106.0,262.0,76.0,231.0
MOT17-09-FRCNN,409,9,106.0,262.0,76.0,230.0
MOT17-09-FRCNN,410,9,106.0,262.0,76.0,229.0
MOT17-09-FRCNN,411,9,106.0,261.0,75.0,228.0
MOT17-09-FRCNN,412,9,106.0,261.0,75.0,227.0
MOT17-09-FRCNN,413,9,105.0,261.0,74.0,226.0
MOT17-09-FRCNN,414,9,104.0,260.0,74.0,226.0
MOT17-09-FRCNN,415,9,103.0,259.0,74.0,225.0
MOT17-09-FRCNN,416,9,102.0,257.0,74.0,225.0
MOT17-09-FRCNN,417,9,102.0,256.0,74.0,224.0
MOT17-09-FRCNN,418,9,101.0,254.0,74.0,224.0
MOT17-09-FRCNN,419,9,101.0,253.0,73.0,223.0
MOT17-09-FRCNN,420,9,100.0,253.0,73.0,223.0
MOT17-09-FRCNN,421,9,100.0,252.0,72.0,222.0
MOT17-09-FRCNN,422,9,100.0,252.0,71.0,222.0
MOT17-09-FRCNN,423,9,100.0,251.0,71.0,221.0
MOT17-09-FRCNN,424,9,100.0,250.0,70.0,221.0
MOT17-09-FRCNN,425,10,98.0,245.5,66.25,200.5
MOT17-09-FRCNN,426,10,97.5,244.5,67.75,200.5
MOT17-09-FRCNN,427,10,97.5,243.5,69.75,199.5
MOT17-09-FRCNN,428,10,97.0,243.0,70.75,198.75
MOT17-09-FRCNN,429,9,98.0,246.0,81.0,218.0
MOT17-09-FRCNN,430,9,98.0,245.0,86.0,217.0
MOT17-09-FRCNN,431,9,98.0,244.0,91.0,216.0
MOT17-09-FRCNN,432,9,98.0,242.0,95.0,215.0
MOT17-09-FRCNN,433,9,98.0,241.0,85.0,214.0
MOT17-09-FRCNN,434,9,98.0,240.0,86.0,213.0
MOT17-09-FRCNN,435,9,98.0,239.0,78.0,213.0
MOT17-09-FRCNN,436,9,98.0,238.0,70.0,212.0
MOT17-09-FRCNN,437,9,98.0,237.0,66.0,212.0
MOT17-09-FRCNN,438,10,101.0,237.5,71.5,216.5
MOT17-09-FRCNN,439,10,101.0,237.0,71.5,216.5
MOT17-09-FRCNN,440,11,96.0,237.0,77.0,221.0
MOT17-09-FRCNN,441,11,95.0,237.0,77.0,221.0
MOT17-09-FRCNN,442,11,94.0,238.0,81.5,220.0
MOT17-09-FRCNN,443,11,93.0,235.0,86.5,219.5
MOT17-09-FRCNN,444,11,92.0,232.0,89.5,218.5
MOT17-09-FRCNN,445,10,91.5,231.0,79.75,212.0
MOT17-09-FRCNN,446,10,91.5,231.5,85.5,211.5
MOT17-09-FRCNN,447,11,92.0,232.0,87.5,217.5
MOT17-09-FRCNN,448,11,93.0,234.0,85.0,216.0
MOT17-09-FRCNN,449,11,92.0,235.0,86.5,215.0
MOT17-09-FRCNN,450,11,97.0,236.0,86.0,214.0
MOT17-09-FRCNN,451,11,97.0,238.0,82.0,214.0
MOT17-09-FRCNN,452,11,106.0,235.0,78.0,213.0
MOT17-09-FRCNN,453,11,104.0,232.0,76.0,213.0
MOT17-09-FRCNN,454,11,98.0,228.0,75.5,212.5
MOT17-09-FRCNN,455,11,96.0,228.0,75.5,212.0
MOT17-09-FRCNN,456,11,94.0,229.0,75.0,211.5
MOT17-09-FRCNN,457,11,92.0,230.0,75.0,211.0
MOT17-09-FRCNN,458,11,90.0,230.0,86.5,210.5
MOT17-09-FRCNN,459,11,91.0,231.0,85.5,210.0
MOT17-09-FRCNN,460,11,88.0,232.0,84.0,209.5
MOT17-09-FRCNN,461,11,88.0,228.0,84.0,209.0
MOT17-09-FRCNN,462,11,88.0,224.0,84.5,208.5
MOT17-09-FRCNN,463,11,88.0,223.0,83.0,207.0
MOT17-09-FRCNN,464,11,89.0,222.0,79.5,205.5
MOT17-09-FRCNN,465,11,90.0,221.0,76.0,205.5
MOT17-09-FRCNN,466,11,89.0,221.0,73.5,206.0
MOT17-09-FRCNN,467,12,89.0,219.0,74.5,193.25
MOT17-09-FRCNN,468,12,88.5,219.5,69.75,193.0
MOT17-09-FRCNN,469,12,88.0,219.5,69.5,193.0
MOT17-09-FRCNN,470,11,85.0,218.0,73.5,191.0
MOT17-09-FRCNN,471,11,86.0,217.0,73.0,191.0
MOT17-09-FRCNN,472,10,81.5,213.0,71.25,189.25
MOT17-09-FRCNN,473,10,87.5,211.5,71.75,189.0
MOT17-09-FRCNN,474,10,93.0,211.0,76.0,188.25
MOT17-09-FRCNN,475,10,96.0,211.0,76.25,188.0
MOT17-09-FRCNN,476,10,96.0,210.0,77.0,187.0
MOT17-09-FRCNN,477,10,92.5,209.5,76.75,187.0
MOT17-09-FRCNN,478,10,90.0,207.5,76.5,186.5
MOT17-09-FRCNN,479,10,87.0,208.0,78.25,187.25
MOT17-09-FRCNN,480,10,84.0,209.0,80.0,187.5
MOT17-09-FRCNN,481,10,83.0,210.0,75.75,188.25
MOT17-09-FRCNN,482,11,82.0,212.0,76.0,190.0
MOT17-09-FRCNN,483,11,83.0,212.0,74.0,190.5
MOT17-09-FRCNN,484,11,84.0,212.0,72.0,191.0
MOT17-09-FRCNN,485,11,83.0,211.0,74.0,191.0
MOT17-09-FRCNN,486,11,82.0,211.0,74.0,190.5
MOT17-09-FRCNN,487,11,84.0,210.0,75.0,190.0
MOT17-09-FRCNN,488,11,88.0,210.0,75.5,190.0
MOT17-09-FRCNN,489,11,88.0,210.0,76.0,190.0
MOT17-09-FRCNN,490,11,88.0,210.0,76.0,190.5
MOT17-09-FRCNN,491,10,96.5,232.0,77.0,193.5
MOT17-09-FRCNN,492,10,96.0,231.5,77.0,193.75
MOT17-09-FRCNN,493,10,93.5,230.0,77.0,195.0
MOT17-09-FRCNN,494,10,91.5,229.5,76.75,196.0
MOT17-09-FRCNN,495,10,90.5,229.0,75.25,195.0
MOT17-09-FRCNN,496,10,88.5,228.0,77.25,193.5
MOT17-09-FRCNN,497,10,86.5,227.5,78.5,192.75
MOT17-09-FRCNN,498,10,86.5,226.5,77.75,192.75
MOT17-09-FRCNN,499,10,89.0,226.5,77.0,193.5
MOT17-09-FRCNN,500,10,90.5,225.5,76.25,193.0
MOT17-09-FRCNN,501,10,92.5,225.0,74.75,193.75
MOT17-09-FRCNN,502,10,93.0,223.0,74.25,193.75
MOT17-09-FRCNN,503,10,93.5,221.5,73.25,194.25
MOT17-09-FRCNN,504,10,94.5,220.5,72.5,194.5
MOT17-09-FRCNN,505,10,92.0,220.5,72.75,194.25
MOT17-09-FRCNN,506,10,88.5,219.5,75.25,194.25
MOT17-09-FRCNN,507,10,85.0,219.0,76.75,194.5
MOT17-09-FRCNN,508,10,85.5,218.0,76.0,194.25
MOT17-09-FRCNN,509,10,83.5,217.5,72.25,195.0
MOT17-09-FRCNN,510,9,84.0,228.0,76.0,196.0
MOT17-09-FRCNN,511,9,81.0,227.0,76.0,196.0
MOT17-09-FRCNN,512,10,87.5,231.0,76.5,198.5
MOT17-09-FRCNN,513,10,87.5,230.5,77.5,197.75
MOT17-09-FRCNN,514,10,90.5,231.0,78.5,197.0
MOT17-09-FRCNN,515,10,92.5,231.0,80.25,196.25
MOT17-09-FRCNN,516,10,93.0,231.0,81.0,196.25
MOT17-09-FRCNN,517,10,94.0,231.5,81.0,196.0
MOT17-09-FRCNN,518,10,94.0,232.5,81.0,195.5
MOT17-09-FRCNN,519,10,93.5,230.0,81.75,194.75
MOT17-09-FRCNN,520,10,94.5,227.0,81.75,195.0
MOT17-09-FRCNN,521,10,95.0,224.0,81.5,195.0
MOT17-09-FRCNN,522,10,93.0,222.0,81.0,195.0
MOT17-09-FRCNN,523,10,92.0,221.5,79.0,195.0
MOT17-09-FRCNN,524,10,92.0,221.5,75.0,195.0
MOT17-09-FRCNN,525,10,91.5,221.5,73.5,195.25
MOT17-10-FRCNN,1,19,38.0,110.0,24.5,70.0
MOT17-10-FRCNN,2,19,39.0,110.0,24.5,70.0
MOT17-10-FRCNN,3,19,39.0,110.0,24.5,70.0
MOT17-10-FRCNN,4,19,40.0,111.0,24.5,70.0
MOT17-10-FRCNN,5,19,40.0,111.0,24.5,70.0
MOT17-10-FRCNN,6,19,40.0,112.0,25.0,70.0
MOT17-10-FRCNN,7,19,40.0,112.0,25.0,70.0
MOT17-10-FRCNN,8,19,41.0,113.0,25.0,70.0
MOT17-10-FRCNN,9,19,41.0,113.0,25.0,70.0
MOT17-10-FRCNN,10,20,39.5,109.5,21.75,68.75
MOT17-10-FRCNN,11,20,39.5,109.5,21.75,68.5
MOT17-10-FRCNN,12,20,39.5,110.0,21.75,68.5
MOT17-10-FRCNN,13,20,40.0,110.0,23.5,68.25
MOT17-10-FRCNN,14,20,39.5,110.5,22.75,68.5
MOT17-10-FRCNN,15,20,39.5,110.5,22.0,68.25
MOT17-10-FRCNN,16,20,40.0,111.0,22.0,68.25
MOT17-10-FRCNN,17,20,40.0,111.5,21.75,68.25
MOT17-10-FRCNN,18,20,40.0,111.5,21.75,68.0
MOT17-10-FRCNN,19,20,40.0,111.5,22.0,68.25
MOT17-10-FRCNN,20,20,40.0,111.5,22.0,68.0
MOT17-10-FRCNN,21,20,40.0,110.0,22.0,68.0
MOT17-10-FRCNN,22,20,40.5,111.0,22.0,68.75
MOT17-10-FRCNN,23,20,40.5,111.5,22.0,69.5
MOT17-10-FRCNN,24,20,40.5,111.5,22.0,70.25
MOT17-10-FRCNN,25,20,40.5,111.5,22.0,70.25
MOT17-10-FRCNN,26,20,41.0,112.0,22.0,71.0
MOT17-10-FRCNN,27,20,41.5,112.0,22.0,71.0
MOT17-10-FRCNN,28,20,41.5,112.5,22.0,71.75
MOT17-10-FRCNN,29,20,42.0,112.5,22.75,71.75
MOT17-10-FRCNN,30,20,41.5,113.0,22.75,72.5
MOT17-10-FRCNN,31,20,40.5,112.5,22.75,72.5
MOT17-10-FRCNN,32,20,41.5,113.5,22.75,72.75
MOT17-10-FRCNN,33,20,42.0,114.0,24.25,73.0
MOT17-10-FRCNN,34,20,42.0,114.0,22.75,72.5
MOT17-10-FRCNN,35,19,44.0,120.0,22.5,71.5
MOT17-10-FRCNN,36,19,44.0,120.0,22.5,72.0
MOT17-10-FRCNN,37,19,44.0,121.0,22.5,72.5
MOT17-10-FRCNN,38,19,44.0,121.0,23.0,73.0
MOT17-10-FRCNN,39,19,44.0,119.0,23.0,73.0
MOT17-10-FRCNN,40,20,40.0,112.5,23.0,71.25
MOT17-10-FRCNN,41,22,40.5,112.0,24.5,73.5
MOT17-10-FRCNN,42,22,40.5,112.5,24.5,73.5
MOT17-10-FRCNN,43,22,40.5,113.5,24.5,73.75
MOT17-10-FRCNN,44,22,41.5,114.5,24.5,74.0
MOT17-10-FRCNN,45,22,42.0,115.0,24.5,73.75
MOT17-10-FRCNN,46,22,42.0,115.5,24.5,74.0
MOT17-10-FRCNN,47,22,41.5,115.5,25.25,74.25
MOT17-10-FRCNN,48,22,41.5,116.0,24.5,74.0
MOT17-10-FRCNN,49,22,41.5,116.0,25.25,74.25
MOT17-10-FRCNN,50,23,37.0,110.0,24.5,71.0
MOT17-10-FRCNN,51,22,37.5,111.0,25.25,74.5
MOT17-10-FRCNN,52,21,38.0,111.0,25.0,73.0
MOT17-10-FRCNN,53,21,40.0,112.0,25.0,73.0
MOT17-10-FRCNN,54,20,39.0,110.5,24.75,72.0
MOT17-10-FRCNN,55,20,39.5,110.5,25.5,72.0
MOT17-10-FRCNN,56,20,39.5,110.5,25.5,72.0
MOT17-10-FRCNN,57,20,40.0,110.5,25.5,72.0
MOT17-10-FRCNN,58,20,40.5,110.5,25.5,72.0
MOT17-10-FRCNN,59,20,40.5,110.5,25.5,72.0
MOT17-10-FRCNN,60,19,41.0,112.0,25.0,71.0
MOT17-10-FRCNN,61,18,40.0,111.5,24.5,70.0
MOT17-10-FRCNN,62,18,41.0,112.0,25.25,70.0
MOT17-10-FRCNN,63,18,41.0,112.0,26.0,69.25
MOT17-10-FRCNN,64,18,41.0,112.5,26.25,69.75
MOT17-10-FRCNN,65,17,42.0,113.0,26.0,69.0
MOT17-10-FRCNN,66,17,41.0,114.0,26.0,69.0
MOT17-10-FRCNN,67,16,42.0,116.0,31.25,84.5
MOT17-10-FRCNN,68,17,41.0,115.0,33.0,90.0
MOT17-10-FRCNN,69,17,41.0,115.0,34.0,89.0
MOT17-10-FRCNN,70,17,41.0,116.0,34.0,89.0
MOT17-10-FRCNN,71,15,41.0,115.0,34.5,91.0
MOT17-10-FRCNN,72,15,41.0,117.0,33.5,90.5
MOT17-10-FRCNN,73,14,44.5,119.5,34.25,96.25
MOT17-10-FRCNN,74,14,44.5,120.0,34.25,96.25
MOT17-10-FRCNN,75,14,44.0,120.0,34.25,97.0
MOT17-10-FRCNN,76,14,44.5,120.5,34.25,97.0
MOT17-10-FRCNN,77,14,44.0,120.5,34.25,97.75
MOT17-10-FRCNN,78,14,42.5,119.5,34.25,97.75
MOT17-10-FRCNN,79,14,41.5,118.5,35.0,98.5
MOT17-10-FRCNN,80,14,40.5,118.0,35.0,98.5
MOT17-10-FRCNN,81,14,40.0,117.0,35.25,98.5
MOT17-10-FRCNN,82,14,40.5,118.0,34.0,98.75
MOT17-10-FRCNN,83,13,40.0,119.0,34.0,95.0
MOT17-10-FRCNN,84,13,41.0,119.0,34.0,95.0
MOT17-10-FRCNN,85,13,42.0,120.0,34.0,95.0
MOT17-10-FRCNN,86,13,42.0,120.0,34.0,96.0
MOT17-10-FRCNN,87,13,42.0,121.0,33.0,96.0
MOT17-10-FRCNN,88,13,42.0,122.0,34.0,97.0
MOT17-10-FRCNN,89,13,42.0,122.0,35.0,97.0
MOT17-10-FRCNN,90,14,41.5,118.5,35.25,97.25
MOT17-10-FRCNN,91,14,40.5,116.0,35.5,97.25
MOT17-10-FRCNN,92,15,40.0,115.0,34.0,94.0
MOT17-10-FRCNN,93,15,40.0,116.0,33.5,94.0
MOT17-10-FRCNN,94,15,40.0,116.0,33.5,94.0
MOT17-10-FRCNN,95,16,37.5,114.0,33.75,94.0
MOT17-10-FRCNN,96,16,38.0,113.5,33.5,94.0
MOT17-10-FRCNN,97,16,38.0,114.0,33.5,94.0
MOT17-10-FRCNN,98,17,40.0,116.0,34.0,95.0
MOT17-10-FRCNN,99,16,38.5,114.0,33.5,94.0
MOT17-10-FRCNN,100,16,39.0,113.5,33.5,94.0
MOT17-10-FRCNN,101,16,39.0,113.5,33.25,94.25
MOT17-10-FRCNN,102,16,38.0,113.5,33.25,94.25
MOT17-10-FRCNN,103,16,38.0,113.5,31.75,94.25
MOT17-10-FRCNN,104,16,38.5,113.5,32.5,94.5
MOT17-10-FRCNN,105,16,38.5,113.5,33.25,94.5
MOT17-10-FRCNN,106,16,38.5,113.5,33.25,94.5
MOT17-10-FRCNN,107,16,39.0,113.5,33.25,94.75
MOT17-10-FRCNN,108,16,39.0,113.5,33.25,94.75
MOT17-10-FRCNN,109,16,39.5,113.5,33.25,94.75
MOT17-10-FRCNN,110,16,40.0,113.5,33.25,94.75
MOT17-10-FRCNN,111,16,40.5,113.5,33.25,94.75
MOT17-10-FRCNN,112,16,39.5,113.5,33.25,94.75
MOT17-10-FRCNN,113,16,39.0,113.5,33.25,94.75
MOT17-10-FRCNN,114,16,38.5,113.5,33.25,94.75
MOT17-10-FRCNN,115,16,39.0,113.5,33.25,94.75
MOT17-10-FRCNN,116,16,39.0,113.5,33.25,94.75
MOT17-10-FRCNN,117,16,39.0,113.5,33.25,94.75
MOT17-10-FRCNN,118,16,39.0,113.5,33.25,94.75
MOT17-10-FRCNN,119,17,39.0,111.0,34.0,95.0
MOT17-10-FRCNN,120,17,40.0,111.0,34.0,95.0
MOT17-10-FRCNN,121,17,40.0,111.0,34.0,95.0
MOT17-10-FRCNN,122,17,37.0,111.0,34.0,95.0
MOT17-10-FRCNN,123,17,36.0,111.0,34.0,96.0
MOT17-10-FRCNN,124,18,35.5,109.0,31.5,95.25
MOT17-10-FRCNN,125,18,35.5,109.5,31.5,95.5
MOT17-10-FRCNN,126,18,37.0,110.0,31.5,95.75
MOT17-10-FRCNN,127,19,37.0,110.0,28.5,88.0
MOT17-10-FRCNN,128,19,38.0,111.0,28.5,88.5
MOT17-10-FRCNN,129,19,37.0,111.0,28.5,88.5
MOT17-10-FRCNN,130,19,37.0,111.0,28.5,89.0
MOT17-10-FRCNN,131,19,37.0,111.0,28.5,89.0
MOT17-10-FRCNN,132,19,37.0,111.0,28.5,89.5
MOT17-10-FRCNN,133,19,34.0,111.0,28.5,89.5
MOT17-10-FRCNN,134,19,34.0,111.0,28.5,90.0
MOT17-10-FRCNN,135,19,34.0,111.0,28.5,90.5
MOT17-10-FRCNN,136,19,34.0,111.0,28.5,91.5
MOT17-10-FRCNN,137,19,34.0,111.0,28.5,91.5
MOT17-10-FRCNN,138,19,34.0,111.0,29.0,91.0
MOT17-10-FRCNN,139,19,34.0,111.0,29.0,91.0
MOT17-10-FRCNN,140,19,34.0,111.0,29.5,91.5
MOT17-10-FRCNN,141,19,34.0,111.0,29.5,91.0
MOT17-10-FRCNN,142,19,34.0,112.0,29.5,91.0
MOT17-10-FRCNN,143,20,34.0,109.0,28.0,80.25
MOT17-10-FRCNN,144,21,34.0,113.0,28.0,85.0
MOT17-10-FRCNN,145,21,35.0,113.0,28.0,86.0
MOT17-10-FRCNN,146,21,35.0,114.0,28.0,87.0
MOT17-10-FRCNN,147,21,36.0,114.0,28.0,88.0
MOT17-10-FRCNN,148,21,37.0,114.0,29.0,89.0
MOT17-10-FRCNN,149,21,37.0,115.0,29.0,89.0
MOT17-10-FRCNN,150,21,38.0,115.0,30.0,87.0
MOT17-10-FRCNN,151,21,38.0,116.0,30.0,86.0
MOT17-10-FRCNN,152,21,34.0,116.0,31.0,84.0
MOT17-10-FRCNN,153,21,33.0,115.0,29.0,85.0
MOT17-10-FRCNN,154,21,34.0,116.0,29.0,85.0
MOT17-10-FRCNN,155,21,34.0,115.0,30.0,85.0
MOT17-10-FRCNN,156,21,34.0,115.0,30.0,86.0
MOT17-10-FRCNN,157,21,35.0,115.0,31.0,86.0
MOT17-10-FRCNN,158,21,36.0,115.0,31.0,86.0
MOT17-10-FRCNN,159,21,37.0,115.0,31.0,87.0
MOT17-10-FRCNN,160,21,37.0,116.0,30.0,88.0
MOT17-10-FRCNN,161,21,38.0,116.0,30.0,89.0
MOT17-10-FRCNN,162,21,38.0,116.0,30.0,89.0
MOT17-10-FRCNN,163,20,37.0,112.5,29.25,84.5
MOT17-10-FRCNN,164,21,37.0,110.0,30.0,91.0
MOT17-10-FRCNN,165,21,37.0,111.0,30.0,92.0
MOT17-10-FRCNN,166,21,38.0,112.0,30.0,92.0
MOT17-10-FRCNN,167,21,38.0,113.0,30.0,93.0
MOT17-10-FRCNN,168,22,39.0,114.5,30.0,94.75
MOT17-10-FRCNN,169,21,38.0,115.0,29.0,94.0
MOT17-10-FRCNN,170,21,39.0,115.0,28.0,95.0
MOT17-10-FRCNN,171,21,39.0,114.0,26.0,96.0
MOT17-10-FRCNN,172,21,39.0,115.0,26.0,96.0
MOT17-10-FRCNN,173,21,39.0,115.0,27.0,96.0
MOT17-10-FRCNN,174,21,39.0,115.0,27.0,96.0
MOT17-10-FRCNN,175,22,39.5,112.0,29.25,93.75
MOT17-10-FRCNN,176,22,39.5,112.0,29.25,93.75
MOT17-10-FRCNN,177,22,40.0,112.0,30.0,93.5
MOT17-10-FRCNN,178,22,40.0,112.0,30.0,93.5
MOT17-10-FRCNN,179,22,40.0,112.0,30.75,93.5
MOT17-10-FRCNN,180,22,40.0,111.0,30.75,93.5
MOT17-10-FRCNN,181,23,40.0,110.0,32.0,94.0
MOT17-10-FRCNN,182,23,40.0,113.0,32.0,94.0
MOT17-10-FRCNN,183,23,40.0,115.0,31.5,94.0
MOT17-10-FRCNN,184,23,40.0,115.0,31.5,94.0
MOT17-10-FRCNN,185,23,40.0,115.0,31.5,94.0
MOT17-10-FRCNN,186,23,40.0,115.0,31.5,94.0
MOT17-10-FRCNN,187,23,40.0,115.0,31.5,94.0
MOT17-10-FRCNN,188,23,40.0,115.0,31.5,94.0
MOT17-10-FRCNN,189,23,40.0,115.0,31.5,94.0
MOT17-10-FRCNN,190,23,40.0,115.0,31.5,94.0
MOT17-10-FRCNN,191,23,40.0,115.0,31.5,94.0
MOT17-10-FRCNN,192,23,40.0,115.0,31.5,94.0
MOT17-10-FRCNN,193,23,40.0,115.0,31.5,94.0
MOT17-10-FRCNN,194,23,40.0,115.0,31.5,94.0
MOT17-10-FRCNN,195,23,40.0,115.0,31.5,94.0
MOT17-10-FRCNN,196,23,40.0,115.0,31.5,94.0
MOT17-10-FRCNN,197,23,40.0,115.0,31.5,94.0
MOT17-10-FRCNN,198,23,40.0,115.0,31.5,94.0
MOT17-10-FRCNN,199,23,40.0,115.0,31.5,94.0
MOT17-10-FRCNN,200,23,40.0,115.0,31.5,94.0
MOT17-10-FRCNN,201,22,40.0,115.5,32.25,95.75
MOT17-10-FRCNN,202,22,40.0,116.0,32.25,96.0
MOT17-10-FRCNN,203,23,40.0,115.0,31.5,94.5
MOT17-10-FRCNN,204,23,40.0,115.0,31.5,95.0
MOT17-10-FRCNN,205,23,41.0,115.0,31.5,96.0
MOT17-10-FRCNN,206,23,42.0,115.0,31.5,96.5
MOT17-10-FRCNN,207,23,42.0,115.0,31.5,97.5
MOT17-10-FRCNN,208,23,42.0,115.0,31.0,98.0
MOT17-10-FRCNN,209,23,42.0,115.0,31.0,98.0
MOT17-10-FRCNN,210,24,40.0,114.0,29.5,87.5
MOT17-10-FRCNN,211,24,38.5,112.0,29.5,87.5
MOT17-10-FRCNN,212,23,40.0,114.0,31.0,98.5
MOT17-10-FRCNN,213,23,40.0,115.0,31.0,98.5
MOT17-10-FRCNN,214,23,41.0,115.0,31.5,98.5
MOT17-10-FRCNN,215,23,42.0,115.0,32.0,98.5
MOT17-10-FRCNN,216,23,42.0,115.0,32.0,98.5
MOT17-10-FRCNN,217,23,42.0,115.0,32.5,98.5
MOT17-10-FRCNN,218,23,42.0,115.0,32.5,99.0
MOT17-10-FRCNN,219,23,42.0,115.0,32.5,99.0
MOT17-10-FRCNN,220,23,41.0,115.0,32.5,99.5
MOT17-10-FRCNN,221,23,40.0,115.0,32.5,99.5
MOT17-10-FRCNN,222,23,40.0,115.0,32.5,100.0
MOT17-10-FRCNN,223,23,40.0,115.0,32.5,100.0
MOT17-10-FRCNN,224,23,40.0,115.0,32.5,100.5
MOT17-10-FRCNN,225,23,42.0,115.0,32.5,100.5
MOT17-10-FRCNN,226,23,42.0,115.0,33.0,100.0
MOT17-10-FRCNN,227,23,42.0,115.0,33.0,100.5
MOT17-10-FRCNN,228,23,42.0,116.0,33.5,100.5
MOT17-10-FRCNN,229,23,42.0,117.0,33.5,101.0
MOT17-10-FRCNN,230,23,41.0,118.0,33.5,101.0
MOT17-10-FRCNN,231,23,41.0,120.0,33.5,101.5
MOT17-10-FRCNN,232,24,41.5,120.5,33.75,102.75
MOT17-10-FRCNN,233,24,42.0,120.5,33.75,103.0
MOT17-10-FRCNN,234,24,42.5,120.5,33.75,103.0
MOT17-10-FRCNN,235,25,42.0,120.0,33.0,100.0
MOT17-10-FRCNN,236,25,42.0,120.0,33.0,100.0
MOT17-10-FRCNN,237,25,42.0,120.0,33.0,100.0
MOT17-10-FRCNN,238,25,41.0,120.0,34.0,100.0
MOT17-10-FRCNN,239,25,42.0,119.0,34.0,100.0
MOT17-10-FRCNN,240,25,42.0,119.0,34.0,100.0
MOT17-10-FRCNN,241,25,41.0,119.0,34.0,100.0
MOT17-10-FRCNN,242,25,41.0,119.0,34.0,100.0
MOT17-10-FRCNN,243,25,41.0,119.0,34.0,100.0
MOT17-10-FRCNN,244,25,41.0,119.0,34.0,100.0
MOT17-10-FRCNN,245,25,42.0,119.0,34.0,100.0
MOT17-10-FRCNN,246,25,42.0,119.0,34.0,100.0
MOT17-10-FRCNN,247,25,42.0,119.0,34.0,100.0
MOT17-10-FRCNN,248,25,42.0,119.0,34.0,100.0
MOT17-10-FRCNN,249,25,42.0,119.0,34.0,100.0
MOT17-10-FRCNN,250,25,41.0,119.0,34.0,100.0
MOT17-10-FRCNN,251,25,41.0,119.0,34.0,100.0
MOT17-10-FRCNN,252,25,41.0,119.0,34.0,100.0
MOT17-10-FRCNN,253,26,41.0,117.5,32.5,82.0
MOT17-10-FRCNN,254,26,41.5,118.0,33.25,82.75
MOT17-10-FRCNN,255,26,41.5,118.0,33.25,82.75
MOT17-10-FRCNN,256,26,41.5,118.5,33.25,82.75
MOT17-10-FRCNN,257,26,41.0,119.0,33.25,82.75
MOT17-10-FRCNN,258,26,41.5,119.5,33.25,83.5
MOT17-10-FRCNN,259,26,41.0,119.5,33.25,85.0
MOT17-10-FRCNN,260,27,42.0,120.0,33.5,91.0
MOT17-10-FRCNN,261,27,42.0,120.0,33.5,92.0
MOT17-10-FRCNN,262,27,41.0,121.0,33.5,91.5
MOT17-10-FRCNN,263,27,40.0,122.0,34.0,91.0
MOT17-10-FRCNN,264,27,42.0,122.0,34.5,90.0
MOT17-10-FRCNN,265,27,41.0,122.0,34.5,89.5
MOT17-10-FRCNN,266,26,41.0,121.0,33.75,82.75
MOT17-10-FRCNN,267,26,41.5,121.5,33.75,82.75
MOT17-10-FRCNN,268,26,41.0,121.5,34.0,82.75
MOT17-10-FRCNN,269,26,41.5,122.5,34.0,82.75
MOT17-10-FRCNN,270,26,41.0,122.5,34.75,82.75
MOT17-10-FRCNN,271,26,40.5,123.0,33.25,82.75
MOT17-10-FRCNN,272,26,41.0,123.0,33.25,82.75
MOT17-10-FRCNN,273,26,41.5,123.5,33.25,82.75
MOT17-10-FRCNN,274,26,42.0,124.0,33.25,82.75
MOT17-10-FRCNN,275,25,42.0,125.0,33.0,77.0
MOT17-10-FRCNN,276,25,42.0,125.0,33.0,77.0
MOT17-10-FRCNN,277,25,42.0,125.0,33.0,77.0
MOT17-10-FRCNN,278,25,43.0,126.0,33.0,77.0
MOT17-10-FRCNN,279,25,43.0,126.0,33.0,77.0
MOT17-10-FRCNN,280,24,42.0,125.0,33.0,77.0
MOT17-10-FRCNN,281,24,41.5,125.5,31.75,80.75
MOT17-10-FRCNN,282,24,41.5,125.5,32.5,80.0
MOT17-10-FRCNN,283,24,42.5,126.0,33.0,80.0
MOT17-10-FRCNN,284,24,44.0,126.5,32.75,80.0
MOT17-10-FRCNN,285,24,44.0,126.5,33.75,80.0
MOT17-10-FRCNN,286,24,44.0,127.0,33.75,80.0
MOT17-10-FRCNN,287,24,44.0,127.5,33.0,80.0
MOT17-10-FRCNN,288,24,44.0,127.5,31.25,82.25
MOT17-10-FRCNN,289,24,44.0,128.5,32.25,82.25
MOT17-10-FRCNN,290,24,43.5,128.5,33.0,82.25
MOT17-10-FRCNN,291,24,44.0,129.0,33.0,83.0
MOT17-10-FRCNN,292,24,44.0,130.0,33.0,83.75
MOT17-10-FRCNN,293,24,44.0,130.0,33.0,83.75
MOT17-10-FRCNN,294,24,45.5,130.5,33.0,84.5
MOT17-10-FRCNN,295,24,45.5,131.0,33.0,85.25
MOT17-10-FRCNN,296,24,46.0,131.0,33.75,85.25
MOT17-10-FRCNN,297,24,46.0,131.0,34.5,85.25
MOT17-10-FRCNN,298,24,48.0,131.0,35.25,85.25
MOT17-10-FRCNN,299,24,47.5,131.0,34.5,87.5
MOT17-10-FRCNN,300,24,47.0,131.0,33.75,89.0
MOT17-10-FRCNN,301,24,46.0,131.0,33.0,91.25
MOT17-10-FRCNN,302,24,44.5,131.0,33.0,90.5
MOT17-10-FRCNN,303,24,44.5,131.0,33.0,90.5
MOT17-10-FRCNN,304,24,46.0,131.0,33.0,89.75
MOT17-10-FRCNN,305,24,43.5,131.0,33.0,89.75
MOT17-10-FRCNN,306,24,43.5,131.0,33.0,89.0
MOT17-10-FRCNN,307,24,43.5,131.0,33.0,89.0
MOT17-10-FRCNN,308,24,44.0,131.0,33.0,89.75
MOT17-10-FRCNN,309,24,44.0,131.0,33.0,89.75
MOT17-10-FRCNN,310,24,45.0,131.0,33.0,89.75
MOT17-10-FRCNN,311,24,44.5,131.0,33.0,89.75
MOT17-10-FRCNN,312,24,45.0,131.0,33.0,89.0
MOT17-10-FRCNN,313,24,45.0,131.0,33.0,89.75
MOT17-10-FRCNN,314,24,47.0,131.0,33.0,90.5
MOT17-10-FRCNN,315,24,47.0,131.5,33.0,90.5
MOT17-10-FRCNN,316,24,47.0,132.0,33.0,90.5
MOT17-10-FRCNN,317,24,47.0,132.5,33.0,90.5
MOT17-10-FRCNN,318,24,47.5,132.5,33.0,89.75
MOT17-10-FRCNN,319,24,47.5,132.5,33.0,90.5
MOT17-10-FRCNN,320,24,48.0,132.5,33.0,91.25
MOT17-10-FRCNN,321,24,46.5,132.5,33.75,91.25
MOT17-10-FRCNN,322,24,46.0,132.5,34.5,92.0
MOT17-10-FRCNN,323,23,44.0,131.0,33.5,87.5
MOT17-10-FRCNN,324,23,46.0,131.0,33.5,87.5
MOT17-10-FRCNN,325,23,48.0,131.0,33.5,88.0
MOT17-10-FRCNN,326,23,47.0,131.0,33.5,88.0
MOT17-10-FRCNN,327,23,46.0,131.0,33.5,88.5
MOT17-10-FRCNN,328,23,45.0,131.0,33.5,89.0
MOT17-10-FRCNN,329,23,44.0,131.0,33.5,89.0
MOT17-10-FRCNN,330,23,45.0,131.0,33.5,89.0
MOT17-10-FRCNN,331,23,45.0,131.0,33.5,89.0
MOT17-10-FRCNN,332,23,44.0,131.0,33.5,89.0
MOT17-10-FRCNN,333,23,44.0,131.0,33.5,89.0
MOT17-10-FRCNN,334,23,45.0,131.0,33.5,89.0
MOT17-10-FRCNN,335,23,45.0,131.0,33.0,91.5
MOT17-10-FRCNN,336,22,44.5,132.0,34.5,103.5
MOT17-10-FRCNN,337,22,44.5,132.5,34.5,103.5
MOT17-10-FRCNN,338,22,44.5,133.0,34.25,103.5
MOT17-10-FRCNN,339,22,44.5,133.0,34.25,103.25
MOT17-10-FRCNN,340,22,44.5,133.5,34.25,103.0
MOT17-10-FRCNN,341,22,43.5,134.0,34.25,103.0
MOT17-10-FRCNN,342,21,45.0,137.0,35.0,109.0
MOT17-10-FRCNN,343,21,45.0,136.0,36.0,109.0
MOT17-10-FRCNN,344,21,45.0,136.0,37.0,109.0
MOT17-10-FRCNN,345,20,44.5,133.5,34.75,99.75
MOT17-10-FRCNN,346,20,44.5,133.5,35.5,99.75
MOT17-10-FRCNN,347,20,44.5,134.0,35.5,99.75
MOT17-10-FRCNN,348,20,44.5,134.5,35.5,99.75
MOT17-10-FRCNN,349,20,44.5,135.0,35.5,99.75
MOT17-10-FRCNN,350,21,45.0,135.0,25.0,72.0
MOT17-10-FRCNN,351,21,44.0,135.0,25.0,72.0
MOT17-10-FRCNN,352,20,44.5,130.0,25.0,70.5
MOT17-10-FRCNN,353,20,44.0,131.0,25.0,70.5
MOT17-10-FRCNN,354,20,43.5,132.0,25.0,70.5
MOT17-10-FRCNN,355,20,44.0,133.5,25.0,70.5
MOT17-10-FRCNN,356,20,44.0,133.5,25.0,70.25
MOT17-10-FRCNN,357,20,43.5,134.0,25.0,70.25
MOT17-10-FRCNN,358,20,44.0,134.0,25.0,70.25
MOT17-10-FRCNN,359,20,43.5,134.0,25.0,70.25
MOT17-10-FRCNN,360,20,43.5,134.0,25.0,70.25
MOT17-10-FRCNN,361,20,42.5,133.5,25.75,70.25
MOT17-10-FRCNN,362,20,43.5,134.0,25.75,71.0
MOT17-10-FRCNN,363,20,43.5,134.0,25.75,71.75
MOT17-10-FRCNN,364,20,43.5,134.0,25.5,72.5
MOT17-10-FRCNN,365,20,44.0,134.0,25.5,73.25
MOT17-10-FRCNN,366,20,43.5,134.5,25.75,73.25
MOT17-10-FRCNN,367,20,43.5,134.5,25.5,74.0
MOT17-10-FRCNN,368,20,43.5,135.0,26.25,74.75
MOT17-10-FRCNN,369,20,43.5,135.0,26.25,75.5
MOT17-10-FRCNN,370,20,43.5,134.5,26.25,75.5
MOT17-10-FRCNN,371,20,42.0,134.5,26.25,75.5
MOT17-10-FRCNN,372,20,43.5,134.5,26.5,75.5
MOT17-10-FRCNN,373,20,43.5,135.0,26.75,75.75
MOT17-10-FRCNN,374,20,43.5,135.0,26.75,75.75
MOT17-10-FRCNN,375,20,43.5,135.0,27.0,75.0
MOT17-10-FRCNN,376,20,43.5,135.0,28.0,75.75
MOT17-10-FRCNN,377,20,43.5,135.0,28.75,75.25
MOT17-10-FRCNN,378,20,43.5,135.5,29.75,76.0
MOT17-10-FRCNN,379,20,43.0,135.5,30.0,75.5
MOT17-10-FRCNN,380,20,43.5,136.0,30.0,75.5
MOT17-10-FRCNN,381,20,44.0,136.0,30.0,76.5
MOT17-10-FRCNN,382,20,43.5,136.0,30.0,76.5
MOT17-10-FRCNN,383,20,43.5,136.5,29.75,76.5
MOT17-10-FRCNN,384,20,43.0,137.5,30.0,76.75
MOT17-10-FRCNN,385,21,43.0,133.0,29.0,70.0
MOT17-10-FRCNN,386,21,43.0,134.0,29.0,71.0
MOT17-10-FRCNN,387,21,44.0,134.0,29.0,71.0
MOT17-10-FRCNN,388,21,44.0,134.0,29.0,72.0
MOT17-10-FRCNN,389,20,43.0,132.5,29.0,70.25
MOT17-10-FRCNN,390,20,43.0,132.5,28.75,70.25
MOT17-10-FRCNN,391,20,43.0,132.5,29.0,70.25
MOT17-10-FRCNN,392,20,43.5,133.0,29.0,70.25
MOT17-10-FRCNN,393,20,43.5,133.0,29.0,70.25
MOT17-10-FRCNN,394,20,44.0,133.5,29.0,70.25
MOT17-10-FRCNN,395,20,44.0,133.0,29.0,70.25
MOT17-10-FRCNN,396,20,44.5,134.0,29.0,70.25
MOT17-10-FRCNN,397,19,48.0,138.0,29.0,68.5
MOT17-10-FRCNN,398,19,48.0,139.0,29.0,68.5
MOT17-10-FRCNN,399,19,49.0,139.0,29.0,68.5
MOT17-10-FRCNN,400,19,49.0,140.0,29.0,68.5
MOT17-10-FRCNN,401,18,46.0,134.5,29.0,66.75
MOT17-10-FRCNN,402,18,46.0,136.0,29.0,66.75
MOT17-10-FRCNN,403,19,42.0,134.0,28.0,65.0
MOT17-10-FRCNN,404,19,42.0,137.0,27.5,65.5
MOT17-10-FRCNN,405,19,42.0,138.0,27.0,65.5
MOT17-10-FRCNN,406,19,42.0,141.0,26.0,65.5
MOT17-10-FRCNN,407,19,44.0,144.0,25.5,66.0
MOT17-10-FRCNN,408,19,46.0,144.0,26.0,66.5
MOT17-10-FRCNN,409,19,49.0,145.0,26.5,67.0
MOT17-10-FRCNN,410,19,50.0,145.0,27.0,67.5
MOT17-10-FRCNN,411,18,44.0,122.0,27.25,66.5
MOT17-10-FRCNN,412,18,44.5,122.0,27.5,66.75
MOT17-10-FRCNN,413,18,43.0,120.0,27.5,66.75
MOT17-10-FRCNN,414,18,41.0,118.0,27.5,66.75
MOT17-10-FRCNN,415,18,39.0,116.0,27.25,66.75
MOT17-10-FRCNN,416,18,40.5,117.5,27.0,66.75
MOT17-10-FRCNN,417,18,41.5,119.0,25.5,66.5
MOT17-10-FRCNN,418,18,42.0,120.0,26.25,66.5
MOT17-10-FRCNN,419,18,42.5,121.5,27.0,66.5
MOT17-10-FRCNN,420,18,43.5,123.0,27.25,66.5
MOT17-10-FRCNN,421,18,43.5,124.0,27.25,66.5
MOT17-10-FRCNN,422,18,44.5,124.0,27.25,66.5
MOT17-10-FRCNN,423,18,44.0,123.5,27.25,66.5
MOT17-10-FRCNN,424,18,43.0,123.0,27.25,66.0
MOT17-10-FRCNN,425,18,45.0,123.0,27.25,65.75
MOT17-10-FRCNN,426,18,45.0,123.5,27.25,65.5
MOT17-10-FRCNN,427,18,45.0,123.5,27.25,65.25
MOT17-10-FRCNN,428,18,45.0,123.5,27.25,65.75
MOT17-10-FRCNN,429,18,44.5,123.5,27.25,66.0
MOT17-10-FRCNN,430,18,44.5,123.5,27.25,66.5
MOT17-10-FRCNN,431,18,43.5,123.5,27.5,66.75
MOT17-10-FRCNN,432,18,43.5,124.0,27.5,66.75
MOT17-10-FRCNN,433,18,43.0,124.0,27.5,66.75
MOT17-10-FRCNN,434,18,43.0,124.5,27.5,66.75
MOT17-10-FRCNN,435,18,42.5,125.0,27.5,66.75
MOT17-10-FRCNN,436,18,42.5,125.0,27.5,66.75
MOT17-10-FRCNN,437,18,42.5,125.5,27.5,66.5
MOT17-10-FRCNN,438,18,42.5,125.5,27.5,66.5
MOT17-10-FRCNN,439,18,42.5,124.5,27.25,66.25
MOT17-10-FRCNN,440,18,42.5,122.5,27.25,66.0
MOT17-10-FRCNN,441,18,42.5,120.0,27.25,65.75
MOT17-10-FRCNN,442,18,42.5,122.5,27.25,65.5
MOT17-10-FRCNN,443,18,42.5,124.5,27.5,65.5
MOT17-10-FRCNN,444,18,42.5,126.0,27.25,65.5
MOT17-10-FRCNN,445,18,42.5,127.0,27.25,65.75
MOT17-10-FRCNN,446,18,42.5,127.0,28.25,66.0
MOT17-10-FRCNN,447,17,40.0,102.0,28.0,65.0
MOT17-10-FRCNN,448,17,40.0,102.0,28.0,65.0
MOT17-10-FRCNN,449,17,40.0,102.0,28.0,65.0
MOT17-10-FRCNN,450,17,40.0,102.0,28.0,65.0
MOT17-10-FRCNN,451,17,40.0,102.0,28.0,65.0
MOT17-10-FRCNN,452,17,40.0,102.0,28.0,65.0
MOT17-10-FRCNN,453,17,40.0,102.0,28.0,65.0
MOT17-10-FRCNN,454,17,40.0,102.0,28.0,65.0
MOT17-10-FRCNN,455,17,40.0,102.0,27.0,65.0
MOT17-10-FRCNN,456,17,40.0,102.0,27.0,64.0
MOT17-10-FRCNN,457,17,40.0,102.0,27.0,64.0
MOT17-10-FRCNN,458,17,40.0,102.0,27.0,64.0
MOT17-10-FRCNN,459,17,40.0,102.0,27.0,65.0
MOT17-10-FRCNN,460,17,40.0,102.0,26.0,64.0
MOT17-10-FRCNN,461,17,40.0,102.0,26.0,65.0
MOT17-10-FRCNN,462,17,40.0,102.0,26.0,65.0
MOT17-10-FRCNN,463,17,40.0,102.0,26.0,66.0
MOT17-10-FRCNN,464,17,40.0,102.0,26.0,66.0
MOT17-10-FRCNN,465,17,40.0,102.0,26.0,66.0
MOT17-10-FRCNN,466,17,40.0,102.0,26.0,66.0
MOT17-10-FRCNN,467,17,40.0,103.0,26.0,66.0
MOT17-10-FRCNN,468,17,40.0,103.0,27.0,66.0
MOT17-10-FRCNN,469,17,40.0,103.0,27.0,66.0
MOT17-10-FRCNN,470,17,40.0,103.0,27.0,65.0
MOT17-10-FRCNN,471,17,40.0,103.0,27.0,66.0
MOT17-10-FRCNN,472,17,39.0,104.0,27.0,65.0
MOT17-10-FRCNN,473,17,39.0,104.0,28.0,66.0
MOT17-10-FRCNN,474,16,37.5,93.5,27.0,65.0
MOT17-10-FRCNN,475,16,39.5,94.0,27.25,65.0
MOT17-10-FRCNN,476,16,37.0,94.0,27.0,65.0
MOT17-10-FRCNN,477,16,37.0,94.0,27.0,64.75
MOT17-10-FRCNN,478,16,37.0,94.0,27.0,65.0
MOT17-10-FRCNN,479,16,39.5,94.5,27.0,64.75
MOT17-10-FRCNN,480,15,39.0,105.0,26.0,65.0
MOT17-10-FRCNN,481,15,39.0,105.0,26.0,64.5
MOT17-10-FRCNN,482,15,39.0,105.0,26.0,65.0
MOT17-10-FRCNN,483,15,39.0,105.0,26.0,64.5
MOT17-10-FRCNN,484,15,39.0,105.0,26.0,64.5
MOT17-10-FRCNN,485,15,39.0,105.0,26.0,65.0
MOT17-10-FRCNN,486,15,39.0,105.0,26.0,65.0
MOT17-10-FRCNN,487,15,39.0,105.0,26.0,65.0
MOT17-10-FRCNN,488,16,41.0,105.5,27.0,65.0
MOT17-10-FRCNN,489,16,41.0,105.5,27.0,65.0
MOT17-10-FRCNN,490,16,41.5,105.5,27.0,65.0
MOT17-10-FRCNN,491,16,42.5,105.5,27.0,65.0
MOT17-10-FRCNN,492,16,41.0,106.0,27.0,65.0
MOT17-10-FRCNN,493,17,39.0,106.0,27.0,65.0
MOT17-10-FRCNN,494,17,39.0,106.0,27.0,65.0
MOT17-10-FRCNN,495,17,43.0,106.0,27.0,65.0
MOT17-10-FRCNN,496,17,38.0,106.0,27.0,65.0
MOT17-10-FRCNN,497,17,38.0,106.0,27.0,65.0
MOT17-10-FRCNN,498,17,39.0,106.0,27.0,65.0
MOT17-10-FRCNN,499,17,43.0,106.0,27.0,65.0
MOT17-10-FRCNN,500,17,42.0,106.0,27.0,65.0
MOT17-10-FRCNN,501,18,37.5,98.5,27.25,65.0
MOT17-10-FRCNN,502,18,37.5,98.0,27.0,65.25
MOT17-10-FRCNN,503,18,36.0,97.5,27.0,65.5
MOT17-10-FRCNN,504,18,36.5,97.5,27.0,65.5
MOT17-10-FRCNN,505,18,36.5,97.5,27.0,65.75
MOT17-10-FRCNN,506,18,36.5,97.5,27.25,65.75
MOT17-10-FRCNN,507,18,36.5,97.5,27.0,66.0
MOT17-10-FRCNN,508,18,38.0,99.0,27.0,66.25
MOT17-10-FRCNN,509,18,39.5,100.0,27.25,66.25
MOT17-10-FRCNN,510,18,40.5,101.5,27.25,66.25
MOT17-10-FRCNN,511,18,40.5,103.0,27.0,66.25
MOT17-10-FRCNN,512,18,39.0,101.5,28.0,66.25
MOT17-10-FRCNN,513,18,35.0,100.0,28.0,66.25
MOT17-10-FRCNN,514,18,39.5,102.0,27.25,66.5
MOT17-10-FRCNN,515,18,40.0,104.0,28.0,66.5
MOT17-10-FRCNN,516,18,40.0,102.0,28.0,66.5
MOT17-10-FRCNN,517,18,36.0,99.5,28.0,66.5
MOT17-10-FRCNN,518,18,40.0,102.5,28.0,66.75
MOT17-10-FRCNN,519,18,40.0,105.0,28.0,66.75
MOT17-10-FRCNN,520,18,40.0,104.0,28.0,66.75
MOT17-10-FRCNN,521,18,40.0,103.0,28.25,66.75
MOT17-10-FRCNN,522,18,39.0,102.5,28.0,66.75
MOT17-10-FRCNN,523,18,37.5,101.5,28.25,66.75
MOT17-10-FRCNN,524,18,38.5,103.5,28.0,66.75
MOT17-10-FRCNN,525,18,39.5,104.5,28.0,66.5
MOT17-10-FRCNN,526,18,40.5,105.5,28.0,66.5
MOT17-10-FRCNN,527,18,41.0,106.5,28.0,67.25
MOT17-10-FRCNN,528,18,41.0,107.5,28.25,68.0
MOT17-10-FRCNN,529,18,41.0,107.5,27.25,68.0
MOT17-10-FRCNN,530,18,41.0,107.0,25.0,65.5
MOT17-10-FRCNN,531,16,41.5,107.5,26.5,66.75
MOT17-10-FRCNN,532,16,41.5,107.0,26.0,66.75
MOT17-10-FRCNN,533,16,38.0,105.5,26.0,67.5
MOT17-10-FRCNN,534,16,41.5,108.0,26.0,68.25
MOT17-10-FRCNN,535,16,41.5,109.5,26.0,68.25
MOT17-10-FRCNN,536,16,41.5,110.0,26.0,68.25
MOT17-10-FRCNN,537,16,39.5,110.0,26.25,68.25
MOT17-10-FRCNN,538,16,41.5,111.0,26.0,68.25
MOT17-10-FRCNN,539,18,35.5,99.0,22.5,57.5
MOT17-10-FRCNN,540,18,35.5,99.5,22.5,58.5
MOT17-10-FRCNN,541,18,35.0,100.0,22.5,58.5
MOT17-10-FRCNN,542,18,35.0,100.0,22.5,58.25
MOT17-10-FRCNN,543,18,35.0,100.5,22.5,58.5
MOT17-10-FRCNN,544,20,31.0,87.5,21.5,55.25
MOT17-10-FRCNN,545,21,31.0,86.0,22.0,50.0
MOT17-10-FRCNN,546,21,31.0,85.0,22.0,50.0
MOT17-10-FRCNN,547,21,31.0,85.0,22.0,50.0
MOT17-10-FRCNN,548,21,31.0,85.0,22.0,50.0
MOT17-10-FRCNN,549,21,32.0,84.0,21.0,50.0
MOT17-10-FRCNN,550,21,32.0,84.0,21.0,50.0
MOT17-10-FRCNN,551,21,32.0,84.0,21.0,50.0
MOT17-10-FRCNN,552,21,32.0,84.0,21.0,51.0
MOT17-10-FRCNN,553,21,32.0,85.0,21.0,51.0
MOT17-10-FRCNN,554,21,33.0,86.0,21.0,51.0
MOT17-10-FRCNN,555,21,33.0,87.0,21.0,51.0
MOT17-10-FRCNN,556,21,33.0,88.0,21.0,51.0
MOT17-10-FRCNN,557,21,33.0,89.0,21.0,50.0
MOT17-10-FRCNN,558,21,33.0,90.0,21.0,50.0
MOT17-10-FRCNN,559,21,34.0,91.0,21.0,50.0
MOT17-10-FRCNN,560,21,34.0,92.0,21.0,50.0
MOT17-10-FRCNN,561,21,34.0,93.0,21.0,50.0
MOT17-10-FRCNN,562,21,34.0,94.0,21.0,50.0
MOT17-10-FRCNN,563,20,37.0,94.5,21.0,50.0
MOT17-10-FRCNN,564,20,37.0,94.5,22.0,50.75
MOT17-10-FRCNN,565,20,38.5,95.0,22.0,50.0
MOT17-10-FRCNN,566,20,38.0,95.5,22.0,50.0
MOT17-10-FRCNN,567,20,37.5,95.5,22.0,50.5
MOT17-10-FRCNN,568,20,37.0,96.5,22.0,51.25
MOT17-10-FRCNN,569,20,37.0,96.5,22.0,51.25
MOT17-10-FRCNN,570,20,36.5,97.5,22.75,52.0
MOT17-10-FRCNN,571,20,36.5,97.5,22.75,52.25
MOT17-10-FRCNN,572,20,36.5,98.5,23.5,51.5
MOT17-10-FRCNN,573,20,37.0,99.5,23.5,51.75
MOT17-10-FRCNN,574,20,38.0,100.0,23.5,51.75
MOT17-10-FRCNN,575,20,39.0,100.0,23.75,51.75
MOT17-10-FRCNN,576,20,40.0,101.0,23.75,51.75
MOT17-10-FRCNN,577,20,40.5,101.5,23.75,51.75
MOT17-10-FRCNN,578,20,40.5,102.5,23.75,51.75
MOT17-10-FRCNN,579,19,39.0,103.0,23.5,51.5
MOT17-10-FRCNN,580,19,39.0,104.0,23.5,51.5
MOT17-10-FRCNN,581,19,39.0,104.0,23.5,51.5
MOT17-10-FRCNN,582,19,39.0,105.0,23.5,51.5
MOT17-10-FRCNN,583,19,39.0,105.0,23.5,51.5
MOT17-10-FRCNN,584,20,34.5,87.5,23.75,52.25
MOT17-10-FRCNN,585,20,35.0,87.5,23.75,52.0
MOT17-10-FRCNN,586,20,34.5,88.0,23.75,52.75
MOT17-10-FRCNN,587,20,34.5,88.0,23.75,53.5
MOT17-10-FRCNN,588,20,34.5,88.0,23.75,53.5
MOT17-10-FRCNN,589,20,34.0,88.0,23.75,53.5
MOT17-10-FRCNN,590,20,34.0,88.5,23.75,53.5
MOT17-10-FRCNN,591,19,30.0,68.0,23.5,52.5
MOT17-10-FRCNN,592,19,30.0,69.0,23.5,52.5
MOT17-10-FRCNN,593,19,30.0,69.0,23.5,52.5
MOT17-10-FRCNN,594,19,30.0,69.0,23.5,52.5
MOT17-10-FRCNN,595,19,31.0,69.0,23.5,52.5
MOT17-10-FRCNN,596,19,30.0,69.0,23.5,52.5
MOT17-10-FRCNN,597,19,30.0,69.0,23.5,53.0
MOT17-10-FRCNN,598,19,29.0,69.0,23.5,53.5
MOT17-10-FRCNN,599,19,32.0,73.0,23.5,53.5
MOT17-10-FRCNN,600,19,32.0,73.0,23.5,53.5
MOT17-10-FRCNN,601,19,32.0,72.0,23.5,53.5
MOT17-10-FRCNN,602,18,30.5,66.5,23.25,51.75
MOT17-10-FRCNN,603,18,30.0,66.0,23.25,51.75
MOT17-10-FRCNN,604,18,30.0,65.5,23.25,51.75
MOT17-10-FRCNN,605,18,30.0,65.5,23.25,51.75
MOT17-10-FRCNN,606,17,29.0,62.0,23.0,50.0
MOT17-10-FRCNN,607,17,29.0,62.0,23.0,50.0
MOT17-10-FRCNN,608,17,29.0,62.0,23.0,49.0
MOT17-10-FRCNN,609,17,29.0,62.0,24.0,50.0
MOT17-10-FRCNN,610,17,29.0,62.0,24.0,49.0
MOT17-10-FRCNN,611,17,29.0,62.0,24.0,49.0
MOT17-10-FRCNN,612,17,29.0,62.0,24.0,49.0
MOT17-10-FRCNN,613,17,29.0,62.0,24.0,49.0
MOT17-10-FRCNN,614,17,29.0,63.0,24.0,49.0
MOT17-10-FRCNN,615,17,29.0,64.0,24.0,49.0
MOT17-10-FRCNN,616,17,29.0,65.0,24.0,49.0
MOT17-10-FRCNN,617,17,29.0,66.0,24.0,50.0
MOT17-10-FRCNN,618,16,28.5,64.0,23.0,50.0
MOT17-10-FRCNN,619,15,29.0,68.0,23.5,53.5
MOT17-10-FRCNN,620,15,29.0,68.0,23.0,54.0
MOT17-10-FRCNN,621,15,29.0,69.0,23.0,54.0
MOT17-10-FRCNN,622,15,29.0,68.0,22.5,53.5
MOT17-10-FRCNN,623,15,29.0,68.0,22.5,53.5
MOT17-10-FRCNN,624,15,30.0,69.0,22.5,53.5
MOT17-10-FRCNN,625,15,30.0,69.0,22.5,53.5
MOT17-10-FRCNN,626,15,30.0,69.0,23.0,54.0
MOT17-10-FRCNN,627,15,30.0,69.0,23.0,53.0
MOT17-10-FRCNN,628,15,30.0,70.0,23.5,54.0
MOT17-10-FRCNN,629,15,30.0,70.0,24.0,54.0
MOT17-10-FRCNN,630,15,30.0,70.0,24.0,54.0
MOT17-10-FRCNN,631,15,30.0,70.0,24.0,54.5
MOT17-10-FRCNN,632,15,30.0,69.0,23.5,54.0
MOT17-10-FRCNN,633,15,30.0,69.0,23.5,54.5
MOT17-10-FRCNN,634,15,30.0,69.0,23.5,55.0
MOT17-10-FRCNN,635,14,29.5,68.5,22.75,54.0
MOT17-10-FRCNN,636,14,29.5,68.0,22.75,54.0
MOT17-10-FRCNN,637,14,29.0,67.5,23.75,54.0
MOT17-10-FRCNN,638,14,29.5,66.5,23.75,54.0
MOT17-10-FRCNN,639,14,29.0,66.0,23.75,54.0
MOT17-10-FRCNN,640,14,29.5,65.5,23.5,54.0
MOT17-10-FRCNN,641,13,31.0,69.0,24.0,54.0
MOT17-10-FRCNN,642,13,32.0,69.0,24.0,53.0
MOT17-10-FRCNN,643,13,32.0,69.0,25.0,54.0
MOT17-10-FRCNN,644,13,33.0,68.0,25.0,54.0
MOT17-10-FRCNN,645,13,31.0,69.0,25.0,54.0
MOT17-10-FRCNN,646,13,32.0,69.0,25.0,54.0
MOT17-10-FRCNN,647,13,32.0,69.0,25.0,54.0
MOT17-10-FRCNN,648,13,32.0,70.0,25.0,54.0
MOT17-10-FRCNN,649,13,32.0,70.0,25.0,54.0
MOT17-10-FRCNN,650,13,33.0,70.0,25.0,54.0
MOT17-10-FRCNN,651,13,33.0,69.0,25.0,53.0
MOT17-10-FRCNN,652,13,32.0,69.0,25.0,54.0
MOT17-10-FRCNN,653,13,31.0,69.0,25.0,53.0
MOT17-10-FRCNN,654,13,30.0,69.0,25.0,53.0
MOT17-11-FRCNN,1,17,46.0,127.0,38.0,109.0
MOT17-11-FRCNN,2,17,46.0,127.0,38.0,109.0
MOT17-11-FRCNN,3,17,46.0,127.0,38.0,109.0
MOT17-11-FRCNN,4,17,46.0,127.0,38.0,109.0
MOT17-11-FRCNN,5,17,46.0,127.0,39.0,109.0
MOT17-11-FRCNN,6,17,46.0,127.0,39.0,110.0
MOT17-11-FRCNN,7,17,46.0,127.0,39.0,110.0
MOT17-11-FRCNN,8,17,46.0,127.0,39.0,110.0
MOT17-11-FRCNN,9,17,46.0,127.0,39.0,110.0
MOT17-11-FRCNN,10,17,46.0,127.0,39.0,110.0
MOT17-11-FRCNN,11,17,46.0,127.0,39.0,110.0
MOT17-11-FRCNN,12,17,46.0,127.0,38.0,110.0
MOT17-11-FRCNN,13,17,46.0,127.0,38.0,110.0
MOT17-11-FRCNN,14,16,45.5,124.0,38.0,109.0
MOT17-11-FRCNN,15,16,45.5,125.0,38.75,109.0
MOT17-11-FRCNN,16,16,46.0,125.5,38.75,109.0
MOT17-11-FRCNN,17,16,46.5,126.5,38.5,109.5
MOT17-11-FRCNN,18,16,46.5,127.5,38.75,109.5
MOT17-11-FRCNN,19,16,46.5,127.0,39.25,109.25
MOT17-11-FRCNN,20,15,47.0,133.0,38.5,107.5
MOT17-11-FRCNN,21,15,49.0,132.0,38.5,108.0
MOT17-11-FRCNN,22,15,48.0,132.0,38.5,108.0
MOT17-11-FRCNN,23,16,46.0,126.5,35.75,103.25
MOT17-11-FRCNN,24,14,45.5,134.5,34.0,101.5
MOT17-11-FRCNN,25,14,45.0,135.0,34.0,102.25
MOT17-11-FRCNN,26,15,44.0,135.0,32.0,105.5
MOT17-11-FRCNN,27,15,43.0,135.0,31.5,105.5
MOT17-11-FRCNN,28,15,43.0,135.0,32.5,105.5
MOT17-11-FRCNN,29,15,42.0,135.0,33.0,106.5
MOT17-11-FRCNN,30,15,42.0,135.0,33.5,108.0
MOT17-11-FRCNN,31,15,41.0,135.0,34.5,109.5
MOT17-11-FRCNN,32,15,41.0,135.0,35.5,107.5
MOT17-11-FRCNN,33,15,41.0,135.0,36.5,106.0
MOT17-11-FRCNN,34,15,41.0,135.0,38.0,106.0
MOT17-11-FRCNN,35,14,43.0,135.5,39.0,103.25
MOT17-11-FRCNN,36,14,43.0,135.5,40.0,103.25
MOT17-11-FRCNN,37,14,43.5,135.5,40.0,104.0
MOT17-11-FRCNN,38,14,44.0,135.5,40.0,103.75
MOT17-11-FRCNN,39,14,44.0,135.5,40.0,105.0
MOT17-11-FRCNN,40,14,44.0,135.5,40.25,106.0
MOT17-11-FRCNN,41,14,44.5,135.5,40.25,108.5
MOT17-11-FRCNN,42,14,44.0,135.5,40.25,108.5
MOT17-11-FRCNN,43,14,44.0,135.5,40.25,108.75
MOT17-11-FRCNN,44,14,44.0,135.5,40.25,107.75
MOT17-11-FRCNN,45,14,44.0,135.5,40.25,107.5
MOT17-11-FRCNN,46,14,44.5,136.0,41.0,107.25
MOT17-11-FRCNN,47,14,46.0,136.5,41.0,107.0
MOT17-11-FRCNN,48,14,47.5,137.0,40.25,108.0
MOT17-11-FRCNN,49,14,49.5,137.5,40.25,107.25
MOT17-11-FRCNN,50,14,49.5,137.5,40.25,108.25
MOT17-11-FRCNN,51,14,49.5,137.5,41.0,108.75
MOT17-11-FRCNN,52,14,49.5,137.5,41.0,108.5
MOT17-11-FRCNN,53,14,49.5,137.5,40.25,108.5
MOT17-11-FRCNN,54,14,49.5,137.5,40.25,108.5
MOT17-11-FRCNN,55,14,49.5,137.5,40.25,108.5
MOT17-11-FRCNN,56,14,49.5,137.5,40.25,108.75
MOT17-11-FRCNN,57,14,49.5,137.5,40.25,108.75
MOT17-11-FRCNN,58,13,53.0,139.0,41.0,107.0
MOT17-11-FRCNN,59,13,53.0,139.0,41.0,107.0
MOT17-11-FRCNN,60,13,53.0,139.0,41.0,107.0
MOT17-11-FRCNN,61,13,53.0,139.0,40.0,107.0
MOT17-11-FRCNN,62,13,53.0,140.0,40.0,107.0
MOT17-11-FRCNN,63,13,53.0,141.0,40.0,107.0
MOT17-11-FRCNN,64,13,52.0,141.0,39.0,107.0
MOT17-11-FRCNN,65,13,52.0,142.0,40.0,107.0
MOT17-11-FRCNN,66,13,52.0,143.0,40.0,108.0
MOT17-11-FRCNN,67,13,52.0,143.0,39.0,108.0
MOT17-11-FRCNN,68,13,52.0,143.0,40.0,108.0
MOT17-11-FRCNN,69,13,52.0,143.0,39.0,108.0
MOT17-11-FRCNN,70,13,52.0,143.0,39.0,108.0
MOT17-11-FRCNN,71,13,52.0,143.0,39.0,108.0
MOT17-11-FRCNN,72,13,52.0,143.0,39.0,108.0
MOT17-11-FRCNN,73,13,52.0,143.0,39.0,108.0
MOT17-11-FRCNN,74,13,52.0,143.0,38.0,108.0
MOT17-11-FRCNN,75,13,52.0,143.0,38.0,109.0
MOT17-11-FRCNN,76,13,52.0,143.0,38.0,109.0
MOT17-11-FRCNN,77,13,54.0,146.0,38.0,109.0
MOT17-11-FRCNN,78,12,50.5,142.0,37.5,109.0
MOT17-11-FRCNN,79,12,51.0,143.0,36.75,109.0
MOT17-11-FRCNN,80,12,52.0,144.0,36.75,109.0
MOT17-11-FRCNN,81,13,59.0,154.0,37.0,110.0
MOT17-11-FRCNN,82,13,60.0,157.0,37.0,110.0
MOT17-11-FRCNN,83,13,60.0,157.0,37.0,110.0
MOT17-11-FRCNN,84,13,60.0,157.0,37.0,110.0
MOT17-11-FRCNN,85,13,60.0,157.0,36.0,110.0
MOT17-11-FRCNN,86,13,60.0,157.0,36.0,110.0
MOT17-11-FRCNN,87,13,60.0,157.0,36.0,110.0
MOT17-11-FRCNN,88,13,60.0,157.0,36.0,110.0
MOT17-11-FRCNN,89,13,60.0,157.0,36.0,110.0
MOT17-11-FRCNN,90,14,53.0,146.5,35.75,108.5
MOT17-11-FRCNN,91,15,60.0,157.0,37.0,109.0
MOT17-11-FRCNN,92,15,60.0,157.0,36.0,109.0
MOT17-11-FRCNN,93,15,60.0,157.0,36.5,109.0
MOT17-11-FRCNN,94,15,60.0,157.0,36.0,108.5
MOT17-11-FRCNN,95,15,60.0,157.0,36.0,109.0
MOT17-11-FRCNN,96,15,60.0,157.0,36.5,108.5
MOT17-11-FRCNN,97,15,60.0,157.0,36.5,109.0
MOT17-11-FRCNN,98,15,60.0,157.0,36.5,109.5
MOT17-11-FRCNN,99,15,60.0,157.0,36.5,109.5
MOT17-11-FRCNN,100,14,66.0,177.5,38.25,113.0
MOT17-11-FRCNN,101,13,71.0,195.0,45.0,119.0
MOT17-11-FRCNN,102,13,71.0,196.0,45.0,118.0
MOT17-11-FRCNN,103,12,65.5,182.5,42.75,116.5
MOT17-11-FRCNN,104,12,66.5,183.5,41.75,116.5
MOT17-11-FRCNN,105,12,66.5,184.5,41.75,116.5
MOT17-11-FRCNN,106,12,68.0,185.0,41.75,116.5
MOT17-11-FRCNN,107,12,69.0,185.0,41.75,116.5
MOT17-11-FRCNN,108,12,69.0,185.0,41.75,116.5
MOT17-11-FRCNN,109,13,68.0,174.0,40.0,118.0
MOT17-11-FRCNN,110,13,68.0,174.0,42.0,119.0
MOT17-11-FRCNN,111,13,68.0,174.0,45.0,119.0
MOT17-11-FRCNN,112,13,68.0,174.0,44.0,119.0
MOT17-11-FRCNN,113,13,68.0,174.0,45.0,119.0
MOT17-11-FRCNN,114,13,68.0,174.0,45.0,119.0
MOT17-11-FRCNN,115,13,68.0,174.0,45.0,119.0
MOT17-11-FRCNN,116,12,70.0,183.5,47.25,131.75
MOT17-11-FRCNN,117,12,70.0,185.0,49.0,132.0
MOT17-11-FRCNN,118,12,70.0,187.0,49.5,131.75
MOT17-11-FRCNN,119,12,69.5,189.5,51.0,132.0
MOT17-11-FRCNN,120,12,69.5,191.5,52.75,132.0
MOT17-11-FRCNN,121,12,70.0,192.5,54.0,131.0
MOT17-11-FRCNN,122,12,69.5,195.0,52.75,131.25
MOT17-11-FRCNN,123,13,68.0,186.0,52.0,136.0
MOT17-11-FRCNN,124,13,68.0,188.0,51.0,135.0
MOT17-11-FRCNN,125,13,67.0,189.0,48.0,136.0
MOT17-11-FRCNN,126,13,67.0,189.0,46.0,136.0
MOT17-11-FRCNN,127,13,67.0,189.0,46.0,136.0
MOT17-11-FRCNN,128,12,69.0,200.5,46.0,132.25
MOT17-11-FRCNN,129,12,69.0,200.5,46.0,132.25
MOT17-11-FRCNN,130,12,69.0,201.5,46.0,132.5
MOT17-11-FRCNN,131,12,69.5,204.5,46.0,132.25
MOT17-11-FRCNN,132,12,70.5,207.0,48.25,132.5
MOT17-11-FRCNN,133,12,70.5,209.5,50.5,132.5
MOT17-11-FRCNN,134,12,71.5,212.0,52.75,132.5
MOT17-11-FRCNN,135,12,72.5,214.5,52.75,132.5
MOT17-11-FRCNN,136,12,75.0,216.0,52.75,132.5
MOT17-11-FRCNN,137,12,76.5,217.0,53.5,132.5
MOT17-11-FRCNN,138,12,77.0,218.0,53.5,132.5
MOT17-11-FRCNN,139,12,78.5,219.5,51.25,132.5
MOT17-11-FRCNN,140,12,78.5,220.0,49.75,132.5
MOT17-11-FRCNN,141,12,80.0,220.5,48.25,132.5
MOT17-11-FRCNN,142,12,81.0,220.5,46.0,132.5
MOT17-11-FRCNN,143,12,82.0,220.5,48.25,132.5
MOT17-11-FRCNN,144,11,84.0,226.0,54.5,148.0
MOT17-11-FRCNN,145,11,82.0,226.0,56.5,148.0
MOT17-11-FRCNN,146,11,81.0,227.0,58.5,147.5
MOT17-11-FRCNN,147,11,82.0,227.0,56.5,148.0
MOT17-11-FRCNN,148,11,82.0,226.0,54.5,148.0
MOT17-11-FRCNN,149,11,82.0,226.0,53.0,148.0
MOT17-11-FRCNN,150,11,83.0,226.0,51.0,148.0
MOT17-11-FRCNN,151,10,86.0,233.0,62.75,175.25
MOT17-11-FRCNN,152,10,85.5,236.0,62.75,175.75
MOT17-11-FRCNN,153,10,87.0,238.5,62.75,176.0
MOT17-11-FRCNN,154,10,87.0,241.5,62.75,176.5
MOT17-11-FRCNN,155,10,88.0,245.0,64.25,176.5
MOT17-11-FRCNN,156,10,89.0,248.5,65.75,176.5
MOT17-11-FRCNN,157,10,89.0,250.0,63.5,176.5
MOT17-11-FRCNN,158,10,88.5,251.0,63.5,176.5
MOT17-11-FRCNN,159,10,88.0,251.5,63.5,175.75
MOT17-11-FRCNN,160,10,88.0,252.5,63.5,175.75
MOT17-11-FRCNN,161,9,93.0,273.0,83.0,226.0
MOT17-11-FRCNN,162,9,97.0,273.0,83.0,226.0
MOT17-11-FRCNN,163,9,101.0,272.0,83.0,225.0
MOT17-11-FRCNN,164,9,103.0,272.0,83.0,226.0
MOT17-11-FRCNN,165,9,103.0,275.0,83.0,225.0
MOT17-11-FRCNN,166,9,103.0,279.0,83.0,226.0
MOT17-11-FRCNN,167,9,104.0,282.0,83.0,225.0
MOT17-11-FRCNN,168,9,105.0,286.0,83.0,226.0
MOT17-11-FRCNN,169,9,105.0,289.0,83.0,225.0
MOT17-11-FRCNN,170,9,104.0,292.0,83.0,226.0
MOT17-11-FRCNN,171,9,104.0,294.0,83.0,225.0
MOT17-11-FRCNN,172,10,103.5,278.5,54.5,187.5
MOT17-11-FRCNN,173,10,103.5,281.0,57.5,181.5
MOT17-11-FRCNN,174,10,103.0,283.0,60.0,175.5
MOT17-11-FRCNN,175,10,103.0,285.0,62.5,169.5
MOT17-11-FRCNN,176,10,102.5,289.5,63.25,171.0
MOT17-11-FRCNN,177,10,102.5,293.0,64.0,172.25
MOT17-11-FRCNN,178,10,103.0,297.0,65.0,173.25
MOT17-11-FRCNN,179,10,103.0,299.5,66.0,175.5
MOT17-11-FRCNN,180,10,103.0,302.5,66.75,176.0
MOT17-11-FRCNN,181,10,104.0,305.5,67.5,177.75
MOT17-11-FRCNN,182,10,105.0,308.0,68.5,177.5
MOT17-11-FRCNN,183,10,107.0,311.0,68.75,177.5
MOT17-11-FRCNN,184,9,106.0,294.0,62.0,162.0
MOT17-11-FRCNN,185,9,106.0,297.0,62.0,162.0
MOT17-11-FRCNN,186,8,110.0,319.0,83.0,208.5
MOT17-11-FRCNN,187,8,111.0,321.0,83.25,208.5
MOT17-11-FRCNN,188,8,112.0,322.5,84.0,209.25
MOT17-11-FRCNN,189,8,112.5,324.5,84.75,210.0
MOT17-11-FRCNN,190,8,115.5,328.0,84.75,210.75
MOT17-11-FRCNN,191,8,118.5,331.5,85.75,211.5
MOT17-11-FRCNN,192,10,100.0,266.0,81.75,219.75
MOT17-11-FRCNN,193,10,100.0,268.0,82.5,221.75
MOT17-11-FRCNN,194,10,100.0,271.0,83.5,223.25
MOT17-11-FRCNN,195,10,99.5,275.0,83.5,224.5
MOT17-11-FRCNN,196,10,99.5,278.0,84.5,225.0
MOT17-11-FRCNN,197,10,99.0,281.5,85.25,225.75
MOT17-11-FRCNN,198,10,99.5,284.5,85.5,226.25
MOT17-11-FRCNN,199,10,99.0,288.5,86.25,227.0
MOT17-11-FRCNN,200,10,99.0,292.0,86.5,227.5
MOT17-11-FRCNN,201,10,98.5,294.0,86.5,227.75
MOT17-11-FRCNN,202,10,98.5,297.0,86.5,228.25
MOT17-11-FRCNN,203,10,98.5,299.5,87.5,228.5
MOT17-11-FRCNN,204,10,98.0,302.5,87.5,229.0
MOT17-11-FRCNN,205,10,98.0,305.0,88.25,229.5
MOT17-11-FRCNN,206,10,98.5,307.5,88.25,230.0
MOT17-11-FRCNN,207,10,99.0,309.5,88.25,230.5
MOT17-11-FRCNN,208,10,99.0,312.0,87.5,230.75
MOT17-11-FRCNN,209,10,99.5,314.0,87.5,231.25
MOT17-11-FRCNN,210,10,100.0,315.0,86.75,231.5
MOT17-11-FRCNN,211,10,99.5,315.0,87.0,232.0
MOT17-11-FRCNN,212,10,100.0,316.0,86.25,232.5
MOT17-11-FRCNN,213,10,100.5,316.5,86.5,232.75
MOT17-11-FRCNN,214,10,101.0,318.0,86.5,233.25
MOT17-11-FRCNN,215,10,101.5,319.0,86.0,233.25
MOT17-11-FRCNN,216,10,101.5,320.0,86.0,233.5
MOT17-11-FRCNN,217,10,102.5,321.0,86.0,233.75
MOT17-11-FRCNN,218,10,103.0,323.0,86.0,233.75
MOT17-11-FRCNN,219,10,103.5,323.5,85.5,234.0
MOT17-11-FRCNN,220,10,103.5,324.5,85.5,234.25
MOT17-11-FRCNN,221,10,104.0,326.5,85.75,234.5
MOT17-11-FRCNN,222,10,105.0,326.5,85.5,234.75
MOT17-11-FRCNN,223,9,106.0,377.0,94.0,268.0
MOT17-11-FRCNN,224,9,106.0,378.0,94.0,269.0
MOT17-11-FRCNN,225,9,106.0,378.0,95.0,270.0
MOT17-11-FRCNN,226,9,107.0,379.0,95.0,270.0
MOT17-11-FRCNN,227,9,110.0,379.0,98.0,276.0
MOT17-11-FRCNN,228,9,112.0,380.0,102.0,282.0
MOT17-11-FRCNN,229,10,110.0,338.0,86.25,240.0
MOT17-11-FRCNN,230,10,113.0,340.0,85.75,241.5
MOT17-11-FRCNN,231,10,116.0,342.0,85.5,243.0
MOT17-11-FRCNN,232,10,119.0,344.0,85.5,244.5
MOT17-11-FRCNN,233,10,119.5,345.5,85.5,244.75
MOT17-11-FRCNN,234,10,117.0,347.0,85.5,245.0
MOT17-11-FRCNN,235,10,115.0,348.0,84.75,245.25
MOT17-11-FRCNN,236,10,113.0,349.0,85.5,246.25
MOT17-11-FRCNN,237,10,111.0,350.5,84.75,246.5
MOT17-11-FRCNN,238,10,109.5,351.5,85.0,246.75
MOT17-11-FRCNN,239,10,109.0,353.5,83.75,247.75
MOT17-11-FRCNN,240,10,110.0,355.5,84.25,249.25
MOT17-11-FRCNN,241,10,111.0,357.5,84.75,250.75
MOT17-11-FRCNN,242,10,113.5,360.0,84.0,253.0
MOT17-11-FRCNN,243,10,115.0,362.0,84.75,254.25
MOT17-11-FRCNN,244,10,117.0,364.5,84.0,255.75
MOT17-11-FRCNN,245,10,118.5,367.5,84.75,257.5
MOT17-11-FRCNN,246,10,120.0,371.0,84.0,258.25
MOT17-11-FRCNN,247,10,121.5,374.0,84.0,259.0
MOT17-11-FRCNN,248,11,122.0,366.0,71.0,215.5
MOT17-11-FRCNN,249,13,105.0,359.0,66.0,201.0
MOT17-11-FRCNN,250,14,101.0,343.0,69.0,206.75
MOT17-11-FRCNN,251,14,101.5,347.5,69.5,209.0
MOT17-11-FRCNN,252,13,105.0,374.0,67.0,210.0
MOT17-11-FRCNN,253,13,104.0,379.0,67.0,213.0
MOT17-11-FRCNN,254,13,105.0,384.0,67.0,214.0
MOT17-11-FRCNN,255,13,106.0,390.0,67.0,214.0
MOT17-11-FRCNN,256,12,106.0,366.0,60.75,194.75
MOT17-11-FRCNN,257,12,107.5,367.5,60.75,194.75
MOT17-11-FRCNN,258,12,108.0,369.0,60.75,194.75
MOT17-11-FRCNN,259,12,109.5,370.5,60.5,195.0
MOT17-11-FRCNN,260,12,110.0,372.0,60.5,195.0
MOT17-11-FRCNN,261,12,111.5,373.5,60.5,195.0
MOT17-11-FRCNN,262,12,112.0,375.0,60.5,195.0
MOT17-11-FRCNN,263,12,112.5,377.0,60.5,195.0
MOT17-11-FRCNN,264,12,113.5,378.5,60.5,195.0
MOT17-11-FRCNN,265,12,114.5,380.5,61.0,195.0
MOT17-11-FRCNN,266,12,115.5,382.0,61.5,195.25
MOT17-11-FRCNN,267,12,117.0,383.5,62.0,195.5
MOT17-11-FRCNN,268,12,118.5,386.0,62.0,195.75
MOT17-11-FRCNN,269,11,105.0,377.0,57.5,176.5
MOT17-11-FRCNN,270,11,105.0,381.0,57.5,176.5
MOT17-11-FRCNN,271,11,105.0,385.0,57.5,176.5
MOT17-11-FRCNN,272,11,105.0,388.0,58.0,177.0
MOT17-11-FRCNN,273,11,105.0,392.0,58.0,177.0
MOT17-11-FRCNN,274,11,105.0,396.0,58.0,177.5
MOT17-11-FRCNN,275,11,105.0,400.0,58.0,177.5
MOT17-11-FRCNN,276,11,105.0,404.0,58.0,178.0
MOT17-11-FRCNN,277,10,125.0,407.5,71.0,220.25
MOT17-11-FRCNN,278,10,125.5,410.5,71.0,220.25
MOT17-11-FRCNN,279,10,126.5,413.5,73.25,224.5
MOT17-11-FRCNN,280,10,128.0,416.5,75.5,228.25
MOT17-11-FRCNN,281,10,128.5,419.0,78.5,232.75
MOT17-11-FRCNN,282,10,129.5,422.0,77.5,233.0
MOT17-11-FRCNN,283,10,131.0,427.0,76.25,233.5
MOT17-11-FRCNN,284,10,132.0,431.5,75.0,234.75
MOT17-11-FRCNN,285,10,133.0,437.0,74.0,235.25
MOT17-11-FRCNN,286,9,162.0,461.0,91.0,244.0
MOT17-11-FRCNN,287,9,164.0,468.0,92.0,245.0
MOT17-11-FRCNN,288,9,165.0,476.0,94.0,247.0
MOT17-11-FRCNN,289,9,167.0,484.0,95.0,249.0
MOT17-11-FRCNN,290,9,168.0,491.0,96.0,251.0
MOT17-11-FRCNN,291,9,170.0,499.0,98.0,253.0
MOT17-11-FRCNN,292,9,172.0,506.0,98.0,256.0
MOT17-11-FRCNN,293,9,175.0,514.0,98.0,258.0
MOT17-11-FRCNN,294,9,177.0,522.0,98.0,260.0
MOT17-11-FRCNN,295,9,179.0,531.0,98.0,263.0
MOT17-11-FRCNN,296,9,181.0,539.0,98.0,265.0
MOT17-11-FRCNN,297,9,180.0,549.0,98.0,267.0
MOT17-11-FRCNN,298,9,180.0,559.0,98.0,269.0
MOT17-11-FRCNN,299,9,179.0,567.0,98.0,272.0
MOT17-11-FRCNN,300,10,143.5,496.0,60.5,174.25
MOT17-11-FRCNN,301,11,109.0,426.0,42.0,128.0
MOT17-11-FRCNN,302,11,110.0,426.0,41.5,130.0
MOT17-11-FRCNN,303,11,110.0,426.0,41.5,132.0
MOT17-11-FRCNN,304,11,110.0,427.0,41.5,134.0
MOT17-11-FRCNN,305,11,110.0,427.0,41.5,136.0
MOT17-11-FRCNN,306,11,110.0,427.0,41.5,138.0
MOT17-11-FRCNN,307,11,110.0,427.0,41.5,138.0
MOT17-11-FRCNN,308,11,110.0,428.0,41.0,138.0
MOT17-11-FRCNN,309,10,104.0,352.5,38.5,131.5
MOT17-11-FRCNN,310,10,104.0,352.5,38.5,131.5
MOT17-11-FRCNN,311,10,104.0,352.5,38.5,131.5
MOT17-11-FRCNN,312,10,104.0,352.5,38.5,131.5
MOT17-11-FRCNN,313,10,104.5,354.5,38.5,131.5
MOT17-11-FRCNN,314,10,105.0,356.0,38.5,131.5
MOT17-11-FRCNN,315,10,106.5,357.5,38.75,131.5
MOT17-11-FRCNN,316,10,107.5,358.5,38.75,131.5
MOT17-11-FRCNN,317,10,108.5,360.5,38.75,131.5
MOT17-11-FRCNN,318,10,110.0,361.5,38.5,131.5
MOT17-11-FRCNN,319,9,115.0,429.0,46.0,151.0
MOT17-11-FRCNN,320,9,116.0,429.0,46.0,151.0
MOT17-11-FRCNN,321,9,117.0,429.0,47.0,151.0
MOT17-11-FRCNN,322,9,117.0,428.0,47.0,151.0
MOT17-11-FRCNN,323,9,119.0,428.0,47.0,151.0
MOT17-11-FRCNN,324,9,119.0,428.0,47.0,151.0
MOT17-11-FRCNN,325,9,120.0,427.0,47.0,151.0
MOT17-11-FRCNN,326,9,121.0,427.0,47.0,151.0
MOT17-11-FRCNN,327,8,120.0,373.5,45.0,146.0
MOT17-11-FRCNN,328,8,121.5,375.0,45.75,146.75
MOT17-11-FRCNN,329,9,121.0,325.0,51.0,156.0
MOT17-11-FRCNN,330,9,123.0,328.0,52.0,158.0
MOT17-11-FRCNN,331,9,124.0,331.0,54.0,159.0
MOT17-11-FRCNN,332,9,124.0,333.0,54.0,161.0
MOT17-11-FRCNN,333,9,125.0,336.0,56.0,162.0
MOT17-11-FRCNN,334,9,125.0,338.0,57.0,164.0
MOT17-11-FRCNN,335,9,126.0,341.0,59.0,166.0
MOT17-11-FRCNN,336,7,128.0,431.0,93.0,265.5
MOT17-11-FRCNN,337,7,128.0,432.0,93.5,267.0
MOT17-11-FRCNN,338,7,129.0,432.0,95.0,268.5
MOT17-11-FRCNN,339,7,132.0,433.0,95.0,270.0
MOT17-11-FRCNN,340,8,149.5,413.0,111.75,314.5
MOT17-11-FRCNN,341,8,149.0,414.5,112.0,316.75
MOT17-11-FRCNN,342,8,149.0,416.5,112.25,319.0
MOT17-11-FRCNN,343,8,149.0,418.5,112.5,321.25
MOT17-11-FRCNN,344,8,149.0,420.5,112.75,323.5
MOT17-11-FRCNN,345,8,148.5,422.5,113.75,325.75
MOT17-11-FRCNN,346,7,140.0,412.0,99.0,281.0
MOT17-11-FRCNN,347,7,141.0,416.0,99.0,282.5
MOT17-11-FRCNN,348,7,142.0,419.0,99.5,284.0
MOT17-11-FRCNN,349,7,142.0,422.0,99.5,286.0
MOT17-11-FRCNN,350,7,142.0,426.0,99.5,288.5
MOT17-11-FRCNN,351,7,143.0,429.0,99.5,291.5
MOT17-11-FRCNN,352,7,143.0,433.0,99.5,294.5
MOT17-11-FRCNN,353,7,144.0,436.0,99.5,297.0
MOT17-11-FRCNN,354,7,144.0,440.0,99.5,299.5
MOT17-11-FRCNN,355,7,145.0,442.0,99.5,301.5
MOT17-11-FRCNN,356,7,145.0,443.0,99.5,304.5
MOT17-11-FRCNN,357,7,146.0,443.0,99.5,307.5
MOT17-11-FRCNN,358,7,146.0,444.0,99.5,310.0
MOT17-11-FRCNN,359,7,147.0,445.0,99.0,312.5
MOT17-11-FRCNN,360,7,147.0,445.0,99.0,315.5
MOT17-11-FRCNN,361,7,148.0,446.0,98.5,318.0
MOT17-11-FRCNN,362,7,148.0,447.0,99.0,320.0
MOT17-11-FRCNN,363,7,150.0,450.0,98.5,321.0
MOT17-11-FRCNN,364,7,153.0,455.0,98.5,322.0
MOT17-11-FRCNN,365,7,156.0,459.0,98.5,322.0
MOT17-11-FRCNN,366,7,159.0,464.0,98.5,322.5
MOT17-11-FRCNN,367,7,162.0,468.0,98.5,322.5
MOT17-11-FRCNN,368,7,164.0,473.0,98.5,322.5
MOT17-11-FRCNN,369,8,143.5,462.5,76.75,195.5
MOT17-11-FRCNN,370,8,143.0,465.0,77.25,197.0
MOT17-11-FRCNN,371,8,143.5,467.0,79.0,197.75
MOT17-11-FRCNN,372,8,144.5,468.5,80.25,198.5
MOT17-11-FRCNN,373,8,145.5,472.5,81.75,199.75
MOT17-11-FRCNN,374,8,146.0,476.0,81.0,202.0
MOT17-11-FRCNN,375,8,147.0,478.5,80.75,204.5
MOT17-11-FRCNN,376,8,147.5,482.5,80.75,207.75
MOT17-11-FRCNN,377,8,148.5,485.0,80.25,208.0
MOT17-11-FRCNN,378,9,122.0,447.0,71.0,203.0
MOT17-11-FRCNN,379,9,122.0,447.0,72.0,203.0
MOT17-11-FRCNN,380,9,122.0,447.0,74.0,203.0
MOT17-11-FRCNN,381,9,122.0,447.0,75.0,203.0
MOT17-11-FRCNN,382,9,123.0,447.0,77.0,203.0
MOT17-11-FRCNN,383,9,122.0,447.0,78.0,204.0
MOT17-11-FRCNN,384,9,123.0,447.0,78.0,205.0
MOT17-11-FRCNN,385,9,123.0,446.0,77.0,206.0
MOT17-11-FRCNN,386,9,123.0,446.0,76.0,207.0
MOT17-11-FRCNN,387,9,123.0,446.0,75.0,207.0
MOT17-11-FRCNN,388,9,124.0,446.0,75.0,208.0
MOT17-11-FRCNN,389,9,124.0,446.0,75.0,209.0
MOT17-11-FRCNN,390,9,124.0,446.0,76.0,209.0
MOT17-11-FRCNN,391,9,124.0,446.0,77.0,209.0
MOT17-11-FRCNN,392,9,124.0,446.0,77.0,210.0
MOT17-11-FRCNN,393,9,124.0,446.0,78.0,210.0
MOT17-11-FRCNN,394,9,124.0,445.0,79.0,210.0
MOT17-11-FRCNN,395,9,124.0,446.0,79.0,211.0
MOT17-11-FRCNN,396,9,124.0,445.0,79.0,212.0
MOT17-11-FRCNN,397,9,124.0,446.0,80.0,211.0
MOT17-11-FRCNN,398,9,124.0,445.0,80.0,212.0
MOT17-11-FRCNN,399,9,125.0,445.0,81.0,213.0
MOT17-11-FRCNN,400,9,126.0,445.0,81.0,212.0
MOT17-11-FRCNN,401,9,126.0,445.0,82.0,213.0
MOT17-11-FRCNN,402,9,126.0,445.0,82.0,214.0
MOT17-11-FRCNN,403,9,126.0,445.0,83.0,214.0
MOT17-11-FRCNN,404,9,126.0,444.0,83.0,214.0
MOT17-11-FRCNN,405,9,126.0,444.0,84.0,215.0
MOT17-11-FRCNN,406,9,126.0,444.0,84.0,216.0
MOT17-11-FRCNN,407,9,126.0,444.0,85.0,216.0
MOT17-11-FRCNN,408,9,126.0,444.0,85.0,217.0
MOT17-11-FRCNN,409,9,127.0,444.0,86.0,218.0
MOT17-11-FRCNN,410,9,128.0,444.0,87.0,218.0
MOT17-11-FRCNN,411,9,129.0,444.0,87.0,219.0
MOT17-11-FRCNN,412,9,130.0,444.0,88.0,220.0
MOT17-11-FRCNN,413,9,131.0,444.0,88.0,219.0
MOT17-11-FRCNN,414,9,132.0,443.0,89.0,220.0
MOT17-11-FRCNN,415,9,134.0,443.0,89.0,221.0
MOT17-11-FRCNN,416,9,135.0,443.0,89.0,221.0
MOT17-11-FRCNN,417,9,136.0,443.0,89.0,222.0
MOT17-11-FRCNN,418,9,137.0,443.0,89.0,223.0
MOT17-11-FRCNN,419,9,138.0,443.0,88.0,223.0
MOT17-11-FRCNN,420,9,138.0,443.0,90.0,224.0
MOT17-11-FRCNN,421,9,138.0,443.0,93.0,225.0
MOT17-11-FRCNN,422,9,138.0,443.0,96.0,227.0
MOT17-11-FRCNN,423,9,137.0,443.0,96.0,228.0
MOT17-11-FRCNN,424,9,137.0,443.0,96.0,230.0
MOT17-11-FRCNN,425,9,137.0,443.0,96.0,231.0
MOT17-11-FRCNN,426,9,136.0,443.0,95.0,231.0
MOT17-11-FRCNN,427,10,115.5,357.0,88.75,231.5
MOT17-11-FRCNN,428,11,95.0,255.0,82.0,226.0
MOT17-11-FRCNN,429,11,94.0,253.0,82.5,227.5
MOT17-11-FRCNN,430,11,94.0,251.0,82.0,228.5
MOT17-11-FRCNN,431,11,94.0,250.0,82.5,230.5
MOT17-11-FRCNN,432,11,96.0,248.0,82.5,231.5
MOT17-11-FRCNN,433,11,95.0,247.0,82.5,233.5
MOT17-11-FRCNN,434,11,94.0,246.0,83.0,235.0
MOT17-11-FRCNN,435,11,93.0,246.0,83.0,236.0
MOT17-11-FRCNN,436,11,92.0,244.0,82.5,236.5
MOT17-11-FRCNN,437,11,92.0,244.0,83.0,238.0
MOT17-11-FRCNN,438,11,91.0,245.0,83.5,240.0
MOT17-11-FRCNN,439,11,90.0,246.0,83.5,242.0
MOT17-11-FRCNN,440,11,89.0,245.0,84.0,242.0
MOT17-11-FRCNN,441,11,88.0,246.0,83.0,242.5
MOT17-11-FRCNN,442,11,87.0,249.0,82.0,241.0
MOT17-11-FRCNN,443,11,88.0,251.0,80.5,240.0
MOT17-11-FRCNN,444,11,88.0,254.0,80.5,239.5
MOT17-11-FRCNN,445,11,88.0,256.0,79.0,239.0
MOT17-11-FRCNN,446,11,88.0,258.0,78.0,238.0
MOT17-11-FRCNN,447,11,88.0,260.0,76.0,237.5
MOT17-11-FRCNN,448,11,88.0,262.0,75.0,237.0
MOT17-11-FRCNN,449,10,87.5,257.5,73.25,238.25
MOT17-11-FRCNN,450,10,87.5,259.0,76.0,239.25
MOT17-11-FRCNN,451,10,88.0,260.5,78.5,240.0
MOT17-11-FRCNN,452,10,88.5,261.5,81.25,240.75
MOT17-11-FRCNN,453,10,89.5,263.5,83.5,242.0
MOT17-11-FRCNN,454,10,91.0,265.0,86.0,242.75
MOT17-11-FRCNN,455,10,92.0,266.0,88.25,244.25
MOT17-11-FRCNN,456,10,93.0,267.5,90.0,245.0
MOT17-11-FRCNN,457,10,94.5,269.5,90.75,245.25
MOT17-11-FRCNN,458,10,96.5,271.0,91.75,246.25
MOT17-11-FRCNN,459,10,99.0,273.5,91.75,246.25
MOT17-11-FRCNN,460,10,100.5,276.0,92.75,247.25
MOT17-11-FRCNN,461,10,103.0,278.0,92.5,246.75
MOT17-11-FRCNN,462,10,104.5,280.5,92.5,246.25
MOT17-11-FRCNN,463,10,105.0,282.0,93.25,245.75
MOT17-11-FRCNN,464,10,105.5,283.0,93.25,245.25
MOT17-11-FRCNN,465,10,105.5,284.5,94.0,245.25
MOT17-11-FRCNN,466,10,108.0,287.0,94.25,246.5
MOT17-11-FRCNN,467,10,109.5,289.5,94.25,247.5
MOT17-11-FRCNN,468,10,111.5,291.5,95.0,248.25
MOT17-11-FRCNN,469,10,112.5,294.0,95.0,249.5
MOT17-11-FRCNN,470,10,114.5,296.0,95.25,250.25
MOT17-11-FRCNN,471,10,115.5,298.5,95.25,250.5
MOT17-11-FRCNN,472,10,117.0,301.0,94.75,250.0
MOT17-11-FRCNN,473,10,118.0,303.0,94.0,250.25
MOT17-11-FRCNN,474,10,119.5,305.0,93.5,249.75
MOT17-11-FRCNN,475,10,120.0,306.5,92.75,249.75
MOT17-11-FRCNN,476,10,121.0,309.0,92.25,249.5
MOT17-11-FRCNN,477,10,122.0,311.0,91.5,249.5
MOT17-11-FRCNN,478,10,122.5,313.5,91.75,249.0
MOT17-11-FRCNN,479,10,124.0,315.0,91.75,249.25
MOT17-11-FRCNN,480,10,125.5,317.0,92.5,250.25
MOT17-11-FRCNN,481,10,126.5,319.5,93.5,251.25
MOT17-11-FRCNN,482,10,127.0,321.5,94.25,252.25
MOT17-11-FRCNN,483,10,127.0,323.5,94.25,252.5
MOT17-11-FRCNN,484,10,128.0,325.5,94.5,252.75
MOT17-11-FRCNN,485,10,128.0,327.5,95.25,253.75
MOT17-11-FRCNN,486,10,128.0,329.0,96.25,254.5
MOT17-11-FRCNN,487,11,117.0,305.0,87.5,246.0
MOT17-11-FRCNN,488,11,117.0,307.0,90.5,247.0
MOT17-11-FRCNN,489,11,117.0,308.0,93.5,247.5
MOT17-11-FRCNN,490,11,118.0,309.0,88.5,232.5
MOT17-11-FRCNN,491,11,118.0,310.0,87.0,232.5
MOT17-11-FRCNN,492,11,118.0,311.0,84.5,232.5
MOT17-11-FRCNN,493,11,118.0,312.0,83.0,233.0
MOT17-11-FRCNN,494,11,118.0,313.0,81.0,233.0
MOT17-11-FRCNN,495,11,120.0,315.0,81.0,233.5
MOT17-11-FRCNN,496,11,120.0,316.0,81.5,233.5
MOT17-11-FRCNN,497,11,120.0,317.0,81.5,234.0
MOT17-11-FRCNN,498,11,120.0,318.0,81.5,235.0
MOT17-11-FRCNN,499,11,120.0,320.0,82.0,235.5
MOT17-11-FRCNN,500,11,120.0,321.0,82.5,236.0
MOT17-11-FRCNN,501,11,121.0,322.0,83.0,237.0
MOT17-11-FRCNN,502,11,121.0,324.0,83.5,238.0
MOT17-11-FRCNN,503,11,121.0,325.0,83.5,239.5
MOT17-11-FRCNN,504,11,121.0,326.0,84.0,240.5
MOT17-11-FRCNN,505,11,121.0,327.0,84.5,242.0
MOT17-11-FRCNN,506,10,131.0,386.5,97.0,273.75
MOT17-11-FRCNN,507,10,131.0,389.5,97.25,274.75
MOT17-11-FRCNN,508,10,131.0,392.5,97.25,276.5
MOT17-11-FRCNN,509,10,131.0,393.5,98.25,278.25
MOT17-11-FRCNN,510,10,131.0,394.0,99.0,279.0
MOT17-11-FRCNN,511,10,131.5,395.0,100.0,280.0
MOT17-11-FRCNN,512,10,131.5,395.5,100.75,281.0
MOT17-11-FRCNN,513,10,131.5,396.5,100.75,283.25
MOT17-11-FRCNN,514,10,131.5,397.0,101.75,284.25
MOT17-11-FRCNN,515,10,132.0,398.0,102.5,285.25
MOT17-11-FRCNN,516,10,132.0,398.0,103.5,286.25
MOT17-11-FRCNN,517,10,133.0,399.5,103.5,288.0
MOT17-11-FRCNN,518,10,133.0,400.0,104.5,289.75
MOT17-11-FRCNN,519,10,133.0,400.5,104.5,291.5
MOT17-11-FRCNN,520,10,133.0,401.5,106.0,294.0
MOT17-11-FRCNN,521,10,133.0,402.5,106.25,295.75
MOT17-11-FRCNN,522,10,133.5,403.0,107.25,298.25
MOT17-11-FRCNN,523,10,133.5,404.0,108.25,300.0
MOT17-11-FRCNN,524,10,133.5,404.5,108.25,301.5
MOT17-11-FRCNN,525,10,133.5,405.5,110.25,304.25
MOT17-11-FRCNN,526,10,133.5,406.0,110.25,305.75
MOT17-11-FRCNN,527,10,134.0,407.0,111.25,308.5
MOT17-11-FRCNN,528,10,134.0,407.5,112.25,310.0
MOT17-11-FRCNN,529,10,134.0,408.0,113.0,312.75
MOT17-11-FRCNN,530,10,134.5,409.0,114.25,314.25
MOT17-11-FRCNN,531,10,134.5,409.5,115.0,317.0
MOT17-11-FRCNN,532,10,134.5,411.0,115.25,318.5
MOT17-11-FRCNN,533,10,135.0,411.5,116.0,320.5
MOT17-11-FRCNN,534,10,135.0,412.0,117.0,322.75
MOT17-11-FRCNN,535,10,136.0,413.0,117.75,324.75
MOT17-11-FRCNN,536,10,136.0,413.0,118.5,327.0
MOT17-11-FRCNN,537,10,136.5,414.5,118.5,328.25
MOT17-11-FRCNN,538,10,136.5,415.0,119.25,329.75
MOT17-11-FRCNN,539,10,136.0,415.5,120.25,331.0
MOT17-11-FRCNN,540,10,136.0,416.0,121.0,331.5
MOT17-11-FRCNN,541,10,135.5,417.0,121.0,333.0
MOT17-11-FRCNN,542,10,135.5,417.5,121.75,334.5
MOT17-11-FRCNN,543,10,135.5,418.5,122.5,335.75
MOT17-11-FRCNN,544,10,136.0,419.0,122.5,337.25
MOT17-11-FRCNN,545,10,136.0,419.5,123.0,337.75
MOT17-11-FRCNN,546,10,136.0,421.0,123.75,339.0
MOT17-11-FRCNN,547,10,136.0,421.0,124.25,340.5
MOT17-11-FRCNN,548,10,136.0,422.0,125.0,342.0
MOT17-11-FRCNN,549,10,136.5,423.0,124.75,343.25
MOT17-11-FRCNN,550,10,136.5,424.5,125.5,343.75
MOT17-11-FRCNN,551,10,136.5,425.5,126.0,345.25
MOT17-11-FRCNN,552,10,137.0,426.5,126.0,346.5
MOT17-11-FRCNN,553,9,133.0,389.0,126.0,341.0
MOT17-11-FRCNN,554,9,134.0,391.0,127.0,341.0
MOT17-11-FRCNN,555,9,134.0,393.0,127.0,342.0
MOT17-11-FRCNN,556,9,134.0,395.0,128.0,342.0
MOT17-11-FRCNN,557,9,135.0,397.0,129.0,342.0
MOT17-11-FRCNN,558,9,135.0,399.0,129.0,343.0
MOT17-11-FRCNN,559,9,141.0,401.0,130.0,343.0
MOT17-11-FRCNN,560,9,141.0,403.0,130.0,344.0
MOT17-11-FRCNN,561,9,141.0,405.0,131.0,344.0
MOT17-11-FRCNN,562,9,141.0,407.0,131.0,344.0
MOT17-11-FRCNN,563,9,141.0,409.0,131.0,346.0
MOT17-11-FRCNN,564,9,142.0,411.0,132.0,348.0
MOT17-11-FRCNN,565,9,142.0,413.0,133.0,350.0
MOT17-11-FRCNN,566,9,142.0,415.0,133.0,352.0
MOT17-11-FRCNN,567,9,142.0,417.0,133.0,353.0
MOT17-11-FRCNN,568,9,142.0,419.0,134.0,355.0
MOT17-11-FRCNN,569,9,142.0,421.0,134.0,357.0
MOT17-11-FRCNN,570,9,142.0,423.0,135.0,359.0
MOT17-11-FRCNN,571,9,142.0,425.0,135.0,360.0
MOT17-11-FRCNN,572,8,140.5,427.0,122.0,343.0
MOT17-11-FRCNN,573,8,141.0,430.0,122.0,344.25
MOT17-11-FRCNN,574,8,140.5,433.0,122.0,345.75
MOT17-11-FRCNN,575,8,141.0,436.5,123.0,346.5
MOT17-11-FRCNN,576,8,141.0,439.5,123.25,347.25
MOT17-11-FRCNN,577,8,141.0,442.5,123.25,348.75
MOT17-11-FRCNN,578,8,141.0,445.5,123.5,349.5
MOT17-11-FRCNN,579,8,141.5,448.5,124.75,350.75
MOT17-11-FRCNN,580,8,141.5,451.5,125.25,351.75
MOT17-11-FRCNN,581,8,141.5,455.0,125.5,353.0
MOT17-11-FRCNN,582,8,142.0,458.5,126.0,354.25
MOT17-11-FRCNN,583,8,142.0,460.5,126.25,357.0
MOT17-11-FRCNN,584,8,143.0,462.0,127.25,360.0
MOT17-11-FRCNN,585,8,142.5,463.0,127.5,362.75
MOT17-11-FRCNN,586,8,143.0,464.0,128.5,365.5
MOT17-11-FRCNN,587,8,143.0,465.0,128.0,368.5
MOT17-11-FRCNN,588,8,143.5,465.5,129.0,371.25
MOT17-11-FRCNN,589,9,143.0,459.0,103.0,318.0
MOT17-11-FRCNN,590,8,141.0,435.5,98.25,316.75
MOT17-11-FRCNN,591,8,141.0,437.0,99.0,319.75
MOT17-11-FRCNN,592,8,141.0,437.5,99.75,321.75
MOT17-11-FRCNN,593,9,139.0,403.0,81.0,315.0
MOT17-11-FRCNN,594,9,139.0,405.0,82.0,316.0
MOT17-11-FRCNN,595,9,139.0,407.0,83.0,317.0
MOT17-11-FRCNN,596,9,139.0,409.0,84.0,318.0
MOT17-11-FRCNN,597,9,140.0,412.0,85.0,319.0
MOT17-11-FRCNN,598,10,125.5,376.0,73.25,254.0
MOT17-11-FRCNN,599,10,126.0,378.0,73.5,254.25
MOT17-11-FRCNN,600,10,126.5,380.0,73.75,254.5
MOT17-11-FRCNN,601,10,127.0,382.0,74.0,254.75
MOT17-11-FRCNN,602,10,127.0,384.0,74.25,255.0
MOT17-11-FRCNN,603,10,127.5,386.5,74.25,255.25
MOT17-11-FRCNN,604,10,127.0,388.5,74.5,255.5
MOT17-11-FRCNN,605,10,127.0,390.5,74.75,255.75
MOT17-11-FRCNN,606,10,127.0,393.0,74.5,255.75
MOT17-11-FRCNN,607,9,119.0,356.0,69.0,232.0
MOT17-11-FRCNN,608,9,120.0,358.0,69.0,232.0
MOT17-11-FRCNN,609,9,121.0,359.0,71.0,231.0
MOT17-11-FRCNN,610,9,122.0,361.0,74.0,231.0
MOT17-11-FRCNN,611,9,123.0,363.0,77.0,231.0
MOT17-11-FRCNN,612,9,124.0,365.0,77.0,231.0
MOT17-11-FRCNN,613,9,125.0,367.0,77.0,231.0
MOT17-11-FRCNN,614,9,125.0,369.0,77.0,231.0
MOT17-11-FRCNN,615,9,126.0,372.0,77.0,231.0
MOT17-11-FRCNN,616,9,127.0,376.0,77.0,231.0
MOT17-11-FRCNN,617,9,127.0,380.0,77.0,231.0
MOT17-11-FRCNN,618,9,126.0,384.0,77.0,231.0
MOT17-11-FRCNN,619,10,128.0,395.5,81.0,260.5
MOT17-11-FRCNN,620,10,128.0,399.0,81.0,260.75
MOT17-11-FRCNN,621,10,128.0,401.5,81.0,261.25
MOT17-11-FRCNN,622,10,128.5,405.0,80.75,261.5
MOT17-11-FRCNN,623,10,129.0,408.0,81.0,261.75
MOT17-11-FRCNN,624,10,129.5,411.0,80.75,262.0
MOT17-11-FRCNN,625,10,130.0,414.0,80.75,262.5
MOT17-11-FRCNN,626,10,130.0,417.0,80.75,262.75
MOT17-11-FRCNN,627,11,124.0,417.0,78.0,217.0
MOT17-11-FRCNN,628,11,124.0,420.0,77.5,217.0
MOT17-11-FRCNN,629,10,130.5,426.5,81.5,262.75
MOT17-11-FRCNN,630,10,131.5,429.5,81.5,262.75
MOT17-11-FRCNN,631,10,131.5,432.5,81.5,262.75
MOT17-11-FRCNN,632,9,139.0,436.0,92.0,361.0
MOT17-11-FRCNN,633,9,139.0,439.0,92.0,365.0
MOT17-11-FRCNN,634,9,140.0,442.0,91.0,368.0
MOT17-11-FRCNN,635,9,141.0,446.0,92.0,371.0
MOT17-11-FRCNN,636,9,141.0,449.0,91.0,375.0
MOT17-11-FRCNN,637,9,142.0,454.0,91.0,378.0
MOT17-11-FRCNN,638,9,142.0,457.0,92.0,379.0
MOT17-11-FRCNN,639,10,138.5,457.0,100.75,379.25
MOT17-11-FRCNN,640,10,139.5,458.5,102.0,380.25
MOT17-11-FRCNN,641,10,141.5,460.5,103.5,381.25
MOT17-11-FRCNN,642,10,143.5,463.0,105.0,382.25
MOT17-11-FRCNN,643,10,143.5,465.0,105.75,383.0
MOT17-11-FRCNN,644,10,144.0,466.5,105.75,383.25
MOT17-11-FRCNN,645,10,144.0,469.0,105.75,383.5
MOT17-11-FRCNN,646,10,144.5,471.0,105.5,384.25
MOT17-11-FRCNN,647,10,144.5,472.5,104.75,386.5
MOT17-11-FRCNN,648,10,145.0,473.0,104.75,389.0
MOT17-11-FRCNN,649,10,145.0,473.0,104.75,390.5
MOT17-11-FRCNN,650,10,145.5,472.5,104.75,392.0
MOT17-11-FRCNN,651,10,145.5,472.0,104.75,393.5
MOT17-11-FRCNN,652,10,146.5,472.0,104.75,395.0
MOT17-11-FRCNN,653,10,148.0,472.5,104.75,395.75
MOT17-11-FRCNN,654,10,149.0,471.5,104.0,396.5
MOT17-11-FRCNN,655,10,150.5,471.5,104.5,400.5
MOT17-11-FRCNN,656,10,151.0,472.0,106.75,404.75
MOT17-11-FRCNN,657,10,152.5,472.0,107.75,408.25
MOT17-11-FRCNN,658,10,153.5,471.0,110.0,412.25
MOT17-11-FRCNN,659,10,155.0,471.0,111.25,415.0
MOT17-11-FRCNN,660,10,156.0,471.5,111.75,417.5
MOT17-11-FRCNN,661,10,157.0,471.0,111.75,419.25
MOT17-11-FRCNN,662,10,157.5,470.5,111.75,422.0
MOT17-11-FRCNN,663,10,157.5,470.5,111.0,424.5
MOT17-11-FRCNN,664,10,157.5,470.0,111.0,427.0
MOT17-11-FRCNN,665,10,158.0,470.0,111.0,429.75
MOT17-11-FRCNN,666,10,158.0,470.5,113.75,432.25
MOT17-11-FRCNN,667,10,158.0,473.0,116.75,434.25
MOT17-11-FRCNN,668,9,166.0,492.0,150.0,446.0
MOT17-11-FRCNN,669,9,166.0,493.0,150.0,446.0
MOT17-11-FRCNN,670,9,172.0,494.0,150.0,445.0
MOT17-11-FRCNN,671,9,180.0,494.0,150.0,445.0
MOT17-11-FRCNN,672,9,189.0,494.0,150.0,444.0
MOT17-11-FRCNN,673,9,197.0,494.0,150.0,444.0
MOT17-11-FRCNN,674,9,201.0,494.0,150.0,447.0
MOT17-11-FRCNN,675,9,204.0,495.0,150.0,448.0
MOT17-11-FRCNN,676,9,207.0,506.0,150.0,451.0
MOT17-11-FRCNN,677,9,210.0,516.0,150.0,454.0
MOT17-11-FRCNN,678,10,190.5,511.0,125.25,444.0
MOT17-11-FRCNN,679,10,192.0,516.0,126.0,444.0
MOT17-11-FRCNN,680,9,168.0,495.0,119.0,439.0
MOT17-11-FRCNN,681,9,171.0,495.0,121.0,439.0
MOT17-11-FRCNN,682,9,173.0,496.0,121.0,438.0
MOT17-11-FRCNN,683,9,176.0,496.0,123.0,437.0
MOT17-11-FRCNN,684,9,178.0,497.0,124.0,436.0
MOT17-11-FRCNN,685,9,181.0,497.0,125.0,435.0
MOT17-11-FRCNN,686,9,178.0,497.0,126.0,434.0
MOT17-11-FRCNN,687,9,176.0,497.0,127.0,433.0
MOT17-11-FRCNN,688,9,173.0,497.0,127.0,431.0
MOT17-11-FRCNN,689,9,171.0,498.0,128.0,430.0
MOT17-11-FRCNN,690,9,169.0,499.0,129.0,429.0
MOT17-11-FRCNN,691,9,170.0,499.0,130.0,429.0
MOT17-11-FRCNN,692,9,170.0,499.0,131.0,429.0
MOT17-11-FRCNN,693,9,170.0,500.0,132.0,429.0
MOT17-11-FRCNN,694,9,171.0,500.0,133.0,429.0
MOT17-11-FRCNN,695,9,171.0,500.0,134.0,429.0
MOT17-11-FRCNN,696,9,171.0,501.0,135.0,429.0
MOT17-11-FRCNN,697,9,172.0,504.0,136.0,429.0
MOT17-11-FRCNN,698,9,172.0,507.0,137.0,429.0
MOT17-11-FRCNN,699,9,172.0,510.0,138.0,429.0
MOT17-11-FRCNN,700,9,172.0,513.0,139.0,429.0
MOT17-11-FRCNN,701,9,173.0,517.0,140.0,429.0
MOT17-11-FRCNN,702,9,173.0,519.0,141.0,429.0
MOT17-11-FRCNN,703,9,173.0,522.0,142.0,429.0
MOT17-11-FRCNN,704,9,173.0,526.0,143.0,430.0
MOT17-11-FRCNN,705,9,173.0,529.0,144.0,430.0
MOT17-11-FRCNN,706,9,173.0,532.0,145.0,430.0
MOT17-11-FRCNN,707,9,173.0,536.0,147.0,431.0
MOT17-11-FRCNN,708,9,173.0,541.0,148.0,431.0
MOT17-11-FRCNN,709,9,173.0,545.0,150.0,431.0
MOT17-11-FRCNN,710,10,163.5,528.0,131.5,358.5
MOT17-11-FRCNN,711,10,163.5,530.0,132.75,361.0
MOT17-11-FRCNN,712,10,164.0,533.0,133.75,363.25
MOT17-11-FRCNN,713,10,165.0,535.0,134.5,365.5
MOT17-11-FRCNN,714,9,158.0,508.0,129.0,345.0
MOT17-11-FRCNN,715,9,159.0,509.0,130.0,348.0
MOT17-11-FRCNN,716,9,160.0,509.0,131.0,350.0
MOT17-11-FRCNN,717,9,162.0,509.0,133.0,353.0
MOT17-11-FRCNN,718,9,163.0,510.0,134.0,357.0
MOT17-11-FRCNN,719,9,165.0,511.0,135.0,362.0
MOT17-11-FRCNN,720,9,167.0,511.0,135.0,366.0
MOT17-11-FRCNN,721,9,168.0,511.0,136.0,370.0
MOT17-11-FRCNN,722,9,169.0,512.0,136.0,375.0
MOT17-11-FRCNN,723,9,171.0,512.0,137.0,379.0
MOT17-11-FRCNN,724,9,172.0,512.0,137.0,383.0
MOT17-11-FRCNN,725,9,174.0,512.0,138.0,387.0
MOT17-11-FRCNN,726,9,176.0,513.0,138.0,392.0
MOT17-11-FRCNN,727,9,177.0,513.0,140.0,396.0
MOT17-11-FRCNN,728,9,178.0,514.0,140.0,400.0
MOT17-11-FRCNN,729,9,178.0,514.0,141.0,405.0
MOT17-11-FRCNN,730,8,166.5,474.5,133.75,381.0
MOT17-11-FRCNN,731,8,166.0,475.0,134.75,385.25
MOT17-11-FRCNN,732,8,148.5,426.5,112.0,300.0
MOT17-11-FRCNN,733,8,149.0,428.5,112.5,301.75
MOT17-11-FRCNN,734,8,149.5,431.0,113.25,304.25
MOT17-11-FRCNN,735,8,149.5,433.5,114.5,308.5
MOT17-11-FRCNN,736,8,152.5,435.5,116.0,313.25
MOT17-11-FRCNN,737,8,155.5,439.0,117.5,318.0
MOT17-11-FRCNN,738,8,158.0,441.5,115.0,322.0
MOT17-11-FRCNN,739,8,157.0,445.0,113.5,326.0
MOT17-11-FRCNN,740,8,156.5,447.5,111.25,331.0
MOT17-11-FRCNN,741,8,157.0,450.5,112.5,333.25
MOT17-11-FRCNN,742,8,156.5,453.0,114.0,335.25
MOT17-11-FRCNN,743,8,138.0,393.5,98.5,308.5
MOT17-11-FRCNN,744,8,139.0,394.5,99.25,311.0
MOT17-11-FRCNN,745,8,139.5,395.5,100.75,313.5
MOT17-11-FRCNN,746,9,124.0,354.0,101.0,307.0
MOT17-11-FRCNN,747,9,124.0,355.0,100.0,310.0
MOT17-11-FRCNN,748,9,124.0,357.0,100.0,313.0
MOT17-11-FRCNN,749,9,125.0,357.0,101.0,316.0
MOT17-11-FRCNN,750,9,125.0,359.0,104.0,320.0
MOT17-11-FRCNN,751,9,125.0,360.0,106.0,323.0
MOT17-11-FRCNN,752,9,125.0,361.0,108.0,326.0
MOT17-11-FRCNN,753,9,123.0,364.0,111.0,329.0
MOT17-11-FRCNN,754,9,124.0,367.0,113.0,333.0
MOT17-11-FRCNN,755,8,140.5,404.0,118.75,345.75
MOT17-11-FRCNN,756,8,141.0,405.5,118.0,348.75
MOT17-11-FRCNN,757,8,142.0,407.5,119.0,352.5
MOT17-11-FRCNN,758,8,143.0,409.0,121.0,355.75
MOT17-11-FRCNN,759,8,143.5,410.5,122.0,358.75
MOT17-11-FRCNN,760,8,144.0,414.0,127.25,362.25
MOT17-11-FRCNN,761,8,146.5,418.0,129.5,366.0
MOT17-11-FRCNN,762,8,149.5,421.5,131.0,370.0
MOT17-11-FRCNN,763,8,152.5,425.5,132.5,373.0
MOT17-11-FRCNN,764,8,155.5,429.5,134.25,377.0
MOT17-11-FRCNN,765,8,159.0,433.5,136.5,380.75
MOT17-11-FRCNN,766,8,160.0,437.0,141.25,385.25
MOT17-11-FRCNN,767,8,159.5,441.5,146.25,388.75
MOT17-11-FRCNN,768,8,160.0,445.5,151.75,394.0
MOT17-11-FRCNN,769,8,159.0,449.0,153.75,400.75
MOT17-11-FRCNN,770,8,159.5,453.5,154.75,412.0
MOT17-11-FRCNN,771,8,159.5,457.0,155.5,423.0
MOT17-11-FRCNN,772,8,158.5,461.0,156.25,425.75
MOT17-11-FRCNN,773,9,157.0,445.0,157.0,420.0
MOT17-11-FRCNN,774,9,159.0,445.0,154.0,424.0
MOT17-11-FRCNN,775,9,159.0,445.0,153.0,428.0
MOT17-11-FRCNN,776,9,160.0,444.0,151.0,433.0
MOT17-11-FRCNN,777,9,159.0,445.0,153.0,437.0
MOT17-11-FRCNN,778,9,160.0,447.0,155.0,441.0
MOT17-11-FRCNN,779,9,160.0,450.0,157.0,444.0
MOT17-11-FRCNN,780,9,160.0,454.0,159.0,444.0
MOT17-11-FRCNN,781,9,161.0,457.0,159.0,444.0
MOT17-11-FRCNN,782,9,163.0,460.0,159.0,445.0
MOT17-11-FRCNN,783,10,161.5,464.0,142.5,409.75
MOT17-11-FRCNN,784,10,160.0,468.0,144.25,413.75
MOT17-11-FRCNN,785,10,160.0,476.0,146.25,415.25
MOT17-11-FRCNN,786,10,160.0,484.5,148.5,417.75
MOT17-11-FRCNN,787,10,160.5,493.0,150.75,419.25
MOT17-11-FRCNN,788,10,160.5,501.5,153.0,421.75
MOT17-11-FRCNN,789,10,165.5,511.5,152.5,424.0
MOT17-11-FRCNN,790,10,170.0,521.5,151.75,427.0
MOT17-11-FRCNN,791,9,162.0,528.0,148.0,424.0
MOT17-11-FRCNN,792,9,162.0,532.0,147.0,427.0
MOT17-11-FRCNN,793,9,163.0,532.0,148.0,431.0
MOT17-11-FRCNN,794,10,161.5,490.0,129.0,407.75
MOT17-11-FRCNN,795,10,162.0,490.0,130.25,411.0
MOT17-11-FRCNN,796,10,161.5,490.5,131.5,414.75
MOT17-11-FRCNN,797,10,162.0,490.5,131.75,419.0
MOT17-11-FRCNN,798,10,162.0,490.0,133.75,422.75
MOT17-11-FRCNN,799,10,162.0,492.0,135.75,425.75
MOT17-11-FRCNN,800,10,162.5,493.5,136.75,428.75
MOT17-11-FRCNN,801,10,162.5,495.0,138.25,432.0
MOT17-11-FRCNN,802,10,163.0,498.0,139.75,435.0
MOT17-11-FRCNN,803,10,164.0,501.0,140.5,438.0
MOT17-11-FRCNN,804,10,164.5,503.5,142.0,440.25
MOT17-11-FRCNN,805,10,165.0,506.5,143.5,444.0
MOT17-11-FRCNN,806,10,165.5,509.5,144.25,446.25
MOT17-11-FRCNN,807,10,166.5,512.5,145.75,450.0
MOT17-11-FRCNN,808,10,165.5,514.5,147.25,450.75
MOT17-11-FRCNN,809,10,165.5,516.5,148.0,451.75
MOT17-11-FRCNN,810,10,165.0,519.0,148.0,453.25
MOT17-11-FRCNN,811,10,164.5,522.0,148.75,455.75
MOT17-11-FRCNN,812,10,164.0,525.5,148.5,458.25
MOT17-11-FRCNN,813,10,164.0,528.5,149.25,460.0
MOT17-11-FRCNN,814,10,163.5,533.0,153.0,463.25
MOT17-11-FRCNN,815,10,163.0,537.5,157.25,465.25
MOT17-11-FRCNN,816,9,163.0,534.0,157.0,455.0
MOT17-11-FRCNN,817,9,169.0,534.0,156.0,455.0
MOT17-11-FRCNN,818,9,175.0,535.0,156.0,457.0
MOT17-11-FRCNN,819,9,177.0,534.0,157.0,457.0
MOT17-11-FRCNN,820,9,179.0,534.0,159.0,458.0
MOT17-11-FRCNN,821,9,180.0,540.0,160.0,459.0
MOT17-11-FRCNN,822,9,182.0,547.0,161.0,459.0
MOT17-11-FRCNN,823,9,184.0,554.0,162.0,458.0
MOT17-11-FRCNN,824,9,186.0,560.0,164.0,458.0
MOT17-11-FRCNN,825,9,187.0,568.0,164.0,458.0
MOT17-11-FRCNN,826,9,187.0,576.0,166.0,458.0
MOT17-11-FRCNN,827,9,188.0,584.0,167.0,457.0
MOT17-11-FRCNN,828,9,192.0,594.0,168.0,458.0
MOT17-11-FRCNN,829,9,197.0,604.0,168.0,457.0
MOT17-11-FRCNN,830,9,201.0,615.0,167.0,457.0
MOT17-11-FRCNN,831,10,207.5,591.5,170.5,476.0
MOT17-11-FRCNN,832,10,211.5,602.5,170.75,476.0
MOT17-11-FRCNN,833,10,215.5,613.5,170.0,475.75
MOT17-11-FRCNN,834,10,219.0,624.0,169.5,476.5
MOT17-11-FRCNN,835,10,222.5,633.5,169.5,477.25
MOT17-11-FRCNN,836,10,226.0,643.0,169.75,477.0
MOT17-11-FRCNN,837,12,208.0,577.5,102.5,322.25
MOT17-11-FRCNN,838,12,209.0,583.0,102.25,319.0
MOT17-11-FRCNN,839,12,211.0,588.0,102.0,315.25
MOT17-11-FRCNN,840,11,189.0,527.0,99.0,311.5
MOT17-11-FRCNN,841,11,191.0,526.0,99.5,315.5
MOT17-11-FRCNN,842,11,192.0,525.0,100.0,319.5
MOT17-11-FRCNN,843,11,193.0,525.0,101.0,323.5
MOT17-11-FRCNN,844,11,195.0,524.0,102.0,327.5
MOT17-11-FRCNN,845,12,136.0,411.0,40.0,111.25
MOT17-11-FRCNN,846,14,103.5,336.0,36.0,96.5
MOT17-11-FRCNN,847,14,106.0,340.0,36.25,97.0
MOT17-11-FRCNN,848,14,108.0,344.5,36.25,97.25
MOT17-11-FRCNN,849,14,110.5,349.0,36.25,97.5
MOT17-11-FRCNN,850,14,110.0,350.0,36.25,98.0
MOT17-11-FRCNN,851,14,110.0,351.0,36.5,98.0
MOT17-11-FRCNN,852,13,102.0,319.0,35.0,91.0
MOT17-11-FRCNN,853,13,102.0,321.0,35.0,91.0
MOT17-11-FRCNN,854,12,110.0,353.5,35.0,107.5
MOT17-11-FRCNN,855,11,118.0,384.0,35.5,113.0
MOT17-11-FRCNN,856,11,123.0,392.0,36.0,113.5
MOT17-11-FRCNN,857,11,129.0,400.0,36.0,114.5
MOT17-11-FRCNN,858,11,134.0,407.0,36.0,115.0
MOT17-11-FRCNN,859,11,140.0,416.0,36.0,115.5
MOT17-11-FRCNN,860,11,145.0,423.0,36.0,116.5
MOT17-11-FRCNN,861,12,126.0,383.5,35.25,112.0
MOT17-11-FRCNN,862,13,100.0,338.0,34.0,103.0
MOT17-11-FRCNN,863,13,100.0,339.0,34.0,103.0
MOT17-11-FRCNN,864,14,104.5,333.0,35.25,107.0
MOT17-11-FRCNN,865,14,104.0,336.0,34.5,107.0
MOT17-11-FRCNN,866,14,104.0,339.5,33.75,107.0
MOT17-11-FRCNN,867,14,104.0,343.0,33.75,107.0
MOT17-11-FRCNN,868,15,100.0,346.0,34.0,105.0
MOT17-11-FRCNN,869,15,99.0,348.0,34.0,104.5
MOT17-11-FRCNN,870,14,68.0,237.0,33.25,103.25
MOT17-11-FRCNN,871,15,38.0,124.0,34.0,96.5
MOT17-11-FRCNN,872,15,37.0,124.0,34.0,95.5
MOT17-11-FRCNN,873,15,37.0,124.0,34.0,95.0
MOT17-11-FRCNN,874,15,37.0,124.0,34.5,94.5
MOT17-11-FRCNN,875,14,37.0,121.5,34.0,95.25
MOT17-11-FRCNN,876,15,37.0,124.0,33.5,96.5
MOT17-11-FRCNN,877,15,37.0,124.0,33.5,96.5
MOT17-11-FRCNN,878,15,37.0,124.0,33.5,96.5
MOT17-11-FRCNN,879,15,37.0,124.0,33.5,96.5
MOT17-11-FRCNN,880,15,37.0,124.0,33.5,96.5
MOT17-11-FRCNN,881,15,37.0,124.0,33.5,96.5
MOT17-11-FRCNN,882,15,39.0,124.0,33.5,96.5
MOT17-11-FRCNN,883,15,41.0,124.0,33.5,96.5
MOT17-11-FRCNN,884,15,42.0,123.0,33.5,96.5
MOT17-11-FRCNN,885,15,42.0,123.0,33.5,97.0
MOT17-11-FRCNN,886,15,42.0,123.0,33.5,98.0
MOT17-11-FRCNN,887,15,42.0,123.0,33.5,98.5
MOT17-11-FRCNN,888,14,39.5,121.0,33.25,98.5
MOT17-11-FRCNN,889,14,40.0,121.0,33.25,100.0
MOT17-11-FRCNN,890,14,39.0,121.5,33.25,100.25
MOT17-11-FRCNN,891,16,38.0,121.5,33.75,101.5
MOT17-11-FRCNN,892,16,37.0,121.5,33.75,102.25
MOT17-11-FRCNN,893,16,38.5,121.5,33.75,102.25
MOT17-11-FRCNN,894,16,40.0,121.0,33.75,102.25
MOT17-11-FRCNN,895,16,40.0,121.0,33.75,102.25
MOT17-11-FRCNN,896,16,40.0,120.5,33.75,102.25
MOT17-11-FRCNN,897,17,44.0,122.0,34.0,103.0
MOT17-11-FRCNN,898,17,46.0,122.0,33.0,104.0
MOT17-11-FRCNN,899,17,47.0,122.0,33.0,104.0
MOT17-11-FRCNN,900,19,37.0,119.0,31.0,98.5
MOT17-13-FRCNN,1,22,29.0,73.0,16.25,45.25
MOT17-13-FRCNN,2,22,29.0,71.0,16.25,45.25
MOT17-13-FRCNN,3,21,26.0,71.0,16.0,46.0
MOT17-13-FRCNN,4,21,25.0,70.0,17.0,45.0
MOT17-13-FRCNN,5,21,25.0,70.0,17.0,46.0
MOT17-13-FRCNN,6,21,26.0,70.0,16.0,45.0
MOT17-13-FRCNN,7,21,25.0,71.0,16.0,47.0
MOT17-13-FRCNN,8,21,25.0,71.0,17.0,45.0
MOT17-13-FRCNN,9,21,25.0,72.0,16.0,45.0
MOT17-13-FRCNN,10,21,25.0,73.0,16.0,45.0
MOT17-13-FRCNN,11,21,28.0,73.0,16.0,46.0
MOT17-13-FRCNN,12,20,27.0,71.5,19.0,44.75
MOT17-13-FRCNN,13,21,26.0,69.0,17.0,44.0
MOT17-13-FRCNN,14,21,27.0,72.0,17.0,44.0
MOT17-13-FRCNN,15,22,25.0,70.5,17.25,44.5
MOT17-13-FRCNN,16,23,23.0,68.0,17.5,44.5
MOT17-13-FRCNN,17,23,23.0,69.0,17.0,44.5
MOT17-13-FRCNN,18,24,21.5,68.5,16.75,45.0
MOT17-13-FRCNN,19,24,21.0,69.5,16.0,45.0
MOT17-13-FRCNN,20,24,21.0,70.0,16.0,45.0
MOT17-13-FRCNN,21,23,19.0,67.0,16.0,45.5
MOT17-13-FRCNN,22,22,21.5,69.5,16.25,45.25
MOT17-13-FRCNN,23,22,21.5,70.0,16.25,45.25
MOT17-13-FRCNN,24,22,21.5,70.0,17.25,46.25
MOT17-13-FRCNN,25,22,21.5,70.0,16.25,46.25
MOT17-13-FRCNN,26,23,23.0,67.0,16.0,45.0
MOT17-13-FRCNN,27,23,23.0,67.0,16.0,46.0
MOT17-13-FRCNN,28,23,22.0,67.0,16.0,46.5
MOT17-13-FRCNN,29,23,23.0,67.0,16.0,48.0
MOT17-13-FRCNN,30,22,22.0,65.5,16.0,48.0
MOT17-13-FRCNN,31,23,23.0,66.0,16.5,48.0
MOT17-13-FRCNN,32,23,23.0,67.0,17.5,47.0
MOT17-13-FRCNN,33,23,24.0,66.0,18.0,48.0
MOT17-13-FRCNN,34,22,23.0,69.5,18.25,48.5
MOT17-13-FRCNN,35,22,22.5,68.5,18.25,48.25
MOT17-13-FRCNN,36,22,22.0,72.5,19.0,49.25
MOT17-13-FRCNN,37,21,22.0,75.0,19.0,49.0
MOT17-13-FRCNN,38,21,21.0,75.0,19.0,50.0
MOT17-13-FRCNN,39,21,21.0,75.0,19.0,50.0
MOT17-13-FRCNN,40,22,22.0,75.5,19.25,49.25
MOT17-13-FRCNN,41,22,22.5,77.0,19.25,49.5
MOT17-13-FRCNN,42,22,22.5,78.0,19.0,49.5
MOT17-13-FRCNN,43,23,21.0,79.0,19.0,49.5
MOT17-13-FRCNN,44,23,22.0,79.0,19.0,51.5
MOT17-13-FRCNN,45,24,21.5,67.0,18.75,50.5
MOT17-13-FRCNN,46,23,22.0,56.0,18.5,50.0
MOT17-13-FRCNN,47,23,23.0,57.0,18.5,50.0
MOT17-13-FRCNN,48,23,23.0,57.0,18.5,50.0
MOT17-13-FRCNN,49,23,23.0,58.0,19.0,50.0
MOT17-13-FRCNN,50,22,24.5,71.5,19.0,51.25
MOT17-13-FRCNN,51,22,24.5,72.0,19.0,51.25
MOT17-13-FRCNN,52,22,24.5,72.0,19.0,51.25
MOT17-13-FRCNN,53,23,25.0,72.0,19.5,51.5
MOT17-13-FRCNN,54,23,27.0,72.0,19.5,51.5
MOT17-13-FRCNN,55,23,27.0,72.0,20.0,51.5
MOT17-13-FRCNN,56,23,27.0,72.0,20.5,51.5
MOT17-13-FRCNN,57,23,26.0,73.0,21.0,51.5
MOT17-13-FRCNN,58,25,22.0,61.0,21.0,51.0
MOT17-13-FRCNN,59,25,23.0,62.0,21.0,51.0
MOT17-13-FRCNN,60,25,22.0,62.0,21.0,51.0
MOT17-13-FRCNN,61,25,23.0,58.0,19.0,50.0
MOT17-13-FRCNN,62,25,23.0,59.0,21.0,50.0
MOT17-13-FRCNN,63,25,23.0,59.0,20.0,51.0
MOT17-13-FRCNN,64,25,23.0,60.0,20.0,51.0
MOT17-13-FRCNN,65,25,23.0,59.0,21.0,52.0
MOT17-13-FRCNN,66,27,22.0,58.0,19.5,51.0
MOT17-13-FRCNN,67,27,22.0,58.0,20.5,51.0
MOT17-13-FRCNN,68,27,23.0,59.0,20.0,51.0
MOT17-13-FRCNN,69,27,22.0,58.0,19.0,52.5
MOT17-13-FRCNN,70,27,23.0,59.0,20.0,51.5
MOT17-13-FRCNN,71,27,23.0,59.0,20.0,50.5
MOT17-13-FRCNN,72,27,23.0,59.0,20.0,51.0
MOT17-13-FRCNN,73,26,23.0,60.0,20.0,50.75
MOT17-13-FRCNN,74,27,23.0,59.0,19.5,51.0
MOT17-13-FRCNN,75,27,23.0,59.0,20.0,50.0
MOT17-13-FRCNN,76,28,23.0,58.0,20.0,49.0
MOT17-13-FRCNN,77,28,23.0,57.5,20.0,49.75
MOT17-13-FRCNN,78,28,23.0,58.0,20.0,49.75
MOT17-13-FRCNN,79,28,23.0,58.5,19.75,49.0
MOT17-13-FRCNN,80,28,23.5,58.5,19.75,50.5
MOT17-13-FRCNN,81,28,23.5,58.5,20.75,50.5
MOT17-13-FRCNN,82,28,24.0,60.0,20.75,51.5
MOT17-13-FRCNN,83,28,23.5,60.0,20.0,52.5
MOT17-13-FRCNN,84,29,23.0,59.0,20.0,53.0
MOT17-13-FRCNN,85,30,23.0,59.0,20.0,52.25
MOT17-13-FRCNN,86,30,23.0,59.0,20.25,53.0
MOT17-13-FRCNN,87,30,23.0,59.0,20.0,53.0
MOT17-13-FRCNN,88,30,23.0,59.0,20.0,53.0
MOT17-13-FRCNN,89,30,23.0,59.5,19.25,53.0
MOT17-13-FRCNN,90,30,23.0,60.0,19.25,53.0
MOT17-13-FRCNN,91,30,24.0,60.5,20.0,53.0
MOT17-13-FRCNN,92,30,24.5,60.0,19.25,53.0
MOT17-13-FRCNN,93,30,24.5,60.0,19.25,53.0
MOT17-13-FRCNN,94,30,24.5,59.5,20.0,53.0
MOT17-13-FRCNN,95,30,23.5,59.0,20.0,53.0
MOT17-13-FRCNN,96,30,23.5,59.0,20.0,54.0
MOT17-13-FRCNN,97,31,23.0,59.0,20.0,54.0
MOT17-13-FRCNN,98,31,23.0,60.0,20.0,54.0
MOT17-13-FRCNN,99,31,23.0,60.0,20.0,54.0
MOT17-13-FRCNN,100,31,23.0,60.0,20.0,54.0
MOT17-13-FRCNN,101,32,23.0,60.0,20.0,53.0
MOT17-13-FRCNN,102,32,23.0,61.0,20.0,53.0
MOT17-13-FRCNN,103,32,22.5,60.5,20.0,53.0
MOT17-13-FRCNN,104,32,23.0,61.0,20.0,53.0
MOT17-13-FRCNN,105,32,22.5,61.0,20.0,53.0
MOT17-13-FRCNN,106,32,22.5,61.0,20.0,53.75
MOT17-13-FRCNN,107,32,22.5,61.5,19.75,53.75
MOT17-13-FRCNN,108,32,23.0,61.5,20.0,53.75
MOT17-13-FRCNN,109,31,23.0,62.0,20.0,53.5
MOT17-13-FRCNN,110,31,23.0,62.0,20.0,53.5
MOT17-13-FRCNN,111,31,23.0,62.0,20.0,53.5
MOT17-13-FRCNN,112,31,23.0,62.0,20.0,54.0
MOT17-13-FRCNN,113,31,23.0,63.0,20.0,55.0
MOT17-13-FRCNN,114,31,23.0,63.0,20.0,54.5
MOT17-13-FRCNN,115,31,23.0,63.0,19.5,54.5
MOT17-13-FRCNN,116,31,23.0,63.0,20.0,54.5
MOT17-13-FRCNN,117,32,23.0,63.0,20.0,54.75
MOT17-13-FRCNN,118,32,24.0,64.0,20.0,54.0
MOT17-13-FRCNN,119,31,24.0,63.0,20.0,55.0
MOT17-13-FRCNN,120,31,23.0,63.0,20.0,54.5
MOT17-13-FRCNN,121,31,24.0,64.0,20.0,54.0
MOT17-13-FRCNN,122,31,24.0,64.0,20.0,54.5
MOT17-13-FRCNN,123,31,23.0,64.0,20.0,54.5
MOT17-13-FRCNN,124,31,23.0,64.0,20.0,55.0
MOT17-13-FRCNN,125,30,23.0,63.5,20.0,55.25
MOT17-13-FRCNN,126,30,23.0,63.5,20.0,56.25
MOT17-13-FRCNN,127,31,23.0,64.0,20.0,55.0
MOT17-13-FRCNN,128,30,22.0,63.0,19.25,55.0
MOT17-13-FRCNN,129,30,22.0,63.0,20.0,54.25
MOT17-13-FRCNN,130,30,22.0,63.0,19.0,54.75
MOT17-13-FRCNN,131,30,22.0,63.5,19.25,54.75
MOT17-13-FRCNN,132,29,22.0,63.0,19.0,55.0
MOT17-13-FRCNN,133,28,21.5,63.5,19.75,54.75
MOT17-13-FRCNN,134,28,21.5,63.5,19.0,54.75
MOT17-13-FRCNN,135,28,22.0,63.5,20.0,55.5
MOT17-13-FRCNN,136,28,23.0,63.5,19.75,55.5
MOT17-13-FRCNN,137,28,22.0,62.5,19.75,55.5
MOT17-13-FRCNN,138,27,22.0,63.0,19.5,55.5
MOT17-13-FRCNN,139,27,22.0,63.0,20.0,55.0
MOT17-13-FRCNN,140,27,22.0,63.0,19.5,55.0
MOT17-13-FRCNN,141,27,22.0,63.0,19.0,55.5
MOT17-13-FRCNN,142,27,22.0,63.0,20.0,56.0
MOT17-13-FRCNN,143,26,22.0,62.5,20.0,55.5
MOT17-13-FRCNN,144,26,22.0,63.0,19.25,55.5
MOT17-13-FRCNN,145,26,22.5,63.0,20.0,56.25
MOT17-13-FRCNN,146,25,23.0,63.0,20.0,57.0
MOT17-13-FRCNN,147,25,22.0,63.0,20.0,57.0
MOT17-13-FRCNN,148,25,22.0,63.0,20.0,57.0
MOT17-13-FRCNN,149,25,22.0,63.0,19.0,57.0
MOT17-13-FRCNN,150,25,22.0,63.0,20.0,57.0
MOT17-13-FRCNN,151,24,22.0,62.0,19.75,57.75
MOT17-13-FRCNN,152,24,22.0,62.5,19.75,57.75
MOT17-13-FRCNN,153,24,22.0,62.5,19.75,58.5
MOT17-13-FRCNN,154,24,22.0,62.5,19.0,57.0
MOT17-13-FRCNN,155,24,22.5,62.5,20.0,58.75
MOT17-13-FRCNN,156,22,22.0,63.0,19.25,60.0
MOT17-13-FRCNN,157,22,22.0,63.0,19.5,60.0
MOT17-13-FRCNN,158,22,22.0,63.5,20.25,60.25
MOT17-13-FRCNN,159,22,22.0,63.5,20.0,60.0
MOT17-13-FRCNN,160,22,22.0,63.5,20.0,60.0
MOT17-13-FRCNN,161,22,22.0,63.5,20.0,60.25
MOT17-13-FRCNN,162,22,23.0,63.5,20.0,60.25
MOT17-13-FRCNN,163,22,23.5,64.0,20.0,59.25
MOT17-13-FRCNN,164,22,23.5,64.5,20.0,60.0
MOT17-13-FRCNN,165,22,23.5,64.5,19.5,61.25
MOT17-13-FRCNN,166,21,23.0,64.0,19.0,59.0
MOT17-13-FRCNN,167,21,23.0,64.0,21.0,60.0
MOT17-13-FRCNN,168,20,23.5,65.0,20.5,61.0
MOT17-13-FRCNN,169,20,23.0,65.0,20.5,61.5
MOT17-13-FRCNN,170,20,23.0,65.5,19.0,60.75
MOT17-13-FRCNN,171,20,23.0,63.5,20.5,60.75
MOT17-13-FRCNN,172,19,23.0,65.0,18.5,61.5
MOT17-13-FRCNN,173,19,23.0,64.0,20.0,61.5
MOT17-13-FRCNN,174,19,23.0,66.0,20.0,61.5
MOT17-13-FRCNN,175,19,23.0,67.0,20.5,62.0
MOT17-13-FRCNN,176,19,23.0,67.0,21.0,62.0
MOT17-13-FRCNN,177,19,24.0,67.0,21.0,62.0
MOT17-13-FRCNN,178,19,24.0,67.0,21.0,62.5
MOT17-13-FRCNN,179,20,24.0,66.5,21.0,63.0
MOT17-13-FRCNN,180,20,25.0,66.5,21.75,63.0
MOT17-13-FRCNN,181,20,25.0,66.5,21.0,63.0
MOT17-13-FRCNN,182,20,25.0,66.5,21.75,63.75
MOT17-13-FRCNN,183,19,24.0,66.0,21.5,63.5
MOT17-13-FRCNN,184,19,24.0,66.0,21.5,63.5
MOT17-13-FRCNN,185,19,24.0,67.0,21.5,63.0
MOT17-13-FRCNN,186,19,24.0,67.0,21.5,63.0
MOT17-13-FRCNN,187,19,24.0,67.0,21.5,63.0
MOT17-13-FRCNN,188,20,24.0,67.5,22.5,63.0
MOT17-13-FRCNN,189,20,24.0,68.5,22.5,63.5
MOT17-13-FRCNN,190,20,24.0,68.5,22.5,63.5
MOT17-13-FRCNN,191,20,24.5,69.0,22.5,63.5
MOT17-13-FRCNN,192,20,25.0,69.5,22.5,63.75
MOT17-13-FRCNN,193,20,25.0,68.5,22.5,63.0
MOT17-13-FRCNN,194,20,26.0,69.5,22.5,63.0
MOT17-13-FRCNN,195,22,26.5,70.0,22.25,63.25
MOT17-13-FRCNN,196,22,27.0,69.5,22.25,64.25
MOT17-13-FRCNN,197,22,26.5,70.5,22.0,63.5
MOT17-13-FRCNN,198,22,27.0,70.5,22.0,63.5
MOT17-13-FRCNN,199,22,26.5,70.5,22.0,64.0
MOT17-13-FRCNN,200,23,27.0,70.0,22.0,63.5
MOT17-13-FRCNN,201,21,26.0,72.0,22.0,63.0
MOT17-13-FRCNN,202,21,27.0,72.0,22.0,63.0
MOT17-13-FRCNN,203,21,27.0,73.0,23.0,63.0
MOT17-13-FRCNN,204,20,27.0,74.0,23.75,64.5
MOT17-13-FRCNN,205,20,27.0,74.5,23.75,64.75
MOT17-13-FRCNN,206,20,26.0,75.0,23.75,64.75
MOT17-13-FRCNN,207,21,26.0,75.0,23.0,65.0
MOT17-13-FRCNN,208,21,26.0,75.0,23.0,66.0
MOT17-13-FRCNN,209,21,26.0,75.0,23.0,65.0
MOT17-13-FRCNN,210,21,25.0,75.0,23.0,65.0
MOT17-13-FRCNN,211,21,26.0,76.0,23.0,68.0
MOT17-13-FRCNN,212,21,25.0,76.0,23.0,69.0
MOT17-13-FRCNN,213,21,25.0,76.0,23.0,69.0
MOT17-13-FRCNN,214,21,25.0,77.0,23.0,70.0
MOT17-13-FRCNN,215,20,25.5,77.0,23.0,69.75
MOT17-13-FRCNN,216,20,26.5,77.5,23.0,69.5
MOT17-13-FRCNN,217,20,26.5,77.5,23.0,69.5
MOT17-13-FRCNN,218,20,26.5,77.5,23.75,68.5
MOT17-13-FRCNN,219,20,26.5,78.0,23.0,68.25
MOT17-13-FRCNN,220,20,26.5,78.5,23.75,68.25
MOT17-13-FRCNN,221,20,26.0,78.0,23.75,68.25
MOT17-13-FRCNN,222,19,27.0,80.0,24.5,67.5
MOT17-13-FRCNN,223,19,28.0,81.0,24.5,68.0
MOT17-13-FRCNN,224,20,28.5,81.0,24.0,69.25
MOT17-13-FRCNN,225,20,27.5,81.5,23.75,70.25
MOT17-13-FRCNN,226,20,27.0,83.0,23.0,71.75
MOT17-13-FRCNN,227,20,27.0,83.0,24.75,71.0
MOT17-13-FRCNN,228,20,27.0,84.5,24.75,70.5
MOT17-13-FRCNN,229,21,27.0,84.0,25.0,69.0
MOT17-13-FRCNN,230,21,27.0,84.0,24.0,69.0
MOT17-13-FRCNN,231,21,27.0,84.0,23.0,69.0
MOT17-13-FRCNN,232,18,26.5,82.0,22.25,69.0
MOT17-13-FRCNN,233,19,27.0,80.0,23.5,70.0
MOT17-13-FRCNN,234,19,27.0,81.0,22.5,70.0
MOT17-13-FRCNN,235,18,27.0,83.5,23.0,70.0
MOT17-13-FRCNN,236,18,27.0,85.0,23.25,70.25
MOT17-13-FRCNN,237,18,27.5,85.0,23.0,70.0
MOT17-13-FRCNN,238,18,27.0,84.0,23.25,70.25
MOT17-13-FRCNN,239,18,27.5,86.0,23.5,70.25
MOT17-13-FRCNN,240,18,27.5,87.0,23.5,70.25
MOT17-13-FRCNN,241,18,27.5,87.0,23.5,70.25
MOT17-13-FRCNN,242,18,28.0,87.0,23.25,70.25
MOT17-13-FRCNN,243,18,28.5,88.0,23.25,70.25
MOT17-13-FRCNN,244,17,28.0,87.0,23.0,70.0
MOT17-13-FRCNN,245,17,29.0,87.0,24.0,71.0
MOT17-13-FRCNN,246,16,29.0,88.5,24.5,70.75
MOT17-13-FRCNN,247,16,30.0,87.0,24.75,71.5
MOT17-13-FRCNN,248,16,30.0,87.5,25.0,71.75
MOT17-13-FRCNN,249,16,30.0,89.5,24.75,71.5
MOT17-13-FRCNN,250,16,30.0,89.5,25.0,71.5
MOT17-13-FRCNN,251,16,30.0,89.5,25.0,72.0
MOT17-13-FRCNN,252,16,30.0,89.5,24.75,72.75
MOT17-13-FRCNN,253,16,30.0,90.5,24.75,72.0
MOT17-13-FRCNN,254,16,30.0,92.0,26.5,72.0
MOT17-13-FRCNN,255,15,33.0,94.0,25.5,75.0
MOT17-13-FRCNN,256,15,30.0,95.0,25.0,75.0
MOT17-13-FRCNN,257,16,32.0,95.0,24.75,73.5
MOT17-13-FRCNN,258,16,31.5,95.0,24.75,74.25
MOT17-13-FRCNN,259,16,31.5,95.5,25.0,74.25
MOT17-13-FRCNN,260,15,33.0,96.0,26.5,83.5
MOT17-13-FRCNN,261,15,33.0,97.0,26.5,84.5
MOT17-13-FRCNN,262,15,33.0,97.0,26.5,83.5
MOT17-13-FRCNN,263,16,31.5,97.5,28.0,79.25
MOT17-13-FRCNN,264,16,31.5,98.0,27.25,83.5
MOT17-13-FRCNN,265,16,32.0,98.5,28.0,88.0
MOT17-13-FRCNN,266,15,33.0,99.0,27.5,84.0
MOT17-13-FRCNN,267,15,33.0,99.0,29.0,81.0
MOT17-13-FRCNN,268,15,33.0,99.0,27.5,77.5
MOT17-13-FRCNN,269,14,32.5,100.0,28.25,79.5
MOT17-13-FRCNN,270,15,32.0,100.0,27.0,74.5
MOT17-13-FRCNN,271,16,30.5,99.0,27.25,71.5
MOT17-13-FRCNN,272,15,30.0,99.0,28.0,72.0
MOT17-13-FRCNN,273,15,30.0,99.0,26.0,71.0
MOT17-13-FRCNN,274,15,30.0,100.0,25.0,71.0
MOT17-13-FRCNN,275,15,29.0,100.0,23.5,71.5
MOT17-13-FRCNN,276,15,30.0,101.0,24.5,71.5
MOT17-13-FRCNN,277,14,31.5,102.0,24.25,74.75
MOT17-13-FRCNN,278,13,36.0,103.0,26.0,74.0
MOT17-13-FRCNN,279,12,36.0,103.0,28.0,76.5
MOT17-13-FRCNN,280,13,37.0,104.0,29.0,77.0
MOT17-13-FRCNN,281,14,37.0,103.5,26.75,77.0
MOT17-13-FRCNN,282,14,37.5,103.5,27.75,77.0
MOT17-13-FRCNN,283,15,38.0,104.0,29.0,77.5
MOT17-13-FRCNN,284,17,37.0,108.0,30.0,79.0
MOT17-13-FRCNN,285,17,38.0,106.0,30.0,79.0
MOT17-13-FRCNN,286,17,38.0,110.0,31.0,79.0
MOT17-13-FRCNN,287,17,37.0,111.0,31.0,78.0
MOT17-13-FRCNN,288,17,37.0,111.0,31.0,78.0
MOT17-13-FRCNN,289,15,36.0,109.0,30.0,77.0
MOT17-13-FRCNN,290,16,35.0,110.0,30.0,77.75
MOT17-13-FRCNN,291,17,35.0,111.0,31.0,79.0
MOT17-13-FRCNN,292,18,34.0,110.0,30.25,81.5
MOT17-13-FRCNN,293,18,34.0,110.5,30.25,82.75
MOT17-13-FRCNN,294,17,34.0,109.0,31.0,80.0
MOT17-13-FRCNN,295,17,35.0,109.0,31.0,80.0
MOT17-13-FRCNN,296,19,36.0,109.0,30.5,78.5
MOT17-13-FRCNN,297,19,36.0,110.0,30.0,78.0
MOT17-13-FRCNN,298,19,35.0,110.0,30.0,77.5
MOT17-13-FRCNN,299,19,35.0,110.0,29.5,77.5
MOT17-13-FRCNN,300,20,34.0,109.0,28.75,82.25
MOT17-13-FRCNN,301,20,34.0,110.0,27.5,82.0
MOT17-13-FRCNN,302,20,34.5,109.0,27.75,81.0
MOT17-13-FRCNN,303,20,33.0,108.0,27.25,80.0
MOT17-13-FRCNN,304,20,33.5,106.5,28.0,82.0
MOT17-13-FRCNN,305,20,34.0,108.0,27.75,82.75
MOT17-13-FRCNN,306,20,33.5,109.0,29.0,82.75
MOT17-13-FRCNN,307,20,32.5,110.0,30.75,84.0
MOT17-13-FRCNN,308,20,34.5,112.5,30.0,83.75
MOT17-13-FRCNN,309,20,32.5,115.5,29.75,82.75
MOT17-13-FRCNN,310,20,33.5,115.5,29.75,82.0
MOT17-13-FRCNN,311,20,34.0,115.5,27.75,82.25
MOT17-13-FRCNN,312,22,32.5,112.5,26.25,74.25
MOT17-13-FRCNN,313,23,34.0,110.0,27.0,69.0
MOT17-13-FRCNN,314,24,33.5,106.5,25.75,63.75
MOT17-13-FRCNN,315,24,33.0,102.5,26.0,63.5
MOT17-13-FRCNN,316,24,32.5,103.0,27.75,64.0
MOT17-13-FRCNN,317,24,32.5,103.0,27.75,64.0
MOT17-13-FRCNN,318,24,33.5,102.5,27.75,64.0
MOT17-13-FRCNN,319,24,33.5,103.0,27.0,68.5
MOT17-13-FRCNN,320,24,33.5,104.0,26.75,69.25
MOT17-13-FRCNN,321,24,32.5,102.0,26.0,70.75
MOT17-13-FRCNN,322,24,32.0,100.5,25.75,69.25
MOT17-13-FRCNN,323,24,32.0,96.5,26.0,69.25
MOT17-13-FRCNN,324,24,33.5,93.0,26.75,68.5
MOT17-13-FRCNN,325,24,33.5,92.0,27.0,67.0
MOT17-13-FRCNN,326,24,33.0,97.0,26.75,65.5
MOT17-13-FRCNN,327,26,32.0,82.5,28.0,68.5
MOT17-13-FRCNN,328,26,31.5,84.5,28.0,69.5
MOT17-13-FRCNN,329,26,32.0,86.0,28.25,72.0
MOT17-13-FRCNN,330,27,31.0,86.0,28.5,75.5
MOT17-13-FRCNN,331,27,32.0,87.0,28.0,73.5
MOT17-13-FRCNN,332,27,33.0,88.0,28.5,72.5
MOT17-13-FRCNN,333,27,33.0,89.0,29.0,70.5
MOT17-13-FRCNN,334,27,34.0,90.0,29.0,69.5
MOT17-13-FRCNN,335,27,34.0,91.0,29.0,67.5
MOT17-13-FRCNN,336,27,34.0,92.0,29.0,66.0
MOT17-13-FRCNN,337,25,34.0,93.0,29.0,70.0
MOT17-13-FRCNN,338,24,36.0,93.5,29.5,73.75
MOT17-13-FRCNN,339,24,36.5,93.5,29.25,76.0
MOT17-13-FRCNN,340,23,36.0,93.0,29.0,74.5
MOT17-13-FRCNN,341,23,36.0,93.0,29.0,73.0
MOT17-13-FRCNN,342,23,35.0,93.0,30.0,73.0
MOT17-13-FRCNN,343,23,36.0,93.0,30.5,74.0
MOT17-13-FRCNN,344,23,35.0,94.0,30.5,75.0
MOT17-13-FRCNN,345,23,37.0,94.0,31.0,76.0
MOT17-13-FRCNN,346,23,38.0,94.0,31.0,77.0
MOT17-13-FRCNN,347,23,38.0,94.0,32.0,77.0
MOT17-13-FRCNN,348,23,38.0,94.0,32.5,78.5
MOT17-13-FRCNN,349,23,38.0,96.0,32.5,78.0
MOT17-13-FRCNN,350,23,37.0,97.0,33.0,78.5
MOT17-13-FRCNN,351,23,38.0,98.0,32.5,79.0
MOT17-13-FRCNN,352,23,38.0,100.0,33.5,78.0
MOT17-13-FRCNN,353,22,39.0,96.5,33.0,79.25
MOT17-13-FRCNN,354,21,41.0,100.0,33.0,81.0
MOT17-13-FRCNN,355,21,40.0,98.0,33.0,81.0
MOT17-13-FRCNN,356,22,37.0,112.5,33.25,83.5
MOT17-13-FRCNN,357,22,37.5,115.0,34.0,84.25
MOT17-13-FRCNN,358,23,38.0,117.0,34.0,85.5
MOT17-13-FRCNN,359,23,37.0,121.0,33.0,85.5
MOT17-13-FRCNN,360,23,37.0,118.0,33.5,86.5
MOT17-13-FRCNN,361,23,38.0,117.0,33.5,87.0
MOT17-13-FRCNN,362,23,39.0,118.0,33.5,88.0
MOT17-13-FRCNN,363,23,40.0,114.0,33.5,89.5
MOT17-13-FRCNN,364,23,40.0,117.0,33.5,90.0
MOT17-13-FRCNN,365,23,37.0,125.0,33.5,91.0
MOT17-13-FRCNN,366,23,37.0,126.0,32.5,91.5
MOT17-13-FRCNN,367,23,40.0,124.0,32.5,92.0
MOT17-13-FRCNN,368,22,40.0,114.5,32.25,91.0
MOT17-13-FRCNN,369,22,40.0,115.0,33.25,91.25
MOT17-13-FRCNN,370,23,38.0,104.0,32.5,91.0
MOT17-13-FRCNN,371,21,43.0,101.0,33.0,89.0
MOT17-13-FRCNN,372,20,46.0,103.5,33.75,91.0
MOT17-13-FRCNN,373,20,45.5,103.5,33.75,93.5
MOT17-13-FRCNN,374,20,42.5,105.0,33.0,93.75
MOT17-13-FRCNN,375,19,42.0,105.0,32.5,93.5
MOT17-13-FRCNN,376,19,41.0,106.0,32.5,93.5
MOT17-13-FRCNN,377,19,41.0,106.0,32.5,94.0
MOT17-13-FRCNN,378,19,42.0,105.0,32.5,94.0
MOT17-13-FRCNN,379,19,43.0,102.0,33.0,93.5
MOT17-13-FRCNN,380,19,41.0,106.0,34.0,94.0
MOT17-13-FRCNN,381,19,41.0,106.0,34.0,94.0
MOT17-13-FRCNN,382,19,44.0,106.0,33.0,93.5
MOT17-13-FRCNN,383,19,44.0,106.0,32.5,95.5
MOT17-13-FRCNN,384,19,44.0,106.0,34.0,96.5
MOT17-13-FRCNN,385,19,43.0,106.0,35.0,97.5
MOT17-13-FRCNN,386,19,44.0,106.0,35.5,100.0
MOT17-13-FRCNN,387,19,44.0,106.0,36.0,101.5
MOT17-13-FRCNN,388,19,45.0,106.0,36.0,101.5
MOT17-13-FRCNN,389,19,49.0,106.0,36.0,101.5
MOT17-13-FRCNN,390,19,49.0,106.0,36.5,101.5
MOT17-13-FRCNN,391,19,49.0,108.0,36.5,102.0
MOT17-13-FRCNN,392,19,48.0,110.0,36.5,102.0
MOT17-13-FRCNN,393,19,49.0,115.0,37.0,103.0
MOT17-13-FRCNN,394,19,49.0,112.0,37.0,103.0
MOT17-13-FRCNN,395,19,49.0,113.0,36.5,103.5
MOT17-13-FRCNN,396,19,49.0,115.0,37.5,103.5
MOT17-13-FRCNN,397,18,49.5,117.5,40.5,106.5
MOT17-13-FRCNN,398,18,50.5,118.5,42.0,106.75
MOT17-13-FRCNN,399,18,50.0,117.5,41.75,106.75
MOT17-13-FRCNN,400,18,50.0,118.5,41.75,106.75
MOT17-13-FRCNN,401,18,51.0,118.0,42.0,106.75
MOT17-13-FRCNN,402,18,50.5,121.0,42.0,106.75
MOT17-13-FRCNN,403,18,51.5,121.5,42.0,106.75
MOT17-13-FRCNN,404,18,51.5,121.5,42.0,106.75
MOT17-13-FRCNN,405,18,50.0,122.0,42.5,106.75
MOT17-13-FRCNN,406,18,50.0,121.0,44.0,107.0
MOT17-13-FRCNN,407,18,50.0,120.0,43.25,108.0
MOT17-13-FRCNN,408,18,50.0,120.5,44.25,109.25
MOT17-13-FRCNN,409,19,49.0,119.0,39.0,107.5
MOT17-13-FRCNN,410,20,48.0,123.0,41.5,109.0
MOT17-13-FRCNN,411,20,47.5,125.0,41.25,110.5
MOT17-13-FRCNN,412,20,50.0,124.0,41.5,112.0
MOT17-13-FRCNN,413,20,50.0,124.0,41.5,114.5
MOT17-13-FRCNN,414,20,50.0,125.5,42.5,115.75
MOT17-13-FRCNN,415,20,50.0,124.0,41.75,116.5
MOT17-13-FRCNN,416,20,50.0,123.0,40.5,117.0
MOT17-13-FRCNN,417,21,49.0,122.0,37.0,117.0
MOT17-13-FRCNN,418,21,45.0,122.0,37.0,116.0
MOT17-13-FRCNN,419,21,48.0,123.0,38.0,115.0
MOT17-13-FRCNN,420,21,48.0,124.0,39.0,114.0
MOT17-13-FRCNN,421,19,52.0,129.0,44.0,121.5
MOT17-13-FRCNN,422,19,52.0,131.0,43.0,122.0
MOT17-13-FRCNN,423,19,52.0,133.0,42.5,122.5
MOT17-13-FRCNN,424,19,52.0,130.0,42.5,122.0
MOT17-13-FRCNN,425,19,52.0,131.0,42.0,122.0
MOT17-13-FRCNN,426,19,52.0,130.0,42.0,122.5
MOT17-13-FRCNN,427,19,60.0,132.0,42.0,122.5
MOT17-13-FRCNN,428,19,60.0,134.0,42.0,122.5
MOT17-13-FRCNN,429,19,60.0,134.0,41.0,120.0
MOT17-13-FRCNN,430,19,59.0,134.0,41.0,119.0
MOT17-13-FRCNN,431,18,61.5,161.0,38.25,119.5
MOT17-13-FRCNN,432,18,61.0,161.0,41.25,119.75
MOT17-13-FRCNN,433,18,62.0,163.5,43.25,121.0
MOT17-13-FRCNN,434,18,61.5,164.0,44.25,118.75
MOT17-13-FRCNN,435,18,62.0,166.5,41.0,121.25
MOT17-13-FRCNN,436,18,57.0,165.5,42.25,120.5
MOT17-13-FRCNN,437,18,56.5,166.0,40.5,123.5
MOT17-13-FRCNN,438,18,56.0,169.0,41.0,123.75
MOT17-13-FRCNN,439,16,48.5,144.5,40.5,121.5
MOT17-13-FRCNN,440,16,48.5,145.5,42.0,122.25
MOT17-13-FRCNN,441,15,50.0,137.0,42.0,123.5
MOT17-13-FRCNN,442,15,60.0,139.0,43.5,123.5
MOT17-13-FRCNN,443,13,52.0,135.0,40.0,121.0
MOT17-13-FRCNN,444,13,51.0,136.0,39.0,120.0
MOT17-13-FRCNN,445,13,50.0,138.0,39.0,119.0
MOT17-13-FRCNN,446,13,50.0,139.0,39.0,118.0
MOT17-13-FRCNN,447,13,49.0,141.0,41.0,122.0
MOT17-13-FRCNN,448,12,56.5,145.0,43.5,128.75
MOT17-13-FRCNN,449,13,63.0,150.0,45.0,137.0
MOT17-13-FRCNN,450,13,64.0,152.0,48.0,125.0
MOT17-13-FRCNN,451,13,60.0,153.0,48.0,126.0
MOT17-13-FRCNN,452,14,57.0,155.0,45.0,127.5
MOT17-13-FRCNN,453,14,58.5,155.5,47.25,132.0
MOT17-13-FRCNN,454,13,57.0,157.0,47.0,150.0
MOT17-13-FRCNN,455,13,57.0,158.0,47.0,153.0
MOT17-13-FRCNN,456,13,62.0,162.0,47.0,153.0
MOT17-13-FRCNN,457,13,64.0,162.0,46.0,153.0
MOT17-13-FRCNN,458,13,65.0,162.0,49.0,154.0
MOT17-13-FRCNN,459,13,66.0,164.0,53.0,153.0
MOT17-13-FRCNN,460,13,67.0,167.0,61.0,154.0
MOT17-13-FRCNN,461,12,71.5,173.5,58.5,157.75
MOT17-13-FRCNN,462,12,74.5,171.5,59.25,159.0
MOT17-13-FRCNN,463,11,78.0,180.0,62.0,162.0
MOT17-13-FRCNN,464,10,89.0,205.5,64.0,171.0
MOT17-13-FRCNN,465,10,82.5,205.5,71.0,170.25
MOT17-13-FRCNN,466,10,80.5,207.0,73.0,170.25
MOT17-13-FRCNN,467,9,83.0,229.0,69.0,174.0
MOT17-13-FRCNN,468,8,90.5,248.0,75.0,172.75
MOT17-13-FRCNN,469,6,118.0,257.5,83.75,248.0
MOT17-13-FRCNN,470,6,116.0,261.0,82.25,248.25
MOT17-13-FRCNN,471,6,116.5,265.0,81.25,249.25
MOT17-13-FRCNN,472,5,129.0,271.0,111.0,265.0
MOT17-13-FRCNN,473,4,120.0,272.0,104.5,266.75
MOT17-13-FRCNN,474,4,117.5,275.0,100.5,271.5
MOT17-13-FRCNN,475,4,115.0,278.0,97.5,274.5
MOT17-13-FRCNN,476,4,112.5,282.0,95.25,276.0
MOT17-13-FRCNN,477,4,120.0,281.0,108.75,270.0
MOT17-13-FRCNN,478,2,158.0,361.0,139.0,331.5
MOT17-13-FRCNN,479,2,156.0,367.5,138.5,340.75
MOT17-13-FRCNN,480,2,141.0,329.5,119.0,283.75
MOT17-13-FRCNN,481,3,97.0,238.0,86.0,237.0
MOT17-13-FRCNN,482,3,97.0,238.0,86.0,237.0
MOT17-13-FRCNN,483,3,97.0,238.0,86.0,237.0
MOT17-13-FRCNN,484,3,97.0,238.0,86.0,237.0
MOT17-13-FRCNN,485,3,97.0,238.0,85.5,237.0
MOT17-13-FRCNN,486,3,96.0,238.0,85.0,237.0
MOT17-13-FRCNN,487,3,91.0,238.0,89.0,237.0
MOT17-13-FRCNN,488,3,99.0,237.0,92.5,236.0
MOT17-13-FRCNN,489,3,111.0,237.0,96.0,236.0
MOT17-13-FRCNN,490,3,110.0,237.0,95.5,236.5
MOT17-13-FRCNN,491,3,110.0,238.0,95.5,237.5
MOT17-13-FRCNN,492,3,110.0,239.0,95.5,238.0
MOT17-13-FRCNN,493,3,102.0,246.0,91.5,243.5
MOT17-13-FRCNN,494,3,95.0,252.0,88.0,249.0
MOT17-13-FRCNN,495,3,88.0,259.0,84.0,254.5
MOT17-13-FRCNN,496,2,82.5,256.0,80.75,253.5
MOT17-13-FRCNN,497,2,81.0,257.0,79.5,254.5
MOT17-13-FRCNN,498,2,79.5,258.0,78.75,255.5
MOT17-13-FRCNN,499,2,78.0,259.0,77.5,256.5
MOT17-13-FRCNN,500,2,76.5,260.0,76.25,257.5
MOT17-13-FRCNN,501,2,83.5,266.5,83.25,265.75
MOT17-13-FRCNN,502,2,90.0,272.5,90.0,271.25
MOT17-13-FRCNN,503,3,96.0,274.0,83.5,224.5
MOT17-13-FRCNN,504,4,87.5,225.0,64.5,153.75
MOT17-13-FRCNN,505,6,73.5,178.5,47.5,114.0
MOT17-13-FRCNN,506,6,77.5,181.0,48.0,114.75
MOT17-13-FRCNN,507,6,81.5,184.0,48.25,115.5
MOT17-13-FRCNN,508,6,81.5,184.0,48.5,116.25
MOT17-13-FRCNN,509,6,79.5,185.0,49.0,117.25
MOT17-13-FRCNN,510,6,80.5,185.5,49.25,118.25
MOT17-13-FRCNN,511,6,81.0,186.0,49.25,119.25
MOT17-13-FRCNN,512,6,83.0,187.5,48.75,120.25
MOT17-13-FRCNN,513,6,83.5,189.0,48.75,121.25
MOT17-13-FRCNN,514,6,83.5,192.0,49.5,122.75
MOT17-13-FRCNN,515,6,83.5,194.0,50.25,123.25
MOT17-13-FRCNN,516,7,82.0,207.0,60.5,145.5
MOT17-13-FRCNN,517,7,86.0,209.0,61.0,147.0
MOT17-13-FRCNN,518,7,85.0,211.0,61.0,148.0
MOT17-13-FRCNN,519,6,83.0,204.0,52.5,126.75
MOT17-13-FRCNN,520,5,81.0,195.0,44.0,105.0
MOT17-13-FRCNN,521,5,81.0,195.0,45.0,105.0
MOT17-13-FRCNN,522,5,82.0,195.0,46.0,105.0
MOT17-13-FRCNN,523,5,82.0,195.0,47.0,105.0
MOT17-13-FRCNN,524,5,83.0,195.0,48.0,106.0
MOT17-13-FRCNN,525,5,83.0,195.0,49.0,106.0
MOT17-13-FRCNN,526,5,84.0,199.0,50.0,107.0
MOT17-13-FRCNN,527,5,84.0,203.0,51.0,107.0
MOT17-13-FRCNN,528,5,90.0,207.0,48.0,108.0
MOT17-13-FRCNN,529,5,92.0,212.0,45.0,109.0
MOT17-13-FRCNN,530,5,93.0,214.0,42.0,109.0
MOT17-13-FRCNN,531,6,67.5,163.0,31.5,89.5
MOT17-13-FRCNN,532,7,42.0,110.0,31.5,78.0
MOT17-13-FRCNN,533,7,43.0,110.0,32.5,77.0
MOT17-13-FRCNN,534,7,43.0,111.0,30.5,77.5
MOT17-13-FRCNN,535,7,44.0,111.0,28.5,78.0
MOT17-13-FRCNN,536,7,44.0,111.0,29.5,78.0
MOT17-13-FRCNN,537,7,44.0,111.0,31.5,78.0
MOT17-13-FRCNN,538,7,45.0,112.0,31.5,79.0
MOT17-13-FRCNN,539,7,46.0,112.0,31.5,80.0
MOT17-13-FRCNN,540,6,70.0,174.0,37.0,94.0
MOT17-13-FRCNN,541,6,74.5,175.5,36.25,95.0
MOT17-13-FRCNN,542,6,88.5,183.0,39.0,95.75
MOT17-13-FRCNN,543,6,86.0,185.0,38.5,96.0
MOT17-13-FRCNN,544,6,84.5,190.5,38.25,97.0
MOT17-13-FRCNN,545,6,83.0,182.0,39.0,98.0
MOT17-13-FRCNN,546,6,82.5,186.0,39.25,97.25
MOT17-13-FRCNN,547,6,81.0,189.5,39.25,97.0
MOT17-13-FRCNN,548,6,79.5,193.5,39.0,96.0
MOT17-13-FRCNN,549,6,86.0,198.0,38.75,97.5
MOT17-13-FRCNN,550,6,87.0,203.5,38.75,98.75
MOT17-13-FRCNN,551,6,88.0,209.0,39.5,100.0
MOT17-13-FRCNN,552,6,89.5,212.0,39.75,101.0
MOT17-13-FRCNN,553,6,93.5,215.5,39.75,102.25
MOT17-13-FRCNN,554,6,95.5,218.5,40.0,104.0
MOT17-13-FRCNN,555,6,96.0,219.5,40.0,103.75
MOT17-13-FRCNN,556,5,54.0,126.0,35.0,95.0
MOT17-13-FRCNN,557,5,55.0,127.0,35.0,94.0
MOT17-13-FRCNN,558,4,45.0,111.0,32.25,87.5
MOT17-13-FRCNN,559,5,35.0,91.0,27.0,75.0
MOT17-13-FRCNN,560,5,36.0,90.0,23.0,75.0
MOT17-13-FRCNN,561,5,37.0,90.0,23.0,75.0
MOT17-13-FRCNN,562,5,38.0,89.0,23.0,75.0
MOT17-13-FRCNN,563,5,40.0,89.0,25.0,77.0
MOT17-13-FRCNN,564,5,40.0,89.0,23.0,78.0
MOT17-13-FRCNN,565,5,39.0,90.0,30.0,81.0
MOT17-13-FRCNN,566,5,38.0,91.0,30.0,82.0
MOT17-13-FRCNN,567,5,37.0,92.0,30.0,82.0
MOT17-13-FRCNN,568,5,36.0,92.0,30.0,82.0
MOT17-13-FRCNN,569,6,43.0,114.5,30.5,79.25
MOT17-13-FRCNN,570,6,42.5,115.0,31.75,77.75
MOT17-13-FRCNN,571,6,45.5,116.0,33.25,77.75
MOT17-13-FRCNN,572,6,45.5,116.5,33.0,77.75
MOT17-13-FRCNN,573,6,45.5,118.0,32.0,84.0
MOT17-13-FRCNN,574,6,45.5,118.0,31.75,84.75
MOT17-13-FRCNN,575,6,45.0,119.5,31.25,85.0
MOT17-13-FRCNN,576,6,46.5,120.5,31.5,85.25
MOT17-13-FRCNN,577,6,47.5,121.5,33.25,85.25
MOT17-13-FRCNN,578,6,48.5,122.5,33.5,85.5
MOT17-13-FRCNN,579,6,49.0,124.5,32.75,85.75
MOT17-13-FRCNN,580,6,50.0,126.5,33.0,88.25
MOT17-13-FRCNN,581,6,49.5,128.5,33.25,88.25
MOT17-13-FRCNN,582,6,48.5,130.5,33.25,87.0
MOT17-13-FRCNN,583,6,48.0,130.0,33.25,86.25
MOT17-13-FRCNN,584,6,46.5,129.5,32.5,87.75
MOT17-13-FRCNN,585,6,46.0,129.5,32.5,88.0
MOT17-13-FRCNN,586,5,40.0,100.0,30.0,82.0
MOT17-13-FRCNN,587,5,40.0,101.0,30.0,82.0
MOT17-13-FRCNN,588,5,41.0,101.0,30.0,82.0
MOT17-13-FRCNN,589,5,41.0,101.0,30.0,85.0
MOT17-13-FRCNN,590,5,41.0,102.0,31.0,88.0
MOT17-13-FRCNN,591,5,41.0,102.0,34.0,87.0
MOT17-13-FRCNN,592,5,41.0,103.0,34.0,88.0
MOT17-13-FRCNN,593,5,41.0,103.0,34.0,88.0
MOT17-13-FRCNN,594,5,41.0,104.0,34.0,88.0
MOT17-13-FRCNN,595,5,42.0,104.0,34.0,88.0
MOT17-13-FRCNN,596,5,42.0,105.0,32.0,90.0
MOT17-13-FRCNN,597,6,37.0,97.5,26.0,64.5
MOT17-13-FRCNN,598,6,37.0,97.5,24.5,61.5
MOT17-13-FRCNN,599,6,37.5,97.5,24.5,61.5
MOT17-13-FRCNN,600,6,38.0,97.5,22.25,63.75
MOT17-13-FRCNN,601,6,38.0,97.5,23.75,65.25
MOT17-13-FRCNN,602,6,38.5,97.5,25.5,65.75
MOT17-13-FRCNN,603,6,38.5,98.0,26.25,66.5
MOT17-13-FRCNN,604,6,38.0,96.5,27.5,67.25
MOT17-13-FRCNN,605,5,32.0,89.0,26.0,62.0
MOT17-13-FRCNN,606,5,29.0,88.0,26.0,60.0
MOT17-13-FRCNN,607,5,29.0,92.0,25.0,58.0
MOT17-13-FRCNN,608,5,29.0,92.0,26.0,58.0
MOT17-13-FRCNN,609,5,29.0,93.0,26.0,58.0
MOT17-13-FRCNN,610,6,28.0,75.0,22.75,52.5
MOT17-13-FRCNN,611,6,27.0,75.5,21.75,48.75
MOT17-13-FRCNN,612,6,26.5,75.5,22.25,48.75
MOT17-13-FRCNN,613,6,26.5,75.0,22.0,48.75
MOT17-13-FRCNN,614,6,26.5,75.5,22.0,49.0
MOT17-13-FRCNN,615,6,27.0,76.5,22.25,49.0
MOT17-13-FRCNN,616,6,27.0,78.5,22.25,49.25
MOT17-13-FRCNN,617,6,26.5,80.0,22.25,49.5
MOT17-13-FRCNN,618,7,25.0,62.0,21.0,44.0
MOT17-13-FRCNN,619,7,25.0,63.0,21.0,44.5
MOT17-13-FRCNN,620,7,25.0,64.0,21.0,44.0
MOT17-13-FRCNN,621,7,25.0,64.0,22.0,44.0
MOT17-13-FRCNN,622,7,25.0,63.0,23.5,44.0
MOT17-13-FRCNN,623,7,30.0,65.0,23.5,44.5
MOT17-13-FRCNN,624,7,27.0,62.0,23.0,43.5
MOT17-13-FRCNN,625,6,26.0,53.5,22.75,41.75
MOT17-13-FRCNN,626,6,26.0,53.5,22.75,41.75
MOT17-13-FRCNN,627,6,26.0,53.5,23.0,41.75
MOT17-13-FRCNN,628,6,25.0,54.5,22.75,41.75
MOT17-13-FRCNN,629,6,24.5,53.5,22.5,41.75
MOT17-13-FRCNN,630,6,24.5,52.5,22.25,41.75
MOT17-13-FRCNN,631,6,24.0,51.5,22.0,41.75
MOT17-13-FRCNN,632,6,24.0,50.0,21.25,41.75
MOT17-13-FRCNN,633,6,26.5,56.0,23.0,41.75
MOT17-13-FRCNN,634,5,28.0,70.0,25.0,44.0
MOT17-13-FRCNN,635,5,28.0,70.0,25.0,44.0
MOT17-13-FRCNN,636,5,27.0,67.0,27.0,44.0
MOT17-13-FRCNN,637,5,26.0,64.0,26.0,44.0
MOT17-13-FRCNN,638,5,27.0,61.0,25.0,43.0
MOT17-13-FRCNN,639,5,27.0,58.0,24.0,43.0
MOT17-13-FRCNN,640,5,26.0,59.0,24.0,44.0
MOT17-13-FRCNN,641,5,26.0,60.0,24.0,44.0
MOT17-13-FRCNN,642,5,25.0,60.0,24.0,45.0
MOT17-13-FRCNN,643,5,25.0,60.0,25.0,45.0
MOT17-13-FRCNN,644,5,26.0,61.0,25.0,46.0
MOT17-13-FRCNN,645,5,26.0,61.0,25.0,46.0
MOT17-13-FRCNN,646,5,26.0,61.0,25.0,46.0
MOT17-13-FRCNN,647,5,27.0,61.0,24.0,46.0
MOT17-13-FRCNN,648,5,27.0,61.0,23.0,47.0
MOT17-13-FRCNN,649,5,28.0,62.0,22.0,47.0
MOT17-13-FRCNN,650,5,28.0,62.0,21.0,47.0
MOT17-13-FRCNN,651,5,28.0,63.0,21.0,46.0
MOT17-13-FRCNN,652,7,24.0,55.0,19.0,44.0
MOT17-13-FRCNN,653,7,22.0,58.0,18.5,44.0
MOT17-13-FRCNN,654,7,21.0,61.0,17.5,44.5
MOT17-13-FRCNN,655,7,21.0,61.0,18.5,44.5
MOT17-13-FRCNN,656,7,22.0,62.0,18.5,44.5
MOT17-13-FRCNN,657,7,22.0,63.0,18.5,44.0
MOT17-13-FRCNN,658,7,23.0,63.0,18.5,44.5
MOT17-13-FRCNN,659,7,22.0,64.0,18.5,42.5
MOT17-13-FRCNN,660,7,22.0,64.0,19.0,43.0
MOT17-13-FRCNN,661,7,22.0,64.0,19.0,43.0
MOT17-13-FRCNN,662,7,22.0,65.0,18.0,43.5
MOT17-13-FRCNN,663,7,23.0,66.0,18.0,44.5
MOT17-13-FRCNN,664,7,23.0,65.0,17.0,45.5
MOT17-13-FRCNN,665,7,23.0,64.0,16.5,45.0
MOT17-13-FRCNN,666,7,23.0,63.0,18.0,45.5
MOT17-13-FRCNN,667,7,22.0,61.0,18.5,45.5
MOT17-13-FRCNN,668,7,22.0,61.0,18.5,45.5
MOT17-13-FRCNN,669,7,23.0,62.0,18.5,45.5
MOT17-13-FRCNN,670,6,23.0,55.5,16.75,43.5
MOT17-13-FRCNN,671,6,23.0,56.0,16.75,44.25
MOT17-13-FRCNN,672,6,23.0,55.5,17.0,44.25
MOT17-13-FRCNN,673,6,23.0,55.0,17.0,45.0
MOT17-13-FRCNN,674,6,23.0,55.0,17.75,45.0
MOT17-13-FRCNN,675,6,23.0,56.0,18.5,43.5
MOT17-13-FRCNN,676,6,22.5,57.0,19.0,44.25
MOT17-13-FRCNN,677,6,22.5,58.0,19.0,44.25
MOT17-13-FRCNN,678,6,22.5,59.0,19.0,45.0
MOT17-13-FRCNN,679,6,23.0,58.5,18.5,45.0
MOT17-13-FRCNN,680,6,23.0,58.5,18.5,44.25
MOT17-13-FRCNN,681,6,23.5,59.0,19.25,44.25
MOT17-13-FRCNN,682,6,23.5,59.5,19.25,44.25
MOT17-13-FRCNN,683,6,23.5,58.5,18.5,45.0
MOT17-13-FRCNN,684,6,24.0,57.0,18.5,45.0
MOT17-13-FRCNN,685,6,24.0,57.5,19.25,45.0
MOT17-13-FRCNN,686,6,24.0,57.0,19.25,46.5
MOT17-13-FRCNN,687,6,24.5,59.0,18.5,46.5
MOT17-13-FRCNN,688,6,25.0,60.0,19.25,47.25
MOT17-13-FRCNN,689,6,24.5,60.0,19.0,47.25
MOT17-13-FRCNN,690,6,23.0,59.5,19.0,48.25
MOT17-13-FRCNN,691,6,23.5,62.5,18.25,48.25
MOT17-13-FRCNN,692,6,25.5,61.0,19.0,48.5
MOT17-13-FRCNN,693,6,25.0,62.0,18.75,48.5
MOT17-13-FRCNN,694,6,24.5,60.5,18.75,48.75
MOT17-13-FRCNN,695,6,23.5,60.0,19.5,49.0
MOT17-13-FRCNN,696,6,22.5,60.5,19.5,49.75
MOT17-13-FRCNN,697,6,22.5,61.0,19.5,50.0
MOT17-13-FRCNN,698,6,22.5,61.0,19.5,50.0
MOT17-13-FRCNN,699,6,22.5,61.5,19.5,50.25
MOT17-13-FRCNN,700,6,22.5,61.5,19.5,51.0
MOT17-13-FRCNN,701,6,23.5,61.5,19.5,51.25
MOT17-13-FRCNN,702,6,24.0,61.5,19.5,51.25
MOT17-13-FRCNN,703,6,24.5,62.0,19.5,52.25
MOT17-13-FRCNN,704,6,24.5,63.0,18.75,53.25
MOT17-13-FRCNN,705,6,24.5,64.5,20.25,54.0
MOT17-13-FRCNN,706,6,24.5,64.5,20.25,54.0
MOT17-13-FRCNN,707,7,23.0,61.0,20.5,52.5
MOT17-13-FRCNN,708,7,23.0,60.0,20.5,53.0
MOT17-13-FRCNN,709,7,24.0,61.0,20.5,53.0
MOT17-13-FRCNN,710,7,24.0,59.0,22.0,54.0
MOT17-13-FRCNN,711,7,24.0,59.0,22.0,54.0
MOT17-13-FRCNN,712,7,23.0,59.0,22.0,55.0
MOT17-13-FRCNN,713,7,23.0,60.0,22.5,55.5
MOT17-13-FRCNN,714,7,24.0,58.0,22.0,56.0
MOT17-13-FRCNN,715,7,24.0,59.0,22.0,57.0
MOT17-13-FRCNN,716,7,24.0,58.0,22.0,57.0
MOT17-13-FRCNN,717,7,25.0,59.0,22.0,57.5
MOT17-13-FRCNN,718,7,25.0,59.0,22.0,58.0
MOT17-13-FRCNN,719,7,25.0,60.0,20.5,57.0
MOT17-13-FRCNN,720,7,25.0,65.0,19.5,58.5
MOT17-13-FRCNN,721,7,25.0,64.0,21.0,58.5
MOT17-13-FRCNN,722,7,25.0,63.0,21.0,58.0
MOT17-13-FRCNN,723,7,25.0,63.0,21.5,58.5
MOT17-13-FRCNN,724,7,25.0,64.0,21.5,58.0
MOT17-13-FRCNN,725,7,25.0,62.0,23.5,58.0
MOT17-13-FRCNN,726,7,25.0,62.0,24.0,58.5
MOT17-13-FRCNN,727,7,25.0,63.0,24.5,58.5
MOT17-13-FRCNN,728,7,25.0,62.0,24.0,58.5
MOT17-13-FRCNN,729,7,25.0,62.0,24.0,57.5
MOT17-13-FRCNN,730,7,25.0,62.0,25.0,59.0
MOT17-13-FRCNN,731,7,26.0,64.0,25.0,59.5
MOT17-13-FRCNN,732,7,25.0,64.0,25.0,59.0
MOT17-13-FRCNN,733,7,26.0,65.0,25.5,59.5
MOT17-13-FRCNN,734,7,27.0,66.0,25.0,61.0
MOT17-13-FRCNN,735,7,27.0,67.0,25.0,61.5
MOT17-13-FRCNN,736,7,27.0,68.0,25.0,62.0
MOT17-13-FRCNN,737,7,27.0,69.0,25.0,61.5
MOT17-13-FRCNN,738,7,27.0,70.0,25.0,61.5
MOT17-13-FRCNN,739,7,27.0,72.0,25.0,62.0
MOT17-13-FRCNN,740,7,28.0,68.0,25.0,61.5
MOT17-13-FRCNN,741,7,28.0,70.0,25.0,61.5
MOT17-13-FRCNN,742,7,28.0,72.0,25.0,62.0
MOT17-13-FRCNN,743,6,26.5,70.0,24.25,60.75
MOT17-13-FRCNN,744,6,26.5,70.5,23.5,60.75
MOT17-13-FRCNN,745,6,26.5,70.5,23.5,60.75
MOT17-13-FRCNN,746,6,26.5,71.0,23.5,61.75
MOT17-13-FRCNN,747,6,26.5,71.5,22.75,62.0
MOT17-13-FRCNN,748,6,26.5,71.5,22.75,62.0
MOT17-13-FRCNN,749,6,26.5,71.5,22.75,62.0
MOT17-13-FRCNN,750,6,27.0,72.0,22.75,62.25
