sequence,frame,n_obj,trans_m,depth_ratio,similarity_med,similarity_max,similarity_spread,affine_med,affine_max,affine_spread,homography_med,homography_max,homography_spread
0000,122,5,0.5472828174886775,2.7960891911736288,0.6984468405078426,1.2360140315439412,0.9770535092423102,0.46115387116853185,0.7733079453302405,0.4866091615506848,2.4853162487820512e-05,0.18844586943728162,0.18842846786447395
0000,123,5,0.6026201511960965,2.797036772594553,0.9373654101389448,1.1577269091076194,0.76747432104793,0.49818171833061997,0.8769767264479343,0.5993186494400712,2.6369702855359598e-05,0.752608206878838,0.7525934117249643
0000,124,5,0.5524267714065555,2.797975714701789,0.7444838975890115,1.1483903941887075,0.8548578943557389,0.4399807514022439,0.8186445181923414,0.6126298837921327,1.8451091274116625e-05,0.21346556842163814,0.21345208960692483
0000,125,6,0.5485513219104627,2.792029761775277,0.6693695965397957,1.4405816422391493,1.4262029096472166,0.5499028230712126,0.96441860589669,0.8040442316698723,2.7094794461195915e-05,0.25724307558899395,0.2572319247683558
0000,126,6,0.6056850506808089,2.7974253337240733,0.8233124290151828,1.8748606506757726,1.8131446366021877,0.6395538939338734,1.110428707716676,0.8058888480658628,4.705580617106021e-05,0.35024208131560414,0.35023308347350685
0000,127,6,0.5571102729819215,2.802814510462275,0.7895841057054993,1.982543878663233,1.8313476085914289,0.597162092996336,1.0667358926159443,0.7326731584038741,3.2067152971951265e-05,0.32786900124249574,0.32786051180314224
0000,128,5,0.5591463804399489,2.849459864994915,0.9890563328496833,2.1824008769473737,1.8929440641276642,0.5080870083935064,1.1864729154374938,1.0652000803700734,1.9581209531928247e-05,27.071475590178363,27.07147348269735
0000,129,5,0.6232557118492481,2.974147535347599,1.1437349397456262,2.696703590381734,2.1253194582127204,0.5217327455850069,1.4855849864409987,1.3847121637144792,1.1748348809897399e-05,3.054045952980586,3.0540383773723025
0000,130,5,0.5514746834887442,3.1146320225839186,1.1835787393695862,2.401252470221747,1.721468387361869,0.4366104733612115,1.3825844895781765,1.1550671712809168,2.1564967295794535e-05,0.09213081866494163,0.09211552413512854
0000,131,6,0.5622140038353927,3.2947654146394325,1.1764543585842993,2.7059110396133033,1.7913813867132613,1.2843047229217475,1.653461205447943,1.348614051276654,1.6632386405185365e-05,0.6223709050591735,0.622361808821686
0000,132,5,0.5692002964996109,3.495257459263313,1.7404094018879608,2.681790431894495,1.847733001673261,1.2607915483023662,1.8889603847162377,1.2872898125702954,9.389889634235314e-06,11.108622734052386,11.108615364237735
0000,133,5,0.6316420381550498,3.7277863078789015,2.299179142312274,2.9005600692825384,1.998316500240746,1.9189764491713577,2.4331208482401703,1.5630690922532626,9.697952794184154e-06,1.4731599035601444,1.4731536351497407
0000,134,5,0.583394740303494,3.9626279862785747,2.4473814941464096,2.6333273472069854,1.7315015654026809,2.2966160306539827,2.6750403780441223,1.737180145457759,1.9220055493414777e-05,0.5167809278448865,0.5167650743185168
0000,135,6,0.5693000363514553,4.2460273223788665,2.5553488051076068,3.3772229915186713,1.761418831415876,2.4396295558416963,3.1570785845543656,2.2439901207801576,2.7468379934671183e-05,1.9774510614337928,1.9774397709730565
0000,136,6,0.6445260021113699,4.603664654111424,3.239173274409,4.895479538970799,2.2920499703544133,3.417486197015975,4.231738408404297,3.0845760735410583,4.406295647145939e-05,1.5603081646651966,1.5602944039600142
0000,137,6,0.5857423191758683,5.021826955562263,3.770584958705749,5.695338222496153,3.1535280436861153,3.752034714765383,4.833481616865132,3.7431038759173356,4.197733649445668e-05,24.767127960132548,24.76711703267312
0000,138,6,0.5956325579146524,5.52143264863528,5.300898029987382,7.571796350294625,5.524316414195582,4.310739767893091,6.1332600605433605,5.018822280796714,1.7508501620221966e-05,1.970279318147203,1.970274466494453
0000,139,6,0.6482421256465687,6.122812506492665,7.809500119339277,10.656789547598885,8.957889284860013,5.226513438016824,8.259541634803446,6.946904664697065,2.009045700741371e-05,1.7515217359826645,1.7515145157255596
0000,140,6,0.5936417999496149,6.860591329492059,9.232570054895671,12.289487933039691,10.986630234356182,5.288362463790328,9.315042736382523,7.986495631192696,4.09165940012733e-05,0.31802095045644463,0.31801887671543133
0000,141,5,0.6004061202477067,4.355454950121834,2.3135926232596944,2.821693071159875,1.8465336854477368,2.0361077725207926,2.6306740454967903,2.461820466683896,1.832763094837477e-05,0.09628881745147541,0.09628038240075444
0000,142,5,0.6651836427369612,4.720434713489325,2.094004212524469,3.912183251007611,2.4721030840186238,2.435553133838228,3.4041165775976903,3.2099825860031115,1.9868485145466257e-05,0.05418544975786991,0.054170759728281774
0000,143,5,0.6122291406495435,5.143382347432379,2.2415073995481984,4.338937149014792,2.771734323821341,2.433142181185719,3.6686573169979764,3.4749844251100437,1.238595128399119e-05,0.12338446810889961,0.12337483796213936
0000,144,5,0.6109537046816949,5.672151404030479,2.8120887160164494,5.6921491992729765,4.53511627020649,2.711776486015049,4.405262439793981,4.210291241079699,4.4532451743355607e-05,11.024437196941813,11.02442639888183
0000,145,5,0.622597933919755,6.31259548761561,3.495122845356142,7.318100069662197,6.35135497641228,3.082636730520563,5.526563745775065,5.346282056303079,4.337827824666308e-05,0.315047628101522,0.3150436033358725
0000,146,5,0.690534399488345,7.0946721949041915,5.788413016661192,11.09804751414357,9.86806944977166,4.023112480764748,7.996099171866071,7.825797989376935,2.8528103858849508e-05,0.1712985882226212,0.17128061415509507
0000,149,6,0.6420613246752057,4.078581238453628,2.2451391485033283,3.3801339065257667,1.7213986117264324,2.195211806323851,3.4394254425219692,1.8772108035835013,3.304231181315084e-05,16.005751708455815,16.005743052290875
0000,151,6,0.6469031912949142,4.911025789978335,2.8011266085292488,4.933988408753298,4.589321091082358,2.344507010243997,4.268309164216118,2.4871695814802948,2.1784285805372702e-05,0.5372987013580974,0.5372970952608165
0000,152,5,0.7121497984988107,5.428859161246578,3.8359081542533695,4.423386891454801,2.3901453022376784,3.3870806899459542,4.2743522025652165,2.90493119172015,2.1258650032382032e-05,5.8827153171040445,5.882698754052079
0000,153,7,0.6530562063052903,6.085903974987766,5.142986977390774,6.621408441292716,5.093641258943341,5.7370653121329545,6.277333951451486,4.822390599565399,2.2191344284308034e-05,1.3350874702319204,1.3350793366946376
0001,1,5,1.1745190158597425,7.876393666451289,14.120522934758531,18.66064769118969,14.093210221589684,5.22672583569745,11.956269569681815,8.000853891362794,2.568175222734086e-05,3.4323042692712273,3.432298724764015
0001,3,5,1.0732490849794765,4.3635665879252095,3.3419942605717394,5.214141787599132,3.9207536369278597,2.0908052979586342,3.586636002958888,2.5071345439391823,2.1338671247797812e-05,3.2902552589257703,3.2902431401622514
0001,4,5,1.1793726622582474,4.742836606533226,5.136816263529948,7.4458762006072545,5.207081344718002,3.116856699529387,4.829452698855796,3.559395173547441,3.232144791362897e-05,0.012060939548803903,0.012055513834289737
0001,5,5,1.068641276668333,5.21895519468532,6.479847350205393,8.701772592259536,5.9113267925855215,3.4023854809050516,5.572634034212617,4.568176805062382,4.2909796335118885e-05,0.01656408949567512,0.016552265006921335
0001,6,5,1.172769975813348,5.833972675193326,10.748809667362055,13.24793700682391,9.676282361408369,4.900978704875754,8.828371890092573,7.750335223842725,2.783219155804285e-05,0.019328773143878517,0.019305513859890922
0001,7,5,1.0690328797534479,6.6870970375861845,13.605044001764234,16.79180458125455,13.017082128747306,5.650189149853204,11.396178953668771,9.85567275921578,2.697048934567187e-05,2.414321418347736,2.414320431490328
0001,9,5,1.1826912425509637,4.300523428755092,8.427167220905122,10.638926905495447,8.874958060692807,7.258299993201865,10.485947199121961,10.187423503445915,2.3015477716475667e-05,1.7049529551755862,1.7049449267907455
0001,17,5,1.0414842982703172,1.479606537391561,0.2996401768739702,1.2838227301756728,1.2514543315382358,0.2989484728180147,0.4118703012630102,0.2982837167373776,2.160136802413573e-05,0.446757019556231,0.44674537078804377
0001,18,6,1.1392930200547051,1.4972636802248038,0.32651387190839143,1.5732939381060305,1.5672496289299371,0.35230433204334577,0.5421663696731943,0.44634076165894393,1.1334842707790423e-05,17.13381619789138,17.133813709987063
0001,19,6,1.0293752933447695,1.5162823294472763,0.8403005433213179,1.3042824542290719,1.1777952813695323,0.8559180351008779,1.2396893119657293,1.0445366074158247,3.53395389853812e-05,25.431308861229667,25.43130185233197
0001,20,5,1.0250570431922328,1.5369503067158357,1.0707143847236498,1.509457658287861,1.2969721118335122,0.835354956939701,1.3926125059766272,0.9505248758114584,1.6241756575204693e-05,1.805374027309692,1.805366309161758
0001,21,5,1.1281984392127613,1.568638556185341,1.4042923346729275,1.810007169489587,1.4691257698171238,1.075865595814088,1.7852209092176057,1.188811946079809,2.620337851222445e-05,4.12807655356334,4.128073361168593
0001,22,5,1.024769289146111,1.5944821224653123,1.4054488541433514,1.86874638344621,1.54235123439281,1.0537271630414449,1.8044535635475893,1.1700481265186227,1.5886213595106673e-05,4.828793935178913,4.828789681438426
0001,23,6,1.0201578728045715,1.6227991406300373,1.2163678853274478,2.1725833533319756,2.0046287294779823,1.049433871726995,1.944577732519531,1.7061508064914381,2.10622012041419e-05,10.785707106191007,10.78570396045642
0001,24,6,1.1218892563907352,1.653962553577239,1.5447160812159793,2.7479993109060277,2.496262337575047,1.322088945157001,2.500119674249632,2.215540495629308,2.2126330002628964e-05,5.183543375639534,5.183538409055051
0001,25,5,1.0292002525793036,1.6884185530294455,1.728539324129682,3.2146007373207444,2.9410634486035194,1.1109424841516273,2.694369313632954,2.539259666890162,1.6024174493729966e-05,0.13727875659109684,0.13727053943545597
0001,26,5,1.0254172098925727,1.7266807832065458,2.0913721163387815,3.3835193206787046,3.0395853141942677,1.297660240381404,3.0528495767667514,2.878834082198441,3.8332457270264575e-06,0.41091438616487197,0.4109122457487371
0001,27,5,1.130449185072117,1.7676362162026702,2.6821962718958394,4.379867470475311,3.875705999368825,1.7361470157892274,3.9532096989589625,3.823754102064066,2.870044026091009e-05,2.5103203480650502,2.5103111044358037
0001,28,5,1.0310601264001016,1.813642764858564,2.7527359332798493,4.520643149696978,3.9320027290154265,1.8490648048549843,4.061502304911729,3.8783828469867663,1.5308390287303096e-05,1.4609671267692768,1.4609624112920911
0001,29,5,1.059413502757197,1.8668913450200377,3.1052788645924405,5.8978134586161515,4.975848357550947,2.2668235980003453,4.9974147257646715,4.81902374403698,6.0212459520256506e-06,2.0215515495923615,2.021546303668409
0001,31,5,1.0349041293987844,4.81296690695925,2.5843136924350065,4.56223994092975,3.447710832558278,3.3932860050778646,3.619221906740236,2.7635059495313317,3.001709371533977e-05,2.3896843308606877,2.3896681331344825
0001,32,5,1.141088002390298,5.127114175905527,3.6874252449863296,6.074426636075215,4.463060116622611,4.433989497415363,4.66850012650188,3.4698646475941763,1.6204370754206652e-05,0.3178068594301855,0.3177957468268675
0001,33,5,1.0618544844971767,5.503902335161862,4.508506885843766,7.149390493031692,5.033449347804245,4.797454484242234,5.34595203187774,4.020569889296583,3.0549146358575414e-05,0.5971312307354234,0.5971148979986888
0001,34,5,1.058622799476279,5.95648348992863,5.916356901370585,8.609824066118188,5.8830547435951885,5.755867473028537,6.713921388527534,5.140835108570273,1.6191128919975638e-05,2.7912988031705317,2.791293750889687
0001,35,6,1.1704405793957404,6.510309097172673,8.583189773480175,13.238262631638944,12.340693005492803,9.224772355376645,11.001034832879517,7.573001205459127,3.1511286996075075e-05,4.263668008029186,4.263658158140964
0001,36,7,1.0623503941684487,7.203555549188277,9.639859480636412,15.615540472543175,13.407579233381982,10.900601722377678,12.276372014709354,10.216937337475462,3.347052653602821e-05,1.1633542220989128,1.1633381643194665
0001,37,8,1.0647220432655955,5.555807165016931,4.628911646582603,7.958977919400015,6.212435425925367,3.8654813555155156,7.315358214425268,5.2409824005419505,0.03562124170697609,0.5428177314525888,0.540856226109603
0001,38,7,1.1705116351522415,6.073070996641549,6.487556785314841,10.42106033368454,7.591843289173703,6.062953544229298,8.928759849772014,6.210092063306904,3.658557310837695e-05,13.216805578847639,13.216801406446882
0001,39,7,1.0564852161509015,6.736024606072309,6.523278433650234,11.559481983236015,8.995486795401348,7.115839544999146,9.737423302495465,7.09290526421597,2.7366391691724853e-05,12.930499225334584,12.93049677501679
0001,40,7,1.0648421379988473,7.584308828130952,8.54439273121619,15.150363175810876,12.596879404780617,9.694937855234247,12.343450505382945,9.229059323115465,4.2737849993083616e-05,7.364978051600742,7.364974991297551
0001,41,7,1.186490152674035,8.726228110877592,11.516718268597051,23.406830351972502,20.52094008841228,13.86492187453655,18.03155939710967,13.967182396954232,2.0952426175864407e-05,34.85615059475362,34.85614035099413
0001,42,5,1.0751342824049153,3.4987822611826087,3.4404253932619335,4.7016943538676506,4.573264430993082,0.29511346677097217,0.474721085776738,0.39363979535169147,2.0339759060872083e-05,0.09790559731583091,0.09789404266317617
0001,43,6,1.0827263196988324,3.6923861836826144,3.730841214716654,6.308297712561232,5.998741336339132,0.6092208777809162,0.9310483639553819,0.5871135344916052,2.003859246783829e-05,13.752862034204105,13.752858777613755
0001,44,6,1.201325061693786,3.9270730968243996,4.968108136825599,8.436940096447787,7.846307391502757,0.7968127171632381,1.4183027027327249,1.0334895116723284,3.921290609078903e-05,0.39545370605506136,0.39545282868216963
0001,45,6,1.0981529240734635,4.201394517877359,5.3008571212979385,8.997212122856284,8.140063944440536,0.8036920766936424,1.3879898370421249,1.1326930409974623,1.6750047588943237e-05,0.6696140789373349,0.6696054111681993
0001,46,5,1.100681867320415,4.5380978947112265,7.0121556673758505,8.411747565689044,8.19616377836511,1.0339835812155733,1.6662979218941574,0.9633524930347179,1.2388494528654303e-05,0.40725188904786297,0.40724844837431395
0001,47,5,1.214144792311884,4.918679877872596,9.280147024050788,11.676224405532713,11.418506996286268,1.6590779159519484,2.689690165973466,1.593261380373031,1.5747348862449735e-05,0.41664382346413864,0.41664109567134067
0001,48,5,1.1066117629545216,5.392391075344504,10.300310875168902,13.987173487674225,13.32888025834924,2.3588867393560213,3.8687415015608795,2.2919959352858994,1.4571136536003303e-05,5.311487520204231,5.311482432283924
0001,49,5,1.1061078745689366,3.2866579352612617,4.186818717893924,5.948794238039637,5.555409824706021,0.4767632346780129,1.1195195529130828,1.0584771521506953,1.1875009460489972e-05,1.069749066791904,1.0697406528574298
0001,50,5,1.2141097977175948,3.4885085120299957,5.401139129154879,7.640521487784077,7.324744076480589,0.7075193178614912,1.7954270857849208,1.488114083767687,2.191495163777577e-05,2.2984638246055753,2.298462097155789
0001,51,5,1.107592756329817,3.7070467374951734,5.788465688822857,8.112354522694202,7.865301844001233,0.8288079363155266,2.0777141285684597,1.9441825166308484,2.500890257237531e-05,3.3569911111369417,3.356976763941557
0001,52,5,1.1080696696790546,3.982150254618047,7.244098094436818,10.146324892521871,9.799253078699607,1.0729279988593738,2.6657924282334364,2.4303028096638584,1.5709347124782387e-05,1.1491902503349958,1.1491823967618513
0001,53,5,1.214366781835217,4.320490338200839,10.18204953168171,14.415811721403529,13.507505534974289,1.3089832395119825,3.819700033418806,3.198594748585022,2.934668546326465e-05,3.7576143568749765,3.757609613249245
0001,54,5,1.1067971701856552,4.752505932661044,12.25668835507988,17.20442164084587,15.687159904874207,1.5300774606592304,4.342162744458508,4.230165871270212,2.837995505380305e-05,10.400191734343787,10.400172211973505
0001,61,5,1.1088506800322149,2.8586376065675037,4.7338583023555625,8.174460220790554,6.883126231413977,3.7879600151485104,4.380815851852861,2.9624708584502786,1.4041546262292651e-05,19.8640645146045,19.86405648897758
0001,62,5,1.2254107139964558,3.051929690244054,6.269322403145911,11.660144252172731,9.573908525516075,5.335614803508427,6.858112864770726,5.003691794182936,2.0850204473979657e-05,10.488867554918196,10.488856141515607
0001,66,5,1.1202722541883408,3.4739428432434547,2.8272658985453614,7.619330096322319,6.987703424696882,1.7681235997582532,4.002135604670105,3.382566146312197,3.1378275377155124e-05,4.660898279915023,4.660888864141571
0001,67,6,1.1209094731000528,3.8139847788097785,5.551280633881755,10.649780108799003,9.930485716821147,1.5187709851386657,4.92794855047757,4.299711655123739,1.9134070432812215e-05,0.7826245994215263,0.7826228279118121
0001,68,5,1.2280540872047925,4.247302816762995,4.6886229764236695,14.16655214855334,11.813281922562275,2.772922643880949,6.499117010686487,5.58810449425208,3.9345904268195205e-05,17.83642814405615,17.836415155915404
0001,69,6,1.117336253300029,4.828388045168266,10.69042446771281,17.282077616477768,15.504988248522157,4.297539531475833,13.204084518373563,11.827599672082526,4.178492161588857e-05,9.409609493360838,9.409593379799105
0001,70,5,1.117552007601168,5.648062427087528,8.414080223101184,25.524659910362523,19.130435450906656,3.575777744736602,9.42451479526306,8.402760345109995,2.5613371525861122e-05,15.961066165897652,15.961056887204014
0001,71,6,1.229859640086134,2.569694552515584,4.475241042846487,7.066875588250249,4.219044357492335,3.750220953445086,7.495786970981619,4.698307554965674,2.9505905533291305e-05,1.6917750421383635,1.6917614807609673
0001,72,5,1.1212223672600916,2.7126967432364295,5.145225704138661,7.468585411165494,5.136759900869355,5.228155461757131,7.478686733057974,5.630785738076228,1.850010347406199e-05,38.77296362630045,38.77295288601496
0001,73,5,1.2358925616349499,2.883853587921244,7.305660214925809,10.596548952991965,8.090611465404061,6.9241807373251,10.23897139793133,7.770416417066398,3.421309042522293e-05,45.49573541475863,45.49572547192023
0001,74,5,1.1268872524620737,3.0985589309809107,8.129880815481553,12.103671323216753,9.56509623867077,7.4886377213644035,11.548104802526497,8.909824603656016,3.081732777895615e-05,1.3095254197389345,1.3095108778859967
0001,75,5,1.1269806169263248,3.168606019013456,9.562696277154846,12.351122880598073,11.697610704792528,2.999173915329805,4.5169897772369785,2.6268125736808594,9.305500282889193e-06,0.9577098676873934,0.9577063323267183
0001,76,5,1.238989377854184,3.4412117451017203,14.063042922951643,17.664532499538335,16.456636265014854,4.5766290053857945,7.296096270564936,4.2440968872593405,1.257043407376391e-05,22.04041679545748,22.040413264208777
0001,77,5,1.128088720352749,3.781778456682208,16.477539688477286,20.39858000262886,18.7373901963896,5.838764144557876,8.785753651550744,5.170953985038455,1.1160420253648433e-05,7.146776629224167,7.1467721660274846
0001,82,5,1.250975952339408,4.0542679862018,15.292260143618734,30.69435726459137,25.49740728656508,12.978962396763531,14.962295653896618,9.229450364905784,2.6459899873577297e-05,14.395869056201192,14.395854424185046
0001,83,5,1.1303892640702893,4.549917496527133,10.411873953469302,27.900653921006995,22.572511916516586,9.739049965843906,17.246538650186416,10.69077423154115,4.34041339213083e-05,0.12888530852610572,0.12887473088665682
0001,89,6,1.1149015885927724,2.46553696482694,1.7533468072137146,5.467211797144477,4.846299833980492,0.5568640286879745,0.9902904597509201,0.8558423530374417,3.69224050641203e-05,1.7482063767366613,1.748201413867337
0001,93,5,1.2243176889534664,3.0318806143459383,7.913346769564642,12.451560413705545,9.634223387100935,1.7302306742583116,3.318417965962569,3.2596794126749122,2.452594881940007e-05,0.25824677259618767,0.2582403154676161
0001,95,5,1.1091975442437532,2.918635211198648,8.508756839269461,15.437193294870388,14.276906030616335,1.9335359571075799,4.497720666737364,3.3293530416612507,1.2284016488136095e-05,0.40760737930850366,0.4075970327347368
0001,96,5,1.2191991932844497,3.1981731454695415,14.303559236883935,22.67323570530267,21.303318453559548,2.702263980673541,6.921507346734564,4.663198269754231,2.04966899402919e-05,0.652042263714997,0.6520365084393228
0001,97,6,1.1081746060689701,2.4571664932867328,3.7763445882830107,8.774620271640863,7.372701204758689,1.578522935980173,2.661947616126668,1.690963109571479,1.5850007855069824e-05,2.993707447720002,2.9937011788004044
0001,98,5,1.111812639706711,2.6034473822337345,5.995037458399071,10.747687903099182,8.60261026447353,1.5925977323414706,2.620917205423199,2.610826895970682,2.3019092193293328e-05,0.16929176144143873,0.1692904024008013
0001,99,5,1.2250616456068426,2.7822769200423956,8.829454214880917,15.726196817591507,11.931803517602297,2.341712003351394,3.957406418263184,3.9455815538433954,1.3849124397392095e-05,0.4126130055132121,0.4126077682965585
0001,100,5,1.1179573709126656,3.0058589653243772,10.385578843256818,18.352949504672164,12.972825188629876,2.71286977265129,5.059663566598788,5.0302269681395515,1.8038745423785756e-05,0.36523280159988447,0.3652240919223636
0001,101,5,1.1170998925149556,2.038700779548718,3.474602544168111,5.781597360760887,5.175002329477588,2.081042610220403,4.577339313361094,3.7132504013031693,2.005284068399878e-05,25.051441178656813,25.051426264167375
0001,102,5,1.2301883227653023,2.143091609611223,5.04045242503338,7.987725896863503,7.160370632532627,2.890903883238242,6.516424901405959,5.220220606589322,1.7489563278100854e-05,2.205576295532212,2.20556466523895
0001,103,5,1.1155235019084306,2.2703003159319595,6.120863619591865,9.262187639838286,8.398629183279752,3.201597971476907,7.43032921767949,5.914415515150545,1.2883195258853267e-05,7.5221563178495146,7.522149925307125
0001,104,5,1.1169068149502883,2.428725649103393,8.585413659254037,12.32977188575302,11.011851618818936,4.029175174527486,9.60343898573837,7.7364600335197355,2.5721096277916225e-05,1.1898368640449533,1.1898243800750747
0001,109,5,1.0970695517683706,2.746318653566293,8.848703243245614,10.521330209596938,7.981057556158624,5.7846364956900365,10.289059767837959,5.910015438705653,1.985678161353706e-05,9.8991110847795,9.899099942833873
0001,110,8,1.0936372844603386,8.039103541477356,8.190339424871162,14.626208706491036,13.44796548944706,8.623144095283102,11.00205952124338,7.183919547906038,0.07741786647059798,0.1754951384205147,0.17175905409517395
0001,111,9,1.199645704229345,7.483856316980347,4.158308980904209,12.832985313359174,11.101626076538048,5.170181135851286,6.710095562844319,4.841836571867433,0.003836806706120385,0.5913612020891039,0.591076532300191
0001,112,9,1.0880021040255226,8.448128999014472,4.84668250097844,15.153460563767128,13.387306218340694,5.80565436513892,7.675998497339288,5.435407896943282,0.04821835832489958,1.7616640096841045,1.753622482612204
0001,113,9,1.084119356681824,9.733664966191101,7.0362991423528065,21.18075774823637,18.785540704249577,7.572452176979844,11.464443121210525,8.395976099781343,0.0027174061272745996,11.88317614774433,11.883167594217444
0001,114,8,1.1713252644026684,5.813960747228258,5.3414747232734126,7.491993326689028,6.185502977647406,5.177258424319343,6.3517825448877865,4.688134490597252,0.04943718430979882,0.08040958037991586,0.06452251122971284
0001,115,8,1.0654718224644049,6.3653170178820515,5.831293586186626,8.360910489798762,6.569657926646546,5.616017927558639,7.018029434175734,5.221595291389448,0.027455428945820547,1.814842957568948,1.8123401232581269
0001,116,8,1.1677210851753725,7.054934944121738,8.565264477476333,11.45684867204103,8.85349485625873,8.059568478071133,10.082713286566515,7.385749478555548,0.004323471368710057,394.2698073255175,394.26964079803867
0001,117,8,1.0557804620312043,7.914031675227272,10.21782129880242,12.930962573573504,9.631329126162507,9.639601088263202,12.217423489279739,9.094624718016286,0.0041140562477217325,7.8720203658968755,7.871973656227979
0001,118,7,1.0522850881173225,9.050119767897167,6.272811619001013,17.266784330823672,16.962041243506285,6.830599973957994,12.034576026401925,7.428370713308651,2.2064735249507495e-05,2.4141667206919535,2.4141615959310574
0001,119,6,1.1615672324372597,5.101700500198437,5.05290777562028,7.751473829387967,4.991919093470498,2.785545605711625,5.3810099699384555,4.0249302025802,1.8320096775449885e-05,0.21352006548477212,0.21351703815207834
0001,120,5,1.0531511125630917,3.2230189220072294,6.359505254708169,7.041400540768587,5.001081389923872,3.1087022534913586,6.340284000821035,4.86950849496635,2.6653304043474263e-05,0.1531512703361578,0.15314027469049268
0001,121,5,1.047432891512319,3.4699360304364038,8.029566675679636,9.027564310786655,5.874976070403086,3.732104453475334,7.688218035254266,6.251021548750581,1.9201014127109426e-05,0.20969994234817857,0.20969318247840302
0001,122,5,1.1498539325552453,3.7700235945364344,11.05817346870845,13.469689507856978,8.319116264060881,5.012932862925613,10.635525212332258,9.031998361447796,2.081796237639978e-05,2.5529667573862453,2.552955395224511
0001,123,5,1.046290371206831,2.8196577587915304,3.0691233606532133,5.35563913698375,4.5666451704057085,2.7729041342613305,4.631127945118682,2.358376691752838,8.876587764012197e-06,0.7366951921462275,0.7366926975141931
0001,124,5,1.0411685348661153,3.012584299511164,4.099969386472676,6.739231839548287,5.860094394492906,3.4255762327810952,5.68586605610067,2.9700357987229253,1.7933516383703622e-05,0.0936174706983336,0.09360727763157643
0001,125,5,1.1410447787362403,3.251474849290331,6.41408880729558,9.902870182758512,8.336981831511967,4.754624582473406,7.996508656161099,4.298077747927129,1.611936470942064e-05,0.24720562392464532,0.24719918758845735
0001,126,5,1.041434854628113,3.554976926726183,8.219834667391735,11.850036922150545,9.389458722497935,5.24989423486211,9.215384028034185,5.317390648480949,3.182213173267973e-05,3.2810413238723424,3.2810322971053942
0001,127,5,1.0403806284279,3.9447863677461656,12.126910167603839,16.373768075285117,11.847623033918605,6.682631532844346,12.185121985954765,7.654295985903529,1.0693027775910977e-05,3.718798234606639,3.718793107959467
0001,128,5,1.1333888078303949,4.474395200817328,21.017958131646,26.028680410227253,17.48501685437811,9.743071594798401,18.721420515196762,13.008505080950918,2.5553669596490923e-05,27.331013340953966,27.330999512103396
0001,161,6,0.6404332455697959,5.004410420858363,14.41829546529619,21.021014481617826,16.939108891193882,2.9163115141066864,4.245308111834749,4.158600457536474,8.046939110925432e-05,1.7881380658273356,1.78812844536639
0001,162,5,0.6834940631893553,3.9374827766427516,19.095996484482338,26.04315498705056,15.46386391604673,0.9387901627529952,3.7684838443799085,3.581306168167095,5.1216437234968926e-05,2.3057398415053534,2.305735839582215
0001,215,5,0.35138815410369006,2.4632655849556495,1.3797633464550123,2.840130176878872,2.572616476422022,0.7594282322089698,1.0174945740749746,0.6255530002917075,1.0089578539821501e-05,1.5277629044959533,1.5277589242390914
0001,216,5,0.370051517836062,2.5256628356024233,1.3686139943334006,2.771843806031083,2.448475267505629,0.7497070266623735,1.0566216382219482,0.6782690762335846,1.7603016810860833e-05,1.7483089777938823,1.748300301491792
0001,217,5,0.4207267298422548,2.5923032625904643,1.501242261920846,2.9117271721452753,2.4701728182312914,0.8525365923666308,1.2270778897356214,0.8106636977457322,2.892914937682549e-05,0.022221722266406268,0.022216135457006077
0001,218,6,0.4003425187517159,4.289287849528605,4.485090386491184,6.432435619088682,5.203118570721717,3.025140382229764,5.69609689107508,4.998860732622747,2.7588603060146987e-05,5.065389475173903,5.065383487384831
0001,219,6,0.41291111636768035,4.493446578013022,4.316320172650029,6.316058925683256,5.258673841255666,3.0545477181444394,5.4735097698129636,4.591571203240853,9.8939851037361e-06,2.473755601471704,2.4737463539048337
0001,220,6,0.47140032921945196,4.732133164573372,4.6985097592911655,6.960887783178726,5.855253550646187,3.323411773207195,5.8265104327704,4.695960159988726,2.7816387520460948e-05,0.4486111875661408,0.44860247773014783
0001,221,7,0.44339635627100865,4.984892511959798,3.856933747386437,6.0552410077606895,5.442746033904329,2.885002659354365,5.300672713801719,4.777957036891209,2.818681779825056e-05,0.905841761928447,0.9058406529397057
0001,222,8,0.459363242055777,5.300154133039739,4.7908709749424165,7.587289671798167,6.080873868408942,4.033795199888635,7.642675762577642,7.414327497347997,0.006566990036311164,0.14154033098850333,0.137633129136249
0001,223,8,0.524554570408207,5.631151517773244,5.541553298761313,8.774074480093622,7.3991700836743775,4.512097545734133,8.770634911426086,8.51469344998055,0.04544427147525722,0.08726224903545475,0.07468228838996421
0001,224,8,0.4978742172726397,5.9939914438548,5.604160256461004,8.651557642535561,7.3822818437426765,4.292750095485893,8.556080252281905,7.975574415421761,0.051435909546475325,0.19774843957702187,0.18782310086694065
0001,225,7,0.5150109217707282,6.390593266909104,7.2395836923156525,9.451779850906178,7.109277545094461,6.350535007032448,9.367954134693242,8.366124058514133,1.2065612693696599e-05,8.834250034611378,8.834241341949163
0001,226,7,0.5764977412675432,6.848209687131927,8.302835057585249,11.476205494777705,9.135170506679383,7.344220803905838,11.31258090555547,9.943259564095776,3.7328845425907584e-05,736.6430334057783,736.6430226676295
0001,227,7,0.5421210757620212,7.438923853205762,7.252677345255979,11.342672968678427,9.242010504193669,6.7729211533373626,11.083741983489883,9.679550843092155,3.1949488879606247e-05,44.95859825213031,44.95859697652927
0001,228,7,0.5509473015781226,8.087485659862768,6.613841394954155,12.419660248405208,10.315623041715089,6.860061191796014,12.118804940078787,10.388535568927912,3.413189999973984e-05,32.905513499979484,32.90549901946941
0001,229,6,0.6269772519323078,8.879206035532436,9.682389404869362,13.217073376420748,12.54308763557612,3.66437492805035,10.648610110221583,9.062188740113044,1.566674760746216e-05,4.567118140776961,4.567109869056432
0001,230,6,0.5917542403515942,9.85409340886052,10.768151985939266,14.644007284716096,13.524920735422507,3.874807789520607,11.727788780876905,10.285990464398761,2.5454850872375694e-05,20.57207690996078,20.572064431986583
0001,231,5,0.668763943903985,4.748431958210814,1.6438369477649746,2.978158633487332,1.9586654924006297,0.7755619811540757,2.0958243961880947,1.759768999547176,1.0493722232870632e-05,3.2209007637992437,3.220897138331156
0001,232,5,0.6297630306060593,4.9775359367433065,1.6440945677320133,3.3933132736040927,2.248795134538152,0.6721019407119995,1.9804800652448717,1.6541233058965674,4.0725195310771036e-05,0.16599018302478893,0.16598391205812574
0001,233,5,0.6424283681953683,5.2332130729446735,2.127335527758989,4.288858610632871,2.8768885632717947,0.6570540303349921,2.1537595337658804,1.7634261985516728,2.233515801903798e-05,1.0050109206871092,1.004998671008299
0001,234,5,0.7280259381202291,5.52083907910838,2.664227148535436,6.109150171269007,4.107178075882068,0.7773044398002272,2.627681249416837,2.1845518374147646,1.570045699308313e-05,0.14134944793983154,0.1413434845883258
0001,235,6,0.6767778284858175,5.865100534319608,2.5416263218654205,7.899182138858411,6.243956452315455,0.9804150729509101,2.548832669304563,2.137013903588135,4.460870945647702e-05,0.25760516969363373,0.25760172624774874
0001,236,5,0.6887280248457613,6.280781359060975,3.2893769114344855,8.377260599606739,5.869371184283645,1.1509665796400348,2.955635903944715,2.4307298576974774,1.6045061361953346e-05,0.35215587690983213,0.35215514048850005
0001,237,6,0.7617016863017649,6.773455456474425,5.511706314241174,9.747421997836701,7.753563361772293,5.652196586279874,8.441732884956858,7.2356806518964145,1.87519505980376e-05,0.9668025043594888,0.9667994644155307
0001,238,6,0.7049873841445645,7.318870457772922,5.752192988534946,11.461530792530366,9.206300034722148,6.108583914523386,9.744121872763017,8.30630965556108,2.859246138064481e-05,0.8863445395695339,0.8863397908152727
0001,239,5,0.7128339243183559,8.003500871362256,6.526803953871238,16.1786698634592,12.661530667962012,1.1650395758217635,4.343262004145149,3.775167464385976,2.483987339118076e-05,0.475964520229,0.4759490278647448
0001,240,5,0.7976445334168615,8.907118447378634,9.838257910330602,23.187970605747374,19.04483198509835,1.2427911324586658,5.809796106749151,5.225217640959033,1.8753157281756766e-05,4.322195620235099,4.3221878020375755
0001,247,5,0.7848601654092108,3.429794883305205,3.159696861134795,4.537616235134904,3.9503724127088984,2.697727719394292,3.372063343165285,3.1079579046259473,1.7083453879168034e-05,2.086819090489833,2.0868089649703676
0001,251,5,0.9056204419955183,3.705496467708215,2.962270110293577,5.9250194718656335,4.873397993578048,1.9747897576229132,2.519551937538256,1.3240977395626978,2.0255776898526626e-05,4.264885137116706,4.264873966384151
0001,272,5,0.9537119280177082,8.459766262015872,5.641776783140028,7.462052509647697,6.633998490314662,3.1157424080040053,6.82843826090555,6.741019962828445,1.5869396455076816e-05,0.11844075944341821,0.11843661413562598
0001,273,5,1.0550899543429249,9.375072102268298,8.273857972659512,11.537128967633436,10.395450750811666,4.617703413294627,10.155549584976603,9.574966564740036,1.7450598363798604e-05,0.5662575213822316,0.5662507714933757
0001,274,5,0.9661789348681125,10.546262150553943,9.975960404820295,14.670125646482283,13.319356986746389,5.748388250675942,12.691021844466325,11.57490759906441,1.175511055578332e-05,0.5357152914456622,0.5357142542466838
0001,275,5,0.9695074881146025,6.5397315896707395,4.049584892098165,5.108853254178914,4.629184000009145,2.0827911536926584,4.239244831975384,4.064018634894922,2.3976456222280645e-05,0.32132899694114125,0.32131036856850237
0001,277,5,0.9725646014993263,7.741239530644274,5.854879976569339,6.889128781327632,5.475642487859809,3.1132528987446775,6.352361883328344,6.053036662119677,2.7650353395257696e-05,0.2770098601735966,0.2769985864764379
0001,278,5,0.9769649652898447,8.57728724634981,7.836440649432235,9.293274148760986,7.517799620419677,4.231562988029554,8.607670531561773,8.233860110201164,1.830520188810034e-05,0.026773995986696445,0.0267666071130862
0001,279,6,1.0777642809729902,9.649654933462523,12.733314303174295,17.389103841728577,15.91285356922948,9.509805332776208,11.39143697534474,10.221472627211057,3.095038494119653e-05,3.15636540031373,3.156355521669
0001,280,5,0.9792834269926081,6.189332245812545,3.6021940956352925,4.828258017236233,3.825804943348939,2.2678497045206916,3.582400387841852,3.3474190187479382,1.1679677394270984e-05,0.20508476622724206,0.2050782090304975
0001,281,5,0.9806300992687796,6.695457338634106,4.546704730990001,5.981836026405213,4.734287127728187,2.7431433614367813,4.55723584546652,4.212871351633458,1.948166465920699e-05,7.01955075654151,7.0195479659718165
0001,282,5,1.0829114240850701,7.349152425426113,6.975633012049081,8.719569461708721,6.6847734177010185,3.8893066422214613,6.974788575111412,6.563406983740564,1.2792738232664354e-05,0.6211416331353826,0.6211353063842276
0001,283,5,0.9936273459446848,8.172591842828853,8.389117528257682,10.118147721460367,7.814821637479578,4.428916200003476,8.840722244758574,8.50805789141666,1.31127056884106e-05,8.355714326551517,8.355706819736834
0001,284,5,1.1007836418291583,9.238506149986241,13.443741886512655,15.462754825480642,12.0833470816768,7.045423016085027,14.17998364936225,13.889511764183078,1.6888965340460534e-05,0.26601986672835,0.2660102760186711
0001,299,5,1.023509816446853,7.148787956459339,12.374375970518248,15.610395723268242,13.450648412873194,5.766680553101333,10.219010606981836,6.195554940568081,3.7119421582528735e-05,0.8967666307200778,0.8967661042855328
0001,305,6,1.0256139422554629,6.81028806532691,11.73611798791401,20.668678268985882,20.340188473252038,7.153317568404635,12.25033457574643,9.201181556008866,1.6249632978050982e-05,1.6871004221575885,1.6870958968775551
0001,306,5,1.0235640626728504,4.055048565526971,1.8361543130544256,5.80610675672529,4.5811149988278705,2.0680953627292094,5.048919045129616,3.3471105670773627,2.9291039062350212e-05,0.4323323204116814,0.4323138428575261
0001,307,5,1.1225567480018226,4.397809669034926,2.588597323960798,8.587054499612936,7.259319165372645,3.057971509691572,7.355674284364698,4.923554548920897,3.8073333316236136e-05,0.5637459258502274,0.5637397321365633
0001,308,5,1.0198755885443123,4.8276819093534975,2.999674990393326,10.392699670156619,9.164939385408944,3.7399292641348336,8.79286067756504,5.925446173671493,3.1095464217585514e-05,0.5801250913444757,0.5801133671867533
0001,309,5,1.017304972770988,5.379993333689311,4.006808374479441,14.649231030075969,13.212345064106177,5.509623002990209,11.847061517646415,7.964898671631872,4.348886430637034e-05,0.24641709431359513,0.24640621606316543
0001,310,5,1.1156891522906482,6.119629822719426,6.22800575404215,24.365672267032654,22.02966725787677,9.490783131110762,18.662754183639287,12.528035288992589,2.198836205017376e-05,0.9942150759435651,0.9942011598276411
0001,313,6,1.0045139498189217,4.3281411550674145,8.522298469323754,13.150734861722745,11.040730410179677,6.341105588381501,11.29081459672183,8.470948863505388,2.4429441760023194e-05,969.4728488095934,969.47283733166
0001,314,6,0.9994561065601213,4.811736891514347,12.049412271203074,17.52162403970994,14.613953478299786,8.417831042286148,15.659395122157344,11.685118212274936,2.2086803349726424e-05,40.01131910684545,40.01131135388524
0001,315,5,1.0973190609307877,5.007358053532621,5.192904660309969,20.575450159422893,19.5354445926686,8.021824623981502,15.198162535952994,10.204319908885113,1.764175240508973e-05,4.403920154183955,4.403916859061987
0001,319,5,0.9836179939161902,3.808649083690817,11.655426526077926,12.149602747438513,8.345467214385948,7.957258060960182,12.859841719201661,10.301201563991306,3.0325672157197335e-05,0.027422778898344623,0.027408765528051236
0001,336,6,0.9080462825848665,9.418399773322497,7.632297758608056,10.636621113550401,9.595776069946028,4.110294896013265,8.52694363026708,6.896980119415157,4.539441393612422e-05,8.636274658226842,8.636258190197408
0001,337,7,0.9019406220261766,10.640899816969432,10.150804292597062,17.237435795028468,15.121036633938976,6.396192659157367,10.861223644064603,8.417613101246086,3.935307382256328e-05,8.303532463496245,8.30352652490648
0001,338,6,0.9887107040364248,6.800225117946899,5.4577351204318685,8.300692270091329,6.797767493140211,5.6490435652127395,7.1239462612029145,4.618412764977306,3.306118783815133e-05,2.218538164360347,2.2185361173621976
0001,339,6,0.8946194754446032,7.415865249859157,6.266439681138381,8.435076719638381,7.038018107306066,6.138286561220065,7.6532244077628695,5.124288559610558,1.9410918276952374e-05,0.47247279382587454,0.4724661819189173
0001,340,6,0.8917383257432946,8.175722765357476,7.80977687403715,10.398507256187948,8.44198382278309,7.222775131072584,10.356572549953952,7.626780303172158,3.448505047030065e-05,0.12797017309244765,0.12796225867194402
0001,341,6,0.9744635736359647,7.038081167002721,6.879422209800952,8.973033618077084,8.174944821072973,3.902720598172907,8.510153023118558,6.460788314342961,3.56354630701043e-05,1.659207514699521,1.6592035776314404
0001,342,6,0.8836115157633929,7.764890974458523,7.3887607476258905,9.709399830893977,8.837869938615887,4.147192827499849,8.812692855945453,6.800214605595441,1.0328764060327055e-05,16.032871261508703,16.032867009738432
0001,343,7,0.9603477248640943,8.69243252630567,13.436309747235066,15.886535930084495,13.605540416398973,9.743056539739593,17.1474526252358,16.31976711520582,2.9922183164891087e-05,11.682270526297172,11.682259426035824
0001,344,6,0.8673773398277435,6.191338112024066,6.714273319328605,14.776384788574482,13.428731014041974,2.1426163679980768,3.408400534772792,2.688928069198662,9.316235356714564e-06,0.5726328001300364,0.5726298851626477
0001,345,6,0.859123981548481,6.777982465608546,7.932747846383408,17.352761374444643,15.865161761747267,2.5796654732375006,4.105781139174114,3.2803861746539646,2.6666224309680004e-05,19.965396849114505,19.965392883934605
0001,346,5,0.9375079004286434,1.7779784803778522,0.49404618741367334,0.5962629131435188,0.3536673792289762,0.3949691130896205,0.5912732926423933,0.3425954742151588,1.340628426742415e-05,0.3951678757780302,0.3951605075554114
0001,347,6,0.840885670105596,2.2488954582702405,1.045951476756997,2.5622698201660095,1.98402653747491,1.2779928024927505,2.168689691200002,2.12292129186772,1.7444567001043594e-05,0.29090796750181946,0.290903071605575
0001,349,5,0.8996274222079992,1.8570341089222682,0.5952341569162368,0.8143753625066588,0.36741524412080245,0.5583433748501847,0.780657173086125,0.3612410408424891,1.0518660657555233e-05,0.6213770659507334,0.6213680758385338
0001,350,6,0.8041494169970845,2.1938913609462327,0.5969305236548633,1.1428902482078682,1.0099807621542527,0.7445034578413402,0.9380776677702813,0.8976683632033893,1.8262050216339905e-05,0.2746572505656274,0.2746546971589562
0001,351,6,0.7930584817762381,2.297477560668086,0.6275995529797609,1.3548595797087064,1.2122829152862233,0.8566790101876084,1.0476485435169562,1.0128543602556486,3.054568350986077e-05,0.4765339976161243,0.47653112053193464
0001,352,6,0.8542351387989339,2.41765857420007,0.7305316964812435,1.8178336039525054,1.6530641697821284,1.0681111845042888,1.3022919169773706,1.183878267063926,1.7145519041716907e-05,1.6464367697947688,1.6464275969656128
0001,353,6,0.7596003755341614,2.555133154482604,0.6946562067863108,1.911085177883179,1.7679950465659449,1.0833600606647313,1.3230154369353757,1.146552534508963,3.0087577738420213e-05,0.3982362360315219,0.39823168064838127
0001,354,6,0.742102157520056,2.7139230011576054,0.7411806659811175,2.315733028664987,2.1702865684402486,1.1987617964240922,1.49789226722824,1.3015961294464928,3.077772827747792e-05,0.9094078484323905,0.9094043500246803
0001,355,5,0.7993224571202321,2.482642393224159,1.025345538563399,1.9790698812212473,1.4723658122943446,1.1620952828253528,1.3912557826919314,0.9640588141248561,2.136120897560963e-05,0.031968968369013126,0.03196359524601639
0001,359,5,0.678684296360837,3.469064066044075,1.4983326742465974,6.820070676125269,5.7646360031875545,2.1047719364546285,3.28655627562005,2.333694500561537,2.817540908596418e-05,2.329640456799398,2.3296379355965438
0001,360,5,0.7302916309420753,3.889410332575726,2.0012807735476352,9.628205210570721,8.290034772641686,2.7739747139713047,4.109840360157466,2.7441885397230674,4.0836460039189374e-05,59.111547038481156,59.11153862052482
0001,361,7,0.6498678103774861,5.34323100040026,2.0355184283315233,13.481460113989439,12.785636095004392,2.173159789660182,4.584946741459592,3.5001090536860158,3.734629009537679e-05,10.116018484407752,10.116009950099754
0001,362,6,0.639364866301183,5.214622984985014,3.190460520491925,15.168867412888595,13.533331188143507,2.7712295768758253,5.189323123712316,2.8112430428361024,1.9503495216600955e-05,12.257676891567574,12.257674170505043
0001,363,5,0.6899737206281368,2.6086539544652223,2.3984773436693296,2.553116121023029,2.005276889704218,1.9807292330007638,2.8980342728381725,2.8428510039423247,1.1270842428422585e-05,1.2703389519658566,1.2703321709230513
0001,364,5,0.6184419984439938,2.710267377473459,2.314739665167454,2.684998620624286,2.187966063124901,1.9288185286837307,2.805839950741748,2.7575493123388197,1.6442402441488655e-05,2.199612846892578,2.199605755924123
0001,365,5,0.6060206441813916,2.8302505257500328,2.6344148212434066,3.131599184887104,2.634846594881338,2.158746190420021,3.114064837094177,3.01021742163482,2.1495521777031585e-05,0.9110144746221722,0.9110007143174094
0001,366,5,0.6498102868844419,2.95336325211963,3.23105957488302,4.0176725175695,3.5784524870006043,2.886380070403433,3.9884664855715317,3.847009595272672,3.72034777742115e-05,1.528666520973317,1.5286536849868224
0001,367,6,0.5760433633117049,3.856641541569077,3.686329769836468,6.237762860202473,5.43263212454689,4.364098682176437,5.655363327684079,5.04509986268749,3.907701293261732e-05,11.656730915323891,11.656727859157973
0001,368,5,0.560911377178066,4.067673594147979,4.210441161069914,7.524451031925982,6.103008768472983,5.204993332105893,6.914939231119582,4.899274719279227,1.8851397526402132e-05,1.13246234681624,1.1324605999086907
0001,369,5,0.5983033757310425,4.476830139679293,4.920590110776246,10.134156783520007,8.43556248853955,6.458643089217205,8.946360149225299,6.138859504894508,3.0179187392700743e-05,39.51656945523722,39.516560450396774
0001,370,5,0.5282827880806651,5.121678160081466,5.458966319710777,11.445002341037519,9.814520861487093,6.634403552574168,8.781510685392602,8.07814656180069,2.430594042491518e-05,2.0883802552353945,2.088370345763876
0001,371,5,0.5113948486310154,6.07316616998918,6.1156392196189975,14.972538747844684,12.445546636977017,7.738727514659935,10.850053148812208,9.514595939278186,1.9899922335590858e-05,25.968021268962758,25.96801806877317
0002,59,5,1.0813819181581878,2.2294853243746333,1.6245921748856291,1.7637604182757014,1.1730348597912552,1.459819545442151,1.9087221057128032,1.2874954048812097,1.0768023151547112e-05,0.6119589538320525,0.6119530972987971
0002,60,5,1.1785647900975862,2.3457562585746112,1.9915330917561802,2.1531265055915703,1.4328572726696498,1.875645012491339,2.331270743458154,1.5178181227612777,1.835925244423186e-05,0.7387389574717458,0.7387304926109676
0002,61,5,1.0610852593238842,2.478368372721686,1.9862546769003004,2.2970112964551506,1.564269682435698,1.8558355219960512,2.421990828882111,1.5309993370653308,4.942615390861309e-05,0.7457609252261356,0.7457580447719283
0002,62,5,1.0569697687052166,2.6310271167603223,2.2147895530943815,2.7872156839136504,1.949684799624328,2.0520572586803443,2.8036987250598484,1.7379371405905368,1.4548406729870263e-05,0.9601674750446764,0.9601591583209065
0002,63,6,1.149843666449618,2.806175565425419,3.2160978447155406,4.022641127822464,3.57668536003335,1.6261788892623432,4.867674849740673,3.8898516269679617,1.9249265622634665e-05,3.503679740001686,3.503672710517135
0002,64,6,1.0290008007406024,3.012120583828774,3.3008143139751036,4.042916432400622,3.5799048133830667,1.7937309278150448,4.943503417969727,3.9048489244847064,1.685337327076001e-05,8.754100028376387,8.754095558763774
0002,65,6,1.1178544547540572,3.2604087707426617,4.25517583894177,5.481345992074091,4.827135989155475,2.0351988258880187,6.281948016314435,4.641254715382513,2.98595385706234e-05,5.712577268185255,5.712564483360259
0002,66,6,0.9953130614052697,3.5614019902169773,4.588538932132243,6.026108994947809,5.27540630654125,1.93447018490192,6.607081831127117,5.24455066425374,6.995276879234836e-05,10.46478081214859,10.464778686557263
0002,67,6,0.9832542039124958,3.9158652362167077,5.533602403964663,7.419910100013326,6.454600902112594,2.27547751756724,7.6849669934528535,6.320331981188685,5.453719157476386e-05,4.698635344056075,4.698630034476404
0002,68,6,0.9625768512547083,4.361473388921833,6.408324560747017,9.159073399669092,7.937236802726793,2.7040533492754113,9.126715787257437,7.078192067151717,3.311776578586499e-05,2.0041548775032516,2.0041415422401165
0002,69,5,1.0377702010789827,2.002930215779797,0.34507412378324687,1.3711920480821287,1.276173743602131,0.2641090791942103,0.3290817292280161,0.23248286114313435,5.1610286009568956e-05,0.12624571007597882,0.1262263631863885
0002,70,5,0.9254774655630816,2.0423598449149787,0.35837414477823004,1.3704844256986513,1.2788295006915722,0.27951390976761153,0.36342512774963764,0.28001422849980795,3.098742759061643e-05,0.5170460850777596,0.5170220964479729
0002,71,5,0.9095043260530703,2.076690934319404,0.3923091457119764,1.4641560293422742,1.3665285302152412,0.2728570116159267,0.3812675712593415,0.31535417413865935,1.0083197544536447e-05,0.0904380065863786,0.09043293359195706
0002,72,5,0.9915892477653887,2.1131186822622254,0.46714914445413647,1.7119459094020506,1.6078598553531667,0.258500483579581,0.38586302306689374,0.32086812196776293,1.8547954225230018e-05,0.15926134597337113,0.15925698860527626
0002,73,6,0.8906679031971587,2.152489512002735,0.8239803610440743,1.4056106110802493,1.1537752234802654,0.3057925426791488,0.5951747122737804,0.5323916635246682,2.7727838319656668e-05,0.5731358616658936,0.5731244896510277
0002,74,6,0.9747692381351248,2.194497723402267,0.9497641580851601,1.6675483732601792,1.341627239411975,0.28584176264338623,0.7692355118760836,0.6903286193837948,4.35279360336424e-05,5.094266344676225,5.094261253062521
0002,75,6,0.8794919550716894,2.2394277617791527,0.8881353126898563,1.599757272280408,1.278952938034613,0.23619330046334852,0.6878689511698729,0.5923261631796248,2.7430752957190938e-05,3.0448182175910117,3.0448073228469643
0002,76,6,0.9626129589097872,2.2852014640137095,1.0525509450710473,1.9541995082470083,1.5316258255077062,0.2747774635754481,0.8073729596149724,0.6606005852843215,1.856708804628318e-05,6.553738258993637,6.553728513148196
0002,77,6,0.856557666076116,2.3348092478636846,1.0147759159089642,1.942700206731293,1.491922118537102,0.3430178316756819,0.8452371915843055,0.7739672899629924,1.9579050399763634e-05,2.897449157899879,2.897448370681266
0002,78,6,0.8475111437655805,2.388265822673085,1.1433575692836588,2.2612617417432976,1.7519375177499383,0.4312682392346008,0.9893344304511202,0.8718270814864176,3.159669549950404e-05,3.1078241560452486,3.1078181514571717
0002,79,7,0.8260478088162083,2.446046649089985,0.8922931577264248,2.517112077223044,1.9162820030611474,0.3366412606059887,1.035800772336387,0.9617739634376298,9.160168930700028e-05,1.0219186637543223,1.0219043258248715
0002,80,7,0.8954602593970227,2.5071876876419186,1.0706242536449586,2.9906783451808168,2.2763086626372067,0.3498857128715831,1.0936412397159307,1.0263814047325164,3.556011051967274e-05,3.0094654922876676,3.009457008109767
0002,81,7,0.8016724371519406,2.5718240135258483,1.0360793217441209,2.9428033353809817,2.298398199758051,0.309164774321831,0.986160892886133,0.915022607984678,6.638542551392956e-05,5.08382815536655,5.0838177611852196
0002,82,7,0.7855893708732612,2.62568574482469,1.083604595414127,2.988595094674736,2.376282176920422,0.3623000594667072,1.046755810069994,0.9661320321955519,6.079586866763326e-05,0.21118032857015998,0.21117590951312107
0002,83,9,0.8424820205417087,4.143379740336691,1.1182472156689782,3.607419182885682,3.2207555520097104,0.4338666443229933,1.589255149548952,1.5136676321763598,0.06588745344397853,0.6324896551811322,0.629648424895496
0002,84,9,0.7512041475069351,4.279143993612925,1.0691547723684898,3.5333945388223182,3.14851915570572,0.444335878098926,1.5316073845901852,1.482928797966799,0.019685851212024152,0.7701899088779546,0.7698012434260304
0002,85,10,0.8020113595865387,4.426918178251221,1.0757743953252235,4.321495112553503,3.886238498185168,0.46743076978833165,1.7961016330724318,1.7345553315028628,0.07606839200248745,0.5827441895885611,0.5594975537606955
0002,86,10,0.7061807165983833,4.588370014516816,1.0569615313522323,4.254398105874337,3.817264746567365,0.43638473110388376,1.716519491127618,1.643181651259658,0.07084768758685211,0.5281062126091176,0.5115567685885879
0002,87,10,0.6805956587645704,4.746318040645428,1.1136824780979109,4.541365960117361,4.073673930477592,0.45328661698020933,1.8146822692351365,1.6931975458251465,0.02745622800865252,0.43510472567602,0.433655885060559
0002,88,10,0.7292095405290948,4.918910669717035,1.2974950975714066,5.444011338079178,4.89560912163974,0.5419189071130845,2.0777576503764186,1.9631477829439279,0.022306428951747222,2.283955153720165,2.2836986972592386
0002,89,11,0.6480051443839624,5.1082843490294145,1.1353651673167853,5.372866883788474,5.038496429387693,0.5457215377821196,2.0275517116697603,1.913098327803582,0.03328533134615934,1.1639673161506254,1.160040166182759
0002,90,11,0.6298349018687676,5.3170112282766935,1.2079391257501284,5.720529612369465,5.369850742906636,0.44046951526959316,2.1313186869760057,2.0263979659922637,0.025170342864622778,1.5485678836932435,1.5422937487658699
0002,91,11,0.6690908750729111,5.507994798036897,1.3934283215152177,6.701847375987532,6.293741835912096,0.6250158656415759,2.4463625653939935,2.3567558916858493,0.023820193482784302,1.2252660691010826,1.21904963108273
0002,92,11,0.588782917050055,5.717483899617019,1.311158588923162,6.6168399445141475,6.230765143615933,0.6382117481949309,2.2993837789155935,2.2238607394937175,0.014637187595823017,1.746934466190129,1.7462200169040638
0002,93,10,0.5708302547749806,5.948305142766333,1.476641222426347,7.14015223601715,6.6449587563154795,0.4074934592302018,2.2904217638880917,2.2385322309921794,0.058871819676766045,2.3006592931936374,2.279548502000676
0002,94,10,0.6126816905968276,6.22088330751638,1.6983250491762285,8.807216683393845,8.229525834838155,0.4609411026380841,2.621902928479409,2.5688522972427905,0.014166418611081696,1.1458656744203153,1.1456709664001303
0002,95,9,0.5406453896128651,4.014418029940317,1.688575314824772,8.486478606052547,7.830453385494432,0.5441163097000395,2.2082373531484722,1.9131709699382518,0.005267673612734836,1.0395896469058796,1.0395297150461236
0002,96,9,0.522620390712272,4.172361703656379,1.7780453429214063,9.043548653276305,8.339879631439322,0.5223453059135554,2.2777578133908767,2.142012231435405,0.026306390176985203,2.151858233009954,2.151329198358582
0002,97,9,0.5560719015269462,4.348052988461356,2.05110675724491,10.660496113816876,9.8167226416485,0.6528633254830867,2.6224065554421516,2.264958572036567,0.0028657470890664396,1.0215158240069127,1.0214964018860229
0002,98,9,0.4899176578430995,4.544660306731542,1.8045839809649087,10.579541442886914,9.798729392434069,0.6210556270765161,2.466754708899205,2.2859826282594224,0.02252363647296277,15.382132878380217,15.380650469034737
0002,99,9,0.4748041899422258,7.785913310018662,1.7059402599032811,11.621068315457235,10.577562101673834,0.8364790461028291,2.764086006679647,2.7004759043482305,0.0029448750466149086,1.2494789212016004,1.249265770686168
0002,100,9,0.5022440566205377,8.139289881026409,1.6281327627666489,13.987993967211217,12.82207100253843,0.9654142573165265,3.151494961510073,3.128928455660941,0.009398816523392707,2.10493387804606,2.1044531528929307
0002,101,10,0.43771167975663466,8.60234155371691,1.3834641296872827,13.644675337822614,12.845392596328626,1.021503082445987,3.182907401455177,3.057368278939982,0.02122282380838554,0.5785477968712583,0.5760999243956803
0002,102,10,0.42791240310866413,9.074642235803093,1.5152615444096642,15.060401465986693,14.220958595173162,1.0776239347702585,3.3092930858223513,3.159197296039176,0.003801412454421319,1.824689370419805,1.8241885566883307
0002,103,11,0.45486759823989165,9.634620251499316,1.2668249236560645,18.197751714196368,17.78735991510037,1.150344529493298,3.8436959123459875,3.673096939213775,0.013329019450952662,0.2924432477737561,0.29193814236347754
0002,104,10,0.3943179903780265,10.15760593303585,1.8819846401478113,17.222013893328413,16.73346932453928,0.8498216700011385,3.2209833487571116,2.8804944186035693,0.008348508384026657,7.450417822432404,7.44723735953349
0002,105,9,0.41626267380217885,4.233101850595557,0.6979444690462873,4.663947269541364,4.499062528213882,0.776868006429476,2.3689294206293248,2.0806734677239893,0.009139831791135564,0.7716881910576011,0.7715695760465732
0002,106,9,0.36164373928016263,4.337792687633906,0.8043187740612623,4.1259397339199095,3.920468815091046,0.8747005737337114,2.092029831373786,1.8409132510555213,0.006202346072048405,0.6415407099255324,0.6414629169614428
0002,107,9,0.34955034617084796,4.433343709454118,0.8813912427464707,4.144930417580348,3.97393266606312,1.0642443288473589,2.03609420841026,1.780762602694261,0.005594138150697197,0.4772755060427725,0.47716029303136803
0002,108,8,0.36522059907859755,2.6886394196844274,1.0395709926995234,4.444429475198667,4.173898151782639,1.217196270671784,2.079488246954947,1.9080002909848988,0.012496742240750109,0.3173926196549804,0.31081732526726447
0002,109,8,0.31296760542821894,2.762062698390364,0.913551757920767,4.017403783251531,3.7810391577553397,1.2296624605779138,1.6938445850115407,1.4971042858364014,0.02713285101606621,0.3985896746650575,0.3951582312674157
0002,110,8,0.3041527162707981,2.8288680302771594,1.0393481190853817,3.8738921472555496,3.635599879481666,1.3648443662060827,1.767846877195705,1.5207999793117406,0.019062763854928562,0.35437398784157287,0.3525125948916983
0002,111,7,0.32176271494395947,4.7342345334929075,1.0077868152353733,3.9722108628052215,3.7791872516359075,1.4121187493108562,2.3975527306256725,1.9410522029775596,0.00011334231512496326,0.16886205752776035,0.1688497984223189
0002,112,7,0.27329278423936165,4.823270409812828,1.0091201247279047,3.4257077654255816,3.39652658960441,1.468753089971015,2.151304436278676,1.7235717443551146,5.3445892932919284e-05,0.15858829380180473,0.15858366752972142
0002,113,8,0.26193452689751273,4.89775167600457,1.4174278370693454,3.4017571071071426,3.175219153428472,1.7220904054585935,2.3262280065157293,1.8657868324280287,0.03141470047599572,0.3873995365282081,0.38166169019676555
0002,114,8,0.27592375480021897,4.965089360376416,1.7062162491345383,3.5528195187639775,3.4959304172458787,1.9315484425018563,2.7552406293561535,2.352400437099684,0.013875211229029124,0.16939466382336585,0.16513813509320385
0002,115,8,0.23977537628517598,3.2182341136268287,1.6271517812544696,3.0406107391257806,2.8025592975596165,1.414315584939249,2.671747830592231,2.486968982020027,0.007984425664447225,0.32546818902494234,0.3237319873334835
0002,116,8,0.2479509863100483,3.395966957312704,2.01784121968111,3.4714217908764287,3.135304959110698,1.7772593127867151,3.362022254758015,2.9228425740038446,0.0009558494758955973,0.17017472159374036,0.1700559842529205
0002,117,7,0.216041016380402,3.387293556033877,1.0683205748808986,3.3639482038158124,3.22575886665894,0.8589913934491717,1.8727449294664764,1.818486698235564,0.000106257772066562,1.2536516259717634,1.2536413576453083
0002,118,7,0.20143552893107228,3.482151570406089,1.0424482761566514,3.259509953763436,3.0879675941538443,0.8076187647262566,1.7637374720898413,1.7256124214833999,3.1477863511547474e-05,0.09880232705924986,0.09879356429053417
0002,119,8,0.20618634376194975,5.272111201068819,0.8803037676875152,3.3859576489965098,3.2451518994627433,1.0339959685005424,1.8491626401965955,1.7662362629597346,0.0009147347579818626,0.09708954314199558,0.09702828296475882
0002,120,8,0.17474646883472933,5.361413374308929,0.8057822944492768,2.9333161507574124,2.8234740767781883,0.88910960301928,1.5595817784618482,1.4960038351200717,0.0005531337807248827,0.12731643225174433,0.12725305478330576
0002,121,8,0.16757301555994475,5.50951156854168,0.8001283743636056,2.765500412806313,2.639526375927813,0.8791306291772707,1.5467182424157553,1.4999457938613476,0.011311158095247882,0.021583097772276898,0.01591333787056009
0002,122,9,0.17531214806841128,5.599644953241544,0.7796737519324412,2.921834338419619,2.800083808633074,0.8639822913796589,1.6255067752960277,1.6086792054672105,0.0034592522321296453,0.36591583766293134,0.3652982757863887
0002,123,9,0.14783380128908674,5.6480299020297595,0.6912964625579824,2.399429952217809,2.3297322962035136,0.7573643589097218,1.336170020600872,1.3065501759960478,0.0003314383897171672,0.8095973475865317,0.8095500611455987
0002,124,7,0.13637867842442664,5.703854368059946,0.5251033836913791,2.253548543275557,2.21762072134563,0.73566898482523,1.2712006818006885,1.1884935060815005,2.5876737840910265e-05,0.31878493723121415,0.31878010081187186
0002,125,7,0.1394685738572628,5.761139991010892,0.596201060583093,2.3533677282836147,2.2860888931822565,0.7464491628157705,1.324624401791754,1.2590877793432975,9.60883988992673e-05,0.5799864556139848,0.5799785104870638
0002,126,7,0.1179832890794939,5.819873401872701,0.5490220280413903,2.021208606210365,1.9373804374442225,0.627025291040408,1.1429558800887958,1.1026594632978057,3.308117457339028e-05,0.04663378435168802,0.04662716702770853
0002,127,7,0.10878732378439235,5.8800073118913945,0.545525208312812,1.9291034948080505,1.801336927920189,0.5818997989116075,1.0885926311880587,1.0529364483225478,2.8715170714467795e-05,0.10476296680606811,0.10475914593093975
0002,128,8,0.11649402801309063,5.94178786207261,0.5009689674131907,2.038227610082396,1.9633891668215004,0.6599282925991403,1.2414724898740686,1.0017248626538113,0.005244896333970324,0.23298773810215198,0.23278269314153252
0002,129,9,0.09363962342265421,6.005066153949573,0.3615917922001038,1.518843640599747,1.427766968766207,0.5058771484727439,0.9857905258817375,0.8608378701871099,0.00012619146111326665,0.43203171487272707,0.4320253104851825
0002,130,9,0.1005223238619692,6.070213104406782,0.4365272205767758,1.6677605426189486,1.552018461179812,0.5331783136192385,1.0899064386835287,0.9579615267361417,0.0003509362704187399,0.12564207418774653,0.12561676040367492
0002,131,8,0.08455323168676651,6.137013502164383,0.4376399175470411,1.400147047677451,1.2510188817355758,0.3903337192175801,0.874423807350608,0.8394570171845029,0.005722329391334351,0.5468579373832642,0.546310842726866
0002,132,8,0.08807317143604323,6.217254212713763,0.42455335825823665,1.4226206535474433,1.2452764251462474,0.4149974177418113,0.9572495408947095,0.9083268957027197,0.006942910515131245,0.5431620322074008,0.5426456231662947
0002,133,8,0.09627924302711487,6.250177322233865,0.4903402292269398,1.5108450145739143,1.3887861197361744,0.48576519306024596,1.102143087959006,1.0208431679849792,0.0005672243609584931,0.2593147480064594,0.2592780341997703
0002,134,7,0.08935093298249598,5.500984677304221,0.7609579530718773,1.3331140995323376,1.3255587438527694,0.31422351503627927,1.0892634962168892,0.9970067969907735,2.134477135668323e-05,2.348496021571282,2.348490094759027
0002,135,7,0.08687143881314587,5.644856178206095,0.7116323817340398,1.2572540744820235,1.0646350192096505,0.3884099016983891,1.1099930377197675,0.8241902635866513,2.026719744230556e-05,0.25738407401820096,0.2573816674336402
0002,136,5,0.08633234241760623,3.6095366932777946,0.17795187715905128,0.5663489698701579,0.44861320760529133,0.09773529209184882,0.2175979216355586,0.15863438681611425,1.4215940319727143e-05,0.13420528693761777,0.13419679576547003
0002,137,5,0.0783031967439301,3.6980631829742254,0.16325455950639614,0.4324229557909133,0.33905857795015776,0.09856812773030892,0.20587560594636675,0.15876213777953063,1.5054128021573586e-05,0.5201330037379044,0.5201264037340597
0002,138,5,0.08898653882783487,3.787785041016638,0.19767818862867584,0.5000928251364516,0.40557899155989785,0.12153896736421067,0.23200901301813656,0.1888004174972211,1.0831302797472985e-05,0.034757631583214856,0.0347538659728632
0002,139,6,0.08279833733338,4.016603744011628,0.16895304137355643,0.44917254239745036,0.3536803222103621,0.12202239641330526,0.19094109215893934,0.12029256942661261,1.7853184870473717e-05,0.08799953325241207,0.08799361348875882
0002,140,6,0.08164547402244424,4.032607624233196,0.17266913628089786,0.4629880824100817,0.3740139088210247,0.1269480688321934,0.18872215215535545,0.1155070419854439,2.3191808489700273e-05,0.07532465549456123,0.07531136491909111
0002,141,7,0.08423401127946151,4.06019005637453,0.18000740064318949,0.6202468370909304,0.593415293703963,0.1154827250275854,0.22573470355979933,0.19518688648417726,3.206869444349723e-05,0.024101241234973453,0.02409600379824605
0002,142,8,0.0921979736310128,4.154612170013969,0.22697072027259788,0.7506817111763915,0.7312881781808982,0.13234196682381877,0.2556343796021924,0.23923140575086568,0.0004172995123489603,0.22764448091178707,0.2276221987048508
0002,143,8,0.08108821103695488,4.250080518990236,0.22691184967040492,0.7024809578175831,0.643864247879731,0.11484179726012837,0.23489589638357533,0.22121043537762536,0.0001927017660543069,0.059075972923668195,0.05905010295486166
0002,144,8,0.0874442423224654,4.34690974320131,0.24678516222654967,0.7406090019300556,0.677141119562918,0.10762619021216434,0.2604949581937141,0.245257136521419,9.208611197754427e-05,0.19254715515019974,0.19254030310768186
0002,145,8,0.0761567493763351,4.444885598120067,0.2009566593251493,0.6016481844903939,0.533911739971209,0.08535785518846406,0.24093934984680682,0.22601687263537787,0.0004017397727647112,0.12889816710647795,0.12887348004363613
0002,146,8,0.07313847506614865,4.544213539902678,0.20511435191381838,0.5658332074902007,0.49766794761157723,0.06837763382763135,0.23513200111180324,0.21928938793696703,0.0006368902924694998,0.23479213302270802,0.23474209506762236
0002,147,8,0.07471190611479137,4.644792844859887,0.31554056168060807,0.7121208877704538,0.6424279776395327,0.05487133751697794,0.23657947624593906,0.21588486635682694,0.00082778556011017,0.05769599171435547,0.057655467419614206
0002,148,8,0.06201721942588345,4.752443017520455,0.2654532428284151,0.5750115627120224,0.49808375139888944,0.05427728514510893,0.21300224093551667,0.19208451682963779,0.0013194451012929092,0.06353358875341876,0.06348373882952874
0002,149,8,0.05546811195197155,4.84646798771044,0.28987499737786704,0.4985283123316256,0.41450403545646,0.059493208671139594,0.19714101687285485,0.17883972782544688,0.0007089832386684371,0.7741593344643173,0.7741514371258811
0002,150,7,0.05621208737351601,4.941406981173634,0.2914140710236295,0.46054632979910853,0.3765064304594901,0.11806639934826997,0.2222684257707629,0.21259720902306892,2.123634746432394e-05,1.6112717187914916,1.6112657738935603
0002,151,7,0.048518074611443654,5.0368452771344865,0.3659907096895824,0.5353066402915224,0.4408789786825609,0.10078173200738143,0.2011013934440505,0.19100629397371485,2.893818251010827e-05,0.05305525268233976,0.05304339772339225
0002,152,7,0.04935657995813253,5.133127027538945,0.2957728971947172,0.5260507075860001,0.4708834689028255,0.11899055056232857,0.22681673350490195,0.21781957998401189,1.9700084925607377e-05,2.5639162904243857,2.563914290238632
0002,153,7,0.05718321649703606,5.343526501489717,0.35061819759808616,0.6594001093571037,0.5783337286746576,0.19135528619186676,0.29628582302788625,0.2901003294860098,3.574987741823702e-05,1.0413910300504656,1.0413804012449144
0002,154,7,0.04882882735129633,5.795081780117875,0.21021656489940585,0.621627780595923,0.5135124218233516,0.22518196327305012,0.3034349583267704,0.2980774760792721,3.0056727522243036e-05,0.08294071186885862,0.08293150964413537
0002,155,6,0.04614386376553962,5.4210804676654005,0.11806340914650969,0.4215486797676407,0.37075936766611023,0.08030355301091271,0.16253820802072216,0.1465513008447746,1.807327871090715e-05,0.021844116876803724,0.021839873326224925
0002,156,7,0.048905819745650794,5.518629888212523,0.1690933828542279,0.5916688430623342,0.5530085766283742,0.08509552917920354,0.16553515325936796,0.15313100974747418,2.726243450658273e-05,0.9139710768908748,0.9139601468240653
0002,157,7,0.041753054725698714,5.6167233488795825,0.14989108600105913,0.5321321759413302,0.49802572607855305,0.0745629083006786,0.14504449766664487,0.13945798668528767,5.447384824581462e-05,55.78934459031621,55.78933885674125
0002,158,6,0.04114002324769195,4.355151657743835,0.19628418889524152,0.5774261061631838,0.5149803983571121,0.03743588589181971,0.06792324345971143,0.04009786584819083,8.159307877001775e-06,1.972238116762913,1.9722356724239871
0002,159,7,0.03920772893185824,4.83442701911735,0.15632038686739078,0.5338236441313527,0.45167038052178093,0.04124537757019469,0.059839498934962654,0.041099631357446244,2.2332208716932635e-05,1.1229550599980114,1.1229471706159395
0002,160,6,0.03417561040493572,4.383648653345291,0.18398098625872547,0.5219718965886619,0.426177985466962,0.03285463332265784,0.04688775324873995,0.021256191470882892,2.8273250018872615e-05,0.4235007615170007,0.42348894128513603
0002,161,6,0.0275527053484668,4.397967316354938,0.14244162419315246,0.39509548707410796,0.3042123263445317,0.025848491619641825,0.03799006241872533,0.016945544278601284,2.413754148949244e-05,0.22560107766035264,0.22559336396448734
0002,162,6,0.02247968319431998,4.412425917361521,0.21486954460899868,0.49745287892723766,0.3427459335177081,0.01490702292146948,0.0205313620684296,0.0157406799471751,2.7090500761328718e-05,0.030849806009292616,0.030844847020449335
0002,163,6,0.01677793287751274,4.427030464220003,0.09946282963573527,0.24564104643857335,0.17924665991057237,0.017359503348616315,0.023736939236417565,0.01989150516728697,1.4082775627505147e-05,0.04122737762534299,0.04122327241238806
0002,164,5,0.016878397762586043,4.441764339623902,0.0571133877540404,0.06951500178167333,0.06451460087943857,0.008439698878006571,0.009750305165320307,0.005733327342444904,2.5177278598800903e-05,0.0026405639199420924,0.0026337505019141936
0002,165,5,0.017303923217041783,4.456616420165274,0.05114594326892983,0.07526354900667326,0.06520117878191418,0.012439778322322858,0.015458307949529002,0.008751138578160907,3.286091350383034e-05,0.009343881189882004,0.00932077111152376
0002,166,5,0.012044444010023763,4.454948680094615,0.031325464764082975,0.05550382105296663,0.04383121916035121,0.011525548143055791,0.01568580541424717,0.01195908237957671,3.1980178081772055e-05,0.0073870973360149915,0.007370923632565909
0002,167,5,0.010519526009904915,4.4532811817219065,0.02592010813458033,0.051965249046914026,0.037278175266497654,0.013368372995939503,0.02219381269481812,0.01987981791394272,2.4630676032377654e-05,0.0033552993156829684,0.0033468758066284607
0002,197,6,0.0015678756971023078,4.964503075738662,0.021516330228342595,0.041137596041095605,0.034948454346785014,0.0012106393129594655,0.003982084704848477,0.0032927745065641626,6.130765990488806e-05,0.009368318014517466,0.009349664080124075
0002,198,5,0.0030058611670132985,4.496036331264553,0.029629961844905843,0.04365409693141096,0.03639928109938483,0.0028596341152984785,0.005415018435913924,0.004514316671058547,1.450008003045159e-05,0.05243977066165391,0.052436691404894945
0002,200,5,0.004865767450431501,4.5080953709663785,0.038778415987242625,0.050152697996553586,0.042818170393194244,0.0019834626424400283,0.004877399321395451,0.003745465117178373,3.1296347590769264e-05,0.0028519783314619267,0.00284251565797757
0002,201,5,0.0017788028246075198,4.514155016504342,0.025599602891524034,0.0305195926714064,0.023968822140427164,0.0019242748058692803,0.006175082578170383,0.004563493786693246,1.8702621436286136e-05,0.0011942014178041183,0.0011901355007417087
0002,202,5,0.006109146415687055,4.520203709218435,0.09882482555394945,0.12689375095816852,0.11119065460856879,0.0027385351939927423,0.005410568060212745,0.004922894633631208,1.4206409154067063e-05,0.0051081125493876315,0.005105567204881076
0002,203,5,0.002956093272930658,4.5262467627121605,0.044549665785074806,0.056048191331788316,0.048137298074682755,0.0018472478162760576,0.002924223520243575,0.002504009386826069,3.776393553777683e-05,0.03551068997836075,0.035495402512858466
0002,204,5,0.003685940215735237,4.526829742377304,0.058962579317378735,0.07215825278941297,0.060041750464697424,0.002062137876694883,0.0027141396720043137,0.002037336464771147,1.8926988364806964e-05,0.038895282669542806,0.03888499335611115
0002,231,5,0.014490452460227876,5.014792435443447,0.176737764068274,0.34155493377163776,0.1883790549265945,0.0016446905525241626,0.0033368309492254767,0.0032747892407120715,1.5053084340189592e-05,0.047441773760713776,0.04743532785121672
0004,1,5,0.7602063427612744,1.768812612934633,1.9760804971568393,4.389297326243213,3.7668488765192767,1.7733649198733714,3.3986168817313955,2.198379946395418,1.496942919010353e-05,0.27236780981812847,0.2723556008912423
0004,22,5,0.5575261438894998,3.1469277936818925,6.099419367918047,14.30239656112194,10.932593224387503,4.9632530796516825,13.27048799360968,12.707185731396791,6.788751751833314e-05,2.283100825804698,2.283087006786896
0004,25,6,0.5725203893903151,2.485152527182332,3.303949993796489,5.8288048085572415,5.033176943981945,3.5009153473436445,5.771520019860009,5.612483734973754,3.454734020330853e-05,1.5918598635606644,1.5918518941959627
0004,26,6,0.5824544411315516,2.7184316695817086,3.7203154826666336,6.558371871571047,6.15156967242334,3.9078977136610358,6.483439999597223,6.142400408166529,4.17107031520782e-05,3.3426491864798185,3.342642667933822
0004,27,6,0.6502822090571155,2.9918507102032756,4.512113132031154,8.070827197343318,7.097141622454435,4.5704869892378905,7.661576818200872,6.600124489003863,2.9256682768574777e-05,0.806222439568836,0.8062083700114296
0004,28,6,0.5888169272127176,3.323151957036906,5.23812554743099,8.342833642563594,7.946257279168185,4.3760564662962125,7.336451559246481,6.092841557632353,4.380975368341516e-05,1.9191317057801014,1.9191159097439192
0004,29,7,0.662083632577339,5.156760803419208,6.812759166609237,12.839578580036687,11.410213506379431,5.507132445774019,11.073967138665155,10.620231655800202,2.3003438273784872e-05,5.003873878961039,5.003867203140644
0004,30,5,0.6087490601958022,4.44480288570501,6.585250781587595,14.052752675996757,13.057069768015749,2.866623021854827,10.454299357939302,10.109854637334637,4.3211368234189347e-05,0.08814035129539316,0.08813472401805383
0004,31,5,0.61774894218577,2.4512268358201608,0.7090595332721775,1.4377045789988148,0.9828582756200528,0.4049531983566352,1.2320053660014578,1.201825541313501,3.272102502946045e-05,0.49558558549344395,0.49556631518643635
0004,32,5,0.6200263413435328,2.630498433579482,1.400717912270579,1.946916785269549,1.7374142453020907,0.4426308692133065,1.4065375668402718,1.361026065807086,3.64983840777756e-05,0.09951395148343718,0.09950749060057071
0004,33,5,0.6896009567227478,2.841254032925571,2.212575440984693,2.891405998076195,2.36691439123402,0.5670647308002108,1.911530259042757,1.8803649550651098,2.0678466164113253e-05,0.09626245919302594,0.09625433716894422
0004,34,5,0.633714291667088,3.113268644222516,2.73973311031922,3.8622955179805714,2.8792598988926303,0.5609946694471936,2.068088339460648,2.0574032434330887,2.208074490128591e-05,0.07921248604593663,0.07920059822899386
0004,35,5,0.7067498292710763,3.450153974485142,3.7948446159650886,6.128137366467711,4.609518219102952,0.74058111664414,2.974661025324514,2.916245417153581,2.2753135001699978e-05,0.039092796320514545,0.03908463801376203
0004,41,5,0.7895121757225811,2.5609234159744414,1.8877206093110248,2.6289689659096243,1.1250864233436655,0.4827449142540965,1.0539815229232965,0.9915043294885714,1.5577207607182358e-05,0.07230389681454251,0.0722944882013534
0004,42,5,0.7334927172365241,2.7239563201343167,2.0248587659252077,2.940315349293153,1.2075684759689833,0.5555984100214261,1.2921891416551001,1.2038918389034212,9.235615406958197e-06,0.03760090746113221,0.037596450229359354
0004,43,5,0.7504081096204651,2.919943821057615,2.371341267557044,3.6775299411005693,1.6388325160087023,0.6293263355754822,1.5645314098685363,1.45648914717151,1.772483399352147e-05,0.003986606203062209,0.003979430996625275
0004,44,5,0.9254972255016765,3.144423770387699,3.6040170613262577,5.509568127006229,2.9053704966300815,0.9451185520390696,2.490583596046414,2.3495070451338798,2.213686932984156e-05,3.5770971836057583,3.577094330392975
0004,45,5,0.7128623159142353,3.4037236218043008,3.373921487157499,5.055943488041198,2.9525709108187517,0.8037592563890317,2.2741515200424596,2.145830053929464,1.2745905636829805e-05,12.603516581810789,12.60351024844934
0004,46,5,0.8083262455838721,3.730934781303655,4.547899457637701,7.355110057042139,4.6719567943940845,1.103888872481153,3.335047896215995,3.127067197779513,1.0738884242992815e-05,0.34592888324392623,0.3459216705011004
0004,47,5,0.8281945640127352,2.4451673259660343,1.5653642045267224,2.146346550578558,1.2021758732078123,0.4752210241088432,0.8975357901803472,0.8672278715637417,1.569415339432831e-05,0.19225343524179742,0.1922469868197142
0004,48,5,0.9313246613744484,2.579108633827683,1.990673633721241,2.6993244651226256,1.2836047191919264,0.7406952248758317,1.4001379923194304,1.3274110705126854,1.523938207798936e-05,0.412429258282122,0.4124262522776588
0004,49,5,0.86590889501202,2.7349250548178223,2.1200641654972716,2.8731144057234603,1.2036354477854274,0.8435596202965834,1.6284643950814015,1.5211941152060553,1.354178526777401e-05,0.23143461331117554,0.23142859327877974
0004,50,5,0.8792341895556725,2.9184522257165506,2.5185693629371495,3.561944879589424,1.5451079914643748,1.07510288413784,2.1297831956773368,1.958659017399959,1.0182720819042182e-05,0.552801955838714,0.5527988110170344
0004,51,5,0.9845677211765318,3.1378040606931137,3.3380461574451235,4.936048546078217,2.500741041168647,1.5437926323543556,3.1545739542863593,2.848941203842455,1.192026063469605e-05,2.333476124880201,2.333465869043636
0004,52,5,0.9135095803261115,3.4393138678093926,4.122971638990764,5.71300222654452,3.3458501419141706,1.7352203153169201,3.817953359473053,3.512590023865011,1.2584598620984757e-05,4.972136976933792,4.972131284052591
0004,53,5,0.9310996586999413,3.798788361952628,5.432555647762484,7.5190158236148905,5.00241823955283,2.2437213520440418,5.336121107943184,5.130626255921851,1.4894609410417933e-05,7.834935668982552,7.834932783312596
0004,186,5,1.4850523335854926,1.7986241385960882,1.1747874808639434,3.4406628008316282,3.2193117186946583,1.0238551300446854,1.317695637392243,1.0431044547566672,2.2410199518740546e-05,0.5157019616334094,0.5156959666443404
0004,187,5,1.3480167692802199,1.9307210507964336,1.0507709504746208,3.9062953963761164,3.4550244798436007,1.2919001130352594,1.57911777874281,1.3504085502079106,8.16898177378634e-06,0.32358251300376506,0.32357785834753644
0004,188,5,1.3451182875985823,2.1642086593859977,0.9888825887227363,5.027114420323641,4.432911197753262,1.7243238642924605,2.04833896483893,1.944178252771184,1.4765646956176518e-05,0.27228965358887486,0.27228801076017684
0004,189,5,1.483100063844228,2.461998161362749,1.6963974625789728,7.4020682144219485,6.663882931514271,2.6914835395417054,3.1194960883646057,3.0662422324290652,2.6897983858515362e-05,2.372237191097668,2.3722296573509656
0004,190,5,1.3458393846231664,2.8544743234710928,2.6150330935655175,9.09276915333018,8.603083147276402,3.106014608772895,3.9848178994868997,3.9535806639131272,1.9333825494606637e-05,6.127945609160832,6.127935750374402
0004,191,6,1.4855116319062027,3.4196376375245277,5.470366121384212,14.0072595733961,13.468269275759551,4.632020265247745,7.038343590990189,6.141105529121029,2.1451781679142084e-05,1.0462410509979603,1.0462326242026143
0004,192,5,1.352268021999156,2.6420032595055383,1.3079231149465456,3.5934846786783914,2.9055644915232706,1.176094565104048,1.6221155743424438,0.8051829088815556,2.2977733547592423e-05,1.1294216262848238,1.129409986401058
0004,194,5,1.4808924904630891,3.125127213835297,1.6878013463364334,6.0178885356181455,5.223595546635836,1.8948359625278826,2.3800834529276487,1.2865139672666872,1.550949076302037e-05,3.457073828148882,3.4570677660106255
0004,195,6,1.3466961795770516,3.438736022192951,1.4692163830952651,6.4692924183160505,5.812005331713163,1.8089912800821115,2.47347072432881,2.242157068034726,3.2617402423496764e-05,1.7577087993624803,1.7577010822014971
0004,196,6,1.3497540971999407,3.822784618192724,1.775662476725091,7.8709730355877205,7.096153104218715,2.1584825759132626,3.0487034579268624,2.7446646485187034,2.1280041601884385e-05,0.6053267898533395,0.6053216767166557
0004,197,6,1.5019150116586866,4.304207452308532,2.2770919001033993,10.60344862693259,9.532345310326853,2.9485377947712537,4.179166005066255,3.4949139631083503,3.726164978317408e-05,0.17963682589474608,0.17962158660236227
0004,198,5,1.3629142972979063,4.9226501931970335,1.5922279297366444,5.210146021902149,4.137211661393689,0.36537077226294046,0.853543788552554,0.828681095510925,3.661700841039282e-05,0.06013909781243217,0.06013244300883413
0004,199,5,1.359840440249029,5.74950989039395,2.513079873075797,7.6421606280323955,6.123798550722546,0.5714575766627298,1.161863283700557,1.126385051188571,2.3866769057230992e-05,0.4949974852211838,0.4949824186458401
0004,200,5,1.4943889832567228,6.910590397242891,4.569064267143296,13.41261507429623,11.290392465531017,0.6845136332838978,1.7486919362290767,1.6960187800217357,1.3725167257410033e-05,1.1601308349816644,1.160128033571357
0004,203,7,1.5026607299195316,5.7838103560876775,11.786495328148451,20.785167102534306,18.333637535619072,12.79195756573646,17.937338035011056,16.3364712633426,2.8610432121426307e-05,7.3158698918124,7.315859599306421
0004,204,6,1.3635884608637934,7.012461485823551,12.262088900355055,23.86650214386702,17.67824434540767,13.355294083402192,20.711164518802086,15.59441168816614,2.2277372563902076e-05,15.883562056529442,15.883550562707514
0004,205,5,1.3620360204939752,8.902953758137139,25.076017157072872,33.972067231191325,22.619677668830818,17.70316902781602,27.243329806429355,21.21862583805387,3.582308372574778e-05,3.0222834331000366,3.0222559854978504
0005,54,5,1.299053131866548,2.800339887292704,1.4057476220940357,2.9560538883076646,2.4256777749576965,0.16486053276193297,0.5191824428623463,0.4734233869174377,1.3137332934411744e-05,1.4160780738817191,1.4160747388669461
0005,55,5,1.419562713030201,2.767178460099014,1.6909533609496161,3.455344057922334,2.891994852114502,0.25847532476360224,0.7041382213790243,0.6402516170873468,1.5169817554100993e-05,0.9254350569041346,0.9254310540684902
0005,56,6,1.27668235400578,3.0535721844492194,2.2447946269866486,3.0002969522747134,2.652471446290571,0.28075605229978384,0.7547189421066081,0.7071736017535366,7.808749556918789e-06,0.5041462791389163,0.5041408501135726
0005,57,5,1.2596087652346053,3.0234808289994626,2.6324846181207113,3.007902006929993,2.7885357483041022,0.37927539722322895,0.8291486335551153,0.8231333269892829,3.432639712756978e-06,0.08813413109446726,0.08813336532343335
0005,58,5,1.3704368900129706,2.9929948094902428,3.0475641586280533,3.592352727584068,3.2207065424777626,0.46354819721797225,1.0508483271774907,1.0481972226335985,7.910878770852948e-06,0.17851252765074443,0.17851049853025605
0005,59,5,1.230422346002621,2.9621061051528774,2.87559009182638,3.474884427300269,3.0284606378341876,0.45413299182882827,1.0907119736055866,1.0857902632186809,6.197027506154741e-06,0.13764691887380404,0.1376433459299077
0005,60,5,1.2149011534805745,2.930806846980479,3.0003654182240687,3.73381406647819,3.1434196284439717,0.49637990458883624,1.2620493378031743,1.2540810838767078,1.817708296704078e-05,0.08505167641167867,0.08504321584493378
0005,61,6,1.3172035235118758,2.8990887116937127,3.677318850361668,5.417432422126991,4.653138929636401,1.1509818916193664,2.9735288660117485,2.4370354592522605,1.4830418849206826e-05,5.398199104911475,5.398196134806968
0005,62,5,1.1783451102192064,2.8621427779607984,2.1969614684264402,3.8904420693858976,1.7554855101723223,0.7336299692677667,1.8642148825724523,1.6154376847477636,1.9533651488332907e-05,0.22770284401176139,0.22769757424350642
0005,63,5,1.1597194869521141,2.824854870236869,2.351815790834839,4.122669447088365,1.8511494949732858,0.8530920913329086,2.071607597731117,1.860535498419365,1.0962728408918578e-05,0.2423247154651608,0.24232125938758403
0005,64,6,1.2533177104279507,2.790697683111244,3.188953795770092,5.7331616322619,4.444346435920835,2.418094591958877,3.5294262874377713,2.7536955926292768,2.2325933365918477e-05,3.9922632845185793,3.992256986349918
0005,65,6,1.124891158591787,2.7562212242495594,3.113971289837113,5.55110553121379,4.325022368322688,2.379309397046133,3.5015731853283096,2.695361885022947,3.583965788688163e-05,1.6193403780297486,1.619338898130756
0005,66,5,1.1109004804039908,2.721421158231533,1.6041274658738895,1.9558505322567208,0.9711853136303018,1.2217146711037756,1.7269117308125201,0.7995467969933167,1.9994212938687887e-05,0.03468133046617035,0.03467483503395956
0005,67,5,1.207257711760311,2.67990110903554,1.9136490085343556,2.298276894529691,1.2354528499662008,1.4080283704164385,2.0710954603243534,0.9603193496136222,9.947583845851548e-06,0.13313806873326625,0.1331356651205847
0005,68,5,1.0836254229471038,2.6382821000762346,1.8277439652208332,2.183014686543956,1.2555591025857022,1.359438264161333,1.9957085203909692,0.9561331274933571,1.7073783418600297e-05,0.1073254582678766,0.10732495774479074
0005,69,5,1.1793366781827248,2.5965638077476787,2.1522773803084037,2.554835231968809,1.5353514668116621,1.593036079597572,2.3640911423559205,1.151368765905054,1.9190583358477627e-05,1.179290489289445,1.179280133734541
0005,70,5,1.060126910748064,2.5547460683643646,2.0735735408150315,2.4459980331513975,1.5613724549655172,1.5314346872640536,2.2972095987971333,1.137479571554558,3.5435990779049924e-05,0.9021149310440834,0.9021124280124564
0005,71,5,1.0517432914243579,2.8177478273044403,0.6150823414536356,0.9386260363890195,0.7445326570289211,0.1730466230835568,0.6022365699780486,0.4831452085689597,1.7101442523890085e-05,0.10253150897202613,0.10252216722579426
0005,72,5,1.147736644908808,2.767836697124364,0.7173476090654114,1.0413977988888399,0.8123669252085393,0.20698322191136218,0.702953956594299,0.5582709743860291,1.816234192553483e-05,0.04400241563029372,0.04399050006160603
0005,73,5,1.0339754899959228,2.7179885277021163,0.668353315415731,0.9429657668756909,0.7263894189646656,0.21280130111546572,0.6658166102397463,0.5239302562019479,1.6525179110981945e-05,0.17398448851479764,0.17397795823873508
0005,74,5,1.0235628964031984,2.6682032281850683,0.6853810344174336,0.8908768340798721,0.6634524071713006,0.20181995300025043,0.7053226564016962,0.5786811803003364,9.959926560029139e-06,0.5852264655437505,0.5852176225074393
0005,75,5,1.1140399173288111,2.6244452428513663,0.7885457217751937,0.9697511385776834,0.714541658586596,0.24728288059805134,0.8038772314063247,0.6388893679511606,1.933037104193396e-05,1.817439542808787,1.8174238310967379
0005,76,5,0.9998603000649777,2.580742357351636,0.7493086486894326,0.8544445107641657,0.6202820319046239,0.2507094548497427,0.7561955204225496,0.5889905484377215,1.3451759554430112e-05,2.011571584838145,2.011570547747586
0005,77,5,0.990602464321799,2.538617515697419,0.7872665687107896,0.8513128906620661,0.6033445530624019,0.27738043052959166,0.7949289737634202,0.6136681018194159,2.216155377890652e-05,3.540657233299016,3.5406490093270837
0005,78,5,1.080596584161309,2.4964950964896233,0.9062058554683576,0.9315653523048917,0.643183207002045,0.34133638588416465,0.9285760444058396,0.7105722385078738,2.8280865556258507e-05,0.1621781344141624,0.16217218489447205
0005,79,5,0.9772417230225308,2.4543750995192974,0.8207102268924378,0.9050040300607536,0.6235081606484716,0.3429564667511521,0.8954389370577442,0.678189727507172,1.4415045264906684e-05,0.20304793753970646,0.2030444768093173
0005,80,5,0.9729056556808109,2.4141958567534982,0.7956915415237428,0.9629881012356185,0.6663061826843284,0.37570631632850443,0.9464882809017537,0.7140877707851271,1.5962515642777904e-05,0.11217724021295937,0.11216521794177875
0005,81,5,1.0655837612780585,2.3740188823173267,0.86123974764348,1.1324741716899764,0.7845095207319606,0.454899064778475,1.1050302417583484,0.8298965979439847,1.1944135047084629e-05,5.204189756926795,5.204182908834985
0005,82,5,0.9633714970737423,2.334937768912578,0.7766155162271189,1.0810625934838105,0.7537785429511797,0.44836562479716524,1.0441650718353264,0.7884685011899746,1.102932584550149e-05,0.10402407953337482,0.10401447084505365
0005,83,5,1.053969131786843,2.295817716804018,0.8532162442300045,1.2625542240109071,0.8862617430996669,0.5413906637635674,1.2077648804345835,0.9167798858034893,1.1600353326819202e-05,1.4886725826517708,1.4886696167800004
0005,84,5,0.9525908555538615,2.2566586785088076,0.7459494242086516,1.2072202186715324,0.8567842265060313,0.5397014897880736,1.1468716243662616,0.8757139461370282,6.170251962022255e-06,0.0269310328745077,0.02692794094667976
0005,85,5,0.9476290527363312,2.217261105664665,0.7300717163376987,1.2831136893003126,0.9097046262279855,0.5857614830917647,1.218346085149992,0.9245947341297114,1.6144014630164705e-05,0.05806749217302788,0.05806070489348507
0005,86,5,1.0372378043256811,2.180059631020616,0.7976517244531262,1.5145274497296186,1.067789801210557,0.7087082368961388,1.4219176405527925,1.072380958641383,1.105808825189826e-05,0.08917325128641831,0.08916575635763134
0005,87,5,0.93888386019022,2.1512269666384563,0.6902986157210707,1.459407989444315,1.0265730106586433,0.7031908994191836,1.3609500226231004,1.0200488802616527,3.0341433930036712e-05,0.0644930885156757,0.06447960270490942
0005,88,5,0.933164619963766,2.140321471862206,0.6912901867505544,1.5626729922966924,1.0924847984459636,0.7730679282252059,1.4421128684376607,1.073958273902502,1.4023268937152476e-05,0.12803176652045772,0.12802994552413557
0005,89,5,1.0217151111609477,2.129345224177483,0.7969902748973083,1.849286909266034,1.2748131716669207,0.9359716532063745,1.7010679858773616,1.2370751971545535,1.054292839603182e-05,2.033917214063225,2.0339141733201402
0005,90,5,0.9226569603603788,2.1183580699963844,0.7360736793843785,1.7842188466225657,1.2095577362457757,0.9176439995134856,1.6221836467865272,1.157504027383192,1.0299707175043638e-05,0.14077633809640525,0.14077014308248592
0005,91,5,0.9138550127967516,2.107299075888867,0.7854157960772724,1.9263779996425974,1.2933770234674582,1.01374571282865,1.7407886379391477,1.2188025824415232,1.3807783092796756e-05,0.12973905890591134,0.12973599998115834
0005,92,5,0.993986664979973,2.096167540982748,0.9388099532993062,2.3066771335029994,1.6071191305183166,1.2437470027148487,2.0725014082736704,1.4221772907912302,9.10371638816708e-06,0.2968204801117913,0.29681503807405696
0005,93,5,0.8915059998554351,2.085819522845379,0.9163793681232006,2.273366849253898,1.6516473489659471,1.255994881452377,2.022792911461035,1.3602154708444112,1.279199110495277e-05,4.609112077067836,4.609107571964336
0005,94,5,0.8793116927808338,2.0753944953414103,0.953940964239735,2.4377280892794815,1.856992153018753,1.3723504068103145,2.1377416148861075,1.40973261596595,2.694549018025499e-05,0.8210739351488178,0.8210629972206227
0005,95,5,0.9549032305943266,2.064674378376876,1.1092315873191123,2.86365105062084,2.2541354403781124,1.6351727964072074,2.4979018752499202,1.6347303846111787,7.284602633448695e-06,0.48260980244359775,0.4826052438542583
0005,96,5,0.8565619132103074,2.0538741150928526,1.0710112867216572,2.731735046330354,2.186133403812757,1.5879148511912242,2.3758214561310593,1.5431235432695658,6.896521982783585e-06,0.42035499081642724,0.42034860381417655
0005,97,5,0.9268933928306425,2.042992622145881,1.2519608061275271,3.2257899003680013,2.655703943179186,1.9002880179139339,2.783341471836628,1.7803885450975219,2.2425671945680917e-05,0.4437203262618904,0.44371597704135285
0005,98,5,0.8313280563538638,2.0320314804574093,1.2334871824965212,3.1362761990068546,2.621306217001874,1.8805639396145146,2.6940839180431144,1.6981733822289007,1.2208395986202229e-05,0.7377588806031685,0.7377513387890334
0005,111,5,0.7873777853736376,2.3438335444513276,0.8455451123329331,2.7668223588025906,2.17853921883768,1.411756446897873,1.6694038694417612,1.4021129670670436,2.1580550357197888e-05,3.3432587184521174,3.343252041406438
0005,112,5,0.7036069516486716,2.3057622984214556,0.8275681749573158,2.6199434281733995,2.089847213932763,1.3404302004758308,1.579803693795602,1.287783305045193,6.78919747353241e-06,2.828041627993121,2.828036933542249
0005,113,5,0.6938822311625679,2.2736259113007,0.8975433038564579,2.758155789329966,2.245988302662546,1.421055458732363,1.6450450637596583,1.3274443504716407,9.123236605075725e-06,7.859726065278626,7.859720151528369
0005,114,5,0.7520761697554652,2.2414124688034542,1.0742701002589357,3.223870848679958,2.695733307152217,1.6811864016251215,1.9076786251638111,1.527541967798377,1.845050734673312e-05,1.6461255596629716,1.646118356375579
0005,115,5,0.6774430308051165,2.209121693456495,1.0582577689528518,3.0952306699671404,2.649759187959564,1.639345665734788,1.82283702410315,1.444829345300014,2.4921796930925538e-05,1.9913077232954555,1.9913050090428193
0005,159,5,0.8328681183003135,2.2986192617875303,0.8714857640101006,1.4295520791367793,0.6892698546140689,0.8471330310162947,1.433230498945487,1.3120075689027015,2.449596940332175e-05,1.028334172570328,1.0283135887685453
0005,160,5,0.7656663779424543,2.2445769086763776,0.8207917028967296,1.325492489345923,0.6389675140766139,0.8386220505721779,1.2986188633739113,1.224199797365207,2.555849019325695e-05,11.492904183676258,11.49290265151661
0005,161,5,0.7738958880308706,2.1913611024247786,0.9266183360491597,1.3748282614113567,0.66788010823407,0.8952450846680485,1.3136275631497316,1.0525968028266222,2.022458707413765e-05,3.8899615448453067,3.8899512619265413
0005,162,5,0.8643024910249456,2.138952938816822,1.2120853556609925,1.698072635133771,1.0184624909680022,0.9965580232325711,1.4562784796182657,1.2622160882925382,1.8482000697298817e-05,3.097857754808368,3.097850808280965
0005,163,5,0.7949746485013021,2.1428067958317616,1.3731419369149245,2.0576595706555034,1.5854988546549744,0.8789968221620317,1.2949896853895602,1.2566427028613505,2.1589444871931847e-05,2.6327476355863055,2.632738512693469
0005,164,5,0.8899912208385565,2.3865950361227033,1.771857800933119,3.1098754419170223,2.7121930779918375,1.0806609689292639,1.447487432175935,1.300750225337617,3.200431313588256e-05,0.6493556945232063,0.6493449155088817
0005,165,5,0.8217725231396898,2.69893693450169,1.7092455342357227,3.99676654287791,3.510699341919684,1.1621897184131909,1.3987618457922126,1.0796399842166369,9.10047383855885e-06,1.1457084750996491,1.145700634285987
0005,166,6,0.8357195936998708,4.706457826288205,1.7002999329224662,6.335806373400322,5.658144767217365,1.341247807369759,1.7146813089346682,0.9406253127996312,2.7724216351940975e-05,2.523844856258156,2.5238387983965844
0005,167,6,0.9332450863976633,5.54162289506385,2.6434784808372456,10.955005699073693,9.343409372036726,1.5796593117511457,2.5637413730459317,1.6243309274022424,4.5362244529040825e-05,38.95372784287061,38.95371656984395
0005,168,5,0.8637492587318973,6.79614559154963,6.298228995906754,9.123776824987063,8.973214863795137,1.9053577583364092,3.4103595894885417,2.5138507445409575,4.3172347509954026e-05,1.1879416722279736,1.1879136479302344
0005,171,8,0.9049965080194047,2.7026255371910466,0.5365300682621263,1.7895525491494984,1.462622557677502,0.5266006531264367,1.8192661359103133,1.505891908671863,0.008034773114419937,2.633397654844435,2.6317963345828046
0005,172,8,0.9185652818001102,2.6364367449718036,0.5507188391492008,1.8112031015559609,1.4583763953580124,0.5377669051927392,1.8385725641083597,1.4825338304268534,0.011747886962297675,5.766157675383004,5.764804201530626
0005,173,9,1.024452795715228,2.5712076360033898,0.5405258378320026,2.0013648697355237,1.5590527148327538,0.5202625688102376,1.991312909434209,1.5663119102023801,0.0029286889104835788,2.4474950930031087,2.447446185847237
0005,174,9,0.9433458053189508,2.511315131894327,0.49288502451557886,1.8016058722090504,1.418519287159854,0.4844691039974155,1.7674000627251831,1.4130413001143423,0.00695244280732203,1.3941262697661827,1.3939820862076355
0005,175,10,1.0530970122609016,2.451986860252064,0.945099865527983,1.9764541134251463,1.7038424905528105,0.946486504370148,1.9889718706679516,1.6750300549342776,0.06442733792984162,7.853923990328943,7.852579596695117
0005,176,10,0.971269189906721,2.3932691941026736,0.9160248190463753,1.8297233323431166,1.5755069981984426,0.9181123649490566,1.8481296666665907,1.5477953806191915,0.08661345596973252,4.941790774410861,4.923205388922406
0005,177,10,0.98498143872031,2.3392422906906223,0.9719519389878809,1.8703935601520412,1.6174868948356045,0.9528975548824753,1.926314567764093,1.6186491399841607,0.049523521919198,3.430747658522586,3.422828469655042
0005,178,8,1.0974666951827359,2.285721406518209,1.03990063371055,2.0600356457869577,1.744178752996544,0.9372003960417816,2.006287225722717,1.6625424672594113,0.007472662886860109,19.30154013610341,19.30140048035126
0005,179,8,1.0093060584507654,2.2360774516679043,1.0548280535238017,1.8533226693473677,1.571162189743172,0.9472559805171483,1.9142150681424566,1.6789233540987103,0.010062584124823259,19.940245023378818,19.93955480637875
0005,180,7,1.0179458653553843,2.1869794748631595,1.342643043593943,1.7477877208204227,1.4482765328627534,1.2096676738136467,1.940671139382922,1.5200563841571257,1.295663747175919e-05,38.367613186455394,38.367608759246565
0005,181,8,1.1275535204956764,2.1746028863414284,1.4650773222601823,1.998665076388205,1.6942479509106214,1.444594413027495,2.142418299993693,1.8383606957069794,0.01392844583653136,11.325882597920963,11.320284033404247
0005,182,8,1.0323902897117576,2.1739289596362537,1.51554258793852,1.9347145393344196,1.6951744890183578,1.3732513819720746,2.089868490508763,1.733640209955695,0.15448426191172235,8.949565357960301,8.94076856112008
0005,183,8,1.038453738941423,2.1732278645118743,1.5570312352894793,1.9757282788373358,1.6842327954395868,1.4434634407063598,2.059737680688802,1.6519628270862086,0.12261808963971543,72.54472798234708,72.53983310024434
0005,184,8,1.1516782664730043,2.115699623057369,1.7851916917698771,2.567356663796519,2.2630733102528975,1.6558439933762963,2.659413057128675,2.0933306841752772,0.01267650792758879,5.480368604075076,5.480173107621847
0005,185,8,1.0542476983475788,2.061409349613705,2.039370617409042,3.349635262566599,2.4306927217668894,2.1353711414051073,2.5958393012841587,1.3948586802120675,0.027797008299943284,6.4828881213916025,6.475835450706361
0005,186,7,1.062021008182409,2.0044577619010986,1.9228625943592015,3.2694944389453378,2.704336904186775,1.937843698739353,3.0536607674612477,2.7020258324913415,1.9193637273211534e-05,1.9969145151879841,1.9969104066661216
0005,187,7,1.1721457969829856,3.876927003359311,2.1611672705745186,4.650062965405666,3.6507469296226427,2.1971700286858447,4.303834773797658,3.2178294334679522,2.8168256235929893e-05,25.14309895331268,25.143094108323176
0005,188,8,1.073218029760547,4.262292520888141,2.153250213171871,5.515048598186591,5.056533073512717,2.169148178020037,4.296031539378378,4.13241927080493,0.0016274293553656298,5.538799098615296,5.538336729547196
0005,189,8,1.1880325800484446,4.769777271093093,2.597045099707669,8.742921718422126,8.466776420505782,3.3026157624154138,5.223318334840021,4.471514919030759,0.0016880195261688555,8.18633687913844,8.186205953524603
0005,190,8,1.0867239509100541,5.468358487612036,2.359256230342811,11.992355835448784,11.501876234625199,3.513112740966485,5.456968331997588,3.946531383812933,0.031262465410545566,7.221867389981136,7.199895812597573
0005,191,8,1.0956670370410735,6.567966285103326,2.7837510164812187,20.298600156750343,18.80896707298889,3.8341004106216823,7.034357652640598,4.6199925303052485,0.05615418947414837,7.685886574541387,7.666049418324898
0005,192,6,1.2161043419788617,8.387299740345211,6.412356805435296,35.97212219948174,32.200642890607995,5.600258932007395,10.529837190390637,8.740334243545695,3.556927640640988e-05,0.48900301142206604,0.4889966969486442
0005,194,6,1.121367176726417,3.3904384028689556,3.237462176789646,4.016339741094396,2.358323657066439,2.2440102015694143,3.2374628392762017,3.051004180634045,1.4765121174522302e-05,65.45529103237209,65.45528794134515
0005,195,6,1.2448738190260866,3.355992390077108,4.1057017128136835,4.86402558533637,2.84431050773802,2.7576574628222934,4.630353911101267,4.496401836804546,8.746239942834943e-06,21.96962325696623,21.96961793734961
0005,196,6,1.1440965819988997,3.3190825211768678,4.207759811401251,4.754962077411098,2.7652111884937494,2.7959208736411245,5.305164735771399,5.044243186925538,5.251117092196499e-05,5.575768455437212,5.575765131640353
0005,197,6,1.1540658305078886,3.2794342050289393,4.594766311091606,5.420146970636141,3.266467646942781,3.1029379762250224,6.6763068470172655,5.983092052167977,1.9296218677818484e-05,15.401514776478173,15.401509927609688
0005,198,5,1.278770217548323,3.2367311803257475,5.12898828488016,8.380915505268133,6.207355281952237,4.67343790139087,8.184269396279001,7.432649028376614,1.5206075023449467e-05,18.386803756328973,18.386798255453506
0005,199,5,1.1721527345349576,3.632227637268804,4.901383088026293,9.855138219271229,8.14105104104591,5.607388953210175,9.595799492360806,6.958075762662989,2.888113767741356e-05,1.3444900140593343,1.3444800737021263
0005,200,6,1.1832049537601075,6.312070639988788,4.036814474440714,16.600101509225617,15.099739751950239,6.160188756862708,13.74738668318385,10.787803825540946,1.907878228586093e-05,8.037297225515456,8.03729368040685
0005,201,6,1.3160702975656595,8.109339710342203,4.656671567352095,37.69875896776716,35.084707317913,10.920906092959468,22.398777977809125,15.816796725682911,3.884327880982213e-05,26.957107264415704,26.957102349151153
0005,214,5,1.3913324832495253,9.750597116114667,13.831793607342702,28.585024007210535,24.83875229620353,1.1558222793106705,5.142444337375057,4.479171402675046,2.125437634549698e-05,0.08089609170854255,0.08089542884708094
0005,216,5,1.2752140972156658,3.4958242417294825,1.073334329679997,3.5462881627056344,3.023954104942578,0.9029407337994695,1.4065141769430949,1.0983135279309146,1.6724688700940082e-05,0.157571091751566,0.15755884220528468
0005,217,5,1.410570399206618,3.8381368510429943,1.357349823732853,5.232306541267949,4.620462827246861,0.9019106172154432,1.7094010047348418,1.4049341274622043,1.778006036885361e-05,0.018090301846704876,0.018080536205056945
0005,218,5,1.2876481060205933,4.288486662270124,1.3841125144345616,6.392366457557061,5.759497723471123,0.8475093765660173,1.7880647864976738,1.54687533108634,1.3594409816186395e-05,0.06313416344450268,0.06313054551424209
0005,219,5,1.2937916896592203,4.8995849242266205,1.4963908575676224,8.77906965437559,7.731841944679271,0.9307771078689226,2.210304120433378,1.9740540997018348,9.330444873338463e-06,0.3986494413984611,0.3986474652722425
0005,220,5,1.4312169275703475,5.788911891214839,2.738047029764007,13.36218162627626,11.760807326107646,1.138496884135663,3.3171813573884554,2.7496655463464066,2.6576173951119498e-05,0.08316916671618271,0.08315128498332353
0005,221,5,1.3089401371567417,7.202467407868235,5.91600062882557,20.02000112000098,18.129852211077168,1.394597702566445,4.178321081798394,3.501816912223364,2.7843899003615194e-05,0.12983076014549572,0.12982624123342484
0005,222,5,1.4469558418700135,9.719346203517878,16.037535319283585,41.71209079543086,37.69580649585767,3.2821798634145596,7.151394151537921,6.404812709420362,9.504140365062368e-06,0.6041380652602668,0.6041373484543635
0005,229,5,1.357975970925687,5.977819670761599,2.079071607525085,10.819324398439617,9.360967894439623,0.8778024677126656,2.474572822780862,2.230914711666497,2.6011805859130798e-05,1.0797862947725057,1.0797754455429647
0005,230,5,1.364890852753496,7.137682821018265,2.679614444862814,16.12374620389189,13.740984939266493,1.0114136002233947,3.101664323203875,2.885031349497603,8.692932739719298e-06,0.5415364537840477,0.5415292700470532
0005,231,5,1.5053440908317888,9.00829569753826,6.434592247729575,27.519989616589545,24.392871919944866,1.3675186479726653,5.025170140174486,4.738445973020727,2.733101360678763e-05,3.2118557458934407,3.2118356423601417
0005,232,5,1.374932264008681,12.532400241222641,16.103258937585743,53.90070804484033,48.595106309140924,1.6156208938542373,7.336956249130605,6.586050022323479,3.0259085413155162e-05,0.1665042046333369,0.16649365391390464
0005,240,5,1.496470644383046,4.822615319198263,2.2164225679726837,9.403494993326659,8.177085588552805,0.8411357447488643,1.2271058916682234,0.851879694466783,1.753646654750592e-05,0.25943038578417954,0.25942704170138775
0005,241,5,1.4352718225355414,5.705183738908896,3.472907483082755,14.098767196942175,11.656411117850004,0.9845211724926811,1.2916200119436283,0.8868108344502341,1.3611202130589383e-05,1.137483614276163,1.1374788881909328
0005,242,6,1.5853694522226955,7.04793423674911,7.052607226285332,27.31708751258989,24.007451812526334,1.2359626698141026,3.454787897235995,2.9834341352573657,2.2633713666709074e-05,2.2186579583932287,2.2186506555596597
0005,243,6,1.4484418645805708,9.337703156076875,10.938110595874447,44.61154749100356,39.920768749587886,2.2002055825842133,4.643375092077084,3.649056900600708,2.2331960593314954e-05,0.20590271356061635,0.20589298174914905
0005,244,5,1.454135168053565,2.3403279097395187,1.6449031903294937,4.427226271231586,3.9428641542290164,0.7180098194039681,2.1279903604239325,1.9026771155037454,2.4914550368215122e-05,0.22106046891365505,0.2210540163953377
0005,245,5,1.6064382800297858,2.409245870389635,2.007662588987753,5.416736071189198,4.825432471654853,0.7576182480833297,2.6258430434711024,2.110472049163778,2.1140163124728292e-05,3.6110820538736297,3.611076484376929
0005,246,5,1.4679941148258884,2.48722987818427,1.9346355606030718,5.4304859779706645,4.822584114625052,0.8070052656947124,2.618143015197185,2.1599814085388407,2.705988547049054e-05,0.23755041020809534,0.2375367642161688
0005,247,5,1.4724945554361468,2.5742575267094545,2.0721205775567713,6.0793819052918945,5.3940516265197305,1.2279357474860764,2.8674928520869214,2.6826863241649925,1.3473633122696967e-05,0.0773580540347956,0.07735206372181765
0005,257,5,1.6661649934470995,2.265586783508036,0.4484677148522056,0.8838145827781209,0.7226285384724278,0.12242534394741376,0.4975684441600597,0.4549621882723717,2.1355587572462918e-05,1.7057604749304442,1.7057598619011063
0005,258,6,1.517687912900506,2.1819728454286644,0.69817852864718,1.3500835291808952,1.0151230476189548,0.450412492906902,0.9116301151844882,0.688427590679542,2.888503672135001e-05,0.09141612956826069,0.09140656424887518
0005,259,6,1.666855924737888,2.1803861545710177,0.7966165980752447,1.6751460625668666,1.3455265810415507,0.7006848789573884,1.1010825321299869,0.8766429669402171,2.7637866728121572e-05,0.6710269449673645,0.6710140898266899
0005,260,7,1.507600392913468,2.329796094625423,1.2415447962025266,2.117534327075357,1.9348557407879945,0.6334219443624662,0.8856920858077953,0.5391358438343422,5.456274415255942e-05,0.19283838373582654,0.19281130989058537
0005,261,7,1.5113462400272282,2.498431460071988,1.40487027729485,2.680726095537929,2.472271480405685,0.6177559209893102,0.9963734292110116,0.6132216249520007,2.6177045291459372e-05,7.178414863710207,7.178410711467941
0005,262,7,1.6656034850759789,2.7043292673523087,1.5680846821521812,3.9991352343057467,3.6352561757760697,0.6204564073657753,1.1326301375513323,0.8720588597315547,3.722389847720761e-05,1.4843928932208692,1.4843797919718444
0005,263,7,1.5163070151983329,2.9613923452723245,1.3609003976577392,4.883048573906085,4.377484303151565,0.5798315759959934,1.162673095565722,0.8734571705652103,5.33350252726798e-05,0.3413852441803933,0.3413837292377862
0005,264,7,1.514363135930544,3.2913402592956587,1.5443025541769817,6.828765706666429,6.154655307032441,0.599611532715374,1.2777231832258176,1.00514976454833,1.0878516258177873e-05,3.736011811527445,3.7360096034196517
0005,265,8,1.662515053019512,4.74143043642851,1.8122292889037002,11.47945919335503,10.918301879989343,0.8432809252044993,2.371838889931006,1.983652514583064,0.019036088273689737,0.34053898019827417,0.32813470388272614
0005,266,8,1.5094253804106834,5.480998811256125,2.1223083618805854,15.823646004326786,14.82323420464292,0.8406651441473079,2.746319428773584,2.203493561639193,0.023417241901821845,0.2185509531145121,0.20746465455825253
0005,267,6,1.50925299979108,6.591170581896083,3.299352593542692,21.990623592701024,19.653989772976285,1.8273201198928504,3.7239323541915827,3.1491336266773127,1.9401389233897737e-05,0.12885288309366186,0.12884198613357342
0005,268,6,1.658662201162283,8.443646817942973,5.756986106129544,43.48470746726547,39.59565933386538,2.83558786909812,6.676337008605112,5.891485262797088,4.512484449365824e-05,13.522998474757532,13.522983821670945
0005,269,6,1.5077591372242636,2.6479536990361465,0.841467635945746,3.4865348291951546,3.2095818419188324,0.6114016031904632,1.231766940575915,1.1195655002970324,2.0345146372774177e-05,0.2883262971054921,0.2883189357771656
0005,270,7,1.5077714378789029,2.8280887263609227,3.2221954284865775,4.173456844512868,3.790318538187979,1.373635008595357,2.154324150942949,1.7590529524460716,2.5029547252594048e-05,4.749934304999056,4.749922036504257
0005,271,7,1.656289309026339,3.064064344270032,3.7429909814992164,6.374028333262269,5.841961665763783,1.6131217756349638,2.661798100789438,2.316334298229077,4.219326880091505e-05,1.9746990735482268,1.974689886736562
0005,272,7,1.5057303167337732,3.390574493842254,3.3508250593025157,8.331954676153002,7.6408898853750875,1.6670606807397403,2.699754719308903,2.3124446151197486,4.127381179444837e-05,2.7473705792507945,2.7473663819128644
0005,273,7,1.5052299294871383,3.8398495034128026,2.886324601206527,12.8234550473719,11.691517371953072,1.8706473595058413,3.1224512310964574,2.463922257023871,3.378284834961289e-05,1.5193363466052077,1.5193303550337456
0005,274,7,1.6561041187519812,4.49710062198744,3.3223161992636046,23.973301982777752,22.551993807439956,2.126971369016101,4.090964905980492,3.351251339526124,2.970004059518249e-05,0.3912472335771908,0.3912433310062668
0005,275,6,1.5064377166737553,5.5503706024513,11.61473875794306,35.76801058231336,31.926494353734828,0.896493942516986,4.23036658310289,3.659977601990893,1.8125794144407766e-05,0.36027363975480536,0.36026124835139867
0005,276,6,1.6588272004312188,7.3322791693986105,32.36609904910587,67.14624469475261,58.35922376375275,1.587070633780083,9.384665201434542,9.185700454375612,1.4694468936857224e-05,4.426572611142014,4.426567774345762
0005,277,5,1.5103029041352338,2.0327765690010025,1.4182615704492785,3.7343569451069722,3.4415802072658477,0.4987077208985693,0.6768563481581857,0.5213971783827382,1.9054140781278038e-05,0.8825478121669479,0.8825432654912971
0005,278,5,1.5106699349979675,2.1801994821552655,1.8421715622344814,5.358080646029099,5.271660813357781,0.5224913558531853,0.6920613383214951,0.6019311823493327,6.096360661252202e-06,0.6371700201051517,0.6371652582882377
0005,279,5,1.663338420581828,2.423169344975022,2.780170394287693,8.90586331509991,8.396874862885214,0.5554499770359445,0.7223385942498866,0.6602346639733709,1.1304952998987895e-05,0.9681233653207028,0.9681195596179295
0005,280,5,1.5128163474580811,2.754789878558412,3.5237463628065955,12.517325234897799,10.87691060621959,0.392000934598253,0.5238740119690888,0.4743340404648267,2.1270981658286036e-05,0.9830705291182689,0.9830640960557012
0005,281,5,1.5160556973469839,3.283607315328844,5.346967986533591,21.681794362057357,16.802962580559683,0.23103380449293381,0.49834881272972825,0.4493087299996652,1.8510394554377692e-05,0.885690447986187,0.8856804547435773
0006,79,5,0.0005940423737103699,5.7833156643973656,0.004934826643079677,0.008140181884171352,0.005460973082364824,0.0012066197575707803,0.0032365996247016916,0.0028686985176043438,3.97476879144114e-05,0.00614147876277282,0.006120769648528659
0006,80,5,0.000689296852675891,5.4149064087798795,0.004930797908321996,0.010635112440967372,0.00897096285099274,0.0005803446112269386,0.001536993834182584,0.0012818673691817096,2.2569817922175485e-05,0.0013925556995444286,0.00138012437447893
0006,81,5,0.0005182141981921252,5.085007048780737,0.002372506632333498,0.005420017333347374,0.005015704794751918,0.0007226120424057821,0.0017905245831755239,0.0015598434688767176,1.7505110177871535e-05,0.0030472431993899306,0.0030394011361930904
0006,82,5,0.0004254324657581942,4.808254520311252,0.005226105150180745,0.009706292288310808,0.007241234671987007,0.0012457294757948496,0.0028642871791624168,0.0024434945324453244,2.9304552732031805e-05,5.825672837995681e-05,4.508331496767042e-05
0006,100,5,0.0004738318414698446,3.5018852089147368,0.002963668591881138,0.011917644435626491,0.010478197871944421,9.441546378839916e-05,0.0003035014055770969,0.00026760763633312584,7.367857863151681e-05,0.00012713239931699157,0.00010687472314992927
0006,101,5,0.0004770675156599487,3.3582739589362465,0.003041468860769016,0.010568763690855475,0.00930098340737635,0.0001897378020203574,0.0005266053277470827,0.0005111180036316718,3.388701587795017e-05,0.005712979879867093,0.005696905085460078
0006,102,6,0.0008417929976141409,7.58525305770611,0.00872891402939454,0.032141772308145286,0.025107007137308113,0.001256889709447487,0.005517845847722417,0.005420766852189183,3.0040871039194626e-05,7.579774295014431,7.5797695129065525
0006,103,5,0.0008175972226919573,5.207847123569577,0.010159688907455324,0.030155518660915866,0.025167504281113355,0.0005840625163758795,0.0017311411028762688,0.0013986544956753823,1.8429784167135336e-05,1.3550206195859484,1.3550132763265108
0006,104,5,0.0012541116072971334,4.718688808487425,0.013326779929852013,0.038195957490985054,0.030283199275420877,0.0004506988938702593,0.001259153668698041,0.0009422173585001292,5.018518856447475e-05,0.227084178659991,0.22706017296300018
0006,105,5,0.0007436750255627246,4.3813324950487464,0.007755969193413955,0.02215698403849134,0.01634164257224993,0.0006958244565695897,0.0018944369465920328,0.001835063836215383,2.642573507343842e-05,0.4736185073287205,0.4736118343710559
0006,106,5,0.0004612374755449538,4.145376883997428,0.0037318719435599766,0.008880108637504006,0.00682209849138329,0.0002718435064749889,0.00044115072489430947,0.0003340257339394478,4.6108278439242284e-05,0.34758282743096036,0.34756625351559983
0006,107,5,0.0012383093285997788,3.915545278388545,0.01025464336619488,0.02466724108015347,0.01903913863127268,0.0008410713036549652,0.0014319153795645503,0.0010630278746052478,2.300443149429501e-05,0.0048033380316788625,0.00479168841987369
0006,108,5,0.0013476841048987301,3.726016612272681,0.008522835795066705,0.020162509692316814,0.015452900348139124,0.0011116503646564485,0.00399127783290391,0.003488179127921989,2.29537618036047e-05,0.002999915461543831,0.0029876380184332136
0006,109,5,0.0010022736167956178,3.564921504809768,0.00666057529240401,0.016494503637102104,0.012376578433582974,0.00019888820510381025,0.0005552629439542799,0.0005032392638168134,1.295340990721361e-05,0.07492501073323735,0.0749148166535376
0006,110,6,0.0016242550206426237,3.426308505140082,0.01197565357258299,0.03075249052819449,0.02689847519852946,0.0019679169191746085,0.002670854530998607,0.002010816621710165,4.5807335740101e-05,0.008073970702193175,0.008065019311359155
0006,111,6,0.0007157835118536966,3.2942310635869227,0.005180019816188691,0.013053752696155396,0.011998987534104798,0.0016352410142677055,0.0019644259488828765,0.0017819366868930355,9.861582872466312e-05,0.00021305811315654226,0.00016074632030091074
0006,112,6,0.001855277144370787,3.1791261314865285,0.01214774068397035,0.030250692536249756,0.0240456430404822,0.0011735229718093563,0.0015752989221771204,0.0009682081995367013,4.032855241381064e-05,0.009282686619039037,0.009267533553298053
0006,113,6,0.0009156739034018685,3.0779196639245776,0.00544742217075078,0.01363880914585384,0.010052041349434456,0.00033007180053355506,0.00044764328303668633,0.0003922167015227148,2.3221828363694065e-05,0.017550871895273584,0.017548950455171825
0006,114,6,0.000898414092142651,2.9847592486726113,0.005279075572864306,0.011423652082415362,0.008698597313644828,0.000760262119873568,0.0011210999417008548,0.0007891100485323281,1.8101567506101115e-05,0.0303580567342942,0.03034729940546802
0006,115,6,0.0013700683593930014,2.9018187306735195,0.008119608232813302,0.015904315163471905,0.011916604170608119,0.0013284803435995266,0.001835163661502223,0.0017400394972886225,2.7756789293029613e-05,0.22793811383344084,0.2279172858394388
0006,116,5,0.0007812344491739106,2.6632955073608535,0.006652890635386066,0.008652799059944021,0.006644337693255698,0.0004046479725499427,0.0004878484538107447,0.0003040523828838065,2.8243510699943635e-05,0.0015890717438223853,0.0015826915069865179
0006,123,5,0.001325715237461099,2.2756707194092614,0.005129006100143242,0.00728473187178941,0.0063423993895892344,0.0004412014585889162,0.0007903451594509612,0.00046763687654451216,3.979005626332976e-05,0.002614296768663266,0.0025879903783691655
0006,124,5,0.0009935378526014717,2.2385451637259424,0.0036756773487044837,0.004493295501237633,0.004055678353817236,0.0005578147516461386,0.0008983124477482362,0.0006631777516022217,7.857314497429966e-05,0.00012017623057892471,9.643491817801218e-05
0006,125,5,0.0007348474673934912,2.2041344700770535,0.0022458888392735098,0.0029394711215275345,0.0025929503743876343,0.00032670742315180426,0.0005403665552580732,0.00039790509989390775,1.059685685346431e-05,0.0025739665992589628,0.0025695366092254998
0006,126,5,0.0014664825361058711,2.171103494435669,0.004937288429228944,0.007711719042890057,0.006882268896074656,0.0005250027064449792,0.0007551184197337681,0.0006068057372503261,2.1656547798339754e-05,0.0019702616765792788,0.0019571957319900264
0006,127,5,0.001592752418137191,2.1403520308408353,0.005066930168381756,0.008354197756724718,0.007570468080605877,0.00044908141975347183,0.0007614993253335072,0.000574151375045942,1.8653848200843847e-05,0.015189103335984609,0.015173679897077158
0006,128,6,0.0012522566999626128,7.421806244774992,0.0048945412807255275,0.012762129117840101,0.010905647342366865,0.0006399703159690566,0.001977238329786875,0.0016204415734421649,2.5774837287831374e-05,0.006198066975875961,0.006194536705763208
0006,129,6,0.0005670840226957481,6.866893434522429,0.003416134367692189,0.008953543823210976,0.007570126029710156,0.0008781348312624709,0.0024407240266023315,0.002289325339161901,3.0538011185084764e-05,0.004766668697050904,0.00474716759197961
0006,130,6,0.0007346065205696955,6.388575964889701,0.0033331442103839695,0.00816751410676175,0.006655060525203386,0.0006476975039161476,0.0016935515958490042,0.0014564520466401345,2.1021412199892943e-05,0.04207562835417759,0.042071708124712934
0006,131,6,0.0009061462667279909,5.987938667247699,0.004116276637169191,0.010671200395646235,0.009051767250910284,0.000574286408314946,0.0016609448754293713,0.0014522242785561757,3.479400794232268e-05,0.025586980600379783,0.025578600572028858
0006,132,6,0.0009766039306494212,5.648479377167083,0.004070530204271271,0.010776301740348647,0.009109186531099964,0.0006413441992526426,0.0016577633106944435,0.001514179672909936,2.9524421433793977e-05,0.014026909718476642,0.014019090242012245
0006,133,6,0.00045917664281289584,5.345982817316145,0.0019858225814958098,0.0047317192764822,0.004420524296978933,0.0005138217610068955,0.0015383542166102098,0.0013719796850092697,2.8806784496760842e-05,0.00567171185446338,0.005661188933723993
0006,134,6,0.0006207747273904629,5.083948489445077,0.0022705162764816104,0.00624524632750658,0.005293057607371008,0.00012035774276190374,0.0003827912622751451,0.00028245126549662476,5.5517449141715875e-05,0.0003720012124708262,0.00036406520756432955
0006,135,6,0.0007179173935127178,4.843519629943908,0.0018983996183533996,0.004932578509273996,0.004309313213933912,0.00012875274238594153,0.0002038104532508682,0.0001449107717806049,2.5006043899252483e-05,0.10579235344264412,0.10578219212952508
0006,136,5,0.00022539483040618754,4.655247485646977,0.00045098654298603207,0.0015163441196402619,0.0011374188868733459,0.00034214686518194777,0.0009650447653491149,0.0006932615211748631,2.6161449935186452e-05,0.0001315189751885632,0.00012092718207785411
0006,138,5,0.00023951603377215847,4.3400366216835815,0.0009697899540339191,0.0024605701042996427,0.002409420537802704,0.00010346314181127717,0.00021145433356633568,0.00014513686037851626,1.911505802351598e-05,3.4312747798484986e-05,2.75395318687494e-05
0006,139,5,0.0005216055712281914,4.206780705698458,0.0018717125926691785,0.003942864154627984,0.003696587430496631,5.7149273631783706e-05,0.00011460776304455164,9.157652111828048e-05,2.3350303831095e-05,0.051657361918649586,0.051654501729439486
0006,140,5,0.0004521858527638923,4.076888779338768,0.0008746391260422778,0.0021359991962893216,0.0015979837009929023,0.00024302576631512918,0.0005495831787422466,0.00047245279863429915,1.271123582143103e-05,0.009415100427985526,0.00940575281657612
0007,50,5,0.5188079013432566,8.16164289515634,3.214054066442595,5.017700167693994,4.60571020379621,1.3382149150326592,2.7659904344339115,1.950368601683468,2.2442879970204624e-05,0.16560141629016675,0.16559320351274726
0007,51,5,0.57646046443599,8.515970599802339,3.931113198564653,6.156450049670939,5.76521353933606,1.6841777146242933,3.437355440536938,2.430839400556461,2.6253248843377982e-05,0.17574954025147563,0.1757268406430412
0007,52,5,0.5309640003075033,8.96105098030442,3.6420940511588955,6.0379235457409655,5.686304564642848,1.5945740744894519,3.264379882115537,2.299741449669554,2.7422613707086217e-05,1.543609061054079,1.5436073241874912
0007,53,5,0.59466438544849,9.476657769757157,4.419853204857225,7.62490529052143,7.162367343370678,2.0399075116847696,4.358113756371792,3.1536535868101954,2.2964064311405067e-05,3.02814568146936,3.0281323648548506
0007,54,5,0.5512455092611472,10.106129412982066,4.324696059347045,7.880202119337399,7.2786309785434335,2.1896467596505587,4.433128852920225,3.2026098320653835,1.4061462668816068e-05,1.8888025330502838,1.88879646347076
0007,61,5,0.6616814104298275,5.37038962899815,2.0356003650918075,2.8357204029920147,1.645557393439582,0.8302173459396213,1.3524489634154644,1.2401332571685542,3.234750705473e-05,0.20374102524488372,0.20372088375836947
0007,65,5,0.6445112474401153,6.602361915208996,3.4934229124535743,4.775574496572478,2.7255937717448293,1.5097699348001035,2.83755241169636,2.7070672848989403,1.7664101969645044e-05,0.11237700277268561,0.11236927131793792
0007,66,5,0.6582406654029417,7.112942639278954,4.557135702558916,5.836717918928265,3.1351187090620702,1.7498922564422716,3.4663406546240383,3.2957635834236765,2.3323060125202817e-05,0.31014636788439043,0.3101367731178811
0007,67,5,0.7399139716377822,7.723845509726774,6.638319144590005,8.107922654617887,4.489351643236834,2.3004426921981254,4.856039164078572,4.640719401808814,1.2367881458920916e-05,0.23353531393638033,0.2335317426669229
0007,68,5,0.6793375356733307,8.459033028614472,7.636031291772544,8.319904574956128,5.479420611629596,2.5724806450060953,5.684732641820626,5.509007606507326,1.3662759907681757e-05,0.2319930613416007,0.23198168713529302
0007,69,5,0.7622084016698893,9.373997745617288,11.623443797424986,13.226972099361221,8.91461649311594,3.6780874694509924,8.671982840683684,8.48598574623855,1.8290522923831582e-05,0.2003492535852054,0.20033958891907994
0007,73,5,0.7328454338326252,5.71100409571393,4.100609108261089,5.277471987442553,2.6509904251570977,1.857748863903915,2.747112661698719,2.6501282658784207,2.600000805872149e-05,0.8315462440834605,0.8315369624507695
0007,74,5,0.7411878155506225,6.137297343962686,4.107536773761561,5.604158293222967,3.0848524922142997,2.117683488338026,3.37800040688213,3.3183725904660637,2.741196249910304e-05,0.21312248380483778,0.2131129560099452
0007,75,5,0.8257327682970292,6.65101578844036,6.334281689818002,8.437556501785256,3.704233718708368,2.9529820151412736,4.962759787594884,4.8409631555716155,3.437227428840934e-05,0.7118744216524366,0.7118659552080953
0007,76,5,0.7556288025119319,7.278177557747198,6.201555532351119,8.733413462183313,5.473392176799932,3.346195716906048,5.95140858804629,5.769616061307817,2.7820996416717187e-05,0.2539001516222073,0.2538931159080942
0007,77,7,0.7604925619621166,11.916901915914014,6.723094561720652,11.271771095941602,8.771856751081451,6.033852680190344,9.4751544395934,8.285856996309477,3.413516730024628e-05,0.7822051911319287,0.7822012178562369
0007,78,7,0.8470662077274758,13.561610263169838,9.737519722665878,17.764818115692563,15.46970056915851,8.827224076791552,15.788590253243513,14.351537900206848,4.185205490644072e-05,5.975456203315402,5.975451843051221
0007,79,6,0.7739144520698108,8.507358393618109,4.6331056544887,6.692120346643383,4.126161426952416,2.840537232002017,5.609245538947383,3.0858818384739424,3.7622691621295153e-05,1.4445564059949234,1.4445528554531635
0007,80,6,0.8509345084556047,9.233258421413364,5.964611553816007,8.947499381244574,7.325019767085849,3.729948313848609,7.752149613492347,4.521917643316417,2.2912487482273915e-05,2.028164693207893,2.0281547011219594
0007,81,6,0.7804348544892421,10.116447063154684,6.332970849782655,10.080107845882974,8.360691155561812,4.030509756245612,8.790144364621272,5.382597055839987,3.131261869016944e-05,1.6174581749302228,1.617444893124414
0007,82,6,0.7874779109566707,11.354953007575716,7.836411299223892,13.3904337182027,10.948415774753542,4.968701405755191,11.601199932104157,7.585116734340555,2.3499820108228513e-05,44.32561606388393,44.32560424576584
0007,83,5,0.8732965929824718,11.415218262874467,8.453368196441312,12.707806423055791,9.692497526394757,2.405572007247724,8.099137079333902,7.450247091113165,1.6945208043149407e-05,0.12364719548547133,0.12363908577742352
0007,143,5,0.9292765049012475,4.883063552547512,7.747590276127306,11.476764518369814,6.463265970350917,1.640413233518782,4.7407269262304235,4.5591981301306514,3.741443642327509e-05,11.837956798565537,11.837955633892763
0007,144,5,1.0169642432351904,5.503281211861909,12.530726486205221,16.353239364144503,9.500919402236267,2.351454345002036,7.443004822551318,7.151393716370067,1.0962823025922282e-05,1.201299116774112,1.2012914723050783
0007,147,5,1.0085788833478806,2.881206196796386,2.8356637201881805,6.198469418455166,3.6918130552161945,2.7433514283412817,5.445071697829309,2.823669790794977,2.5271258081239718e-05,2.197450070655897,2.1974446405730648
0007,148,5,0.9122105218306408,3.059056182175631,3.1164689791879394,6.973826066800576,4.548195490312242,2.966001544116084,6.039305358269874,3.186036498075944,2.995128375013879e-05,0.0806947075363979,0.08068314467318954
0007,149,5,0.9996721694227441,3.275068531187769,4.50609027489495,9.768559052805097,6.471295944898019,4.188008457714956,8.518619746449621,4.719221424101489,3.5351264724641304e-05,1.2297438628105266,1.229730726113414
0007,150,6,0.9050427498884961,9.19586663278498,5.997527321807931,9.836097345699832,7.225895554958632,5.50807613727983,8.660873876736973,5.108824145998254,1.9513994837142428e-05,1.8874951036153835,1.8874828444058935
0007,151,6,0.9007364829946564,10.320735984950534,7.341326304326438,13.02166928153647,9.590628284135281,6.719960890326153,11.564190873759522,7.147726677941278,2.1261915598975373e-05,2.0863984015198067,2.0863952094249654
0007,152,6,0.9879720357558593,11.80154383466798,11.154428666601337,20.60702315009189,16.844021220807832,9.558251509637266,18.075010631025084,11.844940657922631,2.905232183036259e-05,2.1714720696462697,2.1714614690513248
0007,153,5,0.8967799379997422,12.110315701202724,12.081255188305342,15.313318293735842,12.124122109885878,5.00034740929502,11.206229241655999,8.898467433611444,1.5123369532287151e-05,0.058495833930369986,0.05849132858720525
0007,155,5,0.9898885579414562,5.572952580220463,3.9866394255473905,4.703123411562954,2.866287347267626,2.6547915591084097,4.13204621959813,3.337383122786277,3.9104805915639295e-05,0.1494742744597688,0.14947042710238564
0007,156,5,0.8987639180812589,5.958417373535289,3.8384662151988724,4.950081940667045,3.327088261641941,2.738094069292915,4.418444116718292,3.575117053527388,3.457857804931252e-05,0.24574467186249888,0.24573033901254876
0007,157,5,0.8972140335004144,6.414368041777441,4.359681232186671,5.933418879892093,4.152748506459435,3.1664122769465433,5.324550465823454,4.316216462727462,1.2574018591878378e-05,0.13382466661841264,0.1338148231875271
0007,158,6,0.9782368441616089,6.962083633418336,5.138428918908206,7.566446361583312,6.2837718754232785,4.511598237481034,7.419374989769662,5.622953826981513,2.1588570933891832e-05,19.497786607566656,19.497772754099557
0007,159,6,0.8899294622429071,7.642922070290968,5.383880244864406,8.765985887405169,7.940251451786184,4.853933353767861,8.374610273122228,6.293229661120568,2.9750374802262456e-05,2.0500015659435955,2.049999061175378
0007,160,6,0.8853424136612492,8.497800130693973,6.6551711030882,11.312906567250383,10.332423601662315,6.039684730761138,10.635672169511924,8.034581214188082,2.381280181074238e-05,0.6494499900071935,0.6494449410929861
0007,161,6,0.9726422572942222,9.60351485385364,9.430516449220145,16.928895127500088,15.191639451485283,9.007059961015905,15.586019787898598,11.820881231754635,3.490816465549743e-05,3.7621791402908973,3.7621706170190743
0007,162,6,0.8824743719603076,11.088962505154026,10.683158925720631,20.64047599399046,18.150385917938397,10.718620410273552,18.741959029350713,14.327121502628156,1.658905004637854e-05,1.0087979190681917,1.0087900299530081
0007,187,5,0.9017044370971895,5.907746485329232,5.830285869390412,6.838828781994438,5.191935400422414,1.4696288148668346,3.315581721707144,2.3664389694423345,3.0542773594968595e-05,0.23735958348970249,0.23735260712092646
0007,188,5,0.9907184900233296,6.53371292640328,7.489601393465582,10.081678537886575,7.460729404095093,2.092597403628624,5.084999688238782,3.472942991939272,1.2440224872739783e-05,0.33050467563526353,0.33049583571521857
0007,189,5,0.896882661569895,7.342022683805767,8.684874393860312,12.30659284556626,8.926739850766438,2.4370872073193066,6.301635079501657,4.161713241447282,2.9926726277365974e-05,0.14216687507141668,0.14215935585556796
0007,215,5,0.7264161203738182,3.3253671831212124,3.5221489023956987,11.107296596535438,9.399041387801244,4.096979340066643,5.013491558138971,3.1810489183185666,1.2646199122371919e-05,0.29332770104373473,0.29331951619855584
0007,216,5,0.7960503006022452,3.5872344455077503,4.73948647600008,15.262625637777901,13.096664090941662,5.408446382044631,6.684397393839921,3.9862665046577366,1.6531594898231013e-05,0.308588516226893,0.3085788360626518
0007,217,6,0.7170645694605842,3.9731565337088113,9.421818578474966,18.48498910567701,16.89710356358859,4.494559973287009,8.2133766158344,5.109141762874593,5.2631549910959425e-05,0.6599465564860618,0.6599452780349017
0007,221,5,0.7580376642538456,2.336235141443669,4.26728992149759,7.717085685259039,7.503445469244241,0.6297281342529363,3.0711366055963434,2.8428104095423112,1.4715092856495205e-05,2.171253409823386,2.1712420389125207
0007,222,5,0.6784986869991754,2.4385466011450445,4.533857875754287,8.003295538073841,7.827347732718646,0.615212541483165,3.126782574379768,2.89400758820444,1.2090617281455473e-05,23.401946879477197,23.401937307550597
0007,223,5,0.6672657774912393,2.5644379955950742,5.719714149269787,9.769073809074522,9.162640146199227,0.6915473473591451,3.6403494797636227,3.5475083879341307,1.781295558757451e-05,1.3709872643451901,1.3709835437564535
0007,224,5,0.7190806724119277,2.7218727374049,7.6682636742109525,12.662837301492317,11.516018086769083,0.9083292607052869,4.826947864766436,4.722796789618864,1.7836759678496084e-05,0.37225062882234505,0.37224562404621936
0007,403,5,0.8600666706294909,7.320761657494093,6.260861527750179,9.096306486845696,4.789172679958348,2.6037846819995445,5.921708461930824,5.680095784738431,2.8304460039988304e-05,3.4236992864948195,3.423676617639015
0007,404,5,0.8603098416774905,8.190918782394458,8.912263953127185,11.363107684700198,6.164230159477448,3.3677066073581017,8.125775567517415,7.750433583798725,1.649515310208157e-05,23.7942719839104,23.794265944076333
0007,405,5,0.9466883348830216,4.236474022994241,2.546916032778999,4.030866327746964,2.7478362239794034,2.0098913620177257,4.092521023513254,2.9122272469103763,2.6742989991571708e-05,0.46947823171838826,0.469473254515254
0007,407,5,0.9516926380345168,4.790029920490763,1.6810404726630035,3.4929471085827246,2.5457568988591905,1.1834012702690901,1.9448819985147208,1.90154361215461,2.0953693753379797e-05,0.07662109664107271,0.07661567341833969
0007,408,5,0.8615244711198534,5.145564551189119,1.9118980307988256,3.205568896936859,2.6583217634795613,1.314288042725635,2.2309866948885264,2.1767475282457696,1.8060446530280613e-05,0.15249076778910942,0.15248312954072338
0007,409,6,0.8621007395095902,5.554379344059243,3.6675432479984855,8.054274389811114,5.980390202021368,3.3279394078416384,7.467440224369584,5.187227436475868,3.122330205789349e-05,1.1299237413030692,1.1299151872399011
0007,410,6,0.9473952422909305,6.053173157095152,5.348150355637494,11.03508747664569,8.317140249252418,4.598123878380225,10.366098808588744,7.347176499443439,2.2269084915552308e-05,0.8949243736481493,0.8949061435815329
0007,411,6,0.8618177730426683,6.675325572968929,6.483624208921861,12.209112287714392,8.98015454843028,5.099128644236647,11.787456036812927,8.54995177050261,4.780053686141941e-05,1.8033419234447396,1.8033235779201842
0007,412,6,0.8619105271380925,7.493912391891573,8.323978653157063,15.66121230631589,11.96056694571883,6.450668136967326,15.296859877195285,11.31685976306651,2.4119894224662045e-05,0.5405908749894506,0.5405767659526574
0007,413,5,0.9491039506178993,4.171567572682177,3.6578510776076083,4.714378756870396,3.2759436440319125,2.446391019294036,4.9015656873385804,3.6257874352606954,2.868526559782088e-05,0.9375448322894275,0.937535759599149
0007,414,5,0.8643283317426529,4.463409569230626,3.754051155897417,5.178198910237605,3.6273484289580358,2.7294042441947335,5.351803865108639,3.9370667666156116,2.4967648429115723e-05,0.20783408403714182,0.20781794233727727
0007,415,5,0.949001070908299,4.813998021433723,4.792337994777213,7.170594098480261,5.063187168996453,3.8250169946441277,7.3558784622286515,5.482672047021304,2.463604194092358e-05,0.9595716285558683,0.959568108275966
0007,416,5,0.8583992407818278,5.243057329047735,5.083943907797378,8.073886453185171,5.76623416276553,4.070617255778744,8.217623813297351,6.206731160039996,2.413803531954572e-05,0.2247303879160944,0.2247239236946676
0007,417,5,0.8531149117743982,5.780251880041386,6.371341626708153,10.123566008628496,7.739676615293853,4.9758108839861075,10.449689879943751,8.191624660094991,3.02157661405028e-05,0.2907180190265892,0.2907068324311338
0007,418,5,0.9377585333212005,6.450876432740819,9.163353487939952,14.59145771577067,11.6478696531764,6.791989623692252,15.226668227131656,12.082313123832115,1.9618140259389665e-05,7.276550187377014,7.2765369029722695
0007,428,5,0.8275931046540113,7.351505981996021,5.904835879098643,10.322366770570268,6.39026960838896,4.018938166125478,8.382749411302465,7.0124868601945565,1.5180856306567497e-05,78.74187747963948,78.74186983741967
0007,429,5,0.9055655579127715,8.29221192204495,9.219096271388143,16.415952780520875,10.707689270682284,5.5958031318226045,12.784435340345615,10.665262692657633,2.236186447529051e-05,28.307870188488536,28.307853191806064
0007,457,5,0.9584895829028768,7.449557730639697,10.3123723749299,15.607474816537696,10.08308502933328,4.549791315636356,11.424822410322939,8.64049153198872,2.5873990597220582e-05,0.03912367338941326,0.0391083022509913
0007,459,5,0.8744599796403814,4.584628382619366,2.3755229446060335,6.614435483269607,6.149660405771266,1.7825315521135665,1.8821265096039592,1.4545546404444298,2.0834055179408647e-05,0.015760784878216583,0.015756027533225758
0007,460,5,0.9587707149320476,4.953022973599935,3.0531685236380985,8.412045714468105,7.770861737611835,2.28545540536784,2.3674319289472794,1.852036900494724,1.3057725735775383e-05,0.9253464296879463,0.9253446246400876
0007,461,6,0.8768175925249371,5.4071281289818725,5.8564254044794835,8.965251821972469,6.963078017511997,2.9529416613332797,3.605577281534285,3.1373689867599195,2.9240593422644023e-05,2.4019615157983663,2.4019539304672377
0007,462,5,0.8783283211546955,5.980795503038687,7.546003100201743,10.7183002703322,5.654909252818583,2.7304091151239462,4.526688377613076,3.6144489208454145,1.4553632726266168e-05,0.05960292266232418,0.05959478617551451
0007,463,5,0.9648330633779174,3.0447864585708815,2.4989556458705184,3.210549982721499,2.7576498181207505,1.4896426188185385,2.4838019879753683,1.871322877356382,3.3328100094147424e-05,0.6170475130166324,0.617033897760006
0007,464,5,0.8771264371913036,3.195406628862688,2.6960671401816017,3.2738768190195264,2.7103530473426556,1.5307013963988025,2.549144758958235,1.9753995867476504,2.463747526032985e-05,0.17321500437332357,0.17321194397766382
0007,465,5,0.9669266385194066,3.370249457456482,3.470215545298114,4.087487120307123,3.287956545525943,1.9736567782841885,3.3030788451644173,2.620231879704519,2.6652909197536176e-05,0.5723206833156823,0.5723173694905589
0007,466,5,0.8819759107074167,3.5756498119038107,3.9105919162632943,4.532345537367413,3.415213773761459,2.058234084392104,3.508548225061949,2.807537520902063,2.0977266149954505e-05,0.38954268160883565,0.3895327863957535
0007,467,6,0.883679646061228,3.820412656507414,3.845496895682258,5.367555410624605,4.422711435395227,2.9909490671030436,3.4743360541323116,1.606709862773261,1.711391883292125e-05,4.153117348393881,4.153110779864484
0007,468,6,0.9752280487838811,4.125476946405501,5.2181555713283805,7.64332364680044,5.906401906523027,4.027391531873585,4.923233098977857,2.599986021882117,3.4237646920925355e-05,0.8995527871272984,0.8995393788334294
0007,469,6,0.8866969037404995,4.504567461290596,5.7586580797064055,8.85745818442472,6.419396744137658,4.374882836004456,5.7301949094532185,3.2943392936756086,2.2746389913357314e-05,2.442036844937949,2.4420354863593814
0007,470,6,0.8864485219389643,4.988393169950952,7.2904077592318,12.083687107537253,8.97352091055442,5.482955463335282,7.768532071269324,4.964827546572962,3.134605812667388e-05,3.7628789780309644,3.762868463073113
0007,471,5,0.9702649571112811,3.0016939112018868,4.0371318053414615,4.97668221508104,3.5580303125017014,1.9581020876004174,3.501819668270989,2.702770075596605,4.0515048981115246e-05,0.13814697019728842,0.13812492461935638
0007,472,5,0.8812745172982968,3.1732973198588876,4.280429991726837,5.202839226479644,3.513705794955645,2.0229500051951956,3.712593097107024,2.90873780810028,8.013876341379496e-06,1.1046057418838209,1.1046048994923223
0007,473,5,0.877009636778631,3.378120898984209,5.3075122055378285,6.330772855739642,3.8183225331184594,2.3326185822931045,4.386860212595066,3.477295760194151,1.9581921454796987e-05,0.1634390902519502,0.16342895617912714
0007,474,5,0.9597724552292031,3.626744645468807,7.109802441737104,8.32779864069928,4.4955993506735945,2.988858759378238,5.874792569432494,4.80499154574453,2.7281059749258738e-05,0.5397949918661773,0.5397724928930315
0007,475,5,0.8708856264812551,3.955247791368471,8.094558382640198,9.58027360662963,5.365262725295571,3.1600832379048804,6.468606939707422,5.406708839969785,2.3444524946081224e-05,0.014429092947530133,0.014427507679397414
0007,476,5,0.9565664473521281,4.3782788112686095,11.68990500530851,14.26747829249274,8.434923893261558,4.257965169150306,9.055731416686534,7.71674226014674,1.2347515993901851e-05,0.08220235849186723,0.08219590630217276
0007,485,5,0.9423036693403902,2.609744164817588,3.713077605155929,4.709890278764041,3.137014723444526,1.5417780702925492,2.275522455335556,2.022106920945767,2.7987571556267296e-05,0.18685347920538098,0.18683831236735401
0007,486,5,0.8544861778128772,2.754381173512559,4.157789241941777,4.978741557040744,3.148638021543152,1.7402907333919704,2.472589767345059,2.1933340349311483,2.2018630556210173e-05,0.17532899468716193,0.17531929324800558
0007,497,6,0.8285760697938129,3.3950985713606934,5.080341456499053,6.161138891224243,2.981026485462903,4.416698631990302,5.194335561576526,1.5482668462229987,2.419555600896315e-05,1.6954140700550526,1.6954030820136246
0007,498,6,0.9137485359063386,3.661426512533154,6.964784275396189,8.85554546813293,4.975182134715146,6.165655793953947,7.5183313014351105,2.659572016558487,2.7516149158416967e-05,9.983147504049455,9.983130854569366
0007,499,6,0.8215946763249751,3.9951124024273033,7.933096845557438,10.507230712628795,6.521673527996196,6.825960136534194,8.801253151330243,3.6111615644721207,3.094479604123445e-05,7.788473496679859,7.7884660660670395
0007,500,6,0.8193540063181746,4.425410219245202,9.36011137341588,13.638841438423922,8.538494499103503,8.693752899827592,11.836059847321689,5.586483939767391,2.207833461072887e-05,3.4147829206712617,3.414781537049177
0008,216,5,1.2189884528036867,3.3247687031469844,3.2331594982198113,3.9958167878635247,2.288990856672352,0.43924266603489426,0.6972250441742671,0.6391170901325877,4.547453596503673e-06,1.570546546812387,1.57054437827033
0008,217,5,1.1133277739094767,3.607322592869181,3.6891592535297146,4.377575162717993,2.5672891842047783,0.49448777930190085,0.806169461999462,0.7306743179809119,1.5800607330026047e-05,2.0200402438868683,2.020033318736033
0008,218,5,1.1062267815099456,3.966079450209281,4.678431547653532,5.389965962387786,3.208857134872516,0.617719902194943,1.0559916997791206,0.9507300105242079,8.808326537682421e-06,0.04270383200110683,0.04270061606139645
0008,219,5,1.2162702207776224,4.436671613571543,6.252337418862035,7.562167398032477,4.504047927226065,0.8617812384665091,1.5572433211552903,1.4073193508957116,1.0612284476266087e-05,0.6912286591754501,0.6912247105740694
0008,239,5,1.0531565602663726,2.6489822754063463,2.867838051518161,4.2185279350496385,3.5928850652201456,1.9898843283173586,4.347380280169833,2.6760270211588626,6.864325522517339e-06,2.1754861106798398,2.1754845508276253
0008,240,5,1.0530710867529582,2.913484014880787,3.6510739745571175,5.427458839347948,4.398796710562236,1.9787473176660324,5.247870434660302,4.1396216873942935,6.51713181339132e-06,20.739432115208945,20.739427261092
0008,348,5,1.6626794098439945,4.972061819711662,5.20850603790693,16.461419427748655,14.301052590118184,0.7557466190036868,3.073799241320063,2.8425638817802303,2.4328856439777937e-05,15.717339400791078,15.717332672964687
0008,349,6,1.5159856104841487,4.825025186837247,3.0274511453087682,15.570167331423423,14.87176161127524,1.9359133077689918,2.4505168020654806,2.1820204169108917,4.347782511453172e-05,1.0191305700639717,1.0191152127024194
0008,350,6,1.677053760339304,4.68654686549511,3.5024585999901654,14.665518505240163,12.677228145280496,2.487082362598456,4.620186483061945,3.7027276533041142,3.5926916464312664e-05,0.29400221269024607,0.29399016679144857
0008,351,6,1.5328674819453312,4.565504683227303,5.10803435762565,12.58351070590542,11.295033055861348,3.2235425240965254,7.749011364529212,5.977531051226422,2.7960382240775524e-05,0.14346829578620707,0.14346066840592628
0008,352,5,1.5355957455260842,4.450659869747225,3.6718141949126646,11.264059224142512,9.277674800376031,0.52470050277302,2.471517970332581,2.3615591024332145,7.531803837757993e-06,0.19449896417052126,0.19449357180233542
0008,353,5,1.6894457516365269,4.341548276930242,2.579477849223096,10.62345613322716,8.94132091436845,0.6476861797812268,3.52958730826532,3.090195093690796,1.1398531245307893e-05,0.4205346788474363,0.4205261597444969
0008,370,5,1.582040185259579,3.9800803563825347,1.4329227985629358,2.9639688221099068,2.183637936057263,0.44102071328829184,0.7463578692907223,0.40248035064650856,2.7510758536261427e-05,1.7113418853680766,1.711338852192182
0008,371,5,1.584285632914782,3.84069639574445,1.4689547668561442,2.783348637365559,1.9920444292192907,0.4949181037040095,0.867901166708558,0.48457268538929715,2.7548757985747615e-05,0.8722615685980628,0.8722594091964069
0008,372,5,1.739055475073161,3.7056335006309573,1.6597095722309716,2.7859604812595187,2.1855083770101644,0.6138938101197591,1.1191368710533918,0.6765713450383215,3.3350218992695774e-05,0.9327198204812893,0.9327046970104252
0008,373,5,1.5750666194368526,3.5690878377236595,1.5783742579444002,2.5653795653806215,2.253282496122283,0.6128349542995291,1.1410348241283244,0.6993171104961091,2.0639372482977964e-05,0.1532542078337803,0.15324370853764055
0008,374,5,1.5801763697751545,3.4371341412553944,1.6372649560784245,2.4987177173801487,2.3393624792353527,0.6756226273923157,1.3251788322221596,0.8967910507785558,2.5809967240182536e-05,0.28694639044665204,0.28692781237367543
0008,375,5,1.7427447932841338,3.3566093444349105,1.5508958986620538,2.8851961590668735,2.6043948675736224,0.9086969421997998,1.5985301334147843,1.2509507968967806,3.572666034690571e-05,0.6324099629689026,0.6323970828658416
0008,376,5,1.5763666025355763,3.399582718896826,1.1301291921657242,2.6628093818741827,2.2537192807897397,0.94054036592721,1.5779898329665258,1.2348077232574894,2.839231866157851e-05,0.3838984017665961,0.3838831416051337
0008,377,5,1.5687800691814533,3.44525095526453,0.9128144761900506,2.8075434831403774,2.2371705893863343,1.0428151315515026,1.8483020529340897,1.604924549474585,1.3308175579286321e-05,0.23020323121546127,0.23019188716934635
0008,378,5,1.7216309066872122,3.4978904020466093,0.7965725615845232,3.2642857456483405,2.6060206876400125,1.3627671720745782,2.3093350484605772,1.964182944254192,1.220588126233459e-05,0.3795787101042926,0.3795705015761241
0008,385,5,1.5626118040485657,7.408919904249318,3.235971945750073,9.176457935399883,8.082065728455191,2.47731127307091,5.252262408386921,3.9055249579274043,3.330794056079467e-05,0.6124772808484363,0.6124555347626165
0008,386,5,1.5617738546248288,7.586461738958395,3.567834693977523,10.373554959230454,8.96413405209563,2.5448058479575093,5.9514521270597704,4.30847613265569,1.9295029274196095e-05,0.469342951447661,0.46932654021136316
0008,387,5,1.717887980837619,7.790080564928863,4.407268576240503,13.198581845174232,11.18461980199455,2.9067834287809946,7.54624073726979,5.313811470337976,1.6749050913074397e-05,0.26401774726766547,0.2640037752121681
0008,388,5,1.5580929615743624,8.015191221342262,4.3056302674448315,13.491184865696521,11.226016932485186,2.757442394854359,7.596878714258098,5.476429795059714,2.0328622734725754e-05,0.12652505765554023,0.12651833032821636
0008,389,5,1.712225332658833,8.278420390777413,5.382198774787927,17.64473546625234,14.419289530465075,3.3443373619541794,9.736809285528716,7.3092746258210415,3.2246859757094195e-05,0.27353088675578907,0.2735197800502588
0009,20,5,0.6836547830760987,1.8484423625412976,0.7029857783210518,1.4782891930500266,1.22804623436511,0.7440578309292942,0.8353570749844104,0.5025649953203009,3.803003933365809e-05,0.05655457360816463,0.05653797359520826
0009,21,6,0.6845101852298683,1.864738007605473,1.3732810800981081,1.9887508835660088,1.7767527003277963,0.6493825727695848,1.254348097726593,1.1160168123681458,3.118397459085267e-05,1.2737408658554792,1.2737312628572441
0009,22,6,0.7526628747754943,1.8850137745711018,1.5381631124491302,2.2622008981240134,1.9963176277294947,0.6768582803260972,1.2911963805290039,1.2116548242620928,3.54232859648694e-05,0.3945005300366432,0.3944850742490824
0009,23,7,0.6815112770648247,2.0877767313374425,1.8206229921055643,2.4407419890520736,1.963226748656443,0.5160075332571659,1.4796769248216495,1.3991330230307133,2.779117885713084e-05,4.099874713817265,4.099854065291344
0009,24,7,0.6790542637619046,2.119515607928348,1.8482341952529946,2.4720617136869008,1.8962522172381415,0.5521634673576012,1.5077288683817498,1.4295393443703834,4.4382111063228035e-05,2.0871584332536557,2.0871534965386584
0009,25,5,0.7430541261068735,1.4840224670696995,0.7499763593032049,2.5445871850191843,2.3992910420673206,1.0616530428831044,1.342914302183444,1.3003896396446155,4.663439417904019e-05,1.8066162134900616,1.8066128875012013
0009,26,9,0.6702275859432026,2.186705714017146,1.2006995671632803,2.6617079800412884,2.592582200437084,0.8485662533182117,1.5982340833203672,1.349118394921287,0.0034796394987240105,0.5103240326760965,0.509922480402048
0009,27,8,0.6692329095670806,2.196762028184689,1.4158633891664194,3.1082761129255565,3.030864037571543,0.9817772470161781,1.8115342212227439,1.6176635693831605,0.0071121226004689005,0.4118875454732185,0.41115132558328454
0009,28,7,0.7323287349223537,2.164794824913005,0.7362183986653085,1.700850596413552,1.5301783338394026,0.5280648095382912,0.6587812967283034,0.5876477119715595,6.0635569658050364e-05,0.7634565039981511,0.7634540638593388
0009,29,7,0.6611348604042914,2.163459722757422,0.6439579507800123,1.7054468459133116,1.5363656249420976,0.519111167466739,0.6283123570604543,0.47213973912483964,3.113374685871868e-05,0.5658594810769234,0.5658474863719004
0009,30,7,0.6554883630332539,2.162051794121123,0.5935039104537893,1.8684859028314622,1.6976805209736086,0.4874540515801531,0.7191958481496621,0.4299213983470539,1.183093113196526e-05,26.549845216297005,26.549838402131922
0009,31,8,0.7193719745084838,2.1599565221472052,0.49888815066932046,2.242448007219538,2.1628195320275103,0.3924825923044565,0.9399018148064612,0.6805786446641919,0.006482314751307951,0.3066116014896899,0.3048437575493936
0009,32,9,0.6506232620540995,2.1533650203001,0.8985495680563558,2.128213500203455,1.9992847909064893,0.6136156672247608,1.2299293843876395,1.1486289672925896,0.003598009558758887,0.33038532436988705,0.3301530272497954
0009,33,7,0.6521711745368123,2.166306400282439,0.2457820759920421,2.1439138587518944,2.061652848991,0.4969106794035813,0.8041095501209881,0.7166672082472871,3.490665472639695e-05,1.763547009740418,1.7635324384136115
0009,34,7,0.7172114776615122,2.2010116328026323,0.28371595708993047,2.5838430877659673,2.548635791278744,0.5757060987935444,0.9988267421157423,0.881477092279069,3.283845376130584e-05,3.67703898422736,3.677030179924979
0009,35,8,0.649234176053854,2.238507075382033,0.46370012471877575,2.642040262314949,2.5560371298780096,0.41347597662072355,0.9334363496028428,0.7626118657278557,0.008793189737065787,0.32060664534662714,0.31822627222259586
0009,36,8,0.6468895052302966,2.2782386812636632,0.47037782651439175,2.798264527137086,2.7076674369379754,0.4586273918452215,0.9327356329035305,0.7452368886688089,0.010641860760581275,0.9776333735422719,0.974615067871603
0009,37,8,0.7033614932059299,2.320412816410468,0.5233945888554415,3.2538272291041115,3.154498301393736,0.5376405255895156,1.0985054976615825,0.8767393335964535,0.0022827201206115895,1.5975123804561062,1.5974497729879704
0009,38,8,0.6357906896700626,2.3656775856738586,0.4835602146461697,3.1043160851724725,2.9827592321936907,0.49595085652355975,1.0257442543610982,0.8049806020580924,0.004895719546371443,0.38517982341401535,0.38459324249836896
0009,39,8,0.6335461227550372,2.4139073029619964,0.4805882360335236,3.2813429071262092,3.1523889398848066,0.4841592945755028,1.0917180546278076,0.9920959952788458,0.04598600954226797,1.0416883256083522,1.0370906056108118
0009,40,10,0.6968028774155822,3.038313994141306,0.2826940537868762,3.961131152569455,3.8212666747793635,0.6164193535312277,1.5011618155864497,1.3739222403452656,0.04346261563060007,0.6726805289794862,0.6712692357747521
0009,41,10,0.6339119608200764,3.109666858267557,0.2620249217299842,3.7378289871480495,3.6106844927399324,0.5296099909514895,1.4012588092664109,1.2518276430845752,0.044257454141181846,0.6838738701263274,0.6710538414096098
0009,42,10,0.631787642045422,3.184130400547427,0.28775572989480047,4.087919266340946,3.954658576226893,0.5079736925725741,1.479223988656178,1.3918989947424325,0.0412564520552338,0.8035890710705381,0.790585026073625
0009,43,10,0.6880267659185003,3.264098691156708,0.3481948692338312,4.880384575344249,4.768231127644214,0.5809136136691877,1.767868221254678,1.5902709459065827,0.0435705314404677,0.48018281436741317,0.4695106006872716
0009,44,10,0.6232175966582088,3.3511923677779096,0.33987571783045173,4.775590608634481,4.67190532701929,0.5455685333805789,1.6502943216897235,1.5391600639527745,0.04476265637857108,0.9752294632952572,0.9681245623215253
0009,45,10,0.6231095478080716,3.4452386384115545,0.3742547851552691,5.146648226924591,5.108008793148797,0.5892730260930414,1.749710702451471,1.6351025919266957,0.006243343399908879,0.3133539272719377,0.3122046147301789
0009,46,9,0.6828844660450873,3.5471040327750933,0.8018905337910751,5.718798674350365,5.488167621433609,0.8210784886088354,1.9123460325177806,1.835112002801325,0.0069226694286597425,4.663895543094177,4.663528468966498
0009,47,9,0.6196794793632817,3.6578063859309413,0.7644013186484615,5.680956427315862,5.480686763231506,0.81723389477369,1.8364193375133484,1.7610462982660686,0.03682171688561428,4.62342127308078,4.618294945072155
0009,48,8,0.6202415412731298,3.7774528248120642,0.7664541426610332,5.544169650482976,5.362851172144055,0.8204214007809134,1.7839204165418834,1.6466537417119256,0.054761482044006826,0.3625934480891401,0.3536968755823407
0009,49,8,0.682361923661559,3.9084649899635715,0.8767467475036348,6.665587617897209,6.4391292338033,0.9349184537985826,2.019893059454795,1.7785382031565116,0.04587220410071124,0.41597262442754745,0.4150692373118392
0009,50,8,0.6212943159957188,4.053287685687822,0.8479485557677527,6.653662930093232,6.415706399921912,0.8585797087820841,1.8368059694507837,1.5139620378236986,0.010437500814545076,6.526828904893502,6.525957060149035
0009,51,7,0.6220000469076189,4.211998097704678,1.2586234180846907,7.59947098599816,7.336176962056329,1.1627204784382439,2.0006569240125445,1.6707825629803987,5.786448778973648e-05,5.936613694934345,5.936599694877865
0009,52,8,0.6847980538626516,7.061809350893925,1.2856696775554464,9.666634592758681,9.33470178669857,1.9583200930007383,4.124601995762352,4.093466588510639,0.043518481525794434,0.6392394585007771,0.6279129769485196
0009,53,7,0.6221981500740842,7.478216789636203,1.8847358355603017,6.199511182753078,5.328022343573068,1.4158247012774214,3.8357451052732743,3.1688196229036896,2.502064223902549e-05,0.28014256347339733,0.2801365806768081
0009,54,7,0.6226436974870919,7.949260349120017,2.383584292543515,7.1444187395602,6.165607800473621,1.7045705376341929,4.243035082672078,3.535594806432358,3.437700560656388e-05,23.362192887443307,23.36218878678292
0009,55,6,0.681061675267955,8.48610024492223,3.338468519797548,9.322422071921622,8.468993615665402,2.3328456333069036,5.643636831041165,5.0932614657413575,2.5399521019044787e-05,8.498807457616737,8.498804864847736
0009,56,7,0.6155412510454574,9.097562287150263,2.3828321646644945,14.093729830542726,12.894401005758779,3.3716483032382825,7.2710916784286335,6.084833094598745,5.235298486503666e-05,0.4289743696925503,0.42896081253094037
0009,57,8,0.612092067994626,9.778043983498499,2.8321371036054352,16.14036723930084,15.429447685153612,3.682634141735913,7.415880899281977,6.397367002326887,0.018475460840910257,0.23940809483147946,0.23767203297705505
0009,58,8,0.666969489579477,10.580104884039486,3.9374915453806083,20.404207792362616,19.58086308155251,4.648953445683368,9.383339666048085,7.990180707253222,0.04427597076859956,0.09562727033129312,0.08730717542896357
0009,59,8,0.6043301765205716,11.531052766661967,4.5657280948593435,21.101435355606508,20.316300249406115,4.740404247465156,9.627836699204108,8.065814568849566,0.013080219955854346,10.082572803996237,10.079280145796721
0009,60,7,0.6045775756291902,6.556909229813077,1.5530853992021865,3.589769302494971,2.5265226563354797,0.6768525422382112,2.2126489491390977,1.7372883070734515,3.811273367787524e-05,1.1112944174678614,1.1112919283058929
0009,61,7,0.6644111374095366,7.380444104955642,2.146019802461622,5.113014698259365,3.466837629530151,0.9896996092749595,2.7339783451478326,2.124992360319114,9.691248674012388e-05,5.298759104829578,5.298753843501422
0009,62,9,0.6065536987939808,8.447406878731185,2.118905739320297,7.933100255844442,6.85433127388162,0.7423182567789997,2.95446959136622,2.671673028257481,0.008837798889457892,23.94824618158455,23.948015534736566
0009,63,11,0.609329065850142,9.880190233196965,2.575765450713928,12.433862925789498,10.894378163406364,0.7857456524165278,3.2994388554234892,3.0625966644619287,0.021497604030232372,22.373594565546423,22.371449250221353
0009,64,10,0.6124629529584016,3.571642568939673,0.35566523159987073,2.439441497420331,2.32687146107366,0.4981603054381346,2.1230152957498123,1.8973179003939327,0.11561337600379265,2.465096902396014,2.4515285171874104
0009,65,10,0.6806867704749401,4.088109050977143,0.7556745040850014,2.807758451701252,2.580806027588752,0.7403841671926759,2.824405348298586,2.6111456742727217,0.13017794882039974,1.9981243685140757,1.9744002572789623
0009,66,9,0.6256228567642519,3.3700279029541846,1.909168787427178,5.262010576082754,4.7879254402155365,1.0380141359018524,3.608747010917946,3.2283428118253994,0.0011632524921032842,2.009066306405705,2.008791954618245
0009,67,9,0.6292454451755236,3.492021126964087,2.1683304199928126,5.8948557903527865,5.257015009687727,1.2255361326429421,4.012898745498934,3.6239799190871738,0.008088638318124211,4.947327127474143,4.94728276072757
0009,68,10,0.6977597998067254,3.6365784911287578,2.6660591230183988,8.174252948442593,7.73230623804807,1.3833382347223158,5.088267790786453,4.6962183877503,0.12356889287298173,2.729567282465126,2.7193483848780575
0009,69,11,0.6393925473505243,7.369387901582062,2.137993757790121,8.440907731005783,8.000486916054573,1.6580500629951476,4.008466976906509,3.319491733345973,0.012912509378419437,12.930694450432009,12.929851700498297
0009,70,11,0.7081942273128125,7.852284011128332,2.9548641259467705,10.907708087157518,10.335380763956557,2.259604736117368,5.034514894333941,4.242300552824847,0.007960121831129695,2.7708467950278135,2.769882707052225
0009,71,12,0.650009157573805,8.403375761724664,2.577682487488162,11.371134087261703,11.08819157086,2.593038284917813,5.134586403210927,4.730159444451211,0.07645299562467,26.235439174782346,26.222699251607263
0009,72,10,0.6554646009304465,9.04032821062207,2.994069207429577,10.844201533950995,10.164924339892023,2.5804219410797855,4.011937738195603,2.6243160917862998,0.02545090705708571,29.638635736785233,29.6356370917213
0009,73,11,0.6637435855138235,9.801190062682348,3.8430440938576207,13.032958630267549,12.310909682505965,3.1553563213806846,5.27965394249103,3.7335553098938425,0.03449938020173484,7.621444376071365,7.600333143120619
0009,74,11,0.7375871572500694,10.702221210023284,5.986344408891894,17.981971378449895,16.879682726578327,4.710204336423683,7.581036189774656,6.148693179394302,0.08415438343060541,1.191173354404616,1.1887217491767275
0009,75,10,0.6783119147499024,6.026178769642878,2.2792415718195627,3.6035719790409297,2.5888140383338403,2.013618649785547,3.622741730362865,2.0133224595615933,0.10986226310354802,8.88254066501724,8.880229986118026
0009,76,10,0.6871025577747977,6.311537411698639,2.331785330691435,4.324767553778904,2.8998416902382225,2.042510335215508,4.487237909467904,3.0904941269464996,0.05825994036983839,1.3135160260348895,1.3041112307404459
0009,77,9,0.7652414109278194,6.683008800627455,2.47907712594048,6.174773279495598,5.233533064356014,1.1127831728116828,2.3149056298254083,1.607701689489716,0.00045585864701481674,3.3452035959368733,3.345153423835631
0009,78,9,0.7036266653274975,7.09536306817984,2.411906907476977,5.785543675655725,4.4576361687612405,1.6000675801522524,2.5936178078952055,1.7564638270388362,0.007764567393063971,2.122683080483529,2.12259072619657
0009,79,9,0.7137986710691843,7.564694552219187,2.9619426673802973,6.692141032128458,5.223312277529861,1.761585157179078,3.0567106813470537,2.1664965058082943,0.0029521415275351372,0.27230397455538385,0.2722969503482442
0009,80,9,0.7961955989167159,8.103687303784104,4.010406399114007,8.703730549589867,7.194375703424777,2.181330498862732,4.251614339137825,3.186117363263527,0.017638629527027327,1.0497172119953213,1.0438518964604298
0009,81,10,0.7336014562206932,8.804874630949996,3.9306481789156873,10.388685917416245,9.468239419460712,2.2695676494225507,5.017534426200713,4.228870216589746,0.03440093004061327,2.3927671507369337,2.378247459727237
0009,82,10,0.7429761225649304,9.65623081748311,5.216832043111976,12.630323472328213,11.55275025130285,2.7425729072399845,6.606711466946599,5.728761792206579,0.05166121703474448,1.5768105261994325,1.574380397598778
0009,83,10,0.8249600724279618,10.693309325420259,7.88623722961831,17.424925767659378,16.240072616869263,3.700771426696646,9.692210634670419,8.61158769627788,0.04781465070687537,3.2145145246393163,3.2086588140759686
0009,84,7,0.7553455461066623,2.774230968588841,1.6975395193787937,4.102828417859643,3.319861682456159,1.460063303861158,2.4496406759569496,1.6445905761408721,2.411993909026636e-05,1.392964598364589,1.3929507187338315
0009,85,8,0.7595035435440016,3.243519742292472,2.3146923287759598,5.028371628671976,4.424004719008694,1.9612459398127278,3.3224833692736495,2.590857060121495,0.01077827215499547,0.7523750826158299,0.751652777874324
0009,86,8,0.8464728840655744,3.411341858807154,3.06154494266036,6.8885550888796985,6.145302659328032,2.619263099876142,4.270634870590547,3.283865914861228,0.0017319586102285188,2.9950763341400486,2.995032163267813
0009,87,8,0.7698574654092293,3.6064469080641675,3.3308975316216127,7.209921873636591,6.39695333401929,2.7834889665215905,4.428635323860239,3.3048097153753178,0.018520646624709116,0.337100569940616,0.33123144715861425
0009,88,9,0.7683961761786835,8.355970894208115,3.4451233081326587,8.72763317524645,8.047499891639958,4.258750074028247,6.123764601725616,5.567288368242892,0.0043670129255979975,0.8437546654122364,0.8432543542833199
0009,89,8,0.8477748410479645,4.096893329843855,5.526221655347834,11.687766544386712,10.43359858400908,4.332277960684297,6.637202361719408,4.619945374413276,0.007628031419656133,0.9906399342129336,0.9905466040760992
0009,90,8,0.7702064790969012,4.412694870221984,6.192815000777689,12.648264978309264,11.275603941587391,4.658693393829226,7.088359340467242,4.862413393243905,0.004165123826588275,4.607054992771426,4.607006084625685
0009,91,8,0.8467546856442911,4.801178253800464,8.962901435513325,17.822597103304293,15.908343290661007,6.382615412481943,9.650984841531557,6.5221983381267385,0.07680594249125469,0.39625925158392744,0.39289958506971817
0009,92,8,0.7663946888291595,5.236984217512912,4.2281492295312395,9.517800086271063,8.865302102931013,3.9190019325544982,8.915599369454332,8.39323557962209,0.022359638022881684,5.214586817751858,5.2096645386491
0009,93,9,0.8743999185196162,5.6250393649165815,5.225584405154753,11.987500549099012,11.681139571956555,4.9934885809322616,11.039098555267314,10.789087235167537,0.021253775933706098,27.582981589320383,27.579005363632294
0009,94,9,0.8743999217292501,6.116248551450252,6.468357843612729,13.15951401631028,12.58943295262989,5.7901436579388825,11.970863400551284,10.944080593066854,0.06875258758530502,3.2901622123542476,3.257882372081098
0009,95,9,0.6021021863283333,6.60646872515142,5.231102719610934,9.314548047086664,8.275683291752207,4.284594850817579,8.878691588066117,7.632827958734982,0.020836216685433492,25.1799262211913,25.175262250458722
0009,96,9,0.7522392045585505,7.239572063721436,6.908413085202524,12.688100504764027,10.117680331679969,6.344760204627301,12.773005998813497,10.148615981356372,0.025673853433433095,36.86086847012598,36.851139317218234
0009,97,9,0.7484820697726389,8.00806555916167,8.71403000937059,20.996676808540887,17.007745399689544,8.007504523765105,17.00903934608658,14.066312158035064,0.021444800612192217,37.290462954064814,37.285962809859704
0009,98,8,0.8198530949964442,7.871394491614206,7.047612661304909,21.52744983174636,19.8056447814937,4.646042945447748,8.205608258717929,7.6019426158269106,0.007498112866459739,1.8685526432340132,1.866931413766901
0009,99,8,0.7399140202775796,8.761379665750217,8.252891672183404,22.625523257201216,21.218333695616185,5.804526208790396,8.718783310226984,8.552523304949585,0.01139113044292397,1.056236797913254,1.054648933633975
0009,100,7,0.7372467644390792,4.708330881474654,3.0085283043410334,5.770455108711151,5.1475900689431295,1.1063727010986175,4.65072004888754,4.1195409582226485,4.383880916928517e-05,7.6743063542591505,7.674296791591325
0009,101,7,0.8082413791854639,5.007566130003567,3.605327423369193,7.2289626286078175,6.779473541433711,1.2922245762576374,5.746449842727272,5.092966222137646,3.2621674929679147e-05,1.804437583585071,1.8044293481617346
0009,102,7,0.7317466526867317,5.350398581899269,3.5604133612049043,7.18126751374819,6.9442155421869876,1.4917715315519706,5.708257213505195,4.961420561606978,2.4374419938321107e-05,1.304152285299459,1.3041457763837851
0009,103,8,0.7336630167584355,5.747105222954076,4.000550608687941,8.587385631431987,8.175105771897934,1.750149899637938,7.08733190188189,6.127794626123127,0.004776913108608362,0.7544678494335977,0.7527600885897447
0009,104,8,0.8058326129318228,6.196142753495101,5.200022991340891,10.724847993834098,9.583296938915073,2.2697679290755692,8.816085277152501,7.648817762916583,0.0049594603622317,1.2625159486926145,1.2613884894970369
0009,105,8,0.72701281100168,6.73456273754492,5.585165568648147,11.439297708652983,9.955669171064132,2.6477128256547893,9.295508962651649,7.983489288477941,0.06970855589705205,1.0811775672728374,1.071547197811741
0009,106,8,0.7199603637593607,7.38113071321747,6.336420478975768,13.766922698466484,12.159485179904197,3.493918434435951,11.140439065355126,9.350759946802617,0.12832810063457112,0.8213063052319972,0.7776022105665775
0009,107,8,0.7893153240244262,8.166967691737957,8.103817817127263,18.793676048277305,16.86291548432765,5.158608977676484,15.151456097612462,12.599434114227144,0.13239360978451345,1.1392392182711812,1.0850643746361992
0009,108,7,0.7138166159541746,9.150322891537042,9.201610711475588,20.989274939340508,13.189479470324502,6.813710715282073,17.27131212385047,13.882819932927314,4.1022508339576e-05,2.0621094678907212,2.0621083665993187
0009,109,6,0.710873325110165,5.701644432676579,4.361740041854394,11.898406663275333,9.793442309401179,4.260101764540137,7.6114672173622,5.140296252639038,8.189463585920863e-06,2.0736735147254803,2.0736680054384076
0009,110,7,0.7785501290335417,6.157805332057305,4.9106059858878455,16.18788701194385,13.808753174239234,5.151454395071674,10.017690240373124,9.28266528389383,1.878740990915527e-05,0.9962684702171704,0.9962657452974214
0009,111,7,0.7022111019499245,6.698273091948009,5.500172052658656,17.28084504325152,15.18630085043214,5.732786804947715,10.546164844340588,9.60116998605187,7.402277825878812e-05,2.5782314914175495,2.578217548442493
0009,112,7,0.6938540838489635,7.348801309826964,7.178360359055347,20.92416868555887,18.49664513078971,6.8142540143213015,12.61910311385321,11.212469451512362,5.369750380346911e-05,12.046513331667665,12.046507195849745
0009,113,6,0.7635884112727943,7.37069322157182,4.9617766367159,12.435309763509515,9.825637485386245,4.13059964579232,6.721040623669696,5.232550826967017,3.7278530038371e-05,1.088160465851562,1.0881407790480273
0009,114,6,0.6857148662580929,8.116812183282038,5.185508570828386,13.89752709163624,10.112687419060878,4.29307050127785,7.336066733231611,5.753102860159487,1.9878754333125266e-05,0.8257756008653705,0.8257722341610982
0009,117,5,0.6494122201829683,6.578585623986853,4.5488712515615894,16.675239114568484,14.023227589943314,2.8841842286483557,5.176826373726953,3.705109198130823,3.129705979269715e-05,0.6850015294245843,0.6849821533043664
0009,125,5,0.5796150919116966,7.31137624580651,7.875125912800843,10.40550506071151,8.061053605672392,3.8235548748081927,8.168073943565394,7.176005305654602,2.1576792966046963e-05,0.978284304843893,0.9782772537205249
0009,126,6,0.5755960908960206,7.895792948267087,8.043214066186676,14.182435793615895,10.376729972217976,7.844990842945071,10.487297584207392,8.34920906539746,3.538127652739681e-05,1.0018305084437342,1.0018240049636256
0009,127,5,0.6317928814459155,7.579902361907427,9.835439130068117,13.4837258836094,12.7688424384597,6.477666180526028,10.484084656499048,9.540682525321493,2.110245957423207e-05,1.0217567084404793,1.0217505478387068
0009,128,5,0.573899492845355,4.952126037450681,6.061145521794495,10.149641695237925,8.642122070960452,5.142593382582119,10.799051767699188,9.890539922392716,3.197291118375445e-05,0.2581761273291773,0.2581647525139871
0009,129,5,0.5708100932477781,5.375605013518515,6.802597611161932,11.893915373522068,10.693822517125133,5.747349944179187,12.508503682230796,11.446846110665,2.612022307816864e-05,0.24215010358486821,0.24214499381488805
0009,130,5,0.6258801539649338,5.881192906598816,8.290271833237963,15.12087164024357,14.301973528433301,6.847091369428011,16.026661421221363,14.23822658975867,4.669631416468159e-05,2.5375540707387163,2.53753165756728
0009,131,5,0.5669032648036797,6.472950697758494,7.967021073991144,15.664857120957334,15.362649023684448,6.729614169272098,16.660728637553092,15.09069209428483,2.100378981318764e-05,0.05876234762727969,0.058750549360238345
0009,142,5,0.5807029682634242,3.04645389590067,3.3889483602075927,8.222187383014328,6.202663507520564,3.213205293195423,8.139195822992502,6.672167636197704,2.5767109961445513e-05,6.751179268145172,6.751167037161293
0009,143,5,0.5867300486050351,3.1622933959868034,4.453692243301392,8.50623301154062,6.238243734475976,3.4993621826751085,8.910257549483605,7.29203658304165,1.576427302585541e-05,4.675430264142523,4.675422871806509
0009,144,5,0.650134339776015,3.424658170045844,6.55634804570681,11.589390153639835,9.856300497259435,4.008543042415953,11.121099105722383,9.488975108194422,2.0996610688099153e-05,0.05628864721808456,0.056277928251994604
0009,145,5,0.5975157425710853,3.7484108661878515,7.692985037935218,13.026389335865828,10.339741248666222,4.01647934570698,11.504227188771008,9.99045626821642,2.7820345196916236e-05,0.07224305303023655,0.07223429340251165
0009,151,5,0.6335584446419018,3.4730604956223874,1.879313323239593,2.715841306515671,2.168431172977529,1.2280905651389904,2.0177275166523274,1.675406915125469,1.5882547665114422e-05,0.12812182661500987,0.12810816309707707
0009,152,5,0.6422426534157369,3.631293212222592,1.9226859646933336,3.1664083163640306,2.5337340584805195,1.2651311860787384,2.266637496813352,1.8327651919270753,1.3589943252334635e-05,0.6740840800348227,0.6740792190217887
0009,153,5,0.7151615486588605,3.833554173507911,2.414716937093085,4.228703892074387,3.2321472690690056,1.6442072918828443,2.694013430333903,2.1113594099484807,2.059581955842713e-05,0.3623566057830348,0.36234375823552467
0009,154,6,0.6637785649477995,5.03136446001907,2.3740706313785114,4.649304056659153,3.737703724686806,1.8721164131567953,3.6391194873194523,2.7197064062420115,2.34213990391738e-05,0.1349354940903837,0.13493416096263447
0009,155,7,0.6747478989680419,5.376825826086684,2.8814256738566546,5.103825950079574,3.4766756525989067,2.168208407944297,3.782106586395302,3.4714358442453257,4.120253443640884e-05,1.5493669825968626,1.549358559095576
0009,156,7,0.7528603221638781,5.751259913182138,3.734553199280487,6.484140344289298,4.480047835761685,2.7268518931193744,4.853358267283563,4.490963498671661,4.640386305693561e-05,0.2834413789148516,0.2834333197341301
0009,157,8,0.6942576972259424,6.174034524923392,4.311035494504964,7.82042377864704,6.921410145810823,2.9068740951393135,5.406714508655573,4.929804291187931,0.009988856585252741,2.296124941286403,2.2954645408433483
0009,158,7,0.6987012621076488,6.707736142666046,4.608803627888388,8.356737520935269,6.177624670734451,3.177021525450905,6.446575412139306,6.0442096270690495,1.312017183187531e-05,6.447258311037733,6.4472484132143695
0009,159,7,0.707932035096948,7.350155309711804,5.845915060631247,10.513576628297118,7.995665877687461,3.7129262644257697,7.689649556939711,7.194839588652031,2.2801124739224176e-05,5.849917684461334,5.849903726280024
0009,160,6,0.7867759184002403,4.146933773650302,2.373990507574632,3.590150324736756,2.9635719208002644,1.5888024343989706,2.4259618643464784,1.8227793277159372,3.162749269920089e-05,0.26380701374024734,0.26379797547316186
0009,161,6,0.8689082235891534,4.358641379527905,3.0733214507857265,4.651182681245509,3.973858870053439,1.9832972741975359,3.1387474042411,2.42702982370762,2.3592753630122013e-05,0.1753473185999075,0.1753399050597111
0009,162,6,0.5880870344289207,4.600931719529904,2.248588500537963,3.4213974439453967,2.9300961260926783,1.4411964397735333,2.3321821501681086,1.8240169312591323,2.7321167844498897e-05,1.5642286276772128,1.5642126756834434
0009,163,7,0.8149008270965461,4.876881957139201,3.0944022564298934,7.043522809220006,6.098738997142917,2.7752108620281457,3.098865692472417,2.2652640919148093,2.7272989398712707e-05,0.7578682142045753,0.7578615515943131
0009,164,7,0.7477970298379708,5.199426734038519,3.6129378574493067,7.587470204755624,6.606032948284517,2.975874823786381,3.497994721383515,2.5679694379806133,3.663002161143701e-05,1.2861709360148859,1.2861644742846443
0009,165,7,0.8328607019187191,5.638536138799929,5.43494096870386,10.449721815733751,9.17766563600102,4.030604683492433,5.212462394980365,3.806816979101752,5.5172544680313906e-05,0.8806826372540514,0.8806670390829856
0009,166,8,0.769380668747183,6.178907903190619,5.109311278678821,15.088801964995886,13.49092411935206,4.491259277059609,6.280199133314731,3.5811274204258328,0.054574339998610374,1.1812740695904975,1.1692555949651076
0009,167,8,0.7781187703858556,6.856694418962908,6.823510933027599,20.03274095279664,18.015455381634517,5.780000134846594,8.046739357479929,4.007808517238568,0.07014873046338183,2.597197177386811,2.5780993243715935
0009,168,7,0.789539718654589,4.179422340832912,3.4830767598878953,5.225144019859569,4.398630655551857,2.4619442843889585,4.73530106857302,4.204432165136041,3.642922448424816e-05,2.7482212657944634,2.748211944838517
0009,169,7,0.8024356825949259,4.535895796897232,4.580886378201047,6.722172575579504,5.9423357240536605,2.9477653038352916,6.045773123443392,4.791865387859804,6.905788040852091e-05,311.7004021345745,311.70039326607633
0009,170,8,0.8024310892024351,4.9704015834252235,4.4703892910953655,9.008357508049757,7.866623735156608,3.6530342411403858,7.894398952091864,5.295671016337652,0.050194125136420076,2.0488994814326174,2.0216373490148043
0009,171,8,0.8024264966494988,5.520815144822435,5.67675567006156,11.864534801373145,10.74648321178308,4.747168120372989,10.223728413414888,6.47915572025993,0.015796159168257412,1.9839508624946665,1.9837482058743199
0009,172,8,0.9694020579859417,5.036870908449353,7.826189641166074,11.59344909015362,7.736496038181949,7.615332776682338,8.719601584351143,5.105837572116196,0.024226439426634723,2.6767097458134135,2.673092261888909
0009,173,8,0.8065125872978699,5.527359320137186,8.130926650100125,11.506327476559358,7.6688832642095255,7.6405010581675565,9.062127130356512,5.489214233364272,0.004581475303486012,2.0266999309606706,2.0264884032493495
0009,174,7,0.8042701329961929,5.464200331719608,6.5415806389102125,13.502142839172684,11.480679800364088,5.010304760027631,7.938745476286699,7.306158342243193,3.981034457886154e-05,0.7787416557591651,0.7787335864443671
0009,175,6,0.882489668206004,3.1898841432609566,2.986116104653884,3.631708334351947,1.0214382027047209,2.7150010725202383,3.4107498814716704,1.0001315319847826,2.5998317859717325e-05,3.917609955564455,3.9176006531017116
0009,176,6,0.7957520933740363,3.3639837681332265,3.1618053896812026,3.9431867553477398,1.4073409858794208,2.8078497777947726,3.68103749980055,1.169864886441509,3.5642097694695536e-05,0.4631516185242663,0.4631485085683008
0009,177,6,0.7927515444028328,3.568528854530419,3.8584882100579874,4.858015405328604,2.1122476382353783,3.2483555563431583,4.482433623140345,1.5147562888027113,3.5497925532020086e-05,0.9107327932971734,0.9107238415880338
0009,178,6,0.7874550707980174,3.813320999726378,4.767826565176618,6.078326794550895,3.1238843294308483,3.8586478666720634,5.546481110882026,2.0773847629146,3.846284856818758e-05,0.3772797976026733,0.37727084985499815
0009,179,7,1.015475196561033,4.108886901043727,8.058554666419655,11.122262096436653,8.570307842646683,7.425977480203475,10.245406989462309,6.564569869639973,2.4875937935395483e-05,0.841365200192142,0.8413567901852369
0009,180,7,0.6241970751410387,4.476568347423433,5.648163854283331,8.23973022008589,6.568999173753463,5.126759472511393,7.5103200455425805,4.885538015294341,3.673097426500535e-05,0.9543984868945273,0.9543959701811142
0009,181,8,0.8545954595924552,5.42001129361378,14.128509264473909,24.577287826186247,21.95560129489657,13.3634898101797,22.689625176197374,20.299829244121316,0.004474478390085707,3.6652300223544283,3.6651298225875633
0009,182,8,0.7727969272441986,5.452092103629468,4.550878408168362,30.51542328062285,29.210722759238354,3.793007162676278,6.262743831862842,4.973343931794167,0.010256019515995482,1.985907035533004,1.9856532752224827
0009,183,7,0.7687296861002609,2.7957879066652236,3.5555785130879416,7.0438497238034525,4.927013710646597,3.241641063098238,5.718856293746218,4.129058394982494,4.6146098648644146e-05,4.255977291855729,4.255963722897676
0009,184,7,0.8431778615908047,2.934520755968513,4.494509638624401,8.627044560100986,5.835238918622574,4.393067442733289,7.30945934101017,5.225495297163838,2.460309679069293e-05,2.7395585260657556,2.7395517312543185
0009,185,7,0.7633537170993336,3.0947862934245327,4.698283397758557,8.733880306955987,5.763608834501019,4.734525603959915,7.554163404900424,5.311393032002771,2.5314307429511944e-05,5.18773292371775,5.187723740435132
0009,186,7,0.7593529646356899,3.27368677465052,5.523601206242769,9.928332841559225,6.43411123097578,5.694764888952616,8.719848601920143,6.022052166355827,1.1838740497338456e-05,4.878362977934263,4.8783564807645226
0009,187,7,0.8265265905610231,3.4883229992386187,7.250182880843502,12.569952571622682,8.389626420797287,7.355803762128823,11.28749765167599,7.947523503379183,3.639598195921354e-05,2.7328615535006255,2.732855847445841
0009,188,7,0.7456972591078228,3.7446855282193177,7.836886985054476,12.622521863952704,8.596118599003491,7.775012117425566,11.82604287295622,8.578925675515471,5.937618230021228e-05,1.268681656111057,1.2686645035293167
0009,189,7,0.7447972166551483,4.056298912505183,10.403482485397465,14.318606860778576,10.040451137557064,9.489097344791471,13.960591766207461,10.477268905745655,2.4315342640750578e-05,2.1800021896162907,2.179994438225995
0009,190,7,0.8179347341961613,4.443109655785645,15.693606176908824,18.06476869091328,13.034370702604392,12.585365844969157,18.591061051568104,14.024333878162938,6.836600370743807e-05,5.892479263095634,5.892442139221498
0009,191,6,0.7400547115775947,4.155881131688126,7.114799331715067,23.678643857923152,21.553159330722075,2.992794877492835,6.18852673249788,5.385192452323234,6.743745627091223e-05,7.063763124396205,7.063745312212139
0009,192,6,0.7372507021625068,4.561070366118273,8.904139254007301,29.276761431281667,27.36149376055395,3.2775328621791626,7.410882719045705,6.46585209006245,4.7490937673872e-05,2.8506592875717653,2.850653488695323
0009,193,5,0.809716700845246,2.5223152620602263,4.6400883429132085,10.462618233171977,6.9093056443648955,3.7841904632148604,6.8081597494493025,5.963170842962588,2.9522104067497285e-05,0.38229906832475863,0.3822891963313535
0009,194,5,0.7361371825760987,2.646897304753856,4.687490951861424,10.840327629861179,7.043596137239922,3.9760731895612555,7.299452607409049,6.465113187590867,2.0652415053171836e-05,0.7530935808894977,0.7530886361457321
0009,195,5,0.7371461384299087,2.7802677649966974,5.632709667718293,12.657965892260732,8.077675529747676,4.677960471459875,8.79866576007716,7.7451599986758985,3.3557542885284616e-05,1.7615065544157302,1.7614930354530882
0009,196,6,0.8108425913362887,5.149432464812078,7.2116686912691,16.060985120540593,12.701485836226093,8.075315116229405,9.867922894579728,5.193182571558192,2.6829360215948944e-05,2.9578284245890147,2.957815912075119
0009,197,6,0.7427484219228406,5.542280172803437,8.1445907902771,16.64389277976102,12.437094952766738,9.753128045591144,10.57798374152641,4.686663537388505,2.2342628804951397e-05,0.5170411431590143,0.5170374615619373
0009,198,7,0.7429131877789602,6.016748978050592,9.194488544157753,19.448524807472943,17.210810272089283,10.412831748683528,13.157144481477225,11.396924315725602,5.008346241271237e-05,18.31576148880938,18.315755315414965
0009,199,7,0.8157467268256049,6.616679404180976,12.803088827319089,24.91621642812761,21.916112058568842,13.90288215032402,18.899458116383634,16.845491399518874,5.35073353313539e-05,41.643925608498186,41.643918457428796
0009,200,5,0.7441291696109005,2.508437709339951,0.7146381214089724,1.0121320297288567,0.731574475432513,0.40447018690044645,0.8786208478196125,0.7927544944782594,3.1110570809574566e-05,0.2943850573992964,0.29437970849431305
0009,201,6,0.7453390856643863,4.063693559756552,2.5691606849900825,10.513962650192122,9.152310419957978,1.8338753357244384,3.4684746850800634,3.0176294116297924,3.988455188214742e-05,1.0554585721612342,1.0554520129268945
0009,202,6,0.8233067242642083,4.305281070645891,3.2015296333050776,13.532078070313215,11.737183638956154,2.329020685354829,4.481078198055039,3.710818182256835,3.307961365921036e-05,2.3028423260949404,2.302832902486574
0009,203,7,0.748219105314649,4.583340418106384,2.9995629145686182,15.188586354243121,13.510903332076799,2.2687681059195697,5.317355209208651,4.920382751582567,4.493564183504307e-05,6.052811874549181,6.0528053097201795
0009,204,7,0.7498847848500133,4.904950078828227,3.4787421723813745,18.032222946082843,15.841640916645327,2.787849423845854,6.678662435021213,6.276697696340006,8.528024432659906e-05,2.179514500900202,2.179493308457667
0009,205,6,0.8248026006497303,5.311726451934241,5.312989875323481,22.1180457853882,19.216519669706763,3.9192027379257723,7.624483544374343,5.998325785044168,4.524262967139531e-05,0.740786967218099,0.7407826104549192
0009,206,6,0.7531996124910493,5.805123410090717,6.056958304809809,24.52181414847772,21.53715448048823,4.195713789957019,8.26114998615586,6.394102824449432,2.3149032326650276e-05,21.981032638609236,21.981026074687488
0009,207,7,0.7576169533546825,6.427764609718997,5.502616653367211,31.78549530715198,29.60902187337065,5.037576538243117,11.96926197757155,9.439872752943607,2.9567761542656914e-05,0.9766518454582135,0.9766489542683042
0009,208,6,0.8389649255624878,3.8174993697448,4.521313308131781,12.238763817863466,9.624384794254464,5.071689648844191,7.7665497747304535,6.824462716861068,5.4165841614479036e-05,78.46558727004188,78.46557703508383
0009,209,8,0.7688536814231853,5.639330889672726,4.339479227475854,14.094024547884818,11.899641674384508,3.564161833433739,8.197997966855098,6.938464281506135,0.020327652916833694,3.8251636850462516,3.8224957582519847
0009,210,8,0.9271111646807605,6.10733038979939,6.2766088086141405,20.37065089487487,16.93820655935386,5.237850676054974,11.890841833406494,10.072216456408436,0.02107525025229015,32.28874700390863,32.28860489907661
0009,211,8,0.4644480698764031,6.606674975463042,3.462954839384252,11.054367127712029,9.118973627565254,3.155885680213767,6.854528517863716,5.881237792213679,0.056499141320574556,1.824683212216169,1.8163765205154552
0009,212,6,1.006439312886895,5.003660104642901,10.609042135742165,33.534870185513775,28.021826284922057,1.8720017357398593,2.231590927551057,1.7680115317278924,2.739506081401604e-05,1.1917823430615329,1.1917736988318786
0009,213,7,0.7728321924192615,5.562271388613354,10.680730527070533,33.57216012352474,28.74770039853048,1.5645026655353798,3.617841769258238,3.229900835877215,5.368827201194646e-05,1.921535382270463,1.921531392329674
0009,214,5,0.851515822279376,1.5721007919186485,0.566985110247551,1.166130507175561,1.0342910683794186,0.5294065624572427,0.8760862171992495,0.6379344351421292,1.4974664601415399e-05,1.2162256036680483,1.2162243162410762
0009,215,7,0.7749831061725311,3.2866319869995295,1.1280916200512021,3.4072083114210883,2.9070417718370356,1.3549210997661119,2.5803073055978576,2.27144595098644,2.7308219692579047e-05,5.891752013665761,5.891747623797101
0009,216,7,0.776375995832582,2.3626081649444863,3.7068813548174133,5.837858971787654,4.943117290268424,3.8503937012174556,4.738693075068118,4.41049814973686,1.5499079921452064e-05,1.672561297239651,1.6725593618467605
0009,217,8,0.8619826397168067,2.447060056252944,4.719289025762224,10.167954796838028,9.195474177171729,4.552927681448528,7.8906329568250095,7.113886833367475,0.018600789015057226,6.903727157409193,6.903167456734465
0009,218,8,0.7870194435462625,2.5433935461613917,5.105897627834613,10.835322116739706,9.79450073445321,4.9336434372003275,7.510695929179971,6.652594916982734,0.2962629685271597,10.438168627530375,10.397218063725038
0009,219,7,0.7908411479428846,2.608581829051766,1.9989031658550525,6.807662543906334,5.907266950209225,1.1350419366404374,2.4089333329498714,2.077747770955217,1.6861151960032038e-05,1.2342326620887574,1.234220468425396
0009,220,7,0.8632169727071043,2.7469819711732777,2.6356042623169373,9.172994730013961,7.89203136294063,1.2591085425747903,2.8183147627769682,2.3072356126495777,7.094291093363672e-05,0.44798902361620707,0.4479813865664038
0009,221,8,0.7833522265456078,4.622296844019218,2.47780691785732,9.95846839576043,8.822456366227573,2.391709264415198,5.892327606981964,5.756855435062614,0.06170237336889561,0.7272163622210861,0.6890553941885383
0009,222,7,0.7835773274025314,3.1081382974146705,3.445724404002883,12.500063243886947,10.494984965672975,1.827162368084429,3.8517857790384062,3.227613446803522,4.4237123659026016e-05,7.636602372015423,7.636587710075776
0009,223,7,0.8628827222416139,3.3495435109111362,4.896225267682183,17.892566346857237,14.838584581497845,2.5354366342910386,5.784496150085581,5.24878020343068,0.00010682158326931487,0.35389517065868004,0.35389241970219215
0009,224,6,0.706802623755324,1.9700477372918332,1.6105122528333573,3.6898786268061547,3.072577344613541,0.9485583618426382,2.795582168536377,2.3268419517223298,2.341297004853572e-05,37.23975115883095,37.23973606086043
0009,225,6,0.8641073558820886,2.039553143297492,2.2905052688253837,5.491582055077334,4.540067947687595,1.386981030783906,4.055272744774283,3.3696507793913772,6.316470762731438e-05,0.4634078120875776,0.4633974655340996
0009,226,6,0.7063205973135323,2.1202440198255212,2.1576139462245756,5.22627778003781,4.271838323752994,1.3328592716894472,3.8197972038215355,3.190828576952469,5.701850321360565e-05,0.4952691721730257,0.49525753423581603
0009,227,6,0.9389805617034386,2.2134737851840596,3.467078943667885,8.740118742040181,7.067925887868143,2.283588442496325,6.237196495677642,5.222627760277405,9.799311766336478e-05,16.708811041278565,16.708801184369005
0009,228,5,0.7799848481453776,2.3244104327604163,3.382395141470032,8.732248716287618,7.75191706936648,1.7914063327419107,3.861672776155879,3.3095128678716854,2.7726136721266556e-05,52.24630996507223,52.24629788061568
0009,229,6,0.8558176959099217,2.491577655431546,4.870773757483293,12.75323257596363,11.17543263859205,3.93344512760446,8.176873198538276,5.72828633073839,5.049481517869765e-05,8.665914832855007,8.665897488270867
0009,230,6,0.7758596275703048,2.6615821164073794,5.414428968828899,14.80246265965338,13.298591661144034,4.360842937236155,8.847096813004264,6.1842731102220725,7.24823435705857e-05,56.29576794927829,56.29576301078705
0009,231,6,0.7741015154506335,4.9722275318892395,1.788057253696171,6.520672275531526,5.672877305432598,2.21398724905016,5.932463758956938,5.289796222274061,3.310106646920946e-05,10.791097657732744,10.791091997632488
0009,232,5,0.7700584527800567,4.786807478687504,2.2672357730977875,3.721068088435193,3.4876572400101016,1.016700284682164,3.208665150567142,2.617283258823568,3.010068594512893e-05,7.832943267209169,7.8329351085688685
0009,233,5,0.8404819214177437,5.068784783386232,3.00020677182556,4.908086214162124,4.083974747189415,1.135825984469748,4.124402892445893,3.459225658382519,4.5662979045145544e-05,7.826625994540343,7.826615223874635
0009,236,5,0.8286580745580024,6.240749921007703,3.878490824931246,9.984046831559915,9.505957228280577,2.1531126724027385,3.2792579591440916,1.628087445059406,3.212084784556341e-05,1.2353049137568934,1.2352952115587694
0009,237,6,0.7524246722552268,6.783679004348738,3.4087290296116652,12.527774679350602,11.966823560239023,3.094925115648039,3.738499754532387,2.3478806873091433,2.0919231966139955e-05,11.137342044192453,11.137334601546806
0009,238,6,0.7518123947742661,7.456397663383453,4.576402749772741,16.65478227559808,15.626693704648877,3.8191409673599495,4.587822485313244,2.5496206455024,3.750934694451918e-05,5.180664030573189,5.180648945807036
0009,239,5,0.7487320539368003,3.6464564248166913,2.559815953393983,14.164920484713054,12.773406233461895,5.199978163777963,7.530866633894006,4.240720460916074,1.708206562851994e-05,0.7872361601487718,0.7872302822661665
0009,243,5,0.7373826245394607,2.1501528362778135,8.476234279275783,9.782136349692772,5.991269063610444,7.776705412137139,9.383424444546131,5.812493182900358,3.197418543450249e-05,20.50285001263861,20.502845251175888
0009,244,6,0.7627507942584605,3.1724313871187606,8.788123292804205,13.209049336080813,9.835923873607245,8.7060813370834,12.544226063326722,9.772642840841993,5.582647352008721e-05,1.048540726881012,1.0485383670064543
0009,245,5,0.7626418736882523,2.831500582802736,5.795893605241086,15.596560622100386,13.96392485584212,1.693014495207859,3.1279229167647977,1.658595500124427,4.7583629553168435e-05,0.9158398649451063,0.9158294153852431
0009,249,5,0.7092948321238207,2.129545825682307,1.94967925825238,7.3756163727102555,5.777084219802985,3.793283970762519,4.452554248501562,2.6047405761616496,1.6898466732641085e-05,0.9136578199558688,0.913650753791343
0009,250,5,0.7747799760488986,2.2520828893753593,2.634914854887252,10.477443671291624,8.606137313630384,5.076491733524107,6.327635459352357,3.695670023945445,4.0107432147337453e-05,5.049302555117553,5.049279641925625
0009,251,5,0.6984042099561126,2.3990009142625675,2.8865363082970132,12.195771966011888,10.553465692533496,5.579642302894502,7.317489053462526,4.2752493928184325,2.9116096843158554e-05,0.30329438540992704,0.30328713375217475
0009,252,5,0.6917635823734781,1.6819205138088766,3.85409188418888,4.886741744454958,3.06764085446277,2.9983083958157284,4.668734826088017,2.1383500627280614,1.4256742869193618e-05,3.5086627468336884,3.508657899078554
0009,253,5,0.6864091163991234,1.7169766937431203,4.560878969449566,5.862449658157552,3.8510760729848816,3.47066541232786,5.629692604418671,2.560390025825807,3.0916511578677525e-05,0.9343109947150842,0.9342933144996425
0009,644,7,1.3153804721245423,2.0730445162096474,1.952659583396295,3.499580715691127,2.7610765406177284,0.36850482253845634,0.9583648610114786,0.9441849983841903,4.788498736729981e-05,3.9458113850850065,3.9458052455185957
0009,645,7,1.199786868166574,2.113970624095445,1.9768665440943787,3.5379575888964885,2.8200122968258707,0.38279466728642636,0.8106198074722338,0.7863330099061382,1.6022292252200505e-05,1.0645098838704368,1.0645048868829352
0009,646,7,1.200640470441235,2.1584251788710906,2.173549657971881,3.90367027027826,3.1583038793249756,0.5501550788258105,0.8698532764134504,0.860645987906137,2.0759662633139317e-05,14.234250327763334,14.234245980757082
0009,647,7,1.3218003070545814,2.212706742025914,2.6689476324465295,4.8134655425264725,3.9788684214822863,0.3893041243536076,1.2884335744678592,1.2866976496327824,1.537244522250504e-05,3.7121319032031073,3.712126948832703
0009,648,7,1.2010417292780013,2.2746524819767626,2.7012706158306483,4.8935462151666425,4.104180786042427,0.42476557304993845,1.3299897513968006,1.3114068496789824,1.621477284569238e-05,4.741574411015359,4.741565272164083
0009,649,6,1.2002268168112167,1.936741691169896,2.042251123365114,3.624944870256465,3.576600217569712,0.6095526271406034,0.844290134522117,0.8285837618007648,1.440758422379342e-05,4.305477808897647,4.305475657540696
0009,650,6,1.3125056235734123,1.9789854170752788,2.578352823000933,4.515739880425119,4.396909910508018,0.37353362446975835,0.7593702614970093,0.7238975649435883,1.7862183455962318e-05,0.4050389231419533,0.4050340800758354
0009,651,6,1.1907332660681833,2.0251665127110985,2.6397228918730846,4.5411805078725935,4.355959518883302,0.47002944983036665,0.5773043479833735,0.5324464443393123,1.3667100741493752e-05,0.12367024098011124,0.12366592946333615
0009,652,6,1.187021542038597,2.0758623239428364,2.992623689477384,5.049628161449355,4.746139932703877,0.692325201043085,1.0309121694152872,1.024260000832852,1.7973637735065794e-05,9.513162325994132,9.513158722550305
0009,653,6,1.3032633080608365,2.128569377669678,3.715297512425626,6.32678442581509,5.789986362816093,0.8975553892745398,1.7534213481149459,1.7382715782971145,1.9163389831377756e-05,40.9242698160702,40.92426216267075
0009,654,7,1.183300581234218,1.8251205071861971,2.03484869225169,3.594553666847246,2.8373757018526127,0.5550514714006635,0.7373317308994337,0.6989013976956374,1.763254982870354e-05,2.6306049833677303,2.6305978356099478
0009,655,7,1.1755154167258124,1.8594503773871598,2.248724107559312,3.979703771328437,3.188667143946903,0.48268747063229545,0.7336064854107895,0.7162850910301247,0.00012004497052602706,3.5868001255432254,3.5867604838459055
0009,656,7,1.2886970813872933,1.8990194648867857,2.751865294212996,4.904036927434895,4.015026881919585,0.729038486464267,1.099282126618465,1.0749080897737218,1.1101939160563372e-05,2.768502598346837,2.7685011209267367
0009,657,7,1.1707915637481718,1.942448483774421,2.810618984166229,5.030184524253147,4.2075331972915695,1.0513094417723805,1.346083724906361,1.247975575002022,1.1402838189614442e-05,0.34034325800940457,0.34033835037327465
0009,658,7,1.1736626295504247,1.9913813557958633,3.173658503446802,5.728051582527713,4.9105986466572356,0.758700807759074,1.7840814269586356,1.608583699789662,1.8169541119669077e-05,23.59023503027239,23.590233423678765
0009,659,6,1.2909591529675937,1.6815692854600668,2.522264222435429,4.4297548782970955,3.898100706192229,0.6424160367140906,0.711569266625179,0.6812340679901138,1.4126849883781506e-05,0.12281456876920999,0.12281004551442053
0009,660,6,1.169340823242485,1.7109515359185927,2.638188767903353,4.53302445671283,4.013564038428739,0.571572403485364,0.708002549167778,0.6900162829079779,2.137927872931168e-05,0.46517148534464936,0.4651648912792093
0009,661,6,1.1650285137461411,1.7431732374688094,3.0613267409023406,5.147994452622219,4.5984330092301064,0.49942006197927796,0.92656434356865,0.9034571278169988,1.7825889681087156e-05,15.761457815444777,15.761455769946911
0009,662,5,1.279456760272856,1.49133193581074,2.1513276845114992,3.7854901701791137,3.664551982885767,0.3087586845555723,0.4683403392656563,0.46615435441599173,1.4710496859989477e-05,0.0739910645075419,0.07398476224856183
0009,663,5,1.1578910561760745,1.5160816152739158,2.239404961784442,3.8887914952167124,3.8241031710906093,0.2914744338340123,0.5203949287729817,0.5181030753671872,1.0632803420914984e-05,0.2732771797080691,0.2732721683130193
0009,664,6,1.1529859059304557,1.9865102928415665,3.0926915403180804,4.888659163155126,4.226831525427905,0.8264985837908376,1.1517778699044088,1.110292145961017,1.6336444571352145e-05,0.7295873076814674,0.7295841264692469
0009,665,6,1.1514043026454188,1.716853523189428,2.2688062835207194,3.9607953734913397,3.4369997314093967,0.7954805905839446,1.5951556400077846,1.425206830510864,1.0858968240108536e-05,1.6619263266008262,1.661918515166728
0009,666,6,1.268358629017756,1.7476227394248967,2.8610554531388113,4.858705482472837,4.281026334930293,0.9373025999610506,1.53226251897294,1.5245149829209297,1.0633657913060492e-05,2.3578852975067215,2.3578842845168295
0009,667,5,1.1460227778781926,1.4964529728589275,1.5318637791144711,2.753171622763967,2.459196243813454,0.3514999783650564,1.2674409272988527,1.1377971503250093,1.204923160036179e-05,1.563391224743483,1.5633865384712091
0009,672,6,1.2216104426906964,1.6816241091557151,1.8189748414306621,3.2136137093361525,2.796577935558932,0.3350552305853497,0.9305791921851959,0.7909106168855871,1.158285695216036e-05,3.0425577864980826,3.0425507374320837
0009,673,6,1.106730658116624,1.705375881233896,1.6740117549912585,2.8795525563344806,2.554480360303626,0.362517911249568,0.7654669940404384,0.6701311393244636,9.34033717006399e-06,3.5357006176213326,3.5356979594602067
0009,674,6,1.1000044634157513,1.7306398393688291,1.7370751668433053,2.906368326129152,2.6383802924262234,0.37881629028666974,0.5832141748133988,0.5693218793611817,7.792821165426934e-06,28.08634293253177,28.0863372287619
0009,675,6,1.2023951351359088,1.7478091962062932,1.9360643791428929,3.2309270524141693,2.966914600986457,0.36029980349965063,1.2377954414727146,1.0739872748444572,9.013950085289393e-06,1.3274477939974214,1.3274473826120254
0009,676,5,1.0798171597092852,1.4891875689674372,0.8358275432594483,1.7835461522571507,1.637439574493806,0.16213477198582285,0.405222166007945,0.3575827861469896,1.3782664450036585e-05,0.46905536506460355,0.4690508540787727
0009,678,5,1.0620935978867037,1.500870893876407,0.9123845213630432,1.9116988364308898,1.709516417773469,0.1054113951705985,0.2844503271582181,0.2764063295196653,1.001206280227982e-05,1.0692755892533308,1.0692702911869927
0009,679,5,1.1563270519892463,1.5146130983136645,1.0709956994474696,2.2071996373190568,1.9495716696469536,0.35743938354088367,0.7016999425621973,0.6540325268889323,9.241449259917018e-06,8.679716039332908,8.679708338525339
0009,680,5,1.0421761269940661,1.529116435057934,1.0571294980224408,2.1230224370490256,1.8654115371815012,0.1673885590777579,0.4127885440238343,0.3898203878121965,5.2458751632274815e-06,0.9273488737707997,0.9273463977736106
0009,681,6,1.0344371594521888,1.692191644060032,1.4952677761021476,2.591236821153133,2.5403771652121976,0.28023161509765054,0.5139844035375827,0.4867289881941495,9.762712410245526e-06,12.555762715653996,12.555762220613063
0009,682,5,1.1344517582663296,1.5160070987896868,0.8761176091337549,1.5198233357481297,1.3403735820183755,0.13521821554098334,0.3767642883881798,0.36580491537875953,1.16313922087319e-05,0.8629451612073447,0.8629392163985038
0009,683,5,1.029481581711731,1.4972281647519394,0.8715141766915611,1.515259430099538,1.365789213898299,0.1131978729435051,0.3177730383570549,0.31227681781308936,1.4139904435210223e-05,1.1864797210777902,1.1864712694889508
0009,684,5,1.0297885990904587,1.4782946726937227,0.9233208382082503,1.6256246111696562,1.4995153293377228,0.10105344998715303,0.2926229416793397,0.27908072723430233,4.8353015606196815e-06,1.1513335065475847,1.1513319844672567
0009,685,5,1.1333403089109833,1.4603271650975507,1.1034573586464367,1.9173390770954062,1.766159752852298,0.09388094760383323,0.4502487511078245,0.4395487197785129,7.970891726867108e-06,1.4167524676453511,1.4167500804748623
0009,686,5,1.030800297297207,1.454196988245504,1.0900996347028897,1.8776834566064713,1.7338574626852932,0.0619359059930677,0.5493828000932944,0.5066189285064089,9.081878233484064e-06,1.313176043081037,1.3131711664737462
0009,687,5,1.0281176271306711,1.468307624937442,1.2097296100780874,2.050722045543944,1.8957856099900954,0.07083665467150221,0.6282573948556273,0.5827047098208068,1.4279936364378763e-05,1.8013249017479804,1.8013180759212475
0009,688,5,1.1301786693569222,1.4833018046661597,1.4752903423725847,2.4587021728535867,2.2774029029438645,0.08926912169713438,0.7893952915015388,0.7455890871203539,8.284058716768132e-06,12.818273222507184,12.818270768350768
0009,689,5,1.0247933081776586,1.499265226705157,1.4508211311865484,2.3947699682914583,2.2273545393445997,0.11048710705908499,0.7969405745522488,0.76930376296144,1.1430276838719223e-05,2.040687269267974,2.040682272787764
0009,692,5,1.018704435521311,1.4795942924642986,1.310619615164497,2.380164540454525,2.236723164167651,0.18880189059767155,1.0456052172360755,1.0326893326957323,1.9603146318576326e-05,4.140429113159737,4.140423719428228
0009,693,5,1.0166781478780063,1.497333509621772,1.4517427642361185,2.621799697545265,2.438293752601277,0.21115970664540185,1.147204579147754,1.1416992385331137,1.9028953962656175e-05,1.499361550266438,1.49935741261387
0009,694,5,1.1117553357057028,1.5162453062195895,1.739688618823651,3.1207116654453033,2.863867387616922,0.25698767249975424,1.367162198054309,1.3553405595089343,1.3980149701954571e-05,5.085631332120792,5.085620306099095
0009,695,5,1.00662149383049,1.5365298109701957,1.7269941668789257,3.0656877023037015,2.7737847609196997,0.17129963841165588,1.3923406361628272,1.2736494709117367,1.3188182828165095e-05,2.9025550627072194,2.90255175458193
0009,696,5,0.9992231457806783,1.5583421285195391,1.877939635274709,3.2971106803345394,2.9374806746526936,0.23714180486072425,1.5496297848382685,1.4572431019319365,9.511518212616098e-06,11.714460962463775,11.714457940771409
0010,99,5,1.6546615445724004,2.418366691748652,1.9430912972279968,3.0132047296251145,2.2071160895343596,0.25292847875092894,1.0360197986932527,0.9955094432025641,4.453445500211741e-05,1.2990524670714905,1.2990331122535321
0010,100,5,1.5088631520129692,2.3614270330892966,1.957749359692305,3.00744416074061,2.136833919631532,0.47224327180595604,1.222486494534316,1.195381585860287,2.8481349359608195e-05,10.868622620739293,10.86860989094708
0010,101,5,1.6591224813459529,2.304289706966589,2.5036284369833086,3.7847869558871277,2.5950648503755636,0.33815781091343683,1.3523427219632858,1.302785109841634,2.7678912562362663e-05,1.3556438903891908,1.355620614275753
0010,102,5,1.5112730640903373,2.2493750719672176,2.621267970677022,3.834877563478067,2.5117438095563642,0.4002317065078604,1.4917168998609955,1.428818336987895,1.8239687339206164e-05,1.3711340599425246,1.371123073033288
0010,104,6,1.6644570926867237,3.1613909102562956,4.286671282140517,6.84736793796832,5.70584762901739,3.714923349492848,6.007101171577841,4.367316059563746,3.310855042434044e-05,3.685959655905254,3.685949075638485
0010,105,6,1.5122380590260298,3.130625568280172,4.444430077434243,7.097808407128931,5.699032542864863,3.580250254023869,5.926173763987193,3.9836013450385965,3.6187909675174486e-05,3.1291526863584918,3.129152626176777
0010,106,6,1.5124253285577527,3.206536366465336,5.190045493674772,8.206791018009744,6.393173370197165,3.8131495041831003,6.883536967266004,4.355092385512293,3.246192923004327e-05,2.8345617892775783,2.8345550454282415
0010,107,5,1.5144536675914135,2.800890743716272,1.805313536737914,3.238746136825841,2.2883910053079974,1.9657992244143097,3.110868532696348,2.1904373338369982,2.6407044572567974e-05,1.2035918982816176,1.2035875470636161
0010,108,5,1.6628197725781315,2.6770428306705805,2.2722610383198982,4.069696196740008,3.121895720750924,2.5961091203002757,3.778838534409293,2.4889915305102037,2.917206179925635e-05,1.4348888408130396,1.4348717437514986
0010,109,5,1.5086857550716326,2.55244091765375,2.376151314410981,4.143343744021398,3.4275543423452066,2.7731491100813184,3.696240683468714,2.2376943366225897,3.437163121956545e-05,1.3813254657640575,1.3813153850302573
0010,110,5,1.5021061243781653,2.427077886492401,2.8002580165508872,4.72935106042749,4.042033864520542,3.292754020420189,3.9965709159643286,2.138307015586644,4.3050144862407513e-05,32.90782897126007,32.907818795543704
0010,111,5,1.6510054509536392,2.3009468914756264,3.722860431284589,6.0745693806761,5.3760515269580305,3.942551298749703,4.793568484051969,2.16217041377418,2.8371736515245463e-05,1.6685005773382162,1.6684880085866873
0010,112,5,1.4963139973641328,2.216539042571634,4.019741625400256,6.323561139957648,5.680395423903336,3.646311956472703,4.749846428560683,2.2475640369499494,1.4540781842557167e-05,1.464533326150514,1.464525882795972
0010,113,6,1.4937783497228845,3.513509516399306,3.7171494754929726,7.626198171318822,6.671797026697728,4.006528792685204,6.627837470629054,4.0934031040539125,1.9740844348457658e-05,1.1519971401657805,1.1519849752822204
0010,114,5,1.6423818574974338,3.113966494600448,1.5936139752763918,1.7823338689607702,1.1526585082680274,0.42426357477529425,1.8662880188230762,1.6795387102336465,2.9807935580128412e-05,2.3448652345877354,2.344850946965724
0010,115,5,1.4935851283184556,2.995089189280162,1.5815176596676672,1.8374423532040416,1.3127125249514107,0.44046934228900075,1.931142996427186,1.6976366953332533,3.888831602083301e-05,0.6642800856763599,0.6642750366569856
0010,116,5,1.4923869975204995,2.876732201868768,1.5648748354980933,2.1445706212620212,1.6769708441386268,0.4552624584109889,2.2645581932336625,1.9780067621962336,1.9243060259502614e-05,1.8090592950437536,1.8090470257379376
0010,117,5,1.6314456924423986,2.7576352602578265,1.7092326658387262,2.8026415063951764,2.3548354424000078,0.5596762074901074,2.946516668917733,2.5770823224519273,4.155754196915968e-05,6.025862878175021,6.025841673393511
0010,118,5,1.4774287189545803,2.6298212317889766,1.4645879660763501,3.0161756696921573,2.7273104106439217,0.5294272493216524,3.1459475259997496,2.6331360402199238,1.4933349988896777e-05,5.358537730860292,5.3585315004757055
0010,119,5,1.4696978403603655,2.508079512091532,1.6037976788767538,3.580542481390823,3.453785774525531,0.7176998888970212,3.6874126501570053,3.2424448024003576,8.107427264719331e-06,3.442654787151649,3.442651982773174
0010,120,5,1.620779010168291,2.494582198099651,2.1133640503045132,4.681396713413436,4.410753376235737,0.6898904645461241,4.75348635837326,4.307525353305561,2.659165140578645e-05,15.310224127989951,15.310212300591473
0010,124,5,1.4632855592311016,4.987904570339559,3.057334703084875,8.14920587996437,6.880426551440863,3.4398646871126126,4.300376214745795,3.7892764357872752,1.4345336022463458e-05,3.037484778831033,3.037474275442731
0010,135,5,1.4404866291157836,5.88943628221028,7.405680815407788,12.13323447349606,5.860922711755933,3.55247811829295,12.69542756492663,10.24804604482807,2.0836602382506694e-05,4.493144411788044,4.493129916445771
0010,160,5,1.3737537806177123,1.5303242647314121,1.5881920208535578,4.230463277420534,3.517586372731076,1.1482774509620528,1.2717063739569454,0.971082822626482,1.2635969597462473e-05,39.787718437975485,39.78771628841461
0011,1,6,0.5498985909934477,5.864471647827135,3.6099825941302823,11.715488832514215,11.42242453475467,2.7625470741738805,4.682112726182209,3.1493030159371194,4.899095657275866e-05,2.7577869349377324,2.757781851508429
0011,2,5,0.5940331100559617,4.000738733900773,5.8972944470333495,8.43246239416838,6.334537715499996,2.7228788116355918,5.542572889698945,5.191315658152849,4.205326629849043e-05,7.49151184917701,7.491502520481302
0011,3,6,0.5309136742829068,11.903266367382384,5.699792855955012,8.492261555790602,5.910947109483695,3.7795558974550216,5.863165110220925,3.839114928953887,2.1113676159078224e-05,3.6081737820943394,3.608166487510214
0011,4,6,0.5754413034288244,12.75954590451397,7.432065141295112,11.100689723778512,7.4553280594603635,4.715090368672756,7.266485673120699,4.6733640201618085,2.2403805126240765e-05,7.675334373822158,7.6753328978237
0011,5,8,0.51426946139394,13.792190838262325,5.764496793357052,21.795560843376283,20.886611467830726,5.241240068311618,9.301512563848632,8.948016461916806,0.013382634326726562,2.4286983625654326,2.428200228127875
0011,6,6,0.5063259636727306,8.627833873226677,2.0136139973066354,8.508414938317408,7.450719347128034,2.910055631842507,4.981910421896665,4.4835834424913665,2.354888485395043e-05,1.4639339599025882,1.4639299961633696
0011,7,5,0.5468200457729996,8.954498841741115,3.889247283877313,5.805471922118572,5.267158658234025,2.8519545643819937,4.199478663491195,3.1597885301541693,2.767847883794164e-05,0.5224315700741795,0.5224186735561935
0011,8,5,0.4862354180842813,9.32209868841542,4.096840610701318,5.910997121635969,5.215558084421747,2.706684239405933,4.138029500146993,3.1418362941553113,1.1556346335178083e-05,0.6677853922990666,0.6677829110313819
0011,9,5,0.47101835739897396,9.738842290876486,4.948997118452092,6.799838973007682,5.673614833429861,2.8299210579717853,4.590462885320452,3.5075109896138543,2.8180536887626216e-05,1.0138073011134514,1.0137979734931346
0011,10,5,0.5031071891964266,10.215290164930513,6.304099151213031,8.390829239075204,7.0325474369184935,3.2971512707089747,5.652053050765181,4.345511164007571,1.2864472919530145e-05,1.2826099798852406,1.2826063235818346
0011,11,5,0.44413887221165854,10.7739198781878,6.6081831070077435,8.537596556686855,7.103368904077956,3.0855508445759168,5.586869673974707,4.345108966278714,1.1336784031001527e-05,0.49799837684776804,0.4979898987860807
0011,12,5,0.43082401762000544,11.336952640403336,7.518275325763289,9.443708939371868,7.872911200731497,3.1983891466375933,5.917034714291502,4.712258391385608,2.0729014671417832e-05,1.4378085118402455,1.4378006217912034
0011,15,5,0.3986157071566975,7.89231567199515,1.8111749496153942,4.677544923958602,3.963898523162026,2.530015364398508,3.1205454357094027,2.808063846734613,2.982553157431641e-05,5.595348026132365,5.595333222685859
0011,19,5,0.3844138951594564,9.10447746990285,7.593840196136556,9.248913891572567,6.286114329575724,3.1484550260216735,8.173830969525651,6.724213367351458,1.78359917339887e-05,0.49039733651334927,0.49039364523853524
0011,27,5,0.353459375153614,6.811739960753803,4.099270438532779,8.206956374553574,7.468867858172651,2.8377558015746325,4.777830592463912,3.724917036196871,4.393510568147189e-05,3.5618888326279023,3.561886337733982
0011,28,7,0.3497233073941142,6.988942016293266,4.652584710257427,15.52346015953382,14.383854505939102,2.1273508731543274,7.414931483891811,7.296890318974711,3.938371299239217e-05,30.929035894203434,30.929026557786468
0011,29,7,0.34720131494067424,7.186734728781777,5.412162600115236,16.996661555977113,15.90583449103751,2.1301427937890796,7.654513728065637,7.51773641135101,9.91902236067396e-05,0.5634823491898674,0.5634816370853251
0011,30,7,0.3803864624220043,7.4089282142917385,7.114022933809546,20.714409046422972,19.599463580561782,2.4410131406605298,8.863605402506707,8.65655614259363,4.700135490142003e-05,23.616811089722436,23.616808162003153
0011,31,7,0.34911926409206945,3.249670515432374,0.7657106092553314,1.5870035130042672,1.3697072852807135,0.5973452501250466,1.4783321248283134,1.3411763870846705,7.47355498462487e-05,1.5239465918598716,1.523942223220624
0011,32,6,0.35071565075530997,3.097384272485792,0.4169348251585485,1.25942700953396,0.8541592321605511,0.3583134430279015,0.4593601628398149,0.19549197082216185,3.107120189674204e-05,39.73418469615059,39.73418018337608
0011,33,7,0.3875924837407332,2.950074913598145,0.9687958744962569,1.9256436864909323,1.6745013907309538,0.813140050622373,1.754083906031672,1.5922361115681818,9.469247258232808e-05,2.203489887608084,2.203484375652467
0011,34,6,0.3530289841099482,2.807502315700975,1.03566216462304,1.7456277026996592,1.4040736653643875,0.8690926492846617,1.5436840210433844,1.3969086425625457,1.4076976810305648e-05,5.73328185447781,5.733274609634434
0011,35,6,0.3555537285373146,2.6694415537851772,1.0843531549226997,1.8215769375655873,1.437782810090516,0.9435575630200927,1.5805505843111545,1.4445642772252836,2.1006723144787258e-05,0.4983582400807265,0.4983550693899673
0011,36,6,0.3961826716349435,2.535681932482205,1.2095471210037023,2.1330773732967674,1.7039924985950599,1.1352714923226488,1.7891860529837484,1.6102122166327186,1.987777102785736e-05,3.5579226632293346,3.5579158808526947
0011,37,6,0.3632042113305808,2.3921854008296846,1.1144225420650131,2.0374669198246877,1.6687023855066987,1.0945452104355693,1.6785698816406514,1.4774973282114339,3.483148276850321e-05,6.282514073411876,6.282508075273465
0011,38,6,0.368040534928398,2.2545921747058792,1.162441183394956,2.163744252970165,1.7626839053219054,1.1807070394269128,1.7383608978810938,1.582184203996705,6.266489360275509e-05,0.6619170838663281,0.6619154237058813
0011,39,5,0.40931305219380126,2.1225454092670493,0.8874239686251363,2.08139558076286,1.462615120343834,1.2476567878587046,1.6452435707293411,1.1887890527683194,1.955373835257424e-05,0.12022407228890007,0.12021562903327364
0011,40,5,0.38072757325060846,1.995716424825506,0.8675870091515563,2.019223462658356,1.513330012331041,1.2774843408961778,1.5202703728736475,0.9937814670176167,8.966089986652827e-06,0.13560684386801972,0.13560279343384202
0011,41,6,0.42801543560535227,1.9259766401368221,1.1125662001109977,3.1274360220993622,2.7060703549557408,1.2368715567682729,2.305526556246447,1.9053852202879646,7.64683586848719e-05,2.451152656536609,2.451142595610378
0011,42,6,0.39841241043553155,1.8577009436812562,1.0544663784408987,3.0935665733717017,2.6758441592780953,1.226782776118988,2.03213579589108,1.6644268782163794,3.501683963173297e-05,1.1636775309450096,1.1636732054275223
0011,43,5,0.40859266975021286,1.8409775845877023,1.607850489591691,3.253408939646043,2.6966744052446847,1.3898764865965803,1.8049532151204468,0.9312643600141542,2.7003655489644787e-05,13.78169071351439,13.781684349302825
0011,44,7,0.4646778694194096,4.784202863846455,0.9129006094409954,4.094258197668215,3.486060519155963,1.2887077477389492,3.1583026273165364,2.7759094559777697,6.999508897728434e-05,2.527820688478129,2.5278135720064028
0011,45,8,0.4378876650392183,4.867876520507388,1.4501684513973774,4.1144240491607755,4.095752827099526,1.6390780066537922,3.385748444223582,3.191091387993282,0.005675737731117875,0.9316676505475796,0.9307716712277343
0011,46,8,0.4517035131502614,4.955771560226082,1.3375397697326799,3.608972321237895,2.828106902993061,1.4647922474271542,3.0619277695089733,2.3861418347216894,0.009437143505669073,2.425123215622185,2.4241804864514003
0011,47,8,0.5140705300269343,5.069580360344589,1.6598927272830388,4.51935066529391,3.451072945828855,1.8994516423137473,3.8586342462325662,3.075536940426119,0.08339306597107124,1.0546495276704684,1.0266613792355808
0011,48,8,0.483033664680062,5.190473237433049,1.679823521855113,4.682968729221929,3.5689030017719148,1.9422359540417427,4.031397466737268,3.291212209025466,0.00523845453460139,1.2386065122114756,1.2373839193723541
0011,49,7,0.5008224532559526,5.319132707718002,1.6584615322257166,5.1358465768743455,4.187190322154649,2.187651931363402,4.496159241146061,3.622582185313103,2.056085622129998e-05,1.4032730978301435,1.4032638499830699
0011,50,7,0.5689620909530444,5.456332126173248,2.221835910368599,6.295100874592395,5.322547229321684,2.827022730008367,5.610683902426238,4.511401448928416,5.488261918048349e-05,3.3271658239557813,3.3271573249108664
0011,51,7,0.5364975737371901,5.602950956704252,2.699866933691297,6.3090814863046285,5.545193548684203,2.9977774505178845,5.803226290588935,4.66312682748398,5.2943242930406854e-05,4.5500265063379794,4.550016436302795
0011,52,7,0.5513938164418402,5.8046831844294475,3.4222895556783866,7.194277962467014,6.484097707858516,3.54440297533175,6.997152876507145,6.038345002647322,7.998121793496579e-05,2.2947219518339894,2.294701816385427
0011,53,6,0.6264939573849417,6.024473676016113,3.0242189038522307,4.919121444968546,4.21372945115913,2.2062166874659956,5.182117186913732,4.1135013541750585,2.912005859683834e-05,2.0042309439921486,2.004226123319676
0011,54,7,0.5890976203331457,6.5373175229035745,5.7469544408151325,10.644254345133911,9.943263484109716,4.740932691200849,10.713066694386049,9.82873724363714,7.865530171733421e-05,7.788087521116651,7.788081348264546
0011,55,6,0.6037066466224766,7.521396076082793,6.78537835663109,12.15126573635207,10.878739566856364,1.9988306726924072,4.618311213129002,4.4207964256972305,3.684224288609516e-05,0.4735776706626025,0.47356917071636423
0011,77,5,0.8727142821757168,2.107214901699325,1.4316562587725725,1.7462095248011458,1.1426324916429582,0.8882047542083998,1.3653993013906869,0.6003882679199242,2.349525616909193e-05,4.893218384441752,4.893212378183228
0011,78,5,0.879930730238592,2.0515515830238957,1.5804093505005798,1.9022846913398739,1.3890158212100188,1.0325898732767191,1.5182985244928868,0.6452984437532483,1.399793398892851e-05,3.2926768690713697,3.2926720197618384
0011,79,5,0.9676344192387557,2.072523395254269,1.910833487369739,2.257837467890917,1.672955343868145,1.1826577200640145,1.8130533664063677,0.8377924596032823,2.63036124795925e-05,0.531287374761689,0.5312780146848799
0011,83,5,0.8929333061620687,2.24776362253694,2.4741677434219795,2.697375622657039,2.0133060455661593,1.1534831499359715,2.056326776580176,1.443111982791859,3.337144092853118e-05,0.11550751372082728,0.11550442660174756
0011,84,5,0.9005554097591373,2.3004357345762605,2.75936295572407,2.9419293777133855,2.1587619434197722,1.1337351489522975,2.1701575078076454,1.6675577924010074,1.5261177599631506e-05,0.1919996833560711,0.191990019643187
0011,85,5,0.9906855739396961,2.36047215922626,3.3630208789353446,3.491580180673164,2.5321812955824297,1.252948151959672,2.5580079326681977,2.0337231997459826,8.38534281090326e-06,1.4852350360688125,1.48522999516325
0011,86,5,0.8995675903629671,2.4263021515092436,3.306222893568027,3.338409110945429,2.4076571730435594,1.1083655756207687,2.4292506302223544,1.9995722872823565,1.5304919300694143e-05,0.16924261704702392,0.16923864830500007
0011,87,5,0.9969473504077648,2.501131517233164,4.01863952095667,4.092389837093737,2.938437521018338,1.3252402668817131,2.9828332330685217,2.500390399129626,1.539924979286012e-05,1.3838663974948937,1.3838587103842914
0011,88,5,0.9127260672693722,2.581132958215047,3.9338190305317298,4.142663954697533,2.964474319738459,1.246097066599967,2.8029736097309637,2.5383201580057997,1.7614652945493163e-05,1.2521096949780082,1.252105658746601
0011,89,5,0.9246934223269304,2.6703555856731485,4.3680724964305755,4.7655593073060984,3.3505459321242066,1.2886509653370235,2.849795848690497,2.8087384007840974,3.6175055363711206e-05,0.3241000142924884,0.3240928963843109
0011,90,5,1.0154473680818572,2.770490671292397,5.252896532990452,5.957118739089943,4.1708508892546945,1.4673108500399548,3.0849812682422346,2.7521065499783393,1.2720601285370424e-05,1.4514776756814236,1.4514719542166543
0011,91,5,0.9304595282235432,2.8836074531046765,5.213812417590862,6.155271647841918,4.23824802703055,1.0631355060967744,2.708551817401629,2.357633899147021,2.6258328736140053e-05,0.2851129694557394,0.2851077377348996
0011,110,5,1.0473095448754512,4.826846476212442,3.0025503938163203,3.560498512567969,2.072047844280097,1.8926256357358886,2.967092915885483,2.6645281292212797,2.087410102873119e-05,0.5086827719437516,0.5086731157211077
0011,111,6,1.1562258618584103,5.084426947994856,3.2128099043182416,4.813493097499383,3.1505330319298377,1.6829233305495714,4.220383569695354,3.349130102166619,2.797579984299362e-05,0.1764921073848675,0.17648826355974628
0011,112,6,1.0532582288828847,5.388038801290626,3.1923233274368963,5.045055210016735,3.44376690974874,1.7974891475656185,4.666378939327296,3.772815230703637,2.6254592271073978e-05,0.46147245640058643,0.461462721364092
0011,113,6,1.1687332058691904,5.740482436628495,4.100755197946176,6.806212201691722,4.7806939394864845,2.3910855304156797,6.570774157239923,5.476356611383133,2.024437733704398e-05,0.11495573947865,0.11495362332889805
0011,114,6,1.0614667094122017,5.500257715099221,2.3484321517212488,4.281620341481747,3.0971119142537606,2.4136038191902696,4.200926821435157,3.931774016071866,3.804374456396179e-05,55.52845147734065,55.52843425294181
0011,115,6,1.0603376783684635,5.88939144579876,2.932414493432416,5.119123493712055,3.9931879859936616,2.8824889000197853,5.053194708934902,4.614400822237,4.24288949477531e-05,28.936806470463384,28.936780799173437
0011,116,8,1.1685856252075333,6.351895358240585,3.4847398784870274,6.922426989253244,5.422590433781754,3.3047371175423255,6.948535259390669,6.092745280850616,0.023552130127447495,0.19706447522094306,0.19510201272567557
0011,117,8,1.0631180072710846,6.907129408153458,3.74014442032051,8.211275134125374,6.879197363258049,3.8692474626927673,7.599604664332825,6.588839603845079,0.0057327927649010995,4.375001378279263,4.374688864540263
0011,118,8,1.0683320616390624,7.590990380286139,4.316852720105481,10.952664875839632,9.563458950503014,5.147112508509322,9.524015578303176,8.16126284949446,0.004343392180172983,0.21194167293461807,0.21186106498925555
0011,119,7,1.1704854925316672,8.45403102501299,8.102540940259642,16.073077287469832,12.808124292961407,1.1999765851992314,7.147472131831262,6.442253560029423,3.4647191002240915e-05,7.114609061034587,7.114597901607475
0011,120,7,1.0645489871209852,9.577288146155354,9.887750494235906,19.387175496658127,16.49069418368217,0.9999669004191915,6.107966919786475,5.960732875501464,9.467430200233672e-05,1.4299199767398312,1.4299099285434653
0011,121,9,1.0588346651803178,12.341773834414465,13.252185170650268,30.773839332808638,26.623929829837287,7.875956223079381,15.457809597703438,15.404774742557336,0.06817398779490243,0.9136028897159125,0.9107139046108202
0011,122,8,1.1621399374600283,8.66912956166153,6.871743736216496,15.019177120951158,12.390289160357165,5.096674724697509,8.88404401945818,8.4092382092398,0.06290108939058486,1.1336107004181086,1.1286233060988509
0011,123,8,1.054883489707531,9.766371550505315,8.285434391780168,17.333546068116313,13.717730046566226,5.876859102455837,10.710196397734064,9.815801335355417,0.03515475099392314,0.989582880960109,0.9832384721814612
0011,124,8,1.0498397494289975,11.227900550167044,12.446394791560344,23.37245123714037,17.625257704986595,7.348083486710626,15.228081636524951,14.416985988619489,0.02542206686540935,6.082247907475488,6.078959058494568
0011,125,7,1.1500804204937345,8.219344349521258,6.414650636482157,12.61486004868138,10.80587277936801,3.817878824945974,6.866639617710495,4.558008101404598,3.628005895703297e-05,6.460192272062229,6.460180581049636
0011,126,8,1.0345618712938878,10.082191144706742,7.410001156908619,14.02417073298578,13.733947371773393,4.022229272951823,9.028506684794147,7.700051951643883,0.02525436961286475,0.7749903071247694,0.7724841360489498
0011,127,8,1.0325887330297177,11.308487715245807,9.35031963758912,17.864656503805126,17.378864390010126,5.378681237228818,13.172611956705687,11.056783221722501,0.09592405963220602,3.0433080643540706,3.0330416276322727
0011,128,6,1.1331383055064794,8.072182980035514,7.010035487268991,12.846807297360854,12.517674411002734,3.966851138115249,5.607494444830353,4.73766865867715,3.122610424399265e-05,7.518934924237521,7.518924807478044
0011,129,6,1.0257663321004171,8.854437884546721,7.809884859974554,14.596892369341372,14.05065518151064,4.37272484941621,5.512881058767846,4.4892677502202565,5.221956563266073e-05,1.6875163542652005,1.6875024389774098
0011,130,6,1.0196692643677063,9.906262082302733,9.653333283375687,19.05734391815375,18.143431768966906,5.464604142018837,6.1867994398871,4.76669094155153,2.0494309808453875e-05,14.980455171742946,14.980451894095498
0011,131,8,1.1171625743505849,11.465248294226223,17.118663686975644,35.12057254636247,30.2153601129504,10.528143205251531,12.122627421061685,8.738179340030205,0.008790661941150255,0.8545015979197899,0.8538392830360999
0011,132,7,1.012916459139637,7.658678241336327,5.78681034534747,11.751885593753514,11.101662499535594,4.6674062022693334,5.9532412589125485,4.471483116872436,5.2750649205477084e-05,3.497223384494478,3.4972201548651523
0011,133,8,1.1089440471743943,8.598217537622798,8.610514263050142,17.579541006947014,17.405038216434647,6.060229076388521,9.241177425203961,6.987166862606383,0.044515026519593485,0.2965321616903958,0.2853705778486546
0011,134,8,0.9996207566061773,9.846175789467113,9.828309492088398,21.19392958746647,20.824169978081887,7.012542153377154,10.915900495845733,8.52648105375466,0.04551183529618168,0.44403067578306543,0.4327471613951952
0011,135,7,0.9951505366430848,7.079959101067853,5.733556462180009,12.766660570025234,12.40467411709597,4.884272880436945,6.531943164680628,3.835936650094278,1.9723917464799012e-05,37.24964156306951,37.24963699265936
0011,136,8,0.9951397745226358,7.923768998681854,7.10304480388163,16.876343664696783,16.143408287078078,6.995690088718584,9.538697234543797,5.663094557615333,0.00727657029197651,2.228896534958105,2.2283192511101055
0011,137,10,1.0912394076465284,8.96030019716149,9.875547743536501,30.34760702665361,27.209754198722326,9.43369661938702,15.775196852186593,14.14228241462509,0.027825900121959894,1.4998841447740519,1.4972709323192406
0011,138,11,0.9862870739939301,14.15250392884053,12.900069919016797,37.792725452172725,34.278120380794334,10.999626024671533,20.958765858992784,19.419206686971428,0.07942422433486475,2.358230764824679,2.347809160028261
0011,139,10,1.0750781951057173,9.486787298286222,6.118910255593618,15.914185468283716,13.82275531022066,7.200029799403865,12.002184227776198,8.593370324909376,0.09798915309391698,1.8620780102490617,1.8374546475061164
0011,140,10,0.9726191674482335,10.65451418363907,7.219437846839064,18.0081498415713,15.646747334741223,8.36505156145886,13.940274960615673,9.55538734525434,0.07832441074921129,2.7786061461042877,2.7660150509895503
0011,141,10,0.965622991321333,12.194289007402089,11.12123612002287,23.90492039680597,21.037340749781954,11.191924686073442,18.801710222928083,12.490394900816506,0.08446575556960492,0.19584410980615133,0.18172413350193223
0011,142,8,1.0597455321084228,8.543075598431866,6.675595716675551,13.183623144587589,12.000258410557915,3.4439111210464888,6.149173264996924,6.013536697003674,0.034334832516385486,41.337823569921916,41.33293220599048
0011,143,8,0.95904565189384,9.482070842948085,7.506214815228782,14.37808391966513,13.080462280824056,3.70260805876988,6.502546156641915,6.2191535454662885,0.010390382751205407,0.8314160061533888,0.8291856209004952
0011,144,8,0.9554789348207051,10.687527976261931,9.556890935631905,17.671053042370502,15.947021333201656,4.830849943615137,7.801764082509517,7.347623169975564,0.034542755896726035,0.7685040690606141,0.7676034851194522
0011,145,8,1.044104504126409,12.285297972600981,14.07706557129078,28.021378375686222,25.277627679782835,6.197150168880588,11.125439771122219,10.792311838400643,0.004228933661167834,2.429817092640756,2.4291725433171907
0011,146,8,0.9463116439817563,5.213170161554669,1.6340741636741036,3.307822388232627,2.736587573264492,2.051246587604181,2.577339910300859,2.1312892720595853,0.003496718525332401,0.8004718941802069,0.7990850249644292
0011,147,8,0.9425252167099645,5.409502306890846,1.9115584707450493,3.666521238039844,3.0890040199367625,2.4352934897850513,2.84452680087685,2.349067406337875,0.02304266048950185,0.5282864657123899,0.521579663051901
0011,148,8,1.0280917204579938,5.633879718178722,2.426142570821829,4.6338828700154,3.831023403086947,3.2062206001587352,3.605119970750513,3.0046877538063956,0.0028725313693576133,3.0642566373558493,3.0638634815801016
0011,149,8,0.9297178116954907,5.894726871318111,2.266523514058285,4.968218444974101,4.501563376627768,2.555449117541748,4.047677746511335,3.335291952020017,0.03564919418094982,0.37394747930370714,0.3514018277018279
0011,150,8,0.923977839762019,6.199044765378238,2.7926390397442122,5.944767321665996,5.408223649001111,3.0774942376137533,4.893522259486808,4.123079799121967,0.004563919754941687,4.220974550888549,4.220350594755809
0011,151,10,1.010635350859302,6.55868838194458,3.3942703286026052,8.031604354653663,7.566221748754037,3.7370290616955235,6.702393620838405,5.841487727856948,0.015207826837943155,0.24997167551110025,0.24757466740685913
0011,152,10,0.9132346565323293,6.963577731241423,3.946526266372558,8.533117284198433,8.097961453663423,4.180876377385721,7.253090360162936,6.42597652271489,0.014463100214000721,1.3084966368904436,1.3037545371923416
0011,153,11,0.9064762677381513,7.454269041340726,5.204800160926041,14.712057674082347,14.0100324729288,5.2251084559552154,12.822385829111441,11.746564141901741,0.02426149450277041,4.569854544827965,4.566666629578154
0011,154,11,0.9924532665375719,8.079727758386817,7.911791354511561,19.79447551302293,18.95911771418263,7.534032184832772,19.269538942947346,18.15870549607611,0.015630467434793842,6.470180876624979,6.469090257232253
0011,155,11,0.8986528525941675,9.052829051327723,8.944153390739741,25.50602731598437,24.600484038841497,8.92812880358381,24.751009516004437,23.263717392700983,0.0406235234462849,6.166596249906665,6.160987785928797
0011,156,10,0.9843219469972557,10.328246337393999,10.77328858932912,37.526113653432915,36.47494208795886,5.952023681584945,15.192400219746162,14.911849476614991,0.0507048256700061,0.5593337145024926,0.5464152554803587
0011,157,9,0.8910754480921428,5.212168558237708,1.4989506199717721,7.635057319464637,7.106018489105545,1.9140799185479873,4.007323636574431,3.629833387115536,0.0073179999706053794,2.516858289431859,2.5167717001230128
0011,158,9,0.8856073147488609,5.562898396246287,1.77252264096361,9.004249656955839,8.39656698588161,2.220452634373808,4.431770982953727,4.0176465501334375,0.08588802629369845,4.331684850230606,4.329164087620196
0011,159,9,0.9657930659255307,5.977648969057967,2.5152298667577244,12.197010612720815,11.418204820166675,2.974441370705201,5.467052083049766,5.028205243729342,0.013087340516306147,5.88657276514258,5.885598420769743
0011,160,8,0.8650268106670282,6.475708213560085,2.7724248620715306,9.031546805354838,8.694293218020901,2.7400445992238405,5.447124802211817,5.290531085156403,0.06369090580790365,0.12623519192639424,0.10527131843335294
0011,161,8,0.8472961914294092,5.950397712287751,3.819967777959337,12.050696926073364,11.0536693396832,3.6395100897895514,4.883328022373599,4.349692017020891,0.03019341700469222,0.714699528873528,0.7046265351112506
0011,162,8,0.9100982391560826,6.330973080851766,6.0264010676896635,16.56571618485981,15.41061512257674,4.730318815395291,6.153906822426468,5.762897932068473,0.0024467787811195485,1.5361512468120693,1.5352907233968085
0011,163,8,0.8033272602281122,6.810384342383561,7.779828983993742,18.660086360104927,17.58027769893371,4.713836214883052,7.088099742646366,6.859347446820312,0.006607187729961836,3.167226797332783,3.166565875510679
0011,164,8,0.7833577603492801,7.432881294549987,10.41150464187048,23.943060004235807,23.059321217990423,5.871183861381077,9.873496246080617,9.642557319926793,0.0008038829068835338,2.542441179253726,2.5423958133263826
0011,165,8,0.8346794753422396,4.6367048362672305,4.351582170069923,12.46311061365996,12.073311096603963,2.982291339342003,4.474239894154572,4.224653899883432,0.004972253167713215,2.5631506926362477,2.5629458448755074
0011,166,8,0.7367817967063416,4.854410007768481,3.893662267147582,12.423624309056851,11.818915740944043,3.3910010578910823,4.228717878291575,3.6208663546558713,0.0031628106343581383,1.6921697646221279,1.6916436083051083
0011,167,8,0.7868076848506993,5.242812299617281,5.841136838501362,16.598808568676073,15.973695724289744,3.924475582792172,5.337778358710583,4.599648311755562,0.026020235225879963,0.30140180435515235,0.29666054395763164
0011,168,8,0.6905446926479933,5.718525648996467,7.06540694853143,17.96473454985996,17.5182357982922,3.855579103970377,5.5893348399619835,4.857066871450767,0.000539596512570887,7.8344846829071315,7.834455002802587
0011,169,8,0.6662201115396658,6.31472113949597,8.891447901153093,22.04739292915531,21.67927487455875,4.027323446003264,6.613855477349243,6.2354152711201465,0.01280106516374232,1.3218204014988513,1.3211409343254958
0011,170,6,0.641475748907191,3.3084103437994883,3.6684443053546185,6.752343851518933,6.383389288509054,2.34550640956296,2.840705383636269,1.5512159291339833,2.370764377873182e-05,0.8895832636836694,0.8895782698846
0011,171,9,0.6802196057560808,8.205217298871856,2.3855645296843586,8.708177624283012,8.44181519164525,3.196099098684582,6.424635364564701,5.819923012632739,0.003583437858779335,1.0598180667692083,1.0596724335957846
0011,172,8,0.5915822067765016,8.81669925264443,3.263376690148859,8.816263374576335,8.4077024265086,3.809542752634389,6.444400986427048,5.879288302833308,0.00213471975546231,0.4024424092316388,0.40191596371026167
0011,173,7,0.6272486581946556,9.539484796171596,6.077727936680059,11.26749069381312,10.261946427637263,5.214896196303686,8.329332641278684,7.628913783377664,5.479299208202539e-05,2.1498557015290123,2.149853719696156
0011,174,8,0.5477501029967442,10.407009507347958,6.540896879640883,14.207152149958286,14.063374024462707,5.505649200686838,7.234749351388178,5.842905789353034,0.0007577012262713241,0.3170445029324207,0.3169084468802937
0011,175,9,0.5306098291010185,5.138629818695725,1.5408030108849198,2.2366117637096723,1.3043733185776523,1.1396179532999031,2.3377948552548613,2.0760021899358465,0.003136780689888219,0.4251940723966217,0.424981421749124
0011,176,9,0.5691796899780758,6.37033241098945,2.2644906763873767,5.027312750892188,4.614977408245097,1.9720738535104751,5.297261949341916,4.917931857497668,0.001575357904090526,4.556055391671077,4.556029708674325
0011,177,9,0.5078078703843159,6.615828872500361,1.9338784189071603,4.830092447615336,4.064252391922008,1.5649247437293168,5.357110443776926,4.976005138825059,0.02636633650744786,4.815448163519392,4.807593741378611
0011,178,9,0.5028439990016647,6.884803768430765,2.3588069840731363,5.489214688027006,4.812183919437732,1.6345125504874982,6.156764649459427,5.730277856154034,0.0075821134495957804,9.540694042440661,9.540457857905665
0011,179,10,0.5475507097969705,7.180792954163608,3.031012380442102,8.131142573731589,7.759510394709293,2.5273929163858915,8.32894541879472,7.847817766397111,0.036883443294662796,5.463264017716792,5.461087264204821
0011,180,9,0.49454231772729285,7.508543786169816,0.8148615326872584,7.867379210320591,7.428333432360797,2.1329225846533464,4.019335521294378,3.665540442897283,0.0030567285143976095,4.30291221437888,4.302495280842638
0011,181,11,0.4879364700958691,7.87288736243318,0.7696534389678584,8.919260469112672,8.482203592964508,1.8779916600706512,4.812593234002085,4.357001346965787,0.019331376482087253,4.438064664002403,4.435031325508277
0011,182,12,0.5266817370726545,8.259498653148281,1.7203552643788473,10.348054208338997,9.746632662514987,2.489529254691858,7.264226973404857,6.725064208902849,0.04959084086636438,5.743330051631669,5.7353965484008675
0011,183,12,0.46788145104055184,8.691459490860984,1.6315373307572423,10.399391014558534,9.860894458608632,2.478210802602762,6.996177377104971,6.513258070595461,0.026652893324049243,4.510887196527295,4.506602070540615
0011,184,11,0.4557020515159197,9.177246151447438,2.4642392402430855,7.181426215391347,6.6753706106456345,2.5228584186291787,4.5371888817101285,3.5804278732103363,0.00243831163466669,1.7478184998533146,1.747483605257948
0011,185,11,0.4904407971413018,9.723699381643277,3.209392131351329,9.240878812579085,8.807751467982596,3.0400930188871307,5.549466803344778,4.323705782492099,0.0166174313629037,1.8833684938073776,1.881420140504202
0011,186,10,0.4288432526260095,10.356268969176513,3.159468905102436,9.262704771821157,9.136022092318143,2.477838144709576,5.531775754157007,4.809821383097173,0.01482742671489526,1.108533076297126,1.1062805823563573
0011,187,10,0.4530331192992982,10.93971135069047,4.02455482399954,11.089995934267154,10.902667033728594,2.931028053110637,6.499458626001932,5.658320446229038,0.016473088628381663,1.1419933338155903,1.141416302073082
0011,188,10,0.39589531219928603,11.601432670035413,4.063751560982277,10.729860797922642,10.503535899780262,2.7941277662267106,6.211191177318364,5.400430828992306,0.01614595212268389,2.3320398803506013,2.3305457024409857
0011,189,9,0.3811706223858325,5.420975370014766,0.8741610212380353,2.1743787416579368,2.020270494067091,0.7395003197842954,2.176041658873116,1.9261739713400006,0.00046377257566391724,0.16571964764260583,0.1657072553060164
0011,190,9,0.39629084431166717,5.5638359739241245,1.0286858891162203,2.3788449371734406,2.2382813553986303,0.8149360882786191,2.3991293675897176,2.131481167647025,0.0011988003279285958,0.8553210221762125,0.8553083733710869
0011,191,10,0.3407135579373877,5.716391268431479,0.844154859051223,2.19080218632569,1.9479813742628855,0.6478161427734148,2.2574092586273915,2.110788349015031,0.016954863830901685,0.43004203437991023,0.42690866593611565
0011,192,10,0.3187292498723372,5.8349564288134195,0.8831095552715873,2.1240138434991502,1.911930114993157,0.6497800016715372,2.2072337294491935,2.0650512580339253,0.012820501309734196,0.40896539800236376,0.40621971643039595
0011,193,10,0.33185497855124013,5.959636639452102,0.9576583680307911,2.3343803678822868,2.0963153936184353,0.7297110251016125,2.41934011356295,2.2647863532166173,0.018795918331122766,0.3398721694441308,0.33701650639634917
0011,194,10,0.2888581513347876,6.0909175979079055,0.8718263248095813,2.1449616821933586,1.8792831297382333,0.6984782162702832,2.192230259196898,2.0546528712152576,0.004310751519113793,0.2933485368220646,0.29291004490037037
0011,195,10,0.2819040412800889,6.229337736340392,0.8822538261064752,2.1874096752330865,1.9480868832899145,0.7305794084161441,2.263092909967837,2.1226555722179774,0.007977925711352196,0.27434137940632053,0.2725541840169468
0011,196,10,0.3043506622228915,6.375495684589858,0.9810790396063461,2.524624929097791,2.284403156875365,0.8586171966085732,2.5789070020885565,2.4217185164366724,0.0031198256753751812,0.3073973716493703,0.30706149654444925
0011,197,10,0.27327291657865965,6.5294377035082976,0.9564467481188487,2.389402607545288,2.1455410920911118,0.8365184133690038,2.411033948349097,2.2608057857473507,0.011590114689904792,0.30771177244732545,0.3054164432976913
0011,198,10,0.27100152028126245,6.692494757931936,0.9560864573288232,2.5073043001321786,2.3382660051572826,0.9082427899540806,2.491695412949512,2.332125576726535,0.015204807181144864,0.31043055473857784,0.3097243600631867
0011,199,10,0.2933887196777655,6.865501007989058,1.1488084983267304,2.8660705914968667,2.618942650464826,1.0806862750722577,2.8207669563903917,2.6337237222635137,0.017970591562974706,0.3427366202587019,0.3395300156803854
0011,200,10,0.2656454089782022,7.049395928710038,1.0327517893599611,2.700610271610314,2.553587525102546,1.0338098003416105,2.671163030386152,2.4826858929276505,0.010813750237644335,0.9446609709072653,0.9421870349385547
0011,201,10,0.26185362531771805,7.24524065981896,1.0165602407753862,2.8561660148273535,2.749279144141456,1.0663331427805465,2.761282439105967,2.5531938347617653,0.016471096158756818,0.3051820306581496,0.3046407098136459
0011,202,10,0.28477945604924965,7.436107394447467,1.1180189686224788,3.3101887517811583,3.2572230045114487,1.2057405883573085,3.1623286485616307,2.9173034921537733,0.013365909461026483,1.1045410613684306,1.1000499008837938
0011,203,10,0.253851915947778,7.638987738361346,1.043484404746823,3.141583952731773,3.0279359178660887,1.1169067534756738,2.959987461021308,2.72317191309855,0.019265977173074766,0.32736851445484244,0.3232467227060889
0011,204,10,0.250395183008739,7.855053730623396,1.0697380497227114,3.3044464719685487,3.155385922165578,1.1566244627044382,3.0756418366700475,2.821172262746457,0.020495178293259614,0.3573590783830503,0.3542769534685488
0011,205,10,0.27330455933186304,8.085631868692946,1.161015549278741,3.816800023343392,3.748830302148972,1.3240357295997485,3.539132763513006,3.2361801008343565,0.016386401231321818,0.4467188137970008,0.442758635205169
0011,206,9,0.24573595612081525,8.332236370566498,0.8847274368779142,3.4916903340090792,3.2639219119914897,0.6496013881601924,2.937206291398021,2.717469037915926,0.00032286080310691404,0.4353321038359741,0.43523957348676745
0011,207,9,0.266516581365786,8.56814258781224,1.0271968533026496,4.020528081502412,3.7488483484599295,0.7465336397142763,3.4550095464142268,3.1933566281324137,0.00025899386546219806,0.5005731985064471,0.5004992580111437
0011,208,9,0.2375707107118786,8.819638480292431,0.9934005775486126,3.838074905170253,3.560144572763622,0.7058204119194376,3.2939831263905104,3.0374395762620763,0.0002485632146440725,0.47156442756919376,0.4715055216418645
0011,209,9,0.23378551779823686,9.087764103057346,1.0524233310017235,3.9951820811008365,3.71835755033635,0.7376746750238748,3.465505204715912,3.1875802714572523,0.00021788915543526565,0.4996564590043326,0.4996257326045401
0011,210,9,0.2501073837793711,9.374821988120255,1.3654733745532137,4.629687494493481,4.331945229042117,0.8419367103699473,4.05958184250329,3.729311070930347,0.0021253908737866225,0.5703614296347456,0.5702674672281353
0011,211,9,0.22084284582562463,9.68267662202783,1.3568266395964426,4.345275727282626,4.0788994329406005,0.7931263867436418,3.8341954798450195,3.511501475011622,0.0007437104775091824,0.5446425065656942,0.5446160915419753
0011,212,9,0.21311662053923525,10.005084424485922,1.5160649125699142,4.509326997802103,4.239044426279129,0.814916135922674,3.98668403764965,3.636990224373973,0.0013488773141698955,0.47082641936260783,0.4705160459109178
0011,213,9,0.226054724249618,10.352057292324064,1.8142972504364805,5.113707097313638,4.816039700706941,0.9256704787259837,4.560053427442519,4.142115262853184,0.00030059783306643294,0.4949096766347286,0.4948508468368058
0011,214,9,0.1947594801475477,10.726510113687617,1.758537503324775,4.697286678494378,4.4271525222622286,0.8492578371884145,4.216540036487189,3.818931078800529,0.0012769600322907297,0.285009662797675,0.2849967417260546
0011,215,10,0.20086589055809437,13.365735857173735,2.365658266002236,5.009333632335919,4.777609153071269,0.969269088382241,4.7603125968846225,4.445926772469306,0.002050333774929459,0.2821367194760515,0.28199757498262157
0011,216,9,0.16683683676537203,8.040194177482668,0.37307173723321774,0.8795063320773591,0.7449688878942601,0.37174871369102536,0.858664586456066,0.7475767403863017,8.283386052590682e-05,0.23026229141339405,0.23025621638195656
0011,217,9,0.15258130087336924,8.021982007880835,0.3474375616668202,0.8109443965662674,0.6817863292243478,0.357567600735963,0.8098580793607998,0.7068639187234137,0.0017627694657880806,0.21091696471835275,0.21090076339174063
0011,218,9,0.13696607589607881,8.003222979432815,0.2965371073101184,0.7091359125310732,0.6167874711741467,0.3170214991585808,0.7251308013887507,0.6289220526082675,0.00022816171318530974,0.2035062148595608,0.2034830989735143
0011,219,9,0.13222311891077457,7.983891856607306,0.29476618571748414,0.7125422740165446,0.6239215588974009,0.30302934648885455,0.7062069635561329,0.6099452475555468,0.0013437144773977274,0.2138173157696526,0.2137633649817749
0011,220,9,0.10643259629784865,7.963962296244928,0.2389277030932015,0.6378375556816841,0.5890680740590408,0.23972160519515237,0.5846422986998109,0.5038896691051431,0.0008009055024464701,0.17847275181526348,0.17836810464985708
0011,221,9,0.10556480953985023,7.946217816134261,0.23714667443828918,0.6225207125627504,0.5886447367621518,0.2364818525982863,0.5870329106987485,0.5007692556421172,7.710601735290006e-05,0.19407109404624182,0.19406155301562938
0011,222,9,0.09091308922918868,7.884508233973097,0.18545931923328807,0.5470153420156182,0.5013666199665048,0.19809095395230036,0.5110879782862229,0.43312540292952373,0.00015493164442777096,0.14691844140496302,0.14689589998495808
0011,223,9,0.08547880832326832,7.821499754737658,0.20552743022193662,0.5233414221527294,0.484186020916694,0.1783793315211845,0.492382050073085,0.4184117577533519,0.00037752184875052073,0.12061657448194564,0.12060191569856983
0011,224,9,0.0940557089947295,7.757150007316279,0.25069726700592126,0.664624582496062,0.6359043813006015,0.18756496947282078,0.5253249491711931,0.4395554563599515,0.00018972129674609754,0.11927393299821465,0.11926589870210755
0011,225,9,0.07583737867741841,7.685325440905511,0.21032818044732457,0.5315730800164068,0.48884845689917067,0.14896256058396182,0.4295365626812195,0.35825788212817006,0.00015270263154980678,0.10205740906913194,0.10204540669867292
0011,226,9,0.06914938158210901,7.6119399056882076,0.1902461949281813,0.4786029976727031,0.43073907821782087,0.14030930211790102,0.4038911932782412,0.33711095262668184,6.0719803028454075e-05,0.08998207342244093,0.08997232873278667
0011,227,9,0.07051151517973707,7.62555346238221,0.17518363783727728,0.4579281415036654,0.42957141675601684,0.14457665684160778,0.42248705695281313,0.352775145189593,0.0007132054448853659,0.11882573096789104,0.11877556927311012
0011,228,9,0.057374276217181545,7.662680120960382,0.13115298033246064,0.33530595808611663,0.31535858426994295,0.1134677182088805,0.34011688024321984,0.28090340736201025,0.00047959400825697314,0.09093579449604967,0.0908714266270582
0011,229,9,0.05631108000422014,7.700261802030314,0.1279984824656716,0.4146284262023005,0.302631078107997,0.10966315017221458,0.3300991990150904,0.26854590831021974,5.987552304769989e-05,0.10202925046184726,0.10200737424875983
0011,230,9,0.055492448818210506,7.738305238539512,0.12815941630271782,0.4002103896547897,0.3754221710668384,0.11668802344710297,0.3429754048880657,0.28368491942442,8.854089203017128e-05,0.10124279016402504,0.1012359740290804
0011,231,9,0.05049669633220807,7.77682082268185,0.13658159592604477,0.31205836092538525,0.23476869877488693,0.09206225319052076,0.28825231085317693,0.2305826195303859,0.00011241990390447745,0.07459324798294494,0.07459065222663898
0011,232,9,0.04566992163697155,7.824638933786281,0.0949238659446984,0.26538579778052895,0.20945138432433513,0.08806430075337283,0.27127343916242797,0.2185509764758125,0.00016271023582337807,0.05210578881763848,0.05210330880140452
0011,233,9,0.045942811067688355,7.873010086064035,0.08899274004722264,0.2750957224802397,0.21747975935194375,0.09137672691719223,0.2804928147686273,0.22607895504980496,0.00022230386479924692,0.05024473003309838,0.05022553060398432
0011,234,9,0.039555760053186305,9.741287463968842,0.14576255159521795,0.2231307227558534,0.17881613163355298,0.09890440237503174,0.24833513377679187,0.21535145131624156,0.002257625108800669,0.05815710859105654,0.05805329155333449
0011,235,9,0.028080359925740525,9.680801651282849,0.08301756945951916,0.22963421614746407,0.1855046195599982,0.07193328422428283,0.17756598591181472,0.15528507504807484,0.00017403574984789836,0.0344276085188242,0.03442149497786165
0011,236,9,0.028482317719538283,9.619602628143733,0.10464649130132458,0.36636998936286186,0.3280433427037975,0.0699150430078837,0.17314407552708794,0.1497459334185763,0.0010135848601836625,0.03864225134864326,0.038615963658664154
0011,237,9,0.017054076872236305,9.490206890814745,0.053023732556878235,0.21318627029502601,0.19877022362739663,0.042680957873706016,0.10450675704168774,0.09169464127703175,0.00010049203698978527,0.016556975046410835,0.01654783371822008
0011,238,9,0.01244813345899302,9.36117036395373,0.08156272145998886,0.2720247861677468,0.2707605766276051,0.028569038101690425,0.06844840495551437,0.0589911833966,0.00013673649076224834,0.020386934553631986,0.020361405522810887
0011,239,9,0.008331875660886246,9.224459508604587,0.11000055884166814,0.3887599139279245,0.360226116032363,0.00901452624329693,0.023149153706045866,0.017914930875824898,0.0015636671142576115,0.023939001369042402,0.023775836379337004
0011,240,9,0.0074191213132989466,9.08806593833496,0.09483961646274847,0.3485817868871856,0.29891231143017155,0.011975293176044807,0.02594569849526653,0.022201254472632066,0.0016236483274460142,0.0240040545771186,0.023820100561952284
0011,241,10,0.0038756758383155063,8.951988678441827,0.04551756781174632,0.2053893919679457,0.1879236405778266,0.002931816900231114,0.010639990652591188,0.010615279891907331,0.0007309880477601241,0.013849694535310033,0.013693703537308503
0011,242,10,0.0021695151484699303,8.813866923984605,0.02410444665299626,0.1044728408649428,0.10207228005752954,0.004078377209266336,0.012166851354759808,0.010302208375706274,0.00044806829636620407,0.006806156842546996,0.006706888419825197
0011,243,10,0.0068488170960966,8.601168419923534,0.08597298238676088,0.38824809956769013,0.35270038923382396,0.004118782430718804,0.01636184035812377,0.015673228545778604,0.002802294927688589,0.028321356645516493,0.028161481543267097
0011,244,10,0.006188329539469239,8.374811487338164,0.07569991684117611,0.34473183585455386,0.3116550057604133,0.002739774221488742,0.01379587536333106,0.013692877542024607,0.002451741501263427,0.018069843645986648,0.017097243700349755
0011,245,10,0.004954119589355556,8.152929209625418,0.04795271507729895,0.21426828803860412,0.2088686690459971,0.008081678601239383,0.02302543366058911,0.019420972116934363,0.0015615286793190385,0.016073407130546127,0.016041274892241972
0011,246,9,0.00871680522702129,7.935390937821235,0.06718183201739426,0.3094245103376795,0.29165743760675894,0.016491873847888437,0.04022295215963549,0.03433574764000413,0.0013793186143761529,0.09551991518218021,0.09550007463839003
0011,247,9,0.011119994930320204,7.6200494542242225,0.05751935576712727,0.21842610257873518,0.19645679147382128,0.027976118187228838,0.07035221818658875,0.06111626680563784,0.00013876787685088317,0.04225803751739304,0.042241990465143715
0011,248,10,0.01344172154731386,9.049519358040838,0.057475032376326424,0.18190182875707553,0.1533879227362085,0.030930503397824168,0.0765071037530264,0.06672553037762469,0.0014565108072511744,0.04944161248666004,0.04941916216570478
0011,249,10,0.016261590295747867,8.730948718058102,0.05756814529008272,0.14863597063700743,0.12673073167741766,0.04017708248881277,0.09913564940316369,0.08616682497673084,0.001438244117621875,0.04438395165087653,0.0443647346958725
0011,250,10,0.01789246878536332,8.425961110973196,0.05605065225010363,0.15625600094380945,0.13145877891705454,0.049764931628841415,0.1216384878037114,0.10742947670648467,0.001563280161256737,0.025952679254274136,0.025886400178221126
0011,251,10,0.02221296180825739,8.133707064468622,0.08602809747078044,0.22611544464041006,0.1958271667743528,0.05516789746117702,0.1311732197970457,0.11457557328504639,0.003149253989485248,0.04965823542527358,0.049477551532613115
0011,252,11,0.02654638362858796,7.739175274554222,0.07000223971949569,0.22765830393531894,0.2046839773198847,0.06120385263192419,0.16386378348752395,0.1455963938229514,0.0008059463693060948,0.04170904760875134,0.04165134736258371
0011,253,10,0.036204452481575854,7.371102728380032,0.1267321118999566,0.3123567137056556,0.2842062139213153,0.09227479037374245,0.20263230108137223,0.17856339774354218,0.0023646853978116647,0.060024412430472164,0.0593282352986513
0011,254,10,0.040691882250850984,7.035796941099643,0.1138309295674295,0.3175266793259048,0.27963521552554904,0.10970543319765119,0.2359877599405946,0.21031998491329498,0.002494797410302829,0.0731953142053978,0.07208391045442485
0011,255,10,0.05534800101813368,6.721564349918708,0.1320194454870846,0.41405812009702986,0.3617151306567492,0.1506180088253631,0.31774717503795213,0.28338377784086216,0.0017839205078898752,0.09947097834971623,0.09926478491588346
0011,256,10,0.06213929841533471,6.426479657504297,0.12101272355318043,0.4501671467576496,0.43853856838008437,0.1725542495691613,0.35852497575443104,0.32095617084910133,0.00018678286008058108,0.12124707542042647,0.1212206019616724
0011,257,8,0.07391921041900294,6.118485263477086,0.19523211990127878,0.4790869095369437,0.41229419430507813,0.19888077552378144,0.3758730079855291,0.32704784434487705,0.0013200560585860583,0.10308303944247806,0.10300564589090298
0011,258,9,0.09666841691588439,5.830950951227513,0.26454267888560545,0.6978331260063957,0.6558068152312061,0.2744835998200102,0.5090542738552405,0.4099311552639756,0.00043075237169972597,0.21295465613366832,0.2129483165382685
0011,259,9,0.10172549565099491,5.541285193211059,0.28567005261039574,0.733552200497096,0.6976731469739645,0.28431450432913047,0.5235343878387848,0.4298799565392263,5.1782240948668535e-05,0.13829212575139446,0.13828298158931784
0011,260,10,0.11658557932828917,5.269663710806706,0.3232168163450927,0.8826886155345329,0.8256647535264987,0.285566409245244,0.6019852489512951,0.5449324830101758,0.006696761048734508,0.22461763079759003,0.22422983158920604
0011,261,10,0.14555833338974547,5.014451373062119,0.4407780081601781,1.1034697930420942,0.9880399952646741,0.36022503534257766,0.7215268610273357,0.6478574631704375,0.003511675833344489,0.33074387799287536,0.3296427572564277
0011,262,11,0.14817400465441244,6.001971649670364,0.5245627930180918,1.106241642203796,1.018898821060264,0.3984228083409744,0.7868930222876195,0.7383783166793154,0.0012586986519198293,0.19220789484816825,0.19208145893651954
0011,263,10,0.16500392725685278,5.741076803694546,0.6543416275535936,0.8901315512799327,0.8281139231402745,0.45719968177469716,0.6858496617005995,0.6338093819858316,0.000978047327890863,0.13324848439345502,0.13323123788882166
0011,264,10,0.20175163005475868,5.611117407425122,0.8434278564506088,1.2272557160430426,1.1486412315684769,0.5097380481768756,0.9001983026534918,0.8329127273636644,0.000812511669979899,0.33138588331637414,0.33126939165387237
0011,265,11,0.2043786291384796,6.210882020080917,0.5187041280544488,1.8401023669933405,1.7568676414831306,0.5591393079990896,0.9992267760521427,0.9133332234187679,0.0007986451889613581,0.25794557398637596,0.25794348574218334
0011,266,12,0.2219864547120366,6.98021050995019,1.0904928030177847,3.955447740056746,3.8689534169389517,0.8465098364311756,1.6830613282541522,1.6590607253286207,0.0014810789478495756,0.23775815056403993,0.23762282879183722
0011,267,11,0.26715634511694286,4.827437782971286,0.20760610325268766,0.4924291446349087,0.4276241037414087,0.17838809477052384,0.4561138618295463,0.4018240449131626,0.0004824329484195097,0.35151347245380715,0.3514654772055178
0011,268,12,0.2630868873057525,5.052500586901531,0.8264571300537634,2.8875826348919613,2.8260457178324105,0.8348243424357218,1.6244653879923068,1.461174133689823,0.010882986180748611,1.3103501467086693,1.3089563505145712
0011,269,11,0.2836006205734131,5.0555444198550985,0.8147719025505419,3.1477792821206187,2.97049712245233,1.0474744193072443,1.737805556579157,1.4907649187922054,0.008451713629722182,0.5205507847496272,0.5200623405549238
0011,270,11,0.33450115702125777,5.079416263754663,1.0293531440488806,3.8853416391198325,3.6553573451530013,1.3066609908008884,2.0595293011954574,1.7042410978257185,0.0035007684878936,0.9246853996216495,0.9242841892033111
0011,271,11,0.3216529658724499,5.104480249942157,1.0257310320650386,3.869104258202067,3.642987622840972,1.311109792786641,1.9705572046790996,1.563598757659745,0.007426964367084318,0.6654608723385809,0.6645942058192594
0011,272,10,0.3412741596219026,3.912382329296828,0.2634564028242436,0.6791045040417678,0.663217819098104,0.2457165783013034,0.6453816839447017,0.6105048096974632,0.01016053907761914,0.8118493838718644,0.8095056770667169
0011,273,10,0.3974296013443982,3.7649764715756704,0.29455759191142955,0.8131284730097172,0.7936808250969786,0.28267417918681603,0.7865620170469788,0.7321662257888696,0.010579191816428935,0.9892943322827908,0.988029362520795
0011,274,9,0.38218530136600243,3.6221856012857954,0.23754711919962845,0.8116398895812127,0.765395023017019,0.16986504634278382,0.7480955309295123,0.6864993842172783,0.00033885915037075724,1.0986955571220505,1.098654247610095
0011,275,8,0.44010950304919844,3.5677323147484508,0.28082816769443397,1.0448037592772343,0.9367802965098508,0.24074809152321128,0.9033730819710566,0.8056570934316444,0.0038016901947420783,0.9860980678866867,0.985532756492073
0011,276,9,0.4206320070177395,3.561835646389132,0.3271796896912552,1.038060369702956,0.9242449008871847,0.3409583463183833,0.97810305434903,0.9114011506700939,0.002405964949063816,1.303470790346959,1.303213879428266
0011,277,9,0.43739397448341316,3.5688664154719,0.46681293284815883,1.1419126362961014,0.988491962200765,0.49573114789517947,1.0993020716438682,1.0128875867154918,0.00761834772192594,1.2743848751522724,1.2712217850136889
0011,278,9,0.5009972926584186,3.5763134867901605,0.6884970230364097,1.4199506018510595,1.1798144751060577,0.6287183331940042,1.3920447266422438,1.2177176613457394,0.0032555012762637975,1.544864699459758,1.5447302738420552
0011,279,9,0.47441171018936257,3.5842143374650672,0.6936271063075662,1.40357749630109,1.1161425426166638,0.6051436127453532,1.4452258883447204,1.2752010127473778,0.0013788023523516304,1.6215873354249193,1.6213698731166362
0011,280,8,0.490040453603173,3.586547079875393,0.9894820282667334,1.525537533570788,1.3266105727662145,0.8446209401690663,1.6646729897352035,1.4433855341806532,0.0018668569076228146,3.1681338479825167,3.1678431340730118
0011,281,10,0.5520784823473864,5.008662148074758,1.1363177457402098,2.389029728660537,2.124292449386367,1.2066303240108536,2.1585429143576444,1.9513740198070952,0.011731744519546576,1.938488203443939,1.9349525357240887
0011,282,10,0.5130957995836802,5.085032038229167,1.31501659591679,3.063816686953893,2.8014604039754247,1.2813451233067599,2.3812113002989244,2.0411048503458256,0.00416907635943557,2.1431958973642793,2.1430495669568494
0011,283,10,0.528575835434911,5.167792063715717,1.8280721877404251,4.3995767588912775,4.041013273061997,1.7778420360129115,2.9507193045524183,2.54259905286647,0.0027052017797355938,1.9695588767807488,1.9687698910506943
0011,284,9,0.5973747019768095,5.411964046227855,1.6820300905346564,5.755271884954793,5.11774114752387,3.0951338533387065,3.5060406168310787,2.8730011876555355,0.002981438942813434,0.9308985329013612,0.9307600548246485
0011,285,10,0.5602647869422732,6.887431881068979,2.6122697213516393,7.567737330474669,7.435175867457188,3.327342020536785,4.911073080059693,4.70502044140124,0.006169239249112934,1.1602599631331114,1.159524909241625
0011,286,10,0.574632385206701,6.3749532209300135,1.4625949755833463,5.104921138924324,4.622409208383245,1.4979214957486628,2.3316721816076273,2.124466877413875,0.005134595053529681,1.654439990289898,1.6542590891828424
0011,287,10,0.6498098863667114,6.7748577404306785,1.9296875617813483,6.691046788977476,6.089151805644635,1.9554166407200892,2.8282017311365144,2.7030726129525604,0.007806673799074508,2.3247553698508034,2.324477909132821
0011,288,11,0.6072067357780699,7.223423677864476,1.6052008184159687,7.304036778993766,6.870913529014998,2.0993222133811393,2.915659438444478,2.6457164422827515,0.025442409179481783,2.901546204695508,2.883317637938791
0011,289,11,0.6818799408476425,7.730109093676716,2.2031476474010527,9.711148733072841,9.36418669454916,2.6318167284864744,3.794220938199165,3.08676686789571,0.008911426596517375,3.2886472994004774,3.287916910209875
0011,290,10,0.631051129440088,6.186981197594582,2.2897306159816972,9.473996276253237,9.1476794639948,2.873260429135052,3.8785583755668,3.158682827655473,0.025134903104527866,3.199343436394519,3.1897227670957644
0011,291,9,0.6413008982673746,6.435127964490858,3.500131492298922,9.95127319796042,9.29307916809805,3.2255211555635013,4.981214332943924,4.182867013021287,0.006569483236505669,2.1351254405471565,2.133361341830798
0011,292,9,0.6502318894424933,6.745095938669296,4.255903660661144,11.789049411592698,11.052547704740087,3.8147594520828636,5.9220884290882445,5.671205076169502,0.025072125805913652,4.257997043661862,4.25048186005677
0011,293,10,0.7246279561356433,8.381339012078282,6.27704442990496,17.138089021056285,15.69088088186129,5.030909836857884,8.363446233019928,7.309940135891821,0.03427205762788148,5.139883725092779,5.1373299118000615
0011,294,10,0.6692087886744346,9.323095296776351,6.857915276681488,18.782439666194136,17.26371143782648,5.518493136726667,9.482668111913744,7.96425239244795,0.025111689910040622,7.142098011131109,7.135003434353176
0011,295,9,0.746631108912848,5.511231109415583,2.8032569233855837,10.346709452978049,9.758403482093701,2.6217356199327457,5.677141432209145,4.378721678153755,0.004096327334555565,4.270815729451853,4.27018795829646
0011,296,9,0.6845615400686603,6.643443370537541,4.043299298136271,13.168226286249952,12.303106594474775,2.6144966366494446,7.227825916806459,5.691456354897522,0.002629724703487675,0.2861282129929424,0.28574706319114584
0011,297,8,0.6887972064947782,4.0671785816312385,1.8079970290859348,3.371102737998328,2.9203794221522044,1.8731595837472286,3.1227041564883327,2.746115223878067,0.028910776354519486,0.6195390891096284,0.610949665310723
0011,298,8,0.7613948651695175,4.289340985430142,2.2659188820762073,4.236477522440532,3.6511356929991217,2.2994665825965734,3.9451297155740193,3.4143792203751233,0.05495035152264593,0.8465821047751626,0.8364658312535459
0011,299,10,0.697661696227384,4.629857461925706,2.297317752358429,4.812343194466381,4.414017416960382,2.194992795879296,4.22558023728847,3.540164600826338,0.031720769221579515,1.1942767010343458,1.1909363718839732
0011,300,8,0.7011139566889838,4.710515346109617,1.1892658696804457,3.117740594898107,2.9376087527607035,1.2135693259529097,2.158480180009766,1.964518675981681,0.002656998775003752,0.5745228310380706,0.5741271770100398
0011,301,8,0.7775819716214627,5.00559850674306,1.5711579067689847,4.0902174519503,3.698860270073058,1.485324675254249,2.7505395435817834,2.5019574674296203,0.002014481096364632,0.9936376679483517,0.9933300111808705
0011,302,8,0.7129767105328327,5.3518573928163065,1.847957691588366,4.1808171476242375,3.758554443456531,1.7410457493264935,2.8951443261717054,2.1756656936829577,0.002772562467049844,0.31931889721131734,0.3191944482762587
0011,303,9,0.7186876496633974,5.745811047908051,2.785710324108111,5.053803342690473,4.269831697992316,2.7231097132243076,4.793206344291086,4.514185828847156,0.0037388925884586257,1.0991800002537884,1.098952030379447
0011,304,8,0.800296559292053,6.198041468776521,4.244943857739487,7.191439291448284,6.668567681735369,4.2793737295990875,7.233524343900545,6.495622354416462,0.0028369592129849543,1.8761670839745141,1.875634033967629
0011,305,8,0.7313598795771304,6.722513944365636,5.212156362118977,8.831606817076409,8.486193079771766,5.029045914385719,8.689995311023429,7.996692469288016,0.004785572915279133,1.8712993211559783,1.8702691313021078
0011,306,7,0.7354135794188961,7.338040307320068,5.357354246713803,9.445540414138717,7.937020381590601,3.193509081298012,4.437061887538564,4.175129430855139,2.400930459457103e-05,0.6545050207976294,0.6545006725350248
0011,307,8,0.8129159133157833,8.098832466844792,6.724675929814856,16.04282248491581,15.413678795198813,3.5416853197462803,6.052155002869465,5.625357914375355,0.03187103568474488,1.147998316255881,1.133249900081422
0011,308,11,0.7402690563804172,9.02789157212973,6.33508344452748,19.483138025077043,18.3264084914758,5.059784939430449,9.131685381842743,8.464220587475896,0.037669717212409644,2.550253058626092,2.5430832903188176
0011,309,10,0.7420738702498004,10.187984087216803,9.526079768513519,24.818927201439937,23.08865098255411,4.644474098318465,10.21817917986469,9.914231397158511,0.06024359825828095,5.3263428725907955,5.313590848265454
0011,310,8,0.8169371585684747,5.3303879250943105,2.594995991355267,5.573657760354592,4.990047492853912,2.077870748832498,3.5542706828366923,2.361101911448013,0.001944666707722228,3.5566324905856916,3.5563436832247777
0011,311,6,0.7427192082735707,4.031627555203335,2.6399244425168495,4.434514248995612,3.853868114972482,2.123557515246513,4.127295747802532,2.8666650277025454,2.9076756616643827e-05,9.31796812810935,9.317961646125358
0011,312,6,0.8135413612720526,4.317983523467231,3.3725855302472745,5.9128568573461795,4.874702957961182,2.6370123529941907,5.62221090502834,3.871071380409721,3.3102675124827295e-05,18.31717074166901,18.31715848604306
0011,313,6,0.7387279828456303,4.650381489365626,3.4088280886632765,6.370344762751867,4.787238938585846,2.71343369759158,6.286375919321998,4.269585465057455,3.106469744656592e-05,32.39385901357618,32.39385160061991
0011,314,7,0.7366119343209668,5.019282574901428,5.344629412543201,10.057190244805888,8.888383797199765,5.03451018101532,9.76235226298419,9.21046380680904,1.9452418462972762e-05,1.0044259599055183,1.0044165833799072
0011,315,6,0.7350473415265472,5.458861671909466,6.217591261612981,10.544668247680447,8.940749252315491,1.8877250281226217,5.586994980646535,4.6303098590298335,1.4002412419232994e-05,0.9413646350201156,0.9413562178956757
0011,316,6,0.8073846989296989,5.991582893627533,9.030747796127343,14.741291946902551,12.751345963941091,2.2330975826263186,6.984328828488354,6.027764779991955,5.494755013815508e-05,4.980624834754823,4.980619697001834
0011,317,6,0.7306052364455053,6.635233547782557,10.596087355995058,16.690011081031344,14.781441094973625,2.373153429895666,6.982320837884999,6.115876810898655,5.5751793120971976e-05,7.193049176760044,7.193035032332334
0011,318,6,0.8000609701271003,7.447675845230841,16.073118156653504,24.09929488174009,21.794093034808284,3.054843804488941,8.959737902506875,8.027805107560216,4.197103278187798e-05,0.5188139361063164,0.5187958281240186
0011,319,5,0.7235777254118856,2.773235088243662,2.275013196607803,2.7455525265364606,1.8970922023398038,2.2229117097695315,2.7063502202071206,1.720160663115446,1.715654767378115e-05,1.7511427529598476,1.7511386817127443
0011,326,5,0.6933943341336946,3.6042628299665918,3.8568379780235498,7.094427934382688,5.934891032661618,4.216268379477906,5.484739749291681,4.284427452146046,1.890573829207923e-05,4.350163377475772,4.350158664061624
0013,66,5,0.6815549894945352,4.812663932069707,2.0845063593685316,5.2613762323115205,4.764446984221132,0.5485287481301168,2.4150543495081864,2.1098272719243467,1.643323643111807e-05,1.3137875304028155,1.3137804758553975
0013,67,5,0.6748402699900107,5.134887307871141,2.586800596392277,6.675967630964489,6.496881726510865,0.5892648329021622,2.863180224773071,2.4914613433300565,2.3645414517630688e-05,4.840309086012354,4.840308405572076
0013,68,6,0.7373257504751451,5.499091577549651,5.845018637912071,15.424795900311587,13.992269997213556,4.387801837936983,8.49230260712417,6.13646734783531,2.7262571637286352e-05,4.301012388817016,4.301010856807745
0013,69,6,0.6687686138419117,4.022525803451441,3.021889252434119,4.616072193486544,4.07841698314865,2.3387671084564863,4.03556179877812,2.8594631975281604,4.325708671437067e-05,3.9554625721485617,3.9554540224805366
0013,70,8,0.6660165005128673,4.231178113021582,2.7359398862349678,7.206919357850999,6.401428113939022,2.697295354382245,5.749344628871284,5.207840060270619,0.040439334782484106,0.61278515632542,0.6034732494163568
0013,71,8,0.7323165457785686,4.462811124099985,3.838165778421095,9.639887275147796,8.611002908749956,3.5430683550773576,7.438846565918315,6.6398129178087295,0.006237591340916993,11.854130636591389,11.852147339219469
0013,72,7,0.6662806063606268,4.045123147751136,1.2946128547720268,4.541566068798316,4.390585637999418,1.740176589178223,2.7180136013214904,2.484323240707624,5.497268012545517e-05,19.88934548790043,19.889333179749997
0013,73,8,0.7273909768103021,4.219178735186942,1.3132921153053412,5.764678182204728,5.621221646848605,1.6237071285750622,3.7569578914344297,3.4248026676266132,0.04054297168976184,0.33764338724913323,0.3252254134699065
0013,74,8,0.6602754318182479,4.453444622900102,1.3070421735987732,6.1763032680031875,6.008951547843783,1.7640823625556026,3.976835185110462,3.6042423597353963,0.0011414602615986537,0.9152505807574484,0.915085407064649
0013,75,8,0.6558374592000972,4.72538005177901,1.7896640254456928,7.787130668205019,7.49806555078482,2.1669795731450376,4.882319801476323,4.387072115228255,0.007093946781307824,0.5228971097187896,0.5221267038261669
0013,76,8,0.6544866455638768,5.040222214767352,2.419802184199681,9.897521358282992,9.35334824077286,2.7709394694320904,5.913722635026333,5.118410645092431,0.004230212956800375,0.48146920654150843,0.4806439013003773
0013,77,9,0.7159553825061374,5.41463497748073,4.12323747431521,14.451401825625481,13.735836083031092,3.448580773983431,8.408301917348853,7.305024308984501,0.04463234583685216,1.6630648788600055,1.654918205150398
0013,78,8,0.6502973110760162,5.86869868361732,5.38371926143236,16.125809627610863,14.719457463702435,4.0897445884511185,8.511858043252118,7.567637573172131,0.06361726557428124,0.11674483334085961,0.10718105521968065
0013,79,9,0.7119403647419754,6.428724922137794,8.189633129196363,26.553660074378893,23.95886352766423,7.823164449674624,13.3299473745317,11.611659036159105,0.04017925510932345,0.4858270406911322,0.4806903790212547
0013,80,8,0.6461383745585435,4.390640596403635,2.6968416866558123,6.3318264507577675,5.014627872521012,2.1792676198927787,6.0452298202189105,5.507169409328148,0.041431606859661116,1.4188729726493692,1.4086774502278663
0013,81,7,0.6480199027453047,4.008626023751974,2.4705863045118504,3.3581070619662996,2.4418626716362057,2.229830598001185,3.094117212843163,3.0238954924055124,2.2289935717576244e-05,1.8607342308977777,1.8607309612068381
0013,82,7,0.7126694555674663,4.269234915779762,3.187420729911997,4.799785280755637,3.4577950954831067,2.891560740006068,4.047406037441585,3.8727905427676754,2.9345491189789893e-05,4.337458473620058,4.337455090607221
0013,83,9,0.64614781408834,4.578359706103253,4.071760099490017,8.903551615654704,7.036394315328374,3.8676058031255853,8.518594082729594,7.490854066892823,0.04427017115474292,1.3512401620285295,1.3290557053443663
0013,84,10,0.6445530270864281,4.9541349069216984,4.20011250434591,10.18384241673689,9.168147764632565,4.07466452669738,9.978535238985016,8.842316177077612,0.05341347047332792,1.7550118443247356,1.7448704114143676
0013,85,12,0.7069718189130734,7.555786090418237,5.682632004254766,13.88508709403474,12.111136846018239,5.510648378417934,12.847239548212565,10.97030132747642,0.05067087222807774,1.9541720286715676,1.9481341773624958
0013,86,9,0.6426898080357039,8.402064996548942,6.7019364491511775,19.65820782071793,18.917281786068266,2.827208239669129,8.069453602766403,7.696847766400391,0.013236574001295803,0.291466465720295,0.2913835273404704
0013,87,10,0.6409371394743012,9.507257948846954,4.13749118408991,34.033480205647464,31.865385408124133,5.626426907229066,10.986503082893316,10.538481260742367,0.0858672942109924,0.3267573799557116,0.30438281944326157
0013,88,9,0.7023572568576105,7.718665573049119,10.39580613542104,54.71299496042956,49.55614031546369,7.492577656541625,14.081704357437893,11.29930729007633,0.09268210393030372,0.6240661488947501,0.6189272893881909
0013,89,8,0.634784291838613,4.930544145087516,7.999767111972949,22.700631741531865,21.433128207216342,2.6171066387264057,7.084532723030872,6.4589005832688695,0.02232835195660685,2.298926947541351,2.2967110259985843
0013,90,9,0.6309187998251469,7.913768369386602,10.88719822727457,30.53336041893439,28.83114910426873,4.155068137434999,12.55731119098103,12.302307478031887,0.0013409781287965707,6.462266306336016,6.462008234081189
0013,91,9,0.6903808695725444,9.040090656716545,10.595312980909297,46.30330403369429,43.51237957747802,8.835309740269564,18.236568146504652,16.9599911827248,0.01264443100480046,4.637029232390688,4.636810237524687
0013,92,7,0.6244027404387422,3.572112960414316,1.8751382023019394,6.02161270375981,5.067721499474722,0.8115023612242599,1.128335222529143,0.9631228776949141,2.846896581687246e-05,2.6348745740700306,2.634862463710447
0013,93,6,0.6833635263153458,2.647956001486436,2.3283293536159935,5.79376783796512,4.516822383946063,1.2098410834661284,1.7379738784500716,1.3156349222533446,1.9680603928875477e-05,1.7599252113144936,1.759919393686248
0013,94,6,0.6229247403988903,2.85898709693938,2.502207304825385,6.279963069115771,4.5515590028695545,1.28905345543704,2.1746765329676117,1.791578208402303,3.935925736025639e-05,0.2141394386164083,0.21413202423443436
0013,95,7,0.619176342234046,4.453083599620157,3.749234137844871,10.795881914815512,10.402761706849041,1.5612184741526944,3.0803864978081954,2.8712893815581673,4.64327125130484e-05,0.733336457449009,0.733326513015895
0013,96,7,0.6768770907431655,4.88483046825476,5.423610711634305,15.127923193015926,13.787259081191854,2.1621834452075026,4.824903444803683,4.559263334386593,1.4169971433454514e-05,0.45236007322314803,0.4523564108984326
0013,97,7,0.6141975317306524,5.430986572349871,6.957290255982636,17.509029837022993,14.58908706913634,2.42266326661867,6.282148013995574,6.027470516650472,6.83606453969308e-05,2.2469705681958003,2.246963480415344
0013,98,6,0.6113030773909289,4.1427667721815675,4.779453979760131,10.599301201197543,9.171381936637227,1.472031549054929,2.3251706726732952,2.150997329680009,3.262763676110123e-05,0.23984683613385727,0.2398415890295224
0013,99,6,0.6715072166358427,4.523036103333686,7.022493884194247,14.722146888291707,12.543915888417297,2.0703302525861655,3.004870824030638,2.729957254566782,4.1127664290808506e-05,1.9857552130852592,1.9857488536830412
0013,100,5,0.6062580995616025,2.4851624049884604,2.2619143177587433,2.4030709395392154,1.6022590680270237,2.0784805417457615,2.558704488452677,1.394370064492836,2.0828893010989677e-05,5.184449179823813,5.184445021351633
0013,101,5,0.6674007779384293,2.5392391067324414,2.60277450669774,2.8818218328366396,2.122158712670964,2.328365617837064,3.0535433015108007,1.5908493744177628,2.574941933727544e-05,6.486741140539883,6.486737794666762
0013,102,5,0.6032554282541985,2.607097237205339,2.6905539918350545,2.993181736627252,2.229247567278704,2.3502267847558476,3.176864262290151,1.6672046968139282,8.948402398335032e-06,0.4473888821564483,0.4473839958893729
0013,103,5,0.6005917077890921,2.692239449036565,3.0375068083069863,3.433859127000733,2.6092447324835035,2.563914297047675,3.6078181547487262,1.812266300627757,4.3920220215486064e-05,0.1825281664423869,0.18252693113468493
0013,105,5,0.6507874852868447,2.131205549432622,3.745990172344322,4.981171219284081,4.86960192064544,1.645295929369408,2.7592164503149363,2.094015993687848,1.4146487077964469e-05,0.7401852622490567,0.7401841181328283
0013,106,6,0.591672297262026,2.2315772708733106,3.134989626682664,5.674980104229,4.761843665331579,1.6269069942389907,3.2963016574352615,2.4539275971465124,2.9031926408925484e-05,33.53250434244416,33.53250066037618
0013,107,5,0.5920488814478858,1.6930027545066297,0.9898073937043007,2.3595518661871067,1.9058616213852277,0.8635271388842294,1.5382883809029357,1.2617040165530231,1.2276415281498338e-05,11.190553004761123,11.190546148592391
0013,108,5,0.6502099911353508,1.7379769066236206,1.182360929034324,2.899266309598709,2.3427755374940444,0.9738788301966684,1.844953083700242,1.5116936508055032,2.7613236321775945e-05,14.85027547385343,14.850271290362745
0013,109,5,0.5956646545969815,1.7829128164503945,1.2119867610742723,2.9483916727233863,2.3538224502076974,1.0284912006852724,1.9291257994326807,1.5021983665664134,2.782337831533211e-05,71.91387201569951,71.9138605510328
0013,110,5,0.6574895413594087,1.8314868371287925,1.4391006535382571,3.5882333476611605,2.906924860529302,1.2431574384438175,2.2730323524913048,1.7290722339468823,1.0579321385232734e-05,8.047038284979514,8.04703487115313
0013,111,6,0.5916799298557703,1.8837941489381411,1.044144374685001,3.537030120746487,2.876991921182074,1.284847279352611,2.1693082669610004,1.78559176871995,1.968717292767613e-05,5.562243358635919,5.562235531560699
0013,112,6,0.5821223529674725,1.9429653293458868,1.1253448174839975,3.736709633158955,3.074855932022675,1.384600409397306,2.284517509633667,1.8584938984210497,1.8723729834924375e-05,74.59688035709569,74.59686886534732
0013,113,6,0.6405498247710614,2.0059540586280526,1.5032128675391025,4.660426391209705,3.8299521966742103,1.7177945986958676,2.996080502538641,2.454467454339814,2.0065117290870628e-05,11.547926189355664,11.547921798591322
0013,114,6,0.579327947172321,2.074994512488212,1.4091771810369966,4.2876464777156125,3.547430076461357,1.614370442322559,2.6239835092564587,2.2243926412858754,1.433943777047994e-05,107.22639377068616,107.22639291292155
0013,115,6,0.5878700058200759,2.157765457369891,1.679591378011888,5.112194011185435,4.179162222251911,1.8228323188696063,2.9859320842545447,2.5184301131898184,1.2482677506671916e-05,96.94403610083923,96.94403229401138
0013,235,6,0.5777126087846616,6.574341958917113,8.495667038982907,13.262556925003913,9.924871749507767,2.6407077989292747,6.59797497256943,4.660175414485739,3.8757662917229704e-05,123.51213961041486,123.51212753245493
0013,236,6,0.5284745060314756,7.254881431910587,9.353044856373513,14.082480829991164,10.213562833624053,3.189611624278494,6.890061426537547,4.313965255686043,4.6091463980499186e-05,0.15750609020768885,0.15749513274656138
0013,237,5,0.5859941871366173,8.276893651707743,14.468821254557556,18.456511851914406,7.783118718820862,0.18693110735838547,0.8809142998287809,0.8672175915140063,3.211687242926827e-05,0.0656840714974728,0.0656720609786489
0013,238,6,0.5322507939471539,2.394448392528851,1.4970862067249242,2.5015743680081832,2.2492966561859915,0.2892843352473518,0.5679895227955972,0.5146137776244932,2.072069019873997e-05,0.33881544110372075,0.3388070254118424
0013,239,6,0.5351185093253579,2.4416526758263095,1.5969159968452256,2.6611114852264017,2.41566438907743,0.3306500998353396,0.665573029748053,0.5891757375651049,3.476618375205483e-05,0.3076455254054165,0.3076289507957523
0013,240,6,0.5901922635700108,2.492936612802428,1.9306718347845955,3.186266756444289,2.91518902359408,0.4266335925000767,0.807966308345015,0.6991859339314441,4.90084856316674e-05,6.45553212080133,6.4555118399914795
0013,241,6,0.539682494709019,2.543490727886435,1.9155442328873116,3.131361739970688,2.887271862503689,0.4344081586436127,0.9051100900437614,0.8191491099310674,2.6918987465526654e-05,0.30931449662239685,0.3093047767630747
0013,242,6,0.5407169551520788,2.608231617441823,2.119151087151499,3.4253626574822933,3.220902945180045,0.5275898513106455,1.0265628852000992,0.9779094679863749,2.428634964299885e-05,95.87962214183196,95.87961186817422
0013,243,6,0.5988538164730398,2.677786050182986,2.6219991539835164,4.182070954820992,4.00850425038066,0.7089540575532607,1.2902604238930724,1.1722602929112684,6.743628670249197e-05,0.5160604791385055,0.5160500925143506
0013,244,6,0.5463822338519067,2.754998102292676,2.5359462640913173,3.9917560209691048,3.8627582267106306,0.7667507011976717,1.5082189532706978,1.2682666065460908,3.429776092025395e-05,3.863400182218494,3.8633899047774514
0013,245,6,0.6050460170233658,2.841206724288612,3.147268503013347,4.889381960278057,4.669766408040283,1.0527241590422327,2.023714938787885,1.6596139185677359,2.5476943780941854e-05,5.047613654853082,5.047605617544313
0013,246,5,0.5535388122045685,2.7244892841401924,2.801604252242784,4.321037279921301,1.7535859774433344,0.5488196895031964,2.1086471440237733,1.884888561370544,1.0568275524971934e-05,13.941833224269411,13.941830335351415
0013,249,5,0.6197663615701804,1.60412981062245,0.4330690783269356,1.3581552678080453,1.260221603164637,0.15247911153280652,0.17546800360643605,0.09657543374306382,3.1216790200808054e-05,0.11819721967691613,0.11819550505086476
0013,250,5,0.5664936624870314,1.6417855412735018,0.48163794182227954,1.4910728609484343,1.3690491659317563,0.14669162803616723,0.235470533121147,0.12089171162972463,1.3667618038703151e-05,0.11807862684892298,0.11807044953173304
0013,251,5,0.5684502722636026,1.6833882051743454,0.5808425597267117,1.7423091355283447,1.580957347257981,0.13378849563835363,0.23069090187974767,0.12676098827765414,1.540493610907982e-05,3.917404366789523,3.9173991068230696
0013,252,5,0.6274935832061923,1.72990707641787,0.7854063747887874,2.267780334907176,2.0111419985390997,0.2000297735828985,0.4274228381092098,0.2581490632859891,1.810184476263021e-05,0.17792724829340192,0.17791352962225804
0013,253,5,0.5736928969297086,1.7799137781241736,0.8698405989146407,2.397677208700605,2.088391226417088,0.25684762989675264,0.5472963215733032,0.41163425081599436,1.8839748627622164e-05,0.1510954019572828,0.1510928047806711
0013,254,5,0.5713288603252212,1.8369482180354528,1.0976923632775206,2.9971558705020307,2.5657522142465496,0.35760148751506665,0.7575012987055225,0.6387982320560507,1.4936675377203023e-05,2.7604049553098293,2.760397293995453
0013,255,5,0.6322847122256187,1.9053557411693673,1.5587845681410928,4.010902254943893,3.360035720647207,0.527714801611138,1.156842670697016,1.0580746940025172,3.344109844878222e-05,0.09511352778104451,0.09510434039310697
0013,256,6,0.5786791153679551,1.9805849949259482,1.3361694103886754,4.806456584752029,4.031644240290069,0.5080857300019113,1.1986499863076474,1.0702265594523646,2.0256368428549622e-05,0.12861725115000217,0.12860950938682814
0013,257,6,0.5799128222890397,2.068376196769341,1.8207788689715425,5.990230384663257,4.927210389478422,0.6447988404323283,1.4576082747753307,1.291106358505036,1.5015470061333556e-05,0.2219252997987075,0.22191677476350885
0013,258,7,0.6434171783559733,2.2049450615252275,2.64027170164546,9.566877437912698,8.099103748309329,0.7907043966639368,2.076822885832957,1.907533394607811,4.2346638759324735e-05,0.25340511421429046,0.2533805364644534
0013,259,7,0.5895770488762186,2.3802480751237427,3.257908039608681,10.90857101960413,9.035816594583705,1.140005202773149,2.4660658197934358,2.3282466525240597,3.6663818211841573e-05,0.6481410399937165,0.648129239047397
0013,260,7,0.5935980109879878,2.59000809763334,4.598009145310427,14.114436377849106,11.24423076140517,1.779570760016979,3.50052284608577,3.401491114157932,2.777966332335999e-05,0.5190356129625084,0.5190237282894767
0013,261,7,0.6557075362617147,2.859124412487328,8.011566979888265,21.10500826215322,15.978935644045,3.104340398721978,5.755147523084595,5.689665716134981,2.377730082354012e-05,60.70329490121342,60.703286750596035
0013,262,7,0.5942103615793743,3.216943644671502,11.535012509286176,25.931241067275117,18.2529524637387,4.262708437433511,7.914091042983388,7.838312460395458,3.0368709792227067e-05,8.93462112472853,8.934616273820826
0013,263,6,0.593644839993949,1.9970038552932796,3.403546992999124,6.571604745207768,5.400642282006951,0.5330462330923039,1.0620260482754296,0.874133809894577,1.3999547256763536e-05,0.4643849874276601,0.4643808552240941
0013,264,6,0.655969531245729,2.1557094140271804,4.481077846786772,9.320588609321868,7.605259375958648,0.7656587055384763,1.5640885080694948,1.153803167323057,1.4783238605430221e-05,0.49534349415315304,0.495336303923953
0013,265,6,0.596273855691165,2.355812930899822,5.433569071547357,11.65208275587773,9.730298958876865,1.0470863221076772,1.9013694999502275,1.607462297691666,1.624285097778135e-05,78.3103711345425,78.31036216906367
0013,266,6,0.6678075671465199,2.635252714558366,9.266042534636478,20.655769416933598,20.35319265766723,2.2576395525694766,3.3001310359439797,3.1695002816295594,2.538128230934646e-05,4.630461672085438,4.63044783112275
0013,267,6,0.6070277639834747,2.97182004136429,12.28279232995635,27.461519997866162,24.507357368665467,3.8065243645454734,5.136695143419535,4.998572840482439,3.212150640280348e-05,0.38515953446104995,0.385154093074044
0013,268,5,0.6664247707258071,2.411184562686363,9.077469032770075,18.831908768747294,14.85967101593404,2.9346933399569974,6.425617326225909,6.184588324965888,2.924667675803024e-05,0.7487845712746984,0.7487788261234298
0013,283,5,0.7393651653385513,4.6622894439468325,26.11983230497887,40.12319120945749,34.57542446318237,5.128852588409348,12.792247522061519,11.015113865170896,2.845867381423232e-05,0.12274915655225471,0.12273003788179773
0013,290,6,0.7118554249791835,3.5105290998461878,2.689887095261738,4.530516268757144,2.6439639043850183,0.6165222203511307,2.1114534069105457,1.957907733860699,4.492435706864629e-05,1.0980382552804244,1.0980236443298488
0013,291,7,0.696286635923649,3.732259140829385,3.5939115920279776,5.55834793849474,4.272891450828652,0.6697800368811301,2.2600145525748485,2.0526018323891173,4.7154409356933675e-05,1.2393991091240513,1.239387875485578
0013,292,7,0.763932394280212,3.999491801907853,4.804739039933858,7.717136956341721,5.955702859579575,0.912732753765402,3.139510758850979,2.890342557872869,2.4200127630223453e-05,2.431221770935638,2.4312073842285646
0013,293,7,0.69396774180118,4.327490548121317,4.986220032248123,8.25501666721031,6.486666019108073,0.8845101957844094,3.3314167535361685,3.0560569578815198,3.282171522324275e-05,0.9437049239093008,0.9436993404839569
0013,294,7,0.6948133757106364,4.721292902450253,6.0055418656083255,10.47653732504584,8.283477121773554,1.0338916038251922,4.030450725319717,3.6974518938809364,4.9197617267726973e-05,1.0675660606961166,1.067557165268792
0013,295,7,0.7626511329058495,5.2003601177668,8.133072456984207,14.889072667255816,12.032310250635714,1.4337625012657984,5.678475143959681,5.189967887075356,2.167699449870739e-05,1.2724746360816799,1.272464667388673
0013,296,7,0.6907009062802644,5.815267747435039,9.02041719013045,17.46129121124286,14.378156248942533,1.5775105232753788,6.5676787600927575,5.984706729322575,1.8913492793820802e-05,1.3494524092696956,1.3494444868243707
0013,297,7,0.6884840941813863,6.638255268971635,11.473724593488429,23.6907441208481,19.737826216748154,2.3556054260146384,8.831383706913188,8.02038618266696,3.3451202845212404e-05,2.1510868966933283,2.1510757444348907
0013,298,5,0.7564413417346745,3.628381082149736,1.0846866119390746,2.1067538864046287,1.3080085566231707,0.3574761252441189,0.7088275367854117,0.6971714138242222,2.56905446364436e-05,0.25110121380327355,0.2510956189897203
0013,299,5,0.6861704929740909,3.9480296937083463,1.2863174874915007,2.3737057814906524,1.4657202751580767,0.3564384922737341,0.7065339659171369,0.6959718427263464,9.710169717805578e-06,1.2229508253302366,1.2229442672994013
0013,300,5,0.756459386883451,4.320304373386953,1.9482156043510712,3.384743450421325,2.0763502439606447,0.4434571720021928,0.8785022488813213,0.8666619772878601,2.650369897003343e-05,0.3155829329136196,0.31556825108723763
0013,301,5,0.6913588235746448,4.791066275970508,2.45692922341092,4.032516006315491,2.587289704037688,0.5107802922980607,0.884129194449092,0.8729845791915724,7.409913516736971e-06,0.47785956731995965,0.4778572165661279
0013,302,5,0.6921731527678283,5.408586764620596,3.7278555072879267,6.072191267453357,4.20586159032213,0.6855619772947219,0.9916651223498657,0.9787377729921835,1.6168082968520128e-05,0.08675188627784022,0.0867406567874816
0013,303,5,0.7630114939773206,6.258041892315724,6.543168712790824,10.638841209012051,7.67877259997524,0.9817191829768734,1.348706320145311,1.3335622199686095,1.961585152018995e-05,1617.4780877716762,1617.4780822949142
0013,304,6,0.6935581194189709,4.076780445951578,2.3618346707003193,3.158286371965032,1.4007329853420576,0.7549860970947369,2.4126475069588715,2.278334042468763,3.0218220091409135e-05,0.561140235642605,0.5611332506205186
0013,305,6,0.6940962947045616,4.3986384336786,2.907906040441167,3.820531748519878,1.6257775956651384,0.9105111533919058,3.3736204266082908,3.3353601996468742,3.135421824427683e-05,0.5946897516981651,0.5946813982605434
0013,306,6,0.7637395736523752,4.794575659203239,4.197848652015486,5.221918601423432,2.1270589090371232,1.2220813213433543,5.273386523284597,5.034064808652092,1.7588629761574545e-05,1.2099696052861837,1.2099641835360664
0013,307,6,0.6917978945905445,5.300341340716837,4.997187852374594,5.844088282261947,2.252373672922698,1.272347615303752,6.651012253992747,6.0704794756076845,2.1915384513760072e-05,0.5014735111947829,0.5014594058081843
0013,308,6,0.6932937879246038,5.95871055307832,6.830698193251617,7.57283665116921,2.7258232105356335,1.830399126806546,9.392598877147286,8.964973430886811,1.6160836940684635e-05,0.40831251238754906,0.4083056733136133
0013,309,6,0.7612816531249252,6.848671615537666,10.23454163884087,12.672999165260622,5.400145378078069,3.5804155740348165,16.15542291672091,16.12354534529064,2.74856952757624e-05,205.5492780717276,205.54926289935702
0013,310,5,0.6907791283384523,4.9460723565115785,4.94100787854857,6.994121867625977,3.8096168517469127,0.4826230146427811,0.6953252414566211,0.654112102422712,3.028103549772051e-05,0.10209618065716479,0.10208205937368044
0013,311,6,0.6889845034554241,5.738720579678111,10.662466141131523,13.969930411528567,12.955680042760745,3.4980795984307567,4.24894333006347,2.996090095430998,3.590062817012027e-05,0.7774324916072135,0.7774251946715762
0013,312,6,0.7600422160351858,6.8593346928080745,18.33857818660492,21.900534805948844,20.571146717391212,4.854359309660186,6.474587307629263,5.002133830838597,2.8189648793521952e-05,9.889510921264163,9.889506843437442
0013,313,5,0.6885792309063317,2.194439522144911,1.2107261958153035,1.9589738022713787,0.9759249454879899,0.09145821360086823,0.20383045339545922,0.19556228207447884,3.779233238286109e-05,1.2827079894384723,1.2827058239698215
0013,314,5,0.750078612549066,2.2532412230420023,1.4522709495941533,2.363327695494992,1.1703827854564723,0.13565561678037855,0.2946296232821874,0.2789896049569266,1.5262326729005715e-05,29.849906858997674,29.849901979556943
0013,315,5,0.6815553279729551,2.322476689841922,1.5247560121165198,2.4506591959710033,1.203686588590195,0.1717717300648308,0.3100292688117225,0.2906654511640943,3.796382468972908e-05,27.388343648061614,27.38832476461717
0013,316,5,0.745607315180397,2.4020517286005503,1.9672870510758986,3.114216175763921,1.5217735957018297,0.15823245594217547,0.4090217717873098,0.3869818402796945,2.2408092291655014e-05,0.4924290489637641,0.49241064580778326
0013,317,5,0.6726980009897717,2.4918958959357536,2.105022920996808,3.2886582775193394,1.592713003843979,0.10089134073442949,0.29141102607078373,0.28344266939771073,1.498278070447961e-05,0.38728939588735817,0.38727758615954844
0013,318,5,0.6683626035787211,2.59051268231765,2.5176489931924917,3.8653703967381148,1.8717131331655967,0.1700846989781387,0.4121574195837217,0.3954527585966241,2.071137699536901e-05,0.09485678671065764,0.09485433845058971
0013,319,5,0.6650845215931349,2.7049375149990227,3.0704296749482594,4.60505348079386,2.2175517859207434,0.2602973137839758,0.47517908537727516,0.4532972800680128,1.2443032500420325e-05,1.9647155452265896,1.9647085245258764
0013,320,5,0.7329363219274766,2.8444372326280525,4.242884020336759,6.250691114178275,2.939944159382856,0.20532147896089856,0.624863398175062,0.6025157034950299,3.3683886604086896e-05,22.001990444919613,22.00196437352646
0013,321,5,0.6677378173538365,3.0103978771598774,4.885039379521012,7.035518018991538,3.257419280352068,0.29731397664215475,0.7528905591644431,0.7207121260611284,2.3304016706797494e-05,0.41408758548764746,0.41407767253052213
0013,326,5,0.7028839206327037,1.6817709513993024,1.271208497544779,2.708017280421344,2.4861110883993596,0.03982297681104309,0.4710304182364872,0.4451983133361236,2.3081572442488734e-05,0.39344028111588164,0.3934299056054748
0013,327,6,0.6358352392576989,1.9813057859463157,1.3052195435464387,2.611445600338426,1.709388304641775,0.7889648825723684,1.3675838400310336,1.2231176813059366,2.80850662532326e-05,0.4145176049465334,0.414508264672284
0013,328,6,0.6904893290430768,2.004585832159171,1.6140697770840642,3.3546026741579467,2.276506380278475,0.9316258060148066,1.6714386994239214,1.4943444588596657,2.8108035511691992e-05,0.9197094214684294,0.9196989166833635
0013,329,6,0.620886450929482,2.022823842052991,1.6188463179076327,3.4183611359201365,2.3742338178618096,0.9513295160333282,1.679282229854003,1.5406726850249186,3.177601490356004e-05,0.43791556098816187,0.4379045763305692
0013,330,6,0.6087383212120278,2.0430717734706887,1.8058601726993677,3.8431808246806973,2.737168720755627,1.072481540412332,1.8363299417165997,1.6997155208032289,2.9407618377566205e-05,1.4583571702737836,1.4583462262497315
0013,331,6,0.6609946271893862,2.0582071270268067,2.298582689695899,4.903876797562878,3.5844755898532505,1.493493370849504,2.399857006974813,2.3684453025662076,3.467025566397746e-05,4.612376359515423,4.612360434442586
0013,332,7,0.5967025815995968,2.250779977715443,2.5739341719518793,4.917826674528383,4.041766343504063,1.6995057950622698,2.8704294128763297,2.856239669046252,2.681944417704911e-05,6.145453775902045,6.145446294438439
0013,333,7,0.59073683078177,2.2915598630250145,2.769293161207127,5.714811895129073,4.742944361085903,1.6713342467831231,3.177735305942699,3.151552947860137,2.505871273431486e-05,3.738702377150905,3.738697021495978
0013,334,7,0.6441464393008891,2.334384478497796,3.3913966226541503,7.396699898812142,6.192752753552426,2.168721905244925,4.022102042265675,3.8026735477445706,2.300467238739443e-05,0.9153002692880713,0.9152876775307756
0013,335,6,0.5768131710626473,2.383005326472095,2.29660444046897,4.054466585406676,3.7262463077104333,1.7975355993911495,4.66889592598719,3.845261752125997,3.2836883779802794e-05,4.596951538539453,4.596943667250467
0013,336,6,0.5725679617778605,2.437928944215995,2.4571187007457302,4.5701254372595495,4.206134354587282,2.048972458684353,5.1658166708262865,4.2554316062457405,1.7940235494019932e-05,10.455512421359439,10.455508188600882
0013,337,6,0.6247845441557148,2.4966645118296493,2.9566398058935857,5.618762672249991,5.233389145629951,2.0379337182192394,6.720582538144263,5.93501198717777,4.215973563427374e-05,8.364090342325836,8.364080351366255
0013,338,6,0.5609264586781475,2.5668099296198723,2.976846644376531,5.728364651194527,5.249274713093577,1.362162242683887,6.90003051856322,6.734294438751007,2.2795197454027102e-05,3.223153255154544,3.223139260205275
0013,339,6,0.6107299240893787,2.6500023664329113,3.763975227721194,7.3824434541809145,6.4892330198074,2.003237496315177,8.432877458330719,7.883231978183488,2.125919990323743e-05,9.787193456965944,9.787182136188365
0014,1,5,0.0184169290487272,2.0922917508651615,0.01897599071072911,0.030483225585017922,0.02695356612387055,0.005511857368467865,0.006403446252277214,0.004749168011455545,5.170546697976053e-05,0.0015313024739281292,0.001529729923169662
0014,2,5,0.023699914279989357,2.0886904484286353,0.022254700983344797,0.03642761409328267,0.032117396915262705,0.006416185286884451,0.007578904804518814,0.005616800491176381,3.661215133183403e-05,0.0043241252133677105,0.00432215834889721
0014,3,6,0.025015831572551484,3.1203014583531794,0.011518885320370162,0.03066610436678057,0.026494526042344715,0.010556330427775071,0.015417250313680296,0.013856323076087775,1.6904029341248194e-05,0.0685721020508551,0.0685694251040713
0014,4,6,0.028605073186178297,3.1207331614261102,0.013709500513704545,0.03739129215564377,0.03305739509767344,0.01211616385774018,0.01789595226208525,0.016040735671866375,2.8535863069137893e-05,0.07145433090753281,0.07143828439967553
0014,5,6,0.03710394921814877,3.1211638705994234,0.017593894475775924,0.04788009268469064,0.04180107921825514,0.015316222300549444,0.022593648154597964,0.019908083584726354,5.9037730844853925e-05,0.005756859424525401,0.0057420604309597915
0014,6,5,0.04056862360492656,3.1187935003904315,0.023489719608198734,0.04251228748223025,0.03396671576656964,0.014871506962918673,0.019733281836907385,0.01736367774766686,4.675284142286307e-05,0.0034418479160861037,0.003427424755751658
0014,7,5,0.051228635111698194,3.1199063330175374,0.0333571757029352,0.05667175417739665,0.04118753056088657,0.017854000626607913,0.025334312974437563,0.02176587380201675,1.1189949724810359e-05,0.004168958276500986,0.004162756874985135
0014,8,5,0.07130419295182183,3.1178103145509275,0.05160205312663051,0.08283846462420504,0.06700407005209957,0.02427960733414009,0.036686297898491906,0.03205611949974123,2.5167851982801493e-05,0.012751815801952383,0.012745655601201852
0014,9,6,0.08015055052390342,3.115714437961938,0.038094865958274805,0.0716890151012908,0.06717985190554172,0.017042880493773307,0.022067217944204763,0.01842440499803498,4.1182385702540124e-05,0.020832675828842358,0.020825235030202206
0014,10,5,0.09424667686512941,3.1291455168489306,0.04634045624340141,0.0715399002132883,0.06077537888168503,0.019806933976853784,0.023290809616960027,0.018017684478671487,1.56946470486349e-05,0.030364783790963128,0.03035048964954891
0014,11,5,0.11830227398233328,3.142575830707322,0.062244148752500415,0.09078692317460656,0.08303716747396483,0.025372640320828966,0.03286106226071705,0.026766876900411553,2.1991147322574987e-05,0.378721780569981,0.37870836287138765
0014,15,5,0.1534035605731842,3.1992251304937285,0.08206235353915492,0.10840858445771921,0.05637844231095119,0.07908216494570941,0.10932993657748628,0.06124436964018421,1.739062674972688e-05,1.0085694116128152,1.0085640957933653
0014,16,5,0.18067943386329252,3.2100017154195357,0.11575196588901035,0.16325199364064866,0.06468994971993111,0.1289504529794046,0.17564513895139508,0.10466555928744925,3.391002101936054e-05,0.12427735542443724,0.12427662615278896
0014,17,5,0.17291095907244936,3.2281944291962263,0.1210966949542155,0.16748073540667516,0.07530094961648026,0.12927575158982263,0.1753551792267767,0.1059403467390186,2.7024420412920108e-05,0.11649982041513282,0.11648923999551465
0014,21,5,0.22930215128079262,3.3100426499443993,0.1976882103423467,0.25643248675526237,0.15416673871434589,0.21719559466101798,0.25995633670253643,0.16323828088222708,2.551418934758014e-05,1.5781258704720962,1.5781120610019208
0014,45,5,0.3595308187813339,1.535417892709536,4.1878240409627185,5.0519242966272415,4.5978908255837805,4.245409397713826,5.103214603645512,4.90569195375487,1.2979574056321224e-05,0.09557193117326473,0.09556355574335852
0014,49,5,0.3828889176566949,4.367221483828689,6.363737529101962,10.351632242652974,4.610257642275953,6.409827515906496,7.985346955310114,6.408170575794679,1.3102694683109522e-05,0.013515435362790668,0.013512331003678473
0014,78,5,0.6729609571236604,9.26663834580455,7.245661786177872,10.931908477865464,10.418798706055535,2.3477675212024387,4.662134889411635,3.803519692444167,1.9890688256485147e-05,0.05079825555558144,0.05078864823802647
0014,79,5,0.7523871253340876,10.009260163411552,11.070857085618437,15.314785193255032,14.765465741307779,3.251198860785118,6.659099572984341,5.659819533776452,4.002317642913819e-05,0.03208121787183073,0.03206485992510449
0014,103,5,0.9560113217288297,7.501639052608828,5.020168603893321,11.428483301156165,8.225314806658332,4.539189804266256,5.21757317032919,4.650467695528906,4.582831474700369e-05,0.29377777663187177,0.2937690270304777
0014,104,5,1.0573134162047155,8.111889963324248,8.15688161481766,17.189228966052255,12.56293236736592,6.215214815736945,7.965336976888985,7.10014797070688,8.63926402452273e-06,0.21163497780937127,0.21163227129321968
0014,105,5,0.9686441520614576,8.904366713966366,10.87558807494609,21.076202008087986,15.697978982921505,7.01500176233554,9.92614716850256,8.85675060981828,3.60552310920219e-05,0.06137906444523942,0.06137611059828425
0015,19,5,1.10896017493889,1.5302120862982682,0.32524291927731047,0.5728584177684386,0.4771255992101753,0.29460311914584314,0.39410144639821176,0.18371760648582577,1.8719425406471658e-05,20.16727908681392,20.16726924626032
0015,20,5,1.10939360309552,1.54650497194256,0.38166145804129376,0.6189541913469854,0.5160414189029734,0.31551607076934685,0.44846143148235723,0.23964327583979642,2.235447023730926e-05,40.065742908411906,40.06574007775071
0015,25,5,1.0915297076008157,1.6370677033553334,0.4696679897549684,0.8774006707198686,0.7951402743178018,0.3929363020718468,0.7880271174928871,0.7128834906311021,0.0001506026486358335,8.139171313664523,8.139143775607128
0015,26,6,1.1948171745882055,1.7019064741565764,0.5002061308393995,1.1286363855640278,1.053273864516108,0.5723124108989788,1.0788134615127176,1.0429761437951401,2.253520252717703e-05,0.40130183558934734,0.40129814464565344
0015,27,5,1.0926538817585278,1.7302464271752174,0.47901882412758734,1.0155429018482054,0.9084042200195122,0.317762444235938,1.1099467194383017,0.9056559972922271,8.860619105348706e-05,51.048518069803926,51.048454317642324
0015,28,6,1.0958308123695917,1.7607996532123353,0.47945452005478395,1.1882392046750025,1.0918312117845734,0.47558687542824774,1.295530452510107,1.0209572989314306,4.1353649685931466e-05,8.42082908929742,8.420819150472898
0015,29,6,1.2023228999135307,1.7936665864467984,0.6228811863031696,1.45150019921196,1.3334377668183026,0.22277942400424305,0.999779679864749,0.9594710728160389,2.0086305225771467e-05,3.783119831972342,3.7831172263530126
0015,30,6,1.0797379994739373,1.8293206443964745,0.6503484908437409,1.4302002475346358,1.2978467674150107,0.33914711041156176,1.2222914839969785,1.1839378176817428,2.3423332582283134e-05,8.223439945087232,8.223434283251498
0015,31,7,1.0752390150291722,1.868128747279137,0.8810808821662898,1.7070134126266348,1.5832027073211141,0.366548745381203,1.4512685087104693,1.3972036564043062,5.8651793468862986e-05,10.491527517700822,10.49151716687496
0015,32,7,1.1787986012351972,1.9110270429285863,1.2165988510343508,2.193520650881624,2.0498392585805205,0.5467753910418387,1.4565007135504087,1.3342245395018821,4.400707493432568e-05,4.765830807275122,4.765815856653396
0015,33,7,1.0606476787829893,1.9577414925257712,1.3064222313397647,2.2568641118231194,2.1218172267414688,0.49829001473194556,1.3198214106693487,1.239906641256484,3.673365240200383e-05,5.4518601791995085,5.451859205945081
0015,34,6,1.0543317043706801,2.009836212272397,1.557273731001731,2.673078805176112,2.4687897647954378,0.5495044018006054,0.9578473406389498,0.9004671096800817,2.321994240127637e-05,2.2416687718631554,2.241665824462658
0015,35,6,1.1544752778238918,2.0666571919443664,2.023504539714439,3.3629910935238962,3.15442606820283,0.5088136332988267,0.8989378384964302,0.8355446384152423,2.7436368150173452e-05,7.576451414877743,7.576434530491842
0015,36,6,1.0498067595297846,2.1299774498527615,2.1254099657439918,3.4600715995426254,3.2856970335857953,0.15891717742424702,0.871600013094127,0.8429556293989868,6.2567902565325e-05,5.816269453061127,5.816261580432035
0015,37,6,1.1390101139850175,2.6491104366703024,2.4932852889469737,9.259987014910468,8.288089748324154,0.1943305507838684,0.2651279137082144,0.2142654542730573,2.9843373132497683e-05,2.1839041286866507,2.1838865780769683
0015,38,6,1.027180094360521,2.745662952041474,2.7310795804051855,9.388442650791294,8.281558021703876,0.24349160896486127,0.4442075263783239,0.36599503136164957,3.368219039310726e-05,1.9081190890265405,1.9081121187028305
0015,39,6,1.011699527158981,2.8546326972296074,3.353447953754965,10.532852614015866,9.115547085267753,0.4786463563385037,0.9349681350757073,0.7619905832884845,3.275554511831883e-05,9.04660365401592,9.046592854643121
0015,40,7,1.1019331979581632,1.5584730399315432,0.7491565560297562,1.4388225388149283,1.2200824322858381,0.7157770967381599,1.4421314377082133,1.319294732760817,4.371380205795202e-05,0.48438434283486265,0.4843790040958914
0015,41,7,0.9814829837739404,1.5707246930541445,0.6744367409867054,1.2932345457734336,1.0627414611487345,0.6335521599744702,1.294986245895111,1.1538799642644304,2.911941289906575e-05,0.46304498810500794,0.4630347161638522
0015,42,7,0.9696825760776285,1.5915726099223517,0.6381836768945895,1.3242205205299744,1.0734334355911126,0.6304228090996307,1.3199604653173551,1.140598958142714,2.945959097812439e-05,3.9426821964147107,3.94268013579742
0015,43,6,1.0537962552720808,1.6127234306655074,1.0379003739807753,1.6513015544128453,1.4140444844864806,1.1108171917295755,1.6150109984511576,1.3915316523479546,7.871109065912705e-06,15.611467102766285,15.61146645656198
0015,44,7,0.9405855209356568,1.6354772497920613,0.6672263487434393,1.5277086224877368,1.3319638773224167,0.7793583402577161,1.474559578296428,1.2122215858147698,4.9428365022671305e-05,16.441365412016204,16.441348144364408
0015,45,9,1.0149335622733107,1.660023566015567,0.602876166563772,1.8203522843478273,1.7575640729803739,0.5863483418963332,1.8165547995273117,1.773568166580879,0.03326361902800576,0.7978033647805891,0.7894487629583347
0015,46,9,0.9040208001411003,1.68891643678206,0.5875828832918379,1.81609479528168,1.7531563299136337,0.582957877302439,1.8004561251407167,1.7566339069321852,0.017214661233305405,1.1736397441237225,1.1681371445460589
0015,47,9,0.8912647109653241,1.720280050302083,0.6753108874142448,1.9588264176708676,1.8925246649550536,0.6541625895533018,1.9160160895196157,1.824660055461898,0.011719795935940719,0.5896161990098227,0.5860914888839699
0015,48,9,0.9573388041690912,1.7539661538167037,0.7535200800421444,2.3047530599546944,2.23435807287613,0.7370380582342883,2.2068793230100328,2.0298659173423554,0.051814251813897504,1.5291324284920298,1.527938485332688
0015,49,9,0.8530141548762414,1.7953579867251264,0.6775733260988458,2.2451393439658975,2.1777637398276353,0.6898911193507189,2.1685764765284468,2.0667618170748026,0.01793904662332778,0.8168267963679889,0.8117284632545904
0015,50,9,0.8267502753697262,1.8404286593690562,0.7410783998424791,2.4682038988859714,2.3950941969641626,0.7686214425819077,2.3981269617332304,2.2976041024738567,0.09207067781423446,1.6030420326274002,1.5994538631265025
0015,51,10,0.8820185578671939,1.889662457895002,0.7799387856825089,2.972508665693949,2.854171598970598,0.7844567864392673,2.893033803334003,2.7828129048328356,0.06847952631927555,1.1077825633847498,1.1006581098953532
0015,52,11,0.7778927594897292,1.9322975841374352,0.7548047403000666,3.064791353679135,2.8689836500775328,0.7613370905757323,2.9477950573969522,2.7996979274068736,0.1125301151475173,0.6128974968976301,0.559410981229286
0015,53,11,0.7573524241521723,1.98288169534101,0.7899326485122945,3.3666327112170515,3.13471835829764,0.8360271677275156,3.1909940518695317,3.052195127952028,0.13868476401430277,0.4775677023733601,0.46862237720144023
0015,54,12,0.8105702594933616,2.0381246675695017,1.1033625923103876,4.650319967749958,4.311125476252112,1.1286547110008827,4.239383025797501,3.9235154178609952,0.17931956594473022,1.6905547176491629,1.6572213729043643
0015,55,11,0.7127322434306869,2.0987010670904973,1.2035006347427026,4.598623137191599,4.2086533253121425,1.15558155855023,4.0931384625877705,3.802074336854942,0.12053886827335425,0.5736689097825459,0.532014384081328
0015,56,12,0.757700956105437,2.165422584144069,1.2917012137542123,5.569247570092547,5.091210081172678,1.3280787619218883,4.841769627733401,4.58027817746089,0.16353768977956018,2.1103589372494236,2.091930282781405
0015,57,13,0.663648978027815,2.24527966026357,1.1328491968622914,5.4850470667627205,5.026181512713183,1.1273324629284351,4.738880430023922,4.5137834786206605,0.05977928446684887,1.9272798761778156,1.9156165447899152
0015,58,14,0.6400726053788447,2.302097044384172,0.9906307886423191,6.005246819111223,5.606030020159502,1.099745907637736,5.085933112170886,4.939328899782738,0.17604312754173468,0.6151292844688319,0.5565066796427413
0015,59,14,0.6775685072780621,2.3638886339766545,1.0495582884987762,7.273718118928101,6.76460080052597,1.133893670664747,5.937389379470793,5.758168606279015,0.18437928332653747,1.2986251111760088,1.270095231901122
0015,60,14,0.5931836114523289,2.4313378636623,1.1232848173612695,7.210165312455066,6.70230360094601,0.9542337550061197,5.759893203010105,5.595159723864807,0.08951451839078697,1.49377034630089,1.4784046795025738
0015,61,13,0.5717936409741079,2.5052587845582153,1.4901170395379275,6.727371165597884,6.639281499940334,1.1623584391381523,5.6512356688889644,5.394174187110411,0.06334303081126058,2.4595844891524345,2.453691803323817
0015,62,12,0.6057712888533288,2.586630124207523,2.0731567346480704,8.048446657550642,7.91431076196234,1.472008928220181,6.736129172660896,6.314880179319872,0.12618942382692921,2.5817751396008344,2.5738496042837666
0015,63,9,0.5276713369447252,2.6863471765918088,1.6248700849267037,3.8015379612846494,3.3962297367026255,1.1532291953188871,3.067252176021259,2.5851882276754283,0.006256035374487307,0.6789535422903994,0.6780969899983568
0015,64,10,0.508766977490829,2.7972410198485385,1.3029225388360128,4.378237380149183,3.9428801502895983,1.224970926714816,3.31622773383915,2.9082677265608234,0.09505833214863213,1.35100753283535,1.3319047499879337
0015,65,10,0.5389873282451776,2.921301629620486,1.6584962231630866,5.520163309869283,5.002454233821684,1.7707924738959253,4.0543951247792505,3.635853632240788,0.10352257617638227,1.269973104345577,1.2521892729301252
0015,66,8,0.4687104103263555,3.0610225892285534,1.1573288671823057,5.386285993528317,4.89516314665586,0.9815882525812889,3.233783001569316,2.932475798136595,0.0009362305250705078,1.0456042421453409,1.0454400452324135
0015,67,10,0.4912192702622724,3.219569137747351,1.3189230896010362,7.278360815476369,6.616044484071426,1.091412514936991,3.6099904040722204,3.366932012425951,0.07502034771361643,2.738962137687805,2.7285783401500963
0015,68,10,0.4257633344157054,5.969231488976749,1.6346629719436936,7.352649907773,7.050730426430324,1.209278431265394,3.191355628274802,2.792804249279264,0.03349942487585353,0.4348621970354541,0.43130011721065015
0015,69,10,0.4050890353566402,6.234973683767257,1.7664076935539097,7.9671816535147775,7.647857289888573,1.328138607593628,3.361385927657246,2.978652679697724,0.07807691549649202,0.47422534452613724,0.45325684066714095
0015,70,8,0.42241728978383186,6.5302562696552355,2.224407181123966,9.3198169180612,8.807601161195956,1.540007662895586,4.01295512187293,3.7418961588790625,0.003749717305259803,0.48419292476471787,0.48416875647616936
0015,71,8,0.36290876287982815,6.860295617164461,2.181856920154024,8.744493214898348,8.007776036227677,1.497150551649894,3.7208124679977637,3.4572829640832823,0.001918647928535108,0.8562513213789992,0.8562200251475414
0015,72,8,0.3421961617801148,7.231611981287027,2.3629232721917344,9.526463631345655,8.71235930866451,1.7130586952637552,3.9994425177574353,3.669552258418174,0.005374026199127276,1.4581723808537423,1.4579404224990593
0015,73,8,0.35379553972951344,7.564279818905323,2.8752012907816122,11.389568522005224,10.463808241174297,2.1299065770964987,4.712839671932401,4.509892925628699,0.06173710273850788,0.9768320870523476,0.9677461722797207
0015,74,7,0.2970133477657881,7.935233254142532,3.25152166383385,9.11338162392521,7.9227817009312815,2.148924378995106,4.426973595573949,4.228343724311595,2.7892769667960052e-05,0.27228110785296233,0.2722762760777445
0015,75,6,0.2764676516591189,4.579125864456393,1.351705560229017,2.0636090786155057,1.737155716568545,0.9588538825940898,2.174224053899046,1.87910540865902,5.163362886840032e-05,0.6291779058518217,0.6291668239823129
0015,76,6,0.27788034205373985,4.693617828560443,1.4543837389492806,2.0458091726449648,1.6855181421092187,1.006818981564578,2.3131189592428396,2.001050747200163,3.0830185367071005e-05,0.7452274239029548,0.7452208084609164
0015,77,5,0.23091018323932014,4.814816113582829,1.3538335727701287,1.9545795687420373,1.6646252685904812,0.9147320481462697,1.8088512399161067,1.5624074239090961,4.053980761360858e-05,0.38782599458200934,0.38781693160886727
0015,83,5,0.11200727530322303,5.305098545702218,0.4631028165915828,1.0101300729769302,0.8506190724146362,0.04667165554687616,0.17354104436019333,0.13947944741485596,1.4716005983988818e-05,0.30329730446375275,0.3032936988300303
0015,84,5,0.10419067049335314,5.36561166607504,0.49694040306044185,1.0285185086337783,0.8366694215431997,0.05228221203637531,0.19327193514686092,0.15755857169610749,2.6604054075924502e-05,0.052888329953042774,0.05287876089800788
0015,85,5,0.0783985919816351,5.427955834121238,0.36121702382071746,0.7442556822962165,0.5626224055509507,0.04816869548427194,0.17537610109150523,0.14524241948692532,3.0635589089095843e-05,0.03312556678630869,0.03311896688659918
0015,86,7,0.06693369844360125,5.492215434172824,0.5904573690584,0.7927465373646364,0.7334652090828783,0.2580703406081689,0.6059818416410341,0.5094381291566308,4.057327542936394e-05,0.26949973804049143,0.2694907154905187
0015,87,7,0.059004298551668465,5.495520846111029,0.5729102276025732,0.8923554755972054,0.8510580855980099,0.2123365046350663,0.536242263430194,0.4547612279525482,3.417255155352691e-05,4.3742198315657,4.374215846721803
0015,88,8,0.04145993609488666,5.498853584649299,0.4815485773266278,0.8126642148076975,0.6566229151442011,0.2244366437387238,0.5056565513565203,0.4480579718385567,0.013438935505469846,0.07696502729347804,0.07274224170453704
0015,89,8,0.03282291639320845,5.502213180287245,0.45144736194897944,0.7452277784403807,0.6289762755627103,0.17074714936192414,0.41568149601292764,0.3632885587530865,0.011045494880042275,0.062143272976404006,0.058428144357106394
0015,90,8,0.019975296707660104,5.505601340432413,0.3039732078706834,0.5571316225164172,0.5161144795441512,0.08727393985451805,0.20399011226261063,0.1722262016327169,0.0009859549312463164,0.7722646478521726,0.771903935913836
0015,91,8,0.016246448000916718,5.5281199403095975,0.27545782149430176,0.6412256553359692,0.5881111284836231,0.02026453202963524,0.039225773233911194,0.03314793542678186,0.0009826722583467242,0.1423778955025507,0.14236886317824896
0015,92,7,0.013112894314090979,5.550827090513452,0.23033929547685614,0.39678264499963445,0.296342372426492,0.07944255777454588,0.11363678980263027,0.08880609025776284,1.7358374087388242e-05,0.6477909693453324,0.6477832998884835
0015,93,8,0.014072480371662238,5.573724210287106,0.16494979498412637,0.37408405031447206,0.30964162369389847,0.04308541993114999,0.12130320858900386,0.09749762584425684,0.0004445900052292812,0.03908351619460684,0.03896503301551916
0015,94,8,0.003851099041791225,5.5758910902482,0.05494076116939467,0.10416192644613584,0.10230066451473753,0.008764238726522438,0.020791293363209448,0.017434229160541524,0.001459855478170634,0.00699929704658128,0.006631929616260514
0015,95,8,0.0034585112962406085,5.578059405880472,0.05143439262501628,0.09022163671429913,0.0857553365934123,0.01429760376508242,0.03637304928550172,0.029405981736173516,0.0022580311819141337,0.0037023718000981274,0.003108815181625552
0015,96,8,0.004084692489163622,5.580229611499711,0.10269062073350183,0.17965291978144982,0.1570420697395733,0.020011387351553046,0.052789432274382105,0.04424541563978378,0.002355156052003613,0.007905376439369503,0.007417156723543868
0015,97,8,0.001515870778135765,5.582401836368876,0.017240704530937588,0.05556675402948848,0.052381427073317506,0.00780963388199072,0.022676726012542718,0.020648173153636012,6.730551089483247e-05,0.00177434947720864,0.0017415246193293423
0015,98,8,0.0030569695577554656,5.5845769174687145,0.06590630722513324,0.11474407520848748,0.10384666959680518,0.01133454542080158,0.027292581545249786,0.02408961505405874,0.0016189957338849752,0.014826870871258767,0.0146930470127683
0015,99,9,0.003346489320136479,5.586968653259358,0.041266027796265786,0.10464551072771866,0.08820544507356637,0.020134841348776533,0.06498352772960697,0.05512858551619839,0.0018463789851779209,0.02198545393644552,0.021942984675417766
0015,100,9,0.006057884103973228,5.5893627443334974,0.13109806635359317,0.23454542737910994,0.206310711569575,0.01543032505122717,0.03045118902758707,0.02548761994306952,0.003474382461200455,0.03141862135729658,0.030159363596656025
0015,101,9,0.00505671460556478,5.591759776500877,0.10984353977683789,0.20009283737377095,0.1779707014071798,0.010717853561397685,0.021982682799170577,0.01961391660811851,0.003212352796271702,0.02364716566953539,0.022826078158071736
0015,102,9,0.002954047085896335,5.5941583347633035,0.05909720079823051,0.11146948363865536,0.10103320885569501,0.01609205407625011,0.03704420450900998,0.03351034905371875,0.001608731330840442,0.01144014047568682,0.010746349265291303
0015,103,8,0.0019253552302081701,5.5965590040123026,0.017558258101863237,0.05540462830459222,0.0474968730396,0.006077095939732165,0.02044278550421103,0.01630335520973722,0.00016906318887415216,0.02901057598057603,0.02898032630246212
0015,104,9,0.0012458401179494042,5.598962041281548,0.02536481326559966,0.054672442170969573,0.048746046888086154,0.007667985751005395,0.010196977580510006,0.008299021709247024,0.0003884030888967325,0.004250644108157822,0.00422958880110782
0015,105,9,0.0028584330813293595,5.598228074948979,0.03345910127055731,0.07747835040220116,0.07665030072021868,0.008963720367123862,0.04075361105573122,0.036487572637415186,7.712419252502929e-05,0.020911284770966345,0.02089653106133286
0015,106,9,0.004348018939563673,5.59749353525005,0.02840255702311447,0.08724331256141973,0.08368622139491737,0.019388707365608267,0.06611866718406334,0.05967767272771861,0.00023384996983258664,0.03384564347614672,0.03375284877434514
0015,107,9,0.0024786116907574035,5.5967590064289,0.020188323231888117,0.07929028241408247,0.07429301121898998,0.030797907851779126,0.0647555119417481,0.05275082154736874,6.317954849826913e-05,0.01761898000480002,0.017604475897838506
0015,108,9,0.005663573352955774,5.596025453111145,0.08451544940830287,0.12448847017198332,0.12110204091575111,0.01997468815078951,0.06777415709239233,0.055940365510417187,0.002788491309451941,0.056270173707247344,0.05552613569516447
0015,109,8,0.003978874911939335,5.595291326790596,0.051882249131970565,0.08277926574292002,0.059224964857853155,0.018025517105160333,0.04278015113529897,0.03549423144138755,0.0018613564390810274,0.014764768834277478,0.013735339644202623
0015,110,7,0.004937258291648556,5.5945573382346145,0.04820523244837164,0.07810445718234668,0.06542096136980673,0.023841993990864296,0.04814789554418473,0.03656874103222506,4.625590130158951e-05,0.3884724872857693,0.38846478925790523
0015,111,6,0.004358263396144629,5.593823360448914,0.05891848661782527,0.0734174660951452,0.05019090637387355,0.018377726637632576,0.032287808163538274,0.025359796093298456,2.783361124296733e-05,1.184585774315959,1.1845772506200734
0015,112,7,0.0016559763393895319,5.593090357324703,0.015736835127265952,0.035367030997824414,0.027401711360751823,0.0053609048540780736,0.015878318249726617,0.014707276403607812,1.7715774509129363e-05,0.013618693944817194,0.01361603771741544
0015,113,7,0.0014318872912241298,5.592356781682028,0.013863353486223763,0.016031736429961134,0.013000631321424348,0.008127542875212066,0.01839858020575501,0.01517427867978354,2.314938463677048e-05,0.04416766438332867,0.044153291226751566
0015,114,7,0.0011521494282689736,5.591623343648952,0.02162560190955804,0.034750157252370364,0.026521301240707156,0.0031200870116351266,0.008890693283101679,0.008340151217279528,3.6384460169845265e-05,0.10667055280175988,0.10666632812621446
0015,115,7,0.004315613908648576,5.590890625807055,0.08814174979130533,0.12084560515994083,0.0922081748415582,0.016943612262222973,0.038886081873620464,0.033836298264907125,3.367778789940354e-05,14.442346233035938,14.44232776411431
0015,116,7,0.0026441927116929833,5.604084349800862,0.0488572111976956,0.07891055749356447,0.05995183128364019,0.008702782516042052,0.02422076337782917,0.022880795433443745,2.725867529835222e-05,0.1428802351390493,0.14287314310522226
0015,117,7,0.0042072431015318735,5.6173422010961955,0.10656538102710536,0.13617454893274702,0.09012566965325022,0.012383914943860163,0.031168897173734136,0.02558609914676913,2.7053415613152533e-05,0.2274507802482036,0.2274391735922007
0015,118,7,0.0028875495105678294,5.630663928483412,0.06973094820551369,0.09700581290876939,0.06315010997766922,0.00804043511896873,0.019391122059980975,0.01806222036463745,4.2298729049910307e-05,0.264843327088734,0.26482907875609624
0015,119,7,0.0066012861916772796,5.644049866574343,0.14618335487080134,0.20210757508741944,0.1313896291326605,0.023124049272375814,0.05719738479552248,0.04852311748322588,5.245215130264201e-05,0.07256574771826664,0.07255547189190403
0015,120,7,0.003947622691784477,5.657500738552438,0.08870009592697145,0.1227125030700022,0.07804003009668428,0.01533964806257471,0.03686980098028134,0.03024416872897907,3.4100965893239586e-05,5.705376475663917,5.705357805685601
0015,121,7,0.0033017264551093283,5.671016158178778,0.062460054712007565,0.08796203546624827,0.05818581402485801,0.014135461925486661,0.0342721896440099,0.0286852077592544,2.6466076357015946e-05,0.00633348504409063,0.006328378218369213
0015,122,7,0.005202546712325357,5.684598058625348,0.12621325290646462,0.17221661359483406,0.09605422559174681,0.01633358908043284,0.03709295047826582,0.030410008084219092,5.775787487368981e-05,0.4604017500247063,0.4603900258233504
0015,123,6,0.0031397581597727405,5.698246064834312,0.01920750134199914,0.06645809659678993,0.06310335958899686,0.008241063349656037,0.02781879226312338,0.02564753563872419,2.068168985360744e-05,0.031294776183587225,0.03128558438555014
0015,124,6,0.005533310067361499,5.712279722862831,0.0724645176716878,0.18510709470100986,0.15069948088006774,0.015943874449248916,0.04657819500949956,0.04128497092919588,2.8328737578362763e-05,0.008896626445732525,0.008888983926716335
0015,125,6,0.0074908179828774455,5.726382024505443,0.16605666951084402,0.29420240705600587,0.22960446518940253,0.009695830624795782,0.021661865735554446,0.018846768766075057,2.8065824002756236e-05,2.452216370697064,2.452209183289878
0015,126,6,0.009938940058216297,5.740552857727139,0.22771172281012614,0.3944510765239571,0.3121714803836058,0.01060302741848847,0.019295852901585416,0.017107081219242336,3.3939180976553745e-05,0.027606100763170258,0.02759348243167879
0015,127,6,0.007054864169686873,5.80836445166837,0.15956237487876687,0.2804744797395843,0.22637658645250816,0.00821654679883166,0.015993363770252792,0.014450606639461005,3.1355107308335964e-05,0.06818105166998562,0.06816778314431782
0015,128,6,0.007431278540498075,5.948190729369223,0.16765609970984935,0.29130549298445124,0.23848091829687884,0.0075028412162979775,0.014262824539229066,0.01343861433630913,5.592043139628448e-05,0.6433123826262181,0.6433037815757557
0015,129,7,0.0054470129631183795,6.0887088938282705,0.09908475681996022,0.1872836394595201,0.11218388536987725,0.02576895679852207,0.06025064897804025,0.05510602888738792,5.188099000107887e-05,0.00796268505293332,0.007959357358101724
0015,130,7,0.006670315975661114,6.229813393160127,0.09420176236958384,0.2139334534847652,0.1699218435938971,0.036816343043747736,0.08913703486304154,0.08087232264986557,2.9658750857777416e-05,0.2890109458088296,0.2889991194391931
0015,131,7,0.004389336879202583,6.371294121807601,0.05670171079294158,0.12907797044545172,0.10502225127863123,0.026340513605903927,0.06462705269173746,0.05666803218371025,4.595082834909237e-05,0.006009491093538131,0.00599674789630182
0015,132,7,0.003033053430251132,6.525447058500782,0.03826474043080064,0.09554924849778251,0.08261304993624523,0.016552260325053993,0.03959228837282909,0.037698273874203124,5.24983992362481e-05,0.004300722149961872,0.004297511144123487
0015,133,7,0.005067709792740819,6.680941361003154,0.05286662302489368,0.138244029680631,0.1023126572510265,0.032821562727727134,0.07685687455326089,0.07045855151214146,3.943028533241399e-05,0.043009434340254726,0.0430024734857629
0015,134,7,0.004265768979691954,6.837795476649632,0.05113495262841369,0.1371965207715356,0.13583014546858743,0.025566449472242805,0.0611379359098512,0.05750430192455968,0.00010499017053905554,0.04716087400912913,0.04714148783697822
0015,135,7,0.0067947999342039146,6.9960282607262405,0.08152352786908353,0.1998082034483875,0.15641570012159567,0.042105506302854256,0.10376500856771124,0.09540175124794806,5.816036799302038e-05,7.2654634581414825,7.265445725168948
0015,136,7,0.004772047134832127,7.174417437886566,0.05378722001456912,0.13389034452486934,0.10592543890126742,0.027901757673246718,0.07116365885325761,0.06514435379919375,4.618508362824676e-05,0.008177316714022536,0.008172450178237731
0015,137,7,0.004335545646045973,7.354387382309261,0.039880798784110494,0.13814575284775385,0.1110283502168105,0.02987948991472572,0.07590468964869647,0.07175842979284193,9.451691924664515e-05,0.4956519177419852,0.49561037982559336
0015,138,7,0.0032660067110818103,7.5359602244856445,0.04494384623438172,0.11270564745084395,0.09242786499116445,0.020190339552776406,0.050394279252567904,0.049149187501878557,6.556065433661765e-05,0.029749843580336367,0.02973444880995462
0015,139,6,0.005699167370972025,6.983490631654349,0.09531106088738947,0.15003505174388038,0.10367513314873955,0.04562525939708301,0.07198843602637217,0.06786129293707394,3.9771702224966106e-05,0.009486016472683437,0.009469418326898134
0015,140,6,0.004385417023496463,7.133438215634608,0.054819835846986686,0.10716453202457203,0.0821173559123446,0.036120160891682275,0.05884860956961009,0.055982480553875176,3.3217049651871784e-05,0.2773278041280324,0.277314852332813
0015,141,6,0.005059320829721428,7.2772082870829085,0.07184479698162685,0.1357458654979068,0.11285056531020382,0.045705959740258414,0.07358585094992302,0.06693889441522315,3.167640681207657e-05,3.5385546808935358,3.538550028208397
0015,142,6,0.003975876567506187,7.421573366369192,0.04479038883145189,0.09513348166154319,0.08282886115531266,0.03282243267341595,0.05622708670046244,0.05308329713271855,5.994703779222455e-05,0.002328766566968668,0.00231787316436078
0015,143,6,0.00613542236361846,7.566537799691148,0.06105947154731284,0.12031702396422923,0.07495864218308881,0.0536944163902331,0.09261560007498319,0.08537128884643944,2.6777710644280073e-05,0.1887856460595777,0.188784220016023
0015,144,5,0.008455421182302907,5.6533346472749155,0.049127635917276556,0.06678676511258033,0.03723808433431311,0.012484703018148621,0.03275736734397528,0.031343074355408305,2.3960333980619115e-05,0.012139723073851486,0.01213595712041483
0015,145,5,0.006324043584423256,5.746658111666917,0.040570964549974345,0.050633728700318584,0.027723937211052308,0.008477664229010697,0.022040893155369452,0.02122391106664554,1.67511157183985e-05,0.12917904724877177,0.1291748231562684
0015,146,5,0.00607126973779958,5.830001002220904,0.018331415471459687,0.027537738646547173,0.014285100074935123,0.00747239231529448,0.019350831435633594,0.019299828402494647,3.234893672969109e-05,0.004546600903003536,0.00454264118929135
0015,147,5,0.004979277190270338,5.913291016123592,0.029013594925694015,0.03903940781617227,0.022974547446977626,0.00608545629122637,0.015620292919009385,0.015349969875602268,2.000517739586315e-05,0.006530735144012599,0.006530449854900052
0015,148,5,0.0071441135295435155,5.996528203680181,0.024251821784995412,0.04985212477315255,0.038918063660568915,0.010844320187325451,0.02751266393666933,0.026334492880669653,1.8193720218360987e-05,0.048241626164624726,0.048228596281030156
0015,149,5,0.003986559262655776,6.079712615132072,0.008520272936782931,0.022126852345925447,0.019654001505002728,0.006096382743793713,0.015320800225285541,0.014452611829885813,4.052546119076977e-05,8.97001096204416e-05,8.283255932829628e-05
0015,150,5,0.0036773522501483886,6.1626265596658305,0.041776987949089815,0.047992129662464716,0.03236245364061563,0.005054309666947742,0.012160323465799441,0.011277806685798863,1.2879312151163341e-05,0.002308279727209916,0.0023017488965605955
0015,151,5,0.0019840459531795273,6.258467230859347,0.03746876730455621,0.04246797122827153,0.02633874598574172,0.0015594018139154164,0.003801694424761673,0.0035257019616471447,1.284760140032178e-05,0.0036205314991218465,0.003616503857166668
0015,152,5,0.003235617659889542,6.35411969594765,0.05853991786708343,0.06712535603935293,0.03958245336844581,0.001602087166837457,0.0038857076296676864,0.0034827138783247776,2.0988991958594285e-05,0.004470166840047679,0.004461621545582621
0015,153,5,0.0034597075553687152,6.449711018344012,0.040948469878218915,0.052272031108783146,0.028475298200129995,0.0036101635285527957,0.008591847899134027,0.007518793910270173,2.1702369659161154e-05,0.0014694992438721503,0.0014668775330534609
0016,1,12,0.0010074420640661169,4.178334059615312,0.003964979078965213,0.01969915593702712,0.018027422711894718,0.0053641625892050125,0.012357911003161809,0.012030512621732012,9.538990997085133e-05,0.0049887937735464795,0.0049740296755739774
0016,2,12,0.0011672029953526352,4.4117144005449465,0.008782705503793856,0.033099224130499046,0.02850833810853683,0.00630764214393759,0.017101723477219048,0.015693248358625518,0.0009054117741592589,0.003061812365436949,0.002832267197289773
0016,3,11,0.0009895156176063823,4.688074371711445,0.011858956272513812,0.020678137859587456,0.014309624844089241,0.0058246864696949174,0.025414920866961635,0.022578326844985647,0.00042765909690846307,0.02781382777321872,0.02777877168818598
0016,4,11,0.000900873781468745,5.001372852813127,0.004919236076099778,0.017639586333390772,0.015495445879720442,0.0035988877001788913,0.009102521311416591,0.007782247668456867,0.0001661450869193033,0.014986393002627668,0.01496239453876337
0016,5,11,0.0012909131405330779,5.359545752530686,0.019207760120496957,0.06881481628929682,0.06577481532684777,0.0039725214523424115,0.014848445638283216,0.014262437695228898,0.0005958581733303243,0.006398830185507219,0.006363558102488532
0016,6,11,0.0010282090193528093,5.772978180851704,0.01531254672497726,0.04682741254338722,0.04088814203644277,0.0049574543547366715,0.016972542127230098,0.016109197564454048,0.0008791287458545384,0.0043453970043314544,0.004301169895563583
0016,7,11,0.001552970255951536,6.255527570864269,0.02806432799367419,0.0809595917654638,0.07858449935836664,0.007065649806156245,0.012764255493383716,0.009925755473080788,0.0018461288329189376,0.042299488522948056,0.04218608668082175
0016,8,12,0.0017266051191719579,6.826105470302602,0.035010199282953576,0.12565472934960656,0.12080665574290854,0.008310553466697016,0.01986680732063395,0.01782126427226014,0.0018461687824759187,0.013092980676492881,0.012993578821205944
0016,9,12,0.0011003323220206591,7.5112205585352845,0.02232533942964647,0.09241080279624773,0.08481335942716003,0.007391237629674539,0.02104608393487653,0.020317160225828277,0.001076728477347833,0.02466931194213003,0.02459175166674169
0016,10,12,0.0005506389664347181,3.78745660898951,0.005857662142352899,0.015490861074061382,0.015222348499018781,0.0011581881321698073,0.004574051905612216,0.004261342236585019,0.0007920799439800898,0.013425404798712699,0.013286894415733108
0016,11,12,0.0004081256888100884,3.8286519606951566,0.004335741108695033,0.015191940190942851,0.01441056490405439,0.002325460625224049,0.00964203505937316,0.009042958876968045,0.0005099949778810471,0.0008734129465942973,0.0007185301295790909
0016,12,12,0.0005461012996158739,3.87075342367156,0.0067533353527827675,0.022926666010759014,0.021491583062470558,0.0043820192817018485,0.01865914121606626,0.018627883116503496,0.0004561313380084327,0.010797734443464572,0.01069820314653288
0016,13,12,0.0007565384495476597,3.913791225877655,0.0073392719524497125,0.0218464342675887,0.020356265135596067,0.0016014912711488053,0.007471727134955275,0.007103839400590035,0.0004996678440500472,0.0018482923815277212,0.0017714830693779642
0016,14,12,0.0005505014010684883,3.957797062373082,0.0020656474929330758,0.0055379235630500295,0.00480085886798361,0.001880189483203328,0.006246381799588999,0.005582027670728532,0.000107319247512031,0.005335467495837906,0.005301298344653092
0016,15,12,0.0007262405252769873,3.992721992558438,0.009847938229711587,0.019935138847208635,0.019280155784845612,0.003891000196243042,0.01801055019452688,0.01732657993916707,0.0007795875470108802,0.023494842530252413,0.023317445801057463
0016,16,12,0.0008046557262383486,4.0282688823810435,0.012085004053862047,0.025469376293825077,0.02456451769614277,0.004780533337018807,0.022520984607947558,0.021757113097654233,0.0010608498999918198,0.03062415856303053,0.03023016515343484
0016,17,12,0.0006055421065235405,4.074652664286997,0.008598898970024544,0.02266252694332499,0.02160843787353845,0.0047477735181468,0.02038039099798752,0.019294968328267863,0.0005712661024433642,0.01770985244029452,0.017559158818249168
0016,18,13,0.0007407399174064254,4.122117539530535,0.009619381031299312,0.022568237442503507,0.021438615712445444,0.0011298119065684834,0.0033027623969815885,0.0029790015632658188,0.0007862571587888318,0.0029224219225245044,0.0026855177371802666
0016,19,13,0.000918753547628121,4.170700923088349,0.00870435483931656,0.029047565620903028,0.027433519029114048,0.0028403499954670255,0.010404795547954176,0.009985356470326638,0.001355777564615359,0.2412084541687815,0.24093578759016285
0016,20,13,0.001204057313030731,4.220443904394512,0.01603121676648767,0.03919442177853467,0.03669541294666839,0.00606970353325974,0.025135585907477043,0.02380915230065782,0.0013374558577482938,0.003769565088325866,0.0035987411766388883
0016,21,13,0.0012698632804548377,4.271387274490367,0.01870647140403518,0.04365653191205292,0.042863257937624244,0.002123978360107525,0.005609753678841889,0.00475639008390247,0.0014969239508103597,0.0042308392440385464,0.004124416137800237
0016,22,13,0.0009063777723751087,4.339805754328624,0.010814335698436364,0.02770088306399217,0.026037878929510976,0.002917266196832105,0.014157938103895014,0.013708978797427353,0.0011799964429233562,0.006457678725916709,0.006138313189690507
0016,23,14,0.0006896859987847561,4.369082337486404,0.003956595082136967,0.012362245140633506,0.011939745641298379,0.0020320470501719525,0.008844804077571208,0.008313457135390608,0.000238714989551644,0.07195307464282252,0.07191225029339235
0016,24,14,0.0012264371641013032,4.415556871413023,0.014784494171551248,0.045390456710311264,0.04310316029291586,0.0036058039049335655,0.016468735474921965,0.01536748286096593,0.001130283529038316,0.08374817461688577,0.08366383371046333
0016,25,15,0.0010717265645661127,4.463031289594794,0.008302396965193188,0.03955896734271123,0.038140387805311995,0.003158787614759842,0.011658880402256874,0.010193801574177683,0.000798461359212753,0.03839082946678773,0.03831829345649368
0016,26,14,0.0007438931474310474,4.511537232585274,0.009295404639984144,0.028457775667543293,0.02814862421646408,0.001385678581260867,0.0048886031511586716,0.0046085522334833266,0.0009281827460346315,0.0024046327333935953,0.002370705446838124
0016,27,14,0.000948079557869546,4.562570273305099,0.012596910712663825,0.0398474322001497,0.038595647241243654,0.0023784039773780334,0.011365225624527898,0.010156356930048582,0.0007957194845368981,0.07236075500954316,0.07216421632226216
0016,28,15,0.0006425323898117982,4.6147716490610575,0.0034132044393956917,0.022968661068996764,0.022693440928770705,0.00202900732806053,0.006315573768898638,0.005839942652855365,0.0005329702262951885,0.01653433895145812,0.01648892488316923
0016,29,15,0.0011898615391158635,4.668180893671458,0.006684031435922337,0.046242041407196864,0.04487410477043777,0.001600423965214307,0.004342253589821086,0.004023691460694731,0.0007241073129821018,0.019030154842683392,0.01893527522095006
0016,30,14,0.0006543298487094626,4.7228411542015865,0.011712010734493303,0.029278948244305946,0.026937335068338227,0.006179198872489928,0.02358980918571262,0.021654560183014687,0.0008551018726334549,0.02533104444377928,0.025183927169571105
0016,31,14,0.001433463715726582,4.778797261611763,0.01812003108389521,0.057230498306195074,0.05542060541809868,0.0024311992142162214,0.006970345046422266,0.0064411457869931465,0.0020535414586177296,0.04573089255601064,0.04547819367717699
0016,32,14,0.0011885762899722376,4.8086002696885,0.015215914757161837,0.04495400125311995,0.044397377955063294,0.0034395618176782587,0.011551934741186959,0.010360230569603342,0.0012517514900756421,0.25486631871948084,0.2546768865849705
0016,33,15,0.0012855598670059054,4.838777554531095,0.006921767761671161,0.05132519708287744,0.04952630578893762,0.0008813844249627145,0.0046806030753221055,0.0046016682585530875,0.0017121203366959633,0.04154948243568776,0.041381531510231516
0016,34,14,0.0006191420546898097,4.892667102578641,0.01074783419143274,0.0239464207278938,0.022803815439762922,0.004052637001197297,0.01445046679590926,0.013539972136972969,0.0006891680149519983,0.005027287377167176,0.004916878971646692
0016,35,14,0.0005228306298783647,4.947770652215083,0.010245208646251218,0.024772066687509555,0.023222583484187397,0.004042936907245852,0.014245041381965326,0.014016738493240566,0.0005014141421274749,0.005274841214249157,0.005123994785674538
0016,36,13,0.0005774842436979093,5.004129693569944,0.01371327239323129,0.024664856754424664,0.023267081274402013,0.00106887382971717,0.006748242831685458,0.006538822364453234,0.0009290172035372036,0.040277144153159354,0.04022747545488586
0016,37,14,0.0006565657599877486,5.061787766610879,0.009110150647394288,0.026808428524796743,0.02557911894984589,0.00044134912513723787,0.0026731443894193237,0.0026069424034769998,0.0006230623471677301,0.0018252611005144673,0.0017890753623396832
0016,38,14,0.0006394685764335813,5.120790024576016,0.009068295553059845,0.02579571996321009,0.02480584476658096,0.0010082388755810832,0.004273962322118063,0.00393179616760858,0.0005371784876643416,0.0023803191161108593,0.00233816644481497
0016,39,15,0.0003986262379239451,5.179432862842165,0.00617724758624366,0.01597477719232474,0.014923329349530287,0.003361570512921061,0.013153353332446329,0.01243887010238647,0.00033158853983824855,0.003729959830209131,0.0036970245925670264
0016,40,15,0.0006019520486750745,5.2394339613517085,0.014305241384929033,0.04551172619481905,0.04484547178308486,0.009855930602090843,0.03657066985974511,0.035883311305763194,0.00044957965020726224,0.01130718581758156,0.011281688228110267
0016,41,15,0.0005401409170827632,5.300841532083411,0.010906483671899492,0.030142943759692713,0.028584738913816438,0.005152493237904975,0.01826776685437748,0.01799302433818491,0.00043532040721323573,0.014441543663393272,0.014390069940428244
0016,42,15,0.0009219122333789236,5.363705765507135,0.008696567060590394,0.029347589064264632,0.027906239012136114,0.001368333299298753,0.004325825539424157,0.004033836613082024,0.0007185395884468943,0.01508077757267223,0.01504476685982949
0016,43,14,0.0005023834121466778,5.434593100452864,0.007616260013296775,0.016572131783545076,0.015267791006510933,0.00034889354690657815,0.002078496433185977,0.0020140558149681596,0.0003640542152365513,0.0024327161585344873,0.0023863970969150725
0016,44,14,0.0011107434032194311,5.494016729949102,0.0066882447441388385,0.026922659366472857,0.02515734318651901,0.002758623063288636,0.017153776448847708,0.016600899146284456,0.0005943076991335669,0.05104703134168735,0.050910851163671667
0016,45,12,0.0009948848282191579,4.046377287915081,0.004729003653690734,0.03180374706686106,0.031203716252851774,0.0013489968119409503,0.002974972887608864,0.0027113986841953708,0.0007539958935208796,0.0058138813730191545,0.005534211919936633
0016,46,11,0.0007530710752810433,4.1034834773549695,0.0034744595054241813,0.017926064545349556,0.016990953606848446,0.003310251949231184,0.012244355253104558,0.011414253793709691,0.00015203124582205933,0.0032569773962840575,0.0032202449701356456
0016,47,12,0.0009246423293004744,4.148187899782638,0.0035580704546126574,0.030750005915113593,0.030127202541876275,0.000980593600456188,0.002317758053741882,0.002077074349804719,0.0002762137664266139,0.0050426490377886695,0.005019522942345212
0016,48,12,0.0005618672226439028,4.255686755745907,0.0029712537807804924,0.020054255386801337,0.019526172499277093,0.00324211921067946,0.01155442115428371,0.011190563392344243,0.0003349640039266203,0.0010382326923479067,0.000993020933514067
0016,49,12,0.001359434097485553,4.2405836048521,0.00495931073697437,0.03207415511555118,0.03108081273204319,0.004272279265495459,0.01969505123065357,0.019251579668731634,0.0002303024156842548,0.004663523962026126,0.004638269409807435
0016,50,12,0.0011797561265187407,4.288342395549738,0.004113025875707042,0.029169403945462014,0.028553876804433734,0.002549620192347426,0.010663839451986503,0.010040333158152788,0.0003229419176030338,0.003369983546559765,0.003326954583415818
0016,51,12,0.0016357264525473424,4.337189707815404,0.00799607662661371,0.046105924723530825,0.045760279840151574,0.005634540923879088,0.022629802508043848,0.022157584959078474,0.0013099662964933725,0.015104483582961811,0.01465728930693341
0016,52,13,0.00058575125496333,4.405806881342889,0.00538551159526191,0.022364964938133343,0.021821532758085523,0.0034456389075357965,0.009868580711317023,0.009441796960991065,0.00018469887660617172,0.0036727959877358796,0.003644799809879399
0016,53,13,0.0014900408719577428,4.476630401890781,0.005960930204292084,0.030532593574634274,0.029466627929972393,0.0025601563670718704,0.017454444805746056,0.016287475405627874,0.00038997815035800277,0.004763098539709568,0.004732120730238898
0016,54,13,0.0014548822685169329,4.549768732952021,0.004895847349384711,0.029789271120594065,0.028263404795250014,0.0024709361287083066,0.010781635369074262,0.00982739082066294,0.0004701348452448795,0.005727197126099501,0.005696159366412678
0016,55,13,0.001836080307561046,4.613446313786648,0.007557564893225863,0.037589808624728764,0.03491428689464236,0.0027066774128962144,0.019470181591108193,0.019095579296547153,0.0008684757901834209,0.011753210294397895,0.011563633767132398
0016,56,13,0.0017166035765487982,4.678931803736129,0.011953850045565057,0.043160280721833776,0.042014352786707884,0.003343241439969895,0.016811786040484635,0.016181660075236397,0.001068457456003842,0.013502348749681627,0.01327151499282461
0016,57,13,0.0015023663074073491,4.746303434562713,0.011673885235845524,0.04713626169289941,0.044590900136561105,0.005695761174636222,0.021904506921693517,0.021611252486090537,0.0009274582094752099,0.015606003449085795,0.015341507227598708
0016,58,14,0.0008457923518694603,4.837848738639362,0.007768992646647204,0.021465581515193025,0.021311237466931282,0.004286511215051461,0.01392206681993284,0.013307360173278182,0.0002497289047098697,0.008020983414157135,0.007969818274698939
0016,59,14,0.0009671600580873563,4.887040051115309,0.012444672210687752,0.04572351221033572,0.04408772939048965,0.0030518877535476796,0.007582885491859548,0.007003826337960131,0.0007786037288326662,0.025363625227068518,0.025206693580137954
0016,60,14,0.0011195281386877436,4.960585711153738,0.008067461935992304,0.030383638863912352,0.029239958696544822,0.006423672872072887,0.0207382872824894,0.018910547177925535,0.0004593963223304754,0.015915370175392397,0.015844641491277407
0016,61,14,0.0007172329521185102,5.036378847648357,0.004069874630372314,0.014203951781481238,0.01317822681808707,0.004030922384786031,0.0137523327529463,0.013465740636944883,0.0002329350733887247,0.01090161562905491,0.01082228008615282
0016,62,14,0.0006550608157535671,5.114524935273133,0.005317664054388967,0.012254220348831113,0.011481883349565705,0.002495458431029874,0.0071245280483471255,0.006937179499525062,0.0003303503941035667,0.0037687195152618473,0.0037144379837521085
0016,63,15,0.0005637786209868737,5.202069376331561,0.005455863764239274,0.028838327116470327,0.028032168993043154,0.0027985583385391533,0.006366368764176382,0.006303319288939729,0.0004902515514170945,0.0027766837267308676,0.0026325512928497582
0016,64,15,0.0010533437413372552,5.278324642800696,0.015095624554822294,0.04483828021244916,0.04337064766099875,0.004659942020285528,0.020292989106698564,0.019611164963316476,0.0010743699987624626,0.021269909522465335,0.02084879889389292
0016,65,15,0.001650315407006007,5.365272539881647,0.02297705406264938,0.08408165915077934,0.08197439624219735,0.0026676221086153317,0.007703794253835676,0.007230618706959344,0.0012688392168168112,0.03824421104635409,0.03813415144490286
0016,66,14,0.0022760716266700867,5.455134128895247,0.0344702957883031,0.11591011293572777,0.10859428782277807,0.00597162013877581,0.01679265408210704,0.014986468184939572,0.00221594304824527,0.03146238769577082,0.03118255737652974
0016,67,15,0.0017094619234503583,5.548057221212418,0.024701855004739915,0.08193469278277704,0.07743726128473986,0.003906384891251158,0.011352259692849915,0.009166388890721855,0.0014099616382671116,0.044471570973325936,0.04439596944110139
0016,68,15,0.0021686134140277732,5.64420027847526,0.032343494552620165,0.10706940567450178,0.09988401690837655,0.006246573644846929,0.02333965836112567,0.020974243559064444,0.0018572475849467898,0.047530795477153324,0.04742461574940484
0016,69,15,0.0020047679186286412,5.743735409858714,0.02979159029260294,0.10543722389140309,0.09901418504193875,0.003862270339040383,0.009655295233060392,0.007568507923671617,0.0017738767520355002,0.04754234144684817,0.04727975301057732
0016,70,15,0.0018631865602487256,5.846843657966941,0.026884482098519378,0.09706043360898395,0.0899213022182131,0.006576615810841363,0.021060612129948406,0.01896188695537625,0.0026045274676040893,0.012259066308021047,0.011634611759665167
0016,71,16,0.002284333103933744,5.953722533684654,0.042575368391850874,0.13783617543327978,0.12709991337074003,0.013966440918986925,0.04682258097742495,0.04258476665641642,0.0025787831448255798,0.038981446340133855,0.03857491517625001
0016,72,17,0.0020276137828960255,3.1972722841235295,0.030415613988858753,0.044964734274105383,0.0393558727950671,0.005372886093841389,0.013115155138248027,0.01273726511605939,0.002146491526661168,0.007867006038659002,0.007419911796187084
0016,73,17,0.002167739489669247,3.2224413952104523,0.03170602087365103,0.04246951751062602,0.03699008253754691,0.003781310631265841,0.009210103715617314,0.008549087080139049,0.00215560903821871,0.008338103870002984,0.007885930751367383
0016,74,17,0.0017009823287825693,3.2480096070391893,0.02520641233840318,0.03762097926536414,0.03284621213573363,0.004005563207195266,0.009764086091245168,0.009305512106600649,0.0016248207814462928,0.006348706485600537,0.005976582580419744
0016,75,17,0.0016248424540664574,3.2739871611501066,0.025314981575415545,0.03396075332732382,0.029479122220323745,0.0019654071266781573,0.005282060705103307,0.0046376486340518235,0.0015137694435206058,0.006234378715075397,0.005930376686943099
0016,76,17,0.0015432819635024676,3.3003834652796282,0.025344575639332532,0.03392900108049374,0.029264329075808518,0.00173811095603396,0.004906316505571415,0.004409160971478886,0.0013624431861315757,0.006211272158194131,0.0059212606163650755
0016,77,17,0.0009696081523995373,3.32720914509313,0.011471522044855053,0.02777104515671471,0.02426743224680092,0.001963745266667049,0.009140914330284206,0.00895810223118543,0.0005444191213049005,0.0028461511655411727,0.0027570754216655505
0016,78,15,0.0012691895915294133,3.354474245498325,0.02258010850637706,0.03236084730607042,0.02735731464203025,0.004482589204566173,0.012151038500322946,0.011634975373045805,0.0010957363264602613,0.005155938766539256,0.005031340455381846
0016,79,15,0.002062443804507765,3.38837193193738,0.032566141626749555,0.05048680320417783,0.04264164230725397,0.003425741320440026,0.009336386452975706,0.008654711847067832,0.0015248025460822242,0.010133229951923553,0.00988020880518688
0016,80,16,0.0018350398704060243,3.4229618828744703,0.029880771104520774,0.04414245630792565,0.03774670603749338,0.004076101036750376,0.008660507198505916,0.008340846816904873,0.001796002356490522,0.009333974984938664,0.009057911713941503
0016,81,16,0.0011836350839462587,3.456152622632665,0.021098444084817612,0.03264812643747317,0.027840767079700436,0.003221082758326683,0.010578081970103698,0.010329355430317402,0.0008239643921667188,0.005484983033609059,0.005461994753039576
0016,82,16,0.0014902360278892305,3.494304354285101,0.03163427519932515,0.0507663538223049,0.043793944526936836,0.006527348182101814,0.024945151296602897,0.024340183681545707,0.0010093101273905372,0.006412349028302373,0.006330231278965607
0016,83,15,0.0009723680405254455,3.5203409825938166,0.017555526332686658,0.026805427452654677,0.022132560639358596,0.0025916353561953867,0.010335816827168732,0.010102836407118447,0.0007441302022297361,0.0042843034343611535,0.004153688994216908
0016,84,16,0.0012808740693719645,3.5467681601273937,0.013281829529102764,0.041121283705682465,0.038511622653966036,0.0034673991358276845,0.020227726321497032,0.01949918222176218,0.0006550368722804724,0.0022364076910400873,0.002076009663989412
0016,85,16,0.0008136539818132678,3.5735955332515217,0.012534812234133753,0.019983046408695644,0.01702154267330569,0.0011569301405471473,0.002546189424041417,0.0023106969008117673,0.00044339442637479897,0.0027399740149058483,0.0026906095482299498
0016,86,16,0.0012698202759417005,3.6008320075077163,0.023535566194290442,0.03864753707106606,0.032184304712078046,0.00275197431025554,0.011628807275195182,0.011318518107883915,0.0007775879269954146,0.0027166560498722444,0.0025944563658865964
0016,87,16,0.00042271387910888596,3.636197280327851,0.008123746168860229,0.01411795422409842,0.013007453211267306,0.0010777685502197552,0.006649540870233745,0.006282345302081001,0.00017039844141957295,0.0003875615903990537,0.0003496677997983494
0016,88,16,0.0007775854302872064,3.6722638465124455,0.012583127664733136,0.020531519260646836,0.016171931872088707,0.0012537598706416995,0.00527357252902132,0.004842327091607962,0.0004451595967474542,0.0017124288143763673,0.0016833316693134965
0016,89,17,0.0005025817385659896,3.709053521893746,0.0051018869751018586,0.01066117199006767,0.008913343174380754,0.0009867128058579893,0.0038477117497149886,0.0035306995719550064,0.00013182844477998946,0.00045618490089109604,0.00043507966854303294
0016,90,17,0.0006650556682079023,3.746587994051748,0.007178137524511751,0.01694990113796207,0.015174776333287928,0.0019577797512644324,0.007929760115697388,0.007902180758817628,0.00021102172586167275,0.0006891048996822072,0.0006286447992315735
0016,91,16,0.00047139026256564726,3.7848899029136587,0.010326840899278478,0.01928689150089895,0.016136736537065637,0.0023401291345172756,0.014853291739896827,0.014545856496543505,0.00023806396286786503,0.001050441378553129,0.001013752307522553
0016,92,16,0.0009892631137167188,3.819612121149274,0.015433943675184166,0.02811635199055728,0.025480726216336083,0.0015025932876071716,0.004450376049294529,0.004199207147578648,0.0007442874382980011,0.004534152646228453,0.004502544095755017
0016,93,16,0.0014252424584401333,3.8549779157347372,0.03216980247819008,0.05152769830542402,0.043539822718275126,0.004326124679095079,0.02341931484934206,0.022192545366868405,0.0013400114156040595,0.005790154947553714,0.005463740713051215
0016,94,15,0.0006847131770408886,3.8910047218029953,0.009864839145446159,0.018944904642911563,0.017154871630991476,0.0017301946495110155,0.006156049841374624,0.005968522139416351,0.00047599990348597983,0.002603003311057434,0.002372756897904589
0016,95,15,0.0010522518911384674,3.9277113559789587,0.022837585500857426,0.03649372459487049,0.028835069985574682,0.004721543262028335,0.01936003828083861,0.018013213212697624,0.0007072084521192772,0.004300328758285752,0.003917359375619568
0016,96,16,0.0010120319717869435,3.965116924956952,0.020929166908863546,0.029812557974518122,0.025218218037710027,0.0017005462982213602,0.0063907622409698816,0.006101851832059167,0.0008907103699398293,0.0027147733601669624,0.0024759273940413397
0016,97,16,0.002351710646292312,4.003242233019522,0.04422111194330456,0.06629922080247863,0.058909860377315174,0.0026050948400352185,0.00864381604990946,0.008383557410843664,0.0019773303134686775,0.010548801008691641,0.009897580733285038
0016,98,16,0.0015637243110610962,4.042107924601847,0.035263943239589965,0.04696706594963325,0.03975361339843014,0.003327411468284547,0.011411593365963858,0.010871842870174725,0.002232722818864065,0.033802108697439735,0.03315831889576521
0016,99,16,0.0015371502575303778,4.064034749846278,0.03930222945125081,0.05790451668961229,0.046642666366634465,0.006184918334701906,0.026089530096591936,0.025229642670716663,0.0012561228916593134,0.006401119828367454,0.0059514943047394644
0016,100,16,0.0008112577882769352,4.086200707104212,0.0061015299518211346,0.04104721448103306,0.03938862109774967,0.006884853803586952,0.038254124662972726,0.03697141548014535,0.00021122960234558,0.007489221518150462,0.007470309843391725
0016,101,17,0.0019247574050479212,4.141207629357701,0.04643613653436129,0.06029475231255128,0.048632900491575294,0.0038232632780874844,0.013651298420032274,0.013339530289413854,0.0015841756726163781,0.005481312210502472,0.005100000500034537
0016,102,17,0.0013803607717037913,4.197715396435154,0.03488829739891823,0.04543532724726513,0.03892570456812775,0.0031992676159474398,0.013794017457202448,0.013580716539284911,0.0011702731253704721,0.003940671868762739,0.0036772532457385225
0016,103,17,0.001338720242252425,4.2557873819193155,0.02947798827060123,0.03942405574880581,0.03375984384409981,0.000925570839629161,0.006205780601838504,0.0060660117901248966,0.001136877452765217,0.009763295996709912,0.009718152501786348
0016,104,18,0.0012989087313850316,4.315488702318749,0.031550021508185776,0.04323571234761347,0.037186579837670826,0.0020603779434175207,0.006591147681242588,0.006532857001178681,0.0010018951365520644,0.005473251439304979,0.005279143252681437
0016,105,17,0.0013413310946608597,4.36020930682385,0.029648672417654492,0.04152415174138663,0.03603965477562766,0.0019216488992603413,0.005734924983917438,0.005535330077225543,0.0009577393856676531,0.007237245744711603,0.006895463105684673
0016,106,17,0.0021112960346046164,4.405866719233563,0.05529342085511867,0.06937780699503075,0.05730730897527193,0.005502759037348852,0.014346103729698021,0.013796295638371883,0.0018420052546526183,0.012027244164151334,0.011435921175407511
0016,107,16,0.0009032535977581571,4.452490441927,0.025019929490829936,0.03528930888580842,0.03274465606071214,0.0035208274743601803,0.010786982614152795,0.01033508973884182,0.0009125311873866713,0.0037861944085456835,0.003708256590129621
0016,108,16,0.001871914566619383,4.500111056322782,0.051612247212601714,0.06435397900647763,0.05653501979903432,0.004793448115032926,0.012766650837346547,0.012114879590462195,0.002273704709942252,0.0074278229208647765,0.007337933937548814
0016,109,16,0.0009996012851365603,4.5487621276883194,0.02118391741692506,0.03246599632902214,0.025485797985673728,0.0024870537485626185,0.005193557320200806,0.005118436468452204,0.0012762375794431585,0.0037531297306457358,0.003650214838024428
0016,110,16,0.0020341293552166907,4.59847664086952,0.04861568932278802,0.06781101652683637,0.0587645588515603,0.0036912677607569442,0.008895565431541791,0.00836490192735798,0.0028371555829707793,0.008283457594242087,0.008058099373761488
0016,111,15,0.0012320724619299776,4.6624976028283776,0.033236525641915184,0.04236633914857749,0.03199437173036952,0.00552471264358324,0.01233462652097784,0.011100100553504742,0.00218297323783288,0.007399345011344001,0.007284777031227769
0016,112,16,0.00029439645472456713,4.7283265339656015,0.006329412374970937,0.01956390680632138,0.01548396215111636,0.0048815096771182235,0.020985591680219372,0.02030414676014408,0.00033825798697992586,0.0011332372422660653,0.0009995890916762757
0016,113,17,0.00022238020375851169,4.796041247691227,0.006682734168343601,0.013427712395783968,0.012767152385549022,0.002626480062519294,0.0076888508518622905,0.007194525972710247,0.00013615579564322535,0.0005387456055657796,0.0005043789559212271
0016,114,17,0.00020788950438206628,4.865723683775982,0.0035715581362837684,0.006189542214822073,0.0053794979622180045,0.0005786674668883847,0.0020770411518523765,0.0020695388454351686,0.0001524669543506607,0.00047889019218682905,0.0004420741615594772
0016,115,17,0.00023086333671922777,4.937461016855999,0.011897867864555966,0.022721779383478673,0.019276455149182272,0.006908814690384081,0.018895971682753924,0.01634909582963161,0.00018538252294326158,0.0005809888884944145,0.0005612198081150392
0016,116,17,0.00063270721010288,4.983233945615074,0.013486128038976329,0.022545661510581336,0.019287325537673292,0.0025474343489997856,0.004821011240473081,0.004185940790684083,0.000839440307213073,0.0059816057235089325,0.005892290068181734
0016,117,18,0.0006414819808662078,5.053466687008691,0.013238342631978862,0.023790328651111803,0.02045817640945465,0.003164613818176786,0.00571252574137876,0.0050500747273486465,0.0006710841738218828,0.0016964744711455008,0.001558294612004517
0016,118,17,0.0011135176502684802,5.125707613172533,0.028196735681122808,0.0556907794459466,0.0428582838202823,0.004701940443293783,0.014958272964590364,0.01464760185023706,0.0009459568552560447,0.003164150712018149,0.0029953749786757605
0016,119,18,0.0013912880311830835,6.1315822650690315,0.03380020866864433,0.05573111854173645,0.04641041530010222,0.003426953595230873,0.00778623423002642,0.007592800779932351,0.0016881237138910898,0.017296131059750468,0.017116096682781627
0016,120,18,0.0008227395153527567,6.1608201530925975,0.019975091996846762,0.03296802998653422,0.026589107442548353,0.0016658301622656997,0.004472054247748236,0.004356007859958743,0.0008314615660068627,0.0027860459397385236,0.0026438624973215987
0016,121,19,0.0009524141311992333,6.140372816745712,0.02231167000867642,0.04282962523002607,0.03572327067994939,0.002187013340140234,0.007477318732299775,0.007312103523101736,0.0010499779656343619,0.0033500849577737407,0.0032405813641597095
0016,122,19,0.0010811247953500939,6.144968113719027,0.027229946722786575,0.047642163410607,0.03916706869839665,0.0015173699302898024,0.007151251250459455,0.006850859924479362,0.0014684479330435807,0.006614398115547203,0.0063828496676662395
0016,123,18,0.0005239485216438664,6.149704771038502,0.011538768052138024,0.030485603535203364,0.026048237092724788,0.0021737262219876236,0.008002323083050501,0.007445036492922381,0.00032988188685525565,0.00256304628843672,0.0025165988242244024
0016,124,18,0.0008329119628051703,6.15458957273138,0.01826301088399215,0.036220028006988376,0.03277980497912882,0.004533499878243674,0.009838441764653694,0.009251865749215712,0.0005154193625133414,0.004136737685228876,0.004068840083613396
0016,125,20,0.0007366017746304644,6.162303606604143,0.01695402838450509,0.0425696437485262,0.04061485734305636,0.00428219399962778,0.00939967388796941,0.00906319524298492,0.0006885686043366771,0.004061940296978512,0.003944257865407501
0016,126,20,0.0013387951736801393,6.1648324642359595,0.029429628583373404,0.07320841251879305,0.06554129005743987,0.0031102224600765794,0.010624900403519558,0.010146331702222067,0.0012105605248550117,0.007443665220759297,0.007331741472263095
0016,127,20,0.0015274813511078635,6.170206085311784,0.03398112493297184,0.07369036880053342,0.05811740124648186,0.008639399287773415,0.02388592490634002,0.022719305880378207,0.0012362657260553773,0.008246161584337433,0.008071324593865892
0016,128,19,0.0012078304174282146,5.909600515974497,0.023164676893889638,0.05943435061222593,0.04924135759314193,0.007118704749293349,0.011962836825674816,0.010274064557345943,0.001309945136676277,0.006001241640362398,0.005571672541413158
0016,129,19,0.0012149026507760534,5.903007818407199,0.02951923776075066,0.06206485789920532,0.057656314533079366,0.007602912176296996,0.014486941263368086,0.013255810905839072,0.0013103341720187133,0.005646498815054031,0.005322066946433026
0016,130,19,0.0015755014397903166,5.896215709867942,0.03560740724941976,0.07601838781693716,0.06352204811488829,0.011308111191031894,0.017172952348520933,0.015691496496713753,0.0014887019792000232,0.007475632536884435,0.007037554626073586
0016,131,19,0.0012907863807539324,5.999182680514732,0.025758422194964405,0.0626513951692712,0.05427086180285171,0.004910931226642007,0.009448041864271426,0.008035431341383736,0.0012372129454203092,0.006129511293629326,0.005835960275879115
0016,132,18,0.0011949554409062901,6.139336418634151,0.02558149736320826,0.06804378991457244,0.060445972583200086,0.003137390528684631,0.007881360550404911,0.007072311234643898,0.0012618521567976967,0.009431774701674162,0.0090458812189237
0016,133,18,0.0013636340133869205,6.15838946530307,0.032790975870264014,0.07678525280240392,0.06725147269001262,0.009986082547697357,0.01649291763048234,0.012692793294567746,0.0015536265156488485,0.01311396837701553,0.01277418587894318
0016,134,18,0.0013797189068243823,6.211504097343271,0.02989209820994789,0.07613570177708012,0.07019835107301409,0.0033043680554730934,0.012160550992366482,0.011509483641263337,0.0016100080396772823,0.014540022437558683,0.01424342311332839
0016,135,18,0.001827031873435241,6.321119209811251,0.03985190653349134,0.10094386413751355,0.09023239531267765,0.007807425343014732,0.017047114661460503,0.01532394896885205,0.0020886008708451862,0.01632574873865614,0.01589110945863047
0016,136,18,0.0022254669655340942,6.434671953853467,0.0452715440740972,0.12256942462678984,0.11383816164148391,0.0069980782266940746,0.015411648218873484,0.014285341492543954,0.0027907953909358063,0.022964420051254736,0.02260006036399779
0016,137,18,0.002729890770968427,6.552380349221305,0.054327587172301434,0.14475025058105218,0.13620168555846748,0.00817770715576639,0.017613159909523588,0.014589417034254957,0.0032483725685361117,0.02648495284869241,0.0262965538296322
0016,138,18,0.0013246162482790313,6.67447575428701,0.032214714384519956,0.07963770545357497,0.07185097007352055,0.008669562339361713,0.017024428100662303,0.015277622187423477,0.001968090351545748,0.012847231335696653,0.012685267819850065
0016,139,16,0.0013298542473379907,6.658665092155714,0.029429480103296705,0.08350707019578361,0.07500141927322256,0.004957528611119405,0.022210158762902867,0.020667553045151565,0.0017330440054660167,0.004846996766704741,0.004770763894261615
0016,140,16,0.001969108387348714,6.815658786687646,0.041621381847476074,0.1330688091094503,0.1299653501011283,0.004811022846745188,0.013017818600192193,0.011732217962167554,0.0027645483133096377,0.014136121555799743,0.013824994297032265
0016,141,16,0.002445112068876467,6.98023334661205,0.05057722684981951,0.17361978620759755,0.16593534250964082,0.010740192925631203,0.033686739351903604,0.03173203611823011,0.0032236160093936967,0.009221025703152471,0.008802497068817956
0016,142,14,0.0025193945547308666,4.828500936676966,0.044441585078669035,0.12294443686077179,0.11275273896597898,0.005501655740675316,0.013694976587352496,0.012495998904816183,0.0027757272040326167,0.006477986368407251,0.006043398523681537
0016,143,14,0.0027307808250508167,4.877907886863809,0.048358216483060795,0.13183453331588865,0.12032563395123887,0.004839811919142508,0.011664354935397712,0.010345686572279116,0.0032396693302771387,0.007369990020249022,0.007118236412970151
0016,144,14,0.0021972473342390317,4.928336521939025,0.04025239430904462,0.10939652879890802,0.09610048187513619,0.009090529273437838,0.011780783621191171,0.009759310097057034,0.0027049538626121384,0.006115472231059401,0.0058017677468167736
0016,145,14,0.0024423666678552343,4.97981819079083,0.04432286499791811,0.11902264205196825,0.10528288286638984,0.006676694960075459,0.009715614910461358,0.00860322126199603,0.0029982498303744534,0.011585310721603608,0.011280870670701115
0016,146,14,0.0014973130839947932,5.032387736863096,0.027572252699978095,0.07323694029590984,0.06298548857443506,0.0038345228473689306,0.008602580958295653,0.007762865516209263,0.0020982134653179563,0.004324473091966957,0.004109796057601878
0016,147,14,0.001281135570243587,5.082125849833262,0.02347576024849658,0.06251741566930082,0.05361572360553421,0.0026976684636536357,0.0046164940133084,0.004014382810143759,0.0018722350924272458,0.0034276488783146885,0.0032257897176794516
0016,148,14,0.001581686371823229,5.132856378766793,0.029630781628942914,0.07583077271122882,0.062101627748573786,0.003665193989504987,0.008915323888017511,0.007652577868801777,0.0022778286858946895,0.0040803172883397965,0.0038056747307877335
0016,149,15,0.0011636333337751979,5.184610925605997,0.02763168690909229,0.049971406305047046,0.04240849199258636,0.002645961235232454,0.003791074210465714,0.0029801083078909016,0.0014585835139173584,0.003935812063754475,0.0036143715512616595
0016,150,15,0.0007766879470542295,5.248920938768664,0.013693710510614084,0.02180620443658729,0.015986547409169025,0.005731696907812037,0.009271711591504639,0.008778581349700535,0.0006298141076710264,0.0017288952920710855,0.001581748352534367
0016,151,15,0.0014196555507288583,5.314847336120278,0.0303430967427328,0.05585067416206506,0.04436800574879146,0.007913585019036103,0.014521879667190459,0.012434082714727587,0.001687087515959292,0.004917529546218285,0.004439516166218987
0016,152,15,0.0018848612707795254,5.382450406130049,0.04148652487510161,0.07968447427641742,0.06775263368670364,0.004396757926353622,0.014233712295412251,0.014071673760719884,0.0024750907817982755,0.006799185233504821,0.006420605130124645
0016,153,14,0.001305332072283076,5.451795440799759,0.030466668996731228,0.05391614275238513,0.04514488701260173,0.003369120305845453,0.00678887263133763,0.005408448972808091,0.0023315325523842597,0.033279499256967264,0.03323569271504529
0016,154,14,0.0010268689858630587,5.522951632118895,0.01894483344847908,0.04083118025083948,0.03616690361026324,0.004367058258097068,0.010713104394639936,0.009527407374212496,0.0010354312927134612,0.00528347076140584,0.0052072606230489865
0016,155,14,0.0008828843773180465,5.595989174286362,0.020059834376054693,0.046777973645918354,0.042401516995921415,0.00587997562110526,0.016101856221821784,0.015461388061309103,0.0006854015694538163,0.0035891976225570833,0.003341552518199091
0016,156,14,0.0010186374975840837,5.670984707658827,0.015097160188414015,0.046511423154467206,0.03764809268579647,0.007747126661880421,0.017230710083159476,0.014156905330747219,0.0010865425915232499,0.002749862919257921,0.002446192211275363
0016,157,14,0.000962318343182075,5.748018615278013,0.02167383136063188,0.0493968065543046,0.04342955651821062,0.006301746637163421,0.022262219818546793,0.021037568350347365,0.0013315632811432693,0.014271169988201111,0.013921142061710821
0016,158,14,0.0015149161734675442,5.827173467295468,0.03431695904720865,0.07690286880783927,0.06784420672042912,0.008519077449402272,0.01717827129544701,0.013696394121193771,0.0025961508621869505,0.00495675382809716,0.004539374011910536
0016,159,14,0.0020888922670469945,5.908539187338695,0.05293925957924149,0.11298593687874084,0.10382407327754567,0.008369568737705176,0.020345880210932945,0.018315200963730897,0.0032861072048964092,0.0070484439278573775,0.006685271983177514
0016,160,14,0.0020089883877638074,5.992210357284924,0.047477698568950163,0.12528283145757066,0.11364959452025039,0.016387696204427357,0.03486658386372105,0.02870500242350628,0.0029096613263057264,0.006940767477578347,0.006390155130142342
0016,161,14,0.0027109140409283697,6.078284536526189,0.07040439437302361,0.1564984164726757,0.14274645506510011,0.00840244076572481,0.031730575493692535,0.030222293550875287,0.00422586554226655,0.009428328118530787,0.008491276632542838
0016,162,14,0.0017862381996316093,6.143798359418332,0.04158232228072728,0.09510081614786388,0.08882533757661103,0.006854041432413445,0.02309281894817152,0.022209094488201037,0.002681947874338887,0.006104720286718086,0.0053578330072894045
0016,163,14,0.0024581880717250196,6.210740882013799,0.06478608114852857,0.13892285393410636,0.13491632355217553,0.007641734663019097,0.02651777440072387,0.025967084606099543,0.004093941787182055,0.01097885690406382,0.010015263465769706
0016,164,14,0.0022207562995083924,6.279157389380079,0.06005749561869325,0.12430882166532842,0.11856600729906322,0.008742875908495177,0.018716777183861062,0.01741485850570714,0.0032341846969279023,0.012209580339886976,0.011326319910293564
0016,165,14,0.0027419794223416867,6.34909946755337,0.07335202533278705,0.14849041830005133,0.13536269093165526,0.01336073458976551,0.01992809776381205,0.01646605461754479,0.004573940963938338,0.01717172939489091,0.016482857601020466
0016,166,14,0.00203000806522684,6.420616125104269,0.055565536307610505,0.11840508214434899,0.10705880651118731,0.011759903737838659,0.019759450381443486,0.01834507718369655,0.002530829901737049,0.015167087724523956,0.014933907163007635
0016,167,13,0.0023197464448725517,6.4937636114104516,0.07156778340011118,0.12928931373202787,0.11339554920106923,0.01245807031691748,0.020799900729655034,0.01990791024342629,0.0057544371178523705,0.061562563267627136,0.06099520041458802
0016,168,13,0.002006481296765602,6.5685960096948675,0.06094228257679823,0.10583626543592065,0.08789149389442227,0.009855892901231029,0.017050227379428358,0.015657889025837347,0.005060370984647943,0.05597996611684351,0.055373013479212564
0016,169,12,0.0014801208648985056,5.67973238655351,0.043937933596081294,0.07791795477180767,0.06816449288258826,0.004365280553316638,0.018611970348377742,0.016993038997931274,0.0029775966090229066,0.015280041186230725,0.014461009323175098
0016,170,12,0.0018902022512586934,5.746972942085896,0.06290879588076945,0.0861490991546629,0.06900152367821738,0.010600616350467192,0.017413098306396587,0.016645535171566483,0.002468008309918509,0.05707075863640469,0.056788714104160365
0016,171,12,0.0018303516624297489,5.81582391414883,0.054118004122153035,0.08998045405736811,0.08134460117429661,0.006400740826594323,0.019560134750996685,0.017899274341182943,0.002243047349574353,0.05529220852102271,0.055196704358267124
0016,172,12,0.0020813715753722098,5.886345899697632,0.06658112544228523,0.09579580856329875,0.07859609431763843,0.007890880699332064,0.01657284325710808,0.015465151714335362,0.0025230810498473597,0.07154386566790444,0.07146082045073468
0016,173,13,0.0008283962364742312,5.958599185706276,0.023608148188583256,0.04359702517763766,0.038781288420781546,0.004243089711176378,0.010599474300518583,0.010189630553920241,0.0007180403822949543,0.030328581144516524,0.03014498355222332
0016,174,11,0.0009697608550033227,5.715520120324051,0.02808164688993541,0.04364453430404656,0.03925193434297822,0.0024100222117505337,0.004924388134189182,0.004781076400432188,0.001252223795164404,0.005783767104106468,0.005529851467933108
0016,175,11,0.0010723699188117982,5.799351417740355,0.03363145717729711,0.04901808662583009,0.0437059306138281,0.0043864164755991275,0.019631613402175,0.018892345438577998,0.0022827715470208655,0.011851748442555808,0.011486420302892911
0016,176,11,0.0012498371573862537,5.885679484698409,0.04164653324459087,0.06470121015764872,0.056774756907808296,0.004971403590683835,0.009838804310059868,0.008352496318119596,0.001742603160338057,0.009473717865346115,0.009108407373480005
0016,177,11,0.00059862785524618,5.940064990235982,0.01875825604947685,0.0311705230460359,0.027259759214095142,0.002673590925693188,0.006782749498584299,0.006230530709893019,0.0006552096392335781,0.005361796596716578,0.00514093361796037
0016,178,10,0.00018345059493070668,5.9954650932807425,0.0070140786151500385,0.019882674545233462,0.018744935991334973,0.005974860259030557,0.018683619675866417,0.01571283188081028,0.00017217366574961133,0.0026904485229221477,0.002681246066172844
0016,179,10,0.0006937720550334758,6.051909611905787,0.010025182440787657,0.03433364836075229,0.02790070194984136,0.005341788706930011,0.01621961932517753,0.012593597152957724,0.0006418963470512782,0.003903370591735762,0.0038026944262348813
0016,180,10,0.0006529673278533987,6.109425998090376,0.0114343619186935,0.03765721018598923,0.035523857760084786,0.008315026337524501,0.016123873058627898,0.013305841901421863,0.0004862328953496894,0.007665735490722722,0.007600201059161317
0016,181,10,0.0006737317705249555,6.168047314485916,0.014187620520157438,0.048939149825506546,0.03919107477191103,0.009435774452531506,0.0225515143612108,0.019879105841293376,0.0007647211445769197,0.0071658403868082015,0.007116345561067565
0016,182,8,0.00044655643256607803,4.701695084889563,0.006546498943906021,0.020030858080832218,0.017602307245349957,0.003551128016150633,0.012886671560484349,0.01164690988119369,0.00028362254508798563,0.000892152660016708,0.0007991907592502101
0016,183,8,0.000708062325493337,4.8023454434692265,0.00805458946953582,0.03245087306561893,0.02832965019638149,0.003574365724630598,0.010596252587286066,0.009795647568524607,0.0009728119800269587,0.01709447712706589,0.016924695443711245
0016,184,8,0.0005103557960434904,4.907399644662705,0.0030894918916285884,0.006934337783922065,0.005901261090995618,0.0024788014760108506,0.00556531786626116,0.0049739535958916135,0.00011931444069185316,0.0003003324869461659,0.0002393125283773489
0016,185,7,0.000593556446874465,1.9958620025904548,0.0009877003841892642,0.004722081755646029,0.004018910043528032,0.0012544881201731054,0.0037367574890890196,0.003524112943971436,6.270781163542905e-05,0.00675114212709211,0.006747627332083854
0016,186,7,0.0004404782158309402,2.0096631740692925,0.0020894875954755674,0.003998450739629596,0.003147177716091826,0.0008058108281809072,0.002319281120516716,0.0021040607896191414,0.0001153345863150699,0.22648681206150406,0.2264831582544254
0016,187,7,0.001882523450523753,2.0248269967674615,0.008676138707642863,0.016835715570829902,0.013402499000975291,0.006508039598209311,0.00872107309247802,0.007292389866723816,4.90488079706213e-05,0.16736408688647925,0.16736206573090653
0016,188,7,0.0011352750364762407,2.040221435574275,0.007367591026879189,0.01615633538431602,0.014667723496962819,0.00320963621098458,0.005310653083120293,0.004556646650186888,2.447292115243275e-05,0.7321220044582133,0.732108761889511
0016,189,8,0.0019914119197746685,2.3195575847910197,0.014523199586330415,0.02566433082364623,0.022385710388864232,0.004912825901009925,0.010480011213649451,0.00931279632902748,0.001025064271209348,1.5852870195430526,1.584929967966191
0016,190,8,0.0012611696354005864,2.3293630277480193,0.00716195353872562,0.012143103560159775,0.009891299758094588,0.001723741142171024,0.004727432406637711,0.004223070976103083,0.0006122287978545942,0.9771905371025605,0.9769685470033016
0016,191,8,0.0007439370127759628,2.339264053455277,0.004854566930430774,0.007385801982296614,0.0058676628223718755,0.0007739079110212817,0.001892802737630715,0.00145667422762673,0.0002235319701914862,0.01925132745671622,0.019239452055896843
0016,192,8,0.0020400753674426576,2.3493199438036467,0.017263118069747944,0.030410993828007223,0.026894211995436904,0.0057909439006642496,0.010324794476448261,0.007805994330861549,0.0007667005678661794,1.4984496908808234,1.4981921885554357
0016,193,8,0.001646961986878101,2.359534244328888,0.012283725511465775,0.019138070973227735,0.015052025995954097,0.0018769135042170726,0.003035433077347919,0.0017435765935350264,0.0007167294036033165,1.2957310752998208,1.2954762553539072
0016,194,8,0.000980981066878574,2.369882453175842,0.008939404707008727,0.017016393586808704,0.01556206549595298,0.004047561507278302,0.008381422640081545,0.006764923219432398,0.0002646196991953328,0.6312711609940063,0.6311640130078368
0016,195,8,0.001533164464016525,2.379256422403762,0.012801511049346102,0.01966489448534406,0.0157693854962021,0.0020231108173305854,0.0033488220802242153,0.0017753029652245009,0.000668384443021989,1.2361947006277934,1.2359576642564485
0016,196,8,0.000841437790295164,2.388781456315483,0.003633811194525047,0.005447541287209181,0.004640863333632245,0.0020081553798435995,0.004481235232328227,0.004309116358704724,0.00025826710438195866,0.0007543352578934439,0.0006529855943423396
0016,197,8,0.0007199948850024607,2.3984612362618023,0.007754907278443644,0.013920358442129889,0.013497642790125495,0.0031063706028689043,0.005671740697263466,0.00435972434227813,0.0003203165134243951,0.0006789926109681508,0.0005304717321668016
0016,198,8,0.0005443649002647019,2.408299504250366,0.007169926231782812,0.013563178011015187,0.012579716391262964,0.0034828275581144435,0.0065955703199870475,0.005183667149067634,0.00016926472289999922,0.26289801638436316,0.2628360535529522
0016,199,8,0.0005005367066185357,2.4183004533332317,0.00559191798123556,0.010319445952154668,0.008773211918906154,0.0027747589666419483,0.0056398616954672146,0.0045313773846228965,0.00023701276902255458,0.40230423156325296,0.40223999226622137
0016,200,8,0.0013182372879567696,2.428467791923588,0.010708725474655428,0.015327636534100754,0.010657824058870287,0.0031090849992770593,0.004803822716736912,0.003540980311888175,0.0007551495355442768,1.2640205157299,1.2638111399411092
0016,201,9,0.0006620670051453891,2.97217958754025,0.0036219593569790064,0.009563831439027464,0.00730274712802414,0.0006623695753905295,0.0007789542167198354,0.0004585391265356434,0.0004946482551604523,0.0006139092228468497,0.00039332702346153687
0016,202,9,0.0007235520060603047,2.9187990193978797,0.015535973576339712,0.03240585360631271,0.03177922279748923,0.007405076151684303,0.0129980299398166,0.010421896049790337,0.00016494323303345646,0.0024990136027798573,0.002483834865924987
0016,203,8,0.0004745337149573836,2.8817826582603785,0.012480925080918314,0.021261267524287447,0.018253578880013777,0.00591263050069921,0.010356258512319753,0.009800950967994576,4.841077093150802e-05,0.004132622811072266,0.0041221308703350765
0016,204,9,0.0002719484770773267,2.845395035103834,0.006823866824307565,0.013017647383422528,0.012542513421917976,0.0029008769176910925,0.005174577707973585,0.004038995993154891,8.463343576436242e-05,0.00020931720618736413,0.00018405878938599162
0016,205,9,0.00043126203651765757,2.809620000873887,0.004539905205033581,0.012429684957931803,0.009622013288541379,0.003961632779806578,0.006587012680162166,0.005571857086509853,4.1959938726684644e-05,0.008832064162942433,0.008825673126946099
0016,206,9,0.00041784589535607267,2.7640898480611757,0.0029885593958592525,0.0049011883181484615,0.003234616830283526,0.001529734024871749,0.0028175720893902152,0.002424110671485696,0.00019563252230339156,0.0008147125334637959,0.0007914499281691163
0016,207,8,0.00020696850627394977,2.722758168117482,0.00907217051187811,0.015241357546774548,0.013572238566744688,0.004814275512977864,0.006673143044619681,0.005312370203726625,0.00013221551201054408,0.16286879986190908,0.162830829076153
0016,208,8,0.00029787670555955846,2.6807892165090745,0.0037682974838035427,0.005958729526268331,0.0048578926326774885,0.0014849431115955757,0.003218674958747053,0.0027830835747873917,0.00015049995896277264,0.1860192753690348,0.18598936958765883
0017,1,6,0.0020127534937965266,4.407472716683969,0.020763755380245708,0.032917152817552586,0.025706512280599617,0.0018371032964770956,0.0026303162905194515,0.0018863353740700664,0.00027240181887536814,0.0022179906765212353,0.002160295101983696
0017,2,5,0.00187498500262551,4.376990136959098,0.022536075005675168,0.03881372018088197,0.030282947574160095,0.0016654795073956113,0.0020960343626998407,0.0017258307256577043,2.07747016223172e-05,0.004189206881180501,0.004170860235222321
0017,3,6,0.0012719656694731743,5.093897037605061,0.019610482786387287,0.02398599549803679,0.01485478056171765,0.0010563161416614988,0.0013540987634200305,0.001107053711060975,0.00028877470142574095,0.0017220802827880308,0.0015410481603169786
0017,4,6,0.0015955737718007241,5.119825764710593,0.023416104070177163,0.028646803579030797,0.02201805898436128,0.0013434375703622924,0.001742838721795411,0.0011727184687235401,5.002996792463521e-05,0.011433713330151769,0.011432726617556382
0017,5,6,0.0010112267499681757,5.144213626579239,0.013655267557120154,0.016341189101049005,0.012099940783132732,0.0011017362125547157,0.00148015255285035,0.0011063414883509095,3.7575321579048626e-05,0.18406327730899696,0.1840513531766493
0017,6,5,0.0010501116535882647,4.457329101254963,0.015538228961469013,0.019467931495237737,0.015148715972386644,0.0010750233602844653,0.0013708315813024492,0.001279284063000277,2.682616783993451e-05,0.00838735805180377,0.008377870559116088
0017,7,5,0.0012470077651242485,4.454003688104627,0.01885583591969141,0.024216297103380715,0.018823228671395235,0.0007185624246577907,0.0010059348507990788,0.000951744469928258,1.2428756139424117e-05,0.007572105985457095,0.007571575565147621
0017,8,6,0.0011109184552516448,4.48834921684993,0.020357173754859556,0.021997736797034394,0.015000077343253102,0.0014103381220448219,0.0017817643568422967,0.0012910856929072253,0.0001665548854276682,0.0007469277604255028,0.0006953110243171317
0017,9,6,0.0007648827541694071,4.523575418872153,0.024957109862119256,0.03440486527050258,0.013536862887254541,0.001480285827367336,0.0022298231359664826,0.0019639758049103985,1.9225545795809078e-05,0.01412034578360568,0.014117919476508763
0017,10,8,0.0007869959627200257,5.228343017858531,0.018398035270373758,0.03963462888614074,0.025429322305097892,0.0005523523812330124,0.002409521762247535,0.002076557893940098,0.00014830422506900145,0.008749111806042476,0.008722882597774763
0017,11,7,0.001591237083982017,5.2534798821390325,0.0427973893865629,0.07961401676578318,0.046843275357253085,0.0012832063476171955,0.005725327366299788,0.005360453458530968,0.00012693398689368995,0.011872736870503086,0.01186304503414173
0017,12,8,0.0034764891581546098,5.285899403246027,0.08439668800626134,0.19004378497589908,0.12838635239413926,0.0016200463576980049,0.012409036249609533,0.011840726778011066,0.00012389071059790835,0.25133636882795357,0.25132262680624284
0017,13,9,0.004850220374545031,5.319224251249072,0.1535239891306803,0.29209669972774094,0.17511656825512859,0.0037740176367068263,0.01732116028721581,0.015984078636051398,0.000167460528872113,0.05101040304526287,0.050991756502612985
0017,14,9,0.0038896757976645342,5.353492486976822,0.1275100514559771,0.23268006229032892,0.13629975061839797,0.0042207238780712555,0.014979323314278167,0.014400145011271378,0.00037034401774655454,0.0401876157471972,0.04010572749060408
0017,15,9,0.0039596314959303505,5.383310172480235,0.12941567195509823,0.23319526371569296,0.1343792064166998,0.005962446256449991,0.016383875072679976,0.01606796323663899,6.189240832050514e-05,0.032833282102218725,0.032818457628127254
0017,16,9,0.005067235650921417,5.376696035769413,0.16264983300709704,0.28949677745073543,0.16268424275324664,0.0057920177455474,0.017444260130461218,0.016456642635722895,0.00010948818147855975,0.07763089540143103,0.07759368066102856
0017,17,9,0.00383628261602332,5.366863839927143,0.12374723714326691,0.21104557037141988,0.11516654143549668,0.004146747756948313,0.014159531240244948,0.013515532745107856,0.0010415995648048132,0.027235986700126506,0.027147461564200535
0017,18,9,0.003967739673176289,5.356880101929236,0.13124531539839698,0.21046249766771838,0.11070591995119189,0.00474627088123033,0.012171186467242665,0.01081548085321656,0.0006297294469454998,0.023588092980991217,0.023530330890066155
0017,19,8,0.003727242645381276,5.3799854292837725,0.14205888413171813,0.19722631073956443,0.08313263739012301,0.005904931790435202,0.01035778083345472,0.007914075084529206,4.013435991387666e-05,0.02187210676845698,0.021855143863637176
0017,20,9,0.004094381480050255,6.24208807659822,0.1674531007482803,0.23761433082879033,0.14836548869992677,0.004838816849572506,0.011059120499307561,0.008876527037320427,0.0010572137108271035,0.054222701260691036,0.05404336269367765
0017,21,9,0.0032868617042510736,5.98382651652025,0.13130774151244184,0.20154515680741214,0.13409875415767367,0.0030815970529628244,0.013228199108869418,0.011238590032517204,7.63141846415722e-05,0.013817477800694509,0.013811823532594445
0017,22,9,0.0020735957999436917,5.756624312292457,0.07903045502350763,0.13731108886017312,0.10159797762586661,0.005669825095188006,0.017056995512385716,0.015027032031212193,0.0010642923956101621,0.010113720500493383,0.009939895540846306
0017,23,9,0.0009877947992893343,5.548718403839201,0.03884692586908873,0.058109536715207015,0.03742241667305225,0.002114318720409382,0.004542175170479603,0.003882102274343655,4.0538214252542605e-05,0.005942417215118269,0.005935827352724489
0017,24,9,0.0024536624954565995,5.612411018122382,0.09386947406917627,0.15429533549400495,0.11124143582743656,0.003174241354388159,0.009386285079120343,0.008757650926031526,0.000250653374516503,0.019232594037200373,0.019139262107150144
0017,25,8,0.0013440636985147306,5.039053322586981,0.04972378942463724,0.07620595435146578,0.05357402463869128,0.0020909267292511568,0.005097204209374501,0.00492617800741698,0.00011486457464882858,0.014586629612580417,0.014563336469366245
0017,26,9,0.0007931434656052317,5.747338176718653,0.028041433052601594,0.044220209608378844,0.03247387605129727,0.0013627652633117254,0.004832020745990167,0.0046038708345150356,9.639645029918487e-05,0.05403705438675271,0.05402267277251172
0017,27,9,0.0018283266844557977,5.8148102579313266,0.06563765602916334,0.11860845605672733,0.09027216651470624,0.0020728060880164803,0.007111909768447649,0.006559956250854405,6.855103133079377e-05,0.01428961051116461,0.014270768804869622
0017,28,9,0.0006596054886009267,5.884677135203134,0.018065521962397257,0.04200195541650534,0.032384345709376955,0.001979581249244254,0.002398504142915916,0.0019086332563379223,0.00020851319813811913,0.007362967274986985,0.007231634397164048
0017,29,8,0.0012203318330466137,5.311983425573888,0.038166409606237836,0.07974340939277605,0.05028959976177219,0.0013531230460198007,0.0030034007478489306,0.0027279779087511545,0.00012011104408398218,0.007011228953923927,0.006991861835308125
0017,30,9,0.000793929032277386,6.03212990515331,0.022601288804669564,0.05452277981765364,0.04410203532714193,0.0008918413001172185,0.0020394188712668424,0.0018398044536469655,9.807310903930025e-05,0.005499233271024565,0.005476502868096091
0017,31,9,0.001077599718882169,6.110004094930283,0.029958895591632888,0.06960269420986243,0.05401155440035132,0.0015981333144045422,0.00433976892903241,0.004163514047049807,6.430092626358255e-05,0.005594380444950812,0.005585905031716977
0017,32,8,0.0006426573564482503,6.195322933464335,0.017139219160386833,0.03419523736029427,0.027074233179807783,0.0019425932092363974,0.003793061314867912,0.003099281543922418,5.1437539591367575e-05,0.003408892030350721,0.003382626118502768
0017,33,8,0.0007638135736889915,6.284136300223915,0.019829449385405026,0.04418416910289637,0.03641788916293984,0.0017656856220014169,0.005274785699612204,0.004286350667152563,7.374248967954611e-05,0.006762159384385187,0.006752844872766058
0017,34,9,0.0005789985368099183,6.376663379679403,0.014625409203148318,0.036539278856618486,0.032815243095760664,0.0006221849957700245,0.0013745483909429839,0.001274217749714407,0.0002548559490938182,0.006817115202584053,0.006725197409798254
0017,35,9,0.0016970710879018079,6.473142078031083,0.04369970980921815,0.10613097717671711,0.09967760222081797,0.0017880815704840252,0.004987870274255041,0.004527971993792295,4.147103463246049e-05,0.007228593185359859,0.007222471153876611
0017,36,8,0.0010212972162828074,6.573831065729949,0.02567672430537123,0.0553843346426067,0.052751992207072364,0.0021751569342333722,0.003449241451068555,0.0028614084075285844,0.0002835807967503671,0.02691563118254982,0.026854445713970054
0017,37,8,0.0012311642904976135,6.661748298528635,0.032086589686047426,0.06623234857038646,0.060547146411524394,0.003518396338856985,0.010446025213066467,0.008575020910937784,3.6976255074330086e-05,0.022081066848589244,0.02206673800749432
0017,38,8,0.0019932928551375643,6.7536750439709845,0.05202873052703435,0.10550901558094364,0.08714447330991412,0.00842763068700797,0.025112622602245355,0.02016897310553284,0.00023560150914780199,0.1877770381204171,0.18770206497327
0017,39,7,0.0005571421630397685,6.005011051308441,0.013364546569696177,0.03549196451702205,0.027747053151106933,0.004388964189139812,0.008648875602043731,0.00817528903931245,1.6392145917897714e-05,0.009612254973932421,0.00960037000834653
0017,40,5,0.0006495417883893887,3.8284369028492526,0.011340429899149967,0.018282469071358397,0.010939371683522041,0.0022299017100332265,0.0025500882377472896,0.0024493554640316988,1.2862633801359225e-05,0.0039360640240536544,0.003930616744200438
0017,41,7,0.0012382163004323523,5.952457292906728,0.013674364294735616,0.030499753252570427,0.028842704262887868,0.0017380769880754993,0.003901325202021681,0.0034237833670452173,3.5344947000901795e-05,0.024696855776677615,0.024693969441085
0017,42,6,0.0036777461614227853,6.00060899780868,0.03223754727281148,0.0856252030844929,0.07429166482329375,0.003490949983824338,0.007675863073704178,0.005788356971579535,1.7327299587663053e-05,0.7075100017894866,0.70749838516147
0017,43,7,0.0017918653689573774,6.070767618700757,0.01692263258590016,0.04448466861453469,0.0376217887061338,0.0010581268964396967,0.003728608466609049,0.003523618103227705,3.350973249238241e-05,0.05934760231016489,0.05933727964773924
0017,44,7,0.002300699802917291,6.143246875048047,0.04540368313540806,0.06366919920011559,0.04736093920705793,0.0013603687138732457,0.004184960354172851,0.003784801444829325,2.736741092152072e-05,0.03157685462459478,0.031568723399027526
0017,45,8,0.0018483108912495639,6.218530082655205,0.027285783681659407,0.06641431245963833,0.05395067577832572,0.00162430811590278,0.004109222778684603,0.0035832998631991266,3.5432361043275025e-05,0.009558040893689343,0.009550433999017767
0017,46,8,0.002237525806831268,6.29638995047832,0.03532601676300795,0.09648837691041189,0.08140089841018738,0.0013306948086096305,0.005790951208568692,0.005013539139301406,5.260347722346148e-05,0.008812056305665821,0.008781208091335972
0017,47,8,0.0023130238533679713,6.376958080226123,0.040042141684794114,0.11531773362261624,0.09844664585736926,0.0009244469359492014,0.005969112067110404,0.0054774865475540595,7.005203097568179e-05,0.012966370336253625,0.01294812390978557
0017,48,8,0.002508150501225472,6.49255525564249,0.047475629993255164,0.13925609312699447,0.11826430470788342,0.0007869968682710797,0.0045691383833936184,0.00449419454953954,0.0002192084534687797,0.008292051161787517,0.00825252592272308
0017,49,8,0.0022173617444917817,6.61354297723264,0.04317095809326091,0.13077236040611653,0.10933150594352768,0.0024784502554511135,0.004418914457634776,0.004203277892006357,8.530486565247259e-05,0.0060948250487435325,0.006078667042823818
0017,50,8,0.001379988992196731,6.742757942080178,0.02784716312192026,0.08748925670686755,0.07249054694240369,0.0011251627856800448,0.001766351676664409,0.0013466338301076947,0.00021939366499152587,0.001765132310175829,0.001750924697473757
0017,51,8,0.0021306842186580442,6.878291438937694,0.042764171839924967,0.13757698616871353,0.11182342714342876,0.0012152225644419803,0.0027122744218195465,0.0023185451071927746,3.8258599861636626e-05,0.0019172565713602317,0.0019077602154161139
0017,52,8,0.0016749210085332047,7.020616837565428,0.03890638630312436,0.12547096875713862,0.10303029165796052,0.00328106968013658,0.006038539951836771,0.004740202099301578,0.00029146935483716967,0.0009822703455182658,0.0008823320671597333
0017,53,8,0.002550182725480659,7.149843371633507,0.05246731078225633,0.17870929472632344,0.14202640246295506,0.00209492744390382,0.003764399685079632,0.0029950619164975344,4.669194417712016e-05,0.0021685288140140366,0.0021669628053323006
0017,54,8,0.001840370538733525,7.285094729086879,0.040089112098213045,0.13716708835903416,0.10874061798845314,0.0016435184517953837,0.003183949739055061,0.0023982125468371045,4.4500684217661096e-05,0.0032615581874015733,0.003246097528001069
0017,55,8,0.0026196749249606374,7.430534298327664,0.053762486123068345,0.1911686226908732,0.14909932565271447,0.002462357511984854,0.008789352210244477,0.008086453555342554,4.2487006541344453e-05,0.010968488786971129,0.01096386768366042
0017,56,8,0.0021872170788649623,7.58308779658605,0.052111615418254445,0.18021223434147476,0.14004888185546505,0.0022468380280072533,0.004294159270102274,0.003957963060752334,0.00030896514407789953,0.012854982179390545,0.012813778667746387
0017,57,8,0.002623016847330948,7.743290824451593,0.05869352853161352,0.20551792815883432,0.15842397576947131,0.0015155499939222827,0.01213371256288943,0.011833120614451274,6.3141433458563e-05,0.02954814969642312,0.029520325185288982
0017,58,8,0.0028990449999445377,7.94988894702755,0.06699359934976691,0.23229671600780225,0.18080797263694287,0.0016812381120405416,0.01138276758780293,0.011066230250634253,2.7148656582874927e-05,0.04291813641252175,0.04291630969619802
0017,59,8,0.0033086624293237987,8.169448059459983,0.07903540908347108,0.2723269121488398,0.21324140789941354,0.0017645487726455334,0.009803509507908726,0.009756339977402153,0.00015922287504602364,0.019362200006992476,0.019348088644080576
0017,60,8,0.004690861986862801,8.388821772638249,0.11180606464303394,0.388697763356497,0.3042378670948864,0.002725191186029952,0.008617536347280635,0.007205366375971047,0.0003456489827157252,0.02007999546554177,0.020046713328218193
0017,61,8,0.0033534629618133076,8.588978868905022,0.07567897762507017,0.26292964129445995,0.21336029350654068,0.003337235501069023,0.013440987678204763,0.01186475077319961,0.0004823410688197577,0.014563807268589229,0.014545999920149915
0017,62,6,0.004160795652965668,8.80126910039644,0.127221911963736,0.32257374280594364,0.21519340725503733,0.000539163698012673,0.0029412664913894544,0.0027345185808842908,2.7829303018763965e-05,0.0034733928826722682,0.003469074305145828
0017,63,6,0.003671824326053971,9.02701561619049,0.11406295044899585,0.28618108616299653,0.19008457035735327,0.0011763868282802692,0.002312497305770689,0.002124901449676948,3.272906757263017e-05,0.3516244757961521,0.35162016230684556
0017,64,5,0.004369480371348289,3.556815897345057,0.05776014459067706,0.12778222832839153,0.11898986284379652,0.0030089926698086563,0.004204567537781713,0.004038106042330454,1.7051886468747654e-05,10.13873300756686,10.138728114594885
0017,69,5,0.003116492037864047,2.4185580617200886,0.01256728024283948,0.02846279074508637,0.025130904728436085,0.0026781317311820804,0.0048142070800411526,0.0035235216720919922,2.8558515248351617e-05,0.010739528272677247,0.010728241536887496
0017,72,5,0.005848222569612711,2.477945699721194,0.02359995933179266,0.055554712509129855,0.046626175196506435,0.0046258190944401915,0.009691607389545111,0.007262230239663188,5.191063196569116e-06,0.10981756178024785,0.10981576079049792
0017,73,5,0.009138798370699757,2.5128200013827997,0.03786037109822257,0.08833752104258161,0.074758391858414,0.0061359953882039455,0.011339780191680386,0.008127231920704244,1.8498702593606543e-05,0.04525519740830088,0.0452525489946403
0017,74,5,0.0050244783763780995,2.5489561618842393,0.023687832111315362,0.04973714207357398,0.04162790639913978,0.004558665755977299,0.006860141484677365,0.004302456162260318,9.36688677263247e-06,0.08493817026600889,0.08493420613543408
0017,75,5,0.0040741968714896925,2.579843385484149,0.02041170773241974,0.038996729711801084,0.03334950946683784,0.004225344707954169,0.0059213793776695285,0.003378252674505014,1.951962890712172e-05,0.005700156768528176,0.0056916811593247085
0017,76,5,0.003911365806652517,2.6118903899782113,0.01765058101152519,0.039960291243609454,0.03432136215251642,0.00346204291778561,0.0051959930251368565,0.00292445578359757,3.093992356584716e-05,0.0015493302319508047,0.00154129868264032
0017,77,5,0.0040653680970995825,2.645163747953776,0.018799560168646246,0.04054880924805058,0.03491090555763575,0.0037681892414800433,0.009123138049087985,0.008535450263159735,2.2331061228353622e-05,0.017486873471948768,0.01748046456921487
0017,78,5,0.0037597549674292063,2.666944660568817,0.016955812844854486,0.03938067878686686,0.03422393134126797,0.002913343355959108,0.006926162441778601,0.006537896666758759,1.829727086374921e-05,0.1029625563817464,0.10295129300977764
0017,79,5,0.0033046779228699144,2.6893732202454377,0.014787908236074692,0.03395751130128512,0.029595935208228823,0.002553407040097398,0.005710036061856459,0.005042558426759073,2.979034781508248e-05,0.07001657128190955,0.07001023060924036
0017,80,5,0.0023877598182351443,2.72084455858863,0.0116245701506839,0.02522394531640169,0.021811283484788318,0.002257472984266452,0.004519678919059535,0.00350654928732147,4.075730467133762e-05,0.004328354426412633,0.004316399000030801
0017,81,5,0.0019744735737227755,2.757832911352399,0.008003716775064602,0.02028208294789703,0.018252045736453934,0.0011626673729171655,0.002471817306658689,0.0018833354389216404,2.0692086967813303e-05,0.05943907888277798,0.059432918704451436
0017,82,5,0.0023681943812843206,2.7961004629521096,0.01120264508539297,0.023564730738498955,0.022800593713079746,0.0029580469469466684,0.006076306320521194,0.003890253025571343,3.288190517000068e-05,0.00814171113129213,0.008137563429216068
0017,83,5,0.0013803915900630495,2.8362053137242427,0.0075404722077074635,0.01355580237029879,0.012400998248026979,0.0025236831202715285,0.004916209640003974,0.003216610336144283,1.2315559300623422e-05,0.0032416087214925788,0.0032407932324427604
0017,84,5,0.005284440559991017,2.8744036719533512,0.02006311823549286,0.06462997251441008,0.05407854399582154,0.0004272336912852042,0.0008626157431643747,0.000511850100396925,2.6073832866523743e-05,0.003593826126628751,0.0035707384147932106
0017,85,5,0.003936386825457322,2.905524059848434,0.015905690461315885,0.04904017532226111,0.04089866822238415,0.0009138586355038069,0.0023467555071985504,0.0021529886693624953,3.4854495810606535e-05,0.034469261647067366,0.03445914495860224
0017,86,5,0.006764368494005688,2.9377523568479464,0.027855919561673995,0.08572339245368664,0.0707760297893772,0.0024330413578405375,0.006273038707971105,0.006142811867425378,2.576199159571225e-05,0.05837852050443784,0.05836550247250264
0017,87,5,0.0059491472104975926,2.971148798762026,0.02251410838958974,0.07584360511064654,0.061161911390899465,0.0026701357675501577,0.00727176178996396,0.007018260185116732,3.1349222608741717e-05,0.016918930049021785,0.016904902347055526
0017,88,5,0.00909797010055547,3.012922078932706,0.0394827399216438,0.11763966204618344,0.09514292046780036,0.007738021924574129,0.019040220041960366,0.01461402221109578,1.8444752837543334e-05,0.1252524643924303,0.12523632710275107
0017,89,5,0.005161982745557021,3.056477235488358,0.018742020083257017,0.06963419890959345,0.05361233906107629,0.001489694425112048,0.004640764707277207,0.0038014552203712165,2.5811929282545914e-05,0.012711790908005678,0.01270472345495183
0017,90,5,0.005025687722522387,3.1015802949991413,0.018618276643465787,0.07048619144974029,0.05455695174268284,0.0011338190344784024,0.0029776894034734217,0.002453874708616284,1.6528562513817737e-05,0.04972790619396766,0.04972052501753346
0017,91,5,0.0020051261385221064,3.148693081758667,0.009353080960963689,0.02839665824629177,0.023176868214140934,0.00207052311774195,0.004612944605377228,0.0029070017251414267,2.814040287307491e-05,0.02672486761955081,0.02671555880544017
0017,92,5,0.001631167975197842,3.197951823384199,0.0068362580137507085,0.024162662456777985,0.019621486109398248,0.0013408231535230195,0.0021900780427081402,0.0010335843113065157,2.603042359943268e-05,0.0018537657465782292,0.0018475253107610615
0017,93,5,0.0017622848425685957,3.248782404523989,0.011266858897931211,0.02887990274922127,0.02487515540608754,0.004080013116718701,0.007070805912399945,0.0038365970228439327,2.466387558025572e-05,0.013107548310498903,0.013098993787004331
0018,91,5,1.0222144166738598,2.10904681427356,0.4024911489028585,1.14992397062688,0.925513768160263,0.20169100083280647,0.3037168206527978,0.19219065278710037,2.0112935046322434e-05,0.031108249729442317,0.031096843822547363
0018,92,5,1.0118507005657367,2.1451486877852224,0.4122507810715647,1.0675612698581616,0.7947505517385438,0.1718136846122856,0.3079874300698978,0.2320739061607463,3.33655956602241e-05,1.541745530341157,1.5417396403067212
0018,93,5,1.1040958102051053,2.1830877674631632,0.4598766477342007,0.9340809892472495,0.7230613397732701,0.177152835124958,0.4569429533394138,0.32680513885940743,1.3375341692056314e-05,0.37931000581925817,0.3793039963513073
0018,94,5,1.0000496813454025,2.223195789140576,0.5050311532448577,0.731642371463187,0.6731156726867182,0.24642056055938133,0.610478972819885,0.45837666646086694,3.428688067993292e-05,0.024511984089735123,0.024501023390240764
0018,95,5,1.0973740687312319,2.4505744713350794,0.4208825034174609,1.1274197111970985,0.9908682852007118,0.47590853430825486,1.044865029723214,0.8960526595606959,1.5582864513639635e-05,0.05891718621938256,0.05891051938450736
0018,96,5,0.9935642350276203,2.969406252757634,0.7441185434588367,1.6960196954267246,1.333624203618562,0.8807702154768074,1.6468460639266156,1.4987435166887824,2.3318457883931765e-05,0.049378535515991015,0.04937210007203794
0018,97,5,0.99023919425574,3.7830470044766544,1.9552016492457742,2.958667674881936,2.3681099608621397,2.0041647986852182,3.0414874094929747,2.927091152427833,2.4517714132434275e-05,0.021186967157826253,0.0211788887376358
0018,98,5,1.084780255995717,5.15638734141773,3.213943927867906,5.980709035539901,4.338403815919179,3.5422018208375317,6.480830700921843,6.31699810746123,1.5674754683563715e-05,6.666609275612909,6.66659920754052
0018,147,5,0.5552682096484556,8.052156633279928,3.714050371604729,5.130736997468838,4.557891686500886,0.990472388368262,3.710632909651554,3.433879454639767,2.6677985805436396e-05,0.06668685316066382,0.06668364872155377
0018,148,5,0.5009567677985869,7.857714640290283,3.5508553138021344,4.734062440444193,4.133475817724932,0.8672163517515868,3.336242181773329,3.0789379917417135,1.0415365981614608e-05,0.02583234325325594,0.025828031753279964
0018,149,5,0.5027257829955696,7.655677451876799,3.8254986912217888,4.915679288469227,4.213878144059295,0.9372573705074609,3.4700068844648198,3.153775312427208,1.8389072533651492e-05,0.016407241872636806,0.01639729579348779
0018,150,5,0.5468223048597928,7.445591535836318,4.65287668303199,5.676363663785441,4.773897631178719,1.166311640953323,3.993941674273895,3.5955058412970224,2.2864868912732354e-05,0.002772711408527571,0.002754957381631228
0018,151,5,0.49762983098319125,7.226965966074548,4.578380030066722,5.326186275216843,4.3823450881124275,1.1766697135955504,3.7302425791218763,3.3297009154223787,1.0404040592560138e-05,0.009981250508167115,0.009973833855741963
0018,161,5,0.48411062370878527,3.3298411704962962,0.4500796766803712,1.334624741464279,1.0285393756813377,0.2164449936127638,0.2473738787574502,0.1358679545693556,6.978107614200778e-06,0.5709323795460676,0.5709293394802145
0018,162,5,0.5349404566999203,3.1982705696426668,0.6134299816675116,1.3749619597661713,1.106538689308947,0.18344323651071673,0.2403789587460485,0.10940561711132835,3.126055030370258e-05,0.531344017871486,0.5313302510230451
0018,163,5,0.48880055457605254,3.0657091635390032,0.7048475020352727,1.415860651678936,1.3278122659424123,0.17808041476873657,0.26820775190359736,0.13590899992701524,1.3259080450668804e-05,0.09400665173991553,0.09400587110815575
0018,181,5,0.49269173165335944,3.2917742104101144,0.5520270620733043,1.7444266936064552,1.3798069412560316,0.25740512485336453,0.27558349343070787,0.17259706737441405,1.95545164508255e-05,0.1764468214019349,0.17644220725058046
0018,182,5,0.5364259303565926,3.1466123466144182,0.724753793001035,1.7229845377002142,1.433175475840362,0.2336784238020734,0.27552099206496544,0.1553634328231175,1.5654072805385604e-05,0.22749774095508513,0.2274882248066359
0018,183,5,0.4832187134555906,2.9997745097652526,0.8610582883383088,1.749003986026002,1.6590556709764293,0.2684153096900599,0.37543532935366625,0.24698081031225694,1.8242514678974674e-05,0.24807129491738433,0.24805807240877187
0018,184,5,0.528886678072638,2.9063331575176248,0.8444194840705751,2.2968304565487774,1.9677664640730987,0.5286556148498567,0.8399885111745813,0.6134240757204323,1.6800296325736205e-05,0.10283103974007801,0.10282700178668164
0018,194,5,0.482523717161497,3.1882818950545797,0.775412745713074,1.934445261452473,1.471021334664342,0.22018239113561136,0.27031795460032104,0.15711168061668623,1.7494331113009724e-05,0.0462592153792552,0.046258269708761686
0018,195,5,0.4300472844545142,3.020449687846111,0.8756129001764611,1.7030150956472137,1.619838324279119,0.353121826857741,0.3812280632654359,0.3012690406624139,1.808070851571139e-05,0.06251936960427903,0.06251496726321765
0018,196,5,0.4646271871945455,2.855496063559609,0.9703190827524418,2.178050406820515,1.8507240920507497,0.7546745278123829,0.8738458091935849,0.7672640389057397,1.9069961808774728e-05,0.0839708172849143,0.08396249238620138
0018,197,5,0.4124299934956345,3.2232387252519508,0.6763140030405852,2.3803846140683635,2.2108336243897786,1.08961511445439,1.380748224219407,1.1368429777941766,1.8379038853117617e-05,0.17605206361021125,0.17603819520354252
0018,223,5,0.4856526134602756,3.677341864336395,0.4185914376409614,1.3054012587747967,1.1603256957193522,0.4760887049758728,0.5988053995133211,0.46323315962195905,2.6263336599447075e-05,0.14158638225614822,0.14157256547513725
0018,272,5,0.5035967466860747,5.571320207941653,1.8250578742582901,3.6186380828029203,2.7985443797394813,1.1943199631555972,1.9325354237414984,1.3361798904645892,1.3968639439516278e-05,4.229771450621744,4.229767864572427
0018,289,5,0.26356749320589046,4.631388993583655,1.7231034657684967,3.1735004088934606,2.7433313567097413,0.4179543343936437,0.9671442376273148,0.7268786608327588,1.708090470688131e-05,0.43983960512678016,0.4398278307923633
0018,290,5,0.2858028215931838,4.3660774641073825,1.0898176591871152,2.7779472699493075,2.31820186239008,0.7435677649408025,1.1068147886349131,0.843973961721088,1.4741672616253533e-05,0.17214514753370208,0.17213204567636844
0018,303,5,0.2402593545607732,3.5288534874282362,0.9944975671763402,2.556728194892579,2.2253504184965243,0.6133396963885073,1.0834375763220105,0.7807425180951197,2.0547910249535768e-05,0.004582358079494766,0.004577149296519003
0018,311,5,0.22992564252883635,4.637971705117113,1.03879340815598,2.325112196453626,1.985021479939653,0.3760768677865878,0.7756757126877027,0.565088294256395,2.509827740771241e-05,2.596452788306385,2.596446472315288
0018,312,5,0.2530319328596621,4.417761651525451,1.0381222039393945,1.9804067639188767,1.6161925454992572,0.6941024572099894,1.0616784132292665,0.7694805895861141,1.44282538783485e-05,0.07455049387013193,0.07454221298049506
0019,1,5,0.0883416287356383,3.7233086064886276,0.0854663737234817,0.3301038461075252,0.2643305738871116,0.08772230041604183,0.24131196605291783,0.19544573970834112,1.2493543504341902e-05,0.010088592493071601,0.010080106976983416
0019,2,5,0.07949494619811791,3.689066692757829,0.10835269271750303,0.3548461001313179,0.27242750284925277,0.08246315268585809,0.22667477232031763,0.1887009742819553,2.0332733214200707e-05,0.2330248864625697,0.23302010031815687
0019,3,5,0.08070503745155258,3.655193034898808,0.09096148607909695,0.3408091125223075,0.28690382415578175,0.08219050842857638,0.22444682043019196,0.18266788539255938,1.8296703585139032e-05,0.014952732961299297,0.014940289243152655
0019,7,5,0.07455004887402389,3.5487810236121624,0.151684648520853,0.3468155733208072,0.24489066076308158,0.06708221015703292,0.18959392262702174,0.1536389883799022,3.779744731136309e-05,0.0289997513074562,0.028987082709187026
0019,9,5,0.06725848952332092,3.491148187773441,0.2140853101765715,0.35243554249750153,0.2624038347860177,0.06559627457380884,0.18606632820163482,0.17100107637600145,1.7212493040536424e-05,0.3427451042099162,0.34273889162926674
0019,11,5,0.050857376424290786,3.435000094682175,0.27117087189499006,0.3247248430072276,0.24067858129903202,0.05175989602297257,0.14133272256680074,0.1335337990651267,1.4415454441495272e-05,0.018316219233798805,0.018309827725511284
0019,23,5,0.09310607378259579,3.117975591515537,0.473990213975939,0.6416902601632534,0.45819001288348027,0.07771981399932815,0.21605277400032863,0.15859868144290848,2.9059329692829204e-05,0.24474245167535763,0.2447351642774259
0019,24,6,0.10027340928814304,4.4866842636794715,0.3294633472720217,0.6154386896479519,0.4464414252201913,0.14309564902968436,0.3587854049106996,0.28221661840871914,3.3492903830897675e-05,0.05580726700192513,0.05579358163416332
0019,25,6,0.11976892853731183,4.614647306273891,0.35674045863930504,0.6306266312825861,0.4671163907603223,0.1808017301627366,0.4324321997304619,0.3116718603331178,2.0505456477520186e-05,0.1065620328186132,0.10656187324457884
0019,26,5,0.11950729803288855,4.753294204405149,0.25809617237756155,0.44866083802884726,0.36096975948003523,0.17333851132688832,0.2728863567675618,0.23376353168124053,1.520815965617821e-05,0.06909334311635594,0.06909057633785123
0019,27,5,0.13040598237660364,4.904020981930446,0.30692518445103983,0.4231971296928477,0.224006277232192,0.2188853334147373,0.2997257058444806,0.2622285908376798,2.9206307222800268e-05,0.02448839916074496,0.024480717976946002
0019,28,5,0.15734908662273445,5.06847926221461,0.29361576818844526,0.4880285011086703,0.2779774694182382,0.2720972909711739,0.376595471857445,0.3352935058667581,4.0928779274040986e-05,0.11221506637237459,0.11221304643646508
0019,29,6,0.15567289400688256,5.278876154538829,0.45516394112806285,0.6083897982052727,0.45297794267097,0.3725621365970626,0.5728139190874968,0.3733022170642041,2.1916508908330697e-05,0.44184535141216563,0.44183452438540877
0019,30,5,0.18701193443708516,5.5131708958548815,0.34489303879503097,0.6662983143882012,0.5156114482867054,0.43833643580019727,0.6275741530169762,0.5806603787495986,1.907318320154207e-05,0.14003178083970955,0.1400253339206383
0019,31,5,0.18330463578731318,5.775679273937179,0.4841313442194957,0.7595517541695668,0.6414489189763085,0.5013796697563764,0.766039099015517,0.7230424211758544,1.8180208873991683e-05,0.13778044964671216,0.13776638096856428
0019,32,5,0.19508324026842544,6.071825833615855,0.5180347848696671,0.9560331026253681,0.8231730833561897,0.5885786919047404,0.977098668617869,0.9289480866808558,1.8220060928549466e-05,0.4114720628465155,0.4114697136119706
0019,33,5,0.22690066657556157,6.371156802180886,0.6169319550824812,1.3583746745846985,0.9898131659813667,0.7632716475636719,1.4065791823689524,1.3524051652997184,9.515766827468761e-06,0.19149211987798517,0.1914853172123381
0019,34,5,0.21929370400886034,6.714480796665806,0.6692603619345853,1.580391071373164,1.3370325625266202,0.7970088442890636,1.6042269218085934,1.5551905444569007,2.252046255411202e-05,0.22122876304420244,0.22121318818043528
0019,35,6,0.2548626643086179,7.11226544134727,1.278541038247065,2.2628777919052867,2.043981170233537,0.9485978984862329,2.346080684759403,1.8205864878450795,1.332265743706216e-05,0.4914174966254166,0.49141203585611737
0019,36,5,0.2410182326745729,7.671565794781775,1.2308588693311542,2.5997197213380345,2.1693897530850563,1.1590741449011153,2.717720069817143,2.662836931541174,1.4766193547437623e-05,0.29858064908478527,0.29857034522557285
0019,37,5,0.25008867141454527,8.354426652176018,1.517271412657073,3.5405171442817873,2.929447798868117,1.4464309045928785,3.680074840880751,3.6043509417375583,1.0124686172899016e-05,0.1946931719622229,0.19469059252815155
0019,38,5,0.2831375075122128,9.206878454204887,2.303428846130767,5.614117011284132,4.740279728355243,2.074166715959211,5.736621513973766,5.607529398560416,2.556245846789408e-05,1.6373275289104436,1.6373224348848765
0019,39,5,0.2700834489942994,6.026014755115591,0.8692640604828249,1.3383499624211759,1.0811714124643153,0.6580218283677249,1.2788024533134907,1.2002246977772217,3.406349507289722e-05,0.08923651631967443,0.0892090158175977
0019,79,5,0.0865419015505374,6.042701565337433,0.7403459757488079,1.3016929287795211,0.8631293862762823,0.2550053717588726,0.4339665502218207,0.3679869730375438,1.9729697683845518e-05,0.013541850683221918,0.013531730269058313
0019,82,5,0.0875866190733073,2.9345622785731016,0.13487343864895918,0.340751592129598,0.2788953500551169,0.052876921010570135,0.14602574105804658,0.12653155213553854,2.5635512363370055e-05,0.10457574218111144,0.10456582152988449
0019,83,5,0.08247209318606621,2.9355484086777324,0.13692556047943027,0.32520376519168154,0.2605116344297383,0.0598308836414949,0.15339096689771603,0.1520036348448991,2.221401506700961e-05,0.006162494782022879,0.006152495287143009
0019,84,5,0.0932675798485503,2.936513744539608,0.1877049062567483,0.4049734102853519,0.31653346993337705,0.06997428736006321,0.17587019388966527,0.16634856372424706,2.12588350100402e-05,0.011348378009449291,0.01134280311676142
0019,85,5,0.08652891555572022,2.937446718454635,0.1929977140026539,0.3994153082209843,0.3069467233031492,0.061305059372714014,0.15567410532371437,0.14508123307882403,1.271472319424387e-05,0.25558133993289106,0.2555735824343977
0019,86,6,0.08859800629372447,2.93842434637016,0.2312737065399451,0.42346622419339314,0.3788015961657595,0.1254134427216451,0.2819534964950109,0.2363059006233756,3.223707265320257e-05,23.340229257044115,23.340219097931858
0019,87,6,0.09977189594655625,2.9478403649138563,0.3026384773999016,0.5232240252660751,0.47217619545942563,0.13913903228059699,0.32769467081490544,0.2689969129773666,1.9971476073535766e-05,0.57780272770362,0.5778015387288047
0019,88,6,0.09322379891385316,2.95467896594316,0.3024145728727327,0.5108069012734602,0.4616760465851171,0.13515870292855225,0.32495577136997955,0.27371894041827555,1.1023786833633333e-05,0.974534490641207,0.9745301642059258
0019,89,5,0.09634580324770446,2.961487509654817,0.362668608092719,0.5475493645508382,0.48246116535045697,0.11957489418832376,0.2965947996215482,0.2180417885891112,3.8361965067983136e-05,0.008768934611278329,0.008762520846076621
0019,90,5,0.11054326763046275,2.9683605845313976,0.45192610125203925,0.6584617105059385,0.5819910458398353,0.1463642856300437,0.355073494339356,0.2632003025812484,1.861415702145764e-05,0.007680177208537545,0.0076777951688257115
0019,91,5,0.10541027382569577,2.9752713276386396,0.4485063339068242,0.6434564489378888,0.5667944158829881,0.1487437902156736,0.3532521179452351,0.2660057304896861,3.167649758490398e-05,0.10827084233436399,0.10825651134429697
0019,92,5,0.12243379473166686,2.9821625204345996,0.5256694086102861,0.7538299685515178,0.6574884716077822,0.17700353622082532,0.41725134999976643,0.3072636593064388,2.4865553458902562e-05,0.5505593119650792,0.5505567265885113
0019,93,5,0.11885223220800015,2.984888109864734,0.5220279355224275,0.7386884073971073,0.6393586026572836,0.17410541053376413,0.4076349811298087,0.294630559676391,2.154678739122722e-05,0.038265873161517555,0.03826141058137521
0019,94,5,0.1274683012355183,2.9876188216205857,0.5583494351027977,0.782681018701212,0.6667476424344985,0.1739264955796785,0.41981042601172425,0.29903870432101287,1.8897745985381614e-05,0.18182016148161279,0.18181364753314344
0019,95,6,0.15170354997005428,2.9904184269782528,0.5798153828454863,0.9445462430288514,0.8331471367389546,0.2543280160660653,0.6135944493551893,0.534058847436031,2.4683754132050654e-05,0.21493447899207557,0.21493004730744444
0019,96,6,0.1470381641370887,2.993151761965053,0.6175282763825765,0.9786646049843547,0.8594397048614822,0.24134926395012313,0.5798653776957353,0.499967404786861,2.5755289585766838e-05,0.6537291724263953,0.6537231141822908
0019,97,6,0.17334900123918248,3.022387004220909,0.720904846260963,1.1617108258522664,1.0037028542980806,0.303598314783126,0.7295994991124861,0.6176204923563119,1.703222185507127e-05,0.5044645213297863,0.5044632229101386
0019,98,6,0.16836950667001008,3.0482315628751047,0.6666803468481719,1.1070054080929623,0.9478193617583215,0.30586926695569316,0.7211012677723003,0.6045050556227876,1.7440711612105338e-05,0.0775774710305668,0.07756617610645461
0019,99,6,0.18006831240291835,3.0746496665646226,0.7144958100664811,1.1929707494545858,1.0131344746787292,0.35087978914084117,0.7897434399326915,0.6409501782420448,3.650333040259839e-05,0.2939857264913929,0.2939810529593577
0019,100,6,0.21087863924976982,3.1016773103964765,0.828955997823642,1.39727255867602,1.1650788814090438,0.4578650873490171,0.9761024491303677,0.7532501549438325,2.670485881094914e-05,0.030600121216789036,0.03058934329282075
0019,101,6,0.20332948750452345,3.1407167393234303,0.7671660818034856,1.3236557488295528,1.0713783494836415,0.47400399874443583,0.9716648808362051,0.7237494117090941,2.7918144354753655e-05,0.5376139082070488,0.537610801784019
0019,102,7,0.21335055737619593,3.206939798910505,0.5536908618372934,1.40033559945633,1.037327860839706,0.5304142697213499,1.0908375064113973,0.8817252572830037,3.385354568604026e-05,0.8211139432202911,0.8211090894114997
0019,103,7,0.24654370028214428,3.230607542027837,0.7359851105481876,1.6285867143231822,1.1654451758653854,0.6537076992978805,1.333947127419063,1.0968486268154576,4.1612188310433315e-05,1.6295105134045198,1.629503533346132
0019,104,7,0.23552551000993496,3.2549919447368807,0.7976116550134952,1.5491789959991364,1.0883663517341968,0.6374711477108798,1.3178275188386825,1.0909667394382587,3.0913245087149035e-05,0.03727437202019523,0.037270447934574014
0019,105,7,0.2719668677453756,3.287679623274627,1.0810927695003179,1.6485584486745528,1.1807962346333187,0.7615517715713102,1.5816939772624905,1.3337329773049356,3.3337755329371365e-05,2.822491382606375,2.8224820256875924
0019,106,7,0.26126230330882216,3.391776430795261,1.0207081837673841,1.5978889888726335,1.296858867626492,0.749558555052654,1.5451598336400347,1.332039158875748,5.4514758722296064e-05,0.5612217265879654,0.5612189386811892
0019,107,7,0.2752463978590574,3.54817660274021,1.0977866396720013,1.7822311535516389,1.4944872856838032,0.9127193724674108,1.7189724534369561,1.489838273647527,3.732169561676827e-05,2.514053124176246,2.514042288577245
0019,108,7,0.320192000026375,3.7146957576988258,1.6437323834451114,2.3128899039879376,1.850750617595527,1.2563190417295427,2.182977169173265,1.901025507823611,1.8291546682618592e-05,0.13847507981010307,0.13846530400838217
0019,109,7,0.30272230547110224,3.900010369268553,1.8511401242085692,2.5975386116019097,1.9571976912341649,1.2645553308630508,2.4093440103750177,2.1079121518178954,3.488593079043176e-05,0.9858957240330803,0.9858875516973892
0019,110,7,0.34884990786068587,4.107578627827202,2.478580191700242,3.5046807729125553,2.6584615602995383,1.5721587470348048,3.23650589531556,2.842296168767171,5.334079141941724e-05,2.6587967861049524,2.658793691751896
0019,111,7,0.33161184245077774,4.382390128136004,2.6345019393241165,3.897583311087639,3.121104013777156,1.5570539440284195,3.561778203605066,3.1061871853914225,4.445832035658808e-05,1.3506323694678226,1.3506253618484534
0019,112,7,0.34701020561966806,4.6979997522621755,3.15132128057007,4.88811906899506,4.084373073044191,1.6881356531329788,4.375048953610896,3.768349241247399,3.0501257980997392e-05,0.5247702733380954,0.5247653252369624
0019,113,8,0.3965016099653854,3.8311535698563626,2.30986427143817,3.951774810975566,3.4814718073686133,1.4089918221896878,2.5190804316784834,2.3087235391500482,0.0045881444297994345,0.5245462502403625,0.5244036557365634
0019,114,8,0.37079091008204346,3.9083163554227127,2.284137709483632,3.8084977711852224,3.3647761382599146,1.4069383920771905,2.5804848514134453,2.395837263855177,0.004311903635177329,0.47291275888731416,0.47287093630115057
0019,115,8,0.3746239468817395,3.9903327343065595,2.45015589149192,3.9909315129139316,3.5391482735343267,1.5369563871967418,2.887887794721792,2.6875635987930244,0.00745027222984427,0.3905620011460826,0.3901275599383538
0019,116,7,0.4165418157027194,4.077672107608479,3.6183896638382254,4.2642216887904185,4.114280125191114,0.8309744962329721,3.570810789878944,3.3173463725583776,2.8250852871455648e-05,3.8795087142831597,3.879497463158078
0019,117,7,0.38071754164482724,4.209733802189644,3.4258456535737483,4.1358068581452105,3.9970197878009026,0.8122363217946725,3.6172332760467167,3.3937031803948905,3.412661570311175e-05,0.9880369301759526,0.9880352512019929
0019,118,7,0.42196222198525074,4.354874238988847,4.000959190205342,5.0435545020929125,4.854441320473419,1.006015027295209,4.765682492794969,4.60348066728988,4.25999763992127e-05,0.7492976005348095,0.7492770499464659
0019,119,7,0.3824015001503119,4.513673560063484,3.796435237516944,5.055328582649572,4.85265528078749,1.0637578410396118,4.874064607689337,4.715788477299503,3.927688713922267e-05,3.1046350201277275,3.1046171276283117
0019,120,7,0.3844246004551979,4.691498883595463,4.019864484674352,5.706315008054757,5.466187970295569,1.1216407776288964,5.562780117760359,5.435589934670844,4.125508996338977e-05,350.14437505987104,350.14436326044904
0019,121,8,0.42522894838332914,6.612297727926701,3.7025410297529295,7.545099049278798,7.352802936826251,1.57658363792051,7.242186432028771,6.84504104894251,0.0016757809635185206,1.8197615556433309,1.8191937314253697
0019,122,8,0.39116332930176184,6.8731085791111886,3.5875746904707997,7.612549848236918,7.389475397735005,1.4883331064289165,7.493337314533169,7.091957555169969,0.0023224465285446314,1.4861345358204334,1.4855503627485405
0019,123,7,0.43486730427013215,3.9708669474171487,1.577040176857197,2.4450540010130606,2.162827889132104,0.40024607742826207,1.0491411296395383,0.8331229633503522,2.551418158669516e-05,14.827451236596833,14.827436228856728
0019,124,7,0.39755952055988103,4.0865409378317255,1.5837933109357047,2.377039598768305,2.0935813253383273,0.3741733765294131,1.0121928091881933,0.81486311877583,2.2833516101952102e-05,2.6461940617511712,2.6461867071529257
0019,125,7,0.39862559804271086,5.199855851858413,1.9152830403457117,5.610391295484899,4.492579209297791,2.2538670120469897,4.805670634161881,4.566708550266807,5.589756112216254e-05,2.3750691377802493,2.375064111139009
0019,126,6,0.4393523443395337,4.354213534978836,2.1586817451909743,2.4067896294263407,1.8894751630678717,0.4698656200677042,1.306392851194897,1.101997005213525,2.1347472186908887e-05,72.46438703151752,72.4643844231976
0019,127,6,0.399114842894599,4.508604871643815,2.1587227795538464,2.321236868223624,1.7628133407738884,0.4515053705335578,1.1750959888287462,1.0126199858807234,3.671903675625688e-05,13.338970827933537,13.338958181996254
0019,128,6,0.3982457168994786,4.680022108354872,2.342190364002472,2.4724590837299636,1.8083146947880606,0.48908005148893774,1.1538937046365378,1.014773835755756,1.785017513776212e-05,4.8564834911414945,4.85647838939308
0019,129,6,0.4348750211465102,3.7121919752097825,2.8638989376000175,3.4013969302819733,2.584029126070404,0.6445750553252343,1.0748664810990267,0.9691981931568144,3.973525094352901e-05,17.415616212636348,17.415607283804658
0019,130,5,0.3924231430525314,2.0492184136099034,0.533885264835664,0.8217547518100277,0.5721894517712096,0.45971964101549023,0.821277036370993,0.7206585609822251,1.9229564691821882e-05,0.08012561749713447,0.08011783863917435
0019,131,5,0.4301725234733074,2.0973286418637147,0.6148335338643273,0.9982886736134706,0.7070170687015702,0.5306736438698799,0.99220196950373,0.878784241294208,1.5712703212209957e-05,0.06766375050222999,0.06765145420384933
0019,132,6,0.3907360640547926,2.781256551026082,0.6098786880056248,1.0666009250175466,0.9364464675148689,0.5991935744871284,1.0509141714768593,0.7790246512705643,1.9194460058055406e-05,1.5430708932435648,1.543067952966391
0019,133,6,0.38549613179574777,2.84006440098776,0.6691840672609353,1.1823960640184987,1.0704884593461677,0.6577746805392451,1.1643911127635564,0.8664329252097831,4.1475253494447315e-05,0.27130263425905826,0.27129660209502604
0019,134,6,0.41834114297265074,2.9012218542178574,0.7948218126955071,1.4517951981297226,1.3274230039458015,0.7998783156071276,1.4324817071826084,1.0784390732293647,1.5463506232281694e-05,0.033697330275690225,0.033690386358877854
0019,135,6,0.379085818068452,2.967445419506644,0.7703721430522577,1.45720724723031,1.3866006634247003,0.7735546978350941,1.444749130382958,1.0941993686587645,1.9355827158937204e-05,0.0456582300420653,0.04565326041075752
0019,136,6,0.4168736568012933,3.039391447532579,0.9182045171138801,1.7960061044204656,1.7467385424872006,0.9076578050954649,1.7955402953463793,1.3846157081013242,3.3889094165252256e-05,0.10462059821216019,0.10461070761649113
0019,137,6,0.3773351042258763,3.1196961592988433,1.7307205108818806,2.706100428325903,2.132388070376796,1.7119223027149224,2.106200620916049,1.9026525244835497,2.2188073492210776e-05,0.9681537744055483,0.9681392656673744
0019,138,5,0.36933956459697453,3.215762077429889,0.8713410475838775,2.1540146482011453,1.880111570877891,0.7987841548529749,2.1790741876359605,1.9929269992268412,1.612175053774203e-05,0.0537298205658274,0.05372451947225238
0019,139,5,0.40368865765736317,3.299124355288428,1.0760937127326757,2.6260677916437567,2.185197543800521,0.9848376999043925,2.680276859897835,2.458751675881943,2.7394771815260956e-05,0.0217409271163715,0.021735501401504233
0019,140,5,0.367381304206596,3.3999543216666215,1.043047509310528,2.572547625909741,2.112770476070327,0.9310844148263234,2.615995061665082,2.399863360230363,1.4627123480559112e-05,0.6370480621662655,0.6370429859487141
0019,141,6,0.3698913217899757,3.511493472043873,2.688070028141223,4.0452338108616175,3.1474690446857236,1.8909440685955181,2.993614993238755,2.096755192161847,2.2226246303917556e-05,1.2763318284096132,1.2763290186461405
0019,142,7,0.4038298855125114,3.636785722935779,2.798998014917535,5.725881851250857,5.09458573861539,2.133086359310183,3.7328876975602325,2.1816667746231544,2.6465119817330247e-05,6.994121676044522,6.994118515836451
0019,143,7,0.3704321487599178,3.7769595465632175,2.818089043036533,5.86445190040547,5.329343603476597,2.167554473930566,3.858303031990902,2.223421184147096,2.6498537060120052e-05,10.854206053663805,10.854202750561026
0019,144,6,0.4054420451420331,2.443701574003129,0.7666686703470178,1.2040840606088261,0.6753645230407097,0.22813946983852185,0.735302381068737,0.7120325515236107,2.4531009641807138e-05,13.400501299168448,13.400480032486659
0019,145,7,0.3740413947150178,2.856803822206594,0.8201427349934117,1.3820875193634043,0.8256574361408531,0.23044247160518203,0.8422545832235514,0.8307864471263224,3.1050452271499876e-05,0.7468644071232796,0.7468531702471903
0019,146,7,0.37305777488974534,2.9701035595875718,0.9209839812917058,1.653293397915896,1.1093646014414624,0.26291073741854043,0.9603284901389953,0.9251980285917955,4.849092324267426e-05,0.39421492616223325,0.3942009414275282
0019,147,8,0.4089061738445746,3.086697873272894,1.280301835311986,2.2104046840804283,1.655876855779679,0.6907863535759304,2.2070180655133154,1.8808857863023147,0.0209630904722789,0.3766905602368646,0.3749052524523776
0019,148,7,0.37773567255742513,3.2184603574098474,1.3036924726347543,2.5430884135051373,2.0521364964602435,0.3838030622188428,1.2846971011325896,1.1698584454620438,2.893663984667773e-05,0.27818959495606277,0.2781817945298947
0019,149,7,0.4146839060416957,3.3742768156600307,1.669778518907004,3.489475223704104,3.115376840778268,0.5634678269643401,1.6124631970065626,1.4568376393973916,2.8290515720536394e-05,0.36909022347404497,0.3690871377283926
0019,150,7,0.38019589086057376,3.553991657299605,1.8325551249806236,3.9964586722269564,3.752443103254042,0.7043819965443919,1.7077152747073348,1.5316014542689236,2.0847954739366144e-05,2.1109307734654927,2.1109232926852814
0019,151,6,0.383536554088169,3.763767021087274,2.3528222322484673,4.74644515075469,3.7380978965445677,0.8144461607231517,2.2824824934259578,2.1555940011202033,1.8282131139865323e-05,0.3214422676026665,0.3214374721197036
0019,152,6,0.4264001314915311,4.022909715793561,3.3058334157156075,6.416812845211871,4.9927611104805605,1.044802035060013,3.320406678032349,3.2049848896337685,2.079062638671072e-05,0.6374033601158947,0.6373941719959887
0019,153,6,0.3935501109182332,4.335548912167576,3.9152077192275927,7.299904153179887,5.6645421832005365,1.0915658169198148,3.586544679313092,3.4482853764597245,3.6978810903665184e-05,4.974942646017369,4.974940373362595
0019,154,7,0.3863147764429872,4.690990488124395,4.654194417717409,9.380100821010448,6.632543262622084,1.6577241442659945,4.7862997695800535,4.251975926348273,3.355767394711892e-05,10.543004573738969,10.543000132788327
0019,155,8,0.41932631685430605,5.114830938781358,6.124936194439179,15.884721718913559,12.656715873272027,4.064818546666359,5.849503489331598,4.723439191813731,0.010247133295681367,0.34479800272466843,0.3442965515474981
0019,156,7,0.3823866359440246,3.2344820329510515,2.3707420892570905,4.04733848664874,2.8814661396917023,1.712563038807044,3.7980110866824646,3.464271668122676,7.64685778398471e-05,1.2708510921247604,1.2708298869156325
0019,157,7,0.4173212106755098,3.3474903893545194,2.998578342954245,5.366445099967736,3.982171089481831,2.2048509512135444,4.885867738866932,4.454590687612891,4.69948233779066e-05,2.622030405117994,2.6220202357082956
0019,158,7,0.3722311319849756,3.4671699148493755,3.1003025121067016,5.786325335282896,4.275664054009685,2.1651007482002376,4.955022142788939,4.472592022072331,6.160990625255111e-05,71.88592892327912,71.88591535589327
0019,159,8,0.3709068994401678,3.6076628794809467,3.7551285302914454,6.683498950061639,5.170218692404026,3.460776635249041,4.783307445746805,4.156968915787362,0.02814022618641027,0.4922247330373378,0.4824267695162117
0019,160,7,0.40768629585838456,3.783960377417146,5.02131458672163,9.006530456534424,6.642239006531998,2.9454890031743237,7.3100190529908184,6.549436542900276,2.9247391747942485e-05,61.88536494697008,61.88535266043483
0019,161,7,0.3712787071700727,3.9897224998697087,5.7105162749202245,10.026393007042538,7.318693234572946,2.9957991275209026,7.528999991218672,6.733678135242494,5.60898302179299e-05,0.4844764143281849,0.48447330845064907
0019,162,6,0.36416802740985577,3.0391811857223248,2.468112391548072,6.669739877490578,5.694350116006262,2.177960113414316,6.05339712557406,5.932235576100508,1.6376493976990592e-05,21.245148475741882,21.24514402472827
0019,163,6,0.4011731516649046,2.686127529888022,2.3748215369464067,4.817866139892194,3.2256632773938794,0.9470660501111368,2.620116752222585,2.456577379080484,2.5474392963925713e-05,1.0775485275295795,1.0775359629667143
0019,164,5,0.3597363665332189,4.578140926011607,3.1293002551728613,3.7873161570561042,2.0722348759055595,0.8652445043818003,1.3313737987241576,1.1037123869007077,2.1272244446139392e-05,0.9152545976346833,0.915250271998615
0019,165,6,0.3972276766166179,4.951240366138175,3.385827197344853,5.730691164358084,3.9820697840016255,0.7467892932739819,1.7290785343322514,1.6500627040029572,2.5485278240147554e-05,0.6719676129550591,0.671961177149693
0019,166,6,0.35954409621319605,5.399390236700136,3.7075477721882466,6.417506270410235,4.534760181006678,0.73286621633712,1.8783523378119942,1.8568334029030578,1.7623821594413465e-05,0.6316712041815024,0.6316663158691161
0019,167,6,0.3502495768809354,5.947764679720171,4.468240980223632,8.001543777137442,5.77266240573684,0.7963086233024123,2.2182345916527373,2.204371883610555,1.4180053568130844e-05,10.951037940301772,10.95103468785876
0019,168,6,0.3728577023188043,6.634221930335801,6.137412770983797,11.409498818400115,8.493176088306118,0.982986450481008,2.954788777761731,2.9108753707173105,2.400859078527874e-05,0.11048562399597557,0.11047696696857527
0019,169,6,0.32790211943316033,2.780580335474873,0.5935185169073665,1.2562632481975293,0.9351775022762496,0.48636295667537577,1.2188769403351427,1.1692734797344941,2.499883883328884e-05,6.902683657339279,6.902674596435436
0019,170,5,0.35586177771842115,2.827868745522013,0.5405788014986145,0.9399515440379435,0.8721087686537495,0.22368996979643516,0.4900124791929816,0.41017671174177744,1.5130235497377152e-05,5.478611012151996,5.478607287795489
0019,171,5,0.33225110475922637,2.8776423593132363,0.9450113402790249,1.6427222349234913,1.488620772867869,0.24527498737834058,0.4964413522363476,0.4212904160166546,2.2115279354389634e-05,0.2941334805649886,0.29412893283365643
0019,172,5,0.3343283285440285,2.930102827021759,1.1937695715288261,2.055985592424443,1.8510927730513504,0.2424699290674998,0.598504488166648,0.5402066311548761,3.527959781335006e-05,0.37300938410088263,0.372995617185749
0019,173,7,0.36426258208232737,2.9867830229447256,1.5383539380049425,2.259054198055304,2.081061310922331,0.5058679901281146,1.5261238991651203,1.4608987274693954,1.9565607913412904e-05,17.942000021519437,17.941992002907384
0019,174,7,0.3294675516380215,3.046751796263267,1.1742967534558406,1.6588543175163257,1.5243997318212168,0.5310052311959522,1.4794011047703943,1.4474467675706468,4.7603027004399223e-05,0.10089837699641784,0.1008941459638348
0019,175,7,0.36323533860727925,3.1053966075351047,1.4994463459022487,2.0863817329741425,1.9315350439017678,0.549022604109856,1.5672236297117048,1.4787867431332753,3.740996643998686e-05,1.9958173454911485,1.9958121923663328
0019,176,8,0.3278020164394195,3.167653009024624,1.2479228388707517,2.2871989444370815,2.052749236209354,0.5554683166818399,1.5097482273753093,1.2929215898418491,0.0055468722704819454,8.497996840255805,8.4978032239385
0019,177,8,0.32659402435897816,3.236365714315569,1.458860864114383,2.7181746272589438,2.3846208964045115,0.5685935338469362,1.4623563070016665,1.216493073600968,0.029674359372448812,0.5606344627504883,0.5591815854937686
0019,178,8,0.3564919947730843,3.3017998545968994,1.3030393481866085,2.290722379387954,2.0773677402427406,0.6692313229906794,1.5277032326102913,1.2255454505453072,0.031772591909928795,1.8745491174467572,1.8672328773807083
0019,179,8,0.3199713184232388,3.371334849768538,1.421468846533085,2.574788133781328,2.314059725612695,0.6775081651759536,1.331700310551167,1.0094628635788423,0.03319362106347575,2.096848591732631,2.082978999920257
0019,180,9,0.3452709349964283,3.454792291112552,1.2946134265663976,2.157447704527394,1.795756358773581,1.0249635904330279,1.2829848721713082,1.1598457004506237,0.04013438230639618,2.548902958061356,2.5227610933210034
0019,181,9,0.3044238961940684,3.5438293238372407,1.3372456668936648,2.3322226032657505,1.9757299797877326,0.9561673692358706,1.253430373186256,1.1455901256587657,0.042745509883753245,2.31427372325479,2.309850501053978
0019,182,9,0.30133892849828087,3.639026119557902,1.214395131234331,2.122011815711917,1.7679127305012359,0.9653732247592516,1.4627125611467728,1.3264088785193817,0.03396962504143596,2.561802667356806,2.542547376761214
0019,183,9,0.3946245220963029,3.819724827379789,2.20659050109519,5.270024812624274,4.531865763219973,0.9934599073647805,2.1369621880167555,1.8147658031573104,0.005176469213668572,0.5561159691955746,0.5559522647571192
0019,184,9,0.29305600909321033,3.9316352516102975,1.7345079097592606,4.205134822915426,3.4086322202202086,0.6397292042103336,1.8945382288724184,1.62522125822166,0.013177274883158476,6.825351539040483,6.823438204427913
0019,185,10,0.3388518542031703,4.2159010642474195,3.4599744718425227,7.429788889426122,5.972764653386294,1.2061835325143573,2.620796463270406,2.3103711733261516,0.11886572438312945,0.6531968344759794,0.6288070498468581
0019,186,10,0.3500218962129331,4.525946706264483,2.820598077723568,5.779202723518201,4.6257577881169825,1.6429482245753362,3.6099111823111976,2.8650724490672266,0.03319813773932813,5.225523262322207,5.207131294714362
0019,187,10,0.3333683428370269,4.923373825733709,3.5798174751457763,10.284546239706279,9.36139953351178,3.3642173352751454,9.774634472262342,9.077220717930107,0.012186255287829581,4.883652311596395,4.883492889862096
0019,188,10,0.364713536540705,5.318758464920943,4.696052412330674,13.751858890640175,12.626617027682844,4.458713925672342,12.943912271230055,11.971475919779389,0.029387960498902067,0.35012098951243953,0.34827142908733044
0019,189,9,0.314728151903755,4.521288796849407,4.320829823722764,8.33024547791239,7.079621690823435,1.619711022477274,3.289166932036984,3.170289222147751,0.006985564021607825,1.641015239157946,1.6401763661659368
0019,190,11,0.31672534046310863,6.241363813470282,3.491629218755788,10.738088466160388,9.710214160889176,2.57208819147988,10.27052039979871,9.991447273804152,0.0022756992189445144,4.218708989701484,4.2186231025921215
0019,191,11,0.3048575082754769,6.811482582315464,3.7126309356747895,11.968259094481214,10.706217010990576,2.997534966544581,11.131743529698467,10.792768434146112,0.005416493300677833,4.955494433439472,4.955282063525838
0019,192,11,0.26321324419557457,7.4586437200076725,6.275569876396911,11.318861324953739,9.969668407782926,1.518253554234786,5.064573483628493,4.71844967244512,0.008399489798407779,1.8504576101931864,1.8501076099858718
0019,193,9,0.2597234208918578,3.5775837676538096,0.4557441940311043,1.7622833751275007,1.581739471831813,0.35206605482732745,0.7616674708124245,0.6073849146149131,0.0038428047956695116,1.6289176183326601,1.6286712224331863
0019,194,8,0.28453377928224466,3.641165737326975,0.6304721708385501,1.9476220899606442,1.771650433765472,0.37743658096095994,0.7884724586693486,0.5847391297126401,0.00730201975581005,15.358263365116082,15.356488548129294
0019,195,9,0.24732674282185702,7.041158734451598,0.49434336793965716,1.9375645946019124,1.7907461568563734,0.4560128390068316,0.9645135097902308,0.7727697687106215,0.013777447211201218,0.666937730353691,0.6658853918342537
0019,196,9,0.27258438703892457,7.16520043110426,0.6452001236672115,1.9244669928002818,1.7977815472283387,0.5314061218611917,1.1068443115713007,0.9444591639704584,0.012168223955670604,0.35493752889351227,0.3542102951695375
0019,197,9,0.24586511167146705,7.295386035092081,0.6532794454571972,1.903132504555843,1.6654597189209228,0.521486264462048,1.0688435016792746,0.9550156891577536,0.0020735279557123404,0.5048008391651746,0.5047609220423498
0019,198,9,0.24970104987820554,7.44814863123526,0.637448688439599,1.5445909908660624,1.2289915709927226,0.5589557361871752,1.1516039334771984,0.8976764237416645,0.004862937923266006,0.28734957790575766,0.2868724099392503
0019,199,11,0.27910857444439735,7.609533534083609,0.9222916524970415,1.7282425068800524,1.2708747184224545,0.9333105020818223,1.4935571020911265,1.146106120511017,0.007705185458157507,1.1074305578974541,1.104137756429492
0019,200,10,0.25097532929560695,7.780290728392105,0.8929121370943787,1.743001737350712,1.3394978082876925,0.8446002354696012,1.5184840433506543,1.1361806561352767,0.005071567889457961,0.4494566379624666,0.4489426616154426
0019,201,10,0.2760931687170105,7.9626493623340195,1.046480048998479,2.0063999755757496,1.55951346085008,1.0507344862685608,1.743407549762316,1.3262842296661073,0.0052312781313878275,1.183710602161148,1.1836381119661867
0019,202,10,0.2489364006123723,8.156250101410006,1.0587931994568858,2.0447548514284244,1.6499662703585358,1.0846640210851883,1.637255257039362,1.2846610130887548,0.0031107024968210976,0.5842721186090866,0.5840829802407483
0019,203,10,0.24796269834702261,8.335665515539713,1.2326245163549276,2.1190017000024612,1.7421094443041976,1.2341642637502428,1.756170601237049,1.441974904521674,0.0019349739761614073,0.6658057249692408,0.6650256071898124
0019,204,9,0.26988818662851477,8.525620677470009,1.1772935843680665,3.092454059126701,2.614539224688093,0.7879709812252127,2.1983584505765346,1.89282796729207,0.011415456773384774,1.0096016179081955,1.008953500344508
0019,205,9,0.245884096101812,8.72707363180716,1.1909295154184467,3.0354271239521275,2.5793967152799877,0.7365427880646813,2.163371084054018,1.8960510816405762,0.0003087620022816874,1.9041840188770034,1.9041494170859
0019,206,9,0.2436164800691735,8.95649904418574,1.2895164366120864,3.37453878283498,2.911975624734708,0.7652729791549427,2.311900311044741,2.0336579911626638,0.0030614647915449948,4.91159981136348,4.9113749694954
0019,207,9,0.2666767449035092,9.200704470791608,1.706813970735818,4.084765887776422,3.560501604942136,0.9380568775466684,2.7436038005598844,2.3981118104431554,0.0007901757949777073,6.607587661274553,6.607551743942268
0019,208,9,0.24285900047574954,9.433195576914605,1.8067176991088243,3.978221200233975,3.495118276860949,0.9925710652814578,2.61687384026885,2.2483401850044378,0.0004998350979182555,6.440396352969523,6.440354388732565
0019,209,9,0.2658157582016961,9.683827926551125,2.176786830409627,4.734678513339052,4.194592528644046,1.1855199708631252,3.0375396567874957,2.657243113557114,0.0006653330719487467,5.758194645454765,5.758177622172326
0019,210,9,0.24084762328325526,9.950589954505425,2.025267243444989,4.5909768517779135,4.084258132282292,1.053706547425559,2.85240078092669,2.53657039524079,0.0052731617122449915,0.2075036784277228,0.20738521986492423
0019,211,9,0.24175272842505116,10.211134458046354,2.1295174957307936,4.918520540730639,4.375462037769979,1.0786534999195043,3.036857539985491,2.7361141988163418,0.005293369978054508,0.30605513634649456,0.3059381469757573
0019,212,8,0.26519608794422755,10.46535518030196,2.606863639418541,4.095232430812616,3.367523331603736,0.6171160341882866,3.3110676497591345,3.148007642322125,0.0045235951980907105,0.11870441184067947,0.11818501610764705
0019,213,8,0.24073231047010857,10.741796824397358,2.5074183450428995,3.947385820468526,3.2135335630762905,0.5618281952620343,3.1733915485852497,3.042636941773171,0.002507948383362428,2.509581005196018,2.5093643302605337
0019,214,8,0.26528153059295634,11.038174474619272,3.052169171287684,4.756991823810773,3.8052648228558144,0.6326574720932758,3.7782063338091523,3.656876958592797,0.007762330905483089,0.06843722695327145,0.06789625837032645
0019,215,8,0.24053270582348302,11.356727890474899,3.043509974698538,4.672632290775575,3.681735910622458,0.6012437999509721,3.6729875736673416,3.5705622725910198,0.008361716107752937,0.0437542130200555,0.04294587616259256
0019,216,7,0.2389384530790685,4.115639718175657,0.2255946674624756,0.8006593725454316,0.650667485767885,0.14962603180350592,0.21463638069453894,0.13800962842085945,3.325757971547313e-05,0.1400888638296145,0.14007491246488982
0019,217,7,0.2624599333184835,4.245782384800703,0.23938228285422686,0.9091716049001434,0.7325682264699708,0.18581607883658136,0.2552680933957118,0.16798925772007958,4.2539286516614234e-05,0.15989938339638318,0.15989195870451564
0019,218,8,0.23682332212663462,8.155907183606605,1.9859849185760525,3.08554648385713,2.393182915516741,0.5304238501365337,2.6801014099307623,2.6001931337706434,0.008886947394425894,0.14413429011817064,0.1434255117206288
0019,219,8,0.23753428810988927,8.316587360126153,2.115893061835023,3.2407853293507562,2.4419113470113585,0.5544774709637073,2.8119926507909803,2.7403092869106,0.005612730761096613,0.0693781939261059,0.06874036939135611
0019,220,7,0.2604563289066528,8.485938319925621,2.402459328145406,3.953354750838018,2.7640903903946548,0.8164094390501087,3.30755942732622,3.2255984697716125,5.8242662200616704e-05,0.06894084752831989,0.06893344610273788
0019,221,7,0.23904763157556824,8.671441518323885,2.3135497451328395,3.757953317570052,2.562554872263309,0.7658042321377732,3.1526678074421772,3.0853221266233217,3.876108640509757e-05,5.180646256931162,5.1806381427193955
0019,222,6,0.26130831021162304,5.031948466021846,0.42784838804779124,1.3029612120288174,1.0793638716222436,0.2660978515442807,0.35383644455118934,0.319072517565716,2.4030887432884107e-05,0.2814451974547601,0.28143806198136134
0019,223,6,0.23465236197698386,5.244258630128126,0.41845576130592577,1.3318015496627507,1.122286718511047,0.2941469623261347,0.35266444451799045,0.3230363952143803,3.2164224321755235e-05,0.06190859448090296,0.061891672790257146
0019,224,6,0.23685732112612456,5.447042742634474,0.4660589260586758,1.4578576264732863,1.249403827763828,0.32677355819125575,0.3807869776888113,0.34894642458371583,3.7276317643896375e-05,0.06105180413530554,0.06104345213760981
0019,225,6,0.25914492966715963,5.68598643705758,0.5559765214539,1.702568465406563,1.4957118591949012,0.39661843691695525,0.44359513809553075,0.4068931339706521,1.715551746487385e-05,0.10873447767590874,0.10872990787331147
0019,226,7,0.2348834983120086,5.949951479601196,1.1260026842419064,2.454921529417558,2.103828378468201,0.4074374500645061,0.656778434922481,0.4447474170652624,2.4461162662460783e-05,0.3920350460184688,0.392032746651002
0019,227,10,0.26103222414987376,6.244256421074029,1.3729646987463444,2.8694193310134644,2.5121982324883234,0.507921902303019,0.9111597621654063,0.8802264527549569,0.0067605474706918705,0.0922386998244782,0.09046671812906575
0019,228,11,0.23599090306180107,6.572983935479559,1.4824179251838825,3.1283950390598885,2.766583351592359,0.4908572946229892,0.9204478012068993,0.7096019598885257,0.008464243512838334,0.13426655000706725,0.13226955236661903
0019,229,11,0.23958805480025375,6.885376764415982,1.7011005638879604,3.513374385638424,3.0477505822272124,0.6064993800544162,1.0346978399819455,0.7796471834649711,0.010393863759433778,0.15995921909028296,0.1576476734539537
0019,230,12,0.2606641609290845,7.350350492939453,1.817717360098829,5.7264240380094,5.159687710239557,0.9215153285882884,1.4979676285963086,1.317149832343993,0.022838928155457943,1.021474004326933,1.0172916138435528
0019,231,12,0.2370753583914276,7.817001080812873,1.8854467926038372,5.949358484590566,5.353007168639743,1.009110187660919,1.5942478622599257,1.4234512991349568,0.024401450240473813,1.2720295646196065,1.2685153714129593
0019,232,12,0.2599296050701913,8.354277276843408,2.4183214622126297,7.714608803562134,6.960142795665719,1.2966466222501274,2.0939807343602577,1.8884670107321642,0.012540223484244543,1.4207124829106705,1.4179269628812166
0019,233,11,0.23602123154449134,9.002211659031614,2.4429444673853893,5.969563821518914,5.166269533021768,1.2352455846230597,1.9644685829215287,1.5938561547970023,0.01284160670332226,0.07618068439622959,0.07071981515118908
0019,234,11,0.23588432115124938,9.789999600681533,2.946270818316885,6.93552019643296,5.990008893654771,1.356925541059267,2.1896843098720877,1.7481789414659186,0.0047088341717513695,0.4585629630966797,0.45815282678738034
0019,235,11,0.2611687902228171,10.67607618938041,3.8749113194453835,8.936772428391713,7.8275416718821615,1.6921485575638582,2.988263756715039,2.435020576456204,0.015154963172442725,0.6041025763992954,0.6040243270292
0019,236,11,0.23442975237425406,11.741646778556472,4.145898790011813,9.395845873853268,8.921194521083212,1.6569199069968272,3.7019343105946607,3.1672904640949735,0.015839652906733233,0.2972523636752789,0.29653335076664333
0019,237,10,0.2572639040345077,10.11209843111789,3.531548043389574,9.34114319811589,8.370967623132364,0.7927171128707278,2.146049057652962,1.71896075756951,0.01533332764795545,0.10189733737567687,0.10024304222415664
0019,238,10,0.23836505862031743,11.034009973942297,3.8750853148933864,9.448218458318115,8.512659734445496,0.8729877464003692,2.3275463266255554,1.8690596039120577,0.015190141200750486,0.06722394336608711,0.06155897191932371
0019,239,10,0.23827169554778477,12.088576260961823,4.6389375775384725,10.559318080019485,9.587845753781028,0.9776116918780958,2.6583670016044567,2.1651601493897354,0.012647636535572996,0.09503139611641774,0.09416990236381391
0019,240,10,0.2617285420319165,2.8826015370070017,0.21187158813394114,0.49245548149814405,0.43697593584293404,0.15396275075943777,0.4011332210743794,0.3371587662922843,0.02921244587375582,0.43863325355308724,0.43027549519543357
0019,241,10,0.2363361056683518,2.895531771799256,0.19833796634806733,0.4102013551360223,0.3727419920685461,0.13486031236320326,0.35328250530257954,0.29586059422472655,0.032346218175519026,0.46918016972416265,0.4611474603206135
0019,242,10,0.23994366595260874,2.908723294257176,0.21246347315254263,0.414744682560013,0.3989039638545214,0.14095836677048335,0.34654075261102446,0.289592529418367,0.03570622181432696,0.49955106269223204,0.49328104016915364
0019,243,10,0.2634487941150127,2.9203160815583633,0.2452309580628848,0.4942511202853393,0.4873943212667506,0.15512681867463596,0.37678405121325936,0.3208440339767631,0.02993730041612463,0.5137627298637998,0.5067240652118147
0019,244,8,0.23898263083632637,2.932147754686924,0.2782103515813884,0.40694535348005323,0.3629374989538053,0.15287234885556858,0.2910937144340122,0.26274510099517534,0.018779439640860873,0.05897682804934377,0.05222713225334991
0019,245,8,0.26364506624618705,2.941915549568806,0.30509036829924896,0.448768224081319,0.3917777604277564,0.1603900755293869,0.3219269011734325,0.2941696622493195,0.022494134858448814,0.06373230055229691,0.05960232127086838
0019,246,8,0.2468618353018767,2.9516778763611216,0.284615132057162,0.41870572675776624,0.3539733171118484,0.14437566248685474,0.29878593000542225,0.26840903027615404,0.021809914187403277,0.052665836516483495,0.04966412431276024
0019,247,8,0.2407321687630206,2.961631962884772,0.30963580133904656,0.46793090610556226,0.3850162272464889,0.12326237758502706,0.2832426241198567,0.23278716169885624,0.018275461503908602,0.053465989607406304,0.046797094332317796
0019,248,8,0.261506431420646,2.9711245573508207,0.31845724680129106,0.5653361651609404,0.5031862899595596,0.12632417374449725,0.3166216968051524,0.24202456866083633,0.01829878477705431,0.06548692354895212,0.05341890291268653
0019,249,9,0.23582740264613075,2.98080719605199,0.27005824072774237,0.6068277071249615,0.5740728221089717,0.12738606579184422,0.304511450433365,0.2538926145804606,0.0022583757828881557,0.559330797485958,0.5592392270798222
0019,250,8,0.26432721434624656,2.9870212875616744,0.2913613897549072,0.6041963588136756,0.5651246522574666,0.1302116216606853,0.3447091942625277,0.2721765655889897,0.001920667628498943,0.18896846980229054,0.18884526356380582
0019,251,9,0.23680987581196578,3.01280078165197,0.2888139042609194,0.6294696539283715,0.5662678414695825,0.1881638918893174,0.3647963950221018,0.3161075837368443,0.014647523658848189,0.12743038321674444,0.12592941699681134
0019,252,9,0.23523060833356235,3.0393544252700893,0.3038556635812624,0.673469826894399,0.627172338866962,0.187592183193745,0.38735806437991227,0.3451143585818416,0.02473562862775914,0.14571358953781488,0.14127975464947398
0019,253,9,0.26506719541882234,3.0664518023737966,0.33506944673093253,0.707672554527522,0.6706655414039484,0.18926723628871112,0.419984294247855,0.38624522711857157,0.025432630304450966,0.17791784579224612,0.16806195313664443
0019,254,9,0.23951674029775188,3.088841961224914,0.3073711412169837,0.5867763067418106,0.5273420892687938,0.16808761530198002,0.39960010465466766,0.36839083545954154,0.010995019132577876,0.14633978489446156,0.14227936599547428
0019,255,9,0.23829588689014064,3.1006655245197323,0.29304998167568547,0.5221648067363782,0.48330351218842915,0.179714765358266,0.434977794567283,0.37817840489511967,0.001692285544387755,0.33908621296415936,0.3389859915548876
0019,256,9,0.26540578430961254,3.123081306521793,0.3259390476064968,0.5668134110548938,0.5178624577682299,0.23914780000171829,0.5261017948891342,0.4379950627330825,0.06539520889462665,1.0509329293139147,1.0000415255544355
0019,257,10,0.24151271003748565,3.1461357214293266,0.2670608076826322,0.5524560512119966,0.48826335354555134,0.2074363916098619,0.5007490741826361,0.4250603602903795,0.01701616968086057,0.5041602788910735,0.4973459052284426
0019,258,10,0.26899002925964505,3.169855989562623,0.3326935111321969,0.7052146108615421,0.645539726533596,0.23544526142585004,0.5617727135781371,0.5090516963017627,0.016898488749878066,0.5374530516273839,0.5267802918919255
0019,259,11,0.2441404794072306,3.191350802826134,0.2293086786271904,0.7986419867922498,0.7714315442677503,0.1656744579635494,0.6778657605064279,0.5981688490563215,0.017435787133832068,0.628308294632666,0.6247618851902599
0019,260,11,0.24226050694801052,3.2134190858891927,0.2591625357846394,0.8109769357291794,0.7622410450298012,0.1930645022770838,0.7079587148751637,0.6375341620900239,0.019495517103202603,0.7861601246548902,0.782805976705398
0019,261,11,0.26717709438985265,3.233444958518959,0.314347212834891,0.8859018336586492,0.7988879373691027,0.24154350041379294,0.816220455191102,0.743367109629281,0.017789143156095127,1.2725224478112158,1.2682398970975486
0019,262,11,0.2418784512019819,3.254019940107019,0.3073496615616912,0.829765808817838,0.7432518664859487,0.2410208848089018,0.7773463355653557,0.704820088615584,0.00926674188657289,0.452335058614887,0.4496740510314708
0019,263,11,0.2706699335974079,3.2742036622371358,0.40270175403762515,1.0601026897901125,1.0037621817163167,0.25539908416515333,0.8922248486860116,0.8460505435326109,0.010074027797564172,0.6470737143171442,0.6426055446860082
0019,264,9,0.24815391338736478,3.3002987845024676,0.2016995407675205,0.8265189476656135,0.7258633636732911,0.240810115382434,0.5349054854840793,0.49226757443427194,0.01860611360563811,0.9352033174212272,0.9308419547584863
0019,265,9,0.25259237313768357,3.327228423793734,0.248317205017536,0.783797170066769,0.6991185928365735,0.27244075550255803,0.5680635916993353,0.5329257963445503,0.004248479054329568,1.3535201871803024,1.353432855330224
0019,266,9,0.27805802219100334,3.356726797992119,0.3105425877220593,0.9105199433909583,0.8234501068202793,0.3393436836459625,0.6692251929107784,0.6369222767199345,0.004352400042164746,5.384421772982342,5.384171470273071
0019,267,9,0.24904625777366712,3.3871997914359833,0.3026912088132813,0.8564247427275428,0.7801346741950007,0.3321351584712525,0.6612525076373974,0.6383488389068822,0.016703822367595225,2.2085086116696426,2.198904116367618
0019,268,8,0.2483579478346004,3.4186964083127185,0.362230773595719,0.7377400365679913,0.5732794222008639,0.334041091611746,0.5359995081227398,0.4697850065880981,0.023286500187768316,1.2880760102795732,1.2743356726841042
0019,269,9,0.2765667914518079,3.448436370882195,0.3212485689174722,0.9021672384564041,0.7286322403591003,0.3340036478434934,0.6381806210715429,0.5782632963440884,0.004777191352739724,2.152379072669287,2.150981548849987
0019,270,9,0.250727965997132,3.479245139905654,0.37947278443736915,0.9536921345410049,0.8112477362635593,0.37154365079977864,0.6078377813290604,0.5669699046677957,0.03902209507276093,0.9276274054029154,0.9248433828883353
0019,271,9,0.2834355747880783,3.514785660139813,0.5436828424359078,1.1683029217029268,1.0315064266488179,0.5167311855396652,0.7205116558151233,0.6948146176541026,0.05228558645183243,2.5812554262382976,2.5465834911360443
0019,272,9,0.2549602539292694,3.5516504800271913,0.527766365557684,1.2165096072022425,1.0407946035354918,0.47271121361987606,0.694473071554263,0.6686733745494328,0.02513238277103827,5.2341430644891425,5.232223249000247
0019,273,9,0.25066191236362095,3.589915143251051,0.611849164388486,1.1733500584204994,1.0192898081612263,0.5644580917640849,0.7623281744510163,0.7249765181257015,0.02270263600588969,4.421106643489616,4.419945236538827
0019,274,9,0.28510350006979024,3.630480930821149,0.7262799159773297,1.2055406559315287,1.0381463439496974,0.7677721844709139,0.9907042228284487,0.930148308340767,0.02662030658918105,5.724259541828773,5.723479895169943
0019,275,9,0.26124469426103203,3.7321998002132273,0.8004360758751626,1.0290685215555928,0.8177588985731736,0.6957794518798501,1.0054392671815706,0.9398464411281449,0.014953626910236816,4.08342545239639,4.083359010436442
0019,276,9,0.2902325845509247,3.8680611777405405,0.9625468849765377,1.3342488608520502,0.9313908540299936,0.7697075636969514,1.2532379556506956,1.1542718402730547,0.042603809044488024,1.5732554986564744,1.5703339138837311
0019,277,9,0.2645706010203632,4.017004439538667,1.0698422885509575,1.5038858361050884,1.016320799646807,0.7218924125083609,1.3503406001064544,1.2408318117312005,0.016652912454329472,5.9727003870610025,5.972499133285387
0019,278,9,0.26813068575665744,4.204861741937465,1.3323466357839966,1.7625752754552784,1.2560301546762858,0.7997486382871523,1.5515613412805436,1.4207710090435417,0.025193754175905362,3.2734751087118936,3.2719337400897146
0019,279,10,0.3061166198691354,4.4152469103060525,1.6697656954648195,2.420597767095517,1.6742341601747976,1.3399563399099637,2.279802570640302,2.0732947171512635,0.04830195856451763,4.244041358607415,4.233496929064345
0019,280,10,0.27887777519440393,4.644413765777153,1.7401653694940618,2.583543148988239,1.6422724413937004,1.3762704126232204,2.422082606874952,2.2584812874979896,0.074931915390665,6.097221195415269,6.083972162783107
0019,281,9,0.2833780389578346,4.911065443748646,1.543946305689577,2.9284574989685423,1.9589520829193052,1.9482842492716066,2.484292869393599,2.3128638256596568,0.03079292850077823,0.9377336236269895,0.9374081614261494
0019,282,8,0.3129023974174155,5.216709960894165,2.6316089798406854,4.066589860447645,3.3720882737093256,2.1395595515054726,3.5684354174397477,3.2801610021538843,0.0028399944583545477,6.907934250536018,6.907837278947112
0019,283,7,0.2803071054732885,5.260187673522234,1.81018065290541,3.3696089532924702,2.629658907505378,2.149857907170426,2.865722225007424,2.4836192876913326,2.4076084611984043e-05,1.2865851154506742,1.2865743018135454
0019,284,7,0.3078582611910705,5.6205742425754455,2.299414922980057,4.363375467404237,3.5096826626805453,2.8716471953177667,3.748674747046703,3.210894008344677,3.1310728643507716e-05,1.3475540589813861,1.347536014790516
0019,285,7,0.28004204346842326,4.523852541529176,1.2947752484425123,3.0772360321360437,2.812088889631318,0.6127204930304643,1.4198076383571945,1.0459452095626272,3.443917461353429e-05,10.108108058294158,10.108106292470229
0019,286,7,0.27695797890167767,4.746443391870177,1.282222909445918,3.0751191904990867,2.911274644441822,0.9817687092627662,2.0048193434483315,1.7937009953744312,3.294904793680665e-05,0.22967565215692354,0.22966814543001846
0019,287,8,0.3010461284552553,4.99422406022953,1.7042021713258637,3.871635047667672,3.750395201710014,1.1361577631831934,2.468286328830691,2.1571203554179803,0.012112671302329877,0.3783999433799685,0.37521954572370686
0019,288,7,0.26875269339591834,5.275180056396024,1.9311372419504393,3.9696422592235545,2.699264743292472,1.2958377805348549,2.3527115383321515,2.118958173943988,3.7338963712959316e-05,0.14353592907835677,0.14352717467432674
0019,289,8,0.2600996542971552,5.596451025215257,1.8447462428197459,4.764043999406654,3.693190663793809,1.0919793613211264,2.4915366307468547,2.382491855676089,0.01038534274691732,0.049290087761133125,0.04805089979279019
0019,290,8,0.2730407813750208,5.967387894145299,2.301751511214972,6.044069328094115,4.85338588432593,1.2385995818489712,2.886660858290964,2.7135810040117616,0.008328113096308022,2.272752652801256,2.2702711695279123
0019,291,8,0.24055297666224756,6.409128911076057,2.3893742167777487,6.258925534078301,5.22911487993049,1.1841938101963714,2.718821901024809,2.5040953426612638,0.008408780097880817,0.04349435921717842,0.043330317723386996
0019,292,7,0.26036570411898724,4.669420070129139,1.562604659814619,3.0078876718607592,2.875295044176282,1.3761330261197016,2.020106529778461,1.9766406001780232,3.136041229825741e-05,0.1635054483829566,0.16349779742947207
0019,293,7,0.2358276159931113,4.741010495321079,1.530017048266116,2.9898097944455664,2.819003145100866,1.3385498326408494,1.9977851485645883,1.9835259755758916,2.9879880424294087e-05,0.26668866322219853,0.2666805746346661
0019,294,7,0.2340107407126996,4.806717538605442,1.5854159903742053,3.143865191431299,2.903616567318285,1.3719987264888165,2.1111423669602267,2.0537396604145592,5.757618219161224e-05,0.09806252556140287,0.0980416153399349
0019,295,9,0.25733718283432133,4.875561436958364,1.7299597650975087,4.967322328367722,4.437971152800742,0.6541651944370546,2.4102326882707126,2.142658957197387,0.013674865433389461,0.08592677710517856,0.08218121038456311
0019,296,7,0.22948001125880946,2.866915304839539,2.0682227257954495,3.438881570670791,3.2906359590601055,0.8532861775923276,1.518920953237975,1.3528579552015194,5.015931419151196e-05,0.00934805882660209,0.009318414326999947
0019,297,7,0.267603455367486,2.910466153962567,2.559609521423854,4.302764945729137,4.05032094282732,1.0036079287474524,1.9284546858697214,1.8089675140147954,3.7055886585600565e-05,0.4886048552316043,0.48859954580277126
0019,298,7,0.26759408237256027,2.956256490934559,2.742362086131375,4.622202260515346,4.2942534671799475,1.0425967496868038,2.1083167416739355,1.91207467653965,3.441181563095387e-05,0.11761771648536364,0.11760994330025226
0019,299,7,0.18636812463961863,3.0011772061563335,1.9769681261298775,3.3787905885897893,3.1045996698229397,0.7699586389859808,1.5978543247251653,1.3916869794657356,4.357038779495631e-05,0.3073992929184169,0.307393051016398
0019,300,6,0.24975182089897133,3.056370938219798,2.5134337596066705,4.526025503296537,3.531740487924031,1.1062567069742701,2.1477112712094173,1.6910079029132772,4.095212322579449e-05,0.9033490125533988,0.9033371670432526
0019,301,8,0.2330319322406445,5.3532280308103,2.259562984573224,6.249995319292672,6.15355929918073,1.52282834173822,3.0826577754329394,2.6630257939195796,0.002824170761510237,0.21884285821696223,0.21850545193808338
0019,302,8,0.23023877223927752,5.441985533540388,2.424551028890315,6.563471371600065,6.4856666068764435,1.614124632315173,3.2533425040773833,2.832982527633124,0.006537918180659673,0.17593470636885086,0.17562849486015958
0019,303,8,0.25065025118910644,5.535731339389821,2.841945031244551,7.609252594829903,7.428708245100618,1.874004678062428,3.711617372302587,3.282744586027307,0.003631063997074275,0.15542473996528153,0.15485883897502267
0019,304,7,0.23252585004942924,3.299552843448115,3.3194590742544294,6.727407037018201,6.3256903213248545,1.7993672706696349,2.427170292771154,2.242696707055836,2.1782284322493828e-05,1.048837150751803,1.0488358225333076
0019,305,8,0.2559422220495106,3.3593888442692985,3.190899904286055,7.985990086110843,7.646460334319873,1.6997382494452546,2.892935005258211,2.319827258049611,0.06668655818478089,0.1506569335606371,0.13572675604946324
0019,306,8,0.22906848078898592,3.4225029587148406,2.940955479129268,7.390186492086167,6.955407271201833,1.5566877949562359,2.6408912955880544,2.1091778791328286,0.06179423921313818,0.13518084062236604,0.12624050171483622
0019,307,9,0.22990317281178513,5.906283278142805,3.4567574461035715,8.543563488671733,8.199219764624914,0.9703536043973665,3.9565397832600135,3.6935276859379176,0.03202864504271159,0.2435139273696387,0.24006385452568818
0019,308,9,0.2326778433006514,6.016579692986125,3.690092715597551,9.000891441852268,8.338769456307467,1.0809063196665047,4.3550999260643435,4.072013790163438,0.0326929916085109,0.5657148012307218,0.556520568346776
0019,309,9,0.18627771331948487,6.019882703700834,3.011755249426602,6.989265539805125,6.503488799229623,0.8821401917098396,3.5942824894771976,3.331381075883349,0.04222473897440074,0.42012339501446305,0.4089767086859265
0019,310,9,0.18325120357219024,6.023256221679636,2.9026248240774146,6.730253101422959,6.094818197478652,0.8379641077780331,3.533082777729875,3.2960171468481683,0.006905584001310814,0.329707258125913,0.32568341057877415
0019,311,9,0.15419550948590807,6.04921650904714,2.4240921574306076,5.822774893743294,5.202192044484557,0.6949733447749169,2.9975658020873666,2.7778071616175306,0.01918233496015636,0.28626974400833555,0.2777287266554066
0019,312,8,0.13936351181214873,4.266279753419001,0.8695974840368119,2.3913263835695537,1.9792193952887238,0.6083367765269365,1.6385064345294666,1.4620294527706785,0.036590640292227306,0.07168116574320041,0.06678591243770779
0019,313,8,0.1455880294975294,4.25158643949829,0.8907951254036433,2.4389147529415505,2.020034875271513,0.5962008208535123,1.6820527713220454,1.5106124781687336,0.03437943238735573,0.06765399505164256,0.0629543372341762
0019,314,8,0.12506707673755657,4.236796909096847,0.7429719756264836,1.9776724231931104,1.6326397242108461,0.47561559596201564,1.4033347521277253,1.2639645312803782,0.017771193089944307,0.2256324061376359,0.21881881241719098
0019,315,8,0.1253864214007484,4.173610147261402,0.7503745322669896,1.9192508028021737,1.564857820498266,0.4841381445654208,1.4249290910956753,1.246628000266088,0.0162009295653441,0.1854706029109355,0.17839893830122716
0019,316,8,0.10272223875193998,5.863541218224665,1.359360146994451,3.1017333488416443,2.5376314133234588,0.9021048651775148,2.0011726437669677,1.8716055982649522,0.025174968605740873,0.03434564953000002,0.030099434528586436
0019,317,9,0.09401399118186819,5.792930862532988,1.3176888087743277,3.1005833677534373,2.804605720348791,0.4738931103153012,1.7740740563382915,1.7072498786199197,0.0033603484460193417,0.24691186146307872,0.24644421876098757
0019,318,8,0.089876680136781,5.723300558177246,1.0883582204972462,2.4989166923754764,2.0334234358090786,0.7659804670917482,1.6851427656501294,1.5647823050404703,0.018122697753197616,0.03216840450138642,0.029318181604770087
0019,319,9,0.07527846093955304,5.582291552206086,1.0473332549012537,2.082526211131094,1.797556840671462,0.4902168369868901,1.3089735873876192,1.27415901848848,0.00016866712010043733,0.04838812895272689,0.048382993000122554
0019,320,9,0.07366082417498364,5.446700963940549,0.9286483911154626,1.8777494718697794,1.5915655794802903,0.47096437019008713,1.198119846516896,1.1600761306407086,0.00042640634171900904,0.06067997365088606,0.060571216911720904
0019,321,9,0.07917248344043452,5.326591270969063,0.9310968741554932,1.9065910508357027,1.585051192430685,0.5030134186451599,1.2303787495627383,1.179574247936389,0.0007194978758030099,0.10214432507255526,0.10193144321615266
0019,322,9,0.06864466106301025,5.210928638633367,0.7370282605066895,1.5434612150703748,1.2260384341245043,0.4344494755697399,1.032169397117454,0.978790475825282,0.00040903594969302076,0.036901633375078784,0.036854555473298606
0019,323,9,0.07491979816278602,5.099468030245606,0.7277316898862728,1.5563835774122714,1.2179102001616606,0.47126348737097423,1.0792333127033562,1.0194620528826712,0.00010501605863813586,0.5990227230231238,0.5989968026680303
0019,324,9,0.06705268145304624,4.983893470218407,0.6086043832241671,1.3083397277531803,1.0217031719644563,0.416797153175854,0.9221098579706659,0.8599269501093783,0.0026645453848337004,0.03617329979254283,0.03585446038671316
0019,325,9,0.06762618152512816,4.872725277761973,0.5828895802552521,1.2563153960418962,0.9874183977035594,0.42107482668490787,0.9070413700225518,0.8341368941827124,0.006721371507730927,0.03746526827692361,0.03329212409227859
0019,326,9,0.07412549667211353,4.765717301681319,0.5874026606605376,1.274525392116794,0.9934164402535419,0.452014661720213,0.9387287986712778,0.8537313240139206,0.0011495118321241235,0.9316782840831903,0.9314693969597524
0019,327,9,0.06721073217493363,4.6626403014466264,0.4896627130232494,1.0627316410779404,0.8177865569282783,0.39666380034149856,0.8052665948273565,0.7309453519840928,0.005956802300590359,0.018379264457219963,0.016514853732161338
0019,328,8,0.0742730331721621,4.563281575214712,0.4330201657330106,0.9793266036427776,0.772873196867595,0.4540833637249092,0.9656264384428054,0.8819320302834376,0.008248834809016784,0.018633254223689052,0.017224503576789497
0019,329,9,0.06982577222901666,4.481574063139882,0.34478406522083044,0.9970575966084317,0.8691340877968041,0.37585677752388785,0.9175505482896373,0.8889022879553157,0.005810798993766939,0.44436364033506015,0.443154317656335
0019,330,9,0.0718421537857241,4.402218458739724,0.34599561106070525,0.9558636214478559,0.8369642072271954,0.3732161471992938,0.910766348118656,0.8863912618316087,0.004533122626544456,0.5061417927010892,0.5047522512072778
0019,331,9,0.08011366472358042,4.324188676443241,0.3909918437427588,1.0215362451446166,0.8995302238367093,0.41337281013259514,1.0048714449205645,0.9790141839722998,0.004204630142344081,0.5247292163535856,0.5234379742131456
0019,332,9,0.0725325630538071,4.249850635742963,0.3758932481192834,0.8952702954952646,0.7913583026477407,0.358561161517891,0.8758374822888115,0.8553626539590405,0.00017936471908378606,0.03702810858436261,0.03700902991658536
0019,333,9,0.07831599869921846,4.177514187109537,0.38974225284966196,0.9374282732454322,0.8346862510331439,0.3641549022031324,0.9134289960545887,0.8893348507845312,0.007776455992983674,0.03695671734800236,0.03252651461742662
0019,334,8,0.06945449343984667,4.0897730711419635,0.3804393282865592,0.778623137897143,0.6803478834734975,0.3306259031113889,0.7519304123137913,0.7010853705375748,0.0070023494825693765,0.032666009267149215,0.030829782921887625
0019,335,8,0.06796456284197507,4.005041018798443,0.38700679743868593,0.7463239638097787,0.6593266696665527,0.3085034799956699,0.708437975753937,0.66096737180063,0.007293071075816539,0.017556958698557605,0.016593261715668356
0019,336,8,0.07537890681753501,3.9231658467940966,0.4358921970087285,0.8047277985718689,0.717532417087967,0.321922094690139,0.7489723463685329,0.6991663778154419,0.006248074653120616,0.02138499801359657,0.02042551541864421
0019,337,9,0.06958096710422046,3.8440054639273606,0.37668503507511897,0.7618739501260681,0.6808233904891725,0.28087202998487093,0.6937532939591837,0.6574292157064933,0.0008125055031419222,0.028623735124848743,0.028435420374585716
0019,338,9,0.07013872934490632,3.7674263192343997,0.3926798117897712,0.7541252370587306,0.6721803588281418,0.2677568409325746,0.6668632562017858,0.6285282571650274,0.0012039234021879663,0.049620347128519426,0.04925452661308389
0019,339,8,0.0769079048839374,3.6849589419108573,0.44243757579591747,0.8134884019785421,0.6894030285997129,0.2797856867193114,0.6491707476893349,0.6220032105358647,0.0004633997386317666,0.04948786744611027,0.04936525192227402
0019,340,8,0.06844591425613032,3.605450924980297,0.3920602816719081,0.7214023796817164,0.6094455364305712,0.23171102622598583,0.5390619886329879,0.5141828498615365,0.00047294907110067647,0.034718152121957585,0.03457256974274517
0019,341,8,0.0727066225755478,3.5314855068081776,0.3952561880202403,0.77131171574119,0.6481316396935712,0.2277175372896503,0.5341304036120491,0.5067560269864199,0.0016381890124528389,0.02996828735383148,0.02976846685111075
0019,342,8,0.06488997455641493,3.4600824050119363,0.3281465190792119,0.6919217740556896,0.5765717850737987,0.1821950451352656,0.4392807317695526,0.4140151402948749,0.0004278012021526238,0.026974480033876015,0.02696239149045938
0019,343,9,0.0654949464397424,3.391109963318833,0.3005952577843899,0.7056748248360043,0.5914524377298002,0.16270182946313316,0.4731731144726538,0.44556021194572387,0.00012995181524826403,0.03904241686889793,0.03901570814767588
0019,344,8,0.07380531727377401,2.05441717044841,0.2724728528797284,0.3627028314627212,0.2909599736414523,0.1102298041417476,0.2785384565833709,0.24921566275106952,0.0057657185425523515,0.056625308047662165,0.054829413241256585
0019,345,8,0.07057773363731276,2.0319232435427694,0.2553418979394334,0.3413150384771731,0.278511614769773,0.09971108772899862,0.2555347226094195,0.2299226157941181,0.002659685385733273,0.19663474274402268,0.19581020343560426
0019,346,7,0.0822854225640197,2.0136294150144756,0.301382253266912,0.3908102441785982,0.20183639324202615,0.13979036026705388,0.27781823294427715,0.2618680217709143,4.86617980439143e-05,0.9272524257299823,0.927246041716994
0019,347,7,0.07878869182809002,1.9898594319089316,0.2833124058833074,0.37538286863621684,0.20237530663782158,0.12387000021402274,0.25378907882299834,0.23635719239130354,2.5445011055196293e-05,0.4294516917816688,0.4294405376118189
0019,348,7,0.08259132093637359,1.963609365516761,0.2948049322183455,0.38847005347769087,0.21477096092353382,0.12118779446390807,0.25681561036423606,0.23581619127183995,5.298584705934288e-05,0.6809429906868112,0.680927317610128
0019,349,7,0.09503219110306224,1.947420185473033,0.35097885234416365,0.44352553973455666,0.2492192559592608,0.13061736871230326,0.28693383796655325,0.26199899410069255,2.864854413543437e-05,0.3803297498641884,0.38032327427227747
0019,350,7,0.09024111977206548,1.931467851014368,0.3407008822578562,0.42874649491586947,0.24981917306934237,0.11546850944594066,0.2629864023414919,0.23885486431887512,3.080200096216291e-05,36.83102935928211,36.831010671873315
0019,351,9,0.09387882301511925,3.002514764990466,0.2846444140518271,0.9419339715581803,0.7708390359861769,0.16861627217877173,0.4513233541183157,0.42441481004146303,0.0003822761352562964,0.6474413934044433,0.6474310327573523
0019,352,8,0.10683520232096184,1.900252287325217,0.3916391577837349,0.5316887686934417,0.4675906311798539,0.11182771270143084,0.2991605542579439,0.2676993277555606,0.0007666650782302089,0.19721716633907618,0.1970595024743985
0019,353,7,0.10044826405441565,1.8806394766095087,0.4161678814742675,0.5091255828367606,0.3235630987638971,0.10988677937831985,0.26351863931390607,0.2392332510302302,3.119018398483066e-05,0.15311732375629136,0.15311486377803885
0019,354,8,0.11420255552475787,1.8693099613271384,0.4575669908188603,0.6035588647402862,0.5468635428445758,0.10755923672583972,0.30435670070620363,0.27986369723124627,0.0019868291953813173,0.15862108051026366,0.15848004236777496
0019,355,7,0.10710572389647836,1.6630194579419209,0.4511324619280336,0.5452516568241573,0.4087402589605561,0.09907285630433971,0.19739369991621933,0.17748012362815024,1.5989419319066915e-05,0.23618207349943518,0.23617303951929916
0019,356,6,0.1099360192372977,1.6574353241847053,0.46611671831819046,0.5888218103179689,0.4547950918928716,0.06770376464094327,0.20843064003420414,0.17840396837806138,2.6686641088137415e-05,0.33864017170587873,0.33862861819764634
0019,357,6,0.12561321513650672,1.6518822924748666,0.5590990847585532,0.7126062262307099,0.5491886685684464,0.07614658358097903,0.24108759367338847,0.20380072312402142,1.5457959609081695e-05,0.166817520105999,0.16681447752432002
0019,358,6,0.11892062545271502,1.6398368543882942,0.5489948704456515,0.7065038273824683,0.5469783674630643,0.07415152068443101,0.23637869598659886,0.18900617304961906,2.5284098137657415e-05,1.3512836205096224,1.3512755718011327
0019,359,7,0.13773212868546342,1.8295589015058686,0.7791338873409404,0.8522223957142205,0.7832632984812177,0.14990337453127406,0.3812652937094495,0.3551867313438491,5.403294851131708e-05,21.988277405411203,21.988268220933602
0019,360,6,0.1318917972019214,1.6385003653751842,0.6320447594906116,0.8743934151301679,0.6825812696988278,0.09538359325779837,0.28434148990722946,0.23135172372704788,1.7844043893324428e-05,0.5891719516666247,0.5891572700843541
0019,361,6,0.1385244567818282,2.086837932372415,0.7492314535243914,1.1789511662624876,1.0592763695571346,0.17127494613400884,0.2657060901129335,0.14208107044166274,3.6231924703906145e-05,6.080984649487786,6.080977552339179
0019,362,6,0.1588719176485539,2.084823178761954,0.8824265036641356,1.3826292839358885,1.2360430626323216,0.19540002039738746,0.30644011368750645,0.15940144885633253,2.0968541226113748e-05,1.5091053489452035,1.5091003513040027
0019,363,6,0.15084310197234968,2.082791474378475,0.8282780935199092,1.2923990718475553,1.1514762242565284,0.18688990565206282,0.2879948025245411,0.15166362505717132,1.4564136654411723e-05,1.2763734463963827,1.276363146415263
0019,364,7,0.1561449666813872,4.62602135870786,0.7915462436983872,1.7973965967777734,1.5800225034383766,0.46080597757004355,0.5318781846575215,0.3408335254769548,4.6506690142043596e-05,0.1482506599743512,0.1482388981787386
0019,365,7,0.17575613061030368,4.6721505440364135,0.9254156487574918,2.171903034912548,1.8836602357839574,0.5386173242510611,0.5932169086730964,0.37444193574136997,3.6802113482829556e-05,2.3180462956937746,2.3180408493697917
0019,366,6,0.16389352561883164,4.719175201009033,1.0125916506281238,2.094592491786062,1.4753594120497615,0.4952218410742274,0.616050226862952,0.4935123194896919,2.139715144969883e-05,0.3252836824722798,0.32527782657096593
0019,367,8,0.18622161423726094,4.767122292516134,1.4424032613702407,3.0377371164744873,2.7525004909129693,0.6321083237521283,0.8960430571248827,0.5953359333621467,0.0020633135810162765,0.1368922363871293,0.136120439204004
0019,368,8,0.17516032566911832,4.816019573784145,1.240323168334677,2.8481636470311718,2.754027073185703,0.543434409729043,0.9555316674174315,0.733773594024109,0.002448210363750046,0.14424996722657718,0.14413537890687164
0019,369,8,0.18008401852075387,4.880590035503431,1.2299071282905685,2.9267207162489077,2.5477518937753527,0.4058201838842246,0.7646145876615761,0.5318622667444683,0.0015455695976070495,0.1575066859987878,0.15718518037822218
0019,370,7,0.20479904480499078,4.94121250398108,1.5440756704071634,3.3623321627297673,2.753544650189326,0.45789294674809594,0.7701298821035502,0.6381145464024278,4.436866508511322e-05,0.25572098931210907,0.25571339901928036
0019,371,8,0.1919222605466487,5.003460573767335,1.448992168889646,3.1255770016206608,2.2878327541518613,0.4727550254241917,0.7882388043045686,0.7371439172809631,0.006156719522946916,0.11102833982143315,0.10930822941394394
0019,372,9,0.21663551717037574,5.067401061536682,1.843226647184465,3.950708630205524,3.046972378411123,0.5718266028235248,1.0346678492642811,0.8820323146903937,0.004559982916897695,0.704623852275703,0.7040821565952252
0019,373,10,0.20200648519775058,5.133102262596873,1.5724437075178375,3.8695465099071056,3.1854428992072523,0.626918474705668,1.3130012663418384,1.1599205847794882,0.018221049982881262,0.2280410074234546,0.22059907262021833
0019,374,9,0.20646875969931622,5.2235793385221205,1.323978036383729,4.484770920484926,3.894038851142994,0.586644023259246,1.5896324717159875,1.3580677971548467,0.0006476788458406778,0.2571569811992071,0.257142947784014
0019,375,9,0.2311413821169474,5.308325196747174,1.5279938514918772,5.433170087661179,4.724175211048675,0.6209022884901213,1.951480660598646,1.7086563678471642,0.0002492933324875611,0.2215921217353547,0.22157472769106745
0019,376,9,0.21408506034976,5.396315267664247,1.4324520211547278,5.368575715354524,4.68867281553808,0.559066686401963,1.9132977873075097,1.7150515929649477,0.0008409806226505981,0.1776730809252313,0.17763371003896564
0019,377,9,0.21798083416624386,5.4877416334742835,1.474418829259771,5.772194349847054,5.02305241475152,0.5864684397527365,2.0880893036220054,1.8966961157966737,0.002279382066906153,0.2302906612403332,0.23017143810750534
0019,378,9,0.2443717640742776,5.582807363510981,1.6881720966920803,6.793997247579605,5.815292532601703,0.7439015023702484,2.5955976840986392,2.4095581822461587,0.0007207781042975891,0.15772258957146246,0.1576974143265066
0019,379,10,0.22614152382951025,5.7167727264158446,2.2617789864956395,6.257619056158081,5.17934585851509,0.9399147697171113,2.407018642053669,2.3943849848806593,0.004883405164115881,0.28818985854171747,0.2868411520908955
0019,380,10,0.2507850614107544,5.859905195870855,2.362996849828881,6.724197452758925,6.309054324461373,1.514294618937229,2.913306712364931,2.5286837088873786,0.01974259308774015,0.1948730596680093,0.1915321052759515
0019,381,11,0.23040391359640414,6.011081716077448,2.4015103196784815,6.9909437168799835,6.798376006464086,1.4555350267075517,2.8052198622374527,2.4257183084996385,0.03124529173833821,0.5847518978746791,0.5814249536639983
0019,382,9,0.2336266072295875,6.171000248956632,2.283374424519726,6.006681957176587,5.6795710032276805,1.865038715682756,3.4300230766907425,2.933698940812481,0.02335174680132238,0.184326929744844,0.1776921978944198
0019,383,8,0.2601175102130605,6.340441651952578,3.0811768580506005,6.539684104176111,5.5878883534939945,2.015403367478404,4.571282846799633,3.6198656379562264,0.004482737180022749,0.6228255112481041,0.622560972095263
0019,384,8,0.23597482014270238,6.559318648805315,3.450124770734589,6.730743085815984,6.0964785842654425,1.9063058536652384,3.965853107491354,3.783096838758389,0.0018320488438185142,0.6818069981071477,0.6817660458050424
0019,385,9,0.25882874925443844,6.788129030474293,4.342167178495234,9.26172047628046,8.550676362807724,2.552280058827553,5.313667628372167,5.118747502047681,0.0010072998573003662,1.0479137622482324,1.0478987139112157
0019,386,8,0.2363666229997729,5.745215270133933,2.2708261131754552,7.0390126868062035,6.5115332009974995,1.257816429254702,2.718999344012044,2.037403478934524,0.0010666962842972633,0.3724185115743566,0.3723830181949521
0019,387,8,0.2374478835418532,5.936014805578994,2.540601392076529,7.75086185235177,7.204854459901433,1.4536935569242215,3.17297580341528,2.429544472618632,0.0032900569734782906,2.5738365248702495,2.5734908038903397
0019,388,8,0.26103431704265917,6.1413163290784345,3.1668397820091063,9.506638616735703,8.912190981006773,1.924594481912902,3.9182402419648317,3.0133354918720388,0.010350137058030923,0.3931175157915258,0.3899194277201054
0019,389,8,0.23683087701469477,6.362839018866066,3.3942377820268446,9.436835524280891,8.888844951855791,2.0968583013881386,3.9048085742316627,3.012999761108146,0.009548481868730002,0.41585138261903554,0.4135800750859324
0019,390,7,0.23652838899749695,4.04845534144737,2.152998388015442,4.2690378838708956,2.899548379449442,0.9249372450269919,1.8593413743965026,1.4690336512281148,3.454897093845334e-05,1.3701868886904705,1.3701795226446747
0019,391,8,0.25441840498948537,4.150804427620943,3.2261961550432625,5.671490315093956,5.014258232976032,0.8866058820678494,2.3731590734307177,2.060703090178058,0.00155789076274384,0.36108693269379954,0.36089765757468745
0019,392,8,0.23007820176890995,4.259367939260701,2.9180834498756587,5.332950818597038,4.765245524943175,0.872787896990538,2.3442867873297684,2.069722762140045,0.001065967954698219,0.6029086154719798,0.6028467007894844
0019,393,8,0.2485962332761653,4.366063986564576,3.246156566370824,6.085708546788217,5.497376390041036,1.0389227344786773,2.7646204376548247,2.535608015287198,0.0011401314588028798,0.6640613329845936,0.6640403743266025
0019,394,8,0.22917113085182972,4.491342366237193,3.082122552339655,5.947430854566295,5.405751613211301,1.0387317654180022,2.760405967680592,2.603370299185878,0.0019143377592651376,0.8978475192435549,0.8977366027112066
0019,395,7,0.22993615513991447,4.596541141643642,2.641892045423272,5.357129353507019,4.625059521587099,0.9986383283486769,2.2286165956358097,1.996155302724406,2.703710021552132e-05,7.681980726470975,7.681972597604093
0019,396,7,0.2507664452515374,4.72715714253813,3.15194282523121,5.9263569443131345,5.15881575926845,1.1364899806100448,2.7048089208573245,2.473151810775928,1.1407291018249239e-05,2.192493724350624,2.1924910170489444
0019,397,6,0.2297309595275341,4.861825714665015,3.1081562411174715,4.597389428069537,3.46124393875262,1.6858439673485166,2.6085125380408463,2.168336992289069,2.6472491308534546e-05,5.960371220136503,5.9603676777605346
0019,398,5,0.229122175551349,3.190557569258648,1.7217962922668886,1.9380671545613255,1.716394052908722,0.13016566634059887,0.2337618061173865,0.19008778112904842,1.7860818230881774e-05,1.0104953759424247,1.0104833626621765
0019,399,5,0.2533232657199063,3.4337389408133063,2.195150381071815,2.3790976452561012,1.9980270466397407,0.1724264078805169,0.28077015216373896,0.18261286893193562,1.155045029424349e-05,0.9997901140381047,0.999784400203112
0019,400,5,0.22804090154350307,3.7084508038749004,2.273239303498383,3.9459246884381494,2.9848509817654607,0.3513478059186317,0.5179739286223304,0.4430084606421234,1.0934907259510078e-05,0.7573628324900514,0.7573564022655109
0019,401,5,0.24961407082062953,4.0271683809300125,2.8838200408224033,4.494734679079754,3.4658731397747458,0.4874599209251849,0.7190870784911447,0.6195571095115526,2.0893877021704366e-05,0.017151839541909523,0.017143838234645173
0019,402,5,0.22467863452356593,4.412074338971621,3.1472261680403864,4.595215796568516,3.660729807634013,0.49625516172228945,0.7208971060118169,0.631933379337071,2.254138764710154e-05,0.8849670653379546,0.8849651338619482
0019,403,5,0.22605874706464654,4.880482689323743,3.875503493171795,5.33153218877174,4.362672879311527,0.5388134461492949,0.7984729430269755,0.7119464547551974,2.4691127905930684e-05,0.09320445143064866,0.09319608527934523
0019,404,5,0.2485647183482328,5.430304069417945,5.198152279284563,6.871168230039784,5.732484429611624,0.6522974637308403,0.9872892630937354,0.892526697865721,1.0706322227218578e-05,0.006338398333837836,0.006330509199742255
0019,410,5,0.22534547315238995,3.7438705801981746,1.547747572789623,2.913810189539791,2.663673614490119,0.6158268932408801,1.1540253513863257,0.9947834976794909,2.7985339001772797e-05,0.24255548320886508,0.24255029703508318
0019,411,5,0.23171136692641445,3.8472191089804446,1.4413877055995608,2.9338497429660615,2.6191990691825793,0.65406600799116,1.2750145549622383,1.1019585650043373,1.6508232921829334e-05,39.771070753547406,39.77106131479421
0019,459,6,0.42009042009597064,2.276581000606489,0.6333869837418877,1.0984913061386032,0.7223036486715901,0.5438651545435357,1.0469850727596497,0.7978754803323181,4.07439668289118e-05,2.1692914123543274,2.1692734143254295
0019,460,6,0.40771588651430185,2.263072491664429,0.6080945442027159,1.2921222399800956,0.8741678726871747,0.5552736246154031,1.0344184392223892,0.7935461079366047,1.3361427522497203e-05,0.5728198903179651,0.5728167513462923
0019,461,6,0.4467954164317488,2.2490376423719436,0.6785413897553206,1.4104310697770983,0.8956256633943571,0.6375591001237638,1.1481949661819915,0.890000500164353,4.238224733344642e-05,0.09039024470300842,0.09036560542508473
0019,462,6,0.41362955049233685,2.2270002017758035,0.6904804456380728,1.1887831545098917,0.757876837820437,0.6096404683915125,1.1283274130536418,0.8702511913556937,4.069987881892975e-05,1.1597298766900446,1.1597085452549671
0019,463,6,0.45639601342440955,2.2077271227281736,0.8913705784880341,1.2957800910518815,0.8701330858131693,0.7187367061427328,1.3164034385136612,1.0107411004100169,3.482800485318266e-05,0.1054743395115325,0.10546331736824223
0019,464,6,0.41526832777970124,2.187656650778728,0.885386997471572,1.2329293623680613,0.8339676570422347,0.6974331155223232,1.2683920062558782,0.9635678652749893,2.136471760791445e-05,1.2087556645588597,1.2087504654695747
0019,465,6,0.3963357378981623,2.1680555590206616,0.7194318316145019,1.4265880322604816,0.8569459706174734,0.7201942088759106,1.267871204088552,0.9703358328072218,1.8577289147529096e-05,0.19152707806048216,0.19151815778739587
0019,466,6,0.4462902902235861,2.147669470060174,1.0366192030192847,1.5488330238363461,0.9964461531208051,0.8888593526287427,1.5070123008380742,1.1525231298851495,3.9013182285112014e-05,0.3146043846214194,0.31459405067270674
0019,467,6,0.3976907691105191,2.1264502843357445,1.0359871437849468,1.384492161908705,0.9205107086899327,0.8542060371843176,1.4018768007545273,1.0770920915400466,3.29726193040548e-05,0.3954179665306742,0.3954124360637326
0019,468,6,0.3946929736181811,2.105219630305354,1.1606412291979407,1.3845254315353188,0.9760075906286141,0.9246394325403456,1.4731223327088359,1.1306858572040892,2.7227677176128796e-05,0.982563545899604,0.9825544540974185
0019,469,6,0.42844643464486803,2.082922963717666,1.3796608580148069,1.5249891959900972,1.0933780452325421,1.0872293981290828,1.6783996712956661,1.302760341491625,2.1071544161714297e-05,0.8233830189201073,0.8233758780712173
0019,470,6,0.3905379786167345,2.054586279318954,1.2508804911926028,1.4238648270105994,1.015219813905165,1.0298844601926627,1.5324966581060198,1.2075748605666958,3.601525395101589e-05,0.7266913377767752,0.7266791688282527
0019,471,6,0.4253049212341318,2.0274098299566297,1.2753279682070118,1.7980850624594689,1.2311692948474495,1.1748159042687008,1.678149328557148,1.3420852015810727,2.4646924781844697e-05,6.647127367457054,6.647125006442563
0019,472,6,0.3742107206927526,2.0406691883452295,1.170709561547953,1.6051003993821533,1.1073033781055333,1.0859859186882845,1.516164152159657,1.2159861664352432,4.3132891527095346e-05,0.26788426499527035,0.26787380332317157
0019,473,6,0.37026566555743784,2.05452012660085,1.2199206185608258,1.5590177984949625,1.0890677000092874,1.1263710465240075,1.5367436632634837,1.2371404227420943,3.883737607735729e-05,0.5449405055521407,0.5449285696454722
0019,474,7,0.4065761387614089,2.1921353436356994,1.444007064364486,2.217919339974763,1.6842926908277878,0.8166485595005479,2.2806132617024093,1.699114375993748,3.194600118724531e-05,3.6541510139519064,3.654146997024785
0019,475,7,0.366685044194868,2.1764034938998775,1.3464124927512113,2.057423580152361,1.579690331809052,0.7162232212796712,2.1053298196800565,1.5737109573641765,3.806309800571758e-05,2.83176010749306,2.831757428340726
0019,476,7,0.39552677902214817,2.1600028497307497,1.2157551063853127,2.284893181845996,1.6596741146570104,0.8492464877009824,2.293132351632984,1.7064229726419589,3.7413901280060006e-05,9.232672491255501,9.232660798689595
0019,477,7,0.3389910576718326,2.1428782269595192,1.03089801827533,2.1094775622341406,1.6621434202653436,0.7911721913970885,2.0244280480537107,1.5762956479687442,4.672959742147339e-05,2.6896732147951488,2.68966608857882
0019,478,7,0.33558965679663455,2.12501232843463,1.120818866527657,2.1372028098182696,1.8264627272882077,0.8770197686653642,2.0736596049192952,1.7379994083114205,4.921897530153429e-05,6.047892349014949,6.0478788458951325
0019,479,8,0.37181754085173263,4.719183872339693,1.7031302607381318,2.999353417910398,2.4467630259431257,1.044967280264206,2.9217435780429426,2.664600574915452,0.03914997344748869,0.8933936930959754,0.878358349041243
0019,480,7,0.3252084967976806,4.765172099731168,0.9349941751012589,2.681060342663811,2.39917465123772,0.9108064632662491,2.236813180590439,2.1064315697460025,2.1715159070070444e-05,12.05240769224666,12.0523940886885
0019,481,7,0.35510971009943704,4.812856197425731,1.1693196523589025,2.821041146606082,2.4479788639198468,1.0968294548182589,2.6353016628926262,2.3900350141733533,2.21309826242455e-05,9.190664534683327,9.190657506091716
0019,482,7,0.313480439323149,4.97100219643748,0.969631949856406,2.9358147552042038,2.5497847288341684,0.9020802740214825,2.2537699935207103,1.7057991208095,3.3886348876636246e-05,0.8088203681243223,0.8088144679587317
0019,483,7,0.3014416065417065,5.342702848335342,1.1795954840494685,2.6993182363092396,2.181883393718424,0.9287659573200989,2.3688032203303746,1.620820348602333,4.117145231052023e-05,4.504351827546147,4.50434289509035
0019,484,7,0.32246925601881876,5.781112188553233,1.4060006505949336,3.12958848259218,2.6842561461676286,1.1316036526710174,2.6735426144533823,2.1515635598708287,4.102772649713801e-05,3.8571810244872333,3.857172205796371
0019,485,7,0.30416990831044965,6.274194731618124,2.7758400717595957,3.581721201496669,2.453234193902985,1.1348537972110564,2.4383076624864777,2.0148302991650304,1.5978529998244485e-05,0.543777697014149,0.5437685244983694
0019,486,6,0.30816560710396934,6.868450424678586,3.2611006950827983,3.954867141715638,3.0901365988556067,1.5113001064969351,2.78217065572564,2.189880781751106,3.650618449834014e-05,0.7969638473210756,0.7969558606553923
0019,487,6,0.33545049889591777,7.598578151399315,3.752103879178459,4.612514520588173,3.6657960070463513,1.884678570249001,3.513345574270329,2.92811153282898,2.750993595689098e-05,2.174512540790271,2.1745033461845873
0019,488,7,0.28183782975492455,8.52542827122219,2.3853221786984773,4.479321760031922,3.276689532624399,1.9405739642835642,4.038067250243633,2.8218478275696754,2.4012726913926404e-05,0.2381664955874071,0.23816471363511502
0019,489,8,0.30335238277064663,9.727011157137525,2.878881713890492,6.289290949131524,4.669270637494156,3.0205424410246975,4.8892263018655475,3.9357523653882343,0.053736787148700185,0.32100096961864405,0.30759954620553265
0019,490,7,0.2687575471689912,5.199497379959363,2.0667792767768467,3.190119773585763,2.970456785861762,0.9109035258204078,2.0334862839226764,1.875703417455238,2.6863106230036662e-05,0.18164430061806963,0.18163940526565728
0019,491,7,0.27354367822928255,5.214829461583636,3.227784487854458,3.7885468197239875,3.1091119556598583,0.83650128704175,1.8821104959887807,1.5283395187768618,2.5621500218346248e-05,3.3384211915987394,3.338416208018366
0019,492,7,0.2784405564225281,5.394867706016764,1.254458278696815,3.0808311323624085,2.6802250293733443,1.01630253916699,2.2593591621532862,1.4785191116248924,4.1587749861760704e-05,1.0059615420742887,1.0059564557988299
0019,493,7,0.25204545170926584,5.869863664666576,2.163569885225446,2.992447293435989,2.4013764811727296,1.015616587326679,1.9861137315929738,1.5216084790573285,3.382812780016176e-05,0.19372718457209434,0.19371878634406034
0019,494,8,0.2429180856032828,6.443551448398997,1.7547727515382157,2.3298114361141584,1.7147474138101857,1.4489060359913002,1.9278573762947333,1.4262206596891658,0.007471177925048615,0.6080333035116245,0.6048055780357402
0019,495,8,0.26809803688140194,7.098003475401708,2.291802020037715,3.0693820679407287,1.7640308037492782,1.766215443557439,2.7919067910975492,2.1194363595135277,0.011042031478216714,3.1640366320056015,3.1634018561408146
0019,496,8,0.23865363973431666,7.910565556311686,2.094225971238341,3.9166340521033622,2.578829694379952,1.9660702389592228,3.1913641909375667,2.1310114794630186,0.05913530797348333,0.161354658694645,0.1523852539751165
0019,497,8,0.2612141104450008,8.946409253893709,3.0601597493362087,6.140566627541514,4.455279314352317,2.713288572970362,4.311507125941653,2.841116590668936,0.06908036730913093,0.19840238713224206,0.19311398790571607
0019,498,7,0.2329963353289567,5.345946169048417,1.5727822977994963,2.151829985327875,1.3639896365234248,1.1450443876420178,1.8626101256913412,1.2862285968697988,3.6921064686532336e-05,6.596378795972797,6.596372855659066
0019,499,8,0.2301566052784903,5.365893072339183,1.5882155892923369,2.571809632364692,1.9435830363167592,1.0680309557272674,2.5236628059866777,2.139389811673687,0.03572759236207122,0.3187587265652567,0.3087591890277619
0019,500,7,0.2682341352518143,5.373848110203564,3.404368169164238,4.868069646240992,3.877011712418074,1.0758012608035756,2.0018916884258617,1.6649659346633492,2.4306807371722928e-05,2.7765893893047786,2.7765798261406154
0019,501,7,0.2353675658731504,5.405237550292254,1.7237879627348927,3.082662625300053,2.7429810551631695,1.1066083593407061,1.989613137254143,1.4908255984776586,4.365219970694153e-05,2.382324009062694,2.3823100801791406
0019,502,7,0.25638997709323047,5.55533121700827,2.656869778986613,4.359962339159528,3.8851764378754963,1.1327169060908655,2.0668246681862157,1.519046099663805,4.008325934609991e-05,0.5553002319256619,0.555292478620262
0019,503,8,0.22453326276327285,5.9915381621922705,2.1516448309007914,4.660024667005761,4.656930364988181,1.2045829244524087,2.411254244548373,2.02990882585374,0.045653871051044695,0.39249494398113466,0.3739970203868619
0019,504,7,0.23893087283794495,6.507994297169985,5.675329823430304,6.388441238865106,5.198105252449183,1.2092713759674267,2.0031063344476836,1.2907781405086651,3.6310462366991986e-05,0.5197389091147825,0.5197309624830562
0019,505,7,0.25498321101107413,7.147917835917317,3.552921592336879,5.962446920007534,4.853529999544023,1.9932911100455546,3.1261574754761,2.2255879882781597,4.2054055342509784e-05,1.1784562339481568,1.1784491398364858
0019,506,6,0.2415076320734933,7.936733582593645,5.170063723345201,5.985406915134356,4.614494620520372,1.9466516725035774,3.03430798346666,1.624798473437746,1.9985658119729282e-05,0.6335693554633944,0.6335644910844653
0019,507,6,0.22404022967054174,8.933247541108182,3.8207177891730923,5.313407416661364,4.599042136792188,2.366197012385798,3.636578690997134,1.7768846963487237,2.8840739219526955e-05,3.6454327316262893,3.6454202294336486
0019,508,6,0.24700506527832683,5.609634604129065,5.335420647445992,6.540858749714667,5.116961605729037,1.1509284681582872,2.1509834076943775,1.6373236643798927,2.3525679182189506e-05,7.79115102336379,7.791143022761565
0019,509,6,0.2650088805832405,5.636448164346778,7.271585508010943,8.218393077629859,6.529253767755122,1.1065530573208147,2.0765554429430098,1.6154957157530954,3.937749201900799e-05,1.5399476968057315,1.5399465471992457
0019,510,5,0.29473543926923956,5.6537237536955205,6.228352651208956,10.04040894304813,6.281600628809228,0.9084564146168551,1.5635294346700102,1.0995024988101059,2.4045154964046445e-05,0.781419908702011,0.7814088131510895
0019,511,5,0.23860286924271581,5.671296402248949,4.241450550620062,6.398011582709718,4.02763444655933,0.8785470782284374,1.5028849108918347,1.0505533033559278,2.36406011760068e-05,0.4649879383759854,0.4649760987862626
0019,512,6,0.22881575282284092,5.68917473447801,5.0924234777297865,6.482508556933846,5.276064320303511,1.1591041426211093,2.167349508344231,1.667022048479651,5.279451590665081e-05,7.83843256340084,7.838419332354377
0019,513,6,0.2500588847686055,5.705229695272201,5.8601303805022065,7.471345083822107,6.149178894461931,1.2899147015168009,2.4179367180383533,1.8576022452286174,3.636871957226244e-05,1.4456418959585948,1.4456284836106004
0019,514,6,0.2393998474182572,5.732012551016416,6.48068212319462,7.80492782959482,6.461635324427608,1.144442707863452,2.1817638203508585,1.6665419716231773,2.5802949887763876e-05,1.6416629469265587,1.641656798895741
0019,515,7,0.7782618677134797,5.733862915388631,17.93937656001063,41.80201398592235,32.97376986905795,4.374906282022918,7.947059998092362,6.835567538211062,3.052175579735826e-05,1.7642276846193778,1.764221861071017
0019,516,5,0.4121598013748973,5.735742730736871,7.225161025829417,19.99654149460791,16.602725395785846,2.4714859653050283,4.127457654882858,2.705066922374969,2.6116216570588572e-05,1.2390358807590347,1.2390177954310262
0019,517,5,0.23984395702906228,5.737650824704476,3.370768917559743,4.776790386876919,2.505016320290402,1.2176194708254229,1.9842555183307096,1.306558954336812,3.741936620791752e-05,0.3493558390547861,0.34934613335293146
0019,518,5,0.2357952062176144,5.749715277817477,2.3443962773942326,3.011455473251257,1.6352428047537806,1.329183393716285,2.1834588371835437,1.4230372743666075,2.1368509981374302e-05,0.29099354551816464,0.2909815183176428
0019,519,5,0.2809238298717073,5.7619699817077255,7.197990654473169,13.48552438921846,8.561751643678702,0.6169541172659161,1.0295799244242008,0.785298870459302,2.0536367745185264e-05,12.476685107935534,12.476683272727184
0019,520,6,0.2244362371128851,9.699681984907972,5.139914759285091,6.621307990295151,2.9085765840379767,1.0281281394762614,1.6766296573789745,1.293672126653858,4.075792817019233e-05,2.985502924613282,2.9854940739998383
0019,521,6,0.2761893114706765,9.668779402754959,9.13544039132104,12.182862100799248,7.151584054496175,0.8255855003327751,1.3378090004255363,0.9487539569760908,5.322974802436156e-05,0.8071128140770143,0.8071050433368482
0019,522,6,0.2240748762128179,9.638092215979379,2.8604824576782737,3.5686372715244885,1.8268778742705278,1.3894310720001968,2.4628222328878273,1.9766799157003083,3.633215746376344e-05,0.7705795322777143,0.7705728603776733
0019,523,7,0.25595265930604516,9.607906214271702,4.817845772746543,5.83890274800754,5.240251174257016,2.112926451119932,4.017513621774703,2.6169793597272224,3.3005876264142864e-05,0.627320341170389,0.6273136636744991
0019,524,7,0.2086015933565915,9.57767415412226,2.7419094830692154,5.878080860229472,5.4719338277025,1.7007007923965696,3.430176894975034,2.4016367296505177,7.668374566874711e-05,0.9580873050581384,0.9580809027263335
0019,525,7,0.2021535279501975,9.482156418703516,2.304923705356319,5.61170924238652,5.231322280463164,1.7178863633362085,3.4691968930240167,2.4512185852255257,1.9574882937395298e-05,0.4809822828712939,0.48097189629141707
0019,526,7,0.21918601729931078,9.386803939221128,2.7073372111799996,6.592166291748936,6.005665886493516,1.851972994358596,3.846681939579653,2.804455010239827,5.400149266083837e-05,0.9581772984731796,0.9581685392407441
0019,527,7,0.19195743047210473,9.291175765391174,1.131406772919806,5.331248145403221,4.621082820718926,1.7177447108574198,3.565417903598069,2.6515181434495885,3.865491761792365e-05,0.8347107899757076,0.8346944091740466
0019,528,7,0.21649980452207424,9.195270872174477,2.614499027732123,6.229455939567428,5.9082166140349495,1.9481174949670605,4.16121840147038,3.2537072074506934,4.8600717428601114e-05,1.8212421400464556,1.8212376273820174
0019,529,6,0.1898751772074018,9.099087710721665,2.8659680625436574,3.1958317761303543,1.5239219087527767,1.1843808572034256,2.072633402799753,1.7094896630875072,4.228627529719968e-05,1.7247204248504402,1.7247093600182724
0019,530,7,0.1892603184755559,9.002623685499335,2.1970654233607587,7.139569276818127,5.365277445228169,2.325688958015046,5.024872238265939,3.6999288391350653,5.049156453097099e-05,1.9614412316520782,1.9614376266342337
0019,531,7,0.20087105938019473,8.92227960067094,3.067306086446746,6.548258120663706,6.223632826972161,2.5060000142858647,5.484395962457703,4.009714461654534,3.532621267963456e-05,2.9157621820951345,2.915753752417344
0019,532,7,0.17926768060603368,8.843438469061477,2.586088666469431,5.857497545022411,5.412156229576452,2.2018909834220257,4.956708746509567,3.563299956582448,5.028708207503349e-05,3.60934045766869,3.6093182526913226
0019,533,8,0.18582436020700355,8.764241383546633,3.167050049641303,6.109126649847049,3.881534970657378,2.304361675906262,4.562835661982145,3.1298117859709684,0.062026714714910176,1.2539416175287341,1.2406930787694337
0019,534,7,0.16049109638133088,8.684683196726171,2.7217094453774515,6.663413851519417,5.341169991779731,1.7755328393267404,4.427156210054917,3.296466329087864,7.83297230070425e-05,1.5472572604165369,1.5472389458064162
0019,535,7,0.15602778922862753,8.576069447304572,2.182782364966028,6.108352642101535,4.307254784581057,1.7312948594015072,4.465925769923073,3.398817103041898,5.227994912048017e-05,3.32783228366657,3.3278149107168806
0019,536,8,0.1685635590524739,8.473539376322778,2.9398555003193363,6.86947902491813,5.115442264956962,1.8266861558500502,4.693799048697916,3.8084142507951877,0.035494221214373345,1.7624409726988364,1.7572838369432735
0019,537,8,0.1481135917702841,8.37122890172948,2.2278664830794375,5.796855173896716,4.062396991020208,1.6671096558886083,4.299814288754185,3.5886129801646094,0.02948845834153327,1.3340697879634542,1.3290829924951397
0019,538,7,0.17114255012066826,8.269134571801208,4.462334933596619,5.942366043984231,3.4159207247630596,2.1019532210215006,3.8967465695432684,3.101363977672331,1.904344194535835e-05,1.4006680425073945,1.4006631634521667
0019,539,7,0.1550096244321508,8.167258238109415,3.051015534729949,3.5158976979446357,0.8551286015359292,0.9890949900832885,1.8301310035266243,1.1705622321509557,4.008654424763474e-05,1.0567095839090477,1.0567036208259861
0019,540,6,0.149282725520544,5.355382443508753,2.5395435824326347,3.7433119691497554,1.5436774758725895,0.8900139009331229,2.117217566228838,1.612294691468597,5.67769558326156e-05,5.25313978015312,5.253120831282322
0019,541,7,0.18012458744358542,5.309674130507327,4.613874692492873,6.194541018168553,3.770534172184653,0.6565057735932824,2.2568838006026306,1.7987236198331151,4.310895887253418e-05,2.827038014774208,2.8270321347062257
0019,542,7,0.15249615594747196,5.332073414501181,3.5644464481231832,4.698458845797418,2.918083784539367,0.4720978886253,2.014616682449993,1.6893281504550444,4.955730222954134e-05,2.398291708168845,2.3982821962917478
0019,543,7,0.15449248555191875,5.4357663507980325,3.0452549057615044,3.8140095357683084,2.3964751927221712,0.5564853665758619,2.2048224686713875,1.9768332694905344,4.8354396643064515e-05,1.650662970683235,1.650651592270338
0019,544,7,0.12788987178233915,5.544660099675437,0.7149257278649888,2.016635236905146,1.5686875814413936,0.6024635037171877,1.976566381036402,1.9133221481837608,3.878392065700298e-05,0.4724401254759839,0.47243608154257577
0019,545,8,0.12870782056626326,5.644552947115472,1.2641173925170155,4.531839044590817,3.9994841215911783,1.3122474874865455,3.7015699251106513,3.6906165847145815,0.0011536551939637112,1.4014215238468637,1.4014040384127657
0019,546,7,0.14741012607339368,5.099980931486695,2.3922009036044707,3.113980039003401,2.443232524455388,1.7783473395464016,2.818499484440595,2.730726751342785,2.0885218288566707e-05,1.4372547221490362,1.4372431925019695
0019,547,8,0.14081557807466222,5.047079772103808,2.3641623843105526,4.2310777084578595,3.156313261361241,1.477448246561738,2.672239543391181,2.508751720435602,0.015505991923401966,1.5245110831945712,1.520485024198098
0019,548,8,0.12410746563279859,5.000269695038182,2.230426651211853,4.058978951554977,2.5252180060243825,1.4385132314594467,2.5706496175963984,2.41667369014006,0.017106604973637442,0.8163053904337263,0.8128884344507321
0019,549,7,0.13576486525528697,4.953960083504073,2.711603784782186,3.623195803383585,2.309524908816165,1.6068995727606616,2.232360851994747,1.9837144142283611,3.8094439264525116e-05,0.5714051977379381,0.5714022676615294
0019,550,7,0.12292012539184617,4.908142954157901,2.1242687238356677,2.749074579972183,1.54493370832681,1.4435951899733968,1.9719061705458911,1.752066582357322,3.864217395442223e-05,0.47324644695948476,0.4732378788569354
0019,551,7,0.13455323265370625,4.862810327394431,2.3165984474800756,2.915422597573485,1.6306728067979575,1.5308113812714172,2.051492686465814,1.818422082732906,4.052483806063582e-05,2.608218445122133,2.6082143097887682
0019,552,7,0.12221854243619226,4.817954092864105,1.855528856471918,2.390718210107867,1.3768112607324379,1.3478077675968743,1.753038772792668,1.5543037699292983,4.221029229063784e-05,1.0915323076449432,1.0915218190706717
0019,553,7,0.11423384804480717,4.770191983497156,1.7545116712394382,2.9026636524526097,2.59358907774447,1.1333732399848158,1.454555512978718,1.281376507253552,5.0179805648869634e-05,0.8122308720993164,0.8122254042504545
0019,554,9,0.1254887958038329,8.85477960572791,1.5183917315384539,4.029606763121237,3.7381844279014924,0.9921595781701983,2.008371479083607,1.687292525570963,0.0025305472172728206,0.9135107061114154,0.9132930746455917
0019,555,9,0.13036362740602458,8.803177079775212,2.3615817287342558,3.8024405136116854,2.5591527630641266,0.974703178994678,2.0054353189212653,1.660064783458402,0.03671866934401679,0.9540719217839466,0.942701099563867
0019,556,9,0.1503124770471247,8.752014664945742,2.9903821967435196,3.7282441484413598,2.399064942029417,1.141572346313967,2.3423343530464895,1.9335074033618609,0.03599880204259621,1.127037349599596,1.1083314680697887
0019,557,12,0.12651553303174431,8.701286754673928,1.4906239832317323,3.3768784758284,2.7996197389724906,0.8867118797240472,2.2834021948965746,1.9544779569632251,0.023627374568137172,0.6213857429260885,0.6192905483969654
0019,558,10,0.13784904404863366,8.650987837220754,3.10471898580165,6.447085244354453,5.059913841124718,0.7175180164570587,1.3613468413824523,1.0476423690099823,0.06712984119615958,1.2118212649991136,1.2038947933235438
0019,559,11,0.13759666675968427,8.601112493677386,2.113723747416893,4.910136099849969,3.982764818260093,0.8582481525368317,1.980178476050846,1.6333743094216968,0.03160197754505156,0.8026998822077799,0.7971048971370129
0019,560,9,0.119450883863766,8.544588068355168,1.3769477793651272,3.3294002772570797,2.6902217378810818,0.8073085113107272,1.6299353767839126,1.3000339186423941,0.0017541474064766403,0.35695786944761254,0.35669335299361593
0019,561,10,0.1348366074618772,8.48853550996289,1.0964557387343887,2.8903834341257872,2.76301744472993,0.9255595332177309,1.9436056555049697,1.6072296352336948,0.01224956503602198,0.620086018970905,0.6165767970916785
0019,562,9,0.12013677810901989,8.434842095716892,1.3589321569520922,3.033695737347144,2.406187216677656,0.8398753306583875,1.3286740210224561,0.9948241320005686,0.0002497223091344586,0.7332926217172989,0.7332912396088299
0019,563,10,0.1239683590489354,8.38159335163822,1.6005058274308468,3.616615372358473,2.9608556860716124,0.7951828685348494,1.647146150306198,1.3243745535062887,0.02819391041320459,1.00403993243938,0.9948956737729728
0019,564,10,0.1388943764748074,8.328782478327518,1.2915646438184476,2.950599806375527,2.3748709548898583,0.9879500142513253,2.0444144865026215,1.6711810591139036,0.010718763214310038,0.8971459454725483,0.894224010197558
0019,565,8,0.12721995396335237,3.661427644819241,1.1399022871756177,2.1984064066679316,1.6198647242874329,1.007957787792582,1.671118644483878,1.4409848211805232,0.0012947250685733944,0.5004285089519896,0.500419228151793
0019,566,8,0.12305621383110399,3.599588498040966,1.087600382511293,2.467406577333407,2.1776731570379693,0.9200517423601774,1.5260457387353015,1.2754222484692441,0.005556427785040699,0.6015189493691946,0.6012313860007305
0019,567,10,0.13423564102683144,4.18978474438875,0.877205371243698,3.7011110597286274,3.1744586890203674,0.8374388460078159,1.7035586544885457,1.4327345855492322,0.007361440515558217,0.6874733923463351,0.6861943590381914
0019,568,8,0.12401022842126978,3.4779910909590437,1.1789835278114587,3.0590500648059487,2.4044590085258433,0.6414912272690048,1.145599767185899,0.8052687517602461,0.0066084131332309875,0.21970497929031932,0.2186145974324134
0019,569,9,0.1494294060842982,8.00158924381361,2.465173326463485,4.29645147018359,3.697783199740602,0.7256555699503335,1.1446113308015808,0.8422782083840293,0.007553652699503368,3.994732219580111,3.99380152218828
0019,570,10,0.13122640584957898,7.946726599732159,1.3802160262909897,3.2328353419205014,2.9169295334965297,0.7123086228591435,1.2263621442055526,0.9590182226474326,0.03432415174081001,0.6198784517314777,0.5935619639881343
0019,571,10,0.127297097472735,7.911709556159332,1.0846238804804202,2.3073263915630053,2.0388190503666803,0.7749915515242736,1.3347169602434468,1.0460819772405388,0.030847796475018216,0.5088560678513979,0.49365483099977847
0019,572,10,0.13295373801828997,7.876845313951536,1.2323510459038998,2.8088952460662626,2.3984951818753575,0.84383781129669,1.4419952709228068,1.106688180268564,0.007397427639655274,0.4426443404752349,0.44204052566810254
0019,573,9,0.12092266820426437,7.837833004766085,1.232095505424215,3.027678549029137,2.459142562558154,0.6714440970089791,1.0253791223570756,0.6850597030577887,0.01017388823036809,0.35302944043861734,0.3490427876168728
0019,574,9,0.13367908034621198,7.7990313431846,1.4143929867896614,2.7304418049795176,2.4075933353814425,0.7504902957320088,1.2341260651779602,0.8455649372619807,0.0002936560443751325,0.3187085130960402,0.31866297468260996
0019,575,10,0.126457804914478,7.666230094558493,1.289824538277548,2.4624128240729704,2.255913177518858,0.8029321663868527,1.4116878835674103,0.9982127585162024,0.05963137749806281,0.2563638795547404,0.2283407611095226
0019,576,10,0.12170392228956699,7.535321619483128,1.0756735406613107,2.018382541729703,1.7129629682540002,0.8410672486040018,1.5181065976427308,1.0511155776395744,0.028480654731739455,0.7867493177704349,0.7777201603107596
0019,577,10,0.13235205418267973,7.4062657386494966,0.9069220617003149,1.9517604469254464,1.4508174522109316,0.9715766581875562,1.7906087012065421,1.3104530123940066,0.022533060403112634,1.0368184937482823,1.0271126261628443
0019,578,10,0.12216035159538473,7.279024458649136,1.0763094378489309,2.0740624122320312,1.5892185000578443,0.9120510763686521,1.767319785147941,1.3865775486877583,0.0437877924910266,0.8016669181017133,0.7913905332895069
0019,579,11,0.14139935957596436,7.153557680442748,1.206819947353674,3.4469709439374503,3.028049485618964,0.9425729448771635,2.116552826094021,1.5601112956011602,0.013486474807523588,0.5103171174034495,0.5075524767138975
0019,580,9,0.13315504282774682,7.0337578401090655,1.031319331924841,3.13136332153872,2.7464448645762864,1.1171352787755484,1.6411540988354552,1.5338952501522136,0.05962517770769676,2.797959546290447,2.7950740100097557
0019,581,10,0.12781262366887278,6.915002875811389,1.1438681411443805,2.9641969220669067,2.504255168855528,0.9283950900585412,1.828950949468753,1.5348112944549102,0.04237549924602134,0.7958213647746945,0.7815102058544771
0019,582,8,0.13327891693364563,6.797277063117467,1.0736906127046963,2.208679316905075,1.5601545684031053,0.9103846765784314,1.500897193681029,1.0062932547207217,0.013237786865964229,1.0144227533837211,1.0131969570266912
0019,583,9,0.11837599606668789,6.68056929293971,1.0205074866284882,2.473191170434038,2.2565140662907464,0.8934718524299838,1.4030053494980748,1.0395413047223916,0.004333176439134998,0.7921368936559954,0.7915663286080914
0019,584,9,0.1289897658249249,6.564865314712343,1.0532139362779909,2.7787268175806066,2.2285005675820155,0.9405949551370032,1.5188284301924848,1.128251615897518,0.002782959662779555,0.4430749222431773,0.4429451660558479
0019,585,10,0.11587137837711109,6.410949734739197,0.8859795745519043,2.738721689323314,2.376745261777943,0.7636867591859244,1.595349616596599,1.2312126882141952,0.0381506098071751,0.588014127514295,0.5818107001078731
0019,586,8,0.1214311271301024,6.260182807920147,1.1159623355891979,2.3337225528633563,2.272383161275098,0.8415243594826889,1.3407947192519891,0.9787556594783742,0.0030339897259467775,0.9483609849014264,0.947701330599156
0019,587,9,0.13432628610976438,6.112467925830966,1.4727123399824014,3.098912235214841,2.5233561240754314,0.9622357922543842,1.5216754631626315,1.0229869030291718,0.001269900229361952,2.0326375243148918,2.032611668344593
0019,588,9,0.11921639680655521,5.9677149911415395,0.8920984829097023,2.3328655040626427,2.007433920389786,0.7992593520427286,1.2686137567668645,0.7912995166621346,0.0007503711037942148,0.8568200693559247,0.8567705619434242
0019,589,12,0.12573923685628888,5.825834851395265,0.7626018737888862,2.8625406301308365,2.5055473701300306,0.7678342103288773,1.8917333638462026,1.688150706197665,0.011328056318797883,1.1897333834187045,1.1892481780794528
0019,590,12,0.11481204457450038,5.710086499625025,0.8784956536140072,2.318449125179835,2.028303155589902,0.6824552411946547,1.5705948255653819,1.445321401178474,0.014172894536650937,1.0218633800657924,1.02116502155252
0019,591,12,0.11009030384010887,5.5975816436056025,0.762104637894758,1.421481444715874,1.2050607346668791,0.6664241913180101,1.4521725436820974,1.3821335248416813,0.007192384974429487,1.1356059465080475,1.1326464091149133
0019,592,10,0.1249322460262762,5.486048020079085,0.6463289702078313,1.1139765132984718,0.9464902037791671,0.3232988002155516,0.7390832628634171,0.6415206445148393,0.003355276861192001,1.3718369379045297,1.3705584014577195
0019,593,10,0.11729830038649128,5.375474686649193,0.45548801196378885,0.9056899518375305,0.8048249601188655,0.31014489524260336,0.6687193231667462,0.6023647173039659,0.004647441799548821,1.1988276236800912,1.1975564991537602
0019,594,10,0.12121703888250675,5.265848701059426,0.6108793360721712,1.1685155590979084,0.9422967775214894,0.3252181155040492,0.6356305265757767,0.512086960327795,0.010362432089300329,1.2391846103338957,1.234674566468107
0019,595,11,0.13014495391752615,5.151694194611965,0.8236744436097329,1.3704962574916904,1.1062708188873736,0.24700334624083986,0.7930014449544074,0.7120486849358354,0.008856873150273472,0.94791542898598,0.9459716988952744
0019,596,10,0.12029107543724901,5.038770307887427,0.8584256803506313,1.2452821448437588,0.97073575185827,0.22581179058802486,0.7521202856779442,0.6994210607687278,0.02302428593560033,0.3103368258209364,0.30249554048448435
0019,597,10,0.140205116773051,4.927056579399976,0.9593622577626457,1.4544221442588436,1.1081549282357752,0.25718659700415736,0.891716510500316,0.8831445332802774,0.03286660727891012,1.7688944691727224,1.7534984618480962
0019,598,8,0.12995640537039546,4.816533788024995,0.7416758605579925,1.3019120498475818,0.9375556790537685,0.2817465987224495,0.974546081599217,0.8187658136067523,0.025851617397779664,1.1495909454661444,1.1413468690988404
0019,599,10,0.13047167040408506,4.707182737267594,0.9379774374501795,1.3697270357887168,0.9968574293456429,0.3788868412010375,1.1634470019924865,1.0660766257265162,0.0616549658692474,1.3234482386673467,1.3147514162073577
0019,600,9,0.14460298252298762,4.687202078444111,0.9690988230461781,1.5151940744105348,0.9729693242655469,0.45513766578884113,1.319809953007176,1.0500654335821908,0.031581270699076305,1.252478913723757,1.2394375802619029
0019,601,9,0.14998188317015793,4.674708968995659,1.7769443612530555,2.2926456711014107,1.3964974815728861,0.5917910776721089,1.518303801836448,1.2380117901572039,0.07563922007714223,0.8176365652764558,0.7953380840776347
0019,602,9,0.1573092001218708,4.661827369146687,1.6385690147687801,1.9015219943419648,1.079473270977824,0.7409821155623109,1.7742460548255905,1.4715149411395385,0.05665543487019021,0.4221336253168297,0.41465694642364415
0019,603,9,0.14160552657943679,4.6485388717351706,1.3887718838720897,1.7850639616628932,1.0035080487303811,0.643167127731316,1.5323151995223196,1.290686537604549,0.010838875916091211,0.4050893720255686,0.40418344790966365
0019,604,9,0.13929457523802427,4.6348238880657,1.0325151023676318,1.6607721632972408,1.0543360203998955,0.8047191444660863,1.7297842655282212,1.5099224561340572,0.028318251343560155,0.4234114457892479,0.4129797249596745
0019,605,9,0.15637971328091269,4.624108594030823,1.3544583319510064,1.9398323009267366,1.161613293148802,0.9522603647378157,2.0020397685764593,1.7841117966329991,0.04268255688947455,0.5656667705273414,0.5541395980056768
0019,606,8,0.13554210106127895,4.613019807770694,1.4856595576639102,2.1183684763368023,1.5303116840572089,0.7608861091269914,1.5677556723068875,1.2381046577356514,0.03702723949783998,0.2200760255831314,0.2073747548396037
0019,607,9,0.1545807936768379,4.60153735754474,1.5661770724491844,2.4895095402335676,1.6563017255058408,0.8101059238233971,2.098847927828091,1.6906979241629745,0.03833389227795411,0.518148583538443,0.50501682739148
0019,608,8,0.13504095853519626,4.589640204509272,1.1459274758293372,1.5779876307203495,0.9608831647521008,0.6784769796797907,1.4164295967382532,1.0937837789883476,0.07669264814936547,0.09112630109725212,0.08035550340517923
0019,609,9,0.1221989288775162,4.577305310625204,0.9588951452973463,1.339069707484138,0.886088290577842,0.5842666936531864,1.1922923970420414,1.1432472496907191,0.02772562075189925,0.27525210373767084,0.2745034550627775
0019,610,10,0.11720288482877954,4.528999494034282,1.0276965504309952,2.2344010585638134,1.9599286315552584,0.5909265861336686,1.652426410684036,1.5636202879499737,0.03198696624239605,0.27274732009746383,0.2658665090861679
0019,611,10,0.09733969936245757,4.4800354075456355,0.8417234501028317,1.6397362051603597,1.3754349330222655,0.331491920206994,1.157724647371445,1.135172008031889,0.028835869523255366,0.22170606208729784,0.21657256341671252
0019,612,10,0.0841026382542104,4.430399193337424,0.7975922078462567,1.5740177419376442,1.3824311218242114,0.2792631774923697,0.9593208777418178,0.9288786831025403,0.011376529705529928,1.4466661628395185,1.4441988618850872
0019,613,12,0.07909668201187516,4.380076551877987,0.4052242522223426,1.5502204254613914,1.5283169160034256,0.33069063653870734,1.0735820377079168,0.9976579946913806,0.022306464716464615,0.04303054725277852,0.04077440287461368
0019,614,12,0.06393750418329938,4.329054215503016,0.3830528616264306,1.1230011265401556,1.0020060188815425,0.194417841476399,0.8213055472418513,0.7370419735457868,0.022578254237244022,0.04448104002388385,0.04026528216778929
0019,615,11,0.05744371586630191,4.277317097012508,0.49602805819306434,0.9991527604677837,0.876760287407048,0.15530852372502366,0.6399134674195862,0.58199855912106,0.02732348376459171,0.06192379422430784,0.056252881598550006
0019,616,8,0.04155641906632773,4.224849751310337,0.47409187574319567,0.6933058362046455,0.5205150596329782,0.22287221273151495,0.48230545896903243,0.43732270410888563,0.03467074984160652,0.0933471684261785,0.08869316587561087
0019,617,9,0.024759901147805078,4.171636929823167,0.25106863981502253,0.44754640917620764,0.39772987709843494,0.09437057402636764,0.2683920990880247,0.21385696867926113,0.013606735857762927,0.05609499596915543,0.053620943658814486
0019,618,9,0.015045204807473976,4.117662467420748,0.2343031150128178,0.435820332040217,0.350884884178709,0.01966559158587568,0.07445081360118158,0.0695652671018071,0.009102969775493255,0.04532795768835578,0.04002112664983936
0019,619,10,0.0183569015311114,4.06290973289074,0.23791289464984608,0.7093207378416857,0.7083435463354325,0.054005238929359566,0.08001065493581609,0.07284959302109648,0.0151878119384002,0.11328206354355867,0.11166379850122568
0019,620,9,0.042472231582826876,3.9765359344936333,0.7082647540975976,1.6456074993124121,1.4169225070694604,0.08392269553781943,0.1856755805506339,0.1636447195896905,0.012613856326795576,0.44742014319730616,0.4454813847551251
0019,621,9,0.025498407791643325,3.8911319829829334,0.4441145832685247,1.0107342854177197,0.8790595701493535,0.04119724147205286,0.09803136776216656,0.08767904399287998,0.006537904768736179,0.5953433752593661,0.5942194930608946
0019,622,9,0.02393368018965326,3.806681476217929,0.47976863666200137,1.0252940663871863,0.9193998671632557,0.04670223231779545,0.17165714487929942,0.1620176370020638,0.0028587108019827675,0.12256809951193222,0.12217039205716951
0019,623,9,0.026312698079538174,3.7231713705242018,0.5170005426358671,1.0863497898418673,0.9607964712321688,0.05599239086854044,0.16561885061821557,0.1558711945927851,0.0005313075309009547,0.09925845721174587,0.09922854929832564
0019,624,8,0.012397819753486526,3.6405832683728474,0.2661719436322918,0.5513316140467933,0.5315562913371036,0.015391874225570833,0.04669353092400163,0.046102322063416454,0.0003646123437324821,0.104557291517148,0.1043731631162545
0019,625,8,0.033240707807523334,3.5588999556111935,0.718838256873797,1.424123170160048,1.3498574851802934,0.04735978353666863,0.19266846549073507,0.16968362727610012,0.018788625378466716,0.3705903888935996,0.3667745933650573
0019,626,9,0.024467387092124458,3.478109318472776,0.5529524159462627,0.9917128330403453,0.9553167497956689,0.05129031021370153,0.11459411011357493,0.10111839237170893,0.012973291812379472,0.10517063423095332,0.10353872359675195
0019,627,11,0.023593472601176085,3.3981955729222473,0.19528217219143523,1.0573933325231295,1.0395238284591612,0.025219428599177515,0.13153287222157328,0.11408176264090997,0.006647844473952841,0.08427483815481006,0.083858016868998
0019,628,10,0.02083826794337176,3.3191453605574357,0.3195718650990198,0.95039729494734,0.8905751615700355,0.03550433219232797,0.12199021696103751,0.11518127851732946,0.0048985489543885265,0.08726613995440874,0.0852792957850152
0019,629,11,0.019998245038483527,3.3911751024299943,0.2732943897166502,0.9995866920306438,0.9682602609162717,0.052991809421788785,0.14005551117481574,0.1284738561703733,0.0037195135611277053,0.08259872421266061,0.08204275556328201
0019,630,11,0.01745624075389288,3.3411902023797486,0.32324359521826346,0.915571206665082,0.9135938425933393,0.02550648968411844,0.08732302033622086,0.07747864319990805,0.004533921209679269,0.07337206036325333,0.07257960408858191
0019,631,11,0.021239576958043602,3.3018926971851434,0.37590325193341256,1.086304961931495,1.057637100486537,0.04432949895117452,0.11338377984081695,0.09527039545899273,0.009286829913325545,0.07969135073532214,0.0757579048795159
0019,632,10,0.014467282659275557,3.2634522620461492,0.28417900032819193,0.7676254643997501,0.7514316905782777,0.039228891974470874,0.08995137755639372,0.07681060331312338,0.008858838759717113,0.08695222626348599,0.08343724947965843
0019,633,11,0.016941601962161938,3.2291074195667453,0.24382801958495454,0.9188464870387975,0.8897521756796033,0.0544217675220636,0.1114841222248776,0.09560857755038266,0.009892193440701814,0.02909813572579424,0.027099858547954887
0019,634,10,0.01404624833226256,3.1954937527527645,0.2861710419603069,0.7755041915496177,0.7468645601908283,0.04380202623578121,0.09084915024884892,0.07905742902108714,0.001643910623741167,0.572983428700965,0.572306903888877
0019,635,10,0.017672304309772926,3.1810336411591664,0.25781519354445176,0.9678707920724496,0.8902034988784331,0.048866580694574176,0.10545559924952005,0.09009652957185091,0.002492108305218576,0.86119099315781,0.860988834451344
0019,636,10,0.022076925407834576,3.2499548672575873,0.32245215955635664,1.2037857792601012,1.1094274899992054,0.07035980263780983,0.14237058372101583,0.12552069471551283,0.010237012795698549,0.12129384208424528,0.11672677761648399
0019,637,10,0.01718649127561564,3.3218665082852494,0.2926511454710017,1.0008070031140106,0.8957126654217622,0.04739373631143702,0.11129205704272965,0.10132431199119034,0.008579019961779639,0.09482838709948575,0.09108225462066573
0019,638,9,0.017186495751536975,3.1324765909926837,0.1503792149935665,0.29600538426078465,0.29365232189613993,0.027307083964103623,0.058309831550070496,0.044861232677325724,0.0016930412596235008,0.2593170954561372,0.2592653591847196
0019,639,9,0.014686403247047076,3.122861259406808,0.11940963551999453,0.2612271967603228,0.2390314010557023,0.02020687690963462,0.04875082105102967,0.044293756981615175,0.002844624842702917,0.07929150906863155,0.0788159289095509
0019,640,9,0.020633261539095265,3.116732440894976,0.14498530019755182,0.4017840156983588,0.3761916359264122,0.02386992937808171,0.054097376757562786,0.042582209269190804,0.004262430972927289,0.14582959188940522,0.14458041960956255
0019,641,10,0.015255293222399621,3.110633122912067,0.12195036859565704,0.37042356104512364,0.3468966526363014,0.01906901706542005,0.05442948860126978,0.04596109009388444,0.006946460773351627,0.2941409559481279,0.29360574890143903
0019,642,10,0.02133383404515451,3.104562186084342,0.18534795564813122,0.5266402887316638,0.5001046336261947,0.028510033973307487,0.06025470530702185,0.05440717952124518,0.0221801285339755,0.3360538996785058,0.3345982790891717
0019,643,10,0.015045327760056827,3.0949765236515407,0.12213715876772022,0.3706437142309215,0.35355530942391283,0.020072920146606943,0.04928368168072613,0.04276129840867258,0.008625494604168487,0.02811172973672232,0.027023922333893193
0019,644,10,0.03413431436904588,3.085436113042202,0.2998502163529658,0.8889504542712514,0.8367993784546983,0.03624786631945527,0.06923227628126832,0.06521224682794706,0.021859978277046138,0.07012125943910355,0.06464702456660573
0019,645,10,0.02625838226435163,3.0759403453465897,0.23072962103247172,0.6972481706583977,0.6489916611809771,0.03153116160273679,0.0560296829967777,0.050231472801157084,0.02965774899854988,0.2884895604894414,0.28351671452034244
0019,646,8,0.03227438475661939,2.294774639118537,0.33231307234035434,0.7345862064333699,0.6467393046437292,0.02768403225624775,0.05978199458499779,0.055399122870688974,0.02728220150979562,0.05928581644715657,0.05481677947222965
0019,647,8,0.024731265537411087,2.3052574696578327,0.2616370190375353,0.5718252967989578,0.527793346911483,0.023495971147786752,0.04463904722339738,0.041462448404791574,0.026610985227285364,0.06275477042059435,0.056173414126591
0019,648,8,0.026214515682200554,2.3198773088181555,0.28871911146788776,0.6291571773375993,0.5953522025001357,0.022824766327316906,0.04803076530998249,0.0450114690811747,0.024634484462494076,0.0627504825527075,0.05591177928787047
0019,649,8,0.030274204065539517,2.3344290088799466,0.3220059331904649,0.7449292437825351,0.6921274771250747,0.021825859860191837,0.05319162269398062,0.04881944206492417,0.00408252610795086,0.21511562075502721,0.2148769991666351
0019,650,8,0.026405652667655512,2.3425311045941624,0.284779788042592,0.6556457804538957,0.5884046381667589,0.01747542708789584,0.04545104788983463,0.04221872800325025,0.0017900418285604807,0.17297963866774982,0.17295488317605487
0019,651,8,0.027303631728702434,2.3505603755280435,0.27765287783479864,0.6684311125743138,0.5697875090703257,0.021813823985356858,0.042657415606781504,0.04026037790629248,0.0014056926814140325,0.11737951874562241,0.11733712636254257
0019,652,8,0.032127809772288046,2.3585172797979093,0.33342169671575783,0.7941475910358285,0.6443707870937443,0.0298990916946141,0.049748452156247056,0.0483693591013019,0.004116746215355611,2.183202740129491,2.183188667441309
0019,653,8,0.057312896846200403,2.3664028371754595,0.5641751501201406,1.4029702938827018,1.1116107961010409,0.05265068768819714,0.07902989419649234,0.07452891997310321,0.03598921042670877,0.16090694093287466,0.15674160129086037
0019,654,8,0.061082027569024706,2.3742181416854136,0.5948869924254421,1.5078646928811552,1.177939433523616,0.05399696320135604,0.08090357466969951,0.07680970636876443,0.03582426513223,0.1857287762847985,0.1815102689376201
0019,655,9,0.08415632763876969,2.3819644613530366,0.7330879702833776,2.443667251101276,2.1101854691972064,0.07598495721187613,0.1612057496136485,0.14455924153469688,0.035135071137078276,0.3898053029256581,0.3830257051909404
0019,656,9,0.033936211615881604,2.389642047218378,0.2986241822025418,0.998818238197173,0.9174324593453967,0.02778177988650674,0.06759942789853193,0.053117100557057664,0.0009211211139002606,0.12010812921955821,0.11990394874855155
0019,657,9,0.05909062093587327,2.3972521350519176,0.5583122809634428,1.749983226152713,1.5806460964396012,0.03021071304807806,0.10934001500703816,0.09889734266384453,0.007629750385409569,0.1863207379079713,0.1847796420343617
0019,658,8,0.04234269601297556,2.4047956110784856,0.45496649342194595,1.052704752242566,0.8077310219151487,0.01860428453845201,0.040877572492317084,0.037190924869917034,0.009729520039519891,0.16433688718631684,0.16431453240355554
0019,659,8,0.0652204641139058,2.4122736777923404,0.7581445117514372,1.6228083073376554,1.239804358994607,0.030369966924327862,0.05708445419690624,0.04635564789130036,0.0137464191216224,0.5329627950572938,0.5323643090499465
0019,660,8,0.039844097796160834,2.422356772297926,0.48679590448466026,0.9923564558510675,0.7590729541452934,0.01805974176119159,0.03392081902972672,0.028266160944392403,0.0018069858498431517,0.05243198902359745,0.052353934688933915
0019,661,7,0.04729122059309236,2.206888308717081,0.48261974949776876,1.3271098443503406,1.0178660700508215,0.02098894153875867,0.04637132136261887,0.03513529108856195,3.466563430661225e-05,1.4155077672002918,1.4154941013884197
0019,662,6,0.024045396456141517,2.222807532397334,0.3829565477071747,0.5654045371320351,0.4182819428543375,0.007807264471139306,0.0151896759776663,0.014153658759318127,4.43198415762279e-05,1.8091684499693947,1.8091465923605239
0019,663,6,0.035974475946629184,2.2386485500241005,0.5757755021877125,0.8408463533260926,0.6066459370097954,0.014645884215805711,0.025141524128305524,0.020701526852523078,2.5649296364536378e-05,0.02253623071828978,0.022533695432926625
0019,664,7,0.030131141024388446,2.257673417274493,0.4177420621313345,0.743996942074092,0.5419966122829218,0.014090512640634848,0.023654157324576736,0.019482099962701692,4.696412156749099e-05,0.6995780442891726,0.6995546734795253
0019,665,8,0.025651357005263224,2.2756088099452314,0.3559155213710964,0.7672616130738771,0.6065403447702328,0.01337295400796432,0.023913863166346597,0.01891456505084636,0.0007111166913381212,0.7174760267830098,0.717431687962144
0019,666,8,0.029447729999577583,2.293456906315044,0.42505787986978805,0.8824003015811258,0.7063586591063024,0.015284052869952994,0.029173895589925464,0.02183480547197012,0.008301361379779708,0.08053248216246066,0.07910454251221032
0019,667,8,0.020622755933604325,2.3112181738334434,0.3106719271032463,0.6142001953631824,0.5016384329243635,0.008934541767951547,0.025814125109596787,0.022903991148578797,0.008650723142469969,0.06621573427326123,0.062084499808584694
0019,668,8,0.03694736247241708,2.328893244580878,0.5640139593885397,1.108426014173657,0.8918990982324759,0.02289927437633966,0.048883380271373025,0.035227232230742485,0.0035742797499156245,1.0507686258806552,1.0505095315990913
0019,669,8,0.03480436703416881,2.346482429659194,0.5474822092024839,1.0352086019224116,0.8365288867105363,0.023656263470602963,0.049073612019201296,0.036533396751674864,0.005595622016552031,0.742091057772044,0.7416949377527603
0019,670,7,0.042649353520332334,2.359126359299321,0.6917019786496542,1.174012244190902,0.7825144354888949,0.028252691084702478,0.05012599004444794,0.034974875436970046,5.055301052462285e-05,0.44152405551704077,0.441515133253695
0019,671,7,0.027697106840385476,2.3716725773948104,0.46599499197015637,0.7847633572141632,0.5096183349606489,0.016651973877505177,0.02722181042439226,0.019631447228903295,2.680925371915633e-05,1.5502395859434601,1.5502211990597103
0019,672,7,0.03147325285070944,2.8553283840855213,0.6356439363213575,0.8042485041344454,0.6488996315430747,0.02451101894168289,0.057603261794261076,0.0491716322243624,1.6152229155794824e-05,0.18916644213779216,0.18915399660742105
0019,673,7,0.0386830065815128,2.852154569215893,0.7814431742286237,0.9754942851283426,0.7805838481481309,0.03249198199155146,0.0773446778864031,0.07178209829720232,4.908158126534791e-05,0.09756700095804002,0.09754892380179724
0019,674,7,0.04345528002790547,2.8490433730959355,0.8949937822006074,1.0829712044869344,0.8730532092049029,0.030950389379661113,0.08100211265199926,0.07637774392218337,8.015264084931082e-05,0.14752213861992666,0.14750555223878242
0019,675,6,0.02844543773120259,2.8479474198112347,0.5489127053558801,0.7942178604999429,0.7558856305611016,0.02171567381442449,0.05474742308309721,0.0409331030773478,4.1035390373562675e-05,0.02013888400406604,0.020121522461861552
0019,676,5,0.02911573162302998,2.846872588145644,0.4431772410793444,0.9756267742102754,0.8995623281982795,0.02146283399896547,0.04499872623397404,0.031093999286334637,4.295422102175885e-05,0.05000001387301419,0.0499829428087287
0019,677,7,0.01665275497247442,2.8335380662485714,0.32567914464025344,0.4920112761531975,0.4625539792294103,0.020162685337974547,0.034609662623708126,0.029280877324374815,6.914188614535923e-05,0.15031051834469114,0.15029310082858846
0019,678,6,0.031097054527230855,2.820570156647894,0.40005620343467396,1.10592946717166,1.0047239398886831,0.02223877153203117,0.05885756410042155,0.05209490581993188,5.196639421415776e-05,0.1852958163591248,0.1852891187127995
0019,679,6,0.03597613818864974,2.8079542321134623,0.45587554114690526,1.3031396634088441,1.1751035156245007,0.024819451112591,0.06824238179368178,0.05991263857675378,8.199904602047335e-05,18.003605025466797,18.003584805253595
0019,682,5,0.030010639914008482,2.7371603493787826,0.42381918534486207,1.1695685218862537,0.9975377416881385,0.02016577988007379,0.023582785238525514,0.011944634864662712,2.843632468181992e-05,0.021009837124477883,0.020998437293844856
0019,683,5,0.04017979275667189,2.368833932154098,0.5213383550745575,1.4212833826575524,1.1296175737292422,0.008654829469417147,0.011816225890213684,0.006300154270762561,2.223082219787984e-05,0.0442605091088067,0.04425090324421916
0019,687,6,0.03144986316069728,3.089345434923343,0.3339827508817636,1.3761473501300394,1.108556446243307,0.015676605847227305,0.025593081417168165,0.012807737480273853,3.125741786982452e-05,0.07058827114337027,0.07057944931215569
0019,688,5,0.026783909865051112,3.21810718623358,0.5959121029726673,1.102815581291461,0.896659597802692,0.013368174437334892,0.020774444134441076,0.014014677935238983,1.5928223156463344e-05,1.2330475778138974,1.2330407086829263
0019,689,6,0.029577026837286594,3.3556177934314704,0.8997494351294567,1.0302904785140985,0.8896834683484834,0.02072983390133413,0.026689102952557196,0.01822878968152475,3.880646470869703e-05,2.529989709774153,2.529980634461125
0019,690,7,0.019782606765149795,3.460961046148787,0.3825385719365455,0.8504784945100436,0.7178216400971336,0.016833980940889372,0.024757357785515112,0.018458918349366762,1.276454800224226e-05,1.8465483889176348,1.8465437257825432
0019,691,7,0.018406479120819552,3.55615480771422,0.3712364018021783,0.7892659395801169,0.6650738292502936,0.015895174491115206,0.03439913654524998,0.029900944077732777,3.533112070647082e-05,1.253891916497759,1.2538710300189595
0019,692,7,0.025571269966461755,3.655352727017023,0.5685097013157675,1.1494356870608662,0.9552924441246812,0.02650895594159336,0.04030514076393024,0.03160106253070507,4.4388271003638403e-05,1.3376547737328024,1.337644187596236
0019,693,5,0.020704852902596185,2.658805918772451,0.5045076624094034,0.6210348773723655,0.4184857590765575,0.004352371988067432,0.020389982566299612,0.020121075614934033,4.270002368357998e-05,0.05806314578963113,0.05805637114343827
0019,694,5,0.022962373755311453,2.6754011266765674,0.5644042007437825,0.6783500119129713,0.45755866278623736,0.005129965924422504,0.024360569421712823,0.02419475453955664,1.4967979619007276e-05,0.02967598202787552,0.029665341353560425
0019,695,6,0.014633339218751283,2.6914391304326277,0.265939466034706,0.5213475080431671,0.3366517725981732,0.010239547351800219,0.015069176914736752,0.010246021453698125,3.489434228408121e-05,193.57476027231823,193.5747553053023
0019,696,5,0.01659702480727066,2.7074211412125417,0.41176838185077314,0.47598005601853677,0.3293676665534241,0.004241531440070189,0.021521582113343655,0.021241457429080717,2.9667663799659993e-05,0.0315768315671654,0.03155940731879828
0019,697,5,0.020215338838082405,2.7233475752268603,0.5044947602562557,0.5698794566040835,0.39591471869523076,0.005875902489308798,0.024913634438554932,0.024418851675050476,4.1534046756212955e-05,0.05610259478812479,0.05609696530127127
0019,698,5,0.029487932425455037,2.7392184759592086,0.7407272300548923,0.8195780150752514,0.5734884387921304,0.009832319873754072,0.035392505802074335,0.03445809257106895,1.2438720321537394e-05,20.989017630563954,20.989012620673027
0019,699,5,0.018411591192165008,3.475935794656315,0.31233521358765,0.7468859817559637,0.4523892605228433,0.005231027687181218,0.01037949335004971,0.009475556133574755,1.316378512531699e-05,0.7313740671219375,0.7313720367276237
0019,700,5,0.018284913933925586,3.4674996112232064,0.32869209402679433,0.7395504844708789,0.43978366151226633,0.003689060579220978,0.010288247299264516,0.00934109489951993,1.4612712203659092e-05,2.1418080355576783,2.1417980531003717
0019,701,7,0.011236433887447566,3.741505240643073,0.24585705134093014,0.4406492181549498,0.3644104284518792,0.009389878325274216,0.039273954443538206,0.03680839985231041,5.057478431436196e-05,0.06278530049323262,0.0627751154085273
0019,702,7,0.02911265366675465,3.737718963345927,0.6456193011648468,1.1392287326519177,0.9545430102310718,0.022768892228230024,0.09496424868139916,0.08748578736415935,2.903750819573877e-05,1.5241780287295372,1.5241704469320116
0019,703,7,0.01974973665081839,3.7337678453756564,0.4389209320260872,0.7638812796314173,0.630642473191247,0.027009996156052755,0.08893090856732137,0.08334319967072275,3.055283328848042e-05,1.1620557485442322,1.1620484057544802
0019,704,7,0.021860173492563403,3.7298202123311204,0.5095360037276436,0.8621136990089645,0.7455738522359379,0.015907087772401095,0.052681004398903594,0.04337195558825874,3.0334808586225734e-05,3.9061714880647442,3.90616050184874
0019,705,8,0.017106511275982516,3.7285943875087133,0.33057118382618866,0.614246762907599,0.5715923812302923,0.023772620611267784,0.05207224560015101,0.035094421805103956,0.01960726041916442,0.083102133595362,0.07812534421517484
0019,706,6,0.02069746344660787,3.3983357516702686,0.308048674503262,0.6984715393237415,0.5827245258667624,0.019938239431729655,0.06043736109691736,0.05879982856945584,2.0810162568101276e-05,0.03856974649782178,0.038554732630892916
0019,707,6,0.03446818371886094,3.3807241796907874,0.5711364212419752,1.2766894201584302,1.0625902843770838,0.03653187679049415,0.09755595683670029,0.09690450202741738,2.9557435737888203e-05,0.2730314790286688,0.2730261535618817
0019,708,6,0.0307967907567497,3.363177055516361,0.3414116136606808,0.7593734812054034,0.6420780094488654,0.04766774331039842,0.11827802372531845,0.11572404271760033,4.4655126765544464e-05,0.03612305868472804,0.03611725757792973
0019,709,8,0.04104836433988913,3.3456929723707636,0.43869332153606855,0.8210879733256254,0.6496876589388706,0.10586323209723243,0.18092807991123586,0.1137722316357828,0.009651532017532221,0.019905696189294296,0.017829224815577152
0019,710,6,0.04504270431514893,3.364251150313673,0.3912880692139873,0.800598806776773,0.6409455958017748,0.10762419458579232,0.21228013872266654,0.2055864348845769,3.7075726935790744e-05,0.09150156886882632,0.09148988501111738
0019,711,7,0.06107226235108716,3.3831778211734633,0.4795046441851477,1.15883695585036,0.9320416919104482,0.19179863382410545,0.3933854660458774,0.2959043887631477,4.803800899509288e-05,0.5149462823041165,0.5149344201550192
0019,712,6,0.08574579758206029,3.1485316049462577,0.3817040487702026,0.6847925157409274,0.5424560382442494,0.246175983837846,0.49937768159902307,0.36460251326566695,1.790282003624896e-05,0.9702847792749595,0.9702726893279283
0019,713,7,0.09659799104414404,3.137105836187055,0.6002344472635974,0.8387070404871717,0.6800483268106051,0.32924688216270526,0.5713602469600488,0.4896570813886111,8.792083616541471e-05,0.27798059358838084,0.277970974986682
0019,714,6,0.12659780779166643,3.1403277732386052,0.5592185750893022,0.8685502494796188,0.6102185401991367,0.35248634566815285,0.82652781555895,0.6154481137471759,3.378335168784391e-05,2.120217827016863,2.120216350039211
0019,715,6,0.1338842535898285,3.1226691121477197,0.6046022523999186,0.9081948575140001,0.623536912703331,0.3525345280388128,0.8935747656544651,0.7032274899501063,3.180471777056632e-05,0.25446951402641765,0.25446603228094966
0019,716,7,0.1515740320911188,3.1292022321328274,0.9061712617686071,1.1436781782639753,0.937128586630289,0.47962296015641087,0.9997495717055697,0.8660087744577408,1.560284378096245e-05,0.2689683573335084,0.26895880043751597
0019,717,7,0.18153575195459704,3.1360095456079518,1.3156064848608073,1.6389856262320146,1.3261899684546379,0.6085991570106138,1.2502203479394733,1.0860022069027728,2.784735189177428e-05,5.3196901118746425,5.319685601055434
0019,718,7,0.1811506615658612,3.142992064530173,1.2820207957289027,1.6026221064472048,1.368775977829095,0.6330657564301432,1.3693323059944562,1.2110412631414094,7.411100971004183e-05,0.7956300626628511,0.7956233387070117
0019,719,7,0.21146597698636194,3.161490603219696,1.4812924865004957,1.87381643189353,1.6342394127809832,0.7792129777363923,1.7732738088880706,1.5998381322507973,5.645507128340264e-05,0.27939994871466145,0.27937858019467604
0019,720,8,0.20524953736693424,3.1838143975661444,1.3883909676556598,2.008216188501956,1.643597020388142,0.6634628329887124,1.762602235761096,1.4294005541578299,0.015604870473834222,0.8543073416547261,0.8518940349054449
0019,721,9,0.21436152984602408,3.5681671728294724,1.5987317919619062,3.4918587991021415,2.7472290468640708,1.7464579576852717,2.1581332691578785,1.851637403410069,0.009145254323765369,0.15338884140945594,0.15321251104071165
0019,722,9,0.24298475202232572,3.6321063362614345,2.1155156415425105,3.8664512151347266,2.9808402186522396,2.1465391319187592,2.6329134543844352,2.256667668178985,0.000795915823065532,0.3209428808913503,0.32086317772091033
0019,723,9,0.22476975450548278,3.6997518773547706,1.9572119626243891,3.5497664966942453,2.8361501325478944,2.0999441626249022,2.5416809713477084,2.1486225065986844,0.0012287637201724084,0.03736589402782247,0.03710182225411529
0019,724,9,0.2454911619211608,3.7714360098623434,2.2189662393448106,3.9552724919447244,3.156698613785358,2.3912335636148887,2.8604485839008005,2.3846851012179684,0.024427927034577548,0.08411040749984529,0.0811090831939331
0019,725,9,0.2237982820503256,3.829747213006509,2.1857361759959817,3.9332947538156797,3.3424335988545284,2.3041713035320366,2.772685506649005,2.321070320789702,0.002756736103791039,0.03348203364337397,0.03325647713053766
0019,726,8,0.2162524088841717,3.4595916604625194,1.9426222300025415,3.0635469673587585,2.252822298408957,0.9515188830750487,2.3574543752612054,1.8344462501353265,0.012255232262836169,0.4907723404437819,0.4904771233110025
0019,727,9,0.22133908894345805,3.4978996027897415,1.5951093522005684,3.5747946176244763,3.089544575843425,0.9803483342438463,2.36919945503637,2.05385016940705,0.006377898904680453,0.30245621983711307,0.30226703642897157
0019,728,9,0.17254336944738258,3.538232532375908,1.5015419170866793,3.4424728115951395,3.086933886286334,0.8245979324489913,2.210381263072363,1.8877045563910801,0.008760120592615512,0.26771118530478705,0.26747310011093656
0019,729,9,0.1481730191201682,3.5527417954820617,1.1751714669755444,2.785292949981908,2.459691321817098,0.7534955683771126,1.821511228189174,1.5184926434622092,0.009453606645145982,0.1876025342935551,0.1874619314031803
0019,730,8,0.13649872599946983,3.610069455496916,1.5459538957335153,2.730598256114685,2.255486983414901,0.6704217073758427,1.6732262610674644,1.4094110731847491,0.0017799440361529622,0.4389851208634341,0.4379681040090496
0019,731,8,0.1053961152533794,3.629602595907656,1.3579657466055859,2.4460982746378743,2.046655449614494,0.6729261185219937,1.4331265526182233,1.2279754443537416,0.00043081582519959494,0.4258505416538941,0.4258188088645597
0019,732,8,0.11253588043201282,3.653339116291327,1.3715857015381,2.4808035047427883,1.9558598489032515,0.734142228814298,1.4203231342646117,1.1689154132474717,0.013817330661891213,0.10481408847163196,0.1046210377026369
0019,733,9,0.10400856153153383,3.6774697165365713,0.9492668162697127,2.18776090856584,1.8289021631524285,0.6213706238947191,1.2743515789329876,1.0868245351541226,0.009749773941060247,0.7012446873937537,0.6983008354705527
0019,734,8,0.10697877146383268,3.702004128231441,1.3033600251926827,2.5792757265413333,2.2203067599921056,0.80442581475165,1.4236172442819468,1.1781098956022,0.025751180184293856,0.0430124908223747,0.0347563791862152
0019,735,8,0.11876248362830537,3.7165684809624344,1.502314230403531,3.103822942756411,2.6866394674511715,0.9494460477719036,1.6139306955337678,1.3662800738461067,0.006674051223332443,0.469216952366578,0.4689983311819534
0019,736,8,0.10905979588489922,3.737260068369865,1.4034557828070686,2.8643500996189735,2.394420764750083,0.8740171422733594,1.4367872859538036,1.2175611032933684,0.011374831647255024,0.4529870613104354,0.4525902046587277
0019,737,8,0.12260331806748212,3.758373805839618,1.72441835513595,3.4928539663322358,2.932075987073676,1.064867567085205,1.6466149118720068,1.3906686125677794,0.013997076406367211,0.4334533896583651,0.4333075518023363
0019,738,8,0.11215499436662187,3.77992309287902,1.583680665404737,3.311723696944401,2.843397947793232,1.0332980124909392,1.5501407471355542,1.3092754600443806,0.009073043129787767,0.2486576239755351,0.24850795899936723
0019,739,8,0.113052632492726,3.801921369009977,1.615887348483749,3.3614993454127364,2.82006974726607,1.0646128273121422,1.6010028395594416,1.3292992529992067,0.007730803036613854,0.21675528700561544,0.21662478945560362
0019,740,8,0.12296700686843372,3.8474406639001253,1.7447314277707817,3.7356714886301527,3.0515655528316477,1.2402118853875075,2.024638096793044,1.727350319783461,0.011337908524202816,0.16534442279503275,0.16497362687253742
0019,741,8,0.11819049876303454,3.8908699760500434,1.936268378417922,3.919064067189536,3.1181921092510647,1.2020903693636324,2.0353730992737002,1.7980998236664838,0.010384926873459942,0.15021969579215458,0.14777922863541484
0019,742,8,0.13097097735160843,3.8872730639988458,2.0569548999421783,4.339686559559392,3.644113324536919,1.3100733991080942,2.425308653644564,2.2269044069078325,0.0015739182240154608,1.055886445079569,1.0558704110934216
0019,743,8,0.15949099365124317,3.8836037211152843,2.5995938570488004,5.52443726569961,4.635894474806355,1.56415637879546,3.244416907027672,3.067102023456073,0.01640756944217734,1.066246913726156,1.0657071151059345
0019,744,7,0.16085670499335245,3.9070508058785256,2.140169150551553,3.5867602344999834,2.6991816427641417,0.9203381211856779,2.3459150338807935,1.9156714302592053,0.00011238801627386799,0.5852882950809757,0.5852815426773639
0019,745,7,0.1927420584360766,3.9263324722365156,2.7131427546568925,4.488933430433114,3.179155614548261,1.1022486392276556,2.8639033921919155,2.3558767188621808,6.38205811377949e-05,0.30671376564280073,0.3066977029882442
0019,746,7,0.18768360338084547,3.9470799391993574,2.387135856095105,4.091582959626744,2.8897688704522713,1.1041820005532643,2.894093095303613,2.421003052883738,6.727213269095804e-05,83.4612922148884,83.4612760200601
0019,747,7,0.20121167444223037,3.968588963259956,2.667936921762117,4.60852326544637,3.260329758372936,1.2058171853544826,3.2143948330618533,2.737971374983565,5.4019155538646205e-05,0.24200138727952555,0.24199326682190556
0019,748,6,0.2360604996117596,4.049209202299776,2.782193285943319,4.312513841057174,3.9071326046578996,0.8076081749220805,4.508780906659049,4.446803097579241,5.47045695862311e-05,20.226681871752138,20.226671669350242
0019,749,6,0.22630180971106975,4.135435402394141,2.66937732141147,4.214161726637208,3.8213341191455408,0.9175043526805513,4.71525498707862,4.593149326412715,2.3874090807707188e-05,4.2736318921144285,4.273613772432206
0019,750,6,0.26348269461486723,4.217413732372904,3.2326320812140987,5.331408228158967,4.912506929859188,1.2902756966024231,6.105192115998931,5.9853814124692,2.7140557444690544e-05,0.5982697315413292,0.5982591720320277
0019,751,5,0.24875795845258433,3.043856462686183,1.5526591332148012,2.4943150369098026,2.1326537525959903,0.16552270649450268,0.4402510989602295,0.41302207735866925,3.489331975717939e-05,7.9166992459358,7.91669234295665
0019,752,5,0.25312362961698814,3.0635746572937905,1.5400957224162313,2.500857240085138,2.179748077028355,0.11185963487400666,0.385781855880584,0.36371915316960624,1.688179650226761e-05,0.13468096616570321,0.13467773873337238
0020,1,11,0.37823667662575355,5.372219850639106,1.6141188952993142,3.82027410950623,3.531636953835444,1.3587952958370717,3.313640640278939,2.8211787105865374,0.0028013296963448242,0.08939729082915218,0.08924723829483573
0020,2,10,0.34132611346323255,5.4503688598928415,1.3161733770220487,3.4778870719983894,3.0018849176485167,1.1151908241499764,2.9756319406165934,2.7134921768123865,0.0026411081842455005,0.05348710443175067,0.052949620931261654
0020,3,9,0.3386523186559687,4.534396115121965,0.7631861453115316,1.3858364835235684,0.9820594376279528,0.6168807340459833,1.3290390587426013,1.1071678162360037,0.0019118461121847717,0.0690263583225688,0.06896408155269049
0020,4,9,0.3700465559168155,4.5392562419640505,0.8528230442720532,1.5719719170634736,1.1269015621858096,0.701407015580702,1.483507011019381,1.2282623893869444,0.0005771492596891659,0.28043499283076917,0.28035479685867304
0020,5,9,0.3338225464802724,4.544149348311574,0.7673499665638597,1.4600207724688197,1.0675053948074829,0.637944546446048,1.349820752731261,1.112012986717496,0.00013936509245873437,0.21517868214311683,0.21517630983612673
0020,6,9,0.3309980374236148,4.549075939206861,0.7925828925919711,1.5406522296768987,1.1344093181269006,0.6576271219251759,1.3770238514665176,1.1344237377103548,0.00035232700910564803,1.2612716286399799,1.261259416016678
0020,7,10,0.3601053117622295,4.537266660899888,0.815360235909083,1.6892792495325804,1.3409642474511536,0.7403517736532492,1.631545409222589,1.536935314564371,0.002591338589213639,0.06195533847422649,0.06185167384376766
0020,8,10,0.324650714021706,4.5254638465483445,0.7433303655962971,1.544583240540649,1.23539023179923,0.6760790008173677,1.4814232797971938,1.3917203130437672,0.006083031951416673,0.04742020632806852,0.04568686582264413
0020,9,10,0.35317919182516605,4.516925855933276,0.8187545176461043,1.6951604538768739,1.358468637966875,0.7557850502824599,1.640715694664291,1.5374738583461802,0.003475424833790691,0.2754018910831925,0.2740461825594537
0020,10,10,0.3176198617823168,4.508392559325185,0.7422912176752763,1.5737746120309588,1.2823897253346628,0.6891979663103134,1.480997479241595,1.385857989807216,0.0036530586049207414,0.26242187390825633,0.26092960368539647
0020,11,10,0.3146792790745248,4.499863869356031,0.7548738782701271,1.6167672613274997,1.3189362823676394,0.689056347803914,1.4858933832166454,1.3871007977768885,0.005257098211749307,0.16586800039153787,0.16522023002659433
0020,12,10,0.3427689349365428,4.478136964319599,0.8233070870956373,1.776868260622908,1.462532986770511,0.7561500037905748,1.6252227121280756,1.5129959145914451,0.002347578845754052,0.24885435164269143,0.2484509157072453
0020,13,10,0.3076567875617774,4.466350274330871,0.7478874368964048,1.6127832694018198,1.337687420830062,0.6812663769581039,1.4563211605968593,1.3520933015691277,0.009724535396250091,0.19791813579708017,0.19467609923489596
0020,14,10,0.30410996292367637,4.482344114242627,0.7584857735752872,1.6338831210666784,1.3608415601974322,0.6788437650627163,1.4415435017370184,1.3356598349261093,0.011145068076674269,0.2022220593956421,0.19866028446355222
0020,15,10,0.3313419487406476,4.498235843744392,0.8244423343034433,1.7670092924908385,1.4792448865937096,0.7446315453327961,1.568310178827526,1.4489068738843611,0.005070766513284233,0.21270094483987928,0.21039171414719363
0020,16,10,0.29789051660318966,4.532667825029895,0.7502219574970017,1.5875736224764114,1.3425446827388663,0.6735580928191994,1.3909838106401822,1.2819318035965124,0.0008627842387698655,0.42060406076813794,0.4205733843268609
0020,17,10,0.2945655200487474,4.601210196871961,0.7569923916505775,1.5852312094856622,1.3477028230055883,0.6706975782022225,1.3634957816195517,1.2553929365610694,0.0046394325616548986,0.205521955312819,0.20327291502385392
0020,18,10,0.32115208312333804,4.670583199627417,0.8386485635294859,1.7682000992237117,1.5079337534024915,0.7387533397288282,1.4770359084565226,1.3567539200985326,0.007372833272740918,0.40290606475345886,0.40210610251300904
0020,19,10,0.2886481947714115,4.740802253291635,0.7497620423294233,1.603491790325298,1.381776740270706,0.6696256686342399,1.2965202287955406,1.186321743427362,0.0024750914696282174,0.24639193521698513,0.24613975427648138
0020,20,10,0.31453306609644105,4.811882297248647,0.8201186910807222,1.7296162750717243,1.5037051076562944,0.7494753009332915,1.3980199390884562,1.274544947761962,0.0026062823558939234,0.2411821735496083,0.24069382342689447
0020,21,10,0.2823932294944316,4.8838394978499755,0.7392867970703576,1.529829427665235,1.331297967106939,0.6825858818289673,1.224572077067538,1.1075504830451042,0.0019902596976351453,0.1726600814773764,0.1721496693748058
0020,22,10,0.27948175523609703,4.954177569879017,0.7442010577042969,1.5327887934646383,1.3340023546164879,0.6953175029900696,1.1789025462750555,1.0604693634410747,0.0045468773271475785,0.0783191758424371,0.07773152565348175
0020,23,10,0.303194638737684,5.025322041741325,0.809668617356935,1.6730223350541378,1.4472446400576184,0.7747664572744135,1.2556836086889964,1.122722723850959,0.0018041394780921836,0.06878161055487268,0.06867273526387306
0020,24,10,0.27314948892075513,5.097286244854145,0.7145445190059156,1.4820012447261803,1.2878530616655512,0.7072644279899141,1.0990817330554223,0.9755154724312327,0.0021364616570040437,0.14435516087310152,0.14422212295109396
0020,25,10,0.27048164139582664,5.170085493909158,0.7079186732268459,1.443539378508438,1.26358369136169,0.7087109231070372,1.0510799741920154,0.9241998136899316,0.0020554877934731595,0.18011571425304337,0.18001630430459759
0020,26,11,0.2936043824892928,5.243733783315526,0.7606381187800357,1.838322935836227,1.6271948177658453,0.7679067392008643,1.3611153423581883,1.1909250570627077,0.002389638928150189,0.08850077769468706,0.08817760042432427
0020,27,11,0.2640737066685917,5.299681126761553,0.7012684240986226,1.6251840364791363,1.4415134972010377,0.69590991277994,1.2365075731531585,1.0419582843720716,0.0016661764133749726,0.11489669565440237,0.11480748155918807
0020,28,11,0.26147805842145605,5.355892503227288,0.7015387778062669,1.6045944174023492,1.4373068492305143,0.6928594027270877,1.2338963630144413,0.9888330623138035,0.002655125896860288,0.11761233374819598,0.11752252091083712
0020,29,11,0.2853369196525535,5.4123698750765445,0.7643552375356968,1.8260742905502882,1.6486502417546254,0.7670672874616541,1.3659112257462722,1.0460510465150572,0.003033397997263455,0.08379872633128783,0.0837638473334709
0020,30,10,0.2555688003752604,4.649560762480072,0.7230585135524024,1.6162325499026193,1.4261131640461653,0.6457688569477409,1.1128466597903905,0.8870369797125378,0.006019705308493065,0.050297944823948344,0.048704372691502365
0020,31,10,0.27853767054784484,4.657482767666683,0.7920001267187395,1.8023212566711486,1.6109907411243598,0.7011452539873706,1.2320856136654403,0.9858899681571736,0.007991883753712098,0.19235240198300332,0.19185594217102814
0020,32,10,0.25100290551717747,4.665957887987668,0.7120511127407688,1.6399230918861096,1.4679340379870185,0.612215767459324,1.1209848557725515,0.8990274439653387,0.0010044395635194644,0.1802305504513108,0.18015305586038485
0020,33,11,0.2494575614066287,5.658715342265676,0.7613138541708082,1.7051827403182904,1.5804576625649818,0.7208413371219085,1.2601599225617313,0.9209198747506819,0.0033054923498880362,0.05040770581328899,0.04965568295319029
0020,34,10,0.2759297753787948,4.767244468030807,0.8252174646809917,1.9022558403694636,1.717366050692682,0.7103758677028253,1.273486962973466,1.0325338887204083,0.0025315381852528537,0.11094006300922091,0.11068291908513316
0020,35,10,0.25446225012140244,4.830401063891712,0.7769574631228651,1.7837517908923433,1.6345517574164012,0.6437322704456966,1.1873723404038046,0.9670765895703669,0.0017775544660250558,0.23649108762309878,0.23633860807883164
0020,36,10,0.25880425274542596,4.893878386892944,0.8158611489535913,1.8579451668855256,1.7169344905380126,0.6392668055799948,1.2257107833073049,1.003468386975444,0.004618273154779011,0.3847610291298732,0.3839519246127077
0020,37,11,0.29080408771854505,5.941290766667297,0.9590229847865049,2.1653850709757063,2.052437776812062,0.8661244105895533,1.5670701016471678,1.1760872573714931,0.001166932513790045,0.36772598246603755,0.36761030016363894
0020,38,11,0.2699336193466857,6.0233964642321185,0.9597878815810336,2.0570107586927002,1.9631251716969573,0.8575755688445752,1.4839298054106047,1.1851156084283778,0.0020701474117923776,0.2924906517401,0.2920652601130923
0020,39,11,0.2767266991780699,6.106303038219994,1.0266189879446692,2.1510302653683775,2.0601696844200292,0.8990304312028998,1.5462295803249624,1.2792624830174761,0.0020405589367328033,0.3580165153056033,0.3579084936428835
0020,40,10,0.3126172235140518,5.198370597298444,1.1870306616239177,2.4484590714518006,2.2791799025767565,0.9349967212356687,1.5885971362691795,1.351668283428891,0.0009112885354081099,0.33581084211095763,0.3357838327614696
0020,41,10,0.29320376998644077,5.276369640309438,1.1561635946251112,2.339785279892317,2.1795048019629064,0.9212605435165768,1.5112605866151319,1.277774948955242,0.0005581552771506091,0.3472473046662846,0.3471980093585791
0020,42,10,0.3330790816195131,5.375927781897902,1.3231405484374952,2.7334996626095096,2.5391672721800695,1.1032840242693482,1.7718006040365333,1.5047726517042013,0.0004976554484315396,0.376986186862691,0.37697889608221596
0020,43,9,0.313812326355943,4.8790520492897365,1.2389025211597253,2.542603174933296,2.1853172601100614,1.0833661610815222,1.6377918798656623,1.4337884578627413,0.0002534451984297005,0.4529060049870687,0.4528938763562701
0020,44,10,0.3245205390424195,5.64072611775438,1.460309899558483,2.8490837767042207,2.649637727159635,1.2361745195677005,1.8685516505549447,1.5897782856791118,0.00024901524302258567,0.3414480405524159,0.34140112226283564
0020,45,10,0.37046759048966754,5.8289030012834875,1.7420132374162323,3.3725819658489424,3.136893525658784,1.45842359398893,2.1786471229886115,1.8724422240737888,0.00325570712400136,0.6975393283361035,0.6972070929151054
0020,46,10,0.3499891428208203,6.886374318954062,0.9830300437078495,2.9775472395367455,2.8223529640836524,1.0475545127323875,1.4651826571185478,1.147505205381281,0.002100441659064381,0.1286232005487083,0.12802047407172237
0020,47,9,0.36253368954141824,5.986667794859779,1.0492881088925106,3.1692018829107105,2.97822859112539,1.0571640675111675,1.470524868859221,1.3017522074056407,0.0007624889492211579,0.22288036563372687,0.22274301416056239
0020,48,9,0.4145417320304339,6.152111136663529,1.2544166820259386,3.8098575205277667,3.602436494158577,1.2868823549884205,1.7302414935207326,1.5510617770333903,0.0013556382320988505,0.3050127870851623,0.30490316381009297
0020,49,10,0.3894064728076428,6.3240338401762575,1.0059435428528556,4.61920064917752,4.291349080958288,1.1123514970217547,1.92285590954258,1.6433050704958334,0.0015105500980593716,0.7275491435555563,0.727276171252866
0020,50,10,0.4030189689828297,6.502822693222181,1.0778692101063805,4.958806013440509,4.617613724426989,1.1900384643107447,2.0443722750915643,1.7403151709199383,0.0024647253836291355,0.31918567089322264,0.3187692655654895
0020,51,10,0.4583044973406231,6.688899030766865,1.2756241471460537,5.882252466142408,5.483279396248502,1.3948971211615406,2.396884850897387,2.0191270953353806,0.004970787542069203,0.4317201970879112,0.4312177575473639
0020,52,10,0.43032800205206423,6.944983206182683,1.2937134251285516,5.85601569470971,5.46678547434835,1.3656783897951739,2.321032181258324,1.9267662007992552,0.0020918698156103237,0.5179550358110195,0.5177138788560336
0020,53,10,0.48799379582094,7.216926987266692,1.6802287248779009,7.114093742069723,6.658729841408256,1.6901730870475424,2.765636100261865,2.277946696076144,0.005022825536610012,0.47298659672273924,0.47283359731352265
0020,54,10,0.4577603958996645,7.506252249977792,1.7484850102472835,7.005975086859115,6.566927642845574,1.6845106979358149,2.678785295251098,2.174258573448366,0.007878077990549459,0.33597237592202395,0.3355212579892399
0020,55,10,0.47169526167721937,7.814679764425794,1.9687104664221007,7.548874164176405,7.071159252900422,1.865390457793167,2.8614986182491906,2.282908557027204,0.010826827398168077,0.30978433731252536,0.30918776310011786
0020,56,9,0.5329548519028267,8.144165646333505,3.006685452841812,7.204999478824601,6.962076180792576,2.2608747511171003,3.038920578499848,2.7480372289128407,0.00015255626711422175,0.30440013931812826,0.30437675554078747
0020,57,9,0.49857560246471927,8.575938677678328,3.131827948277071,7.188357627516118,6.95309471361458,2.1426454955101883,3.052803358813061,2.7350060298924457,0.0006939852317748832,0.39044925459451857,0.3904134101960488
0020,58,9,0.5105592311170418,9.049539737905622,3.5385769599668504,7.901521374950586,7.641133124063691,2.3069575109321727,3.506076319643486,3.1154760645215536,0.0006906209981379064,0.3266828859107956,0.3266594778624641
0020,59,9,0.5772784791259579,9.571356051323672,4.459021106179227,9.645267227643597,9.2873070635025,2.8176169919735683,4.492784167885507,3.9212855475510637,0.0010909533120520738,0.3145028728656985,0.3144787760091933
0020,60,9,0.5380705017612228,10.149145562392917,4.552006034114904,9.514100593422999,9.09710273397791,2.758604286935054,4.586712055616223,3.917249215691281,0.0010014357439804107,0.1768081411757134,0.17676886587240612
0020,61,9,0.5506541149405191,10.792422976499632,5.2054313158092445,10.472223518589104,9.921553576014206,2.99044388101498,5.289321649617887,4.375624990871622,0.0001409771453791041,0.1419993897015436,0.1419888387600646
0020,62,8,0.6186475497311975,4.2510653805347145,1.0348465527018522,1.9425367434843868,1.7167009942030764,0.9905083481913077,1.7026794297960193,1.4016679247707262,0.014045565987225755,0.146376307689302,0.14417271622651484
0020,63,9,0.5757606147805565,4.285649272388035,1.0723224326124607,2.6538744705339563,2.3232579429182816,0.963026042439105,2.288748205286478,1.8059603610585506,0.013733890314689209,0.8199345429714291,0.8142942220840009
0020,64,9,0.6419456467697736,4.384035107198954,1.263216626653861,3.1321617997306026,2.7661274613485483,1.057909192920757,2.683375805111528,2.1213542584997684,0.0012916390671084165,0.287685199535718,0.2876396349591008
0020,65,9,0.5858827060296514,4.523318516965669,1.2167132802330687,2.9947166045037723,2.662969598856896,0.9595572250740901,2.550345351231509,2.051024698459672,0.0008927799986117675,0.15997648771098175,0.15996673051248025
0020,66,9,0.5845356535102457,4.669880927597389,1.2889553884607625,3.129251614509938,2.799273653356671,1.0094308293306111,2.664442493689927,2.1529401219566937,0.0027588031409503462,0.2483884941075889,0.24769434655578185
0020,67,9,0.6409803945662451,4.825429379595258,1.5027502764249554,3.6372719946687964,3.27552751130082,1.192799235733347,3.0933708453931565,2.519433648014182,0.004712864155627511,0.34744502948203604,0.34646209391879457
0020,68,9,0.5797537249639729,4.9894326658863015,1.4320714832965955,3.465879531193776,3.1440803384778704,1.1540071331770467,2.9381397783221708,2.434855307659531,0.009865812091458627,0.3448574795068481,0.3435867610162603
0020,69,9,0.5779828819615608,5.1627842088562845,1.5318677899147295,3.636539629861489,3.325391580075034,1.2407670011912664,3.064547358912178,2.53975213210869,0.0055079070672462045,0.40757394141263514,0.4067751370269805
0020,70,9,0.6339170452099485,5.348169534128755,1.8143800807373316,4.254306960005785,3.912046649908762,1.4858005739877442,3.5333910604893553,2.9668685721224985,0.0008901706098332216,0.5361119179344652,0.5359151171896896
0020,71,9,0.574506993090787,5.544820098955651,1.6914799615896234,4.070478164658885,3.7778966800736273,1.4655625454859447,3.336123063762536,2.8583201497247934,0.0013865612555705345,0.5390745888012688,0.5387320512735622
0020,72,9,0.5730247037235944,5.753788283141224,1.7397823758900255,4.272886228728821,3.9886128437585655,1.580049977655672,3.470127270097023,2.989679115455562,0.00916162420421311,0.4364322071227332,0.43493659513970384
0020,73,10,0.6274491559890841,5.976276312808128,1.8388486609542651,4.781982490367476,4.347471324285959,1.4529518131722714,3.8687251034189156,3.3343257360791587,0.01042114348300215,0.5431029757405412,0.5405667051302954
0020,74,10,0.567642534197278,6.213640113430419,1.7734711954726974,4.60132959714637,4.217403866034834,1.3872631308327417,3.6639850283657394,3.1706764459439283,0.008500339969463993,0.4289957034086482,0.4271333013958786
0020,75,10,0.6212420192660706,6.47083989110263,2.062645181289168,5.372751452641447,4.951152443113274,1.6497300366797285,4.232576440365883,3.653738869972427,0.0172240352526691,0.4739795606943945,0.47116997228324137
0020,76,10,0.562295451186784,6.746770299079154,1.9872002403086224,5.110160768826453,4.723307305646661,1.5892526683347032,3.9849561441323207,3.4530412638507975,0.014580613736027283,0.42918608464472835,0.4267964143807954
0020,77,10,0.5586116936617379,7.043569817609671,2.1623594552980467,5.415056650227663,5.02384247308506,1.7150654094951767,4.167523377456965,3.6525583441080878,0.016892492692272297,0.42727651286855856,0.42700727927763776
0020,78,10,0.6108251572867952,7.3636815428447155,2.5647318835018855,6.372873990921942,5.9272836937009155,2.041023224088527,4.836424288212084,4.284523117126784,0.02389052951752066,0.5305594487551143,0.5209132372489136
0020,79,9,0.5522761214029369,5.247635587548178,2.6374927421306253,5.975640329979322,5.35415634122549,1.8393263174892465,4.1035063916049745,3.6477957031950186,0.001790774443775968,1.2597457183091478,1.2597138123006317
0020,80,9,0.5491687857784862,5.430356944093013,2.648904627218585,6.340344081646988,5.693725373381341,1.921708607416035,4.288861662210734,3.8039178892949828,0.001931254260670592,1.5641841663982872,1.5640764339664117
0020,81,10,0.5993387797715115,8.467780918816784,2.983986523617438,7.651934282370959,7.144518598253764,2.358051585212282,5.55999812146682,4.997552860312215,0.02026312910685282,0.4434294430868782,0.44295555982931345
0020,82,9,0.5425742185877094,8.897480861656478,2.098358764281329,7.195822462547698,6.760280003105218,2.3263307855416704,3.133758819060329,2.8432613346478592,0.016422873944862918,0.2706455520661547,0.2700825812742798
0020,83,9,0.5936121094564158,9.367375872025171,2.4485895655469454,8.54420602793193,8.058069530979955,2.954605426192302,3.576629310842114,3.213869843579411,0.004652680775615749,0.3115785005413954,0.31085405745014977
0020,84,9,0.5365838712115178,9.883385080084054,2.4667382698178564,8.336615116546007,7.8842135363428545,3.0428821855557318,3.3308770157052434,2.924128449084869,0.00770511797578542,0.2092097604905966,0.20770133584003928
0020,85,10,0.5341973444370812,10.4774316641262,2.712348089504447,9.556126702755767,8.843279522122318,2.8092550501786837,3.4891238236429993,3.247660711484325,0.010073234063505018,0.23216257826241707,0.23188825795593151
0020,86,9,0.5864421890853213,6.995412205797454,3.8507897913047677,11.393904435095994,10.15973608690565,3.1851066146057145,4.216648492072374,3.597118329314881,0.0012539607690074672,1.9016768259332728,1.9016653038851425
0020,87,10,0.5311698195403367,11.852365233543011,3.587580558660369,11.164845997733343,10.184568189630502,3.0558825318565903,4.485159466709141,4.316651360105912,0.01482741885336038,0.12022978152044836,0.11737300694293357
0020,88,9,0.529484056847781,7.757132128360528,4.394579070504677,12.015479363211629,10.475739766850303,2.903573408036071,4.963183408461584,4.17656898938648,0.012386353689950058,0.0932273431906195,0.09221402867871674
0020,89,9,0.5801718590200223,5.9145910190771716,1.0819730445633133,3.345789304228156,2.95209282457438,1.1985876883391244,2.009409416042022,1.5522205141945271,0.009188034958435606,0.07136317832425519,0.07090278025733453
0020,90,8,0.5258004916941857,3.676396633293782,0.9907660700975076,3.2099428473096108,2.876229271391851,1.0469201073050776,1.5001148660883696,1.2929331329053655,0.0010549334534729802,0.8610698202057947,0.8607988825213041
0020,91,10,0.5241436663202362,6.360768245053647,1.090466117819175,2.9994589056307457,2.6773138128661564,1.147302689872145,1.8915047606973485,1.4241164876397052,0.008058514433587273,0.4612694376949832,0.4599385344863893
0020,92,9,0.5742887728222341,3.8781157035330214,1.2942049406781904,3.5778775803067866,3.143856467826168,1.0103076851974842,2.0056497024967137,1.7637035735245599,0.0009249396084436937,0.42305959298401014,0.4229703307771909
0020,93,9,0.5206318499591993,3.982985012925988,1.20840871036696,3.459429889779865,3.0687232957217887,0.9780881042682809,1.8724183297647152,1.6452570955174244,0.0006589192715417214,0.4474776726422107,0.44745995468608546
0020,94,9,0.569857256095947,4.08978780401171,1.4188339032834132,4.118886124062549,3.6886655402012694,1.106278359378251,2.1438950222761632,1.867789735182787,0.0004315542423670279,0.5949093288805907,0.594875973107129
0020,95,9,0.5156422767149025,4.20376548751762,1.338683271624349,4.003160368729884,3.612162016873916,1.02680825161407,2.011497568343232,1.733154867485308,0.000909957253966212,0.6000269197866728,0.5999611502082889
0020,96,9,0.5136703309340683,4.325665590099624,1.382289159199301,4.282414992206076,3.8925566990993583,1.0996165692063125,2.0778122287544436,1.7609022900255566,0.009623105378843567,0.3456932092990211,0.3451480070864166
0020,97,9,0.5629018334451356,4.455233477213496,1.7282068837271465,5.138292945835723,4.703043195303741,1.308265312655546,2.3735899602037467,1.9700186362130918,0.0017045018840117635,1.1594545626483934,1.15939883207762
0020,98,9,0.5085702608735897,4.637440227248805,1.7178034043250912,4.94177644582924,4.529479928636674,1.292058839038516,2.2162190556992427,1.8057288524789263,0.001117520798691876,0.13761735744025938,0.1376020628393231
0020,99,9,0.5074164553112152,4.866204783265416,1.9336520185111294,5.376743464172739,4.952157526989125,1.4211646637306958,2.3065787050342323,1.843968181131161,0.0016251368421938953,0.3333054185810189,0.3332927347551492
0020,100,8,0.5549231788221708,5.113289111046608,2.1024356553832915,7.001506993792204,6.521239890036527,1.5717171533674075,2.3235436916329304,2.078655648080188,0.000249670363021448,0.34607770999465853,0.3460347135339404
0020,101,8,0.5019194260364649,5.380986924788742,2.098995242810859,6.7589845176446035,6.286103645074176,1.4466451187895282,2.1909155396022086,1.9885908032341868,0.00033089382107338763,0.3497554108974939,0.3497169587020085
0020,102,8,0.5490544528036275,5.6680056710498254,2.5545923676992452,8.06602659552698,7.494850932432769,1.574764488081456,2.5217086180818113,2.3182314133725406,0.0004389995007063464,0.41770541247937387,0.41769332224444833
0020,103,8,0.4966750658067634,5.980515231868778,2.499277661112986,7.719802071514194,7.141952086543061,1.3941021121337713,2.362570328471997,2.193545915745189,0.0016767302613429254,0.5571528553181666,0.5567993142430286
0020,104,8,0.4937180166350719,6.322069917786332,2.7081664563944488,8.166275121729864,7.505647784640667,1.3789081519683657,2.4588622162069345,2.3007104718741314,0.010383286169355542,0.07921744884883249,0.07541360557456397
0020,105,8,0.5394948586556904,6.696917507264925,3.2973034352603547,9.70728572001889,8.837025898824455,1.5214989958293579,2.852734308764064,2.627912265083283,0.016104062663720293,0.0926220656336547,0.08838930695157347
0020,106,8,0.4876404987934582,7.103692841089899,3.2454659301070894,9.412228336794172,8.500506151286448,1.3390471405676443,2.6730875188711294,2.4403712212654423,0.019382787409748768,0.05400602707154934,0.04558474164306812
0020,107,8,0.4858746226274425,7.535497569896468,3.5203301792757506,9.996526130190777,8.92229662406248,1.3263984904058082,2.7888216626631785,2.5229441942635193,0.012391009413941726,1.2653479775230925,1.2637518073964111
0020,108,8,0.531102551146995,8.012413190293792,4.244509752843328,11.780797449768322,10.365486494836883,1.5327807436376966,3.2462101138741044,2.904433272718181,0.01727466891876791,0.2951317198054008,0.2946918937915746
0020,109,7,0.4800061725983376,2.6881042516332565,0.48491832376078287,0.7892101415726203,0.650466981533226,0.27236568312091397,0.7418891350000115,0.6096680941931671,2.453590682506181e-05,0.8620296472211544,0.8620191805418111
0020,110,7,0.47666722691955454,2.7524308768453216,0.5007679815597063,0.8273910817913629,0.6974841723274358,0.3006308469877334,0.7569528635674608,0.6531497751853337,2.80280978920401e-05,3.0214546375873623,3.0214481768637893
0020,111,7,0.5214407503421562,2.8156781375921898,0.5570132114672351,0.9295231520726298,0.7950999985074072,0.3515973359526361,0.8449375408388989,0.7499532297872855,3.304716821735037e-05,0.13784397624224076,0.1378389681782372
0020,112,7,0.47233876728309365,2.880548101031734,0.5080326084106781,0.8583301859921789,0.7420748753544455,0.33841175198469503,0.7753973925946316,0.7037873851108442,5.006381550098388e-05,0.2292086680161536,0.22920503022390545
0020,113,7,0.5163648425263939,2.9471039713912623,0.5599276055769905,0.9768822027089225,0.8500204562805527,0.3972498544917098,0.8675827602766067,0.7978978352134631,4.421097239392514e-05,1.246131250431652,1.2461122496367905
0020,114,7,0.46614108871765814,3.015412336556348,0.5007714176170723,0.9137549389916911,0.8062155292022537,0.39142260614395064,0.7995666002596822,0.7331827201983698,2.4062445692960858e-05,0.6682626137603394,0.6682552102151917
0020,115,7,0.46393604735285054,3.0855434544747227,0.5192734766010818,0.9393383139472965,0.8351299596085155,0.41387206026582524,0.8090605864588882,0.7299807079575943,3.187696764707538e-05,0.9913974056160253,0.9913866213932998
0020,116,7,0.5072321575495274,3.1557404131063165,0.5906722912325625,1.047728668696962,0.9356602360165733,0.4738270416541796,0.9001067280923926,0.8087270547494816,4.210855000165977e-05,0.40127245334957495,0.40126317441996157
0020,117,7,0.45805658115202025,3.227777026159417,0.5497968297685956,0.97530370865292,0.8787499212574779,0.46141263724816817,0.8276932325400179,0.7636499725869061,3.798164316788074e-05,1.327585081054417,1.3275782457638414
0020,118,7,0.4549634699152839,3.3017267636299157,0.5520643150275404,1.0071774725207925,0.9154732829764411,0.49684334395999846,0.841668237456759,0.783127281847164,3.10517337392618e-05,1.5067736145201651,1.5067709932741047
0020,119,7,0.4963310455415048,3.3776664119574176,0.5997488996912886,1.1192246377925452,1.0262138796816809,0.5695331960422,0.934658415586973,0.8583227300152056,3.2856818561602925e-05,0.8184347004488868,0.8184274081287046
0020,120,7,0.4475074415245768,3.455677708750363,0.5522844990223235,1.0276235867148353,0.9453913037199746,0.5329803133743146,0.8524426743949066,0.7657010454362239,4.1059257076754206e-05,0.10398637198037772,0.10397696886937617
0020,121,7,0.4441251310362879,3.536437529041919,0.5668356847448075,1.0532293146640375,0.9736764967185585,0.5601505120525052,0.8585317410597835,0.759215960601494,4.820766558254169e-05,0.8344510616997687,0.8344434229295942
0020,122,7,0.48481341077988815,3.6222044639641973,0.6361014081054507,1.1940571437459033,1.108026660505961,0.6570755414760553,0.9548848453405963,0.853599268396076,3.560884030620301e-05,1.0516695174333295,1.051663864188479
0020,123,7,0.43570858303765764,3.710441647090416,0.5769524919091731,1.0966243722472997,1.0223285802962578,0.6152405393046982,0.8796196529621934,0.7948518420842761,3.3163219172720006e-05,1.107872801384268,1.10786335063729
0020,124,7,0.474840467256941,3.8012573594238397,0.6318642771794806,1.2399653084123408,1.1617205117901512,0.7079741145561143,1.0059823138545623,0.9183791382772251,3.5655023434413315e-05,0.2703946909508151,0.27038173539893096
0020,125,7,0.42557525120550926,3.8947663684860108,0.584094534766764,1.150209075660566,1.079202384491697,0.6644997049890564,0.9415282893136897,0.866639129505068,2.1113492853427906e-05,1.2657562867161913,1.2657553824942922
0020,126,7,0.4211278291107424,3.988165720130762,0.6006379980293353,1.1835381554142659,1.1115483074706283,0.6889959883662461,0.9746391924651909,0.9032670011446541,2.7354399832413034e-05,0.18729741788202675,0.1872892586970556
0020,127,7,0.45926380606450673,4.084276741932072,0.6807748436407458,1.3492639141703324,1.2685308996753657,0.7859317938503932,1.119531352366974,1.0473258692968521,1.771209452315582e-05,2.6517415218699587,2.651738095408694
0020,128,8,0.41356985625822534,4.183218712967369,0.8454839788188049,1.1065392738004174,0.8944579994286318,0.5289773944150173,0.9847261988159859,0.8745057096065585,0.00048050980303087184,0.1557421549152284,0.1556961410280297
0020,129,8,0.4092202931373436,4.28511922385939,0.8511172606689676,1.1297771255681193,0.9092304226812578,0.5579679139035059,1.0138321083511597,0.9058900459983811,0.000250801680694996,0.13890846367069792,0.1388793535429864
0020,130,8,0.4452296598815699,4.39011224812776,0.9481057833423563,1.2792555458031334,1.0250937016138042,0.6499096069181998,1.1555698933657386,1.0380577427390005,0.00011518648778941458,0.1299881750298128,0.1299805207400173
0020,131,8,0.4009949268210714,4.48872877727138,0.887756715241671,1.1903854855743299,0.944924938938845,0.6239321952997728,1.0803473793028455,0.9731315365306482,0.00011031029485510492,0.10099915286250105,0.10098022345523942
0020,132,8,0.4370327103496887,4.5891066030226195,0.9906613533029491,1.3367377813652819,1.0535885037944897,0.7202372295928043,1.2211978640235694,1.1032519821116038,0.0005661904745748348,0.09419489541326795,0.09409952400428569
0020,133,8,0.3935415156586811,4.692214804315752,0.9005087315346274,1.2284319627882416,0.9617729482254909,0.6795642849618104,1.1299591740461663,1.0222758567119865,0.00048340526553886163,0.3340547763174846,0.33386100638437916
0020,134,8,0.38886811418103834,4.798165822439581,0.8994450148223719,1.246811100342604,0.971248865079266,0.7185134577216827,1.1593716450534004,1.046615468011752,0.00028306869946931204,0.23078643806042143,0.23076943167263278
0020,135,8,0.4247914255638198,4.907079663008218,0.9996736130358184,1.401861198912273,1.0854198758666287,0.8166979705400077,1.3041578349222207,1.1785498254494893,0.00021220569037427015,0.05555862407969208,0.05552698986026297
0020,136,8,0.38083876322005467,5.007074332527922,0.9134478857858603,1.2829835356565302,0.9846494788684665,0.770491839415649,1.1998696308070134,1.0804419098317886,0.0008180411940470481,0.2198612652718105,0.2195874602595883
0020,137,8,0.3768938777500153,5.109447363097242,0.9104447553385218,1.3013294434115796,0.9927798549850545,0.7993555888960533,1.2233734916561179,1.0979733704035386,0.0009297365681498297,0.04956438826056198,0.04934015269648785
0020,138,8,0.41011769514653806,5.214284473737746,1.0244863496207006,1.4521361413377158,1.0971858233886287,0.9078923231452772,1.369699074689874,1.224856298537487,0.000665959881518174,0.05223864507249801,0.052146870887720215
0020,139,8,0.3703717594456682,5.321675792641779,0.92184198717004,1.3256730513298156,0.9951629330000822,0.8443139996656128,1.2556171747810911,1.1193534942784527,0.00047632576545914224,0.047410758545203865,0.047365896134892414
0020,140,8,0.3672108256366966,5.431715815455968,0.9360123564183037,1.365829946365951,1.0143232032477973,0.8961160421085267,1.3002535013264391,1.1517406040607432,0.00038687438379816973,0.10976827732278825,0.10975307313258596
0020,141,8,0.3986091858414323,5.536029527557339,1.0430784269383286,1.5255150471774264,1.1255133585326216,1.0066768769479217,1.4596983211859167,1.2857219131974271,0.000847810260259219,0.23322919449151547,0.2331424048527825
0020,142,8,0.3596367954782738,5.639171756765972,0.9212925223879034,1.392406162551018,1.0250785560922662,0.9200190956773852,1.3376051573408227,1.171019936886691,0.0002565970966734515,0.0690599759392688,0.06904422509571621
0020,143,8,0.3918724590031474,5.744620977456652,1.0243853114661698,1.559294114105818,1.1348929533817982,1.029393229822249,1.4995728592616107,1.3053342563929489,5.4348050493501946e-05,0.09329381107906771,0.09327358884091307
0020,144,8,0.3531018966753098,5.852455299398545,0.9347624043992913,1.4313639696419393,1.0329101007257608,0.9478917913590608,1.3831577946555147,1.1947066155468566,0.00047121035619116154,0.36620041960290683,0.36617057030556144
0020,145,8,0.35202372008758354,5.962756737873444,0.95113373546779,1.4656854567791204,1.0448294607397752,0.9762691990203078,1.4233205181266408,1.2166024742071713,0.0003706329941156626,0.3301168785153601,0.33010125476359387
0020,146,7,0.38705415722155295,4.538239265080595,1.0399812480488513,1.8303884035842277,1.3257516624968142,0.8581496751220211,1.5968699868638614,1.2623921215566178,3.6664854508873864e-05,4.078234905836564,4.078221868592992
0020,147,8,0.3526893715543257,4.553745934675684,1.022501154835905,2.397402915384091,1.7749351344858624,0.9797687618947378,1.5892341060254829,1.2679837977451383,0.000356488683548733,0.15673680856434127,0.15669808997011273
0020,148,8,0.35368275336983535,4.569574572931197,1.054203611210736,2.463664881861092,1.8339616347206902,1.0019679343749859,1.6636418614792385,1.3506076544084147,0.00048791598884551264,0.32844356274228054,0.32827992012745877
0020,149,8,0.38912987374500524,4.585735488146586,1.196338286077635,2.7745048152173073,2.082537648624796,1.124372973462309,1.9036948078587264,1.5639356844416146,0.0006201736899095153,0.828350696543109,0.8282457451012609
0020,150,8,0.3545499204503522,4.602239076783383,1.1257789107504157,2.5937162815219668,1.9535549221583262,1.0469885759290907,1.8021687380491611,1.499768138842476,7.538704323985153e-05,0.6915014732482049,0.6914742340943667
0020,151,8,0.3550367861611201,4.617494577596606,1.1498864784836336,2.6544645679814693,2.0173275178495946,1.071161613944628,1.8818689407455222,1.5871310434016284,0.0005477070001095273,0.5279569364540025,0.5278961323466966
0020,152,8,0.3927015526754489,4.634572386696172,1.3116214022172326,3.0446812417589837,2.3267860550518193,1.2317038823126603,2.170454828787082,1.8361581298574667,0.00018309605542939713,0.8118606661891438,0.811856808678465
0020,153,8,0.35962542048261725,4.677678017779218,1.1969547312406252,2.816232157308311,2.1764862241721716,1.1469703889112526,2.027181021376646,1.7143075755573272,0.0007259280952071506,0.08072425879757392,0.0807093411626225
0020,154,7,0.3980270836155016,4.719427523018267,1.1510539810046567,2.2090885168027885,1.5331760247149702,1.1560109476387639,2.1425654609965443,1.6204141605090392,2.677845690731969e-05,0.032743764808235876,0.03273750636049665
0020,155,7,0.3637944239815308,4.7626010810650765,1.0603936527577356,2.0625979099837575,1.419156135661891,1.0751011053833606,2.0175081957149117,1.5324006787177913,3.40438140584309e-05,13.054184946656912,13.054172527214757
0020,156,7,0.3664734804025517,4.817073732173094,1.1119955929360688,2.1655133947780607,1.4777792611305902,1.117407538120373,2.139798035724284,1.6723462385275067,2.442337607145138e-05,38.48747198026294,38.487464129284746
0020,157,6,0.4080161738370584,4.705947831615737,1.6923694900214605,1.9793806382752734,1.1530009795169596,0.5923265136686433,0.7914006398418955,0.5009830900196723,2.7791569807750468e-05,0.7957559231186818,0.7957453106047581
0020,158,6,0.37826229741326695,4.730588055642827,1.593681538860831,1.8610261433282254,1.0846360417835963,0.5190336084941989,0.859943588062345,0.5447658640582478,2.6215818829936905e-05,2.559819041783226,2.5598081077332693
0020,159,7,0.38534478928611926,7.211608283244183,1.4327093626875647,2.0335084144195945,1.3138172025659722,0.6764529849035102,1.2037352372747663,0.9401643345210934,2.0368198441930936e-05,0.6851616234328597,0.6851570219968526
0020,160,7,0.4346808645846233,7.268809910158334,1.6938547770195351,2.395219739803027,1.5124827759319244,0.7969249826436106,1.4153101428702526,1.1188917697997574,2.1280319192698866e-05,0.15854035735949326,0.15852866431018378
0020,161,9,0.403329482992842,11.357048197853398,1.7028290119126548,4.574587253379053,4.298599428183425,1.4118829529705503,3.8249694410190043,3.1429834357174604,0.008722361715930726,0.07862006340365228,0.07850656513872965
0020,162,8,0.45432593232780494,10.284365096572053,1.8271549486158178,3.893959030968133,3.4117273768813483,1.9516344154067946,3.3251942176713736,2.6150532968055233,0.001290272234354291,0.4891727098482967,0.4890866875263626
0020,163,9,0.42432353357100394,9.384040947720834,1.5321456885786504,4.3732939013194665,3.9704491641750677,1.543317240517136,4.1409491706637125,3.5498606159279125,0.0005825999491446539,0.6571608273490622,0.6571352565545566
0020,164,9,0.4352698779574103,8.616360194010849,1.473793908497672,4.928664133230535,4.264256321998768,1.6709495033252884,4.1198422727608826,3.610795889546221,0.001566670044536565,0.7264006525599366,0.726312924115528
0020,165,9,0.4924338334061465,7.956300305228926,1.749006460559092,6.385118629425809,5.417991113473821,2.0149007373945995,4.5890078208602585,4.109058514413792,0.0008435684819888977,2.9201239971052355,2.919993299283342
0020,166,9,0.46020785507286444,7.979180110843945,1.7781216772797646,6.697283041851098,5.531528922820917,1.861069546281999,4.231487711029602,3.869915476088012,0.0008079952954834209,0.06359900926930878,0.06352497638982846
0020,167,9,0.47265152941485244,8.182645518728924,2.104467333544834,7.722782155941345,6.465673085615377,2.0909384635057804,4.367409072943213,4.067914340007901,0.009604618784268432,1.2503751376689534,1.2491225155785033
0020,168,9,0.5366327478349795,8.399926130909975,2.52541479828358,9.695697642357993,8.368542605358565,2.6070965705985287,5.021987250097919,4.719307459032037,0.007121927001714872,0.16402616025320166,0.16388107787537184
0020,169,9,0.5038879375018669,8.621888731863542,2.573798057578089,9.84184488797516,8.65835605248325,2.6434851839487683,4.663737751886208,4.375648267343236,0.011538043325230576,0.3824927807183296,0.38179783413064455
0020,170,9,0.5167978615231396,8.860018025277666,2.9471016045258915,10.977047494777025,9.763939327447055,2.9440129258699925,4.836592582590759,4.456080031031199,0.005605288343910338,1.76614329284798,1.7643878108365474
0020,171,9,0.5836760213228134,9.251733121545596,3.9747010551443513,13.780979848595678,12.301654906726382,3.717801487730667,5.748054650350524,5.100270741845977,0.004350335664932547,1.7906215281751836,1.7905067654295639
0020,172,9,0.5437404599109108,9.687494976259442,4.1795869158003045,13.976830441730765,12.44285261605103,3.7748039864902565,5.548355286001432,4.702250945618579,0.004734093949470934,1.877491782320767,1.876519863819399
0020,173,8,0.6133160498979399,4.9467920525417854,0.9878616291493109,2.577267902954955,2.198429606596055,0.8171602092917214,1.6468777335431182,1.1400099178691256,0.0034362496694540705,0.212087508637722,0.21113161384066045
0020,174,8,0.5711488240573807,4.727958073688321,0.9754924772072351,2.7373542367351904,2.345225143372118,0.7329922400746938,1.6118833099310792,1.1195958148668883,0.0020420281415755625,0.6097259215972707,0.6095944593838399
0020,175,8,0.5838529683839077,4.653106926756284,1.0714938138349763,3.209584301894193,2.76494433204212,0.7895365497143401,1.7464782127985528,1.1850285156509548,0.01078697045733458,0.25625291511562476,0.2533319139933739
0020,176,8,0.6543106896435626,4.820182741607624,1.4889782849365505,4.20220406001628,3.6605041326450367,1.0110300192233441,2.1247238202183563,1.5670663415470307,0.00822587969739396,0.08536191944512908,0.0839504667912012
0020,177,9,0.606464617347048,5.003712392441425,2.1087176880753193,4.770537924590918,4.4303354403181014,0.9845464579956108,2.2966541987873073,1.9521993485952975,0.0008029634751444278,2.003319581471456,2.003182075223291
0020,178,9,0.6166132493582098,5.206252858095469,2.3587961334409813,5.531198011131043,5.109021212998317,1.1080606692374795,2.5011503302499576,2.1694351967647694,0.0055581518964463485,8.666319133639469,8.66620510223642
0020,179,9,0.6891348033707907,5.449536793634513,2.9995211461045392,7.1926021909458075,6.5536442639898285,1.3762712138183792,3.0770159606890877,2.6243975504025796,0.0003126494938345749,0.150154207201383,0.15009765084851648
0020,180,9,0.6366114466572657,5.723182187683126,3.121144102626521,7.651364598183428,6.924846524387929,1.4069806993357747,3.108532483886259,2.7699655961115672,0.00014301234567049993,0.13542133234060905,0.13538313429163318
0020,181,8,0.6450091710401898,6.033251873011672,3.894984280872118,6.79173735442247,5.801081977538942,1.6539987381264176,3.5445292189639828,3.2669464623573576,0.0036759420919218852,0.4466149131370545,0.44657656208089713
0020,182,8,0.7200600627192393,6.387536440626671,4.804961073072145,8.473616382586668,7.1363512634225765,2.097212618257983,4.506542405772908,4.228203858125859,0.0024485344126718963,0.36884698957211226,0.36877328339105075
0020,183,8,0.6642760606672311,6.796219148587463,4.77898662188647,8.522631743758346,7.031006320768435,2.227142944788543,4.662609313498788,4.355499370595763,0.0007143715261046597,0.35324030859337113,0.3531410837510232
0020,184,8,0.7423493956093261,7.297702671284002,6.307852554358991,10.558651495484424,8.533806854041881,2.9942480657075476,6.0368945256134126,5.575892210615219,0.0012628849087696508,1.2080874816277252,1.2079134809004477
0020,185,7,0.6838965752315728,4.286436720510119,3.160559625118091,4.524572913916974,4.219723148480333,1.1733399171578962,2.2781437056866434,1.96693118634383,2.266084022292641e-05,4.606129862737248,4.606120851984376
0020,186,7,0.6934753368718484,4.484158908522995,3.5316224334843653,4.898951457553928,4.55803847992414,1.2782661828957216,2.4875045225047043,2.252973576941354,3.2794554045927916e-05,2.1608057817556063,2.160801421052197
0020,187,7,0.7745089843390834,4.7523212745693515,4.1369099952477,5.866363770340747,5.223934613357198,1.5319903705182087,3.036947739834353,2.70814370483057,2.071108197351665e-05,0.25871571711109687,0.2587094016851375
0020,188,7,0.7151924488778031,5.05351717501634,3.9870903181678146,5.797764086052547,4.919506708779086,1.50019548635548,3.0404063624558098,2.531291084037913,1.8440055109249242e-05,0.3225211014433619,0.32251516542705483
0020,189,7,0.7249521483693169,5.413648985641077,4.354301568422754,6.370651931718898,5.227436577721495,1.6613025970268065,3.43089794541029,2.6164650450502838,1.91689090446809e-05,0.1738105580319656,0.17380770148047572
0020,190,8,0.8083604750609628,5.827551109090832,4.453208646810145,10.624650251578194,8.203790141328543,1.9894748179363893,4.7194420185544255,3.356710117696724,0.0014982994335094955,0.27278652931075337,0.2727511423163257
0020,191,9,0.7461323704990426,6.30823686674508,4.4907978133493565,10.86694443289993,8.094315490588077,2.0562235795036083,4.855802477422341,4.5673143541835195,0.0010822058721500533,1.6967266676262462,1.6966314677514032
0020,192,8,0.7557983041330635,3.376374977184385,1.8393610016772026,4.713226430512232,4.147502563826997,0.7460870851175672,1.9254486827851076,1.611136428848953,0.0026779829868553186,0.27145209484033034,0.27087128320131754
0020,193,9,0.8417758537467118,3.5234314528579764,2.3958590607643226,5.1392475451851585,4.557284782044505,0.9242176905398761,2.6612694748087686,2.181666276570328,0.001172111614206923,0.28819239338444413,0.28799150807728907
0020,194,9,0.7734500309449941,3.6886359100629007,2.3024414050278255,4.975885233183693,4.335308342835567,0.8600526601105651,2.6020461135358905,2.0998870724374097,0.0006086587269517708,0.3179646196851944,0.31777861763766224
0020,195,9,0.854087514426153,3.8696581720563215,2.716622251898605,5.888792502890601,5.0174700164211234,1.1070427057768757,3.12272064699604,2.473726576115581,0.0012738837316212635,2.429732460210966,2.4296967105294076
0020,196,8,0.7761081104697619,4.0688847791703155,2.465738783568603,5.976073832097504,5.190968593784539,1.1512350130365903,2.8095636211145134,2.269104135337647,0.0016035742174523447,0.141109202317519,0.14085620906530066
0020,197,9,0.7743253330980058,4.279714199512177,2.455759935552756,7.980315500657453,7.17176703691896,1.1345238974350187,3.089572604591253,2.7123268587938147,0.016746012265593503,0.8361140552705578,0.8330982744631789
0020,198,10,0.8495174075001356,6.328119220505277,2.754015336290851,9.580280053476589,8.700019660362141,1.9559464561328963,4.0046424037023165,3.587352000880577,0.010270369390865085,1.0452635746361607,1.04424869608331
0020,199,10,0.768033114209531,6.652585417676799,2.6278086434826697,9.339876935317474,8.790848273031186,1.9371894159036809,3.98488393292447,3.516838066075975,0.012249752426325228,0.8455950411069519,0.8451722129121053
0020,200,9,0.7660530691378739,7.016186655291576,2.695280277007497,9.914588132386527,9.363340520470736,2.387223940438557,4.3883505452101605,3.9714864846748252,0.0011269286345931583,2.018621084982156,2.01855338986612
0020,201,9,0.840375784001685,7.426456969195194,3.1127856650402954,12.08565320447771,11.844283427206742,3.0253028427510036,5.468484641049489,4.859406222344269,0.014565449536039275,0.7048798335610587,0.7035158132889031
0020,202,7,0.761733376543528,4.767960863671608,1.6508931900069628,3.2297527516958255,2.3549365358672243,0.619742262794187,1.5845661189416196,1.3412495201282069,1.6402819880122672e-05,0.4534573224599462,0.4534516188226156
0020,203,8,0.7599213480507839,4.886456947122185,1.6915317553286393,3.549973812651284,2.5243043442401545,0.7082407728059388,1.5533040417661763,1.2746278419539525,0.013074512585703189,0.20446289400094245,0.20128362754055687
0020,204,8,0.8319478049077581,5.01137676877457,1.9150391682482224,4.101763398538646,3.01116737833951,0.8542277517418589,1.7978638713360662,1.44619749244019,0.0026358246251607037,0.5613396345529965,0.5602526094576212
0020,205,8,0.7534494102225948,5.144685306187311,1.7836852541941917,3.882127876722745,2.9251987168173934,0.8428507232938673,1.7060353830410604,1.3703611784637024,0.0024911207062093795,0.28093906500394544,0.2798620480317926
0020,206,8,0.8241165929776881,5.286860058074441,1.9888051439354868,4.50373343079953,3.49978580541599,1.0243384159036852,1.9852146245686615,1.5883066798032792,0.005273222067114242,1.3252212208103475,1.3225025804201407
0020,207,8,0.7457562844181945,5.438815143240162,1.884898922512955,4.324482811660521,3.453328062855514,1.0293366185113606,1.8945240946056137,1.4952427656418843,0.0017382732505715085,0.2607472518413389,0.26049580595484506
0020,208,8,0.7412487014402155,5.601596113611778,2.0092246312844377,4.566696995514089,3.7480821507287447,1.1312357721951292,2.003687627125987,1.5458218115225295,0.011895338887804623,0.277888680902922,0.2740306114548571
0020,209,8,0.811793661292817,5.77048262667129,2.377100494219242,5.323895743390296,4.4844785925198805,1.365252786033882,2.3640553761290937,1.7664680325292452,0.009607491020855603,1.3785029675261171,1.3781101139346204
0020,210,7,0.7336248808713668,5.952854994198578,2.9634563211644327,4.913909917841206,4.467696640506295,1.0543911138657904,2.529558601730312,1.9510645076991733,3.2208696267957475e-05,1.2121346780549143,1.2121287381839707
0020,211,7,0.7304368349359616,6.14932363498299,3.14164444931194,5.338487764695821,4.942172734744016,1.1022841974722661,2.752128140647143,2.0685493226656355,2.5147767434563043e-05,0.8604697753241377,0.8604637078659212
0020,212,7,0.800152354707058,6.361589471226289,3.6964007687818636,6.473466485763727,6.032296826483763,1.3982721960467748,3.3539108589409996,2.4605945224899326,3.089658374261201e-05,3.0310972108556453,3.0310907345298603
0020,213,7,0.7241404420283114,6.59163662162982,3.5744140816680097,6.443808017732638,5.963292501635715,1.4939222739843891,3.3562502388813216,2.386913933125164,2.7206628965426023e-05,1.000146677014895,1.0001438110904124
0020,214,6,0.7944819499055625,6.839577261503194,4.663466300942032,8.221156402369028,7.021970657756327,2.2717469915028485,3.676907528139067,2.8464547763751296,2.233605452486866e-05,0.5576171473410122,0.5576089855322779
0020,215,6,0.7193396038634301,7.110002850190308,4.556245527129603,8.431605445129433,7.470556163394355,2.3455265196633164,3.7734097184761004,2.8204669040572696,2.8398719331315848e-05,3.563451720539773,3.56344207160664
0020,216,6,0.7184110762387784,7.401207775814785,4.948126159144574,9.636593423184308,8.781555192273853,2.698479790516249,4.322131931678938,3.0419057259872373,2.3793461250790997e-05,24.998621497528372,24.998617483659434
0020,217,6,0.7941427244965876,7.721455073647747,6.021992180841387,12.351099319878506,11.534642394510023,3.5192082643701763,5.582175063763822,3.7880196626460547,1.561628901782471e-05,4.278875445344994,4.2788724660282655
0020,218,6,0.7258976343849997,8.075319445508207,3.0552955792552705,11.34872292269166,10.72881234619324,0.9607044057191703,2.108181240636555,1.8577596617532446,2.0963602360866545e-05,1.5337785044849257,1.5337730244045413
0020,219,6,0.7306246473320263,8.473228446015046,3.3605745838363847,12.758937775159632,12.048407831047339,1.055241426708295,2.5701985963725815,2.295863092076549,2.4331042069958582e-05,0.23409097156874656,0.23408360167672485
0020,220,6,0.8081448095404161,8.918341656486161,4.179134758742592,16.11134892084523,15.144337552897973,1.3073063970964265,3.520206845241387,3.1748584525550236,2.7400078954372498e-05,1.461439477527121,1.4614259858955354
0020,221,5,0.7393174392066367,9.463106644350797,5.741182650542245,8.594932345030191,7.76845793647491,1.7615275464437805,3.728941745023184,3.5940607385075922,1.606797276701974e-05,0.03604350231690303,0.03603215401030979
0020,222,5,0.7453126974488947,10.087323901177282,6.5822862982130985,9.622909135442415,8.297865643676326,1.9937355760275515,4.4873204323111695,4.402891053425474,1.3088638249441141e-05,0.27114185990499473,0.27113323513037985
0020,223,5,0.8259407644743257,10.809745606844313,8.581049564115713,12.187804380258791,9.98742804784063,2.5559122458188774,6.137762614502242,5.8173346267528485,2.3915869707948946e-05,0.05726249666737904,0.05726132247731645
0020,224,6,0.7572096977990426,11.645360426635548,9.26794155836377,10.896296176780341,6.372186027704212,1.9113131204935674,7.0240625417030556,6.8370094126433,3.3543769921551285e-05,0.4273258526249279,0.4273183670520852
0020,225,5,0.8389371472528635,5.321167125247853,2.9836642444827577,5.143236929067842,4.531812785934544,0.5457614141663826,1.363077724062719,0.9366236064354931,1.7334107436951673e-05,0.0439263367299699,0.043916938400480734
0020,226,5,0.7691097139329622,5.509662577155604,3.014300317538793,5.012411477684366,4.510015591143258,0.5240516957745563,1.3324330612175925,0.9334421385715801,2.0151622493784042e-05,0.02213619516687459,0.022125692515724167
0020,227,5,0.7754627399884361,5.717894179016993,3.3768049037538947,5.39321560227703,4.946836339172224,0.5574779368516907,1.442828469230522,1.0335265353969936,8.427660974482655e-06,0.02771909397853385,0.02771434510026999
0020,228,5,0.861664173775624,5.945657898794818,4.254535208417173,6.524660843642634,6.066839314711379,0.6650688298386288,1.7459091179444475,1.2804539552404286,2.1481242746335744e-05,0.09116883958284211,0.09116862480393528
0020,229,5,0.7903576617749101,6.1817868694881986,4.347831577665223,6.396701191563524,5.959510344926061,0.6042582190925575,1.6462152355281425,1.2357837049503824,1.9853176907838467e-05,0.0727196743862295,0.07270950149169558
0020,230,6,0.7979528471051716,6.442357434642724,4.6448097961086585,6.506589772995946,5.2770450487756335,3.181997521124229,4.304145384963125,2.457698141527241,2.0369539291791197e-05,0.398004279237982,0.39799641371595684
0020,231,5,0.8853017007265824,6.731372314440955,6.001889109450367,8.482598242892662,7.716320047301929,0.7973683243730368,2.1944435209983495,1.7209134520221616,1.9062999096455366e-05,0.05857770205199974,0.058565393943674104
0020,232,5,0.8124565164597436,7.063616286397844,6.039780337783975,8.357118225290284,7.424603879471205,0.7644208466448069,2.1292873743678498,1.7051818082448214,8.391751997830927e-06,1.1579726314524847,1.1579678142372594
0020,233,5,0.9011423244067694,7.437680910854584,7.63650001867728,10.348250320361847,8.935860286523775,0.9479683384499835,2.62581841956833,2.1567498795467106,2.3783748600964047e-05,0.10902881557076577,0.10901592864531928
0020,234,5,0.827396325763465,7.861992679773887,7.796997521122484,10.319799379380242,8.642949999243786,0.9442823805511975,2.6100780344878043,2.1844278961860426,2.6981501414040125e-05,0.11122071757107362,0.11120309158876954
0020,235,5,0.8336893391370003,8.347404897075736,8.933070956073244,11.582200026334105,9.370585058259978,1.0885905832305436,2.93530556862507,2.524058763854538,2.4187152863880856e-05,0.06666188438785348,0.06665351044407179
0020,236,5,0.9258991190960714,8.908137874273848,11.514043902173539,14.609199657228388,11.304229545555009,1.4661100519561834,3.804271740433925,3.3708617826522436,1.3738027040190846e-05,0.0833750266234383,0.08336593316769143
0020,237,5,0.849548154524313,9.636998647358418,12.119680214061189,15.372849827976703,11.335226033192678,1.6036464471781888,4.013297629454183,3.648120970249761,2.92016222675446e-05,0.03823640031971641,0.03821948622819282
0020,332,5,0.5497955666389334,2.502758764886635,0.7413180040309784,1.0352896541484098,0.5032346373599701,0.16320596109028504,0.28078447117851424,0.25538981853439424,2.36690162930162e-05,0.559752567281498,0.5597504655362237
0020,333,6,0.5473669507176443,2.575997505678289,0.7020985226480017,2.2854401888171014,2.200959018061338,0.36310674781854546,0.5852167971470698,0.4451299229540895,3.259565193607324e-05,0.23251828856779375,0.23251400207778522
0020,334,5,0.5997181926704898,2.650791856458601,0.9352569919527214,1.3598790484653838,0.6390519986321073,0.22589752892513948,0.4154197354521824,0.378024873082616,1.2342120521248561e-05,0.0910835565410759,0.09108171016388675
0020,335,5,0.5429004398063454,2.7318961390934153,0.8826987826837499,1.2898167378722756,0.6533829454432813,0.23100039432289912,0.43594784486397853,0.397301124564706,1.6520911257752007e-05,0.0491608629921258,0.049152040488528344
0020,336,5,0.5397818885285367,2.8201440920666836,0.9516121851369093,1.4052545232868816,0.7522319864027074,0.26164865739409404,0.5061748758799733,0.4620093466165927,1.244977965062874e-05,0.16593445383042665,0.16592528286626354
0020,337,5,0.5915251164588251,2.9165228421787597,1.1328304430655465,1.6895772693213311,0.9567677271163945,0.3295354664713978,0.6533191938695735,0.5972860643409648,1.398324490942193e-05,0.03425819963060971,0.03425421851680517
0020,338,5,0.5362002535088977,3.0222104616830645,1.104500152009607,1.6665406084366068,0.9886685529249363,0.34321545930836306,0.6980876675018678,0.6447894029246648,4.201884779743886e-05,0.03491343028520498,0.03489863282228673
0020,339,5,0.5335047703182352,3.137485544190023,1.2383085718557991,1.8124286895001491,1.1365719683083644,0.39542504709550597,0.827166882797303,0.772392847145645,2.4614329777962305e-05,0.10793896573925879,0.10791927720523788
0020,340,5,0.5859264011164613,3.2649874043363534,1.5765026361006504,2.2241101175185483,1.4594930252028635,0.5100446715602626,1.0814272877024078,1.021289758636988,1.550704944370184e-05,0.874989750457481,0.8749833905205343
0020,341,5,0.5345862244039725,3.406770371017108,1.6372481672797057,2.21910655370656,1.5209564209492865,0.537297868972948,1.1561460889669237,1.1059477699379487,1.7210987303478596e-05,0.10685585835932711,0.1068464823578827
0020,342,5,0.5884431473485302,3.565376273480529,1.9815641915805,2.711949870645382,1.9481252060484322,0.6983103298562416,1.5301272677336837,1.4839358806269585,1.7375211694258937e-05,5.978938094436817,5.978934094162664
0020,343,6,0.5369726454096038,3.7439878271465745,1.7620517763619787,3.442752207678227,2.657416618079588,0.8453171719139094,2.0407310706410207,1.6067304375792846,2.7588352814843158e-05,0.11430088675003826,0.11429255377204214
0020,344,5,0.5377749638612774,3.947406425918162,2.1202205377731342,3.0489788305868752,2.353904845699268,0.7931096837820966,1.8283447701073192,1.7578604925435652,6.79703145272794e-06,0.2323960935862004,0.2323900121848651
0020,345,5,0.5943944019936407,4.180283236605642,2.641264741876519,3.91955801419498,3.0976507960554884,1.0056088607088454,2.4051821817207952,2.2991508555262596,1.2493565531956733e-05,5.979149017511001,5.979141677083351
0020,346,6,0.5416418192042165,5.193837547603214,2.9236402438768563,9.662518052855605,8.74445847795153,0.767981453265723,2.599009291590286,2.4454202251631108,1.7156847582994495e-05,1.1983892748944078,1.1983837916710274
0020,347,6,0.5446271485084931,5.583151414034714,3.7723670459055674,11.216697650907074,10.014051770999151,0.9459764576958427,3.2361085092254576,3.000057625135622,2.4943663720863732e-05,0.5092558892077395,0.5092464674648223
0020,348,5,0.6034329283418766,2.8572451090425814,1.13268243937967,4.102458788230571,3.8743253413221024,0.3627915735476203,0.8543312950596988,0.5782653943875211,1.6271604917613414e-05,0.05834706951452216,0.058340161923419454
0020,349,6,0.5532753382902773,2.964278795147378,0.8752940831081113,3.702435318305295,3.4431930879271753,0.5735035609622468,0.8854194055581229,0.6390094784559904,2.6559237590523408e-05,7.096792449757918,7.09678599524026
0020,350,5,0.5576447249327532,2.610136346432146,1.1913130795551832,3.095587731564534,2.5904909570964083,0.3248835911384424,0.6628143853764586,0.5669386252406226,3.329789849080192e-05,1.4923167672976485,1.4922987759822264
0020,351,5,0.619305996630928,2.7118606421528972,1.4131831036615892,3.964198384476781,3.3119866752015112,0.3889982608269839,0.8645645833824499,0.7585826718621861,1.6135472635488832e-05,1.8229143724821066,1.8229076125070012
0020,352,5,0.5692453163498336,2.8214651753315994,1.3468841974053856,4.104885708546594,3.415445788311063,0.3765196297201028,0.9186242585882747,0.8264387281821864,1.374745573359195e-05,1.3457541517171654,1.345744732609809
0020,359,5,0.6900697734762413,8.470982598685605,3.492136671934304,7.2984873465423865,5.284583922808874,2.354541788955698,6.385073681961569,5.807844634239314,2.329580571829056e-05,0.24250622526990875,0.24249726543331113
0020,360,5,0.6366742594046894,3.9234773692365286,1.20069655698662,4.122908917429492,3.60568137558709,0.5855971522024487,1.0660109331563463,0.6889612874900466,2.1817831399325227e-05,6.419034772385975,6.419031809501589
0020,361,5,0.6467144301893486,4.075580014632263,1.2386190029513804,4.603856506833542,3.9826742003426867,0.604940044697998,1.1975014807598168,0.7406423197850966,1.658565826706625e-05,0.06380431091275235,0.06380140417414208
0020,363,5,0.6689913236988604,4.427874679991026,1.2678028027031711,2.2962236915704293,1.5287508681416382,0.29035849590659735,1.0073326892280994,0.8829682968850289,1.8974967636718363e-05,0.04096957656968189,0.040959832588204695
0020,364,6,0.7500397780111651,4.6334164148410535,1.5914801810814374,2.522863118394906,1.9600471187363055,0.6717301448598689,1.447544713544474,1.0211574663059024,4.4769051079586806e-05,0.05717066659034028,0.057158329907027086
0020,365,6,0.6916198542560912,4.87723121590571,1.6162507724721884,2.7548776020864563,2.054942100194772,0.6893043292090684,1.4911114872663362,1.0815564055276041,2.9241073670267423e-05,3.476592138033106,3.476585151960939
0020,366,7,0.7023204274735381,5.153256456885197,1.035169398326626,6.10910194094922,5.910664413712467,1.4390421407557932,3.2579945535913843,2.812118855770558,2.5054097051825365e-05,0.9273058571063414,0.9272989149647398
0020,367,7,0.7844959321561865,5.4683273075066765,1.401291375671676,7.493175153600099,7.1870696656203785,1.7396007831525153,4.043576848472077,3.5033974699647197,4.51662503428244e-05,26.665756350349675,26.665742276963257
0020,368,6,0.7239163581667181,5.831357542947872,3.213734382704091,7.976002022848441,7.365968656621059,0.7547149830524728,2.2448867282981624,1.7501709926266726,3.318855585688452e-05,2.767176511216453,2.7671713488394127
0020,369,6,0.7348223378908577,6.254200650405613,3.587014397703209,9.21920006902894,8.581289503998867,0.8230410879079254,2.613525161283158,2.0086515305893435,2.1023262202934066e-05,15.059145512063127,15.05913978929952
0020,370,7,0.8196839231665383,6.793242216203492,8.307654045151924,13.879169120149736,12.295597600473483,0.9434167093711553,3.551730511287026,3.068241861198192,3.1078942842549425e-05,1.3955443498266367,1.3955310322118635
0020,371,8,0.755267400905372,12.614320440488349,6.0451975800566675,15.237530115446154,13.90219517045285,1.9998029564009125,5.041817901934243,4.908586854579403,0.004052279564197797,1.1808215344613462,1.1805641346036773
0020,372,8,0.7654265911245591,4.177657670290142,1.1200855740547548,2.94898853180122,2.684359507981923,0.6487722101181712,1.5790761039897925,1.3981151763630268,0.015297805900868093,0.05535083291517718,0.051689356733298386
0020,373,8,0.8527782853044358,4.300072693718793,1.39489561339215,3.6181202654427804,3.3091070538193317,0.8279041816671627,1.8894369681305454,1.684260397158658,0.0009081240550318458,0.5959645240189506,0.5958293363242336
0020,374,8,0.7835365613103806,4.431586957862796,1.35664619408829,3.541268646904831,3.2529436269715823,0.8556009626144521,1.8346281585968063,1.6475444803680444,0.00010057881429750609,0.06873191445903637,0.06872175181862387
0020,375,8,0.8686691410434493,4.563754094654519,1.597256205285511,4.260263374643649,4.000011216132001,1.0958819374226314,2.2348563520902487,2.0227189423380314,0.0005725530069311892,0.08354496654230627,0.08342127299445945
0020,376,8,0.7930821812226141,4.7059181935482925,1.5410326005669237,4.172827584118672,3.9882152968998446,1.1465681976522655,2.19324318349387,1.990217884382397,0.00046071872249032423,0.0999162719394347,0.09988185515855769
0020,377,8,0.7945426740771642,4.859258516994618,1.681441957702225,4.565704469179447,4.414129254409939,1.3080129324172471,2.37158649330453,2.1504465126183816,0.002318826287001291,0.14737748553940852,0.14720246682766688
0020,378,8,0.8757280404995698,5.025146105478852,2.0202559973781304,5.537272205512038,5.427486532941551,1.6614987038073248,2.8611646890482607,2.592260265966952,0.0009050592336218822,0.5279991799863714,0.5278281947451413
0020,379,8,0.7961239630859079,5.2051875697036305,1.9988669994669594,5.486054015045151,5.420799767925583,1.7085011051391303,2.806376760517495,2.624474156069327,0.003146351926250468,0.4872095706902876,0.48672279793985473
0020,380,8,0.797268648969845,5.404220845871965,2.138662332084128,6.005556134104748,5.914955943879237,1.9374100119395692,3.0237496967877417,2.837030479046307,0.0025299778889800975,0.41595006511382593,0.4158034782108637
0020,381,7,0.8788212389706346,5.622068682924151,1.500520675597223,5.329395400622163,5.002797459791252,1.3714162627115674,3.826086589461532,3.28618191615421,3.0026320011054595e-05,0.11149050170611736,0.11148228534539528
0020,382,7,0.8018010322851448,5.861530668120984,1.3714734216876876,5.322738552115171,5.035997796591054,1.4062607739751278,3.9064305233368426,3.3632087815278684,1.5915532794347797e-05,0.2321718331914214,0.23216422439526804
0020,383,7,0.8062438292513121,6.12599084128911,1.3795247024195219,5.974893805377638,5.744365626523675,1.6154318564206387,4.487532852932978,3.8710735149046545,2.608696607928671e-05,0.3575862657542603,0.3575755004355593
0020,384,8,0.8941157009079919,6.419580565256759,2.8798231667067107,9.77403987722352,9.637241890882908,3.645346894292113,6.098220744567377,5.418258169449943,0.0038957443304553398,3.0727827589268477,3.072670792361862
0020,385,8,0.81895407616898,6.76229784664975,2.8618647813134075,10.122764939515228,9.796460223530422,3.7803990329011006,6.321605868373872,5.6337956769848665,0.0009046770896001426,0.7563897480720881,0.756225549335431
0020,386,8,0.910852357718215,7.149247671660025,3.543569747427579,13.136886395127942,12.692411101112633,4.9367988761925,8.226425200974656,7.375093890283285,0.0014375352944824402,0.5793635691953654,0.5792108135941023
0020,387,7,0.8349487049155293,5.717684619511154,1.4256694132171777,5.887519302433203,5.511696564659834,0.5234579375417313,1.2267899772373392,1.0943382531852461,1.3045190222823697e-05,0.3074260452871821,0.3074191068312442
0020,388,7,0.844552880913832,5.942828340396271,1.591330513348204,6.72036767609273,6.257436973938702,0.5496349993835975,1.3754307811091786,1.187661869543307,2.0441995625452267e-05,0.8537137553394203,0.8537109953646351
0020,389,7,0.9379657445780697,6.191366286287409,1.9210977646552145,8.33174305204286,7.696683703866183,0.6584183876647504,1.7191270138007766,1.4550771478560378,3.407631215598885e-05,1.3784371966842937,1.3784260121320913
0020,390,7,0.8625482468360198,6.467144437512251,1.8930956313781864,8.599520309790023,7.906485020248597,0.7034749976773974,1.7619039359535509,1.5042889583546055,2.0204221610300482e-05,0.28417668944447133,0.28417062640604174
0020,391,6,0.8727561652609435,6.7749013744891045,2.1636948401643448,9.514659467622149,8.279356481853615,0.7726393470879439,2.094299790691034,1.9608233570081208,3.087408021053032e-05,2.6070780170109544,2.6070721107833315
0020,392,6,0.9714306115869398,7.16510302055139,2.8543604572599985,12.651939470397316,11.048007312140783,0.9391796132893191,2.838172425078344,2.680281170160949,2.073763587769419e-05,6.22936397043129,6.229358001592662
0020,393,5,0.8931810240435925,7.612415561155296,2.569853542864574,4.861985799638793,3.6429564060399118,0.9949866145774487,3.0188109082315826,2.7852486943746175,1.5621791058586293e-05,0.0023357137768404436,0.0023265271230384723
0020,394,5,0.9930415668988856,8.130365222461805,3.1687524828855493,6.441605632055603,4.846062194719149,1.2690483110007453,4.061332510988832,3.7660328898119313,3.508330083837825e-05,0.04249612313688065,0.04249115355026187
0020,395,5,0.9132012087413441,8.737119792849331,3.0971030888614646,6.794374211231473,5.1156892446791495,1.2442588681797937,4.234363193170592,3.9024066120210907,2.3534986832213803e-05,0.010464712728344495,0.010459135874557456
0020,396,6,0.9211642012636915,9.457661003856076,6.436723727059232,16.93606973886858,15.81740059717823,1.4874012808726018,5.174437734082664,5.07505057729011,1.7636703545994316e-05,0.250497097380296,0.25048786606607226
0020,397,6,1.0195527299842522,10.358132245244828,8.978689937087552,23.40804896175478,22.001303210116042,1.7869145707998324,6.861551223124714,6.753804005132367,1.6707451395015822e-05,2.350901556133531,2.350890947174294
0020,398,5,0.9302770820067896,3.2917121533047182,0.7473395168859664,1.4440424207330693,1.0337596943963927,0.24109025694223668,0.5271570930455327,0.4230481600649888,1.0842168243970094e-05,0.255633207339374,0.25562466248444776
0020,399,5,0.9338612311759842,3.373278855170633,0.8096324698897822,1.5177933774539127,1.095213506645933,0.2530508922557823,0.6046742680013552,0.4802535841876395,1.8806127776834658e-05,0.2938919153290842,0.29388145548045314
0020,400,5,1.0308738876452554,3.4677473221054878,0.969375513669285,1.7635214847096528,1.280091606536584,0.32408034634585287,0.7638324077228981,0.5951178089512258,2.5531833775563277e-05,0.03526155454409889,0.035250242271909885
0020,401,6,0.9395915955968792,4.627498523483664,1.616740118993849,4.424174791901576,4.074945411755163,1.6190215575952651,3.8608455169022555,3.209776208558855,2.4846146269952702e-05,0.10871404320977002,0.1087008709569216
0020,402,6,0.9409084899812408,4.933679105893835,1.8556925202065275,5.368831310267083,5.243374909008224,2.012797928735687,4.777209212119231,4.094511650341043,2.3399432803464533e-05,0.13598355762957495,0.1359783877138617
0020,403,6,1.0390838159327973,5.291689942135645,2.410546868996452,7.41250280022955,7.181569315020375,2.81520996741609,6.716832013521636,5.945005146885079,3.1084476106888454e-05,0.20395941400950407,0.2039462406010804
0020,404,5,0.948922452251808,3.9334586039497745,1.3158569413797507,1.9157087116546339,1.453752790391499,0.3773425825281278,1.1478008904070316,0.8382092747844441,1.7750159613473705e-05,0.38634288344365036,0.3863359685491347
0020,405,5,1.0490083115975617,4.078400038200331,1.6077882155438006,2.1326716166919075,1.6557587989824234,0.45566556495139565,1.4898491950828538,1.1283765747131047,3.5248270563597614e-05,0.668820305558468,0.6688070360021863
0020,406,5,0.9562395929512186,4.238210653853849,1.608928753570724,1.9822673410754643,1.5663116426559105,0.4569027801960136,1.5573805088853134,1.2149649644455742,3.328462960516163e-05,0.7860823852709005,0.786066091569253
0020,407,6,0.9589902368200466,4.415301816686997,1.8883498724390857,4.759219872812039,4.3062829233246935,1.3513515931967213,2.488736219359963,1.479140615185132,1.6873041954994057e-05,0.12476788986737934,0.12476365889039505
0020,408,6,1.0579452380192718,4.612636872738525,2.2186884117540764,5.908912905134238,5.416768676336198,1.6996546628768752,3.2844791631609125,1.9510667773954187,1.5497375659571905e-05,0.10490601889121905,0.10490384339071207
0020,409,6,0.9646027787765777,4.841673973099161,2.1101536580934996,5.955459612253275,5.577319134804,1.759701899071938,3.505783297516152,2.090594156026872,1.965575408775738e-05,1.1073230010107606,1.1073170246285433
0020,410,5,0.9679639487515024,5.223439513573602,1.6930953440648173,3.091103495920155,3.0495516512303227,0.8970636469310529,2.978962695297575,2.4781760526826737,2.440305724292374e-05,0.10727239548470571,0.10726648328793574
0020,411,5,1.0711439113877637,5.360521432542359,4.073678194820598,8.76845064004236,8.127726566927475,1.129759252857058,2.769658318495199,2.327347851304863,1.4832752020183194e-05,0.06765621831583482,0.0676455238403016
0020,412,5,0.9777884658181625,5.689536960938808,4.423132528997392,9.36106016614961,8.945516575910393,1.1633194584424953,2.974669065791687,2.6034109727557047,1.987779437714455e-05,0.061724401724212646,0.06172354489464114
0020,413,6,0.9812904813696857,6.074554670274325,6.907903591084299,10.548829824401604,9.37134535266399,1.3174202974035627,3.7567953515034214,3.4697435672079635,2.124669221555107e-05,0.23157770730719832,0.23156804977747072
0020,414,6,1.0839257712714836,6.531201176992371,5.609379279084736,14.985292493826414,14.0192859970225,1.5317469738390181,5.377483909841182,4.990989996993327,2.8029025305119178e-05,2.535656800763196,2.5356459519228283
0020,415,6,0.9928921864218261,7.09238220489316,6.304123730218905,16.427165564800276,14.926415682862316,1.6505045621943097,6.213863603309225,5.912516252065688,2.2104219387888766e-05,0.09694523418862397,0.09694266868446141
0020,416,6,1.1039056346498393,7.784161687009559,9.128252099328456,23.186643689965308,20.581083063083387,2.3593237754517533,9.39628354564684,8.953879313858307,2.030045067095359e-05,0.35376936941949694,0.35375836036480646
0020,417,6,1.0129377640615582,2.7512999737878516,1.0153790396212226,2.4347312125392,1.5905870567329248,0.534832288187649,0.9145505750828299,0.5636792390576097,2.303336557883418e-05,0.531160078816848,0.5311552425061822
0020,418,6,1.0157924171595274,2.819675818541979,1.1317406773145264,2.7489447667478544,1.8459825579194264,0.7449128292532584,1.2012812587276416,0.8997167204718276,2.17226251575293e-05,4.226629649783476,4.226622286323431
0020,419,6,1.1208595279376936,2.9027924066150796,1.4074341945537419,3.4185195344756676,2.3662522429023136,0.9199534334073163,1.5003435494932034,1.1235077302028005,1.4442434237652504e-05,1.759609463928163,1.759606965926914
0020,420,6,1.023918270689177,2.9945927302006523,1.8263818169619004,2.3661221401015826,1.6335267254744674,1.4251058982691278,2.1881196287735887,1.766776869993246,2.0378327485908102e-05,0.19650162241432753,0.19649568317030378
0020,421,5,1.0316025106407893,3.0964564285015244,1.7310311356456183,3.1761037443645885,2.5856530319887767,0.6329934326699846,1.414885684833319,1.139623198146902,2.1779359665454303e-05,1.7603992049300268,1.7603914848585525
0020,422,5,1.1465317173315313,3.2058807455201825,2.0873254033590727,4.055503039210265,3.2134815295998926,0.7828884441718041,1.7081183946386034,1.3557726379682702,2.1276343824740042e-05,0.027862552450979815,0.027858241949149164
0020,423,6,1.0541541961993142,3.328776941732996,2.8783028779020547,7.2269539610841935,5.676685592926058,1.3398908723910148,2.939141625783604,2.083660853999361,3.984382193629887e-05,0.3162789512142163,0.3162690551673923
0020,424,6,1.0661230927286443,3.479596383072282,3.2078030363335897,8.404501579850896,6.568080750250378,1.6086948816801327,3.326980174237374,2.344425234344183,2.070907246217345e-05,0.21664358594012267,0.21663984298418962
0020,425,6,1.1869314881287498,3.6528524356283048,3.9833994743173426,11.073647589043155,8.60286590301654,2.0374017027788627,4.190717921138546,2.9944707891935805,1.6761118627330308e-05,0.07024736785014636,0.07023574603821345
0020,426,6,1.0934307182746976,3.8539549399517186,3.9737147356119262,11.796998362215508,9.309867765482775,2.1638410467410347,4.2244114449287435,3.1214484970469467,2.9379840889833433e-05,0.7114248169863526,0.7114200950628514
0020,427,6,1.2155431673515682,4.086332943386321,4.953769668339943,15.890415149182244,12.873515271609731,2.8835569985860294,5.547163206221939,4.087974005267185,3.841705242861866e-05,0.7835727388516901,0.7835615928042209
0020,428,7,1.1166523739072163,5.5808642249752625,4.203931267388245,13.252538934383292,12.650945267321992,3.3963330792901667,4.854757713696699,4.104317792666057,2.23739081220808e-05,0.8786889542214805,0.8786810307985606
0020,429,7,1.125382568302283,6.085781551602305,5.2583708085965695,16.901685121739007,16.1451524253619,4.160169022285237,5.954100368835859,5.027060955539792,2.8611231812436875e-05,3.035100394153051,3.035085353556013
0020,430,7,1.2516143542130806,6.720461696830353,7.580244291980262,25.301772223664706,23.978663995450805,5.472182354528113,8.184308340824373,6.959043977977084,4.00028412619829e-05,0.5376641439635687,0.537659222770461
0020,431,6,1.1497709695026261,2.139014323359151,1.0522604345909272,2.155267316865979,1.704183074612883,0.38307015371695563,0.7619381207553932,0.6140545808651727,1.7919233742724892e-05,0.30189927430608376,0.3018883349172812
0020,432,7,1.1622766608664596,2.854038127624819,2.065416123378744,5.618174273399572,5.129465937566439,1.2133334658869175,3.0300739019641076,2.7552680827318947,1.554101805755316e-05,0.7493771398809669,0.7493725741965209
0020,433,7,1.2915398451256221,2.9969177572980517,2.942688197004103,7.472406321026842,7.06289162104159,1.711163653568865,4.171725804142209,3.7584728291179683,3.882116344938386e-05,0.8405682713189334,0.8405651300025101
0020,434,7,1.1861816365196964,3.163094459112395,3.4164999256539916,8.078437859982253,7.894094033375025,1.8795765508013802,4.66587897983982,4.199960859755556,1.5476396130507007e-05,1.514513299398219,1.5145084791319985
0020,435,7,1.1970709570666118,3.379091665186209,4.645369378701026,9.94099502597888,9.631946174540367,2.4109107080496086,5.9741182530749795,5.43898506240727,2.1199563990336263e-05,0.5084134197442368,0.5084048334893547
0020,436,7,1.328739503119828,3.640621164456764,6.875214653507293,13.77387903355676,13.260630084603303,3.60595361949842,8.746351865652297,8.145334005469223,1.1692808376609664e-05,20.167676147259712,20.167672627562787
0020,437,8,1.2217587996238153,4.003395345887425,7.051504868103273,14.815156428164356,13.76313936372096,4.493381761259062,10.394562066775519,9.955897331293244,0.0011047623469511408,0.8558441239965477,0.8556195873843377
0020,438,7,1.3570773842871064,2.7604153079785627,4.702556658987355,7.170531997150388,6.142034568143943,1.8519705514298348,3.8165377647225505,3.136344506020582,2.5031282295721793e-05,0.8309041237992446,0.8308936875163705
0020,439,7,1.245452293157381,2.9900541267062946,5.011369045073513,8.142406353058986,7.259697318816966,2.2226084928614216,4.3307658051046385,3.638493718325896,3.0779195903488416e-05,0.3535445149496049,0.35352869541085913
0020,440,8,1.255058283742887,3.8376346831758394,5.145376180503812,10.395651715722083,9.857129151226088,2.7041643807017564,5.6997706053220885,5.417757523018958,0.00016050807128407306,0.6239461282041294,0.6238992784541462
0020,441,8,1.3937080861115139,4.101677040977808,7.183195223610615,15.152380830479052,14.829453818530045,3.85585432172313,8.032353793782606,7.223747098773103,0.017557605216434034,5.448333221636556,5.4469624206416
0020,442,7,1.2787907810380057,4.420415784305211,3.1189099746186684,12.157846094900664,11.93300479039963,4.2300970936906825,7.729695621460843,7.2277135382306525,2.048930490078306e-05,0.22273763781493033,0.22273584812632555
0020,443,7,1.2916266111807981,4.841415552009596,8.479572820127823,16.68464440158395,16.056054993528544,1.222014949179257,5.701901073227996,5.254522950400259,3.0434194441349652e-05,24.396390502678578,24.39638448428375
0020,444,7,1.4340886519306997,5.379506420057658,13.148706276251065,23.918203832658772,22.617536225198037,1.9480754081816183,9.230925956766752,8.586974668166048,2.5332189145683498e-05,0.5090112067077105,0.508997320878566
0020,445,6,1.316188266823416,2.5715732014212986,1.9666935916553263,3.3919168883445954,2.4733251466232526,1.8511829026127038,2.4691417097920936,2.3217724968725464,2.3643999959381097e-05,5.077318024251684,5.077309586713579
0020,446,6,1.326858006132575,2.7265561681818804,2.308856046792223,4.310893354692372,3.4219169158323233,2.3817544627562484,3.1762483057519275,3.008613147245119,3.16514184420043e-05,1.4896568216672084,1.4896482862723814
0020,447,6,1.470822223930054,2.9529676568702623,3.0056899705053057,6.243478468757554,5.3365475825483,3.3577821208986185,4.6075689420304276,4.384659937085912,1.0823483196741641e-05,0.1817296396208851,0.18172582158596812
0020,448,6,1.3480545138794187,3.269366209439929,3.300135558755314,7.37932137624342,6.716129543442902,3.8421175427938117,5.577016039034434,5.33255660279647,2.5950978715519443e-05,1.338834807339192,1.338819195474932
0020,449,5,1.3586421222528724,3.663481687189357,2.6595245612000284,6.060390483578601,4.091948860903795,2.961846690696919,6.064520955951053,4.618535591426386,1.732956938294574e-05,0.383918386949178,0.38390316412919373
0020,457,6,1.4387957876711663,2.316499452421304,2.8656256631127333,6.798399366738829,5.836395351352828,1.6478703333040512,2.5583176399746947,2.525049620820746,1.2090837862605845e-05,28.058983269329733,28.058972607565554
0020,458,6,1.5904577865651108,2.491227878514913,3.628015135534489,9.315836401495392,7.993071236706367,2.340835438197086,3.4788655148551255,3.418172682935476,4.4502737195782184e-05,7.160109590640422,7.160104764878871
0020,459,7,1.4566909097881702,2.6981756864977893,5.242517527598724,9.526119014152336,8.805774599325387,2.331162121540485,4.1330385068783055,3.4892312835564363,3.015374966137224e-05,1.7653260808209525,1.7653171160082521
0020,460,8,1.610797997067924,3.2576279866361446,6.378089181484423,13.482855767211896,12.728135821894144,3.374957337185802,6.130290338175697,5.615827017323797,0.003952171358988864,0.36607377384663314,0.3640911242640294
0020,461,8,1.4715215637160397,3.495856309352755,7.350761637992925,15.515558048738061,14.808011078438488,3.9754112252720413,6.976290942475486,6.440677903552594,0.011628938456493399,0.7465032364178553,0.742623314470682
0020,462,8,1.4755790778080273,3.7909103669873567,9.299165808121018,20.00405811764849,18.837632682687275,5.1044281286991655,9.123959759277467,8.452560781912373,0.0033727387812230968,0.5237846957497229,0.5233549081506655
0020,463,6,1.6287828803156628,4.165614993696624,8.406659774603757,17.068020076887656,16.349391542959356,1.7098040602660345,6.176118416739032,5.514873382518072,2.1525734886175745e-05,7.14076723066681,7.140757123416554
0020,464,6,1.4856366456224808,4.6864819892041405,10.774126252819137,20.29265507752608,19.6028151164461,2.149309956215684,7.858153375039089,7.011193923130833,2.350262589172188e-05,0.30937002603543284,0.3093670996683508
0020,465,6,1.4904737033128403,5.521982570488924,15.098930247397305,28.10219363169536,25.901756646016374,3.178753643371869,11.814876950905878,10.705385700457295,2.0617858503281705e-05,6.4825495056766105,6.482543391880779
0020,466,6,1.6426076899417674,2.667958060688487,3.705230451933404,8.904430397698492,7.292773592724155,4.171444782680017,5.412879486326193,5.007101187339904,1.9144416803414684e-05,1.0566207153513785,1.0566090299787663
0020,467,7,1.4938427199577429,2.9222117954777502,4.296879273822749,12.400652005203112,10.725816906317128,3.599970275633898,7.672241499464666,6.175059415479806,1.6510818197827754e-05,0.38739326004174823,0.38738701204172327
0020,468,6,1.4910730354085713,3.2235104860555053,4.157083685767676,15.857499961300519,13.065446507990192,6.411212046434612,9.402631400653478,8.317979348276218,3.964537263086658e-05,0.3120162507457955,0.31200656092164214
0020,469,6,1.636328278924395,3.5968124658309364,6.0356810871710636,24.189115776451047,20.98353884769875,10.030391935339068,14.107709571950103,12.084120435406003,1.2870662892588708e-05,9.491300221268428,9.491293110058121
0020,470,5,1.485584836637414,3.266228613336682,5.0054061949997,13.678515358812476,12.077986356718814,1.4619330683458136,4.324021104971696,3.356497121162924,1.86490930753047e-05,0.09054277203854685,0.09053531851630575
0020,471,5,1.4832524865788117,3.6660922347859284,6.289738453142626,18.710898239971762,16.627979692908823,1.75234303730301,5.6498393043501425,4.464635052510753,1.8806874524597516e-05,1.4190286712619726,1.4190255242738066
0020,473,5,1.4780486526867704,4.851707964938184,14.752099686181323,34.89578824325724,30.709519437837976,2.8089853876862554,10.016791931105237,8.411747848733702,2.0032994185493832e-05,0.5834777202342638,0.5834709376444275
0020,475,5,1.4740038223686174,2.7811681179967325,3.7525833165762097,14.061477159258127,11.138642314099203,5.590977604514453,7.134549667673067,4.589639138351945,1.5319554148472074e-05,0.3994606063005842,0.39945882391080756
0020,476,6,1.4725752279630329,7.061330202498753,4.659947901053121,18.203730145426942,17.827339482519555,5.786805665464114,11.045788991611106,7.449705559209539,3.949999266293902e-05,5.494049230137914,5.49404292338626
0020,477,6,1.6183275289995505,6.803218557339558,4.649300032891748,17.753708161070417,16.164272272358247,3.136689871436305,5.073660547482902,4.323777213498926,1.298815238996406e-05,0.2123888019413127,0.2123824475972307
0020,478,7,1.469335752099343,7.5286286394015125,3.5182057985507833,21.061252257067054,19.637189549524873,3.1299931941965915,6.319863432130021,5.6638683746299385,3.214049987439258e-05,8.896436883971306,8.896433766023463
0020,479,6,1.4652759936002278,8.462436255396279,7.663770345993749,19.03577693135302,17.777051013067673,3.0446474172842097,8.954647726065575,7.905401865433645,2.329899680925226e-05,0.29590279805020164,0.2958963990651731
0020,480,6,1.60927564969033,9.709507655431805,12.958472515789126,29.467190752965582,28.607356177118234,4.4829082260310695,15.173373007002157,13.401193235057699,2.5452004994099297e-05,0.898393487653718,0.8983885299910283
0020,481,6,1.4612283689849945,4.7695340106497,1.806294727699325,6.09236234945088,5.074815312411389,1.0204326474543919,1.694252015649558,1.459856239455377,1.3684675822664033e-05,0.9260469122986015,0.9260371658422618
0020,482,7,1.4597638128605526,5.826450701397701,1.78558189354232,5.688830731508704,4.8148697650458985,1.9207881092255839,5.272921988700993,4.5753349620693315,2.538135579995223e-05,2.251236657255503,2.2512332890728786
0020,483,7,1.6026716162242813,6.368731095102998,2.587454120396852,7.704584394636144,6.721024440370133,2.675808400543731,7.629688023950531,6.693629653878222,2.1239142551447888e-05,2.0385551543393006,2.0385457696401996
0020,484,6,1.454983109790661,6.088134932057912,4.461756374281025,6.181862217625929,5.4361160294113064,2.0150096774677118,3.6291094437017404,3.0464769075577025,2.4915106989193873e-05,0.3115850683498729,0.31158006533920374
0020,485,6,1.451348983559353,6.749304269672655,5.569738160252239,8.645408453868558,7.602970550339647,2.605580717846614,5.020819475385967,3.9556032269665806,1.7802629505624948e-05,0.17408055759599667,0.1740730550950617
0020,486,6,1.5941163350910774,7.597428143464997,7.979784943555748,14.099401576345661,12.061262557169034,3.8445706218203544,8.210396428074773,6.050396683405659,2.0452214789318598e-05,1.0700317086197373,1.0700183625408912
0020,487,6,1.4470718210801576,8.747310476832197,9.211642817366245,18.70383653335005,16.264005060174014,4.516548974314436,10.797582599403476,7.458847767880764,3.567667544078914e-05,0.706114987990502,0.7061120009104712
0020,488,6,1.5912865628900423,4.613510747629954,3.1431188194666966,8.072635135569062,7.557658891657189,2.0164478325505413,3.4630685986133316,3.1801191727135274,1.2373451607395165e-05,0.11683928534841337,0.11683540195513484
0020,489,8,1.4451603355148568,4.997525193753725,2.1779658676972566,10.780460060382252,10.203964702312888,3.3193364464638195,7.281845366605598,7.1539541513124645,0.00029556049038958023,0.12989901860261838,0.1298278525802052
0020,490,8,1.441352903802611,5.462047763365927,2.6862810193017017,13.42542295263604,13.062179138640497,4.414350765091674,9.15203470432839,9.021042026016179,0.002833483401341558,3.249817682046179,3.2495188728852527
0020,491,7,1.5817179765419902,6.048412234417958,3.8225163785157656,17.080674694069668,16.5277516243611,3.1507528110352263,7.035416153336242,6.895716193487095,4.260780110457868e-05,1.3723706820025792,1.3723631058642767
0020,492,8,1.4341695852476832,6.811110835177996,6.593255458628933,22.705907176428674,22.053254308132797,2.969688505940965,8.566234848772856,7.777162481291347,0.012082594834471026,0.3238730412645778,0.32220076183680385
0020,493,7,1.4303133550928595,7.843762254482172,7.272423949982385,29.72621552670975,29.658197173963032,4.962649733609705,12.332971199281406,11.341117186441977,1.6107621395204234e-05,0.3426231834791832,0.3426158689693057
0020,494,6,1.567840948461598,3.970078127352924,1.7423749868611123,5.057045998878828,4.578721171296076,1.9312515765690714,3.2594581445569935,2.1970590130357737,1.6491756360960485e-05,0.7482585015832892,0.748252867429684
0020,495,6,1.4178265166227082,4.322317908129432,1.8064788161287455,5.470112456741208,4.4009937051123424,2.181235255001302,3.9157180678112806,2.8447056105646373,1.8993041882554397e-05,0.29581713573044016,0.295809542788378
0020,496,6,1.4079911174909499,4.734790432972009,2.1601126258850263,6.664011419220199,5.500497766890421,2.7674054024049024,5.397944945909389,4.369439643729659,3.8245460097304776e-05,0.3168663914356822,0.3168599014641692
0020,497,5,1.5361257071614287,3.689008369134662,3.3601860496665856,4.664441884603538,3.0807506124186554,0.7862117048231794,2.1244879037370863,2.0921400836644675,2.7386854950400892e-05,0.2166860206100838,0.216679778977918
0020,498,5,1.3839644971978224,3.953032736173674,3.287401381688409,4.924688754107829,3.470782549791278,0.7704737737369394,2.2875118353381487,2.225899414076082,2.2429402329494378e-05,1.964388394702893,1.9643860604133434
0020,499,5,1.5106477075498714,4.24819446575475,4.104482111389794,6.587988607469886,4.89401624877018,0.975853515551855,3.1606633677947356,3.0491884644187195,2.881867374256047e-05,0.007226707212645415,0.007214659099056035
0020,500,6,1.3675610398740061,4.610360423078701,5.843153361800728,9.877555633895414,9.643442320100098,1.2247569580983033,3.3884202597562476,2.6567131771186228,4.0568219732610296e-05,0.8967148012286305,0.8967043098686168
0020,501,6,1.3631585206502599,5.06526813389895,7.003545240494069,12.192755001848704,11.447443820250554,1.360240148480898,4.137657816166494,3.1040263801719856,1.1623562457237503e-05,3.846235202229502,3.8462346106914134
0020,502,6,1.4964505842006333,5.659089139187726,9.685339138467183,17.28902003357135,15.511747902347013,1.5474814909374905,5.6916389313770575,4.316774533390716,2.2943598743652244e-05,1.5925828890816445,1.5925676052335216
0020,503,7,1.358041280060828,8.005638535076228,10.656030760766365,20.467759357280453,18.79202422645461,3.1603045606270146,8.21175296183017,8.11332783098822,2.2306661039418617e-05,5.884208949848966,5.884202627773812
0020,504,7,1.3549669875856043,2.761602521316707,1.695434839956449,3.252928722824346,2.5281033835511755,0.6680594743021313,1.8405423576591928,1.7200165074789828,2.682090724260033e-05,0.16578201457508757,0.16577718518459572
0020,505,7,1.483879936078304,2.9054438109904033,2.186601395034013,4.340434638423492,3.607783631355166,0.9510701325095114,2.3359646836500714,2.099028497945648,1.4886799737771176e-05,0.6278693537746124,0.6278637367592579
0020,506,7,1.3450760682800131,3.0727416251852433,2.2964559699393714,4.695902204909185,4.138104497092094,1.0842242350013878,2.4351837911072023,2.0294020521514993,1.665336116386383e-05,0.43296952440579395,0.4329615937206122
0020,507,8,1.3419372621637757,3.2697432644834312,3.3973671065571165,7.924021036979885,7.3636713599374914,1.769044676588586,3.707624010659094,3.138707525746171,0.0033622372482172615,0.4481449611965619,0.44639199818357106
0020,508,8,1.4671040860730693,3.4866255922149914,4.749341196119836,10.771477497541056,10.335541917602242,2.8074979273842384,5.2363366347797795,4.74971662912173,0.030861161461308816,12.080174539956882,12.078302763127578
0020,509,8,1.3247769260635827,3.7472633868641223,5.138437109424739,11.999198651404315,11.501648219709747,3.203295909816637,5.934314301603865,5.549329321601187,0.0009843341204627465,0.7664321961204553,0.765974456972235
0020,510,7,1.4478352059003552,4.066382837725808,3.3262822860048673,11.843464213907739,11.163392791929864,3.6672367956733285,7.408379289660398,5.685652669770484,2.3645863541884336e-05,0.5997177229276239,0.5997049008302069
0020,511,8,1.3053580241527543,4.46607103749977,6.542820571752905,16.234366030066166,15.66524864933742,5.053052553871105,9.96434062847604,7.946169320028799,0.07996365907579531,2.16390983336108,2.1583326287366633
0020,512,7,1.2932412293115592,4.201190395381516,3.0419071219156657,15.0658996219647,13.216356278351869,1.5990433296926496,3.9735912919773395,3.1454806950378575,2.216197140093185e-05,5.057193528927978,5.057189753009057
0020,513,6,1.4106251995935892,4.543276438576388,6.206255424810964,14.74393640087538,14.389377584033932,2.1872187435159844,4.193901915100848,2.3771059593677695,3.3275151384232294e-05,2.5891031206801998,2.58909061269357
0020,514,6,1.2710652741008583,4.98312338566903,7.178513414389144,16.787581615923735,16.283195676343617,2.3140311324263685,4.613304221342371,2.9088627691249833,4.0110051552030515e-05,0.3331718827527538,0.33316292950957593
0020,515,6,1.2583484879650348,5.54780835729374,9.629420499882567,22.76057709331663,21.21275398123661,2.8468815064176347,5.88985401981758,4.058490693939761,1.26843819471674e-05,5.937293180641312,5.937289608584834
0020,516,5,1.3693449033787062,2.2976509200240054,1.6297630125919762,2.379298005187598,1.7477520332685934,0.8000623044708871,1.046296325915261,0.7970885927802185,1.3998941739096587e-05,1.5581463421757336,1.5581440693773947
0020,517,5,1.2385008006152296,2.371714320956567,1.5980888073948345,2.411815656243771,1.791973166081238,0.8575691311997342,1.093297911723814,0.8475122433992646,1.5046617667702636e-05,0.10277533241887635,0.10277022715896501
0020,518,5,1.2354116206884684,2.455262528266752,1.743716214197969,2.7369225299216997,2.0646725453296053,1.0356950479351583,1.2785849672156318,1.0064064341286365,1.1590545441313827e-05,2.4323597011116,2.4323505269826238
0020,519,6,1.3555825717646135,2.5502424198051226,2.6443247086398944,4.569764101695551,2.5010148862935755,1.1300993007207212,2.5023855082419004,1.7154561994188464,3.2333786848168385e-05,0.3752861073171116,0.37528335824533504
0020,520,6,1.2304561293503533,2.6591722280613195,2.695238688697605,5.0037401896471,2.848752043875735,1.3485954065574939,2.7437334756741483,1.761313341131593,1.2757392859567789e-05,0.7394470364161396,0.739443440132405
0020,521,5,1.3490376622102718,2.7745956616872123,2.4683060856351355,4.57065483921779,3.7094455578901937,2.1590998561919097,2.7549764213950523,2.3150235377936887,2.22648841401513e-05,0.06475710210727993,0.06474358434608797
0020,522,5,1.22008052718655,2.908758577537379,2.4375877191472224,4.769027940941083,3.936315772007417,2.2373850225788248,3.11908609112813,2.724362840151147,3.415962976568823e-05,0.015102344789236994,0.015090287481384022
0020,523,5,1.2103175397285166,3.0666281944229525,2.6629582439039288,5.565878005762963,4.676841553519062,2.549728346422333,3.9504340713285733,3.5095696388390163,1.9413467295945044e-05,0.2552103707110629,0.25520224945622777
0020,524,5,1.3177544126830552,4.093579901326464,4.04337029310356,6.751806438277232,4.404444210024427,1.1891491042051772,3.7634343866570417,3.7092600794577537,1.0577821356775991e-05,8.508160704934063,8.508152826183379
0020,525,6,1.1840952699939058,4.391708036997497,4.8105741902306,11.492579633193488,10.395945560867531,1.9145106206870364,3.56836115737341,1.9585945440727417,1.622808478239801e-05,0.37313164192925025,0.37312904841107963
0020,526,6,1.1720190981699954,4.754461802611311,6.1289972086572835,14.447364375837838,13.643185730174121,2.1177456033170934,4.376598496169855,2.427185958518278,1.3530346818843144e-05,0.7971434828471505,0.7971403790817552
0020,527,6,1.2724682422456048,5.205408238749928,8.975145906101535,20.80909220541353,20.507309964509616,2.7182060066246843,6.364553093014875,3.763663557543197,2.322243164361291e-05,1.8410231743580203,1.8410164344671505
0020,528,6,1.1412996577275296,5.781160082447533,10.656416521755512,24.263446823502218,23.592160651390987,2.9535049211164814,7.709718223798966,5.111637345254121,1.440138623149993e-05,1.5906138667734153,1.5906122129166225
0020,529,5,1.2400173662935527,2.457635469606814,1.9580766590764704,2.640476706894639,2.2111827437799563,0.22972506921785438,0.4390707394859175,0.24749522573478788,1.1261000172995693e-05,0.26425776503318243,0.2642497658104969
0020,530,5,1.1201721861430756,2.552651831353169,2.0010619529428664,2.762490403686702,2.251693021453717,0.2943101556411707,0.556944963560923,0.32226730277259075,1.200515956458868e-05,0.8335722819393081,0.833565413323782
0020,531,5,1.117082938608257,2.6610978515289694,2.265111562904185,3.220954805492628,2.5408869804878975,0.403460795886776,0.7649587571540144,0.4582083424240748,2.048496802616597e-05,0.5036090358548011,0.5036005773203589
0020,532,5,1.2265023459066542,2.7860369760661383,2.8817040027803507,4.242953204757307,3.223539409126891,0.633012501308884,1.1800114366881023,0.731517174129341,1.7431519333571708e-05,0.2598870391936083,0.259875880084503
0020,535,5,1.2174313908913912,4.301548842909723,4.103361854986282,7.525565101368121,4.343324256802502,0.7974127224835281,3.13728964769189,2.9427973379941794,2.471402628516286e-05,0.33249831058985624,0.3324894137278542
0020,536,5,1.1039365419585039,4.647829874945775,4.045693903261492,8.028800639211008,4.945644264040264,0.8839977172782897,3.6051931308476735,3.401009542838468,2.956865225351013e-05,0.541222026811951,0.5412134258655413
0020,537,7,1.101853392251503,6.151865986673968,3.959819281024143,13.24939634178652,12.113756737281323,2.512259822481762,4.911172622388757,4.752931643720007,2.020034663923138e-05,3.9304406978125246,3.930433408377273
0020,538,5,1.2099104333104052,2.674940670605649,1.5733709532281404,2.381464676098057,1.3560657763415336,0.2853649673071057,0.5895077872090003,0.5444179156466078,1.384892193991428e-05,0.07434974885940678,0.07434290771185667
0020,539,5,1.0956773219394988,2.7619730914191187,1.6035005354947738,2.3868226780562956,1.2906336610683105,0.2860238488507235,0.6231930431916125,0.5761446423016757,2.1482106170673366e-05,0.1995132037131655,0.19950289980360178
0020,540,6,1.0918595172521448,2.8589368910619783,1.6389287777648796,2.873661444846063,2.3749977942390887,0.42649268779125116,0.6071889155764023,0.49710493952962265,1.6819729906648187e-05,1.3383337215895645,1.338326420491947
0020,541,6,1.1949638287800082,2.9676351843643323,1.9299179808192934,3.5713819830280675,2.947863257678999,0.5078663418377759,0.805556659582551,0.695305713173116,2.149570549668092e-05,0.9623845052635669,0.9623768026051284
0020,542,6,1.0879219064204217,3.090335239381816,1.9260527101239586,3.712021252399464,3.0358517922511288,0.49050936842559745,0.8774201027911558,0.7710149767069994,3.124761709045408e-05,0.11982210783178462,0.1198117707786725
0020,543,6,1.1868939698369307,3.2338031265634997,2.3275511753253006,4.709837320005583,3.776095384595763,0.6155424508639417,1.196965325630387,1.0483209920238719,1.5381480166047772e-05,0.21095454005707936,0.21095194868132844
0020,544,6,1.074966004985827,3.3888227712114656,2.382419028965036,4.865656243554488,3.8249642717099572,0.6018687870834355,1.32405589825847,1.1479129285296596,1.9371441115393752e-05,0.1410746824258958,0.14105779538244642
0020,545,6,1.0668382580219506,3.5674931631320757,2.6910199800096937,5.635757953270387,4.283005777210715,0.6870458013433574,1.5904552487744361,1.3558416309120231,1.0099799803913097e-05,0.32648715196707606,0.32648602652343534
0020,546,6,1.1649227024390794,3.7756735969385384,3.4422909853061934,7.455107405016579,5.429138646455475,0.9061344357979749,2.158111645860917,1.8026674880772382,1.3390808122935695e-05,0.4185120209495041,0.4185055858994732
0020,547,6,1.0464427606571933,4.021333792184682,3.553008651502798,7.963325232754321,5.602880286120566,0.9533644490299267,2.35023748145781,1.923360271101858,1.8891323016851866e-05,0.3789625069242686,0.3789576454981167
0020,548,6,1.0338495991992163,4.315596140178745,4.1475426821828485,9.72173279525492,7.170408860006382,1.147623925995187,2.895126629052881,2.314683272902574,1.2679131762516215e-05,3.2630258027370393,3.263020179440119
0020,549,5,1.1228133234131312,4.648666868225875,6.356029787192955,9.61538690710731,7.0971925131800635,1.0897066977670071,4.026977677696428,3.6895270077956877,1.8557827638947612e-05,0.11233704310505141,0.11233140685017048
0020,550,6,1.008711472990978,7.0166241930380115,7.731223950171371,12.439700329432322,12.181281380028029,0.9592343460699254,4.804087380596357,4.3693768059140545,4.528345026959044e-05,8.464825765981798,8.464806350034953
0020,551,7,1.0041199644262195,7.812529636287987,9.609313334437864,22.197454850581128,20.56168456094136,3.6599762397445827,5.63455372663789,4.036786037041695,3.282116798502866e-05,0.22704614325209932,0.22703439659123628
0020,552,6,1.100988618749099,3.0427395342836525,1.468624725070785,5.533092338828112,5.450409892650554,1.3292470576380477,1.6562508173574806,1.2543483208089954,4.0896990359803845e-05,0.8934283125152828,0.8934225188570939
0020,553,7,1.0000741580354404,3.1661088412308636,3.9580277696539574,4.600921746491678,3.867062737950272,1.2233101708700476,2.4850529706685878,2.2517638100288697,1.5393135198644994e-05,0.6695318710705613,0.6695234381605242
0020,554,7,1.0960042122861806,3.3044657975564,4.631130371027862,5.821184802147696,4.92395624948859,1.3365503582133047,2.966624673818723,2.5705014471830396,2.272517131116023e-05,0.5381595598627743,0.5381585260580708
0020,555,7,0.9941644304619687,3.4568938513084984,4.401976999030611,6.003428907757262,5.110878604873239,1.2239481129939396,2.8875414079339796,2.398269656105996,1.730444341289999e-05,1.5929980275659725,1.5929926194369144
0020,556,6,0.9905659130593013,3.629991240631165,2.5453270065214255,6.565286924568845,5.323048285413149,0.5608210029491982,1.55611528931334,1.2853035280128513,2.6179250483789195e-05,0.35800319470465447,0.35800119131095304
0020,557,7,1.0847362155319307,5.960710852113743,3.05408892537284,8.825420835208494,6.842705486460745,2.8110733560684995,6.222294723176317,5.306295163530756,2.522163223509262e-05,6.347576855735611,6.347569224793029
0020,558,7,0.9811104421819566,6.44327759051259,3.219078720781721,8.780628700647297,6.772621291599788,2.6937873351496204,6.259256328266923,5.342784079838222,2.7504868984835058e-05,0.42113130445901614,0.42112105372545516
0020,559,8,0.9746215583770705,7.007988503838459,4.772062795347466,8.996207401085634,6.483541953688663,3.0173735212865718,7.422520977405731,7.086174252393653,0.011424325085675667,0.4052566209085951,0.40099322713355096
0020,560,8,1.0630106805522932,7.649410458607146,5.9151724842810545,12.076932937476794,8.933647792880313,3.9096389779519063,9.26549397674018,8.872514096755577,0.022428993417185822,0.5543159637217471,0.5442895796019721
0020,561,8,0.9558746854511595,8.425833884959605,6.272389479916687,13.207264422586025,10.823584683443306,4.015739721731876,9.375174508722619,8.963948735031915,0.029920624351228352,0.4727499941676432,0.46757112777023924
0020,562,7,1.0374686909261088,9.370370814369863,10.748048128722067,19.497951661070626,15.549444632118462,4.173169097533013,9.417845986788414,9.223320196645352,1.35769780913706e-05,0.7424717239477422,0.7424687061513174
0020,563,7,0.9308863764880322,10.54424889940953,12.744242900793267,20.15789536099284,16.06834486440819,4.533015764047366,9.983350088413905,9.794077550078397,2.6428478772089514e-05,24.404014542428424,24.404010003366448
0020,564,6,0.9191467439567024,4.561913030799899,1.4325115243722406,3.435859425507062,2.7286022059415282,1.7002525377490372,2.4053732869236937,1.9127359918957154,2.6505588325200952e-05,1.0284309082230334,1.028424602592095
0020,565,7,0.9985233433379078,4.600358531526832,1.3717152327351572,4.534891362521053,3.8043737274351703,1.6685067402237865,3.3840394660570223,2.7624884368372014,2.873784220792151e-05,12.00646497579698,12.006459364994676
0020,566,7,0.9026538922074523,4.639187966991643,1.194574417578524,4.408530817239759,3.743108257165908,1.5991714635819374,3.1914552709277,2.6410991174203744,3.835989790490112e-05,3.577183866320419,3.5771827962006904
0020,567,7,0.9006595013602032,4.693899032117551,1.1717709506911085,4.7661407445642405,4.092115970028189,1.7335411017666364,3.3214160103278636,2.7776998711879664,3.1585921980084045e-05,6.675699710112958,6.675690889068324
0020,568,7,0.9899206255085227,4.945720187475455,1.429880329253748,5.729238986796654,4.985704248618384,2.0745498464798886,3.8216831807673146,3.244104202001391,1.764871414672585e-05,2.0032501471723,2.0032430436159756
0020,569,8,0.8995132693090417,5.223832446613405,1.3965555576138342,5.682670145205726,5.053191428955081,1.8656567315754242,3.92182334540211,3.42016400809294,0.008541860482039119,0.8944524168603281,0.8939444228388513
0020,570,8,0.8977187805104616,5.532580770777572,1.4892073953165645,6.18385608594114,5.609387588045725,2.0044729266022365,4.054321999835671,3.596598313098381,0.03635396706034515,0.5670680191209502,0.5591161918401467
0020,571,8,0.9840576364435828,5.8701779577310305,1.7817227008709646,7.509692032878167,6.957435603713161,2.4598559287224386,4.687657748760022,4.251468114768498,0.07741134276262449,0.6525884396280337,0.612195064393362
0020,572,6,0.8919365360932577,4.616581135412895,1.859060718221377,7.014505868027973,6.677826865465657,2.5432604729162795,4.2954684693846445,3.0525879405996674,1.9424744404333496e-05,0.5297694856995115,0.529766166040969
0020,573,6,0.9782506827188788,4.950576184855393,2.3732888710231297,8.580136928062103,8.411154625454978,3.1010328183915687,5.373567435655789,3.861029551101785,2.4825210391321898e-05,1.0504611391052765,1.0504529994313723
0020,574,6,0.890066145877091,5.3305019178705155,2.4559015838427465,8.89759695224703,8.783327111030424,2.925166805590508,5.453650039719674,3.9542734754598032,2.0890861699045117e-05,1.0153002030946043,1.0152979768913453
0020,575,5,0.88721422965051,5.766533178640557,3.4567994121385546,10.138171311292703,9.86117764368406,3.523017681060841,5.368996017325006,3.6194540874982017,1.7330931626478343e-05,0.4138982871880454,0.4138896464216369
0020,576,5,0.9735592285557787,6.26043360575324,4.782067082635485,13.174841081071488,12.429805204714066,4.152767104649987,6.828825656200668,5.094055421880216,1.2411396442364592e-05,1.3009558430300685,1.3009467806403865
0020,577,5,0.8832401615714167,6.837571979416081,5.436546799695879,13.9115408729546,12.745349760991134,3.96824263684493,7.033578627224962,5.725032676914653,9.137642752665981e-06,0.49949174119760226,0.4994873367456677
0020,578,5,0.8828741423167373,7.519057786729332,5.359689009407081,17.558871049894243,16.345997220345975,4.36904475085951,8.161125122372042,6.988802219334165,1.283964792780174e-05,2.299262294544899,2.2992545422259827
0020,579,5,0.9698638255785198,8.338676306240128,7.930053631510281,23.31092063989799,21.227571383883195,6.071088349527259,10.743565162785115,9.883046085318933,1.100444020135357e-05,1.8094703766345495,1.8094659564896112
0020,583,5,0.8767365904802811,5.044553568329062,2.3040135885502644,5.893213050763482,4.678486068239832,2.5440148261277513,4.087448276854724,3.9241992301379485,1.1997554431558605e-05,0.23817215251969998,0.23816561818733475
0020,584,5,0.9672935028091462,5.42884228908006,2.9784633271963687,7.668149093605728,6.263325985863505,3.334728706104543,5.3546666670652865,5.28239202821492,1.2394181818492235e-05,2.804151708709288,2.8041492262510936
0020,585,5,0.8757121735433091,5.870862011515793,2.9844734731789684,8.210971537729632,6.852173425221707,3.4981928230066837,5.584667426094757,5.330571273081858,2.3373059812486637e-05,0.8343487853512719,0.8343375322119704
0020,586,5,0.8698942180309975,6.384677145094854,3.2235913235923426,10.069911090868416,8.563460318045976,3.5903123498778973,6.439043075778754,5.916166177634996,1.0132013701900612e-05,0.40414148752245355,0.40413738900109164
0020,593,5,0.9872714145930221,5.083155468440142,3.6980183580404677,7.8318372232119,6.711125358664636,4.545078561934223,6.032624607772334,4.659918030056643,1.5689935149230535e-05,7.585393256592758,7.585380593798828
0020,594,5,0.902242168226365,5.504457274899349,3.791802980034961,8.373403947972696,7.109004987521724,5.106781717680667,6.151550466178969,4.579258057810303,2.7885272301310252e-05,0.587032579941459,0.5870240896968999
0020,604,5,0.9860654278650538,3.6381748411290666,2.4514033228105103,3.148899683947965,2.79500641784246,1.9484083301571946,2.835199181357758,2.229329833242543,2.1347898497115818e-05,0.9613050945558245,0.9612967111622486
0020,605,5,0.9991840939495319,3.859391219506317,2.7390912693835627,3.344136191260841,3.013334326866735,2.2569013514703093,3.224936210126112,2.6876823255703415,2.1122308425701044e-05,0.407209066064001,0.40719710762192884
0020,606,5,1.1149734977165082,4.1212692688413455,3.3729397426072367,4.011174969672172,3.6810850088426914,2.954767696500711,4.103757264613545,3.652267631929093,2.0458234429966148e-05,0.31279423890788144,0.31278952824503775
0020,607,5,1.0277498043638431,4.418777339432103,3.5957290688672265,4.039227950177135,3.7707234947415813,3.4567471737550624,4.216320972684683,4.018252430422489,1.1878492083523735e-05,0.5273627483149732,0.5273565336170877
0020,608,5,1.0410098290796834,4.759717558150503,4.229679714703035,4.8567112617491235,4.602374479335403,4.249089389328386,4.717014244152093,4.600315096707952,1.68971089069714e-05,0.491168576217947,0.49116195395038503
0020,609,5,1.1602989988622006,5.154350109474042,5.008742994217928,6.703360677925405,6.360648642638679,5.356933378680576,6.614677644635435,6.025218151417331,3.026924554226809e-05,0.40076467622921624,0.4007548081329078
0020,610,5,1.068716436235087,5.601449955097003,5.040762820467517,7.8150463721185925,7.322929171738255,5.2929549745988185,7.5297818883907235,6.406267278107407,2.8163492778762644e-05,0.9413780563453937,0.9413714281481311
0020,611,5,1.081649589429655,6.168755157504189,5.934578748006643,10.55843965862518,9.723770831129547,5.472875413049554,9.415097195305043,7.482432729155866,1.568828041477025e-05,12.656984863710369,12.656977993292976
0020,613,5,1.108838561335206,5.536435536613781,12.607920810189563,23.655167169972547,22.88056713798697,3.7009735548309983,9.894422416649451,9.102537492192447,2.4126084494543038e-05,1.258561122352811,1.258552606491631
0020,619,5,1.1814262177819972,4.206007872101116,11.051883560547395,19.018639920902476,18.520547766265924,5.201875545058867,8.593028465554255,6.364203264848071,2.242069930417464e-05,2.6223346318513934,2.622325315967295
0020,622,5,1.2220837957267825,2.8462993948676933,1.139548061268289,3.6757289868957326,3.300331338613645,0.4703120254762231,1.2587597845923775,1.0996550609399283,2.3266129397090228e-05,1.3327366763769317,1.3327280571601647
0020,623,5,1.3589532243990676,2.8250646633093117,1.3630676572777218,4.124252509535988,3.6976929283245283,0.4625765398033606,1.454478500185872,1.2916204082936475,1.5700679297642034e-05,0.3030560473767058,0.30305043767075185
0020,627,5,1.2858052915765252,2.744937262333847,1.7836513673117258,4.093287311360096,3.721652997045432,0.8253123887056761,2.110734698017145,1.7720604395930986,3.571139027125818e-05,0.5808746148989062,0.5808546158605793
0020,628,5,1.4296599442817417,2.7254655030306747,2.195221072421487,4.610517750492143,4.2217373925939325,1.0409963447444839,2.5819007695156038,2.178381102461799,1.571237772477239e-05,0.29596008931815027,0.2959561085474291
0020,629,5,1.310902080383589,2.70717221934257,2.238645172653878,4.298835871433469,3.9677302668090464,1.1010876550759225,2.6061046523924647,2.223116600443263,2.126102880572141e-05,0.35202564637929856,0.352017702447639
0020,630,5,1.3187764474288266,2.689163955517606,2.577181632854508,4.502735454367216,4.199282257298741,1.3499487337547578,2.9723447559886096,2.5481174514590483,1.822767048125988e-05,0.267404527616673,0.267393070641116
0020,631,5,1.4699005544512254,2.677694952442948,3.2803926171494497,5.072631373212164,4.705313788600701,1.2206498315396217,3.777300607807466,3.352463086304234,1.0584925269212679e-05,1.6651485941409843,1.665141665342712
0020,632,5,1.3547733830537434,2.6658485987647995,3.4305406969403087,4.657851819125413,4.3558418949838265,1.9369643079404393,4.208409782476193,3.5775015494567524,1.2480879664299807e-05,0.1930353888277328,0.19303330478903039
0020,634,5,1.5127917937489157,2.810527506977573,5.254342298582659,5.305323761401436,4.912871070923911,2.8777068041912504,6.426713772740089,5.972059854057324,2.1627364453065866e-05,0.05808273467108819,0.0580693309087005
