sequence,frame,n_obj,n_bg,trans_m,bg_depth_med,fit_sim,fit_hom,oracle_med,oracle_spread,sim_med,sim_spread,hom_med,hom_spread,online_med,online_spread
0,1,3,427,0.3419753087946272,18.890625,2.8392481960602707,0.5744903113897172,1.969075531863139,1.8884451175948291,12.316995382797586,15.206258282090944,1.4597276918290416,1.8496577851891758,15.096522215562384,16.427263863980667
0,2,3,443,0.3193194551641519,17.390625,1.9305430631724863,0.5342000318397279,1.7125812830361646,1.6486875819974198,9.927788159000544,12.236780929476447,1.393012252466599,2.0472154401549294,10.878438089739932,9.854741135451965
0,3,3,458,0.32994280613445615,16.390625,2.7632441940293115,0.7530875497527987,2.068626724468429,1.9982641138765247,10.526327068057716,15.086172546547123,1.3816442976779892,1.7336645643067632,12.756080373253896,10.679336543351734
0,4,3,459,0.34828996021011294,15.3515625,3.891484520029524,0.5240784925071651,2.4304712763550342,2.3550484719069598,9.94427481571373,13.490839686509966,1.6175409029477008,2.319354661072176,15.366483373092144,17.64930273913555
0,11,3,490,0.304320806119929,16.546875,2.2216021444220684,0.4425664708519177,0.5259810049288776,0.49073249570899996,3.2553887429689996,5.77679085277288,0.25208354545778505,0.8424698359312773,4.201435671161985,9.705318240733114
0,12,3,485,0.31327893089370473,16.90625,2.0770768981574843,0.4290787383437957,0.5231568229461362,0.487699513585217,3.8192647433115736,4.085160108372538,0.19316462136875087,0.7755695389596635,4.291281425893623,7.374432513024366
0,13,3,486,0.3467820983627443,16.140625,2.990706789482813,0.5017590766602551,1.0772195627321992,1.003057190891984,5.2558901608582405,3.115118406486574,0.2874020574626042,0.5492120147119847,3.8244314112538977,8.586452903328208
0,14,3,480,0.2996811332106874,15.81640625,2.7508869633662814,0.5064329928763303,1.261186766254409,1.1726269208687967,2.6985402516752783,5.845850828375967,0.5280878795146734,0.22690802437620133,4.616051485901182,7.389791335810051
0,15,3,483,0.2917436018425043,15.3828125,3.120818108813622,0.4607101067837637,1.4626109431850756,1.3574554266115282,2.1807477146038696,6.650694096555277,0.355981436218233,0.23113369927383476,3.2903239020086708,11.942445647447638
0,16,3,489,0.34604016297585866,15.375,2.887222216463051,0.7456492832932964,1.5069667113687826,1.391724628470607,4.24524377555603,4.475209462646955,0.799244828364793,1.029439212320168,3.026080900143419,14.129247021231356
0,17,3,500,0.3136632190813385,14.984375,3.362427566045316,0.5695250435089968,1.548392824346696,1.4364789376049556,3.781405708634778,3.4692802966160174,0.3087048277340974,0.5791633291544929,4.202693325722007,11.002479239689313
0,18,3,504,0.31046742402042105,15.2890625,3.50978793701556,0.48023059928757333,1.631053428090499,1.4970193874215845,3.1244404673975126,3.8439393631976513,0.29680423992145083,0.38178920152261947,4.7748534772957205,11.905073627787075
0,19,3,491,0.30799721925197326,15.0546875,2.668288889985215,0.5695153450970737,1.7466659938703526,1.59379642240406,2.890134789997359,4.635786640494679,0.44396053638652294,0.03683244039890049,3.8700695523535567,13.33047707128214
0,20,3,495,0.3377084004389128,16.21875,2.6792648309443554,0.6500199840833387,1.8774990064592862,1.7027753917527548,3.4879788941361776,4.93132213575257,0.3178360926310568,0.1225081586935512,3.598365698379035,13.906132522176629
0,21,3,490,0.31782448539965363,15.734375,2.200141558661458,0.6854730071882496,1.5169746019802206,1.3687368967050872,3.5693727616398254,3.6417251132734174,0.19643765804174232,0.3246704601165221,2.1119787568212156,8.170166730376584
0,22,3,506,0.35532182810053703,15.796875,2.4888221981715914,0.8357070620759302,1.797177815668944,1.6066605748400524,3.141904335498896,4.329015630680622,0.1271736443294998,0.11198878595303778,1.3475896719250335,11.158445360890275
0,23,3,470,0.32381559087095385,15.2421875,2.322118226087719,0.8644630233673853,1.9478063647616366,1.726264600382379,3.099245750754743,3.7390166363479493,0.8967452835549027,6.199900276259699,1.6074358800647468,10.326936649767518
0,24,3,490,0.320962280636418,15.03125,2.8850686742722047,0.6125416898179068,1.892836463364558,1.6591718418563846,4.112389494749406,2.2959387717694444,0.20853744822185755,0.047292924987758556,2.161204816715512,9.744660212141612
0,25,3,494,0.32885757217678063,14.6015625,2.8334277941829815,0.7376543643603239,1.7241689690579531,1.4796549288254193,2.2291898144410007,2.640472345104131,0.25990574188299476,0.3680243790722454,3.167452373965079,10.32516357897956
0,26,3,494,0.3643363070732828,14.390625,3.4640503754759218,0.6986735376950161,2.00120083632657,1.6805078099989348,3.121468609764331,2.6428185373935356,0.1859345864472233,0.36028951792430797,1.625965330159532,11.421938383977198
0,27,3,501,0.33084807545123784,13.703125,3.181751003483053,0.8039365598618415,1.7620319872342156,1.490344178983413,2.8368082842681357,0.6987878485247174,0.4538387803067007,0.7971894205555297,2.170800322680273,7.854544854481414
0,28,3,526,0.32792241343896034,13.7109375,2.943934082294411,0.542473650381557,1.6703122171519862,1.401869002939087,2.4435394479505317,2.4068815660293104,0.22048436823484857,0.10738016949832085,2.868570729836752,8.648741048333937
0,29,3,511,0.3510808859203405,13.6015625,3.2188433930992746,0.862016337620943,2.087514602321694,1.71454331363285,2.8430233175531945,1.8809653924836596,0.46233845005584795,1.007208725479289,2.2576879691626104,8.998121310988239
0,30,3,509,0.3211820860067126,13.4609375,3.2143934591514154,0.5629660843700393,1.8215343659368541,1.4600627423371353,2.399889049870119,0.6376854963531258,0.1676179154612751,0.38977703955418963,1.7897861384203906,6.122085291789911
0,31,3,512,0.3549674751497613,13.80859375,3.217225952096469,0.6622406809515748,2.519668840673691,1.9424214702427356,2.5922307412038763,0.6817861476884803,0.1847225701880788,0.39411850021437206,1.1733204017523982,8.355615061378364
0,32,3,527,0.32943081409786645,13.703125,3.2267375358886645,0.9846659632489029,2.3412777913041127,1.738082627403005,2.418384366209692,1.9033642965003565,0.5607585262362395,0.7044137921745515,1.9652640412060574,6.2014311856001045
0,33,3,502,0.34548949092395775,13.6484375,2.9981911504292293,0.7143712738644992,1.9669858347040001,1.3883138790168743,2.245007501575256,1.4387316469487592,0.16606903048371152,0.13046340390559047,2.3538029044615025,5.113648649014875
0,38,3,522,0.42887900990014177,12.62109375,4.716100475388542,1.1464088983980667,2.2263251756475047,1.2980697362161624,2.439151310368124,3.512562975750968,0.14981838301511768,0.4624146484411698,1.714718835870078,5.674550470042656
0,39,3,511,0.3983356357179576,12.1640625,3.810008610920546,1.1925766843340224,1.9507491409037065,1.1568779494519092,2.255662002649442,3.166081562181744,0.4518380602228809,0.9044337347606058,2.492448181032509,3.7018389293432348
0,40,3,503,0.409279983538953,12.109375,5.080576258528483,1.4971070755488642,1.7015495465392567,1.0048628288494015,4.228090493290883,4.498332033335956,0.4362721604585256,0.45559486827285267,2.6666991439707473,3.599558846228793
0,41,3,494,0.45797561326279324,11.453125,5.307278402797774,1.4662823403959853,1.8184190472318718,1.041086163008178,3.4890858053191325,5.471120377073409,0.19999577696459483,0.4987115657417273,1.6397418392184442,5.633183386666163
0,42,3,489,0.41697547101442867,11.5234375,5.6179889239274114,1.2961492598690039,1.7952211216467318,1.0913616626603784,4.583463488338551,5.417822717889431,0.10055101860365004,1.1622055004215355,2.288876390124655,3.700944930140511
0,43,3,496,0.41490734844686894,11.97265625,5.180160884690036,1.4705458834254421,2.198168332732635,1.3911887447399898,4.016962010270107,4.766471112037081,0.4668120449866029,3.240476046892294,1.9749848037937139,3.2073416056171773
0,44,3,497,0.46598777593378143,12.59375,5.108063734038559,1.7909319075792582,2.6298429667855854,1.703833199804075,4.897653421010575,5.496048885066506,0.23216987500062303,0.8911737213534725,0.8590432335414406,5.819983691839202
0,45,3,503,0.443484289470293,12.734375,4.638390786806322,1.4511584692001203,1.3819803432354674,0.8817655536372007,4.665878466676387,4.56513927643708,0.3702736239162475,1.1356983957831435,1.8090436463192192,1.0021822766705095
0,56,3,461,0.4433188838422428,12.609375,4.928529770201223,0.8297746713844244,2.2344305167114196,2.0060355748314596,2.499169429178127,3.0048021827704803,0.4410824678780058,0.9024497507043057,5.208868514836311,6.351494056590173
0,57,3,456,0.39152448349765745,13.3359375,3.5812567427496007,0.5453816608791405,2.1488315722874947,1.944354107910456,2.5457765868274955,5.279161401901201,0.09888094768518295,0.2461835308550988,1.1594152676447818,6.333393502614208
0,58,3,472,0.386447617814834,13.46875,3.3999209115789046,0.5265868271852945,2.2528040149100343,2.0537035706735223,3.2851028661856,6.644702051073514,0.13289292311381398,0.4969757193061044,2.3967128390934955,5.375889037749108
0,59,3,461,0.3911465956975447,13.4453125,3.924084515665892,0.5599528451393797,2.0377572273021967,1.8708167887144627,2.5090605727296396,5.079242968176401,0.6541323416356862,1.3704523281237277,3.6354458860417123,6.755601376935586
0,64,3,484,0.3758057482455248,15.18359375,2.852817393588502,0.7188805567816383,2.1106280566877214,1.9573505754699372,3.4968599909662514,7.824126682103691,0.3546934622965589,0.09863924195528267,2.5589360044332716,8.732031851046248
0,65,3,476,0.3708661486571535,15.55859375,2.7278303032009634,0.4834949088040824,2.179728339794868,2.0218430455074428,2.9592561430484,8.48293807523316,0.2718710259399592,0.38061643588014377,0.9899026646320108,8.68047494654661
0,66,3,495,0.41171755106160907,16.390625,2.396540694201762,0.5167260713702546,2.280097956967043,2.11533122510069,3.2826149748251416,9.420708225261896,0.42526212486024995,0.330166973062726,3.6437281505689962,10.006442546135261
0,67,3,488,0.3555736931755384,16.5703125,2.3396731155491377,0.42297280997890874,2.5361456636209723,2.3480018871615105,2.074190967284558,12.036559070847982,0.08382900860569889,0.5584228161509553,2.5985323104925633,12.738043628261034
0,96,3,436,0.44839898921500276,13.24609375,3.7322184863086747,1.0977048792609119,4.102791975132008,2.9862415346948583,2.4095194693925466,7.347442208099747,1.0607216151247654,1.1466662735594226,3.5472515070769166,9.854563069605167
0,97,3,416,0.447863496553899,12.52734375,3.6720320781018723,0.7800244706434709,4.428261097099351,3.347190163514347,2.465143906571985,9.049610657803393,0.37031059754335516,0.6321985450984899,4.4979001590465195,5.236408569833315
0,110,3,421,0.553281951484123,9.90625,6.3583797424425,0.9972657821830572,1.7418455999022684,1.3000654879267362,4.3627449510942125,7.71220958418391,0.18554711825411596,0.42217600158892205,1.1493844736779089,4.465588330289436
0,111,3,401,0.6100502741351272,10.140625,7.005008310540422,0.8934641994220934,1.90348891565034,1.4970828115471024,4.1382815309298495,6.963143679857048,0.13721111116578502,0.09663010318465062,1.3348234234421683,3.0595394953144632
0,112,3,413,0.5537573073302398,11.40625,5.199533675822011,0.6353438240232248,1.706047673998497,1.3956639295048106,2.9973000927567264,4.401694761698058,0.12146670209366708,0.24251501726045877,0.9641550115978301,2.849569057970511
0,113,3,426,0.615224244000761,12.87109375,4.384856520298438,0.6742850201211819,1.8367570992056577,1.5481581726392966,2.81904122041837,2.9456704450709443,0.13182394376763082,0.12456873420713356,1.4000050732645037,2.257891618718717
0,114,4,419,0.5565836752373926,15.0078125,4.0144118073751995,0.5440662926030289,2.3858909989680517,3.0263086921205025,3.0317625564734314,12.728948406769053,0.1452721844092648,0.46929477042871587,2.422215117563843,21.365247167821547
0,115,4,452,0.5488009743971737,15.4921875,3.9348633919204525,0.641119952925711,2.5068652688270383,3.0408162887572323,2.6752886821893407,15.519438119350596,0.05035903083511002,0.1521268604832673,2.1834316793676907,23.07045043440318
0,116,4,467,0.5439283710617637,15.15625,3.8701979924506094,0.9166221899048174,2.776909056100643,3.193156506082964,2.6284849371376557,21.19486001283312,0.47784743922719447,0.8820311320322539,1.9965939688206544,28.97076221361988
0,117,3,471,0.5951738216619725,15.6640625,4.357839459494141,0.8403804545021527,1.3954076361587058,1.2658656982287724,3.1374624319485704,1.094254666264285,0.14911381862259543,0.0787457982380167,1.350759899720128,0.7990710787254096
0,118,3,481,0.5483474699988637,15.390625,3.9361040862695997,0.7401724240316295,1.1239965471897417,1.0314781344988309,2.5855382179551945,1.115253550630476,0.20898016409880132,0.41944696638887335,1.301647099823531,1.3489088436805332
0,119,3,482,0.546613345927025,15.11328125,3.958187899914019,0.8423989962830483,0.9868212604604274,0.915914951678356,2.5169633136558813,1.4218343112319038,0.18802910739339676,0.3226212618334693,1.651707032857367,1.4147358275099715
0,120,3,486,0.6010886344878564,15.0,4.858790716753122,1.053313228773233,1.0118638671452522,0.9487927642605144,2.8846438089841815,2.083665197827315,0.4037027796878779,0.6098581604573485,1.948735219775952,2.767497686468799
0,121,4,504,0.5365857152223865,15.109375,4.562131703266223,0.9492832323447424,0.7976623158832391,1.1204442672299524,2.471938005707069,1.7332398180425486,0.16652238500296032,0.17124220551540542,1.3561740686208803,0.8740902530409014
0,122,5,509,0.5472828174886775,14.34375,4.4615782784378535,1.0459828089848202,0.6984468405078426,0.9770535092423102,2.761434790184424,2.931153463560031,0.36842370407828456,0.28981097723150046,0.8101742760281592,1.5789908795424648
0,123,5,511,0.6026201511960965,14.0703125,4.697994627564793,1.1526064579016522,0.9373654101389448,0.76747432104793,2.932407214659952,3.0063741664408106,0.24852495977020705,0.3442749844980215,1.2333746549140445,1.1560101811297707
0,124,5,511,0.5524267714065555,13.625,4.378902981564575,1.1272254107746216,0.7444838975890115,0.8548578943557389,3.1648008272557817,3.4883613285587924,0.35534411635720026,0.7916610981361126,1.7491022329270827,2.922084991313681
0,125,6,500,0.5485513219104627,13.55078125,4.794007466316122,1.0284499120240507,0.6693695965397957,1.4262029096472166,3.1116029082816756,3.844875418501584,0.2693294547164924,0.6420329732197936,1.3910304667888722,2.5827260280375004
0,126,6,500,0.6056850506808089,13.09375,5.304545795542364,1.1482169063920549,0.8233124290151828,1.8131446366021877,3.420492623420899,4.58173692803069,0.3741228535950544,1.2736131419544567,1.5565686515760995,0.7315513263216216
0,127,6,488,0.5571102729819215,12.6171875,4.740215593683695,1.124575675306796,0.7895841057054993,1.8313476085914289,3.324774576942347,4.7704971924296045,0.32396231016741095,0.5420227791806252,1.5309229290620707,0.6244353576492376
0,128,5,484,0.5591463804399489,12.74609375,4.192670039165828,1.1204439057616362,0.9890563328496833,1.8929440641276642,2.3392141285092225,4.3343812609190255,0.29265329882631225,1.013256876496476,2.8405216553187747,1.81553291299473
0,129,5,482,0.6232557118492481,12.69921875,4.943265867714435,1.547106944033081,1.1437349397456262,2.1253194582127204,2.5266227933964047,4.34936459908206,0.23626406136414074,1.4686716293446032,1.9841032648454642,3.888740332742822
0,130,5,466,0.5514746834887442,12.97265625,4.669710918257341,1.2127086692833986,1.1835787393695862,1.721468387361869,2.3483482151084063,4.202825862477757,0.11229363036356024,1.2270027324466701,1.4281340204712898,5.264877220165634
0,131,6,462,0.5622140038353927,12.65625,4.62008353507499,1.4119736550452862,1.1764543585842993,1.7913813867132613,2.5205103020846567,4.3245770932457415,0.03857698685859395,0.9866189080087437,1.8966751765562597,2.35053720516207
0,132,5,445,0.5692002964996109,12.21875,4.357007996684581,1.5018063001382158,1.7404094018879608,1.847733001673261,2.8326510505476743,4.0607103073754915,0.26891132784487687,0.8264056966662534,4.930692234006138,5.009759343028651
0,133,5,434,0.6316420381550498,12.70703125,6.147431723483333,2.1660631747579107,2.299179142312274,1.998316500240746,3.501002498641528,5.264744284221583,0.3358658932928072,1.3313178687851874,1.7003435036126466,3.6790807563741783
0,134,5,419,0.583394740303494,12.1640625,5.460531160487403,2.0486616429904334,2.4473814941464096,1.7315015654026809,3.8555475805517267,4.461819411227665,0.513783506502382,2.0249574516928113,2.0523182282785344,3.810544200107594
0,135,6,387,0.5693000363514553,12.59375,5.807756101497616,1.8836086337990703,2.5553488051076068,1.761418831415876,3.475372491240842,1.9606345335977555,0.452166384975654,1.7793744103624927,2.3220069193886492,8.475491260106029
0,136,6,379,0.6445260021113699,11.8671875,6.438311016018463,2.6272549312849183,3.239173274409,2.2920499703544133,3.914214747794185,10.245866701990561,0.47549834456642504,1.6808532676011771,3.384310676251041,13.100147693811511
0,137,6,342,0.5857423191758683,11.8515625,5.570440644948558,1.7813251320462753,3.770584958705749,3.1535280436861153,4.454649675160397,6.7389398498532564,0.29347818049727703,2.069735902888818,2.7945241584747222,14.983225667825023
0,138,6,294,0.5956325579146524,11.92578125,6.665518646368638,1.7863748515665085,5.300898029987382,5.524316414195582,4.456158124036368,8.56847858137517,0.6385735358670963,1.644583350006571,2.326486357442584,21.637923485724425
0,139,6,278,0.6482421256465687,13.8984375,6.129915262044498,1.6853157067460243,7.809500119339277,8.957889284860013,3.8404926710342053,25.55049041098641,0.5084463307041555,2.1202808973160163,4.030679349590807,36.57168064490334
0,140,6,253,0.5936417999496149,15.5703125,4.702894410064125,1.1713534966415446,9.232570054895671,10.986630234356182,2.7987660542104598,37.19471550964858,0.4644020663539299,2.7860906013568103,2.3296783363686013,32.444933749076874
0,141,5,235,0.6004061202477067,16.65625,4.8755877381409,1.6615681608224888,2.3135926232596944,1.8465336854477368,2.5791632325144724,4.198280068253175,0.3582157844132287,3.4432308126338165,3.987495455487422,6.220352941052038
0,142,5,218,0.6651836427369612,16.359375,4.541467249998399,2.8205263957151434,2.094004212524469,2.4721030840186238,2.4641154441385607,7.713690199849265,0.5605697089060606,2.5200252843726494,2.5683278670871177,11.020495897348482
0,143,5,237,0.6122291406495435,15.7421875,5.380362567076188,2.074354634954393,2.2415073995481984,2.771734323821341,3.5143579901552586,4.196370702578172,3.1649681303892336,16.526739666777868,2.22138339468846,10.21782998629029
0,144,5,229,0.6109537046816949,15.453125,4.9725369307184195,3.8550631997133005,2.8120887160164494,4.53511627020649,2.6364066912229047,13.277718322358137,0.19816109014716982,2.724972860950746,2.9409773815858564,14.660948148241449
0,145,5,224,0.622597933919755,16.53125,4.465622889136991,5.082775769356104,3.495122845356142,6.35135497641228,2.5705936077861096,21.553305376281443,0.3631094115355003,2.1611361025596105,2.739108488246658,20.709181126247497
0,146,5,220,0.690534399488345,17.46875,4.52623495226204,3.104329834834318,5.788413016661192,9.86806944977166,2.473008747176011,35.02857380750065,0.2035698005104583,3.623839368608617,1.7578477047598005,35.61985734459404
0,147,4,223,0.6347785786647901,17.0,4.4372465936511345,4.259602120193322,1.7842317917490869,2.239418039058749,2.586942232113402,19.950849705643044,4.161404327857538,49.193513985637686,1.6302093362876804,18.386903360316605
0,148,3,224,0.7008657133663068,15.8515625,5.248663121147668,1.605309184252233,0.5915464216602436,0.49767214700427,2.428834800158651,1.164384869564248,0.2772934413344952,0.2687201587160911,1.4984101195351145,4.157407855558893
0,149,6,228,0.6420613246752057,14.97265625,5.163210668850887,1.1947791856228265,2.2451391485033283,1.7213986117264324,2.9207555573224955,7.7924003867452925,0.5357341756774756,2.278314870684734,1.8249073300003062,12.520957118943105
0,150,4,217,0.6443966145154856,13.6875,6.295755270804155,0.93976054001407,1.0539369004536043,0.7911125353752896,3.7854113050805767,7.1640790682454645,0.16763269989623109,2.2871388201431886,3.9524956051708404,16.777059645405622
0,151,6,222,0.6469031912949142,12.85546875,5.885657596341034,1.7761196239465735,2.8011266085292488,4.589321091082358,4.0018196397939825,7.425818727038505,1.4945743076828717,2.2127380289041194,5.37099842398073,24.360039117595456
0,152,5,235,0.7121497984988107,12.96875,6.420424485137005,1.4077159633788772,3.8359081542533695,2.3901453022376784,8.055416141940626,24.670934650149498,0.3583585053468849,3.4730494417322557,13.06300171655474,35.10865618860066
0,153,7,222,0.6530562063052903,15.015625,5.079326400833958,1.6709569503290465,5.142986977390774,5.093641258943341,3.2365177644503005,33.2232488386832,1.189080167506577,6.511731990885409,3.2095607364841596,41.607499409271064
1,1,5,350,1.1745190158597425,15.125,8.013541693503054,4.445846410616737,14.120522934758531,14.093210221589684,8.21557471378628,45.379767644379456,0.41331403159453894,8.501788506711538,2.272901405232391,62.320729723387615
1,2,4,362,1.0741189149199226,14.61328125,7.485880942112274,7.607674184482475,2.2547117728259125,4.065277915801617,6.776016809343735,4.220514144720113,2.2224715642681248,18.847133548310257,2.962297375367917,4.966061765072237
1,3,5,375,1.0732490849794765,14.5625,7.003673090432147,5.609163466066143,3.3419942605717394,3.9207536369278597,5.390854431648927,3.25354236452723,0.537299824702676,4.8322717390020955,2.975747871232227,8.879315202977564
1,4,5,376,1.1793726622582474,13.921875,8.241999785993006,4.224420949217705,5.136816263529948,5.207081344718002,8.196168348725067,3.0516763018775785,1.5112048443029762,5.254079121944216,2.2624725300776687,16.82378666159605
1,5,5,374,1.068641276668333,13.40234375,6.8572587345109834,4.298852036730883,6.479847350205393,5.9113267925855215,6.610883369918791,7.182053700019471,1.4824242680265898,4.7798493315220885,2.6314046475059762,19.230565625003443
1,6,5,387,1.172769975813348,13.0,8.312209929616495,4.04787618186567,10.748809667362055,9.676282361408369,9.218433291807168,19.371290640251303,1.4776170659383239,6.006139027024688,3.963888671430979,32.31778434252499
1,7,5,357,1.0690328797534479,13.53125,7.4474341404574025,3.4625582205744467,13.605044001764234,13.017082128747306,6.465449580274239,35.62658425968131,1.302403502090745,8.414220142232814,6.255839015375657,37.703505057922484
1,8,4,345,1.0754907071934972,14.015625,8.092604776627589,3.158649608359575,3.1451542885437016,4.6539453983180366,6.984090980700152,4.904998706385791,1.0675959435030558,2.3665242519533245,6.87270565661356,6.610474594495063
1,9,5,351,1.1826912425509637,13.21875,8.749820348657261,4.14087551164707,8.427167220905122,8.874958060692807,8.622960180916719,20.44314081630344,1.9674379458621638,3.792477507656401,7.9662264243276875,12.79180228670926
1,10,4,354,1.0709114210488615,13.70703125,8.763073577377785,5.396176060381768,4.347241349815019,7.1383638228047275,8.294801409251486,6.115590949578282,0.5228270818866746,3.877701195772811,9.153522225122769,13.426694173333658
1,11,4,376,1.0730614275544084,13.328125,8.314371910280098,3.8362641798984813,5.287706979957528,8.39621688837875,8.297482505393663,10.156715838935717,2.0815957767324957,3.930336146156799,11.492007464285642,19.624005504487137
1,12,4,350,1.167402131901975,14.10546875,10.057365737551917,3.915040707787738,7.246010744147991,12.277353673251374,9.187183909208626,22.900731702763796,2.2670800262830353,5.874715536945506,16.63304951396611,53.84033523963633
1,13,4,300,1.0600068449293085,18.6484375,7.607095553240538,1.9685916280715723,8.304953852381164,13.962510233138767,14.315026059127174,51.597901461538974,2.690339293984142,10.368429638361755,16.682474160153753,42.32160431810545
1,14,3,317,1.0554026892600883,20.25,5.784597517372885,2.282376623432586,7.113313349645395,7.030997551424711,3.1591672757805758,39.90044528569895,0.7644499076995173,7.636913695202467,2.576681751042678,41.72731076627454
1,15,4,355,1.1557190604251972,20.859375,7.650922561107501,1.9223934136058598,10.11067883041489,7.672582764233365,3.9163170286940208,60.52073518672602,0.3710631940338109,7.489168078701709,0.8784911844245015,70.2313301400049
1,16,4,412,1.0445989944248641,19.15625,7.391224955750032,2.0652004500191827,0.46865627702921453,0.9244099070381732,3.070465430606345,3.03105119923257,0.2164600281254992,2.2860035330690565,0.8425893738873819,2.6325318313382757
1,17,5,487,1.0414842982703172,15.578125,9.948698470252161,1.854308611940154,0.2996401768739702,1.2514543315382358,5.456109902940223,10.171014384894729,0.6844167912043579,4.066629141588804,1.6755399567804345,3.3595194918788387
1,18,6,520,1.1392930200547051,14.3515625,11.957830126367028,2.5855124299120087,0.32651387190839143,1.5672496289299371,10.449923490280051,14.00243728600817,1.0306734665157635,2.319252893295839,2.4021519256434236,4.365266487648523
1,19,6,527,1.0293752933447695,14.0390625,10.849898881876314,2.2737141105199323,0.8403005433213179,1.1777952813695323,10.592481818895413,15.506603839610584,2.456518752433503,6.504608994104859,2.0288692663243104,3.4289627806648086
1,20,5,506,1.0250570431922328,14.96484375,10.128825067220045,1.5322577142455507,1.0707143847236498,1.2969721118335122,5.478388316349881,13.110670589307912,0.7329112645051157,3.4839512911252686,1.32068259678172,2.0954959784142364
1,21,5,508,1.1281984392127613,15.3046875,11.563664561746103,2.4128396293879057,1.4042923346729275,1.4691257698171238,6.234826281229327,15.693817561554894,1.030865579900761,5.277567921744198,1.1020574039445745,3.7297443699459167
1,22,5,507,1.024769289146111,14.8828125,9.835486526910927,1.5869531509881087,1.4054488541433514,1.54235123439281,6.659245610160368,13.940135436783038,1.2541859817023464,5.441072083905689,1.0074644474416963,2.965944533023006
1,23,6,512,1.0201578728045715,15.03125,10.201884315026842,1.520623997537895,1.2163678853274478,2.0046287294779823,6.227272710453529,14.136747619661616,1.8915101310817866,8.687832429155728,4.849819338878999,15.310415888620364
1,24,6,506,1.1218892563907352,14.5625,11.475768583178313,1.7359762263299714,1.5447160812159793,2.496262337575047,7.080335851762966,17.17030526713116,0.7876798102187075,4.276554179163479,1.4506708667120818,4.9520833603495635
1,25,5,507,1.0292002525793036,14.5,10.120155808317868,1.7093268698843027,1.728539324129682,2.9410634486035194,8.934672893606225,18.915999713069798,0.2893342865813754,6.817499519917029,3.426922543057073,5.543409640839177
1,26,5,501,1.0254172098925727,14.203125,11.988954763959827,2.2793027859348767,2.0913721163387815,3.0395853141942677,9.255005338844265,24.396370730686858,0.8999107730641128,8.665944076429955,2.619827999933208,5.648915532900225
1,27,5,506,1.130449185072117,13.4453125,12.7651812723765,2.497242527970463,2.6821962718958394,3.875705999368825,11.181919393006087,26.98501567362422,0.41848865808321795,6.947663275656556,2.9931036971933795,6.775313961249674
1,28,5,483,1.0310601264001016,13.4609375,12.262848682456248,2.6852014211921347,2.7527359332798493,3.9320027290154265,5.842624194867794,15.801341124886354,0.34086514821956965,8.955367905221044,2.340034438154472,7.798523828054822
1,29,5,492,1.059413502757197,12.6015625,12.803253798487724,3.2139207455367957,3.1052788645924405,4.975848357550947,11.460703688697182,27.32948519344346,0.33358642380687403,9.693566855513657,4.762037830308271,9.320897680210157
1,30,4,490,1.1430770738093838,13.01171875,15.330429699368693,4.166612144841885,3.030919124077047,2.2622502785564045,8.925627090155887,4.006020138082967,0.5333196374220888,0.529771746107957,3.2294214000272943,11.615046264166681
1,31,5,471,1.0349041293987844,12.390625,13.484511991360186,3.175469954161333,2.5843136924350065,3.447710832558278,8.199254764984184,5.4209434664906055,0.3282799051905747,0.849585514968888,2.211719990445762,13.08251859842624
1,32,5,468,1.141088002390298,13.4296875,11.971488318028298,4.817419253811925,3.6874252449863296,4.463060116622611,5.574033196045772,7.932159325241714,0.7150272555192668,0.9512249121196481,4.2213937689309535,19.896752886932813
1,33,5,446,1.0618544844971767,13.6875,15.053828360313712,4.1786279015628285,4.508506885843766,5.033449347804245,8.110835975159318,6.303735535784154,0.5615958319698174,0.9538556506886519,2.90853138083447,23.072920637980705
1,34,5,411,1.058622799476279,12.8828125,11.419114526294019,4.139735707658621,5.916356901370585,5.8830547435951885,6.851654521813958,15.217749900440925,0.34329484086155,1.9312204294524797,3.631765321025227,28.382976968157084
1,35,6,392,1.1704405793957404,14.0390625,12.756619762776474,8.588621862539636,8.583189773480175,12.340693005492803,7.634027345376398,27.855222055354943,1.0679515019670902,2.100157064666867,5.551477555879259,43.069469029538425
1,36,7,389,1.0623503941684487,13.7109375,10.389500817039906,8.910391738070526,9.639859480636412,13.407579233381982,6.720411314500598,40.5731726348445,0.7224855195317416,3.757555548387463,5.686683454290818,50.57994376751015
1,37,8,378,1.0647220432655955,12.79296875,11.676569485968137,6.386964833820082,4.628911646582603,6.212435425925367,6.578743872983509,2.2722295000051247,0.4931281415563442,0.8068996339135583,2.9131963625799093,11.618833303196006
1,38,7,371,1.1705116351522415,12.5390625,18.11970946229698,9.50103433003702,6.487556785314841,7.591843289173703,10.297185165134223,12.047068001171048,0.41330150368111196,1.2464286927866184,4.2246851392267475,21.754849497268946
1,39,7,321,1.0564852161509015,13.4453125,9.863538929429287,6.629004891636717,6.523278433650234,8.995486795401348,6.082731469283029,17.072606063821116,0.3503243359499207,0.9429821460952007,3.4094021705179003,24.382155736768155
1,40,7,284,1.0648421379988473,18.8671875,6.451834722403101,4.886778538160083,8.54439273121619,12.596879404780617,4.986349499863561,33.33093558959308,0.5365638888146049,2.1383121820848916,3.40718656128533,30.365432675330318
1,41,7,256,1.186490152674035,23.1640625,5.850381273309443,3.2862288492698744,11.516718268597051,20.52094008841228,4.779389884180402,60.985024807843914,0.5937516929831482,2.142905612706018,7.462884996050023,55.28371584947632
1,42,5,265,1.0751342824049153,21.734375,5.154829528685727,1.4892091275854236,3.4404253932619335,4.573264430993082,4.316426628734695,4.383505236228459,0.16529309109942597,0.6361734649469497,3.354149883723686,8.855159903723923
1,43,6,295,1.0827263196988324,20.171875,5.102714100067349,1.3192412585162354,3.730841214716654,5.998741336339132,3.197589798920598,9.257935233271766,0.9652652602317087,2.6252859972761624,2.918121637674181,11.636485078582012
1,44,6,332,1.201325061693786,13.03515625,10.457192504577641,3.0925451477489707,4.968108136825599,7.846307391502757,7.60217927880811,5.356518659331337,0.2542634161351177,0.8924734417927018,4.280157365664079,17.992181179058946
1,45,6,382,1.0981529240734635,13.3984375,9.899255829291414,3.0254700869929083,5.3008571212979385,8.140063944440536,5.996472766036574,9.67533176835099,1.0865672850138282,4.385176377009445,2.9969680052999363,16.541061188654584
1,46,5,411,1.100681867320415,11.703125,12.812114472116393,4.206100149610689,7.0121556673758505,8.19616377836511,8.764731453268348,4.7064172174700545,0.3024771052995264,3.6916600787431095,3.561521222812936,22.439417436285066
1,47,5,409,1.214144792311884,12.0546875,14.7827395072215,5.260623206068746,9.280147024050788,11.418506996286268,8.225649587754692,20.559727688851975,0.3126450240936119,7.073461436604129,4.24779526749222,39.4311278382346
1,48,5,410,1.1066117629545216,11.62109375,13.606779585336321,2.017289232968761,10.300310875168902,13.32888025834924,7.710319433342202,30.289348383685873,0.28649438527929877,0.7431586554065961,3.87042654571753,43.83596061425459
1,49,5,425,1.1061078745689366,12.2578125,13.176471400197933,3.072271184185611,4.186818717893924,5.555409824706021,7.432055834859011,2.4393614417854987,0.43252852424165406,2.098697837619866,4.371755599663982,5.1880352205417735
1,50,5,425,1.2141097977175948,13.8359375,11.46187275070456,2.1501384788220252,5.401139129154879,7.324744076480589,5.260454131837332,10.077541864952131,0.5464774176442947,3.8743606983467203,3.6249933790402307,23.50837449213043
1,51,5,442,1.107592756329817,16.8359375,8.372162419445981,1.6156248727833955,5.788465688822857,7.865301844001233,3.8184145489153445,15.957600854633323,0.6413035446098483,2.9807444269378056,2.2004306220388643,17.183719941494072
1,52,5,438,1.1080696696790546,15.9921875,10.035002455063658,1.4496603329185582,7.244098094436818,9.799253078699607,5.283214233427516,17.89275312232226,0.6351593605812843,2.4126888230292383,3.204912135965686,27.163287230582394
1,53,5,450,1.214366781835217,16.078125,11.310189555248016,2.02345503048432,10.18204953168171,13.507505534974289,5.998689274297425,30.844111137663567,0.8465868538061521,2.9605329693259974,2.9660394038685896,43.20983156823869
1,54,5,448,1.1067971701856552,15.29296875,10.195522630983156,1.3317382907399269,12.25668835507988,15.687159904874207,5.22799482052234,40.39947925169393,0.46945610981353925,4.619160990938096,3.0210095061656057,62.133386325819714
1,55,4,456,1.2113742016057862,14.74609375,13.506618117580755,1.7415711597703192,1.2921720052657366,0.2045853856127362,6.8602855886015455,2.694614979975536,0.6009968951102912,0.9974862302752672,5.053010016469582,2.7934035300260693
1,56,4,472,1.104607100455134,14.48046875,11.844788277073196,1.6699460604805494,1.3339015475298586,0.09933048767582187,6.438452330530511,3.5783590277351243,0.631083517693872,1.822493288924259,3.7842975787828728,7.407740315959533
1,57,4,493,1.1067221590140868,13.75,13.500637366332494,2.115787539395238,1.5049977989566536,0.22666990625627226,6.848041518369951,5.976662899914987,1.2169005478093877,3.832026224014651,7.199091069079383,4.4185594427514685
1,58,4,476,1.107756873535535,13.05078125,14.442063393949804,1.9229180616747508,1.733298186488995,0.37710539312390656,7.094025660441918,6.064226075819515,0.8920775286182825,2.297568119271382,4.834126594603342,16.077686101622145
1,59,4,458,1.2196162594030875,12.578125,17.389768164381653,3.191954181877073,2.2401737042999263,0.7969555986974233,7.532860276117477,7.559031590855953,1.2013765631597426,3.761381105986681,7.061000319053518,22.921199402153384
1,60,4,435,1.1105468226368915,11.96875,15.856605725246663,2.1810912068425146,2.345388135063259,1.0372993334013347,8.00376160251733,4.941762568792334,0.7196522990836702,2.734028719674344,7.054446398400637,23.684694765628517
1,61,5,416,1.1088506800322149,12.875,12.678819482156175,2.0318158245995512,4.7338583023555625,6.883126231413977,9.505731751292048,13.464904553928704,1.4037001758734087,8.047587373542878,3.153837768740292,27.37077343688824
1,62,5,385,1.2254107139964558,13.546875,13.637516355162575,1.988230277174887,6.269322403145911,9.573908525516075,7.498221674231461,29.011526481818517,0.4084662923541171,2.4735278076454335,4.90884809873681,43.11343860747767
1,63,4,354,1.1153278370178905,14.43359375,11.056096908111716,2.2211612469650768,6.574460854194026,6.5714956132872056,6.736106138858725,20.7787347703388,0.553691021833684,0.3757100918523796,3.4670647678354847,29.54807425500931
1,64,4,352,1.1160888512830913,13.921875,11.098682163784584,2.395298829812395,9.565216843364723,10.393868681197134,6.731137612199358,33.65363404478934,0.31634988290780136,0.7080687172445125,4.890276067078478,44.93132882687537
1,65,4,366,1.2317193865500202,13.75,12.54116126458076,2.423417691951358,3.163546570672207,5.387995026787295,8.086016724866134,2.4067515450412893,0.7589586878343524,1.102386784225607,3.0370267209112627,10.923393162331953
1,66,5,373,1.1202722541883408,13.3359375,10.422497264910488,1.9593402695926248,2.8272658985453614,6.987703424696882,9.841817635042144,6.445718173941888,0.37577326338893885,1.123405843268358,2.435319317168242,11.474703986613727
1,67,6,367,1.1209094731000528,14.3203125,9.57231606260307,1.6066533662617115,5.551280633881755,9.930485716821147,10.411215914432152,6.378043292113553,0.6437547870078353,0.6562043058318356,1.363563781354931,20.1054525514912
1,68,5,367,1.2280540872047925,15.8203125,9.09000916375231,1.716080604385136,4.6886229764236695,11.813281922562275,9.543659256943776,14.740803640463767,0.6440052700255706,1.4123651314880141,1.313755534456126,35.06907986076079
1,69,6,361,1.117336253300029,13.765625,9.586098113234078,1.499266834345187,10.69042446771281,15.504988248522157,10.311942254496923,20.624713089581867,0.5614937378641605,0.8372781749441112,4.12944234885653,40.7636937042052
1,70,5,335,1.117552007601168,13.8828125,9.378582379905275,1.2463519274447032,8.414080223101184,19.130435450906656,6.87777757917204,51.86734099991985,0.7102594070353833,0.5377693562831274,1.2660987425396548,69.40167831529236
1,71,6,335,1.229859640086134,13.1328125,10.897778309428224,1.3759437636695437,4.475241042846487,4.219044357492335,6.712179444177902,3.4383067396402573,1.2976633581049448,2.2741978146176534,1.8438934380243057,14.39471311956342
1,72,5,346,1.1212223672600916,12.35546875,11.883289140790529,1.4224827301247656,5.145225704138661,5.136759900869355,13.587967887970434,15.97554204442281,0.42609868743459234,0.5982267602427729,2.6601734033349613,16.737902910720354
1,73,5,354,1.2358925616349499,12.01953125,13.652707552228911,1.5218782640491426,7.305660214925809,8.090611465404061,10.410242912405426,16.369003847414277,2.2095179819951505,7.4967387440185265,2.5788023571187075,27.60115757491304
1,74,5,363,1.1268872524620737,11.7265625,13.605222541607684,1.617247187661387,8.129880815481553,9.56509623867077,16.037117950196116,22.581305823101502,1.418713808956351,3.4947179799382626,3.83779874440802,26.78506835731743
1,75,5,324,1.1269806169263248,11.53515625,11.695375191503047,1.3554462091274195,9.562696277154846,11.697610704792528,8.272677113918947,11.329217951342615,0.5695806178129097,1.6723367167811063,2.9794838024114307,23.790569639135537
1,76,5,311,1.238989377854184,11.3984375,13.201173288956511,1.3513023663023997,14.063042922951643,16.456636265014854,18.590076956393045,33.71760669560491,0.6946899746447031,5.261974867251713,2.4198647355333414,50.81871610154402
1,77,5,323,1.128088720352749,11.234375,12.282750441672874,1.3093546942333167,16.477539688477286,18.7373901963896,9.899733580050086,34.253253565418134,0.9479864596349158,3.285255419435134,4.612626895636713,64.70839379458457
1,78,4,346,1.130272029512632,11.87890625,14.460890875710561,1.5512912514760733,1.45860260904733,1.4215064733992238,12.566530920850841,18.83405192034153,1.1128038831850557,3.391742691414201,5.587723622708855,5.719253637776005
1,79,4,369,1.2491800420626518,12.59375,16.17505145683601,2.576052300516326,1.9167653393012771,1.6280198182420336,10.590436665358617,11.269350601084266,1.0980292333218031,5.864146765643267,9.602244557981576,13.73119024662808
1,80,4,382,1.13895152103602,12.1796875,16.13278627859077,2.5320228864674292,2.138896487572626,1.4819151916080844,6.920244443793326,4.660056750058082,1.123990481603749,10.270934004050037,9.372969829974856,11.412304762638605
1,81,4,343,1.1376881612897867,12.640625,14.432259330174887,1.6230746693011486,2.72087390726226,1.1999488213206142,9.618523430124979,13.70997458458056,1.8381952015136465,10.428303622038621,12.679826514004166,18.40450133004665
1,82,5,296,1.250975952339408,18.7265625,5.761785464885662,3.487126539444559,15.292260143618734,25.49740728656508,19.27211934558647,50.13480126215846,2.6298101470641955,19.746174922988452,17.596073522706302,35.800833048071475
1,83,5,251,1.1303892640702893,24.265625,4.2076841706303805,2.675744349220291,10.411873953469302,22.572511916516586,3.5009794905981533,41.26588426365203,0.6328933967002925,10.12467711601241,15.450393696335377,31.93391511053702
1,84,4,262,1.128803725176305,26.1484375,4.2213561165502025,1.518433357066274,22.027543763019843,30.14735188397899,16.635498875796593,64.27546761307873,3.7514187711371827,6.6720743594142755,17.504985194170814,58.4955055656836
1,85,3,263,1.2381536829151383,19.109375,6.0440757232354505,1.699689869430001,14.595294433003092,14.488054197813408,4.004523163853933,41.77516165628758,7.481468654109,10.397192138875429,5.3625009781022905,48.18320749844368
1,86,3,280,1.12482534988793,18.296875,8.672240341159497,1.2375549419399763,17.17847232515778,17.040230258704465,16.981727573087905,38.506781176444576,7.344108980113371,8.534896429851873,5.876871138254003,60.619572825200486
1,87,4,324,1.1223178703123544,16.625,8.515398478589537,1.27927169822594,2.205344975760064,2.880209318961258,6.395197146974725,9.809293329293919,1.4349729851764137,11.23280940054619,0.9221083193695896,7.031231750305293
1,88,4,423,1.2308789074407533,13.3046875,12.12163412114489,1.7358929002312493,2.929381750189238,3.6693486543141915,13.057469048218863,31.091511231287953,1.3809588276719602,7.458535789444716,1.951775788729985,11.18011142481937
1,89,6,472,1.1149015885927724,12.3203125,11.631775494824844,1.9628027848581002,1.7533468072137146,4.846299833980492,10.22510513181493,29.729086836589783,1.147533183077212,9.810020349669056,1.5109182344994114,11.05912482034146
1,90,4,490,1.2241911546384905,11.07421875,15.650680267926866,3.2137623771622157,3.9446429409008923,3.8050745564626456,15.605962888470604,15.02264247688535,1.1670914673983215,1.3257426400384427,3.390789927404858,14.255906125763424
1,91,4,467,1.10990423301595,11.3515625,15.769000862979247,2.845250602099824,4.349968094001321,3.8186230661130818,14.751192662108714,14.361868798252065,1.2948566093130152,1.3622551001997272,3.26425149528129,14.313218963301845
1,92,4,470,1.1127204197351364,12.37890625,14.721979163485159,1.685755585978096,5.379640049874839,4.183156193042224,10.357966238025172,9.462722766437476,1.701444339372345,2.3429729290283,3.8869375166311926,18.239303257423032
1,93,5,432,1.2243176889534664,13.84375,12.768308003317749,1.4659089904029166,7.913346769564642,9.634223387100935,9.306803191531532,7.587194936930211,2.2729209711983667,4.024230173360316,2.676716603526036,30.207453868643114
1,94,4,404,1.1106117893518772,14.43359375,10.90451809433921,1.1617401144312334,8.460278036130719,6.72413950953732,6.692771184565581,18.648596163370478,2.19379365869676,3.9516072037450223,5.123444954998224,30.147555500435416
1,95,5,393,1.1091975442437532,14.6484375,11.101859413091367,1.2943614794755134,8.508756839269461,14.276906030616335,6.504629310940971,29.36848777537242,2.902337065772104,9.067537045636108,1.5999570737633495,41.605609247855476
1,96,5,407,1.2191991932844497,14.734375,11.810650620337876,1.329735979777895,14.303559236883935,21.303318453559548,5.778626511573518,58.29572191681048,2.5965125182418207,10.991320003609106,2.4983761220263507,66.36277258350422
1,97,6,402,1.1081746060689701,14.2421875,11.834088442040198,1.3598769151012116,3.7763445882830107,7.372701204758689,6.250854507955861,9.877212985535463,1.3703982933290062,2.9793682931981404,3.3043098368208392,19.20711790898497
1,98,5,401,1.111812639706711,14.7578125,10.66161006523631,1.2759839284235672,5.995037458399071,8.60261026447353,5.201551688720641,17.477608383478668,1.9445384446967,3.0639563911567844,1.8580801870681618,20.79022725833007
1,99,5,387,1.2250616456068426,14.2578125,13.17381117464683,1.694001868230235,8.829454214880917,11.931803517602297,8.389577098784304,17.382456414153147,3.1323695435196415,4.605683623132326,9.034355157647205,37.72976239973836
1,100,5,372,1.1179573709126656,13.94140625,11.142100787601418,1.3575790271393604,10.385578843256818,12.972825188629876,6.034870813005215,32.928277566873454,0.9009660066284495,5.97746733443394,6.841309530796905,41.84465469859374
1,101,5,358,1.1170998925149556,13.078125,10.446013011358376,1.4208974688583327,3.474602544168111,5.175002329477588,7.205004770972968,3.8881477001299016,0.6543041122958714,11.013379462333665,2.848633544458818,13.828735165467833
1,102,5,367,1.2301883227653023,13.1953125,11.336404408673333,1.5735127818047914,5.04045242503338,7.160370632532627,7.508883929273754,12.751585025524154,0.830107845073193,13.014208639635909,5.377925954479384,21.425040867598486
1,103,5,348,1.1155235019084306,12.09375,11.478605845873545,1.1883439406960399,6.120863619591865,8.398629183279752,7.5292304151871345,10.236682720075226,0.7275001596266618,12.929653401392311,3.7929529247173033,22.813583178033497
1,104,5,343,1.1169068149502883,11.8359375,10.231990721646998,1.8208357244985274,8.585413659254037,11.011851618818936,7.017286851989156,24.401127973500213,1.6880011238257722,17.28143872731917,9.459448506157331,40.35677315390552
1,105,4,345,1.2271481025347148,11.8203125,12.569495648080931,2.0321535660001904,14.599922118188445,4.6803837808380635,7.538297437069817,42.32929910627529,0.4705680763849131,5.006434127172149,10.735206244266712,66.97970444476087
1,106,3,354,1.104298746372755,11.25,10.296039298902478,2.1709336557250944,3.7284262666840373,3.6816627853046686,14.97253167844406,1.9584537514889178,0.6780819403383966,0.796341429366484,4.516165849158148,13.009841523001894
1,107,3,322,1.0995887132036697,9.86328125,10.234791754884181,1.7939871384578114,4.558040795479602,4.493588682966848,18.795306732963482,0.5424450804011727,0.49816722751454356,0.40832051393946295,6.204416610823689,16.72318328469887
1,108,3,313,1.2076794664804233,9.4453125,13.19405236475731,4.761036421507054,6.383975933666202,6.281714737802126,23.120853642452357,8.018803552508526,0.9229893393561533,0.9290400285107784,9.818920230725649,25.70484940762048
1,109,5,295,1.0970695517683706,11.1328125,12.137503292397374,4.164730091573564,8.848703243245614,7.981057556158624,7.1471338852226465,19.36131784430401,0.7905381851364767,2.3048371724802466,2.4010218693890386,30.051881650892657
1,110,8,302,1.0936372844603386,12.5390625,10.47669276736524,2.9349787505269256,8.190339424871162,13.44796548944706,7.513968475353673,37.527613501095075,0.41367698540580145,2.65424372372346,2.483680268278089,47.98270646428409
1,111,9,254,1.199645704229345,13.45703125,10.009310124047811,2.2211607618289526,4.158308980904209,11.101626076538048,7.682787450283773,13.5098698452332,0.24206912592015772,1.0721069126590352,1.9882519838617425,29.418386607613964
1,112,9,227,1.0880021040255226,17.515625,6.983625929151757,2.1088661500041277,4.84668250097844,13.387306218340694,5.304265116397834,26.650434171871705,0.6765107081882442,3.5577750478357704,1.9471062812983582,33.552641598906945
1,113,9,222,1.084119356681824,17.8515625,7.027972460555679,1.1712886821635227,7.0362991423528065,18.785540704249577,5.754992818264915,41.111401473710515,0.6576044529441212,5.3810544606417805,2.3262424010586513,50.21350597773062
1,114,8,231,1.1713252644026684,15.9140625,8.908381632407083,1.4349457084880342,5.3414747232734126,6.185502977647406,8.014566963404812,14.116098441702995,0.37896055777427967,3.5138663207674687,2.3184863998598257,19.719261690973862
1,115,8,211,1.0654718224644049,19.75,5.8629133387549155,1.1073722551327725,5.831293586186626,6.569657926646546,5.4370836968820235,25.562144862485848,1.474179940673595,6.639861622164395,2.3349691089205287,23.962853917896755
1,116,8,202,1.1677210851753725,23.484375,5.112615429543709,1.1443622119963304,8.565264477476333,8.85349485625873,4.809930180169262,41.94540716389092,0.5014623629035377,7.478294140653244,2.704073510396941,37.308074524546285
1,117,8,210,1.0557804620312043,20.4609375,5.065153588337085,0.776943209696066,10.21782129880242,9.631329126162507,3.829894000556055,52.44669624854319,0.20799196751676946,7.951032310562337,3.6772636057533945,41.3826876717342
1,118,7,209,1.0522850881173225,21.125,5.3552625196152395,0.8100529144636324,6.272811619001013,16.962041243506285,4.131740360333588,51.340790544597915,0.2954555321080681,2.6748094166320553,4.4249266860198055,44.73897006586348
1,119,6,217,1.1615672324372597,18.703125,7.131682933267021,1.0142780932162694,5.05290777562028,4.991919093470498,4.518268058862931,20.059453655804568,0.403092399958609,4.994098243978656,4.792289583892844,11.494003895833599
1,120,5,282,1.0531511125630917,17.8671875,7.33662246398241,1.5097030439368062,6.359505254708169,5.001081389923872,3.9906975373616844,20.37917078403794,0.5015689622561851,3.6187270644593807,4.3082221597614225,11.667021288540052
1,121,5,286,1.047432891512319,18.1171875,8.0861635446511,1.5141866102449535,8.029566675679636,5.874976070403086,4.590787663188718,27.495555387762913,0.9719791186123472,4.574609942668062,4.567295220527155,15.971662626365164
1,122,5,325,1.1498539325552453,16.421875,9.748999603524501,5.117266251337563,11.05817346870845,8.319116264060881,5.548700610084284,39.08311245669675,0.9238824885603271,9.158359926216395,8.821594158486985,32.63339520660572
1,123,5,384,1.046290371206831,15.51953125,11.513792318462462,2.6485711901934934,3.0691233606532133,4.5666451704057085,6.168446728152526,3.8932532804339877,2.1854905013696415,1.1380385762453924,2.5160149380954224,10.907726267787268
1,124,5,392,1.0411685348661153,11.6484375,16.85858098250725,4.487383822019055,4.099969386472676,5.860094394492906,13.829644543837881,13.15167116545936,0.46328605354894353,1.1314834954682937,2.9795911580094905,15.868111386888199
1,125,5,389,1.1410447787362403,12.21875,13.550114808209546,4.255978606690068,6.41408880729558,8.336981831511967,8.867239851315476,12.027850820906789,0.29470468860034804,1.5574742357747147,6.363798649031099,27.744010541033056
1,126,5,373,1.041434854628113,14.921875,14.879769348844766,4.323737414947706,8.219834667391735,9.389458722497935,9.568543024584738,9.562160573942029,0.3233236370625428,2.443291509800716,5.181346366919164,31.92592540887754
1,127,5,306,1.0403806284279,16.2578125,7.836893714245459,2.6762202514052698,12.126910167603839,11.847623033918605,5.190357397961994,39.82892224724653,0.8216573392327483,6.515433071602619,6.766926820100729,46.52014794093888
1,128,5,306,1.1333888078303949,17.4921875,7.021640989002913,2.852262424649548,21.017958131646,17.48501685437811,8.899589520711316,75.9626473470389,0.43439163839956474,8.937718579738954,10.10582393317684,79.76253162725284
1,129,4,275,1.0350265006298742,20.5,5.973924467015257,2.833163760248236,5.470217901323579,7.297737792954411,7.593477500817892,24.203286893482773,0.2715585740312178,3.0473423225074536,7.287259557488161,24.654059597214633
1,130,4,261,1.0253711052200878,19.46875,5.0906038674478635,1.6247626596625746,6.709113289110221,9.296431497819547,9.98180821930146,32.66116029085536,0.8881259036761626,8.414652442566265,9.130712248274722,32.76175025827231
1,131,4,269,1.1152219905132408,20.46875,5.729707808134891,2.230683051352798,9.385716514207123,13.418637565551123,15.31397891697587,54.34367942754455,0.42607230237443194,10.02345204245874,14.072570228742707,51.80249510517302
1,132,3,279,1.0001753356024994,19.921875,5.213199070135792,1.2880590685994808,8.557998069353,8.325061261981244,1.9691622452174913,32.966787645659124,0.8099067234934948,1.797422216603346,3.5438488818408804,26.044824826640127
1,133,3,291,0.9942507343160906,17.515625,7.625434448957254,1.276386028406618,11.204680711607065,10.868394139543199,6.553286253243874,40.162460173923336,1.6617463782966637,1.7062159948686415,2.004510722799483,44.14884007031808
1,139,3,420,1.0653866728517698,11.8984375,13.16215622537365,4.372253194413847,1.1965564267007975,1.178703560345475,11.16434446260431,5.025923180370787,0.4914185958774802,1.5038579266208445,11.184907049537143,22.89799015583368
1,140,3,370,0.9614650102695742,15.171875,9.940956430689235,3.8494864855249578,1.1355602316147588,1.1170546904030665,7.8447394369198316,16.808534351902075,0.7107744837076685,1.8390117801662074,10.119848417719378,27.064538467620586
1,141,3,321,0.9500479201081858,16.5,6.477683202445283,2.07424231239433,1.1845010035773689,1.164407014004059,7.207210331667473,32.52467160014981,3.5828051911996313,2.249175411790329,14.094612634435995,37.71662145886964
1,142,3,285,1.0346321041349567,18.890625,7.199599514591333,1.3571736401424832,1.4907032983123494,1.4664042495537095,16.317523823290635,58.028794189400536,2.469941778264306,0.75338026224849,18.36757522322628,60.70659924869206
1,143,4,268,0.9280389643289982,20.546875,4.970862446839192,1.2460484329669823,5.03211016852987,1.8286034826501227,9.40473091142939,16.951625560897348,1.1324180237052244,1.0905307503229054,9.264166077463681,18.917876602030603
1,144,3,292,0.9175309165631172,19.96875,5.575500751861721,1.8097412208351984,4.860623727348638,4.778613575501607,16.761408141298325,19.70640081211891,1.3733200335063656,3.504269654253273,16.859976478679133,19.381789064559896
1,145,3,271,0.9957311674670936,19.28125,5.774802076586118,2.3586854115934517,6.843200390614211,6.718470036264547,21.062758170088948,27.092678295031195,1.689025424255718,1.423378614955268,25.94725962343431,29.516354982225224
1,146,3,284,0.8918211384540389,18.9921875,5.913084198716285,2.311800409669357,7.794237999745807,7.62511428434062,26.402091848636946,33.684685507719784,2.108383387482083,1.6158530649647234,29.98752872729207,35.26708774680605
1,147,3,275,0.8785439938756641,20.296875,5.352038957294587,1.0171776469612634,10.417551973929893,9.982572044142255,12.068408054846076,33.78783141489089,2.406564319091293,2.9758784381730288,9.62617363439537,33.377951977959796
1,148,4,274,0.948430206248012,19.1640625,5.351902488196454,0.9392387643850862,12.699774222757913,21.737734912072632,16.0686065410608,65.94109829507596,2.5988524783689035,3.70392332044482,12.774695174875294,58.74701968756244
1,149,3,281,0.8474912300540098,19.6875,4.413940400701569,0.988532119717818,7.698041031988515,7.255004779653852,13.253689827466939,21.72044732237264,1.7600487300417151,3.5948598589134715,8.09840235245201,12.470143343715584
1,150,3,274,0.9162591440848397,18.21875,5.248815800622353,0.8271404436939797,9.599636165231495,9.054795880497537,16.4043746775287,25.802235988061902,1.8627828353404654,2.7914731695586035,16.27692247011056,27.903832396894142
1,151,3,300,0.8178197663057101,17.9609375,4.590384966843949,1.4057986427475724,9.706863574185633,9.155318560055349,20.199458826615235,36.59362389672289,0.946709834403489,1.117037118656579,17.604454836496597,19.634200919579552
1,152,3,315,0.8038790931111685,16.53125,6.035373617598161,1.4630765248243605,10.889390520935784,10.243382363651724,23.63093151519671,38.54683061314256,1.3689101095450988,2.1646306260314923,22.462446596426844,44.63819277897462
1,156,4,383,0.8097390454324318,13.3203125,7.224429985711863,1.0910873916602513,5.467613431703938,10.524423118875209,9.244231612973824,6.800743309881736,1.741082559077649,1.775166993827396,9.592373516911888,14.156020655606486
1,157,4,386,0.7164559733405272,13.68359375,7.040363423919873,1.0047183108706725,5.374740353922958,10.354783816088615,9.21167917846679,8.576687978665532,2.599540550020147,3.48484764065305,9.897807886910286,18.956577135510404
1,158,4,407,0.696215669259462,14.2734375,6.490175180644389,0.8339086344701964,5.827050545619924,11.23529576289891,10.669305938882955,13.855128268285746,2.106045713203966,2.561080377708687,12.83887216321337,28.241655682679713
1,159,4,426,0.7464376541750722,12.8671875,7.399607039210805,0.9158523482482324,7.034095705824397,13.564318240889422,11.600926757325446,12.838167843901628,2.411997913232255,3.218709075033946,15.145177186728041,31.215638224553206
1,160,4,443,0.6578075999174636,13.578125,6.334382325442171,0.643790546915713,6.926163240896216,13.358589601278833,13.728760073924102,20.629753241547697,2.331505308243502,3.64278672457239,17.44681147445839,37.58485317361654
1,161,6,420,0.6404332455697959,13.92578125,5.932998351526813,0.6540734062736006,14.41829546529619,16.939108891193882,7.342845914809372,28.14083885054917,1.2578836501578883,3.129338664666939,2.333258122800013,44.18164279492459
1,162,5,437,0.6834940631893553,14.046875,6.226268955313619,0.6452933327905584,19.095996484482338,15.46386391604673,9.270871137036055,38.12017969778241,2.2848509383840057,4.527673900295152,4.218014837036504,57.272495005663316
1,163,4,453,0.6020086555027498,13.375,5.651460568911877,0.5756731102300566,15.356748891395828,18.29601117447208,6.815999069996927,32.32504017218964,1.6586453276630873,3.8027456860789464,3.2912702530294093,48.19182777088003
1,164,4,460,0.5853263170042965,13.16796875,6.4379900150832,0.5964587835257917,17.886397454620287,19.480232352531395,13.14913513130507,23.67712787314325,1.2624710979104266,1.5178724194382727,3.153596624283458,56.397306211096264
1,165,3,476,0.6242156745531517,12.765625,6.606842338551607,0.6757962115465579,0.32918051633628426,0.3291638124592307,6.384614753156212,3.786521378637631,1.3935224167885587,1.3050334176397609,3.100652326833204,3.2621434820798543
1,166,3,476,0.5486724214808408,12.828125,5.578673923887827,0.5737704991892274,0.30884927514518545,0.30883486148023953,4.682221004155464,3.0644505732622633,1.425690474446264,1.1968151236185012,2.106001119588364,2.414323990589634
1,167,4,479,0.5929381590112612,13.015625,5.924835388832504,0.5618204867903478,1.0664641560257333,1.8059046468117348,6.808603504818548,4.748351455169523,1.0659448048823115,2.5358836071300166,1.9640917026275118,4.475495299271596
1,168,3,479,0.5302001862795171,13.1484375,5.118282182209446,0.5440673234195047,0.3649801982694427,0.3649439725372992,4.63954407336474,3.0363323464606324,1.011300397726431,2.52210686688338,2.5534486922049098,2.9849285036198765
1,169,3,458,0.5228622886988387,12.91015625,5.368090364392161,0.517712382494484,0.3900490805183848,0.39001924207386024,6.276811893554635,4.5477603666345,1.006249367105113,1.7696356096422279,2.9100935004121204,3.8053576199581323
1,170,3,458,0.5391986590035037,13.2421875,5.2290238410042775,0.4996951683951908,0.43787618566755804,0.4378514027345447,4.4129711121919435,3.7865492130292187,0.3434206492361558,3.195271435338551,3.778211402185819,4.4361467660048195
1,171,4,462,0.467362411014157,13.125,4.367598937012746,0.4030023440134972,1.1535246024286099,1.9971082929177857,3.8460374202157714,3.4878048898907625,1.168258800249398,1.917758962601011,1.9975444780874643,4.838860491092776
1,172,4,460,0.4524064551014275,13.12890625,4.908721960116069,0.3834216922384082,1.2592518971518243,2.1901852101652857,7.42636288452565,4.159411503696937,1.3693984267792816,3.096936331535316,1.7011024111859712,5.562872281841235
1,173,4,473,0.4879142410244818,13.6953125,4.448378483513219,0.4756458968196952,1.547865765611531,2.7184680511448542,3.6194968292437184,3.095895921713323,1.2685176541732843,2.6085196479457418,2.9133991653390003,8.260900169165783
1,174,4,465,0.44216986569902544,13.5859375,4.310761610254857,0.418933092333809,1.3218674944827455,2.493965067546728,3.8661425075099194,3.650086428524002,1.2788908989647043,2.0687256330011854,2.5140880406236334,5.948412752699097
1,175,4,446,0.4258172833247537,12.58203125,4.7576030431662755,0.3910714330683843,1.308474886365354,2.5629754749754956,4.660486475346974,3.4705667503336315,1.2925811981639506,2.1620454400794396,2.6196565279299153,6.002233034880102
1,176,4,439,0.4501331623981012,12.4296875,5.224522886163742,0.3771677322473304,1.4683389308936423,2.908892716899554,8.29225639172348,3.6304268747718984,1.427006506411966,3.224011629680882,4.121407206840198,7.335181773383734
1,199,3,493,0.1564633289839443,15.109375,1.9353222052416421,0.16154778010064072,0.2782977127707531,0.27561014545392376,5.532425696784143,4.3938818050036845,0.3873482251040055,0.701380442684111,1.7688174429029586,1.6008609575420256
1,200,3,496,0.14357434445518655,14.890625,2.1064233913769543,0.33900897645480543,0.29303741391035326,0.2904146056930405,4.632878341529133,3.3194336434084217,0.7614710846871319,0.5453611301850125,2.9349804259280208,3.028955739233769
1,201,3,482,0.14824546194472002,14.9921875,1.9448320232241159,0.2864476400011341,0.22826599061381425,0.22637728385721478,5.686620867069427,4.8404455419577435,0.45600863839782463,0.519991438118673,0.6943961465764442,0.672264269137129
1,202,3,478,0.17232197820151549,14.9609375,2.306452217281678,0.4872763931016052,0.29992237533646754,0.29733375622520786,6.707582839623993,5.594359238379937,2.1283962407475046,1.1445183361724252,1.2316181543631453,0.9192797882264675
1,203,3,479,0.16288142181850285,15.28125,2.187339493225592,0.47220640382600515,0.1985387850886808,0.1967471164434486,3.5511178378587203,4.042485974877712,1.677004204071229,0.5521074709144826,0.874774034892076,0.6294496772063232
1,204,3,472,0.17357629296084864,15.5078125,2.3940623144077993,0.31874685288419397,0.16635564025101163,0.16478258233672086,4.391927841499142,5.493930300074286,0.6853299537099103,0.49958855292130283,1.4390005483580475,2.2198926362695763
1,205,3,467,0.21501340102757419,15.8828125,2.5199504963676804,0.2672554947188028,0.16509800938347607,0.1636089859784421,3.529430390544714,5.128336387958175,0.23165652185234198,0.5602814564416775,3.945665358573571,4.051557034839973
1,206,3,457,0.22432556228745126,15.8359375,2.6277717134811773,0.5487163366270242,0.22138252913920983,0.21947426848567353,4.3216812087601335,5.587746392256156,1.8895669805164677,1.296262343236423,1.2952079186814989,2.3741716727207134
1,207,3,461,0.23742630168847617,16.0,3.4166712023766728,0.564224438036474,0.14099188895592313,0.13975395698749493,4.02648723497214,6.753245845648877,1.1110512520738618,1.1967203304452743,1.148803816558669,1.3787592311677546
1,208,3,465,0.28185746472153933,16.359375,3.56065063862453,0.36214653372240896,0.19639729123523747,0.19457364587365694,4.706377070791393,7.375973075627025,0.17483287161632186,0.5565781655214485,2.9981962047444535,3.5610135311775872
1,209,3,463,0.27113134480209206,16.25,3.690694496721287,0.5781788761737887,0.11699392791491227,0.11598614410594883,2.1802068174304905,3.408689642333865,1.3837147386074022,0.8397794945493514,4.180320324503907,0.2049637514016398
1,210,3,469,0.2866974614247643,16.4375,4.059028913772097,0.39821167763984056,0.11565847658954811,0.1146424128377229,3.081895896960163,6.397972765555784,0.12505202734254253,0.6593259671077153,2.0873201353524644,1.28514564307
1,211,4,440,0.33160790072240937,15.43359375,5.25489158854506,0.4726498576711146,1.3887038899139692,2.425453285784737,4.500756152973272,15.09390074206588,0.33029188542357857,0.07717864546919595,1.448299498763924,4.560928165183257
1,212,4,456,0.31291107511133787,17.0546875,4.870105913704733,0.5688359871516668,1.2944849285823743,2.2109222081605933,4.552365499678053,17.018844589147303,0.7776275680456943,1.374032406328738,2.582297440609151,12.135665280894294
1,213,4,451,0.3254961452940413,17.34375,5.078181139454291,0.6654495093650303,1.293179237246746,2.111711813094739,4.145653101460223,11.083331905068588,1.2574871544918007,2.3693154418647375,3.5147898570690135,3.616331742699938
1,214,4,435,0.37144620051314164,17.296875,6.557744709519525,0.7193879483557314,1.3845076041276292,2.052568982353471,6.979214222930466,8.927499355055996,0.929336444884854,2.1744599149285233,1.903863113015054,10.369468644063106
1,215,5,437,0.35138815410369006,16.34375,6.445740738970809,0.8040644999826835,1.3797633464550123,2.572616476422022,6.194682656669196,3.438819736299065,1.127363153670365,2.1500950461562516,5.348654226799843,4.651195813958546
1,216,5,439,0.370051517836062,15.8203125,6.119934342430056,0.6376231546563836,1.3686139943334006,2.448475267505629,6.9715475604336445,4.002581514418561,0.3544936599548032,0.7147427385994716,3.3144476599906514,7.3471573061165785
1,217,5,429,0.4207267298422548,15.5234375,7.1391145231552375,0.9377488641406907,1.501242261920846,2.4701728182312914,5.826298850226729,5.272175062277152,0.7171140957758307,0.9054168072070147,1.5947187325242795,6.497038641488882
1,218,6,425,0.4003425187517159,15.1796875,6.252418396189774,0.8400862108374669,4.485090386491184,5.203118570721717,7.430469426135032,24.22463177737724,0.8654860797651629,2.9695511352989077,5.000032236263939,18.356862393113285
1,219,6,417,0.41291111636768035,15.1640625,6.182705242552632,0.6908831221846876,4.316320172650029,5.258673841255666,7.648445239068073,22.156441145990843,0.18610552165499547,0.7404540438486897,2.9380234363163327,16.500614992787284
1,220,6,406,0.47140032921945196,14.98046875,8.41856297921864,0.8415867432578221,4.6985097592911655,5.855253550646187,10.593478376840606,13.083038924822421,0.25620905735002947,0.309296657468188,4.2012406389577714,27.37308767800427
1,221,7,404,0.44339635627100865,14.8515625,7.686642534320529,0.8804845043891326,3.856933747386437,5.442746033904329,8.352080037483843,9.282471185083532,0.6051753121654938,0.8153182878563897,3.6974558624727223,14.694360988411782
1,222,8,399,0.459363242055777,14.8984375,8.080485680087733,0.7504645127682018,4.7908709749424165,6.080873868408942,9.104026112840844,17.67130437997639,0.27507033821501836,0.9558430822807135,5.188640776869875,10.28729870053819
1,223,8,375,0.524554570408207,14.28125,9.325827145849484,0.8557480357823848,5.541553298761313,7.3991700836743775,9.538090726584473,17.939169194073614,0.5962067696604576,1.2993717246628365,4.285820918562599,24.904556864584535
1,224,8,347,0.4978742172726397,13.8984375,9.679454999452838,0.878921624192334,5.604160256461004,7.3822818437426765,9.43398409719863,13.726193363010697,0.2741010095891773,0.7745568687300672,6.167341328284424,15.1510864632205
1,225,7,321,0.5150109217707282,13.78125,9.842619487859677,0.8153335798863038,7.2395836923156525,7.109277545094461,9.473532104919842,12.169498044630291,0.5031489952850404,0.5923135673573052,5.943685701659765,31.917795976650478
1,226,7,279,0.5764977412675432,14.2109375,10.894725273222432,1.1246217447909086,8.302835057585249,9.135170506679383,7.209508372625061,11.554451407887933,0.364724985370821,3.607077524640655,2.7459666741938467,46.276136742258416
1,227,7,250,0.5421210757620212,16.453125,7.915635166190333,0.847196665449752,7.252677345255979,9.242010504193669,7.199884760814365,9.152997280657654,0.5928770060910635,0.9866757334950291,5.338526486737103,44.396328029935624
1,228,7,217,0.5509473015781226,17.734375,6.3209870210959,0.5400178080216034,6.613841394954155,10.315623041715089,6.225081613619455,45.49944745090531,0.20104821308110765,5.190714593420439,5.4450995147508054,52.25611001906805
1,229,6,197,0.6269772519323078,20.75,5.130552403301578,0.5188377849499513,9.682389404869362,12.54308763557612,3.5922670873390743,44.21164797389604,0.5397754726647189,0.9736821183767924,2.53629913219351,44.9124804077837
1,230,6,221,0.5917542403515942,21.234375,4.559417524451359,0.4438625202325511,10.768151985939266,13.524920735422507,3.309403743437829,51.09470115733732,0.15877709148456334,0.3795486030641696,3.213847905461895,48.44138896705441
1,231,5,232,0.668763943903985,25.8203125,4.1348413342921715,0.5352875973761173,1.6438369477649746,1.9586654924006297,2.1509795818339494,5.350991343296517,0.13916122011600154,0.8427251152502073,1.417647872991968,5.720616766316032
1,232,5,222,0.6297630306060593,25.6328125,3.1420353333297086,0.5924881353172196,1.6440945677320133,2.248795134538152,1.4765320272519438,6.636568363007749,0.1794499344202255,1.3383885144745302,1.8676304199801161,4.885808701874448
1,233,5,237,0.6424283681953683,25.078125,2.8777201313838865,0.8672900173588607,2.127335527758989,2.8768885632717947,1.3822508098333746,8.00824276023485,0.5052540561635541,1.0078865262328518,2.3971059443592613,5.297729725980103
1,234,5,244,0.7280259381202291,26.5859375,3.0898410210918006,0.819201564846169,2.664227148535436,4.107178075882068,1.765348278247572,11.494836138914577,0.417735827472314,1.960268216645506,1.0206428588943781,12.82977323964848
1,235,6,292,0.6767778284858175,25.6171875,3.763494468975572,1.1100718968212886,2.5416263218654205,6.243956452315455,2.167130256807562,9.349312720785711,0.46656389935882236,0.7425366567897534,3.407232993535336,15.039828375761196
1,236,5,327,0.6887280248457613,24.484375,5.294506002277017,2.6009314578345126,3.2893769114344855,5.869371184283645,3.3320251015139495,9.79479320282275,0.22131721394314952,1.059732297428435,1.7862217350092993,15.5416149630287
1,237,6,345,0.7617016863017649,24.375,5.582115956601922,2.984874297368143,5.511706314241174,7.753563361772293,3.505790717844332,23.096909970065827,0.42454223775690414,2.436747432580663,6.856583621798788,34.48759781678824
1,238,6,325,0.7049873841445645,23.296875,4.2097078388993525,2.489708800216503,5.752192988534946,9.206300034722148,2.862226855129257,24.427783620234184,0.5541795555773932,2.1537938423143537,4.774584064767643,33.38978112204789
1,239,5,297,0.7128339243183559,27.515625,3.485970789535769,2.08262140418609,6.526803953871238,12.661530667962012,2.75338962277428,32.444664726627224,0.38021671651285305,0.5104077046056408,2.8870889054959292,38.73918429284686
1,240,5,315,0.7976445334168615,27.390625,3.840058750340546,1.6655233362473532,9.838257910330602,19.04483198509835,3.1568849103811085,51.337595863284825,0.2477349252745411,2.0232407647208293,2.3307841762802934,58.11110495369093
1,241,4,331,0.7349457492855123,26.421875,3.775676800850999,1.3250467826408339,1.4299417895462876,1.0905500744376802,2.3306314583307066,4.452138561803929,0.2854070093814638,2.3951769121193243,2.1904301358923157,9.157547123961324
1,242,4,357,0.8216706515719124,26.609375,3.6826262252016577,0.8959389348897566,1.6146556350969599,1.5644347980334814,2.297022238731707,6.779746622261959,0.140043262198089,0.8354449309547374,2.3582100545383935,13.419806305895658
1,243,4,392,0.7618112637712896,23.6796875,4.03077828689276,0.8771020230998572,1.5604874733020841,1.7761491660895659,2.3755500552211353,5.766245937153687,0.23466462389362336,2.2288734214812553,2.050816261338882,12.26270661159868
1,244,4,433,0.7711040624451819,19.5,5.613405281148347,0.9831313445401636,1.6357151875000637,1.9405999928494118,2.9695771266052557,4.946285589324898,0.13964633121958758,1.4423205996786526,2.2396228982445456,13.545391186422716
1,245,4,484,0.8527203990972665,15.87890625,8.612008697435908,1.0081250214323951,1.9388057036912851,2.239659568652596,4.243570936061165,3.937209904826545,0.16856076813101753,2.471897412083013,2.8087083301056732,18.864712192743
1,246,4,490,0.7802484537881937,15.6484375,8.500470630498299,1.0270131470973085,1.92897532035785,2.24312908838363,4.131033729081427,4.10860945005421,0.14392601558731036,1.2954713177461563,2.629915063644435,16.803436011053922
1,247,5,495,0.7848601654092108,15.5859375,8.453638985057035,1.2970798662785004,3.159696861134795,3.9503724127088984,4.079235108093754,6.580229583109389,0.9705153352602206,1.2819848192467869,4.6724709773325515,20.10519986416896
1,248,3,488,0.8687296318664736,14.99609375,10.709858802170995,1.2377093303317146,2.153949826476684,1.986772537080034,4.171998397052782,3.508769875107966,0.27838081931715525,0.26350265381059185,1.4047501483032165,5.7324745255413925
1,249,3,493,0.7960259497887289,15.4140625,9.281394128795778,0.9244357301363504,2.2248252366694885,2.05208354354645,3.4946828459225197,3.3543175191706127,0.3491626088811738,0.7936271922736583,1.0372142452574888,6.092966212630757
1,250,4,484,0.8098237416778602,16.05859375,8.48111078278539,0.9981481337228068,2.85945551000171,2.8151870247936115,4.628640996502074,1.6555440528853245,0.2544472803874517,0.9270761820135948,0.7618187218058405,8.50090208599272
1,251,5,487,0.9056204419955183,16.90625,10.109705629831982,1.3254556480860122,2.962270110293577,4.873397993578048,5.725982907064159,2.1845703019440905,0.5725487420530818,2.528123275418379,2.0652796455674878,15.184193817238818
1,252,4,473,0.8322559109406268,19.5625,5.57258251150935,1.2383091046985124,3.0684192159421033,3.8402120738192957,6.909112246756194,9.900040582984694,0.3137374077266215,3.0402465312968285,7.129258933130651,13.973102699903883
1,253,3,468,0.9270858315463409,20.1015625,7.269129956578297,1.8422493099680923,4.111291400811364,3.753206751282997,3.808346681345711,11.460139490216482,0.43959435707983263,1.3317885373603784,1.3709710199822187,19.135474231947608
1,254,3,441,0.8488774390023274,21.109375,4.97460248743769,1.5587037724472812,3.974995839470103,3.6309206851667803,2.459833741944861,16.17725585542051,0.2483062066748712,0.5012116329226511,0.7357352497485702,19.365183055000077
1,255,4,421,0.8519840581136449,21.28125,6.634715955701248,1.5226528517181648,5.552007501791145,2.60691869394876,4.654412047302358,15.321152395739157,0.36458353345137695,0.918878692946276,4.0301831091685365,23.00078128414653
1,256,4,400,0.9383157799876715,20.6953125,4.2792297493602725,1.9853608253019925,7.523822013632024,2.54556698755336,5.215785619103986,29.807513482189922,0.3017997019595056,0.3604144955235962,6.087598788670515,34.02014553387113
1,257,4,373,0.8618443168945611,21.5625,6.98298370147294,1.6823525282279306,8.548863433856777,1.9397779012774325,6.3820990564413,29.055531660533422,0.1643321075708859,0.2641063165429539,5.970455527886378,39.54938309532035
1,258,4,380,0.8607632921417794,18.8515625,4.6165019390843645,1.4700963511871028,11.025563977259605,1.5817122542307853,6.228590425759292,49.07024519594676,1.1461858679504662,2.0102948651539174,7.039284305340093,53.117959156771896
1,259,3,386,0.9513699636674714,20.6328125,4.839206193749543,1.9643635940943411,3.7739716119074136,3.479890868903203,2.3127759924213547,12.10174474185044,0.3606007718429873,0.22239870129229666,3.935441526641078,15.041897639282006
1,260,3,389,0.878256327626402,19.75,5.397047568679493,1.5360641334405962,3.9949513411542306,3.680271372302041,2.659954895196412,12.809664057920894,0.3295239077838959,0.7130187324925041,2.8621025463375993,16.23581492946339
1,261,3,382,0.8829102261393635,16.625,6.072635536468014,1.6910862047408215,4.569813058952776,4.20362284394113,2.9601573565423545,15.153905207402378,0.6894930647263239,0.06759040673421812,3.1266265642530016,20.404330296953916
1,262,3,366,0.9765355021880798,18.21875,6.972984660091377,1.9188011049916593,5.882020020314736,5.384013233514255,3.180246832506181,23.44828763662405,0.3732677092706939,0.3554718996822351,4.619030091386978,28.231574178812803
1,263,4,344,0.8981896602314919,18.8203125,4.689775540753149,1.7491530432603066,9.271883388443738,9.329443252702351,1.9191450660987575,31.403499866622088,1.9294381549365702,4.6092108814586235,5.490237828556835,34.51736354789569
1,264,3,329,0.9849197267329026,17.734375,5.12574704473893,1.877043409045247,8.542413872306959,7.752145602773185,2.8658953727178895,46.641892044351394,0.7461630721750204,0.7669613212989862,7.269571494108683,53.37490252591287
1,269,3,459,0.9363685427347537,16.734375,7.596651912278277,2.1547672907406583,3.180728797593629,3.1639769187981317,4.102282094422698,6.487982393095987,0.0844958131891017,0.16779869118113527,4.104418028979931,11.86579939829084
1,270,3,471,1.0353550977187862,15.9609375,9.006968985726292,2.3470599843209583,4.339683935522245,4.317952335232435,4.878935315184467,9.682031014962158,0.21843974921150675,0.22391198655872896,6.40062048487011,19.377838981283404
1,271,4,445,0.9449842282017855,17.78125,6.430534100716137,2.269949982629601,4.725612379626218,1.9504289191837798,3.788916590731753,15.710395942100051,0.6066737284841646,1.853528690778587,3.607427425744656,22.087432103928556
1,272,5,419,0.9537119280177082,18.390625,6.413152365950027,1.9159776358858034,5.641776783140028,6.633998490314662,4.561991298185121,21.053849537801042,0.13027991678232767,0.46360698443209564,2.1415869275781687,23.975611707624655
1,273,5,410,1.0550899543429249,17.3125,7.305808712542073,1.7216275458292387,8.273857972659512,10.395450750811666,5.73610602236961,33.58491036687424,0.3077118953568166,0.9604904042629971,1.581549261891409,47.1995529658336
1,274,5,407,0.9661789348681125,16.1875,7.438667020800773,1.4756399664504136,9.975960404820295,13.319356986746389,6.638407605394158,44.29295807427256,0.293531173012374,1.709748171503945,1.593784765091295,53.940843362561516
1,275,5,413,0.9695074881146025,15.5859375,7.796304316333848,1.4863479508916662,4.049584892098165,4.629184000009145,4.613667996117654,8.709723200566353,0.27006848703314307,0.46309328034073827,1.2346129932618504,13.411228169975985
1,276,4,399,1.0652693301260845,15.0234375,9.035592933066905,1.599481503187038,3.969381881209648,3.4584631010803704,6.480885248247141,12.385644288468672,0.4441074321843058,1.464054243532401,2.0067130680142293,21.428800153923255
1,277,5,393,0.9725646014993263,14.7734375,8.629881035404471,1.6570878027387348,5.854879976569339,5.475642487859809,6.594927732162047,16.934020281115977,0.11962207430810967,0.6297821963923922,2.2744611167133186,23.376184081856312
1,278,5,395,0.9769649652898447,14.5703125,10.070998892048632,1.643822773416135,7.836440649432235,7.517799620419677,7.783751311170586,25.190445762464876,0.1106543403223381,2.1922976540285,2.8331994622771086,32.60159579866488
1,279,6,397,1.0777642809729902,15.2734375,10.571137218420805,1.957792436752476,12.733314303174295,15.91285356922948,5.8280245936077,50.284974184472034,0.23263367836872295,1.4500703202138183,3.1183279401245363,55.596330890545374
1,280,5,407,0.9792834269926081,16.34375,9.482480021647316,2.0637520757684666,3.6021940956352925,3.825804943348939,5.670144795126005,9.68476251931001,0.4017887586559662,1.2545855391203213,2.056674917804163,10.308874081585458
1,281,5,411,0.9806300992687796,17.34375,8.245799236101744,1.9810359893408258,4.546704730990001,4.734287127728187,4.503669850473543,18.060965551695123,0.16117023654011942,0.5167592453864494,3.799199154455,16.352991831505825
1,282,5,405,1.0829114240850701,17.8125,7.633384872022452,2.5249668075892875,6.975633012049081,6.6847734177010185,3.938757903403355,32.91385103270378,0.22740766408976776,2.4050693479842975,2.9759754051560954,26.20356782466014
1,283,5,401,0.9936273459446848,17.75,6.3157055729698826,2.1728678428561077,8.389117528257682,7.814821637479578,3.3035423926196636,43.2481031156165,0.1512232453937548,0.34664372465142973,6.295771515650652,49.0667744236744
1,284,5,406,1.1007836418291583,16.625,9.56975681392565,1.7306491118339167,13.443741886512655,12.0833470816768,4.920141704530293,62.858479684911686,0.2052482156084766,0.512918313766726,8.751667118768435,79.18934528084665
1,285,4,395,0.9925684363654854,15.453125,10.118614888155548,1.4712075498639,3.539696033125404,3.444205602115991,5.817572092107628,13.644020871901162,0.2883461567836408,0.6231801538175525,3.8361020970148787,23.648918985460256
1,286,4,387,0.9815112546946475,16.1875,9.454364226740147,1.6532967456658347,4.535885922990387,4.037003522729031,5.313946417222938,22.306530337526095,0.35928132704531873,1.059330776513883,5.244407798591659,31.33598103950825
1,287,4,362,1.077058313999436,16.421875,8.897442106822961,1.2456731699561647,6.514210255689773,5.485591023946496,5.3189155763097835,34.441650761365786,0.39048820683911845,0.6913320831965459,7.391395015553062,48.13034990460712
1,288,4,348,0.9827040078542596,17.7265625,7.289138374142992,1.542978635563616,7.625418694079068,6.1185501598503045,5.754280379329226,45.03320047732923,0.33601518674628217,0.5764071489987967,8.601082023330806,56.49335421501482
1,289,3,353,0.9854946051711639,17.921875,5.86468346322828,1.1446191583649645,1.5443296974816596,1.4977695360437624,3.2198068503927915,9.0810306905034,0.1806852663927715,0.1520890281889533,1.168723088070751,19.58419815348919
1,290,3,342,1.0838012054498065,18.7109375,5.183895990070622,1.7392511485143825,2.088134442441619,2.023551621840993,2.752565409441862,18.7016199094009,0.14602637030335083,0.9510658505753405,1.4135387133968758,27.810494400779316
1,291,3,318,0.9913723675320779,22.2421875,4.154628903512238,1.7418166929612249,2.3201220524563904,2.251131894193762,2.139987612461559,24.55008389733993,0.1296144571448434,1.2277812680503541,1.4537705023886363,31.707887774433882
1,292,3,335,0.9951755770504687,23.484375,3.811316244702442,1.400234384648476,2.951822208624161,2.8703781268015556,2.269598457273807,34.699766185890056,0.3837980173033699,2.952385807961948,2.07587064392987,42.12524454653146
1,293,3,364,1.099993680284582,22.3828125,5.253718880519543,1.7806057257943633,4.276814043663732,4.1605055623435305,3.3309286561946667,53.79715943749521,0.19532475532107582,4.910596005046781,1.8851414346977076,63.78202346495092
1,295,3,379,1.1168645751173485,20.5625,5.596382803348137,1.6819159021172416,1.7577629003853463,1.6915138118572823,4.018790247630784,12.227969955401441,0.12368403625386079,0.200844837100148,2.222487212780538,22.050356914014852
1,296,3,391,0.9984050273185442,19.984375,4.956053141823855,1.8073661391240894,1.7379915602532967,1.6736609774860796,3.107832177965033,14.645571598757273,0.1478632062736793,0.40002445705533396,2.2565647077564663,23.735246905390614
1,297,4,396,1.0098379331500982,19.15625,5.303279685752021,2.0219566506976605,4.613606349089781,7.184712922531619,3.970293427198288,20.307746961294654,0.16283068319326133,0.1316393086944867,5.811232949086506,30.615101331303116
1,298,4,391,1.1185222334740388,18.875,5.796694316675793,2.348743280707199,6.912415103414291,11.18205258889192,4.794497800903088,35.22479945876352,0.25249806484010606,0.20229701376716025,7.436876702835322,46.533059246407674
1,299,5,394,1.023509816446853,18.7265625,5.593590953513067,2.2509453298473083,12.374375970518248,13.450648412873194,3.652107001918576,47.35446576782733,0.33306601927970836,0.355115260956039,5.692843398043004,58.331791024929466
1,300,4,394,1.0243224958227426,18.5625,9.313514574668378,2.2794266773402923,2.297874353627561,3.7419692900176167,6.3123640104773315,3.496622241570086,0.5463147523986855,0.4256840375568799,4.9171514333479776,15.794898532933816
1,301,4,389,1.126783373837982,17.890625,6.688574580339639,2.7732452366145175,3.279538345767113,5.3761167153303155,3.8357917206908576,15.003283030159976,0.7593087508439554,1.2020528897729923,5.615148701178802,22.55359570199456
1,302,4,396,1.030069227632427,18.46875,7.549341096699395,2.2971165998835232,3.9387547414924304,6.383736764741116,4.843741063123693,13.880881567426268,0.6829871671343518,0.8463179383722179,5.984782231764795,26.56508380251166
1,303,4,374,1.0253575712700334,18.578125,6.034359015279136,2.244707555094102,5.396048971385472,8.656036751434911,5.043554880612527,26.857972531792146,0.5009019534385297,1.0292350645366235,8.226309832631731,37.64506179234423
1,304,4,365,1.1277881107245948,17.984375,7.9045976555700035,2.7419259197622177,8.507717639551572,13.902833404296608,6.955483758651684,41.126608675434746,0.2145157270837274,1.3251898841498122,11.976479613634476,59.89951461927646
1,305,6,365,1.0256139422554629,17.734375,6.824931772198131,2.0513974725186026,11.73611798791401,20.340188473252038,5.288774656630802,59.16752188874149,0.5475749091012756,2.313241864026138,7.4701315952332195,77.0464776789766
1,306,5,371,1.0235640626728504,16.546875,9.254550425670734,2.880594910431809,1.8361543130544256,4.5811149988278705,8.088360255397088,7.226614338487215,0.6034778073244287,0.5922262784084382,6.056177162420145,19.11205330197943
1,307,5,356,1.1225567480018226,15.4375,10.320045462628226,3.0673654023605774,2.588597323960798,7.259319165372645,8.504638666866772,15.550783669706114,0.41536328737580913,2.3219785004622198,8.86337255464577,29.330151279313757
1,308,5,330,1.0198755885443123,16.0234375,7.8767291608362715,3.10328290633971,2.999674990393326,9.164939385408944,5.147168918673114,24.63026026654008,0.3337134465143554,2.1727241150539007,10.208550103044637,35.93029850384631
1,309,5,336,1.017304972770988,16.1640625,6.550738313816896,3.7934565743138813,4.006808374479441,13.212345064106177,7.21210674976081,41.48795598316177,0.45723453982152773,1.2994653910858227,13.656525552525684,52.9220952304268
1,310,5,320,1.1156891522906482,18.6328125,6.180503272206588,4.1294818422963875,6.22800575404215,22.02966725787677,10.965050510151777,71.77903951662324,0.5389831685614526,2.393324027897555,16.980754338536865,83.75036447609072
1,311,4,285,1.0117785213169883,21.65625,4.866722164516838,5.073212218630473,4.266222567499555,3.126501147871347,9.01397195387295,18.15660026982553,0.2272725300939842,0.5382313975274666,10.844289334577265,20.398104844053982
1,312,4,252,1.1078904188671455,24.1015625,4.040012975877245,3.3712830751042295,5.975665763941699,4.3734248670778335,15.903721188362908,34.37597407538807,0.2701026247451551,0.6900199253008961,21.79318423509936,44.114841751344365
1,313,6,246,1.0045139498189217,23.40625,3.6030399172914307,3.4070067003095534,8.522298469323754,11.040730410179677,7.736578221658979,42.52839721905191,0.6745724439301186,2.0360886778564424,11.07392661326833,49.45594108431493
1,314,6,255,0.9994561065601213,23.28125,3.6878766753937042,4.350454784210038,12.049412271203074,14.613953478299786,9.998257162196595,60.919994865530604,0.6746593960128924,1.1548669631882422,14.46910526774245,71.00764686310904
1,315,5,262,1.0973190609307877,22.5078125,4.456951475335593,3.4926807507774864,5.192904660309969,19.5354445926686,12.041402167947489,64.83170101020177,1.5159537016342004,3.9598930302200337,18.863184983621117,78.48933659625973
1,316,4,270,0.99170578126915,22.0,4.198996427325989,4.09608642388326,3.8354749593055213,3.041123262141446,10.061300886035085,20.151848135328517,0.4863683748006776,0.6749658466843047,14.178935611982826,26.18663152347779
1,317,4,257,0.990641043106863,21.453125,4.353355175166597,4.765992172784895,4.762758240882214,3.6897491731939054,12.482245028911123,25.514642873278323,0.7187574750933233,2.196849676106929,18.054184538874825,34.003864450379865
1,318,4,245,1.0884451159940849,23.03125,4.308398101723629,4.971899632651688,6.899921800498927,5.134286489813322,21.644883589878223,44.82492582073887,0.4902578751666784,2.9533411639431577,24.001039070915894,48.10298385853475
1,319,5,268,0.9836179939161902,23.4296875,3.9813394684617602,3.370285751365188,11.655426526077926,8.345467214385948,14.80197749695579,56.329057961208875,0.418344868173225,5.0758178133993965,15.87462339190185,59.470031510883985
1,320,4,260,0.977544569213466,27.7109375,2.9906114730309525,3.3796670500500463,6.81792708320701,12.81634948642256,16.16482580601967,54.2612254219637,0.4858370625294657,1.395902135249663,15.939649519201712,53.814901705201464
1,321,3,268,1.0687516368257213,26.8046875,4.4818599854476435,3.9169382305888987,3.791063169847821,3.6036312126807,16.853896505171946,23.83548871341051,0.5761610014892344,0.6055996833037951,18.61928828129742,24.738574936058843
1,322,3,264,0.9696423471792542,26.359375,3.718975848702989,3.5753786151040754,3.892342378030672,3.675475100637444,20.03938783257794,27.476489215223257,0.6221444310786601,1.0447877244067103,23.30927707181967,29.556138453472652
1,323,3,270,0.963937770169468,25.9453125,3.677617545530378,2.9120017525541773,4.781594730752372,4.496834978179658,23.78525830171458,34.03843607792248,0.6283985722822345,1.5363133909166249,24.926371670608322,34.38253383768601
1,324,3,261,1.0565840705637128,26.59375,3.2664636867457,3.1981630426498135,6.540510513323072,6.121198716374187,37.312789903620114,52.40621045395711,0.7804555998215743,2.877228274440096,39.60362700681459,54.01045982851159
1,325,3,278,0.956001167358437,23.90625,3.1043853092996536,2.3788568905406526,10.41145553420822,10.205333390406441,9.574885472612761,46.239901950162015,0.5080408123980846,1.969441979183124,10.105456702919275,46.97535344954181
1,326,3,306,0.9517746218078569,22.75,3.3510674940316614,1.672958057811151,14.52425932071172,14.206542649526433,11.655661997185062,68.89546723653119,0.32216106005054046,3.139721684421114,16.195070370419987,75.49430641694563
1,327,3,329,1.0447433247174298,21.25,4.354521959977765,1.8270351535329055,0.22684703149278743,0.22463464560302174,2.483035977800567,14.502809445082972,0.2248844695046119,0.7197800323170161,1.882509160144785,19.407320248358168
1,329,3,387,1.0336956127391261,18.59375,6.146190884732684,1.7245778850752655,7.310502312757157,7.166283132375418,5.1971767351285605,23.543909214258242,0.4771686969186865,1.1654580590722698,5.9491095469630375,26.601337197859756
1,330,3,365,0.9336563518307753,17.921875,5.388843185702205,1.3695838890771106,8.574092817273137,8.3921764949512,5.795106276211348,31.955775295191074,0.9671734542248571,0.7920661781518702,10.31920608754088,35.900980039658876
1,331,4,358,0.929584036470481,17.921875,7.957602269397125,1.4394032711060891,7.632857155334315,14.96470597859385,6.690832183446627,41.52086566301044,1.0320548782259589,1.9535318406838265,9.446513956750636,55.71163624877558
1,335,3,332,1.00498401619307,17.1875,7.634519344440994,2.415158985453436,1.86233838895446,1.8382359487288131,4.681139935156346,18.7935789942989,1.444076282076102,2.5021663329452632,20.61535171181468,23.914992372251092
1,336,6,315,0.9080462825848665,17.5,7.1182310967857285,1.6899494879911197,7.632297758608056,9.595776069946028,5.326896029525787,24.626042666800966,0.5270286617194055,2.8380185161223292,5.6748495452117265,39.05017326871498
1,337,7,305,0.9019406220261766,17.96875,6.064202393399241,1.5368678065699368,10.150804292597062,15.121036633938976,5.816258342136337,40.00652241406154,0.39190935427851054,2.5922567981169697,10.039027729547751,50.87818305718494
1,338,6,283,0.9887107040364248,19.375,5.133639531417764,3.2564749045258434,5.4577351204318685,6.797767493140211,5.201081991350366,21.7067805573807,0.7811038933501774,5.091547224322118,8.592668443809426,36.757162255861324
1,339,6,269,0.8946194754446032,21.046875,4.5821488523203575,2.23987659723975,6.266439681138381,7.038018107306066,6.247589621327162,32.41368035326436,0.8810547943539067,3.898490197532386,8.2911664674621,40.61322019688618
1,340,6,284,0.8917383257432946,21.4765625,4.648141857649662,1.6368744934016637,7.80977687403715,8.44198382278309,7.623447905038452,42.78311117973266,0.9832137327093422,4.031676126279838,9.696001070955274,52.53726835642963
1,341,6,273,0.9744635736359647,19.796875,5.437512942147177,2.157214622412142,6.879422209800952,8.174944821072973,4.324958562488815,21.05702116210681,0.4487160060791774,2.6665504560246043,2.0122130454143714,29.46276091294719
1,342,6,277,0.8836115157633929,20.625,5.21774251966453,1.501258724055509,7.3887607476258905,8.837869938615887,3.72308542243088,28.26693194422916,0.382573869412262,1.71877539760392,1.901554410611687,35.14229464140776
1,343,7,296,0.9603477248640943,23.5859375,4.179751080586939,0.8405887973077413,13.436309747235066,13.605540416398973,2.8351674252316963,50.0535084313847,0.5023265574555495,2.915737064174036,1.972670667451146,53.61204137016883
1,344,6,281,0.8673773398277435,24.46875,2.9644617895050644,0.7811032054960626,6.714273319328605,13.428731014041974,1.678653398216641,38.040337172575036,0.4138122380408672,1.825999689823002,1.8229789174329958,41.62276750391977
1,345,6,316,0.859123981548481,22.8359375,3.1595527302244797,1.204103266820693,7.932747846383408,15.865161761747267,1.836511914480783,48.52113520148559,0.3556731053581222,0.5870334689557785,0.8477075792543401,55.430120549283515
1,346,5,343,0.9375079004286434,24.21875,3.9199354342338255,1.3127288423552934,0.49404618741367334,0.3536673792289762,2.265670834339161,1.2510542326887741,0.5412480969307747,0.7142369523315631,1.8802782017894204,1.4690012923004983
1,347,6,404,0.840885670105596,22.6875,4.118748215227187,1.0327895622789836,1.045951476756997,1.98402653747491,2.2675531489442946,1.4349267580013327,0.60569885493135,2.11786789758484,1.6267472944315062,2.6623972110805703
1,348,4,494,0.8316887059906057,18.5390625,4.57673613433103,1.1219513114725093,0.32909533666761487,0.5487009312887968,2.1381444533942395,1.3583386328959288,0.5280768849102558,0.31922149022124036,0.7121778685443092,1.2239048500674132
1,349,5,518,0.8996274222079992,16.296875,6.737795118585272,1.1116043571043992,0.5952341569162368,0.36741524412080245,3.2540948146266966,2.5463033237169492,0.3679010476819319,0.29677950772881934,1.0747962337758623,1.967546363412528
1,350,6,525,0.8041494169970845,16.640625,5.949165203990667,1.061730085782108,0.5969305236548633,1.0099807621542527,3.2194542521643905,2.4622544300471754,0.2544138757551694,0.4014966762598334,0.8654797232745222,1.3036678800937485
1,351,6,532,0.7930584817762381,16.5703125,5.940601222714093,0.9316845971521253,0.6275995529797609,1.2122829152862233,3.5874007204573584,1.845535280079202,0.4162991580397659,0.6236294304113805,0.8709344286113406,2.0423269804778696
1,352,6,538,0.8542351387989339,16.671875,6.759487762086328,1.259964215297196,0.7305316964812435,1.6530641697821284,3.9029856402972163,3.0355495519146456,0.5011899969993175,0.6199946727819345,1.0040861445433857,3.43805584509764
1,353,6,544,0.7596003755341614,17.125,7.665861287035302,1.1419086360336688,0.6946562067863108,1.7679950465659449,4.265197528459607,3.6648539523193264,0.5732612247901054,0.7237128684341421,0.93740026586746,2.503648291195481
1,354,6,541,0.742102157520056,16.28125,5.037188884961843,1.1685454075198682,0.7411806659811175,2.1702865684402486,3.158596015894668,3.390935375052055,0.4527291822554045,0.9253129595635359,1.0585520591804125,3.892918825230744
1,355,5,528,0.7993224571202321,16.2890625,6.7208496918929175,1.219588378505423,1.025345538563399,1.4723658122943446,4.054790624815157,3.191398958446719,0.32278533841022733,0.6732536447439392,2.4001260607262895,4.7962862274125575
1,356,4,528,0.7157951156700235,15.953125,5.416073732459289,1.1596349956474068,0.8705208414332971,1.5138242301272054,3.3675529692628188,1.1094536323647488,0.33482041935657825,0.504264544557854,2.3564690686007914,5.414276547416843
1,357,4,517,0.7047398651495936,15.65625,5.289028305457042,1.186189385760956,0.9797723418332851,1.7776139640631845,3.3472681902805057,1.7273876779436974,0.3356388892698427,0.7685445709823464,2.338407040685979,5.972439947380739
1,358,4,505,0.7610441411783248,14.96875,5.714407779082966,1.3447868029214383,1.222585645277289,2.271086677292975,3.7435474753515177,1.6298449277083487,0.619111991351724,0.9581642634984908,1.9757510275350834,9.369049734000448
1,359,5,494,0.678684296360837,14.96484375,5.1826259763432185,1.2500441653351557,1.4983326742465974,5.7646360031875545,3.540195972505278,7.864592273268524,1.1887961188395588,1.773778265554298,1.949283291099415,10.300751138323724
1,360,5,476,0.7302916309420753,13.94921875,5.847622081409724,1.2991069326241482,2.0012807735476352,8.290034772641686,4.812829394061103,9.097488909995043,0.26410103928993495,1.1955401998698598,2.8441610128535593,16.48636140955001
1,361,7,440,0.6498678103774861,14.21484375,5.916811610418787,1.3511084544179737,2.0355184283315233,12.785636095004392,5.143571914659975,9.905406002667029,0.8713194828404308,1.092526938008946,2.126587517127349,19.150930109524854
1,362,6,408,0.639364866301183,14.25390625,4.933496830889856,1.4238333823950535,3.190460520491925,13.533331188143507,4.569883740155708,12.765301258487765,0.7630215863793146,3.0710214672505427,3.1392012262284696,27.83364713201523
1,363,5,430,0.6899737206281368,13.8515625,5.470866153861239,1.3637331818489002,2.3984773436693296,2.005276889704218,4.698337539822578,9.119530382880818,0.5632699545959557,1.7993253288586066,2.8647578581061093,7.884467223722901
1,364,5,433,0.6184419984439938,13.109375,5.538752172092782,1.1789866228243127,2.314739665167454,2.187966063124901,3.621146614645489,2.7124264545301315,0.2133480113689455,1.0421748579776968,2.0670591771661653,6.6353289335149555
1,365,5,468,0.6060206441813916,12.890625,5.41180726877934,0.8216615523331845,2.6344148212434066,2.634846594881338,2.8260244000785173,5.372994660294989,0.5996503461028686,1.2873697925714438,2.1393333836708566,7.476786012832409
1,366,5,499,0.6498102868844419,12.328125,6.066774437866834,0.9754058207494573,3.23105957488302,3.5784524870006043,2.948016462457898,7.191381572813715,1.2817933663025471,2.163489137859713,2.661323878407319,10.965719255044604
1,367,6,493,0.5760433633117049,12.3515625,5.323850231927632,0.8756409127498007,3.686329769836468,5.43263212454689,3.912412445051538,16.729864900593533,0.48592135637237915,2.168208523757588,1.8740598916828117,10.03942645977057
1,368,5,466,0.560911377178066,12.13671875,5.387392174871832,0.648183107733986,4.210441161069914,6.103008768472983,3.6197193561686642,17.64382453385425,0.5168533880243293,2.0599534487512705,1.5282119100342442,12.996219823599239
1,369,5,458,0.5983033757310425,12.64453125,6.593498587009056,0.797639937812917,4.920590110776246,8.43556248853955,3.824524454316936,17.409661218649653,0.8721171078981425,2.2410608705547097,1.8653379568503656,16.156077873636022
1,370,5,387,0.5282827880806651,12.5078125,6.08101347271717,0.843000199709854,5.458966319710777,9.814520861487093,7.755447850623078,11.402879400067809,0.8024528496138762,2.2387326009512387,2.1429309792857487,17.45010782833302
1,371,5,384,0.5113948486310154,13.41796875,5.289427664151008,0.595081659975883,6.1156392196189975,12.445546636977017,6.213762597017261,15.125507471647662,1.333230869812177,2.298347568457256,2.0085906701218765,25.54074830415001
1,372,4,379,0.5397447662899352,15.875,5.308378503903064,0.8512390941059896,7.013077589569514,4.964149824095299,5.01797529709472,17.446858676151756,2.3105399527571366,5.543359999381683,1.8497295802527747,25.596096474315758
1,373,4,402,0.4716728391089837,15.15625,5.498866384383752,0.5238659080015771,7.1472592906355,4.627883424102015,7.838282415428633,11.94127105068812,1.6674529450642723,2.7939417842119765,1.8932161177112312,25.031928133764428
1,374,4,431,0.4496745751811905,16.8125,4.240898126644904,0.3787750812702809,7.986726792491631,4.707196559372608,4.343372379197536,23.154199117599706,1.0539490889121104,2.810139445476908,1.5803929808880315,29.53215745679982
1,375,4,485,0.47292577638164296,16.640625,4.88814840859931,0.4732600158083579,9.94744497533489,5.307277410335604,4.468768760896241,31.156479149351547,1.4848471982911626,4.381749773912912,0.930792748434113,39.770489757655575
1,376,3,505,0.40571057160707913,15.5390625,4.411214716413012,0.4052207312676099,0.41707793198946647,0.4161825584945401,1.806065564159857,6.6847869599803085,0.24296582425034755,1.9633313356498323,0.7051163467359614,2.002728400456988
1,379,3,529,0.3408771054263691,14.8671875,4.217137991204199,0.36258471836047795,0.08907991972232022,0.08721613996823507,1.6198251501725716,0.7775080524487963,0.20445321607079536,0.06551389782265998,0.24979270287836175,0.31620290538640017
1,380,3,526,0.35288053654038853,16.6015625,3.78729350320532,0.343488325813025,0.11736290313912659,0.11333728141901524,1.2176621005919723,0.26060081742297925,0.14784068424005056,0.11979827009395139,0.4783723670636054,0.07044315165696347
1,384,3,512,0.23681884589696753,15.8828125,2.707863415156645,0.3643883146651192,0.04140993271821651,0.041071607239276955,0.9553058540026745,0.07933440798227676,0.49436483882693616,0.0814769192127856,0.7335346124801807,1.119068234434293
1,385,3,499,0.21839591512584636,15.2578125,2.538979299901905,0.2326895564861094,0.04068291190024945,0.040429164354499426,0.8676504708405562,0.08801274832065553,0.20517982260954648,0.13400423407642625,0.6963660256929517,1.088163762112244
1,386,3,497,0.22086569098334718,13.96875,2.5334172150829404,0.3410976702819942,0.02410270251539698,0.023981199183434214,0.9112653726624509,0.1157120287537945,0.3202414786579621,0.05687657280888492,0.4417108004325509,0.9039771042943496
1,387,3,490,0.18495728759517996,13.05859375,2.1779756401407457,0.32231471029039027,0.026320790097777273,0.026223418776319073,0.8498522889686548,0.29911206314018757,0.1172063130272619,0.07159222627024785,1.1131965373900026,1.7510419308114056
1,388,3,495,0.1686294551403137,13.765625,1.925034349969448,0.26143131423843424,0.044938498411379375,0.04480819163569453,0.7298357604436797,0.08205978535515601,0.1432109138139742,0.042564822967761984,0.7238774564542214,1.4868274122292362
1,389,3,492,0.16071858881931217,14.2578125,1.818332153569246,0.3328434805724728,0.13023777239087708,0.12992679969929966,0.9800534963096397,0.587780713085338,0.1334018676324329,0.26265529168765833,0.6929747332844095,1.2297000846877901
1,390,3,475,0.1290762435875276,13.75,1.379031083183146,0.2866864364718586,0.13688503075473604,0.1365423530453967,0.455998434448616,0.07336818454917066,0.22256549778932025,0.2405364022146793,0.6428113254907157,0.8727910529721501
1,391,3,466,0.12683683364759993,13.39453125,1.2599459218866138,0.16455548127335226,0.14881867873175594,0.14841620651811488,0.46229939843974766,0.1964562179617192,0.10867122933188904,0.1964715481581679,0.5467907608243204,0.7363407035911411
1,392,3,480,0.1048499157014342,14.578125,0.9878769633999224,0.2509911340457378,0.14210337498676992,0.14172892270947735,0.35559664725002305,0.16133490764679836,0.39924928300883405,0.328684066225781,0.7040272824224805,0.8279543549232029
1,393,3,479,0.09198059976651367,14.703125,0.8860984258623854,0.18857361856889562,0.17401425967139966,0.1735565222067087,0.37923290458991704,0.1392441608173448,0.13990903353981254,0.15800527869809045,0.43889572827670825,0.2809580162771258
1,394,3,494,0.09303029191290188,15.7421875,0.8938864886697258,0.23255205082548278,0.2456978889008668,0.24504018447900655,0.28260895452616835,0.40255482411883925,0.3501336394581061,0.37151074511946736,0.853299614499571,0.6957125107754486
2,1,3,540,1.192130636797484,15.5859375,11.967987611514008,2.767385490684494,0.37985936201990944,0.37983239425445525,9.161822877396709,4.956571020084036,0.20278273472310346,0.29290867235725004,3.3121150121629714,9.800826912935658
2,2,3,533,1.1906285906420853,15.5234375,15.853458386531019,1.998127934807371,0.45811272021158944,0.4580500488415634,22.424023296721717,3.0842675001901405,2.777156907636452,1.2324393779789178,8.187149208781124,15.62234893731287
2,53,3,566,1.0921957930079458,17.2265625,9.023547977621842,1.3794383927243854,0.6796873533017802,0.6790946765354365,5.178351303899115,7.912338734072577,0.3820908802954183,0.5485357253578146,0.5995331995154333,2.3759072034590556
2,54,4,561,1.0920049238985354,17.21875,8.498685135929065,1.718945386429842,0.8482515424339072,0.6212728181552789,4.502178785403986,8.159959433132666,0.37039264819631523,1.0154871701231407,1.1955389429886558,4.047934119126926
2,55,4,563,1.2044627097879799,17.1875,10.734313142332864,1.7990751789639934,1.0428861261449418,0.5193225047181973,6.2761935627464815,10.479578208717829,0.5474677305064134,2.3235852600968534,1.0437769259961596,6.489130605680156
2,56,4,565,1.0919568263334287,17.078125,9.663901737688885,1.7281536973644596,1.0555685827791237,0.39563295810482235,5.48124365588183,7.460043952034874,0.3316111021685915,0.7935934678652522,1.2599438938047987,5.666287355157038
2,57,4,561,1.1006437294431826,17.03125,10.718835239403495,1.8139048588548128,1.2079523956537424,0.26733558156059334,6.136559921588077,8.962079682739247,0.35611740261649216,1.2700847316425816,0.8474549586918393,4.357843239381694
2,58,4,561,1.2015381968699463,16.90625,12.798126743459257,1.8812374920465291,1.5281577376472177,0.13416367400849993,7.261600100216885,10.671901972112373,0.3541566471878663,1.4670161496798713,1.2161271952085935,4.739136768402572
2,59,5,566,1.0813819181581878,17.4765625,8.9345566858155,1.3538174200986977,1.6245921748856291,1.1730348597912552,5.465078500409778,8.18230276997654,0.38866151727045367,0.7776181039453997,1.934519174153943,4.240374587727655
2,60,5,561,1.1785647900975862,17.359375,10.110344495095065,1.5329535280796183,1.9915330917561802,1.4328572726696498,6.1153249502094535,9.266775335166406,0.32814773921860996,0.06704277283943366,2.74148767636352,6.181350739869375
2,61,5,558,1.0610852593238842,15.78125,13.836078083976966,1.4770560574711546,1.9862546769003004,1.564269682435698,12.574778131465902,14.929502036610268,0.2822017821328178,0.6400710780276507,2.6224049984700697,7.63142049731583
2,62,5,559,1.0569697687052166,16.921875,12.478925777266046,1.4238229613016837,2.2147895530943815,1.949684799624328,8.510667595858473,9.824402704946099,0.5571680666849621,0.6364605493021247,2.985734452298982,3.8862118236053633
2,63,6,553,1.149843666449618,16.390625,10.885844408619304,1.6886040872768053,3.2160978447155406,3.57668536003335,7.378115736254846,15.460412098415425,0.2427769183965528,0.3670502516239168,3.24021476079915,7.089714872354569
2,64,6,551,1.0290008007406024,16.375,13.81076597496989,1.2996567545072795,3.3008143139751036,3.5799048133830667,12.921461846404029,22.806863861817085,0.2961335862514933,0.9583691937002793,2.831436452431776,9.084475977180583
2,65,6,536,1.1178544547540572,15.2578125,11.96615278757455,1.603699973753976,4.25517583894177,4.827135989155475,7.87438089543738,16.621549336410524,0.3551342481954073,1.194869986668176,2.874823236779884,12.970099642871027
2,66,6,528,0.9953130614052697,14.453125,13.799257140351038,1.370741118480217,4.588538932132243,5.27540630654125,14.343302049050195,25.35835227213008,0.755929282075145,4.162787148354521,2.1411540249502417,15.802602037487965
2,67,6,518,0.9832542039124958,15.74609375,10.920475995206044,1.199676121746748,5.533602403964663,6.454600902112594,6.813177881887491,14.207926189769843,0.6696882489149436,2.3574714436696396,6.944581224784428,13.988225749027198
2,68,6,525,0.9625768512547083,15.7890625,8.568403084904173,1.2491020200760359,6.408324560747017,7.937236802726793,7.854896333586127,11.216909314925145,0.772525232812552,3.2022929702588003,4.249020590560689,20.80322437474501
2,69,5,536,1.0377702010789827,15.7578125,10.290330898092105,1.233766074054402,0.34507412378324687,1.276173743602131,8.202189936324048,13.74599212997322,0.43286704598173475,1.8377213647801782,4.9133518853534905,9.444036818943793
2,70,5,545,0.9254774655630816,15.7734375,10.4934143491347,1.1011708505835744,0.35837414477823004,1.2788295006915722,8.700984986518435,15.341095474274292,0.17314361749150498,0.7385154318589862,2.8737949125254043,7.45550276910664
2,71,5,558,0.9095043260530703,16.0546875,12.513817160526436,1.1489800091475915,0.3923091457119764,1.3665285302152412,12.245218416961317,23.560638720301984,0.3199003603612087,1.2971101391630444,4.932013118532078,10.861146206629439
2,72,5,554,0.9915892477653887,16.0390625,10.371431014338395,1.2550240030441913,0.46714914445413647,1.6078598553531667,7.795091782143078,14.393076971477681,0.5101187763582948,2.230418880187341,3.9398375428813863,10.039729042466146
2,73,6,552,0.8906679031971587,16.0625,9.250571186110017,1.1126787727728282,0.8239803610440743,1.1537752234802654,7.022763119987079,14.611464110702924,0.5185757372029931,0.9263750759832743,4.098755965278665,11.591302193782415
2,74,6,545,0.9747692381351248,16.265625,10.943050402551984,1.2361077955132376,0.9497641580851601,1.341627239411975,6.506509827058354,14.77901348653656,0.5987915104758137,3.901953935334036,3.0816298625363294,8.633743331201332
2,75,6,540,0.8794919550716894,16.078125,9.686852202117736,1.056802214210078,0.8881353126898563,1.278952938034613,6.6605551714667754,14.717629020717023,0.5810605829396323,3.469544892098373,2.6630943563718996,6.880842784518976
2,76,6,549,0.9626129589097872,16.671875,10.026926277070718,1.233832452262183,1.0525509450710473,1.5316258255077062,5.227045318041572,12.973660231822167,0.5054109440250668,2.135712493913076,1.7012164620461538,3.8267053344725452
2,77,6,552,0.856557666076116,16.34375,8.303984788830936,1.1650480128292455,1.0147759159089642,1.491922118537102,4.453464972482142,11.617508542552448,0.7857765683659494,3.6025427210183407,0.5918769209024051,1.9466024681618534
2,78,6,556,0.8475111437655805,16.0,9.328959732960767,1.1589403616596259,1.1433575692836588,1.7519375177499383,5.947851203507938,15.002123837915907,0.5999423386264422,1.8191634323984827,0.6615559091039593,2.551463446198284
2,79,7,560,0.8260478088162083,16.15625,10.171149223192495,1.0455805635236644,0.8922931577264248,1.9162820030611474,5.388186606275871,15.610446781881533,0.7605217057746539,3.9930244539698814,1.09526746441611,2.167209157674635
2,80,7,550,0.8954602593970227,15.99609375,9.784886509011084,1.221649205452784,1.0706242536449586,2.2763086626372067,5.359926521821146,14.324076638370862,0.21046123525243818,1.6480880137002067,0.6540684554955809,3.1649065362194104
2,81,7,548,0.8016724371519406,16.234375,7.911586813909906,1.166635104374644,1.0360793217441209,2.298398199758051,3.7809915292119136,10.240884832194872,0.7106359434612556,3.4230779072750557,0.5847820954577141,3.3598431547573755
2,82,7,524,0.7855893708732612,15.6328125,9.947825305299126,0.8885138750508127,1.083604595414127,2.376282176920422,10.155093424581109,25.011855363066253,0.20508203830928287,0.6143069432393031,0.6232085659773557,3.05119714823264
2,83,9,545,0.8424820205417087,16.21875,9.805939194810236,1.117618457518872,1.1182472156689782,3.2207555520097104,5.229208338526177,17.66008533146874,0.7335748098009587,1.3213191872369578,0.5631129240223247,3.747138748260941
2,84,9,521,0.7512041475069351,15.6640625,7.895961445632312,0.8138045088656894,1.0691547723684898,3.14851915570572,4.689123128147933,14.878614857622688,0.12162066848890012,0.6389115770186491,0.8044448226773477,2.98417887503776
2,85,10,532,0.8020113595865387,15.8125,9.064339662124052,0.922365280195133,1.0757743953252235,3.886238498185168,4.715877000650197,14.517157354119231,0.40880927159154934,1.1522795970964974,0.8015115222363722,4.538034698910928
2,86,10,534,0.7061807165983833,15.40625,7.931224486615159,0.9083460098617935,1.0569615313522323,3.817264746567365,5.598742158936499,16.512818997130562,0.22568249465956508,2.2847534749010174,0.8678575659801548,4.358223904082972
2,87,10,528,0.6805956587645704,15.8828125,8.525556934051263,0.8238882995251536,1.1136824780979109,4.073673930477592,5.446237512193189,17.35447054896008,0.43038394989187806,0.8913257475852012,1.1634329370600298,4.046199662492761
2,88,10,519,0.7292095405290948,15.546875,8.547750883962067,0.8792241090740123,1.2974950975714066,4.89560912163974,4.5689901668921555,15.138798411655408,0.5350504400677539,1.0096258846646318,1.1990649838148535,5.1468883243147845
2,89,11,520,0.6480051443839624,15.6484375,7.373068810728282,0.8888984743070101,1.1353651673167853,5.038496429387693,3.397827142727393,8.875525063046407,0.7493878716049202,2.1037760946024653,0.3408273178030929,6.139060717326992
2,90,11,509,0.6298349018687676,15.3984375,7.714373485977809,0.7564314500422392,1.2079391257501284,5.369850742906636,3.9276511252087247,11.866277504821287,0.31342333733895683,1.0404900424196404,0.25505702322748763,6.56261584241904
2,91,11,502,0.6690908750729111,15.28515625,8.107541895651,0.762292770526305,1.3934283215152177,6.293741835912096,4.617373304698078,13.479538652513297,0.23912213818143496,0.8847749076893467,0.6312089203720829,8.025570781948185
2,92,11,495,0.588782917050055,15.28125,7.510659998081123,0.7060730867850719,1.311158588923162,6.230765143615933,3.9000890611808727,8.960854349733927,0.2809670454659708,0.9516150427934215,0.2917423477525552,7.685569765802828
2,93,10,490,0.5708302547749806,15.5703125,7.098465811927229,0.8856734058527932,1.476641222426347,6.6449587563154795,4.1327393871159135,9.976416114333169,0.964948563188953,2.557803456306242,0.4190902257981915,8.425237789986078
2,94,10,480,0.6126816905968276,15.45703125,6.97289169147267,0.7013228640501477,1.6983250491762285,8.229525834838155,4.368111737041497,8.455987189590102,0.39267136780159284,1.0879299250533607,1.391740520127406,9.037197166818288
2,95,9,484,0.5406453896128651,15.56640625,5.61688434215772,0.5929099185075193,1.688575314824772,7.830453385494432,3.730514250748311,6.280811015642359,0.24016739262138945,1.095582856541477,1.667849259332793,8.207319146837985
2,96,9,484,0.522620390712272,16.109375,5.069708899097484,0.6426510248431176,1.7780453429214063,8.339879631439322,3.4726249483659477,5.87961703447897,0.27287614124972526,1.1026475849900947,0.9672769515483122,10.311671918767617
2,97,9,460,0.5560719015269462,16.453125,7.533098303421996,0.634933193245429,2.05110675724491,9.8167226416485,5.820839868291303,14.824328259121753,0.2369858635561206,1.1429764244529603,1.1812040751542332,11.982584532948385
2,98,9,458,0.4899176578430995,16.8203125,4.755162115139658,0.7825713136852178,1.8045839809649087,9.798729392434069,3.064277698231605,7.664839185213092,0.577841715964812,2.42675504786857,0.629550451854757,12.543355905131238
2,99,9,435,0.4748041899422258,17.234375,4.476946114138547,0.6014686659811523,1.7059402599032811,10.577562101673834,2.6517380535582675,9.15266696461333,0.48788750784406476,1.444134224200941,0.9568938699374542,13.915443234379092
2,100,9,402,0.5022440566205377,17.5546875,3.816968698290113,0.6615736914744451,1.6281327627666489,12.82207100253843,3.003283538328116,13.816865543792757,0.1706660597051943,1.7748255007161917,0.8756005021180842,18.261850015266344
2,101,10,374,0.43771167975663466,18.9921875,3.1635194697076203,0.4864085266779011,1.3834641296872827,12.845392596328626,2.362446174664494,13.942652154739289,0.15989868660761514,0.6300464731279568,0.9565435088766231,16.321385679580885
2,102,10,367,0.42791240310866413,18.671875,3.398898609982121,0.49791324917905305,1.5152615444096642,14.220958595173162,2.622214215736288,14.795348900939498,0.5844895424987111,3.1666738028076336,1.5457205773558105,16.475454936517696
2,103,11,375,0.45486759823989165,19.0,3.3764214165573248,0.5276293480655503,1.2668249236560645,17.78735991510037,1.9978081735444315,19.90328277461866,0.13391636135629384,2.1711690131389587,1.7036672598106415,20.82274760559821
2,104,10,387,0.3943179903780265,18.453125,2.968683005364606,0.40564660453868606,1.8819846401478113,16.73346932453928,2.0806623744119044,19.818471993566874,0.18137192151661125,0.7549742762935621,1.804077509998136,16.21858080674918
2,105,9,386,0.41626267380217885,17.1875,3.412598972748145,0.4145023359211318,0.6979444690462873,4.499062528213882,1.7487215267782885,3.6908625243366093,0.14197640150114713,1.2855908161371066,1.8632806133862545,3.8590471923803324
2,106,9,377,0.36164373928016263,16.90625,2.8905271672650104,0.3543673394672941,0.8043187740612623,3.920468815091046,1.7208758165649152,3.428204728797769,0.13604618227123116,1.2606529571983556,1.36794025784165,4.5305460748843585
2,107,9,395,0.34955034617084796,17.546875,2.578731706667778,0.33866400328913543,0.8813912427464707,3.97393266606312,1.2635542398146684,3.095224321794647,0.12300579639917052,0.563829351142955,1.2084924409193096,2.381159602761153
2,108,8,413,0.36522059907859755,16.84375,3.3237754112083575,0.3698558454921976,1.0395709926995234,4.173898151782639,2.3594956241726632,3.8539937067616012,0.21303552946297177,0.8582882795089459,1.2034933111344142,4.51697808013958
2,109,8,410,0.31296760542821894,16.84375,2.99193480552361,0.530165910977265,0.913551757920767,3.7810391577553397,1.8838610404704248,2.7765553635634195,0.7461871089623295,2.7330055185304745,0.2756938733630222,5.903377984177186
2,110,8,408,0.3041527162707981,17.75,2.2345083937159274,0.2994733658020018,1.0393481190853817,3.635599879481666,1.2069452801915044,3.54015806678867,0.1850517525725728,0.5021497562461782,1.4146236682982003,3.9136838684450073
2,111,7,418,0.32176271494395947,16.7421875,2.3042160605168625,0.2767679035499938,1.0077868152353733,3.7791872516359075,1.2814416474400772,4.229122290641027,0.11340613291562515,0.5707477020885452,1.2902470256581744,4.588219001305476
2,112,7,402,0.27329278423936165,15.93359375,2.799880627621129,0.2831450292239646,1.0091201247279047,3.39652658960441,1.4193790044512744,2.4997586130905387,0.19929973372850648,0.3830866972603188,1.9952297900308218,3.194128595876401
2,113,8,409,0.26193452689751273,16.203125,2.428481819598861,0.20202634976717163,1.4174278370693454,3.175219153428472,1.6938167685843704,2.7481006336201466,0.17455468319205988,0.7573644642595831,1.4429288950356933,2.5249992867832693
2,114,8,408,0.27592375480021897,16.75,2.3584599137646247,0.539741011399971,1.7062162491345383,3.4959304172458787,1.5472670010570129,3.292471204976347,0.9188737232442492,2.2750148889273563,1.5143880577030169,3.0207321167713483
2,115,8,428,0.23977537628517598,16.4140625,1.9823989530434274,0.2228750081768816,1.6271517812544696,2.8025592975596165,1.1476097624564758,3.420824497868548,0.24890296626696773,0.6005280326048748,0.3833189119462225,5.474692028594322
2,116,8,454,0.2479509863100483,15.04296875,2.6465677256536306,0.42801025419577293,2.01784121968111,3.135304959110698,1.8781409381754808,3.6359637979330746,0.6274291391985685,1.2491848231624965,1.7522665117582967,6.181292260456846
2,117,7,473,0.216041016380402,15.5234375,2.2258057346476567,0.20590371555764259,1.0683205748808986,3.22575886665894,1.3054934304343262,2.7856893352961687,0.08559572241344601,0.20549695435442136,1.1244783827489608,3.4795687853646844
2,118,7,493,0.20143552893107228,15.2265625,2.304570699834396,0.20171633578158987,1.0424482761566514,3.0879675941538443,1.2141427122440247,2.772053379130818,0.11482018219522998,0.30088907659807457,0.8555165340900669,2.985177552691175
2,119,8,504,0.20618634376194975,14.4765625,2.558840656144173,0.2513779607020228,0.8803037676875152,3.2451518994627433,1.3729848084205123,4.50224169783661,0.16162962996549496,0.34182700794366505,0.8910377199555319,3.7129767194488115
2,120,8,513,0.17474646883472933,12.6875,2.1058798081239147,0.2143040441329068,0.8057822944492768,2.8234740767781883,1.2605166776375791,4.090531031725689,0.14283098464717114,0.24871652325349813,0.2729868740481755,5.245184615731398
2,121,8,504,0.16757301555994475,13.984375,2.0422933678023103,0.2443318347005834,0.8001283743636056,2.639526375927813,1.27408366959773,4.249936298828417,0.27792300408700366,0.5205377346714135,0.7656449545841367,3.5029719732657507
2,122,9,510,0.17531214806841128,15.02734375,2.0237004109379138,0.4820800791780709,0.7796737519324412,2.800083808633074,0.9975041816814494,2.967613626820154,0.515246404091364,1.460417165836208,0.8101796126581416,3.834188515019427
2,123,9,513,0.14783380128908674,14.65625,1.7141069639931092,0.19989424852713028,0.6912964625579824,2.3297322962035136,0.8043748900530548,2.1873855366777772,0.16637506949553144,0.2543240147632706,0.6458899196277509,3.0423004744582154
2,124,7,499,0.13637867842442664,14.4453125,1.545237219666814,0.15501241998900536,0.5251033836913791,2.21762072134563,0.5943819362580204,2.3833448699349846,0.0982473728099835,0.12036051678552782,0.5210180109910374,2.5150911649835463
2,125,7,507,0.1394685738572628,14.7578125,1.6457725253797144,0.14465953431079884,0.596201060583093,2.2860888931822565,0.6566858808193816,2.472723670160069,0.07850799344565738,0.2265547595643368,0.3350993870324703,4.181558999812883
2,126,7,496,0.1179832890794939,13.3671875,1.4364148374168808,0.2784501503338216,0.5490220280413903,1.9373804374442225,0.5609747461298054,2.331940277800961,0.3038941883034276,0.5201260117181273,0.29473867057093817,3.376287470637261
2,127,7,485,0.10878732378439235,14.4140625,1.2845508484202992,0.2797229550657139,0.545525208312812,1.801336927920189,0.5463110112961744,2.4410459858931106,0.36250694516302223,1.1254265758921487,0.3075131720596623,2.448072218964384
2,128,8,477,0.11649402801309063,14.078125,1.3690606355690553,0.17385825507096916,0.5009689674131907,1.9633891668215004,0.5851404010447712,2.219228211029466,0.08353559409174441,0.3512406455630999,0.3870587465996642,3.1794659854915848
2,129,9,501,0.09363962342265421,14.84375,1.1448578969303054,0.14734511854882462,0.3615917922001038,1.427766968766207,0.5725019915412529,1.5144091210149515,0.13080309312157892,0.25796792935933566,0.32193731419638844,2.271170707109553
2,130,9,483,0.1005223238619692,14.3203125,1.2451985265485273,0.19068097423169694,0.4365272205767758,1.552018461179812,0.5778303600762538,2.3390312484931934,0.11659265464555799,0.4198129794455718,0.3656298996904337,3.3156669366066125
2,131,8,475,0.08455323168676651,14.1015625,1.0426817858087052,0.13808186636136005,0.4376399175470411,1.2510188817355758,0.539842727286856,2.0098206753030268,0.10437313829711356,0.23434097288218794,0.2874684348111486,2.820131048238208
2,132,8,473,0.08807317143604323,14.71875,0.9603068081997254,0.09245008906563937,0.42455335825823665,1.2452764251462474,0.48689068346159237,2.7283928996106432,0.06549502647388036,0.2582574219341092,0.47434645209215076,2.505083089870673
2,133,8,465,0.09627924302711487,15.1875,0.9388632542560026,0.1868022971787949,0.4903402292269398,1.3887861197361744,0.5075897391365716,3.15307648623935,0.31647887286689125,0.5821494368335889,0.4124775591033548,3.379295378851913
2,134,7,454,0.08935093298249598,15.03515625,0.9103208400806202,0.20695029187056396,0.7609579530718773,1.3255587438527694,0.5375675012562402,2.6157183027905226,0.3426924109169165,1.1089605621565617,0.44762412164546783,2.947730511118974
2,135,7,472,0.08687143881314587,15.4609375,0.8548391980257642,0.15461168018484317,0.7116323817340398,1.0646350192096505,0.4964079956661278,2.9552925186706616,0.08642163900194139,0.1803995738171822,0.5416007314482061,2.7809417674810386
2,136,5,498,0.08633234241760623,15.734375,1.1734095819008248,0.2968034773539026,0.17795187715905128,0.44861320760529133,0.7815509811668642,0.4264913272796561,0.3172580388177293,0.35207096454285547,0.4010653852444508,1.0817067363635189
2,137,5,507,0.0783031967439301,15.9765625,1.063010207232367,0.14506801809476286,0.16325455950639614,0.33905857795015776,0.7363892056711446,0.5078031108562617,0.1434821260766796,0.11774634224183435,0.4158476493391878,0.5725918632078928
2,138,5,508,0.08898653882783487,15.39453125,1.053676387858391,0.14534190495107668,0.19767818862867584,0.40557899155989785,0.7094827908699216,0.5412345453113937,0.10859673870981218,0.1662671923445077,0.2389972573028292,0.7245134341991234
2,139,6,510,0.08279833733338,15.48828125,0.9385244964959079,0.19440277177485932,0.16895304137355643,0.3536803222103621,0.4765385915959668,0.297113073815451,0.1881471011699829,0.2541691201082127,0.21812442746693395,0.39563915530965765
2,140,6,492,0.08164547402244424,14.6015625,0.9609894122208251,0.13208526483069508,0.17266913628089786,0.3740139088210247,0.44963758130370346,0.27608112541577035,0.12101673363447693,0.15184040521675796,0.2803697808264883,0.46725020415508933
2,141,7,491,0.08423401127946151,14.703125,0.9081080021218223,0.14406999732127257,0.18000740064318949,0.593415293703963,0.4777085439893576,1.1911959145578168,0.13102513970172044,0.31481770756569893,0.3617931007348576,0.42624404052053494
2,142,8,482,0.0921979736310128,14.0703125,1.045138365161348,0.1335861440464235,0.22697072027259788,0.7312881781808982,0.5408189214553513,1.4929657263483294,0.10630488337320446,0.2050546036018657,0.30885215956211476,0.5869553528687992
2,143,8,483,0.08108821103695488,14.2421875,0.972579171153424,0.17003319936207434,0.22691184967040492,0.643864247879731,0.5261085603591635,1.452522010412863,0.22753242661685397,0.359292343103984,0.25618231466923597,0.5902234727218996
2,144,8,470,0.0874442423224654,13.09765625,0.9925904303821024,0.216160849744925,0.24678516222654967,0.677141119562918,0.5278330729183925,1.4888260709190486,0.3074514797497202,0.7832908705837203,0.25414421556752564,0.69266005662643
2,145,8,469,0.0761567493763351,13.1015625,0.8446874393678162,0.21147629987923258,0.2009566593251493,0.533911739971209,0.4601532598685796,1.1617029925352684,0.21908793498225915,0.6907430734978605,0.2846619761053448,0.4040371587910542
2,146,8,458,0.07313847506614865,12.7890625,0.8096455023672939,0.10695413878668841,0.20511435191381838,0.49766794761157723,0.5992266606011903,1.9642404068564596,0.1183614319967709,0.20520902398840382,0.222048422721204,0.4333142043558292
2,147,8,451,0.07471190611479137,12.609375,0.8302633452789959,0.1569682181620808,0.31554056168060807,0.6424279776395327,0.5148211606218902,1.2541814176677557,0.24986558861372452,0.4536850579618822,0.20649307287422197,0.9749827925508157
2,148,8,449,0.06201721942588345,12.4765625,0.7476439006004796,0.0969281557291977,0.2654532428284151,0.49808375139888944,0.4813213106845405,1.1487807280422622,0.14524112444872145,0.23812312595618113,0.2696500797623223,0.6147325464731724
2,149,8,433,0.05546811195197155,12.0859375,0.6887836010014196,0.08457220888603093,0.28987499737786704,0.41450403545646,0.6911903804970225,1.1137559972091857,0.10261815506831154,0.1726531873374169,0.24386410561875482,0.568673066307899
2,150,7,426,0.05621208737351601,11.98046875,0.6693099910611086,0.15002857681589282,0.2914140710236295,0.3765064304594901,0.5412570309250868,1.175202096949521,0.2443518653146128,0.3505295186529356,0.29459953383720205,0.514146899309321
2,153,7,415,0.05718321649703606,12.3828125,0.5474577667140296,0.1333095810776881,0.35061819759808616,0.5783337286746576,0.4600033509539177,0.47643920927732547,0.2712240445646023,0.5886013156730351,0.2135346496891826,1.0959479874008387
3,7,3,408,1.1584620018980973,20.9375,7.124810346162586,1.5693736453601406,1.0937712531376897,1.0911137425487936,6.106203195917927,62.1693850286566,0.9257435127826974,9.841056068016183,1.3333256580389181,71.56568590960674
3,13,3,434,1.252511042116568,16.25,13.00356051799736,2.1507521987966984,0.6199634707718469,0.6182144346196695,15.624018416998819,14.950897725436922,3.0921157058079856,5.388215166356398,0.741441188259418,43.25956061566592
3,14,3,433,1.1373225688951767,16.0,12.686873204299038,1.8216471497401603,0.4572139393837143,0.455998944167664,15.896757317576654,8.650171055642446,4.273801375798856,1.4949371197996704,1.1604628549698928,32.95233458413158
3,15,3,457,1.247505593981962,17.21875,13.256699398132145,2.48094948156981,0.418351186216947,0.41731766277083093,14.108551218410085,11.211952538806432,4.685852075967609,3.391904187366344,2.761918821412298,32.686728438201506
3,16,3,450,1.1348575721256349,17.375,11.967537063463459,2.3595043745349074,0.31705927896000274,0.31627778363446,13.659262378656235,5.3955310589721694,2.5969912307759895,1.1598656219436334,5.052240529427442,21.45809610644057
3,17,3,475,1.1352714780669013,16.703125,13.082729201978811,2.5194769694345927,0.3279067648114113,0.32732973901111034,19.079195842741026,5.8191631133256045,4.136671170477694,1.6606921898514848,1.3021713927327208,20.506472478848725
3,18,3,478,1.1298643912700435,16.1953125,12.498031034404717,2.050256204267395,0.3382510925710442,0.3376426599655925,20.391561486187456,10.427593490838921,3.0304746360496266,0.941757233641987,2.9281370880188815,17.972081479547317
3,19,3,478,1.2380128995999553,16.1484375,14.833045215371582,1.9994921616964971,0.4094376612353378,0.4087280462679189,23.262116640801388,15.457507689157536,5.09268750900626,3.7487807269249354,5.232277297931446,18.838076783769935
3,20,3,497,1.1207350207454463,16.3125,11.557248493921572,1.7193911842129719,0.4460104572437359,0.44526640536099826,12.82974457802357,3.3133160731621327,3.8355900202279316,2.9796332143769173,4.505402293689163,14.316335290814514
3,21,3,494,1.1155554673198518,16.4296875,11.018464838818993,2.0595253963916953,0.5397023625200873,0.538836596382567,15.854195606085044,7.782508261837226,3.8686923239160906,2.2813798368917326,6.052968775069327,12.776817925257914
3,22,3,500,1.2205065264231074,15.453125,13.023106919402668,1.9686709939451312,0.8095634884129976,0.8083038112248748,19.67101890082102,14.592015193795843,4.164582013672513,3.1234016187867377,6.627646362172861,7.308425272076277
3,23,3,514,1.1042246176183932,15.1640625,13.311524220130842,1.743302409564192,0.9517461871545587,0.9508089967062878,27.765432533312925,25.651231767039636,4.034635495593236,2.131004605249027,6.915933339807044,6.620493508802098
3,56,3,521,1.0847571601961141,12.2421875,13.674810438910479,2.1616673410813148,2.930606297503054,2.8728002520086813,6.9255954193156555,22.649241241452124,0.2893380751106303,1.9062761356254403,2.5088522238224114,5.791210609653937
3,57,3,520,1.0889660630828277,12.9765625,14.350029377077242,2.2133135899504204,2.7332104985676224,2.6813582090741632,6.1415411189301015,15.313631023537289,0.30142385946999606,1.8930590873804238,1.7966021327734085,5.643066275514526
3,58,3,528,1.1990456534272873,13.0703125,16.387528594820633,2.5301273269498274,2.8149748515908204,2.7637005691142296,6.703653333660719,17.686924562814745,0.5213538956468117,1.0852421291673402,2.1244104782642674,5.240027111712955
3,59,3,529,1.090502902175023,14.9296875,14.045190692319144,2.6041668409968373,2.4813608432978884,2.435275811453889,5.336282761832313,13.14450270762168,0.2795589998025179,2.2533384171234956,2.9307356759818943,4.687090878836701
3,60,3,524,1.0876298006437113,15.8828125,12.847815423117027,2.36602938819611,2.2221182012348364,2.1800724949240227,5.050096313100317,12.34389744808033,0.1629707993569021,0.26070608116327065,3.2474929536064923,1.6432225247356769
3,61,3,520,1.2005575102016575,16.2734375,13.261695960130869,2.702433580021627,2.339549990077524,2.294488840430954,5.457952885886858,13.694521553257308,0.24325581056552473,3.135105428593806,3.4343214509598416,4.527495088107283
3,62,3,520,1.0953494412589668,16.2890625,11.338327036922955,2.230365284244122,1.8906273597105572,1.8528266939506437,5.047074464826563,12.348387399816213,0.25662501186902414,2.6595411638238753,2.232082110014634,3.2624560347435776
3,63,3,535,1.0982999608713788,15.890625,10.020866720985834,2.407360702443398,1.734647103114664,1.701640695353008,5.0733831365112945,10.959075372467773,0.13564273050300768,0.46538016928650244,3.5260418963330507,3.210916752807472
3,64,3,536,1.2123017585294253,15.13671875,11.084293668150888,2.4219077392753885,1.7743212486699143,1.7421293370698432,5.82577397766813,16.0534998421571,0.21641180246560465,0.2928556010484724,4.323979859507919,3.5382718396886093
3,65,3,531,1.100893393780739,14.75,10.912229557517508,2.595290156710175,1.4430859684865254,1.41802734210273,6.405647009000723,19.758963283925215,0.14852895134156335,1.1998044200837747,3.529451645604865,4.841297682938794
3,101,3,567,1.1485342763175215,11.03125,15.581125537027434,4.147368630602461,0.37424501633858,0.3737730929143361,22.57065851720998,14.176154462993034,0.32034959117807876,0.4586402095481981,1.8484711771906093,0.7073083784526939
3,107,4,564,1.185776537999888,9.45703125,17.648427717021974,5.898385863751883,0.6254790522065384,0.8487492650317898,32.44370166427877,26.588642861289348,0.22080463837095626,0.41044687738318564,0.7690236829939201,3.0062089753680357
3,108,3,562,1.1923847706401722,9.40625,18.18142060416715,5.4287729608893365,0.5797663623338215,0.5794766087170143,45.02391662480305,40.63737564332965,0.15462491404224832,0.7645760298916929,0.5679206824687526,2.95807585641253
3,109,3,559,1.3223053229339146,9.3203125,19.151620391660657,6.470749341647033,0.6959296994735095,0.6956109315760021,45.76150734481972,39.740958016824194,0.09791073629307008,0.5820447532092627,1.8159375993630433,3.12035585470855
3,110,3,561,1.2096337109770028,9.2890625,17.797104017650188,6.226807269413985,0.6795320511258224,0.6791044048590376,33.30621298084807,24.592973681165187,0.5049647511724129,0.6503375853051485,1.28123858206731,3.6537579693356483
3,111,4,561,1.3407499618901058,9.46875,20.10777652603312,6.964375306438397,0.9487496106378044,1.2244071452386873,35.26477874559005,28.034203235521574,0.7951194992539226,0.9539847346952287,2.105728223296009,3.1207027381228674
3,112,4,556,1.2268236174558649,9.44140625,16.239048979653845,6.51273382894111,0.9358889593553557,1.1826681854427483,27.221285759014947,20.540741825507347,3.0166657468364866,3.2627544763861636,1.710648863360099,2.507179977979335
3,113,4,556,1.2359841185574125,9.44921875,16.721396001431096,6.999221480816506,1.0211200891160774,1.2605838185647604,27.978086769229193,21.215029984533963,2.6488960849696968,2.7766089963304323,2.7103238907887097,3.6577516954881486
3,114,4,554,1.2463104926557411,9.59765625,16.609407233963314,6.514743024760072,1.1210681031145322,1.3497016686728238,28.981842223794583,22.519139198286855,1.1023635362072126,1.4041799341299102,1.5684864543378514,1.906541241852191
3,115,4,554,1.383252882804884,9.6875,17.43363371546763,6.298766480049201,1.3680335088367856,1.5832412281813504,33.3868718167282,27.30818714137292,0.46610906257598295,1.085952194917954,2.1305746231028584,4.316085355092955
3,116,4,555,1.2695823699803672,9.71875,17.385183174487167,6.738116402912825,1.3780951953076588,1.558984557715815,34.55291268806948,29.172356700280066,1.515169256952817,2.1268516882938453,2.2086225753803608,3.6459437030817803
3,117,4,554,1.40741640007,9.67578125,19.081059032094295,6.963054793501369,1.7000720027308902,1.8785003323715497,37.58396473737979,31.999253889727505,0.16459525474509834,0.3178408964882288,3.5210056522119295,5.827911581198862
3,118,3,550,1.2855001644260755,9.8828125,17.999003774279206,5.55442990978856,1.4796339530638245,1.478447982338497,53.757722920730146,50.33338672485687,1.6505532105206315,1.6725635806711758,2.3253863944354327,3.658377248421324
3,119,3,554,1.2931572243452845,10.30859375,16.411059293116494,5.93020991348005,1.6577912196705626,1.6573124776134676,39.57590514944786,33.508401807318975,2.533368726563936,3.262351663733511,2.896524489368636,4.015824636401378
3,120,3,551,1.432241831276138,10.0390625,21.547569773132594,8.042988908670479,2.0785538813505506,2.0784301817032294,54.22702561868349,47.09172908888305,0.9158715371322798,6.255525536010023,3.2714132788605346,5.113802685565157
3,121,4,554,1.3141008641129412,10.38671875,17.932629594159238,6.003902863735835,2.4892666493510696,2.3779666290387453,38.1058765799694,34.74612847807032,1.026777846560379,1.661789815345377,3.502470884285569,6.7954336847903924
3,125,3,552,1.4827476323234041,11.6015625,18.022223865452375,5.317893183623876,2.337062006222447,2.335546962222237,38.34730486305959,31.209157185829202,4.207674658235288,5.114643741790973,3.6419594534602413,6.087306478344448
3,126,3,558,1.3555053037632578,11.6875,15.468528987715157,4.854577230936737,2.3985222784552462,2.3970583115738626,42.3825620659418,38.22000043025713,2.217797826238246,2.1400228954953935,3.360854277559781,5.71264549993885
4,1,5,453,0.7602063427612744,11.2890625,9.939028318671994,0.9559729895708962,1.9760804971568393,3.7668488765192767,7.24439026105403,10.212142537759426,1.4382258246551665,4.650656975293767,10.432557894010676,11.666893878062258
4,2,3,458,0.8176371864035326,11.375,9.968010844515723,0.9148953777350384,0.9654870448280306,0.9616930266202638,13.280180874758614,10.341894948440418,0.7877325832728614,1.1270163867433571,13.224319716583635,16.93877988221694
4,3,3,474,0.7252388465960388,11.66796875,10.024909686936574,0.7015339831720421,1.635597226556406,1.6297963359874965,3.91526101404593,2.273621838177552,0.5000639009586058,1.4672767849489818,11.780934277082833,18.985224282470842
4,8,3,432,0.6959735416916347,11.00390625,7.530850915205821,0.5580254138391675,1.5629426283088146,1.5548317758106072,13.74536017694104,8.65645870611117,0.6522637852598452,0.6523604378376643,13.347948219865843,13.80795724136563
4,9,3,436,0.6209156449905043,11.19921875,6.990031158759956,0.5024784340708269,0.15423320323622508,0.15367523705667596,6.482047668519845,0.2497048579016079,1.2934480741658012,1.1911514226735536,13.34312831193712,16.635312317810307
4,10,3,456,0.6048474524387728,11.42578125,5.9598372998312374,0.4627293703682036,1.8476120927137856,1.8418784398727976,9.886983342433764,5.876567433916844,1.6353399735325347,1.4845164895564058,15.267731122674974,28.067685869923295
4,18,3,459,0.5621986099514581,14.7265625,5.65807899294796,0.7466618090737042,1.5002256947035901,1.4923608665382337,5.524790081263351,13.31372841706257,1.0634535863687373,0.6298737623114177,6.394272535660176,1.1545332314108467
4,19,4,440,0.619989450418997,14.69140625,6.671916123600679,0.8799145635526673,2.6395845092569914,5.043190106582703,11.312380582061836,16.68179896808472,1.787011665827122,1.3685199782077697,6.308040161754926,18.862243683418036
4,20,4,422,0.5623964007236261,14.15625,6.12292989863206,0.6107957720359316,2.7018672870325053,5.316703993576385,9.658327491495074,20.21891663109728,1.1818290685993555,1.3231413282400895,4.642578541051936,9.636033178429571
4,21,4,370,0.609563900702323,13.77734375,6.192429602553627,0.6791693537483989,5.00387003434077,9.920919422488593,12.594716731010976,15.595520448491271,0.38500634508717624,1.1294583077931075,5.971636388790593,35.934328220576376
4,22,5,374,0.5575261438894998,15.08984375,4.037600064433319,0.5757284635744024,6.099419367918047,10.932593224387503,17.53925677631385,21.525369890427008,0.6872718657915747,3.508374799275878,4.709531341787917,36.64588618778906
4,23,4,413,0.6095377150604191,15.515625,4.910541122609952,0.8188088399920532,1.5552237156356714,2.8344655023798793,14.241017579416555,17.194895713931274,0.3742800588360712,0.7005751311890767,10.290240969315953,13.723719189232293
4,24,4,438,0.5658711540185493,16.9140625,5.24397621963076,1.0150734462783997,1.314161511370696,2.1553139327763415,11.834101306316533,16.0272087580259,0.3894966972742743,0.33535659674516677,6.104431544916373,3.4561936317929614
4,25,6,472,0.5725203893903151,16.4375,6.568907126395515,1.2928725297322425,3.303949993796489,5.033176943981945,16.49051442569281,30.50924773811691,0.5008554094059255,0.624768106488028,5.748639775657522,6.673721430503621
4,26,6,469,0.5824544411315516,16.21875,6.9925347781473475,1.487015142631787,3.7203154826666336,6.15156967242334,10.402159122482605,25.957704171249603,0.5428458353865538,1.9734484940810386,6.780989021836458,6.874169481101523
4,27,6,464,0.6502822090571155,15.74609375,8.383213385717246,1.1777930604710387,4.512113132031154,7.097141622454435,8.995146777643605,23.971018967107884,0.2873701870363651,1.3411432845123925,3.934705847827785,15.840549675836922
4,28,6,434,0.5888169272127176,16.7890625,7.6960860379918925,0.956410237975315,5.23812554743099,7.946257279168185,6.351510199190306,21.214997286859475,0.2623445071067711,0.832771958666294,6.342604761622639,15.51229023433245
4,29,7,383,0.662083632577339,19.09375,6.677073062528127,0.9353596651291598,6.812759166609237,11.410213506379431,12.406522225588372,18.0227682283482,0.20243239954948722,3.3657017434807894,3.147648272704632,41.17832877635213
4,30,5,386,0.6087490601958022,19.859375,6.135253507143084,0.6986259996255164,6.585250781587595,13.057069768015749,4.771267418518568,32.76812374539953,0.233238206770058,5.407907708831895,3.0341235678559224,44.18671464655451
4,31,5,449,0.61774894218577,17.953125,8.01553686793258,0.8762956492436546,0.7090595332721775,0.9828582756200528,4.308886551313223,3.9236678778207494,0.19527408498535911,0.39024068665610356,2.193855721678433,2.2131744814519667
4,32,5,517,0.6200263413435328,17.34375,8.734778060445464,1.2423323425899602,1.400717912270579,1.7374142453020907,5.646832881997753,4.796117118880035,0.35719449434327494,0.6416455756189613,2.398983232963623,2.963671643503382
4,33,5,514,0.6896009567227478,17.5625,10.514249978149316,1.2906497163482467,2.212575440984693,2.36691439123402,8.302624854996514,6.882320521375758,0.20738324797362215,1.4742178560502488,5.569610287435578,7.2067446578211065
4,34,5,490,0.633714291667088,16.5234375,9.591803681362283,1.020103187474763,2.73973311031922,2.8792598988926303,8.690370895595022,6.451558064874633,0.16501780363179525,1.5075419199632345,3.010719457558877,13.847362595045723
4,35,5,482,0.7067498292710763,15.5625,8.98917631920944,1.0581979198488796,3.7948446159650886,4.609518219102952,7.672930203825266,6.280230660511129,0.1492583758914527,3.104451526353319,0.9596294549631157,29.004311352579112
4,36,4,453,0.6526020054865534,15.6640625,5.81677448895569,0.9281334489732302,5.5458840510373975,2.931318797332013,4.435628823077488,22.166226478532785,0.4741688540926982,2.3262739021505183,2.7080833108265123,32.843652260465035
4,37,4,459,0.6621366502211885,15.015625,6.565108820846107,0.9362236199250827,7.355108234324688,5.054123494784659,5.86851372113556,34.105937761392184,0.255589829349087,5.5243493316021635,1.5382241653732667,49.033164380446976
4,38,3,518,0.7424000651239829,13.91015625,6.909595577176354,1.1453471617925248,0.9904969491146266,0.9830486114672701,4.343711246844234,2.378063606132822,0.18944328478328343,0.399779072092438,0.9478108707323697,3.6357863987929333
4,39,4,535,0.6871339111666674,13.7890625,7.041693971205146,1.267599686667176,1.2941046189177963,0.40982058139200217,5.382243918844449,2.804598701038559,0.3825149431219156,0.44149396578812283,1.629787085030666,1.6234444835253898
4,40,4,539,0.7034147262378843,13.734375,6.196229616618054,1.232861510258199,1.5528633209962175,0.4210198543213062,3.434577051122389,2.4945567831317508,0.25148645846037776,0.8799556262031649,0.7237217417058839,5.556974838435515
4,41,5,530,0.7895121757225811,12.9453125,7.624264249440293,1.733806322445173,1.8877206093110248,1.1250864233436655,4.644492112250638,2.758441999210375,0.13345138415824692,0.7730794964184718,2.488298115138669,9.082117083622105
4,42,5,519,0.7334927172365241,13.28125,6.923175064608007,1.4383450008019858,2.0248587659252077,1.2075684759689833,4.063092373276269,1.8391255143557794,0.1364625658510737,1.7036141972823489,1.6447302669171355,8.33924470571907
4,43,5,511,0.7504081096204651,13.140625,7.7348988057816985,1.262047218703783,2.371341267557044,1.6388325160087023,4.252875261952873,1.535774449199136,0.1853534631800495,1.6022712734291473,1.0227031438226235,14.541668667650994
4,44,5,495,0.9254972255016765,13.375,7.729057109365798,2.0556512204632487,3.6040170613262577,2.9053704966300815,4.300268607019124,8.945196264514864,0.41541070593910917,2.9081199205132715,3.5653572302432535,23.309409387011556
4,45,5,488,0.7128623159142353,15.8828125,5.081777388143406,1.3656209816545828,3.373921487157499,2.9525709108187517,2.8558304157089633,12.024008742450178,0.7993833195037326,0.8720643693717189,1.515648298294973,23.11716534775608
4,46,5,496,0.8083262455838721,17.1015625,5.211463087463349,1.4804019859730992,4.547899457637701,4.6719567943940845,2.4397991019327776,23.02562904437725,0.13123948181682815,1.4467756492028407,2.9925642517143896,36.38945779987534
4,47,5,510,0.8281945640127352,15.6640625,6.392777022518872,1.572986790833129,1.5653642045267224,1.2021758732078123,3.4060616043370606,0.9148789215023037,0.5304843821493043,1.7054319833183724,1.4792541186882897,7.504158896954308
4,48,5,531,0.9313246613744484,15.34375,7.76030879343067,1.7691287344872233,1.990673633721241,1.2836047191919264,5.398139112876485,2.35475291982431,0.1590079705677215,1.6837830197984793,2.426977293131405,11.013138972661492
4,49,5,533,0.86590889501202,14.1171875,7.686547897162611,1.5089456442445877,2.1200641654972716,1.2036354477854274,5.646499699992036,2.6945773256233876,0.11906010711741445,1.5948284081261968,2.1993821736099726,11.964236920661467
4,50,5,522,0.8792341895556725,13.1640625,8.152900657438355,1.6910507038148181,2.5185693629371495,1.5451079914643748,8.188676278803765,5.724848885354581,0.14334300696604613,1.896751072730935,2.668463460196455,15.357145308495006
4,51,5,494,0.9845677211765318,13.0234375,11.182168255173883,1.719851955938335,3.3380461574451235,2.500741041168647,8.550577132270956,5.49182376438536,0.25838420618102176,1.5699458318206942,3.6408362925906075,22.575454296747196
4,52,5,497,0.9135095803261115,13.7734375,8.377440905838643,1.8042382764137104,4.122971638990764,3.3458501419141706,6.236086916968041,2.91050700757165,1.019803502208629,4.709396696500189,2.9281972782297516,26.28225927993239
4,53,5,491,0.9310996586999413,14.3671875,7.794651036442066,1.6005784655588222,5.432555647762484,5.00241823955283,5.327270671568077,11.882094367589804,1.0451080488644846,5.323660820791646,4.0336788109582375,37.22423252807572
4,54,4,507,1.0397946890349465,14.4375,9.585746166401913,1.7668806097921461,2.3201197190709424,0.43560498124488234,9.280727519830192,5.283947358530543,0.16804580026431182,0.32215874310380255,3.832629703822907,10.911363698710385
4,55,4,521,0.9568556299987399,14.4140625,8.93685117397556,1.5703635408361378,2.52470070892209,0.21056548996632163,12.429465901827353,8.701909050273779,0.401341471508084,0.6639043558740795,3.6711737182820023,11.94310883448209
4,56,4,522,0.9678104821608087,13.6328125,9.071244771502357,1.4545988357800748,3.111699311678347,0.1275012409414038,8.443112548652207,6.5283529676042145,0.1783301150357265,0.562246000452936,4.748000287202919,15.892175118012448
4,57,4,497,1.0799475685046835,13.3203125,11.187894263988364,1.7594341056013845,4.236411342099029,0.6518025681840123,6.506401651758264,2.753714714632711,0.5674915183458883,1.6506902523866451,5.219210626739468,23.548612258319952
4,58,4,489,0.9947288847121346,14.453125,10.15937755872226,1.5345195326726315,4.79738050522519,1.3384754125210767,6.3215884102517546,5.736681063236744,0.8072771746261802,2.7471514811983293,5.2472844190909465,27.3366204304373
4,59,4,499,1.1107036256266312,17.90625,8.459617674733279,1.8233271658203354,6.906164103300766,2.9806958128180554,3.8203306970530413,29.999212059253114,1.5419713112735276,5.941373228858471,6.685085316476946,45.49768045240895
4,60,3,503,1.0220474147279774,18.21875,7.72566669193507,1.4745651682235843,1.4080456527280674,1.3942701488751605,3.2485171862388613,0.7646857101689739,0.7300854533936607,0.8756642454438337,3.4232100336239686,6.782726891361746
4,61,3,524,1.0273191895618503,18.453125,7.712146323498743,1.417399952622651,1.629339543449105,1.612933693621612,3.7077833357091663,1.158512649201044,0.39188188136472824,0.8922230109902503,4.270805033848306,7.457375116831694
4,62,3,535,1.1368248117882358,17.96875,8.794074582690385,1.7541394302105875,2.1031743293970933,2.081466578336136,3.4733711425498925,4.403968321602704,0.8033596118521612,0.9710613444235997,3.622774384352526,13.261118244442853
4,63,3,526,1.040564237914099,17.3984375,7.636496273501131,1.5179193221943432,2.1969538733026592,2.175409565331127,3.0133226590255897,6.480400543081998,0.7968097310920395,1.1762190674555566,3.5329753885843167,14.787233608875336
4,64,3,516,1.0433569790293513,17.296875,9.106080834987415,1.5476339146840372,2.7414744537542157,2.7174260923341444,4.0703243479487945,8.463906169712027,0.12997313703931063,0.7794081046842134,4.470022441699124,19.982562610726994
4,65,3,503,1.1502084720020813,18.484375,10.028222272252536,1.6385446773232755,4.133582439592897,4.106993130485976,4.703654827391319,16.717501896813566,1.255704300526916,1.7929612261585215,6.345146383522595,32.93094057603319
4,66,3,506,1.0510676156841947,19.484375,6.454838027679637,1.4731618637950685,5.122272898760982,5.098787085904101,2.5933375112760024,29.75272404654956,0.395903925784445,2.8021436423012096,6.237345254501078,39.68812032794426
4,115,4,546,1.3240466764047798,13.1328125,14.153187799425194,3.0941716270653328,2.8342354405458554,5.613853821614436,7.371406520298823,7.342083394735336,0.18063746666294844,4.767254269597939,7.127516915468584,7.907486873755908
4,116,4,554,1.4580753889919762,14.29296875,15.882911867699008,3.380881279765787,4.317788654992691,8.53311412830287,9.128208711059926,2.727436122956968,0.2487502657432762,10.897142573841286,2.2215181658270637,36.56005244227455
4,117,4,478,1.3286636325199843,13.21875,14.218760257967574,2.090902076635188,5.58950999638287,11.029836336882106,13.881280293882465,20.464786387329575,0.3173455075221548,16.771922315761827,2.398521089525475,59.35487086783863
4,118,3,446,1.3290773769097433,13.89453125,12.781114173035329,1.5517287666392898,13.598987041140948,13.408695751220463,10.393642670790882,94.81479380073172,0.3208527111886652,27.071536199094364,2.4553096119671465,129.21157040090395
4,120,3,566,1.3146123436035646,16.296875,13.963883736384862,2.860662045368744,0.5441879973650943,0.5347330116563203,7.073546504165543,2.105869374939206,0.290013383804644,0.19645566390408303,2.6292116186469414,1.544348436476753
4,121,3,566,1.4491818329574766,17.375,14.961050111797139,3.0702401210051162,0.6600366745470935,0.6501569722877073,7.449167500620533,1.5297832260606476,0.054036202995013674,0.1654907741206094,4.046906712788659,1.7548483911521604
4,122,3,561,1.3212217049641144,15.8984375,13.492343373449504,2.4099177561796634,0.6614836881999699,0.6481811009603444,6.281810647378801,0.8565119949071605,0.2554155347109033,0.47439876493117433,2.507872639513659,2.088760533831387
4,123,3,561,1.326185184802516,14.46875,14.036757925108589,2.2892620918154925,0.7275493682282449,0.7151062265936954,6.264172649777343,0.934283307435809,0.24693452928741058,0.23525708381754667,1.4142724602997963,2.7666472296702227
4,124,3,561,1.4577226628543247,14.40625,16.84363491647237,2.6088176119011246,0.907948370197867,0.8945320853888629,6.976777445013998,1.4862508551011482,0.36897402020848624,0.33004615490599054,1.4772092647449035,3.7749279192045315
4,125,3,562,1.3213422909083463,15.390625,16.403587325658894,2.356974532852852,0.9363334705517836,0.9223225432269497,8.78832534439419,4.422669530547138,0.21849887447386884,0.09552191533589088,1.8649738400031861,4.4365412309534475
4,126,3,557,1.3267187701782481,15.7734375,13.85515014152952,2.1736698604445857,1.0503013066567037,1.0337070353415574,5.240833904988553,0.6148573273663605,0.09598143905318585,0.15347502083163767,1.7535382195085678,5.817704432937331
4,127,3,555,1.4662806789952776,15.59375,16.8137056048062,2.495245956583945,1.4654816064349028,1.4440575397701108,7.807122776439353,0.9710524161152838,0.13382422251218667,0.10716637956679387,1.972626721928209,8.491991854000315
4,128,3,554,1.334182484692511,15.55078125,13.895401176470019,2.1200584938579476,1.7742797621731836,1.7543709415434638,6.789362754091216,0.7898247841665293,0.13640179689070825,0.11954606056233409,1.0928440533431099,11.29519678543151
4,129,3,543,1.335939637015424,15.234375,14.435261625979514,2.125498902623026,2.386592252932367,2.366436401350361,7.653173323146006,1.5343944777589602,0.1845768141806815,0.4181443189254999,2.770318076677847,14.944003541270117
4,130,3,521,1.4736678949862696,14.8515625,16.347878661074038,2.8097427588805597,3.744777994687395,3.721815141679344,7.236613749858173,2.594734539296317,0.144682203699432,0.401837621952173,3.3746747714241496,26.63518804162377
4,131,3,498,1.341070879974006,14.83984375,13.483883348445069,2.1774702798384933,4.9596338794087655,4.936720009413381,7.695256635448985,7.957401040199851,0.5076184040337676,0.9755164821544591,3.4615595058963042,38.20002004666357
4,132,3,492,1.3508620300595415,15.2265625,13.838660868970507,2.111245404389665,1.8968691009979932,1.893852309568182,13.899680360192518,12.16393907149833,0.18846779468018082,1.0137394180481898,4.701964453892795,12.15710581902891
4,133,3,521,1.486783059791452,14.9609375,15.903663296903867,2.592106184883745,2.864764598228648,2.8609334302514764,7.171341039266792,2.652310906696803,0.24537864254996364,1.3971730630920296,3.3384284309873435,25.10496351853503
4,134,3,515,1.3510548738845123,15.78125,13.663632404823968,2.008689082330415,3.5606330080659316,3.5561211171827924,5.976141203673788,3.7783623867796283,0.24776825030133032,2.782390188829277,4.429735883896398,29.501068354834082
4,137,3,555,1.3669987287765673,15.1328125,14.152743604587998,2.5427557796627243,1.0568874220599602,1.0450711939902262,7.028294284254613,0.8389936516208216,0.25780088560697945,0.6422380676283649,1.5275522704988604,5.058134795315426
4,138,3,554,1.5135237899932745,14.625,18.712460378375564,3.3628622536917496,1.342974943626512,1.3262952829329822,7.893999480906787,3.188296314192982,0.4740461520558891,0.9358051786076771,2.368417771114475,7.102977064941934
4,139,3,544,1.3777995324003245,14.76953125,16.799540647020695,2.827810522186501,1.4866082064986037,1.469571267442536,7.738720795206315,1.344800656097462,0.39123325116753715,1.1522645362693154,1.5412578508482078,8.604095753503914
4,140,3,541,1.3842050373485408,15.078125,14.852787318304312,2.767231088166038,2.0175678065296574,1.9986224444456253,7.350139327723502,1.1788739734915756,0.14306956579525254,0.285087293656773,1.4774627442296908,12.066762010315855
4,141,3,514,1.5260036495971203,14.0390625,17.22440370594418,3.5178455264038435,3.1211954811065805,3.0965392135003365,12.805682551452719,4.702516341752975,0.3308159283631334,1.2741991906869923,2.444871997143855,23.34134294328304
4,142,3,484,1.382706181393809,13.453125,15.371972096394348,2.271609543557193,4.025916626248997,3.9999765109981844,21.8775445598838,16.935830512809677,0.44489495227402254,1.184255792508973,2.2192558620500664,30.82156072957827
4,143,3,477,1.3868487713177922,13.9296875,15.737162477164887,2.265550849448968,5.995583400536702,5.96908554929519,7.192354554221829,8.884397066180718,0.3169602756126979,2.067927814019981,2.8262461950484803,50.543546144278594
4,150,3,557,1.5096136761428025,13.921875,17.40015634997975,2.491912865156692,1.7644611887088073,1.7521251905559019,7.400216214482017,2.0483228427649385,0.47481456559895413,0.3163472130485959,2.794063060764289,12.664951055964785
4,151,3,546,1.374415911559195,13.90234375,16.55468075038775,2.2406343839706087,1.9299849479739406,1.9174996790663044,8.346853191291515,0.7759564260948997,0.3169169348019054,0.16746623659769735,2.646364441828993,14.990661358271609
4,152,3,535,1.514775460820257,14.046875,18.620375813679352,2.4746993179985948,3.0265648406618935,3.0088949043680935,8.6230039343031,3.251488010950058,0.33103753286336635,1.5138759465961684,3.957681806690717,24.297933181768045
4,153,3,518,1.3682633500306896,14.2734375,13.787224735404623,2.284745005275404,4.058984253796534,4.036437396792605,7.072069077636185,3.4851243574358213,0.5557283847986038,1.0904397787085163,4.174860758311766,31.89401140566117
4,154,4,523,1.3605220644437184,16.3125,12.808321076194824,2.1210107426577034,6.511106951768214,4.676301863798415,6.584337939055353,21.199169514875848,0.14681894032677326,5.836352941718491,3.7085691923085893,53.067751409564266
4,155,3,538,1.4957468111538914,16.140625,14.83484182254075,2.2469047231791937,1.3224226338063556,1.310878210377724,7.879333374186807,0.6890163650029031,0.2739280059739189,0.042115648427517804,1.7264910319876827,6.013155192745831
4,156,3,557,1.3555168753419966,14.890625,13.776016599320464,2.0478852842987187,1.3490773829371385,1.3380516236536728,8.470225508309335,2.3375079510080177,0.24237872018201564,0.15496306690955602,2.249074760474022,6.295305094909425
4,157,3,558,1.3513793610284266,14.3671875,15.187404340747552,2.421933468019584,1.538799682246138,1.5274227688049533,11.094535634244151,5.344962249819792,0.13979368264546518,0.13876063037960162,2.142463176881205,8.268571023803421
4,158,4,552,1.483330075852285,13.87890625,16.81425773952648,2.4565083151469533,1.9202044401621974,3.664233067881557,9.089126529303154,3.102935092376173,0.17923959218481567,0.6116903825802515,1.6814966010652352,13.577223086636339
4,159,4,543,1.3497072405352077,14.2265625,15.065399409384609,2.4762801608156844,2.1156665026760226,4.214123255183482,8.88070231096364,3.746196771807937,0.2649185299574691,0.4439379645698289,1.5903331615938727,16.792409410881568
4,160,4,529,1.3460804341341428,13.7890625,15.023965772500445,2.577322029977001,2.731139156928744,5.44273595970893,10.545262414830846,7.5635295661278255,0.27783650291636103,0.5917847278740384,2.1983639627972846,23.669786375615118
4,161,4,515,1.4840801917703295,14.34375,17.524904042000433,2.5117766504520787,3.9979005918489845,7.961036352072321,9.03107734388825,8.384328559752552,0.20325480364858645,2.6526866147593644,2.442913769510306,40.63709159513346
4,162,4,511,1.3434548765610264,15.859375,11.600518457850278,2.238924893656962,4.881190708341204,9.715210525198678,6.541897892317445,24.859237880837053,0.29949159125198294,1.2653139864463918,2.8805300660232147,58.15387658548863
4,163,4,544,1.4722019329765506,16.28125,15.812383838200127,2.2559534080992787,0.9247046711873327,1.614911321070964,8.681600439361937,3.0482829434734304,0.23105803776789252,0.1109586777199967,1.1774240538436005,4.951888502009293
4,164,4,561,1.337020662707627,16.46875,12.899908312618852,2.078326724909189,0.9750248014503238,1.7640316711422561,6.5766507721801055,1.2484187094312924,0.1413364907124907,0.17071351961630982,1.2092321604630185,5.800008997119494
4,165,4,551,1.33625425251129,15.34375,12.214150799633808,2.6888926170379595,1.1544416037665823,2.17388972173847,6.290083806739059,1.6384147767400572,0.10916428686426548,0.10018614742888432,1.1313548196684857,6.449612523060546
4,166,4,544,1.4650758713085745,14.41796875,13.475942698086175,3.204539915937486,1.5428335795340637,2.994586401077761,9.329738267919497,4.435989233450289,0.16555021835046002,0.5353295858270923,1.2095648071467529,8.85328800125602
4,167,4,548,1.3295660466598773,13.79296875,13.30202907882387,2.97792289443266,1.6964927626281159,3.3479104825992416,6.457784871307746,2.5673123494688816,0.16253989991866444,1.3355315249836668,1.6057253601406853,11.855446717625973
4,168,4,537,1.3286427913623935,12.7578125,14.49913476561277,3.5263777758318753,2.0856104804936866,4.1388209803792035,8.379261177294165,2.252426033974592,0.21552174960254167,1.1317262846274176,1.242747086199969,14.426244253991602
4,169,4,525,1.4586704889175357,12.4609375,16.384144275496126,3.7176367496875886,2.935025152360148,5.836720574440409,11.809469712400938,8.491503054143699,0.42727265097680256,3.254337780025204,2.829818983399826,24.996479238804138
4,170,4,509,1.321699856478338,12.2265625,14.672292942474769,3.827361093898472,3.424926337620122,6.819360097861113,7.92636201169733,5.785303107229896,0.5430378195608278,2.1047723917228773,2.9224302727258564,32.43980811119802
4,171,4,509,1.3195570556889646,12.5390625,14.41857448818125,3.755349143210637,4.632001179071649,9.232326960878646,7.196843817007832,7.739678182301803,0.6891373207379505,1.1378020082876872,3.3482452254298476,51.34983961578392
4,172,4,535,1.4442957931198852,12.9609375,15.816217926128033,3.702591990740408,0.6861671276477804,1.3637054545875595,8.769318858809541,4.1896188590498395,0.5257033251041259,0.3788504609436166,2.7549774936669444,3.356573545418299
4,173,4,564,1.312857952126365,13.37890625,14.602470151666008,3.102416384947914,0.7271362866991701,1.4457773310314397,7.380848400043847,2.1072273219080957,0.1119303589989474,0.08627533045081537,2.24512427497453,3.800306237671103
4,174,4,560,1.3186028792055622,13.77734375,15.273117675642752,3.258061529230682,0.8577611469146142,1.7083189964687666,8.942605453779791,7.557518566992886,0.301118577220813,0.16242089523047062,3.583240743508588,4.230389443461416
4,175,4,547,1.4551227669429088,13.3203125,16.578322085841346,3.224389701844388,1.1192220072902068,2.2296425951025545,9.758512551662836,6.700669856693075,0.19000866295713204,0.3202801762946783,4.6493160538802485,5.454771309463659
4,176,4,546,1.325228673727106,13.0859375,14.671621923591376,3.194466453629112,1.2206292829089986,2.43005927150689,8.533631873480482,5.165486160464694,0.1514982553006775,0.12990098902316505,4.371686836630431,5.5649087001965745
4,177,4,538,1.326042632481417,12.8359375,16.56849064201947,3.29483177256078,1.4958366055688794,2.972341895528528,9.815889297144146,8.657735230537757,0.28157747982512327,0.46287684673813456,1.9496941520428297,9.101307459828025
4,178,4,524,1.461051595194375,12.88671875,18.219863452809264,3.774452616623634,2.061582740714776,4.10111739872173,13.843622859703949,15.445789686377605,0.26014055306615613,0.25712257700548524,2.5066895659837964,14.095433879397557
4,179,4,522,1.3306918727248682,12.69921875,14.660195433837842,3.816070419569164,2.321067288254641,4.612946081719752,7.332277955730637,3.629799095567278,0.15432915556540616,0.17220418097287615,2.4970130212752837,20.084915334856234
4,180,4,500,1.4618854294145673,13.1796875,17.840460335728885,4.720767329851803,3.319286967263542,6.607910821803224,12.741819803048369,9.684166110551818,0.44747521116828287,3.0227952662952315,4.378474339737858,29.949706857660207
4,181,4,504,1.3305406207555515,13.5234375,14.937883761747806,3.254613527147158,3.9668346115291326,7.904409809766847,7.66643948508884,4.551030136408832,0.6363198157495267,1.2340585675445674,2.8697299654291104,44.75173922129415
4,182,3,517,1.4724722963871772,14.1953125,14.437012524895152,4.384400275310712,0.38912376079657235,0.3859035803470447,8.298495555201315,1.648340624744126,0.4003996223138393,0.1864387667668255,4.024310891681432,2.3465867802892233
4,183,3,558,1.3424340400312353,14.80859375,16.97649927822917,4.601620993914166,0.3735266188841772,0.3704824619582784,8.85186955932701,4.567435525730936,0.20621467515015113,0.39123129310768645,4.026669609232347,1.6958310736876312
4,184,3,551,1.3480124607513455,14.6875,15.066346586972232,4.932422735892538,0.3945870354265965,0.3912746347927113,8.294662377372386,4.033400781148226,0.37420286230650646,0.2110923026792237,3.4975909000715926,2.516015780939129
4,185,4,547,1.347545128162085,14.2890625,15.406450210695969,4.784065344042113,0.32295895666334157,0.4459109833463284,9.711095642585882,4.340196117392728,0.4211836656378741,0.2628446107154231,2.9739784420622644,5.694625991405802
4,186,5,542,1.4850523335854926,13.94140625,17.70892835721206,4.656568812133994,1.1747874808639434,3.2193117186946583,12.724232418697236,6.354968123274418,0.5468363753958188,0.6828235747180829,2.388007575359564,9.101777866961033
4,187,5,533,1.3480167692802199,13.6640625,16.44542244325942,3.9201396140431632,1.0507709504746208,3.4550244798436007,11.117535167462062,6.730893275755349,0.5050043349249,0.8030248136890746,2.33447855709749,8.440223700479287
4,188,5,534,1.3451182875985823,13.1875,16.22128389675913,3.9093395618166884,0.9888825887227363,4.432911197753262,13.149601760841927,7.1376546656687445,0.702333288798526,1.387117350830815,2.4322646916158988,13.123509875481167
4,189,5,520,1.483100063844228,13.2265625,18.399499569841975,4.566233182127824,1.6963974625789728,6.663882931514271,13.060460926730148,10.483964267999669,0.7985261674841084,3.8155506052007033,4.213264901882197,22.837607096621195
4,190,5,505,1.3458393846231664,13.234375,16.555516570203885,4.924574275018918,2.6150330935655175,8.603083147276402,8.351775420204412,6.839603845512627,0.7484971549233126,1.7588408220754375,4.657551126250308,25.602393152496983
4,191,6,493,1.4855116319062027,13.2421875,18.09305110913487,5.667421848222336,5.470366121384212,13.468269275759551,9.53236225615039,7.2150397392321075,1.284346223431539,3.012754052145326,6.864307434448916,47.29112236644921
4,192,5,511,1.352268021999156,13.265625,17.220080555901863,4.101829614456556,1.3079231149465456,2.9055644915232706,7.952945243038839,5.581493523533088,1.1179726466407687,1.3888454835361914,6.806669540079002,7.3764182327695815
4,193,4,531,1.3515228464089437,13.3984375,17.688029760984623,3.595180332008579,1.792813955645645,3.1722781816033354,8.324191800567357,8.292657679422014,0.43151477413630623,2.4846013718494415,5.921732653555376,8.128159363276506
4,194,5,515,1.4808924904630891,13.1953125,23.201369111805118,3.9848999012257895,1.6878013463364334,5.223595546635836,13.233270717921318,16.913140025424937,0.5447352026423518,4.422198712278863,4.151690102603665,12.963159996527406
4,195,6,504,1.3466961795770516,13.96484375,17.287729588184373,3.747534821430445,1.4692163830952651,5.812005331713163,7.443360670988696,4.166504163189754,0.8266552520001456,4.107002337389021,3.7352814509263226,15.429040338544066
4,196,6,478,1.3497540971999407,15.8046875,16.849884262035435,4.531900061831641,1.775662476725091,7.096153104218715,7.713253498505326,4.575431152486211,1.1518476089782261,5.972133738201825,5.525381006627782,21.138074820153385
4,197,6,458,1.5019150116586866,16.34375,13.337458091749053,7.072944079621147,2.2770919001033993,9.532345310326853,7.737063279329465,18.15201491440134,2.3675704009686607,6.681550410865758,5.358670067537633,33.73107928532184
4,198,5,439,1.3629142972979063,16.703125,14.227195679361339,5.3518696521992215,1.5922279297366444,4.137211661393689,6.882270911085537,20.258830612631854,0.9277581782481186,1.8235023813069766,6.50580616466469,33.44373567002942
4,199,5,393,1.359840440249029,17.171875,12.121177213429897,6.180591158395311,2.513079873075797,6.123798550722546,5.094857805641997,39.20597213974035,2.267119727090779,2.673594332190328,8.081756339136561,49.18524730872458
4,200,5,349,1.4943889832567228,18.203125,12.033707242833817,3.8843516109182916,4.569064267143296,11.290392465531017,5.098226697081632,71.19625456699774,3.2501116739872127,5.209243704467337,12.277915566292753,88.04381047445061
4,201,4,368,1.3602065295681016,17.78125,9.748482890957547,2.3759072738523797,1.748266528016981,1.4607249982360728,5.168041201317365,7.09120757105268,3.8531839258185827,7.1008809052189905,9.978946502336743,16.769870941412
4,202,4,379,1.3697056832231862,17.96875,10.807696023730491,3.3263603080777058,2.6542981349799746,2.114509321843128,7.372674357714814,15.035626596832824,5.860010348072429,11.471129330878377,13.842303700297263,25.95164985986527
4,203,7,405,1.5026607299195316,18.640625,11.379014226872977,3.0754835878285456,11.786495328148451,18.333637535619072,13.49105705779409,45.56701301579552,5.550379681197396,17.239452531774283,31.19046964962299,66.80540820119042
4,204,6,437,1.3635884608637934,17.8125,12.230286832272483,1.9713457217619264,12.262088900355055,17.67824434540767,20.393348761580743,61.04840191067859,8.435456000781548,20.972037775637304,35.615711500041684,91.0616924060696
4,205,5,445,1.3620360204939752,16.671875,15.002670457057516,2.4239698168858954,25.076017157072872,22.619677668830818,14.053603253736538,98.30530158917169,8.359896616321517,37.783097033385005,38.0112255610478,147.8512756145464
4,206,4,429,1.5082110605706955,19.671875,9.546742794754485,2.5674260418018844,26.060247290891986,6.4630953764200605,27.291106508233682,122.64499016085092,8.702272841020795,32.07254578648004,36.91829238014503,149.3356370818021
4,207,4,469,1.370232203504002,19.25,11.12249288236565,3.715635123962726,48.56327874722042,12.770503481776103,39.95203663621301,237.12809111640013,10.209290811046872,47.26539374811328,52.688812912941195,275.7492522352992
4,208,3,449,1.5059535841673182,18.5625,10.277315486900434,2.3713566340059415,32.69355780562722,30.11120661565789,6.6131422118933765,177.80684098270646,0.8345679273987056,45.289590941090715,12.152143841132906,208.47191229420343
4,209,3,472,1.3647212920664817,16.671875,11.912137777107617,2.8296062788199383,72.96264835769249,67.74427703343389,7.669406397105115,446.4751014761272,0.14635808581348142,103.94218539580784,14.99910488199596,499.81256190162986
4,210,3,546,1.3690489258264158,14.2578125,12.42802117410009,4.030116546004067,2.867899022223849,2.8453627887801822,7.603186721296913,1.6388137115332553,0.23162834929825554,0.48561842926347987,1.2102979181301756,19.478901095443767
4,211,4,537,1.5094062013918443,13.3359375,15.86059426220399,4.657704247171301,5.767616287239214,2.4568896152509927,9.198997126878545,7.075124550020388,1.048694807014821,2.1484784256303366,7.531068663198315,33.07945079736324
4,212,4,525,1.3730541974377213,13.5078125,14.514506222444362,4.70876651718209,7.658635084399975,4.5541996223836305,7.919607245656369,9.521294779098037,0.2796368175266797,0.2938631658577958,9.214484251555886,44.14360566493482
4,213,3,527,1.3808066717855778,13.28125,16.739639057009356,5.225516695928285,2.956890235354955,2.9469727234798615,12.835325580607238,12.21617237150332,0.2948327630633059,0.2958191047357015,3.342281768714665,20.644742619284607
4,214,3,525,1.5203338365939354,13.09375,18.70198586570461,4.073992274715963,4.586210155317322,4.573293089498533,17.606378738741373,17.790768552903728,0.22588999868325826,0.1064868839352329,2.6090781712798,35.747057914877495
4,221,3,554,1.3897655843007046,14.1328125,17.10560154970769,3.151828376330437,1.212389371155624,1.2031691334897587,15.831283851647,8.545332983726295,0.1683285240095797,3.3212501425223255,13.541275147629326,13.88682884805109
4,222,3,551,1.5264221679417678,14.53125,16.082856764967612,3.8629610505892873,1.3581818162142965,1.3449866361524503,12.073266599173696,4.749402003639407,1.4301964029365248,5.7748067697265855,17.875449750940682,19.886558039446854
4,223,3,526,1.3846564239298802,13.5234375,14.824645387347605,2.486434815829106,1.2309606173138499,1.2183970898594358,12.699424589625073,6.829583339066332,1.6657189496992082,5.834288922446059,15.155417976404353,22.156563787996113
4,224,4,537,1.3837282802023514,13.9609375,14.006033292840948,3.474472071968374,2.0077198630113844,3.014653306068908,6.509904324461031,4.198764933947788,2.312590881022989,6.872155433237721,10.687312409997794,36.0359793162666
4,225,3,545,1.5349800266527165,13.84375,17.020898967659168,4.421360257553548,3.313492379918748,3.310584401086197,10.29632153484302,2.279839371833111,0.33523976932732785,7.165471397371141,1.0272001090760488,29.248041687777192
4,226,3,560,1.3986072863437555,14.3828125,16.825598934143883,3.083578298486536,3.590956807100145,3.58613742020257,8.416741752708871,2.0186047830858946,0.41378780437312107,7.3135238722263685,1.1939179017858397,30.659247281675764
4,227,4,555,1.3981426939754829,14.28125,16.1863937039155,3.7836914919088263,3.66103559133545,7.298193123234969,6.594342111108345,4.491269369861736,0.3604898901787691,11.808208757255587,1.324767291403862,39.49123545431893
4,228,4,557,1.5352083219713326,14.3828125,16.672783040786836,3.2030847175225223,5.073242784091724,10.103315544931137,8.98559189051209,17.001293714780704,0.33321967884643794,14.927922725965576,1.5177774934589907,63.948114000449166
4,229,4,551,1.4047345292120088,15.0546875,16.84933535131502,3.0931326178854914,5.821232301677545,11.592221647783227,10.105610171561803,20.415536792015942,0.2686573580031302,17.61954894120316,1.057399554632832,79.93458166794598
4,230,3,537,1.4113683918455382,15.65625,14.33884252253483,3.047256282355086,0.015529179335981438,0.015525071651095033,6.883224893881829,4.010348074734069,0.18446749537071105,0.1277466100293039,1.2350174573867359,1.1778767228581364
4,231,4,552,1.5539021841725138,14.625,14.756467288147578,3.304058190180352,0.294218875787551,0.5823880388561231,8.106744804131296,2.982502022419963,0.14523512420361664,0.11783899384123585,1.3551028270558678,1.9578757319683608
4,232,4,568,1.4120106134564323,14.1640625,14.325925202568714,3.760616987941233,0.31767962073264944,0.630463013818537,7.078599845789458,3.2105489720400406,0.23307412252447712,0.45171039299949245,1.6225878477907099,0.9482791948231786
4,233,4,566,1.410960440262202,14.03515625,15.291155871011636,3.446076025879595,0.39556062823257976,0.7852107242644715,6.692971825017583,3.7449960838770444,0.270747238233531,0.6117450459012309,1.0337054579207354,2.0029893054065173
4,234,4,556,1.5647304269167663,13.84375,18.780461210812717,3.3021639039161976,0.5310277252921977,1.0539931925847912,10.062616639774227,6.761192216774505,0.19897113001264843,0.8828631890263758,2.143419095549751,2.9519687107573014
4,235,4,559,1.4199449538250828,13.453125,16.076078084646532,3.8401041052572493,0.6028689594672663,1.19618643074668,9.31398123934273,6.548562855612965,0.6210957718520915,0.8007744266522385,2.2353350250333768,3.4200883234837587
4,236,4,547,1.5738694935663358,13.4296875,19.73113944081407,3.045919871431667,0.8483461862496817,1.684967302803893,11.710509476774611,8.306748906737207,0.6338311037069873,1.9055688121385648,3.4261794507884162,5.171977174564514
4,237,4,558,1.4361538158339047,14.49609375,16.040802007395207,3.502921427740829,0.9932895730089848,1.9643633743240794,8.598679262792087,4.797943006025035,0.5996358165140112,0.6464830115261371,3.6159860821246665,5.118310171800853
4,238,4,548,1.7292955060048372,15.28515625,18.189763672929757,3.7104298651608154,1.625251004012592,2.76648667252168,8.399010474506081,2.9803059950402764,0.21025096649376873,2.026924647730654,7.100487986825092,10.767420713309889
4,239,4,544,1.3025123169743928,16.1328125,13.012128846324927,2.9341333361463686,1.6357185153923013,2.293006697161318,6.556831308919852,2.440902286328228,0.4309694630942629,0.9323037389143299,5.7986514743252355,9.601904764925232
4,240,3,534,1.4511266766929118,14.96484375,14.682485464259305,3.4045820574236787,2.434738956746098,2.4154072191932245,7.329134596619043,2.63724929496804,0.48041676129824423,1.0025817157331274,2.158870978538733,13.763654728287257
4,241,3,516,1.4552643294787933,14.32421875,15.486231592186439,3.4802106099944954,3.6737228485947386,3.651619867807994,7.534337642148281,2.1552431335797744,0.2866309892122427,2.6609006553275942,2.174045286677811,26.725309921736624
4,242,3,488,1.605638261768704,15.92578125,14.462618447717542,2.2930362417057117,6.541011782013982,6.5108610053687705,7.910313470315188,17.50228083316337,0.41392926157203774,0.35666527236982093,3.2904571597014907,51.45194191949654
4,300,3,573,1.484046538560762,16.9375,13.854780279183577,2.079428751402048,1.141308759320835,1.1413037506572514,7.8273957108020795,1.152938629578376,0.5305216519831517,1.3212264371355402,3.359982509990469,6.11405519849208
4,301,3,573,1.6316104723871052,17.75,14.05454018185356,2.5291580851992492,1.4847719875769585,1.4847690960430475,7.9914858287282895,1.549732507905147,0.30280348467766177,1.7529492381460465,2.110954931479901,5.243828086032392
4,302,3,573,1.4839461587157032,17.109375,14.188907693525618,2.1253161726497827,1.6108307499394967,1.610824151408837,7.662803221458574,1.7843437461759297,1.8101852596336412,3.0939444778079856,1.136837415770308,4.335518379127409
4,303,3,563,1.4839150282266536,16.46875,13.677949694334158,2.316860629966123,1.9442169430379341,1.944203805258067,8.093640551191662,2.8958882476169157,1.680844928928306,3.018623595836373,11.406425887751228,17.753605043985228
4,304,3,566,1.6317228378506041,16.4296875,16.70660595240046,2.341494425477072,2.669496043179941,2.6694700243141805,10.093713775721508,4.496120324139108,2.211439043601875,4.211631551470985,2.5402965644779814,7.212738063996277
4,305,3,565,1.4839652213172503,15.9453125,14.172546430828191,2.639001257670332,2.945583135027669,2.9455825088018135,7.137135162210902,4.063537139279857,2.5118967023360415,3.758206346337386,16.366864914774965,26.57563448223962
4,306,3,568,1.4875603963541457,16.8046875,14.890179926905159,2.2996219129250375,3.680672913619051,3.6806207287004016,6.224307167222217,3.3847560195572575,5.1434392698950555,5.213304915990485,19.569896464165012,32.51821939845807
5,1,3,565,1.7620920137124851,16.125,19.715598466741366,3.288554298633152,0.9976536305389951,0.9949286246350387,22.932153201596687,17.199326379278276,1.3523298003313464,2.514777864855001,2.9865807622242544,6.00157377570422
5,2,3,562,1.7581765341800057,15.73046875,17.556702875502253,2.7456452018952104,1.0979156459468062,1.0952817172708686,19.666065561113623,14.249034295057141,0.721926512674359,1.3658671288558488,3.0366993185430764,9.427612601100558
5,3,3,565,1.9311532847119954,15.921875,22.77997811991146,3.1904524463784494,1.333817986090791,1.3310217032425034,29.183690916355452,23.208342149318195,1.156187359447696,1.8254032255494508,3.94909074983778,10.519714541146335
5,4,3,565,1.7522669851457993,15.4609375,19.625483245886304,3.289240519939652,1.324386287980784,1.3232740030119279,27.857044090024008,22.628234056974193,0.24118939245640314,1.4105593032152604,1.2081737308484581,3.585682238666246
5,5,3,559,1.7483713886698837,15.625,19.444842920747053,2.8706664128320383,1.4551696409136878,1.4521142018773534,27.714688289322922,22.254935394673204,1.1169833019841582,1.27804625696296,1.9677677144714119,3.676066699498567
5,6,3,559,1.9184243350397812,15.0859375,22.662309597023047,3.4227627463325527,1.797748093507718,1.7942994811201918,32.41926287699937,26.520861547213723,1.1116843167949113,1.4868546904065834,4.876926651172194,3.731345218865871
5,7,3,559,1.7398301097675932,15.078125,20.575149284424835,3.397358299631138,1.8128881128178806,1.8102029300830105,30.017595258344027,24.802448952484603,1.480897537230366,1.529575840357468,1.7043453730546894,5.9263463388600695
5,8,3,553,1.7365530253019916,15.0,18.31381837260012,3.057148803107034,2.04675235053873,2.044213593861134,24.089247298221597,18.323040034813516,0.3517602923549823,0.7436243129707935,3.8476336295103932,9.182782747463106
5,9,3,550,1.9074078301707762,15.46875,20.779067316736096,3.3351083639737418,2.5684248002786827,2.5655895007366842,35.46147409079988,29.63760968884918,1.0323072444128332,1.4275522121694213,5.187454283763381,12.867545800232435
5,10,3,555,1.7310296800132916,15.78125,17.592396147547845,3.584039318961187,2.635622943445153,2.633263141300889,21.303932535930596,13.920769773580744,0.8527008426096064,3.993051788299857,3.0493148328014357,10.518024015041492
5,11,4,545,1.7269704355292204,15.7421875,17.67224671887016,3.7189343390500023,3.7651671711970707,1.742512623741955,29.38938749032296,27.39375546556606,0.900739768147816,5.39290822161409,4.277285480546814,17.611718826407888
5,12,4,551,1.8963221920243218,15.9765625,20.7023589317925,4.87170877644757,4.779900590196474,1.7260066493592596,23.05847761134044,17.364249247982592,0.9441626390078628,1.676749111731615,5.383507885936671,23.71138127141092
5,13,4,561,1.7211428545794063,16.078125,17.97133152192345,3.0550619382194673,4.952634933087521,1.2867999378998674,18.50870961348035,14.31648542518132,0.8101452937689904,1.6454922439649582,4.710449699787573,23.329645071632076
5,14,3,558,1.718695338415871,15.98046875,19.665339929902597,3.1312278885250446,2.1391450990959076,2.1250200591956494,25.883557589863834,25.92368949141184,0.07812342113049393,0.4727013593290857,1.483539453655246,6.575754110239978
5,15,3,562,1.885290714016626,15.9296875,20.511383542194743,3.3157666086006703,2.562494477012927,2.546713831244208,26.277315837786336,24.174555899623574,0.7314761065162086,1.0266717625080573,1.9667795803024677,11.946124927415703
5,16,3,562,1.7115223154317079,16.0,18.01442771481359,3.1048348142517703,2.5302472464720562,2.514703501594567,24.300380584387977,22.413978248383636,1.130592155582102,2.1800560434108274,1.5857907011699135,9.736006024032596
5,17,3,557,1.7071241834982436,15.65625,16.85659376645557,3.294064581302335,2.869308010211486,2.853798284642242,16.342566136007285,10.730970303142572,0.6456749016703298,4.178307927016758,1.8121780938577663,11.695167668317215
5,18,3,559,1.8754037742431353,15.703125,20.772688168016042,2.9896516788414593,3.715342910436058,3.695367556570181,28.227367883392883,24.96638698663432,0.5063137902287008,0.9196985226731047,1.969962701397477,19.371033243177692
5,19,3,564,1.6988864796551815,15.73046875,18.480695926767574,3.2496551160613096,3.8762371407007388,3.858783857165511,21.75531754613085,15.45113705990883,0.1516749592083079,7.387301450855006,2.6393924891372733,20.36256795315568
5,27,3,566,1.7793522791101133,16.2578125,20.29106780109952,2.7587910701541722,2.481495446585694,2.4608077906849766,21.664693511465284,13.279697388914142,0.2482456307294035,0.28697060440375133,2.0086329880159353,2.601810531342209
5,28,3,562,1.6017585976508453,15.796875,18.22116125501465,2.5028585255903257,2.3596915199796618,2.339065922011751,25.610868739441695,19.2393935048081,0.1219303751169648,0.6997240367634823,2.0387716530137165,2.3446410035246408
5,29,4,562,1.5875637978166919,15.51953125,17.85684774117334,2.817197891055172,2.3394884743032756,1.6014319190371749,23.417199176846886,19.787627930898193,1.3071383653782376,1.5553116019135316,2.3147532083468274,1.5903383301241285
5,30,4,562,1.7269589187772056,15.296875,18.080865354413007,2.815562091369189,2.8152969658573355,1.7727544515082914,19.71646058357778,14.177950827551742,0.2751655933790075,0.7834414341490672,2.713015485379656,4.221718482899755
5,31,4,559,1.5510054393896677,15.7578125,16.38856286053971,2.5032673317316,2.777789147728906,1.5886370475871239,24.614825454886017,21.250519138008375,0.5895691245099182,0.8422457765628252,3.082394402838311,2.6406412806513666
5,32,4,557,1.5328520530514649,15.875,15.6685272687807,2.5346768033427933,3.0236311258383872,1.570642131356041,19.258542776909625,14.691792168130867,0.5420074028091797,3.6352031396038145,3.3159239180681577,3.474641165986429
5,33,4,551,1.6626284345160767,15.6171875,17.34738378924283,2.7481263579376685,3.64814469216849,1.684890860161992,19.113362103207933,13.711298565219288,0.5191194133132719,0.7769712117504313,2.6809469541838715,4.664838547996572
5,34,4,559,1.496188408218797,16.1875,16.24108014673879,2.489792152737264,3.6063177423380104,1.511089180719364,24.356682317637414,20.91508020262637,0.4925490569058738,0.9944398877157149,3.9054960499059668,5.980175902249739
5,35,4,555,1.6278240528789716,16.21875,16.918896934049148,3.2001017752119894,4.349654471461265,1.8621317192944655,19.200951926583148,14.738776765834135,0.3515656722216475,2.914184958515394,1.3902748810202143,12.863168728567219
5,36,4,549,1.4652945113052827,15.6796875,15.276526840913462,2.7860804078275683,4.304906802578978,1.8780445389849594,23.147236610830824,19.027671826675586,0.5792483886736993,2.2460401369755107,0.9402004571480933,14.337005514681238
5,37,4,553,1.451645726561173,15.5390625,15.544807362181757,2.12621342961723,4.738894004736659,2.1119211410456495,23.178934264149202,18.911787796608376,0.2500736560543154,1.330660572957001,2.5557790920304777,9.54277672018792
5,38,4,560,1.5807380793505137,15.91015625,16.729003371394484,2.6285923295379447,5.822985746698647,2.6379267947133336,23.005420978878945,19.207849317901427,0.38048912522587347,0.5151983156158856,1.3263655444588953,19.3144237091374
5,39,3,561,1.4232167629628436,16.03125,13.433690197363308,2.6887401704747527,0.13724846047851658,0.1372183234197454,14.195380014135335,12.423995753056047,0.47016992046221934,0.9781933930335467,0.9490336365851455,2.910112975945048
5,40,3,566,1.4146913747445684,16.171875,15.443223405094324,2.7727909976258402,0.14084656765828066,0.14082120690294248,20.142379286846882,18.184422463337732,0.4585308485977966,0.9369883732772122,1.0239798844443808,2.9764020111640157
5,41,3,560,1.545464313129956,16.296875,15.830228569394784,2.6698683464616595,0.16285144241254212,0.1628280009985385,20.101192603150455,18.1722327148338,0.4486165481699577,0.9407770738448129,1.8099568538564963,0.24968374184910336
5,42,3,568,1.396146278031362,16.1015625,14.052524636485234,2.438055293311483,0.15250682045442945,0.15248829287162668,14.536522272049533,11.883267255223714,0.36409761646941624,0.3834528361007381,1.0925683862977538,0.9853318974439265
5,43,3,567,1.3905564770065717,15.890625,13.171431712643562,2.217193651913734,0.15956948568576337,0.15955351778676907,15.445168593613502,13.823932545189159,0.3080095622621692,0.6796473763399352,0.5935165903856136,0.804742522250981
5,44,3,563,1.5217977792284818,15.671875,17.917678265865128,2.4013918820580717,0.1852875058597242,0.18527368744667377,27.419868407820196,26.028088048577644,0.659125403078921,1.2440920053050437,0.5685533751525785,0.855827941432347
5,45,4,551,1.3754741514190827,15.7109375,15.480562793204353,2.2187816061093697,0.2851983633086348,0.44900242860547324,25.670962637516475,25.340562041121615,0.5474305769489938,0.7080939577776992,1.0332035672956694,0.880392904092659
5,46,4,552,1.3641427548662861,15.77734375,13.777901779472476,2.1769043493456977,0.30797594978712556,0.5105005806821935,21.10094409041003,20.343298361940157,0.21317334730294832,0.6268672104084715,0.5655355565619851,0.8586814422903266
5,47,4,560,1.492201655620357,16.390625,15.216131387702685,2.2733292203675504,0.37217404069034266,0.647198844899524,22.88761517238333,22.042111210015044,0.5126017927086173,0.8994439410240256,1.460832098572675,1.3350399401804243
5,48,4,553,1.3498908856898464,16.1875,11.884420132385507,2.0113762136859443,0.3668221278362751,0.6601915551902853,17.345782450637735,16.466143354669875,1.0316793807799747,1.3522849898618754,0.9560413348487203,0.711443985791947
5,49,4,563,1.3438650504629055,16.21875,13.438926043177185,2.0220448236483235,0.4228400857426189,0.7845402985392136,23.542614983473108,23.391159644457428,0.879611851230679,1.2599614624707065,1.987933333230802,1.6192260406510162
5,50,4,550,1.4690426997983455,15.71875,14.378708433346919,2.1079955246949655,0.49233031141785644,0.919781558148149,26.22011711509791,26.259364218678478,0.3993576236807485,0.716616931980646,2.3896992671859074,1.8950360773007247
5,51,4,551,1.3244608756966136,15.828125,13.63009818119234,2.0510099595777627,0.4679958471862662,0.8839599001708762,23.807923990897223,24.017153512282817,2.7746792660166157,2.9751802895298654,1.5825497130782917,1.682860743781721
5,52,4,558,1.3177584502414386,16.0859375,18.224306594112594,2.028157184892843,0.48842866477851604,0.9278214651139044,31.97048468151391,33.28562968624898,0.7051011627107264,2.1249509951996415,2.895509177507253,2.2796502841267934
5,53,4,557,1.439945184591523,15.9140625,13.985057176888569,2.222477282030668,0.5745961439786714,1.1003826880106835,19.317322859782443,18.684456304222152,0.6095161569929399,2.3973166397076686,2.3543763295790234,2.356660739507889
5,54,5,551,1.299053131866548,15.671875,13.374538467859676,2.2760345945897864,1.4057476220940357,2.4256777749576965,22.58880874395693,23.246994322062143,1.1487219316120063,2.9139744186073973,2.8449249678173287,4.2012336797569
5,55,5,547,1.419562713030201,15.1484375,14.448027246370312,2.876265431333245,1.6909533609496161,2.891994852114502,26.350682009015582,27.719010449211172,1.7784811756859455,4.103972896167347,4.419452869417787,6.785147887838743
5,56,6,550,1.27668235400578,15.08984375,12.61749839102962,1.9372388431533136,2.2447946269866486,2.652471446290571,21.17803526940301,26.432968808428896,0.7515992240262139,0.875233205898209,2.396918110233317,4.366883338379062
5,57,5,549,1.2596087652346053,15.2890625,12.849763300324698,1.8675472169595373,2.6324846181207113,2.7885357483041022,16.076776291595287,17.586055018351594,0.5932024583366937,2.3357585792895,2.3867640484915666,4.172905996483858
5,58,5,550,1.3704368900129706,15.4921875,14.410534284882477,2.1102406481582796,3.0475641586280533,3.2207065424777626,19.49586547613373,21.749551844020267,0.3416176989316114,0.6771267493255071,1.9443281564706363,10.284764549362645
5,59,5,548,1.230422346002621,15.4609375,12.4690900269159,1.9310279245490352,2.87559009182638,3.0284606378341876,16.33322653123397,17.561515355906735,0.4155882961863795,0.3532213015400163,2.1162945757284044,10.444449999261522
5,60,5,547,1.2149011534805745,15.46875,11.901575336210453,1.8936388395537425,3.0003654182240687,3.1434196284439717,13.163776510306535,12.441653811914172,1.9200895566550626,5.682011420953035,2.907158360344149,6.3782516323368394
5,61,6,551,1.3172035235118758,15.3203125,14.705682723511075,1.948744466843034,3.677318850361668,4.653138929636401,21.102493597008518,21.928757106817677,1.4065513886038663,3.829260592293742,3.374840678586211,17.71337368100297
5,62,5,552,1.1783451102192064,15.2421875,12.484356931357684,1.9338597907693706,2.1969614684264402,1.7554855101723223,16.2829943227757,20.535919932766607,0.9968779295441266,1.4103553000851081,1.6907134475502228,5.267072214857403
5,63,5,552,1.1597194869521141,15.51171875,12.062764662506492,1.776977403519445,2.351815790834839,1.8511494949732858,15.377430163009583,19.016713553323815,0.12776684565938048,0.5976548397151802,1.6951764864638998,7.921777607794594
5,64,6,551,1.2533177104279507,15.4296875,13.35672108929927,2.1324224002816674,3.188953795770092,4.444346435920835,13.506053875125271,16.37694087433408,1.204365745604492,3.3813097372285146,2.401408563561361,10.596078529831848
5,65,6,558,1.124891158591787,15.8125,14.383265062561385,1.9114935780267341,3.113971289837113,4.325022368322688,20.336978218525054,28.622192377542007,0.37337888174503087,0.6991194775584992,2.0109342681576168,8.033513397865844
5,66,5,556,1.1109004804039908,15.640625,11.711130526454522,1.939166747683374,1.6041274658738895,0.9711853136303018,17.614990919208946,24.093219320635065,0.2403937803405122,0.759106106125981,2.7320616275990846,2.2292430047229104
5,67,5,559,1.207257711760311,15.8203125,12.522391851773106,1.9371854612846613,1.9136490085343556,1.2354528499662008,15.729629180573037,20.475665077809836,0.9692672769753462,2.1078287567394973,2.9622687845052016,3.7015343247523393
5,68,5,559,1.0836254229471038,15.96875,11.086105834068713,1.8729058852268947,1.8277439652208332,1.2555591025857022,14.262732804155227,18.804456486113075,0.2132569321399752,0.41667744125518974,1.9378862860919481,4.008877008034847
5,69,5,560,1.1793366781827248,15.84765625,12.56645579011549,1.9125018949162205,2.1522773803084037,1.5353514668116621,15.117724038283386,20.116378585820947,0.8547323234324797,2.8297592230070103,0.7583841055488534,7.535475349827188
5,70,5,561,1.060126910748064,15.84375,11.169419434917847,1.8562752617528457,2.0735735408150315,1.5613724549655172,12.987358751679903,16.787354251535184,0.9400727098370361,3.4994077072363314,1.6263815285183396,2.3291814744210813
5,71,5,565,1.0517432914243579,15.8984375,11.032502036510422,1.7118703847070964,0.6150823414536356,0.7445326570289211,12.793504576498965,9.86237080196057,0.22449885966954686,0.43341072499990047,1.0746802977231595,0.9119559146795684
5,72,5,564,1.147736644908808,15.83203125,13.330653138382495,2.0584557053260326,0.7173476090654114,0.8123669252085393,13.329315424454999,9.642303825299,0.13813715386182104,0.6002289360065756,0.7856571844848024,1.541275593285727
5,73,5,564,1.0339754899959228,15.671875,11.567633956684004,1.596278826754304,0.668353315415731,0.7263894189646656,11.940346206653333,8.683240506738834,0.39545173369587816,1.0020958229153751,1.3672907848790679,1.4814835478123354
5,74,5,564,1.0235628964031984,15.8671875,11.609695209324766,1.7485067068755615,0.6853810344174336,0.6634524071713006,11.880762399006004,8.769536718473727,0.30431896293903254,0.14875688505487666,1.2458155508151467,2.016396485223236
5,75,5,556,1.1140399173288111,15.88671875,12.840657307275023,1.944058192991081,0.7885457217751937,0.714541658586596,18.119224763129086,15.012497360741236,0.19116191604306595,0.265617118880649,0.7193524371919531,1.3570313035088686
5,76,5,553,0.9998603000649777,15.53125,11.218209561961043,1.580089103689985,0.7493086486894326,0.6202820319046239,12.08681824430735,9.276648477442581,0.4430104927251315,0.5101633329381827,1.2510658375911436,1.9681219138200245
5,77,5,553,0.990602464321799,16.609375,10.876223168166735,1.4098310175551023,0.7872665687107896,0.6033445530624019,12.085495745729592,9.273263737372051,0.5803524465495902,0.48924326735258405,0.6816780763002093,2.257428503878897
5,78,5,553,1.080596584161309,16.59375,12.242950547017461,2.1599715979185325,0.9062058554683576,0.643183207002045,13.204843481280497,10.046563350358532,0.14913624132850734,0.5699413058140074,1.0811210896861974,2.28266208025239
5,79,5,554,0.9772417230225308,16.8046875,9.96658696969805,1.4445809637731388,0.8207102268924378,0.6235081606484716,9.783719477711427,6.886818596043642,0.19891502124572746,0.2256316415084046,1.9475703829182227,2.5495958561622847
5,80,5,552,0.9729056556808109,16.875,10.033859573309812,1.626495678749627,0.7956915415237428,0.6663061826843284,9.608242584729885,6.5403138159375125,0.37188227557128994,0.5204785270896681,1.207772660194725,3.3183852047720173
5,81,5,552,1.0655837612780585,16.8203125,10.274799022855023,1.5442716685358335,0.86123974764348,0.7845095207319606,9.591358456304707,6.429111313015088,0.15354032485402122,0.2337160977107959,1.1583584098824886,3.7613725855570608
5,82,5,550,0.9633714970737423,16.8515625,9.138353516342,1.7066743502271309,0.7766155162271189,0.7537785429511797,9.32619147429491,6.540991287899925,0.4396619941658925,0.596662255049825,1.44260844310503,4.170237736446847
5,83,5,550,1.053969131786843,17.03125,9.788708100721973,1.533957233009867,0.8532162442300045,0.8862617430996669,10.03199515726616,7.089941307808086,0.5170576891961325,0.9909851884658096,1.1809856395867215,2.516362794088534
5,84,5,551,0.9525908555538615,16.96875,9.506853744216336,1.547139664581601,0.7459494242086516,0.8567842265060313,10.92515847598951,7.965769454377071,0.3193188278008255,0.4662431932158447,1.6615874436115698,2.8239878158747076
5,85,5,549,0.9476290527363312,16.78125,8.796799022204702,1.484857645391607,0.7300717163376987,0.9097046262279855,9.209792960610585,6.201776509397201,0.1850598354399997,0.6771630845994834,1.2244308238229509,6.858206205187589
5,86,5,548,1.0372378043256811,16.546875,9.637287077251738,1.3784957731512935,0.7976517244531262,1.067789801210557,10.826730555361516,7.458408934432681,0.43345905594291156,1.1065660553553935,1.2429267612616066,3.9285433734875754
5,87,5,546,0.93888386019022,16.2734375,9.988193926215057,1.1784979449603967,0.6902986157210707,1.0265730106586433,14.39287427719695,12.008935210627786,0.14453691546521938,0.10502897767165408,1.5902344898963292,4.8489245555548
5,88,5,547,0.933164619963766,16.359375,8.91467880070585,1.232563248706769,0.6912901867505544,1.0924847984459636,9.6000861735717,6.231899682877291,0.3573211827291235,0.3234954864017917,1.4888785553262656,2.6496164225840655
5,89,5,542,1.0217151111609477,16.203125,10.531874251753965,1.2147778465423094,0.7969902748973083,1.2748131716669207,16.198950751192065,13.533293258280468,0.2801406473881427,0.3006324109330304,1.5294307886485103,2.153558104211328
5,90,5,542,0.9226569603603788,16.609375,9.320687906999487,1.0812642531689076,0.7360736793843785,1.2095577362457757,14.943816715660432,12.615092939511422,0.46972143267898203,0.7187698272598176,1.9714047880831072,5.137369110501463
5,91,5,541,0.9138550127967516,16.25,9.031363886104728,1.119337709058571,0.7854157960772724,1.2933770234674582,14.269424061202555,11.729814684654935,0.6937542325558614,0.8507225411849321,2.1264307623508496,7.321230840580606
5,92,5,541,0.993986664979973,16.125,9.972461772652949,1.2796403052081724,0.9388099532993062,1.6071191305183166,16.126881328101092,13.186097308459056,0.6643923555931108,1.359079918487399,2.70372761381682,4.712460067700088
5,93,5,536,0.8915059998554351,16.1015625,7.949189931039656,1.2297682515956936,0.9163793681232006,1.6516473489659471,10.11167265301392,7.206979102052199,1.4249713982418795,1.9296018577867848,2.2727804734932606,4.826719855210072
5,94,5,539,0.8793116927808338,15.984375,7.870741758396879,0.9595679599893006,0.953940964239735,1.856992153018753,11.726928644535732,8.94686991264068,0.3814578149759273,1.0711556718875268,2.1405032217018607,4.945804981422144
5,95,5,537,0.9549032305943266,16.015625,8.796533203618122,1.1233968535010392,1.1092315873191123,2.2541354403781124,14.35240249104393,11.107807030301169,0.3317904651791876,0.3074176762584129,1.1400679713847506,4.623261019144185
5,96,5,535,0.8565619132103074,15.515625,8.454492001374135,1.0806568281366704,1.0710112867216572,2.186133403812757,13.223456559231638,10.157489188644478,0.8133692648187244,1.4571631176309185,2.061242643464621,6.107508705699295
5,97,5,538,0.9268933928306425,16.09375,8.253069408547518,1.1244678583923973,1.2519608061275271,2.655703943179186,11.593941095615257,9.161082456816656,0.9401305105764435,1.2351209811298163,1.8959130504552975,7.087501104315091
5,98,5,541,0.8313280563538638,15.6328125,7.993013714367447,1.144364743887988,1.2334871824965212,2.621306217001874,13.070080016298224,10.537847035342363,0.2578357590708382,0.896402578027127,1.3233629735431127,6.780154143725569
5,99,4,543,0.8177482521195127,15.59375,7.627703359118001,0.9783821938437254,0.837075257030085,0.644489462589902,8.990230058803274,8.593733259458832,0.6271403451180717,0.4406861503485757,0.7217180596312344,2.4316146623204475
5,100,4,547,0.8883397350758548,15.9453125,8.550268321487417,1.0501897820004469,0.9719258037413251,0.7390390613341417,10.421256562586075,10.433739071815715,0.4405701521337136,0.48117878601034064,1.2514641177661194,3.955239362378778
5,101,4,548,0.7973681641237322,15.6171875,7.547207828830695,0.8563541015230818,0.9066612352737783,0.749607674551601,8.693913759640196,8.385391992181233,0.3067395292357714,0.362009171690654,0.8945313377017607,3.443136363582894
5,102,4,549,0.8701182064772104,15.671875,8.89788953380576,1.1128887440343123,1.063133478801337,0.8719339525113264,10.751578474010037,10.636193513064388,0.46518234445606754,0.3284443212828662,1.2618833995185708,3.5940018049099978
5,103,4,547,0.7823655292402926,15.796875,7.840519937706955,0.872158516360447,1.01801035053271,0.8551942193151949,9.724860349231548,9.845779093539118,0.5729440225191652,0.6905810602505632,0.6820728809376891,3.2722908650482747
5,104,4,547,0.7764823473811184,15.84375,7.4941630875937335,0.8759278938948408,1.0944334143295622,0.9442175297870664,8.868533607076728,8.251813049618397,0.4682092588167826,0.2958868068551107,2.1943512489932466,2.9257424728397474
5,105,4,547,0.8471132281769432,16.03125,8.54156476041394,0.9256835038772939,1.274448958308649,1.1609273588926357,10.286662231889062,10.601914215756594,0.6407151133482729,0.6851839101918507,1.258826568216413,4.412986823192116
5,106,4,547,0.7650809004033051,16.296875,7.546910993333173,0.8898727319708699,1.240348380011082,1.1620578598850062,8.875424639305493,9.30468863950551,0.5953922869660156,1.2834259220072182,1.1139345395925575,5.275765394826007
5,107,4,550,0.758007727718318,16.6171875,6.701303003696297,0.8041857538169478,1.3544179354445272,1.2884999781334927,7.672950731705944,8.502883991413956,0.1789336892443738,0.5006185499766428,2.9522671525724418,3.403260572064399
5,108,3,550,0.820314097022773,16.7421875,7.926604191226291,0.9450459656194579,0.548533432404689,0.5464274015337545,6.278947180784707,7.552991737615542,0.48397041370861055,1.490181321764885,6.213628062984133,7.898787589279532
5,109,4,552,0.7358549584280958,16.6328125,6.134820752117417,0.824200950158694,1.2792209593078159,1.8654954573919182,5.1678203286246704,5.6052137297085824,0.38360755222957466,1.3498818293949222,1.3374594722940065,2.1322287990922937
5,110,4,544,0.7250876515290637,16.7265625,7.482170527642133,0.9003950353184235,1.3209949674201682,1.9639649692740035,9.005040908330901,10.027162509643102,0.44030436053915684,0.852308061111258,1.396125597385807,2.036685654610954
5,111,5,553,0.7873777853736376,17.03125,8.213226923047703,0.8435738043991511,0.8455451123329331,2.17853921883768,12.069244551024507,11.16077265821692,0.3927466197432018,2.288878441242648,0.9520506509198147,4.078874769575132
5,112,5,549,0.7036069516486716,16.828125,6.71277672112215,0.8115627610260837,0.8275681749573158,2.089847213932763,7.743733357733169,7.603223180651743,0.24276522053757596,2.026123121734198,1.1081276977572816,3.498082132295102
5,113,5,548,0.6938822311625679,15.86328125,6.344408460481853,0.823294959566761,0.8975433038564579,2.245988302662546,9.327919357281933,9.382983885947283,0.37972935510412525,1.9971165671135183,1.638182234422485,1.8959752425273457
5,114,5,545,0.7520761697554652,16.453125,7.263812611217992,0.9176549721162824,1.0742701002589357,2.695733307152217,10.521461708102875,10.37988461511835,0.714803876930268,1.1496672259649339,1.2346477813792458,8.401174401376238
5,115,5,548,0.6774430308051165,16.59375,6.163726643949056,0.7566237444513371,1.0582577689528518,2.649759187959564,8.742980288619425,9.073655826292411,0.308661190040157,1.307770579061783,1.2095705163298733,6.469728099099634
5,116,4,548,0.6744559330067281,16.609375,6.286053078511271,0.7571449957051766,0.7848691813975732,0.858193832474236,6.835417270021354,5.921503775878041,0.6614542373276456,1.662696839566775,0.6500612987251579,2.1122085209977723
5,117,4,552,0.7394405883352906,16.390625,7.202821258202858,0.8491103397427752,0.8877281014817824,0.9676590342439526,8.08766840587284,8.07240206501845,0.7808284254547622,1.554889085668285,0.9534429531969824,3.4454261939283426
5,118,3,550,0.6702054712643056,16.6875,6.411718850177676,0.7809524817126474,0.485736999358116,0.48295588832817526,5.168596059169538,7.1730380780055505,0.5829788195930283,1.1538604028569635,1.2996578065134448,1.2211946377992888
5,119,3,553,0.6666063582322977,17.1875,6.37350339450495,0.7953527579700119,0.4846342947699437,0.48156888838972145,5.075413409367372,6.7406581018987435,0.40335729003942594,0.3391599975013382,0.6761454971380159,0.9951928368486445
5,120,3,553,0.7316438806740422,16.890625,7.22668381633357,0.7996135198940797,0.542362486519336,0.5391264567167624,5.835157408835374,8.0889050124818,0.6860242838760687,0.7279622396314441,1.056171211910653,1.0319903654134466
5,121,3,555,0.6637276558380495,17.28125,6.362746395972779,0.7738645463020519,0.5080809751857791,0.5051101837711722,5.967708745282969,7.0054608107869525,0.41045687601366354,0.9768505474902277,0.41849923753643986,1.0789346190774833
5,122,3,554,0.7258987480239959,17.140625,6.87525269992054,0.9040039884307289,0.5713744159690531,0.568102149499526,6.545914046387748,6.7046418658097044,0.18634326249855696,2.6249365441603545,0.9166652592696741,1.2123587001260638
5,123,3,556,0.6579754789351637,17.1875,6.811324244664165,0.8280318039456563,0.5006128534065084,0.4978238777970886,6.344403734123825,10.937137620783835,0.20222712643007593,0.3643860090327603,1.287234458679528,1.1945370165850355
5,124,3,555,0.6539287168296207,17.109375,6.450954151178287,0.766421185558159,0.4956064827163487,0.4929074359458129,6.091533248200504,7.062534998523191,0.2309477720902288,2.1652815098732248,0.5554179148221114,0.9391467517974825
5,125,3,550,0.7150546665866611,16.9609375,6.936319510804356,0.827587089185996,0.513882720909694,0.5111485796481098,6.1672134851313425,11.258045147781965,0.91162684595115,1.0054504297177218,1.2638758206384413,1.3191526613469786
5,126,3,551,0.647792606980811,16.953125,6.024919132335416,0.8352587026829261,0.43630324379888524,0.4341121712933097,5.458267762702873,5.96310372976102,0.3330462402707359,2.048063649403052,0.568536951669083,0.8073218806218185
5,127,3,551,0.6494921494132327,16.96875,6.067134472183926,0.7492499460044016,0.4452050885613447,0.44309848809549823,5.166757905950386,6.245275183983422,0.5723510263562052,1.245458767780414,0.679494027756389,0.9667892398902908
5,128,3,554,0.7179520870770243,16.8984375,7.108921021769106,0.949188766138398,0.4655085604025809,0.4634502435338363,6.334570734750187,8.334554026862229,0.16846912939568093,3.0612008976946448,1.432870520497694,2.0329888232911193
5,129,3,549,0.6563755304546506,16.828125,6.530654373018015,1.0088168408561449,0.4078838811425201,0.40620208220372256,5.599774312383153,9.705321480365619,0.20201587761673723,0.9488245853757956,1.4532788044691234,1.571601392706031
5,130,3,548,0.6616593857098607,16.8203125,6.1749732569759175,0.9600393565056038,0.4227690443092597,0.42114714510927054,5.0295351106653605,7.198114444744612,0.3164631010779693,1.191508134423046,1.4362507202076222,1.4125445093656166
5,131,3,549,0.7310507316649222,16.75,7.973810111587523,1.1525144521290873,0.4608168676132669,0.4591314113487278,6.462492794862051,11.655420997074287,0.8646060251381863,0.6347717206198897,1.7070454133632598,3.2067090808464678
5,140,3,557,0.7016716096251336,16.671875,6.080388121310958,1.0490174216877801,0.7073503625107302,0.656076953425029,2.4893195746846035,2.3829078366171426,0.21274078027100798,0.11072568255315768,0.18682162595222115,1.1985227817994266
5,141,3,557,0.7051196330980564,16.625,5.924299882318088,1.0452597672652293,0.6990304855225165,0.6500381446229102,2.4603824462502413,2.310556100790757,0.2169551825264136,0.3945069726023772,1.8934368905732837,1.331223274786474
5,142,4,554,0.7823589092812476,16.6484375,6.88805930936215,1.1195698662572688,0.5921197366114404,0.9354784403719408,4.285706201234368,4.76359258631045,0.1915974989058416,0.2747591149046748,1.7859413023072426,1.4735131839471693
5,143,4,554,0.7130363858876282,16.6484375,6.028666408990329,0.9729799540949298,0.5421042103203477,0.851743171168869,3.8852727221682173,3.229528390284513,0.2872714454189897,0.30829239462825775,2.565903058174732,3.038291571168629
5,144,4,554,0.7887203904739489,16.609375,6.970604285499646,1.1298589238033059,0.6154887206686187,0.9601371303023623,4.5996754005731155,3.7394879317936613,0.2707610924142584,0.4584718791671002,1.4745324903468147,1.8311611877801366
5,145,4,553,0.7186345387089066,16.65625,6.335021023214982,0.996731292231956,0.5680550089160851,0.9019752862009851,4.140067479424392,4.692134234593393,0.1531761725641994,0.3295368074579843,0.6578379082072234,1.356703038222408
5,146,4,553,0.7181393071864511,16.578125,6.8001570988823445,1.1120170466171324,0.566863338306379,0.8749098701379112,4.73455999523886,6.736673313990013,0.3023502278135232,0.22727205388997163,1.2799508382227789,1.3051313364612038
5,147,4,550,0.7906778032237937,16.578125,6.674977782267762,1.2606375588909895,0.6306446272416892,0.941762522982321,4.1619047259123185,3.6951848152675537,0.21979961976277407,0.8446630093922259,0.5326375813432529,1.4212474442375989
5,148,4,555,0.7192874430464101,16.65625,6.3958240830462385,1.0658968075134325,0.5752735994953266,0.8537469836867301,4.149998786776976,3.4656359500173024,0.22568622609984834,0.4154409422513943,0.636980470849623,1.2068770386980234
5,149,4,558,0.7200490806034097,16.8828125,6.873100501909179,1.146323763285647,0.586013874178219,0.8409222408440276,4.832124452930268,6.557841184328405,0.2340010644265817,0.10034438052999739,0.5278806522195715,1.0473584437981869
5,150,4,557,0.7925564944330953,16.9375,7.8486972216111,1.1812125906099584,0.6619601276963566,0.9237335211297097,5.63634504848735,7.966734723724663,0.320251658866411,0.1504661581189268,0.6601421495887249,1.449560214262208
5,151,4,559,0.7209237321832683,17.015625,9.112654185257075,1.1618022233265246,0.6455610765555944,0.8097901575055457,6.85575658666472,10.008642749588082,0.283187619118898,0.2129249292825461,0.6438661741327433,1.0790086934168521
5,152,4,552,0.7218465521946011,16.65625,6.980798352956706,1.0484487616093405,0.6759396761298917,0.7922183767085799,4.879967304074077,4.4320393634936,0.1922116350243525,0.4602882697274858,0.6979697944072082,0.833087276668774
5,153,4,554,0.7973188595759834,16.7578125,8.238179754903516,1.3901631635684182,0.7489062821693644,0.7716543515604783,5.9388741307899195,5.451106968653093,0.34956311780413707,0.7034089506485603,1.0480797373411461,1.406917549160014
5,154,4,552,0.7308737880141498,16.5390625,7.113313623560112,1.1525427547882092,0.7279147864389487,0.6495283235749221,4.9358958369800074,6.74761792259096,0.22157382590310937,0.6032059862704071,0.7599025322457038,0.7700430256549929
5,155,4,554,0.7343324162656564,16.875,7.55209689238661,1.2420315200366945,0.7487331198928129,0.5910622515558682,5.291812163015546,5.215736654618286,0.38991122938010275,0.6301706280684792,0.692165541027904,0.7257628151022774
5,156,4,550,0.8129116560345644,16.3984375,8.333365650410377,1.4590704981836091,0.8548440950955016,0.5804931005344147,6.412956910597199,9.968878218967733,0.3376225669595627,0.6051658698448197,1.0448130356192378,1.5977841758865847
5,157,4,546,0.7451928983478585,16.1171875,7.87374045330516,1.1553499269604874,0.805017734530274,0.40496769517366515,5.628815478296648,5.681298996167085,0.18404324852420878,0.4620492106361293,1.0981491035188224,1.0807575072437525
5,158,4,545,0.7503398707642907,15.9765625,7.748551349369376,1.6954348818436953,0.8249167046180044,0.261340696959517,5.63282656927421,8.356488680231964,0.24163249397396003,0.3605095175988151,0.926807689259612,0.7761597514690524
5,159,5,548,0.8328681183003135,16.15625,8.890004815455983,1.4708680857760497,0.8714857640101006,0.6892698546140689,8.667763253209724,11.179586821756164,1.0792669019766212,2.74028410781554,1.2365019623252385,1.8944962129075327
5,160,5,541,0.7656663779424543,16.015625,7.977883519953909,1.220742471200681,0.8207917028967296,0.6389675140766139,7.786908677829706,10.0562881793746,0.5506483320609051,2.0729831725896117,1.0592564308673802,0.4803004587018618
5,161,5,527,0.7738958880308706,15.8203125,7.943230359167079,1.5327925077473816,0.9266183360491597,0.66788010823407,7.127450662513533,7.931694658347496,0.27727921255458626,1.8284330973525562,0.8647439883362117,1.1156366716906354
5,162,5,523,0.8643024910249456,16.4375,9.204123743525162,1.3659264270533262,1.2120853556609925,1.0184624909680022,8.069640949801627,9.303555258474471,0.35986131203384625,2.007706863538785,1.128400159297093,1.9253663480697774
5,163,5,511,0.7949746485013021,15.4296875,8.212149571724433,1.3246661333056804,1.3731419369149245,1.5854988546549744,6.974758692549538,8.18556223507823,0.3344730494389123,2.3596893838892576,1.2143197714071479,2.3502476052709955
5,164,5,507,0.8899912208385565,16.171875,9.331080129372845,1.4537294249861927,1.771857800933119,2.7121930779918375,8.13622673682477,11.701619127478423,0.38151289845271336,3.539993193422519,1.2056317611970724,3.902508435500652
5,165,5,494,0.8217725231396898,14.73828125,9.429454965311646,1.2224909817909055,1.7092455342357227,3.510699341919684,8.041864239666676,10.123821950567002,0.601074406684538,2.5887695722848147,0.972217891855731,4.616385920446266
5,166,6,471,0.8357195936998708,14.625,10.181877676391439,1.2972948046195087,1.7002999329224662,5.658144767217365,7.603261391497794,14.133614423087174,0.2554890712502269,3.1621508744998406,1.42128484553534,6.964674902581206
5,167,6,389,0.9332450863976633,17.625,9.06855800739444,1.4320718858270398,2.6434784808372456,9.343409372036726,8.709939098600653,8.17339009507191,0.477266221726486,3.3862871086178683,2.9858049073106483,8.299795837191116
5,168,5,322,0.8637492587318973,17.609375,7.8016152550441955,1.1560942990755785,6.298228995906754,8.973214863795137,10.139579883859128,6.914202801221865,0.8553564942488296,4.265456803846855,0.9249923796095713,25.58489757306774
5,169,4,341,0.8767194969725395,17.6875,7.065541411467659,0.910865486919038,0.8981506822593321,0.9024165922277088,8.120852372906294,7.47129778352494,0.609191993929472,4.147902216052858,0.6838342254067054,1.1922162641141378
5,170,4,388,0.9799471226232382,17.625,7.761369580544235,0.870608235230065,0.9940135800091303,1.0551513846315927,7.344588529691246,9.272874300313887,0.5398487257351636,4.894810426798069,0.8652727599993204,2.3625107529207563
5,171,8,454,0.9049965080194047,17.359375,7.491917527329381,1.0353018523865203,0.5365300682621263,1.462622557677502,8.986169707640082,10.682954402140652,0.7787881540735384,3.539589376545537,1.2712005653374938,2.6932299959447397
5,172,8,548,0.9185652818001102,16.9453125,9.346865302116345,1.2893820123017834,0.5507188391492008,1.4583763953580124,8.83567155398457,12.05852602280638,0.43805470554478027,5.981944004974835,1.5967199060603696,3.532706447617285
5,173,9,544,1.024452795715228,16.671875,11.734651155543585,1.617242535362957,0.5405258378320026,1.5590527148327538,16.755132637535446,17.836386311578305,1.0294867072492866,6.832239251713256,0.9477646961563573,2.7418200904499175
5,174,9,542,0.9433458053189508,16.796875,10.901272957954872,1.4758932356915735,0.49288502451557886,1.418519287159854,18.852251315296858,18.449824411162638,1.0304834099340974,4.844252211985402,1.2393563474162137,2.886978614154299
5,175,10,535,1.0530970122609016,16.9375,9.782780266614012,1.5377308855859357,0.945099865527983,1.7038424905528105,8.138227185702991,7.438085663181523,0.8527161943895221,8.366427298786862,1.4419488375961458,3.450169227371085
5,176,10,534,0.971269189906721,16.7421875,9.678746535444795,1.4245059780152105,0.9160248190463753,1.5755069981984426,8.660030349953352,7.166602716865777,1.0452525435635096,9.99471092272031,0.9556071227793215,2.789269889991467
5,177,10,532,0.98498143872031,17.4296875,9.149304341608083,1.4617213345273594,0.9719519389878809,1.6174868948356045,7.195136604931996,6.409993228958817,0.5322123364289914,9.87241225307181,2.4732027814121667,4.863876161517391
5,178,8,529,1.0974666951827359,16.53125,11.126604437745563,1.6498196691222242,1.03990063371055,1.744178752996544,8.238184932714447,10.359826088939649,0.4908588580437649,8.00312891914627,1.7094197591469054,4.120717020793103
5,179,8,534,1.0093060584507654,17.8359375,10.583824149006944,1.742905559335429,1.0548280535238017,1.571162189743172,8.513341830111123,10.43902440318421,1.2697636759438224,6.057199852677485,3.3878987279069044,5.834895060870891
5,180,7,539,1.0179458653553843,17.5625,8.834990574738415,1.2539263210738079,1.342643043593943,1.4482765328627534,3.5347656310066116,4.8964784936450965,0.25795119715250475,1.9826257609787628,0.7412551215582877,3.7628278053851703
5,181,8,528,1.1275535204956764,17.1875,13.261539357338233,1.4951760809602956,1.4650773222601823,1.6942479509106214,14.620015999135484,16.536936907007643,0.618106884964462,10.636056553869537,2.3983734607230267,4.889245393363041
5,182,8,528,1.0323902897117576,17.1171875,11.70098460408786,1.9114484995682064,1.51554258793852,1.6951744890183578,12.543966317956727,14.708013485287038,0.5625205894996754,7.828471629443345,1.1386387204638637,4.59296084340077
5,183,8,529,1.038453738941423,17.140625,12.767888520143202,1.3648307840606693,1.5570312352894793,1.6842327954395868,17.166922528435542,20.45868453509704,0.39122520332196375,9.246629428809955,2.939861839447504,4.4068879453180685
5,184,8,528,1.1516782664730043,16.796875,12.726594871895895,2.015827497987016,1.7851916917698771,2.2630733102528975,12.224058310371172,14.626115134650242,1.0955405255381239,8.697280141565486,1.55875283052399,8.205354319013358
5,185,8,533,1.0542476983475788,17.0625,11.485246659431557,1.332678164378584,2.039370617409042,2.4306927217668894,10.462464800787364,11.22211692205876,0.19178163504658427,3.0596897214642294,1.7098577721050423,5.89610073077866
5,186,7,530,1.062021008182409,16.59375,10.938592910067932,1.6711373727385674,1.9228625943592015,2.704336904186775,6.004144928526471,11.72570884371595,0.499662670267545,1.5773783338186456,1.6108541075975766,6.006690203988305
5,187,7,531,1.1721457969829856,16.453125,14.017734756286385,1.8301806300174261,2.1611672705745186,3.6507469296226427,8.151373888298828,19.369672681166428,0.3892376131527347,3.1780488146989567,2.6647606662763463,7.37338832157104
5,188,8,521,1.073218029760547,16.421875,11.737157338654189,1.551021637863594,2.153250213171871,5.056533073512717,7.2736131622589975,15.21978373396918,0.8437621737772927,2.109619964330311,1.0714751716633875,6.482523684803556
5,189,8,526,1.1880325800484446,16.3359375,12.899560354069724,1.9354492331831024,2.597045099707669,8.466776420505782,5.9247985552717335,11.448033223806704,0.7946771326986459,4.365317624811691,1.0326379298303272,9.743410591045778
5,190,8,496,1.0867239509100541,15.66015625,12.299876879794395,1.6551985928657038,2.359256230342811,11.501876234625199,6.500755888677665,6.80348412552641,2.150470437462956,6.076897004175267,1.3367980821547587,13.284752727112906
5,191,8,488,1.0956670370410735,16.515625,11.102551344928825,1.6440425193463601,2.7837510164812187,18.80896707298889,5.528996715657577,15.713562645550603,1.3826493506477606,3.507852166106675,3.6807709251611156,25.949167037036272
5,192,6,417,1.2161043419788617,22.6875,6.210157489090495,3.312358403672723,6.412356805435296,32.200642890607995,4.01987501194899,52.19166250089976,0.7025721031462396,2.4528142363454037,1.4813538185550805,56.1310637497169
5,193,4,449,1.1142186121050288,21.890625,5.334016902340423,1.5009721497931356,0.5901621826300992,1.1673695373243622,2.871608275099147,6.642285688778653,0.5572718202259317,3.8354942054415004,1.1856327236056476,11.613948241739545
5,194,6,527,1.121367176726417,17.921875,12.305133890255782,1.5657254339665043,3.237462176789646,2.358323657066439,5.8078955705295945,12.399706992685047,0.37671137391735465,5.693409049759617,5.590950301475315,10.000868854211161
5,195,6,534,1.2448738190260866,17.40625,11.7073516740002,1.9594349699764164,4.1057017128136835,2.84431050773802,5.647104947037263,6.141177052031805,1.2721491205839013,5.608655071941839,2.0957418010531925,17.512893951802006
5,196,6,532,1.1440965819988997,17.265625,10.422827792297053,1.533273882160067,4.207759811401251,2.7652111884937494,5.521760519787193,4.407197181497171,1.206990035873903,6.533592807008124,7.101367915561793,26.107602739379313
5,197,6,521,1.1540658305078886,16.703125,11.058454539012974,1.7260680806554318,4.594766311091606,3.266467646942781,5.8300776531576535,6.337269361051691,2.12310144891893,7.648061924558381,5.101805670497306,21.62842216776366
5,198,5,510,1.278770217548323,16.796875,12.23982575867047,2.2412037034828316,5.12898828488016,6.207355281952237,7.0409703605044465,5.129207134844125,0.567023220351274,10.851809597265246,13.438898586644095,33.905839150380075
5,199,5,505,1.1721527345349576,17.15625,10.4438161430329,1.9395129069946708,4.901383088026293,8.14105104104591,8.088240199326592,7.114792894245192,0.7959850030901358,12.735114224777893,13.562263530987497,36.815036176323055
5,200,6,462,1.1832049537601075,19.1796875,11.470560635098606,2.1277135786617043,4.036814474440714,15.099739751950239,6.185046327354627,10.11028520644664,0.8969929376689054,14.021140392733297,8.123455851201056,41.687549310653495
5,201,6,405,1.3160702975656595,20.3125,8.069394659765482,2.417640081546113,4.656671567352095,35.084707317913,5.564429413618097,53.14607957672764,0.4311769917161865,13.874780704121973,10.617797341312588,68.60441538107636
5,202,3,445,1.2077724140850403,19.34375,7.984196531730179,2.1521348921974424,0.24587673007597402,0.22202495125083066,4.455376398263876,0.8186399582646278,0.12656323712430495,0.05795123727126139,0.5135436690446308,0.3919735544665836
5,203,3,507,1.3387150998716337,18.21875,10.974028039167425,2.069184097925687,0.31053389059470615,0.28136843854279503,6.004295034309579,0.3193339743577637,0.1908075078700891,0.2380059084115807,1.490161287261079,1.1867993378133135
5,204,3,566,1.2217362155679914,16.921875,12.37221025175241,2.2209028969186906,0.32385335398627085,0.29463110904921674,5.129456166317236,0.4914905170609778,0.16121463710556924,0.19925499835124347,0.44645836583502085,0.8348987964293875
5,205,3,563,1.2261943446292873,16.71875,11.73466514829703,2.5511119373525335,0.38071720492278077,0.34791670729905394,4.801973564907071,0.3603991139691338,0.2235857361388751,0.16379692530148304,0.7371624528438168,1.6030787029152431
5,206,3,561,1.3567226163589998,16.71875,12.575249188354782,2.4505755383958694,0.4764994861556789,0.43755676959710693,4.855680098540175,0.8130105916021977,0.19827694382707492,0.06865131055790027,0.9122061753200793,2.325698852333395
5,207,4,563,1.2366629273137617,17.1875,11.851588039583964,2.061405825236094,0.6596996260262837,0.1306547612914687,4.767743525708678,0.717005900319247,0.2390063716417215,0.31437819676261125,0.7305263677187657,2.940973403406274
5,208,4,556,1.2360647449606246,16.4609375,13.762670346519588,2.1761693982831414,0.7883974541330188,0.2437341256865343,6.269655236794697,0.7451488762527188,0.31537121372722615,0.24623869969749052,0.7645862457829011,4.328728039140097
5,209,4,554,1.3620807185157189,16.375,13.736640966088064,2.8232683022843665,1.0878569930024742,0.4467734743261972,5.266517159658678,1.2149178488653298,0.15085598108411297,0.14593077743987165,1.136093822809274,6.676850665614114
5,210,4,542,1.2447977286979788,16.3671875,14.555622299227718,3.008136149337383,1.2340801418865333,0.6432299460951106,6.374431626705064,1.0289558247139503,0.1954608837616912,0.9316138689158211,0.8642290341444732,8.168361728038501
5,211,4,540,1.250791451437549,16.3203125,12.815750868204042,2.3320653560520324,1.6220600621437686,1.053217354311105,5.245746723687409,0.7483094391334442,0.4287016767461558,0.5619330432002507,0.6887484008879099,11.363106668969223
5,212,4,514,1.3834860032333471,15.83984375,14.557572244207492,3.3181642673574423,2.482598194043684,1.9370718397824074,6.247051879014632,4.976525397745889,0.5444251295459244,1.3468744996664421,1.1697537282142023,21.4565995236118
5,213,4,465,1.261831953016131,16.984375,10.484783670648273,2.4472006417146006,3.2445275901517667,2.9953406556403106,5.154780416932146,19.881826698558985,0.21163078749326703,0.6830555060042369,1.4193673591694624,34.16359799099709
5,214,5,400,1.3913324832495253,17.71875,10.149812917186182,2.4040935349002446,13.831793607342702,24.83875229620353,6.2368641217116725,56.840480560092395,0.17023302431332635,0.39940186256463744,1.2760664279338279,82.12447699715304
5,215,4,446,1.2700066517470756,18.2578125,10.011209057587212,1.7956471127890352,0.9726720299115736,1.6967958505749925,5.788374850549095,5.8875830125990705,0.4675731724533009,0.535303877075844,0.9601287520583104,2.9897619498820474
5,216,5,559,1.2752140972156658,16.484375,16.576120407369153,2.1273042489670835,1.073334329679997,3.023954104942578,7.25988762386306,13.379292441614103,0.048874002650597215,1.3164702482024544,0.6213291636657016,3.185733738957819
5,217,5,551,1.410570399206618,15.5546875,14.62284680301313,2.4212135551447833,1.357349823732853,4.620462827246861,6.10538970300964,9.36152851350079,0.16842002526636501,0.6107278412728204,0.9647058746868797,7.1957629276743935
5,218,5,543,1.2876481060205933,15.5546875,14.022215544042554,2.2012275756896402,1.3841125144345616,5.759497723471123,5.6940246863095165,6.8542255840771595,0.36676200325376035,1.1026326615431121,0.7715417373158991,8.37384246206129
5,219,5,536,1.2937916896592203,15.890625,12.765440529749151,2.817662679697389,1.4963908575676224,7.731841944679271,5.594249839519978,6.924229950739288,0.08530106554386968,1.3327968603875209,1.2439936287911373,14.320538930745482
5,220,5,518,1.4312169275703475,16.578125,14.196922889517129,3.0748980884297827,2.738047029764007,11.760807326107646,7.067903842185202,8.787714129894528,1.2052569433647622,2.672235068051748,1.1123996127025655,25.07629887062432
5,221,5,470,1.3089401371567417,17.3359375,11.618876572972098,3.6800301257412014,5.91600062882557,18.129852211077168,6.499189930481974,26.2498948782805,0.22475638852847,4.362701280829964,1.4926775728998485,41.1357203304255
5,222,5,421,1.4469558418700135,18.921875,10.390656009787644,2.603092816128498,16.037535319283585,37.69580649585767,5.544212055172747,87.39057323956827,0.1424419470348144,8.56612839347645,1.603331647688088,106.20313537514917
5,223,4,474,1.3230691926267728,18.359375,11.055856114742642,1.7680529727597794,0.7003348621648734,1.0926679275837725,5.783985816856063,4.777783850155352,0.24453989139320853,0.9285773243899667,1.1381026493071824,1.9880058038186252
5,224,4,559,1.3293079847683626,16.8125,17.375980512239764,2.0951816211206316,0.8126286712434967,1.3917368433058295,7.954512059667799,15.046405705643835,0.4092574791652772,1.1635098431259,2.157419912889953,1.6737473330405024
5,225,4,558,1.4698209290860906,16.9140625,19.535658011322926,2.346045685618394,1.1376989170992742,2.06671536897652,9.66490423002568,19.42186027857668,0.2967390711617568,2.30841188414935,2.1633175716728053,4.571872774515167
5,226,4,561,1.3434688715540113,16.328125,13.072715790228026,2.1067066241282557,1.3644393475815986,2.5408692612444397,5.312064966112402,7.690506233615332,0.4341849837704187,1.2330931836450902,2.4765207156349542,4.636706035695827
5,227,4,553,1.3483866125391526,15.953125,15.32625353045191,2.9616051732011295,1.9482198575806076,3.643342158954113,7.029909456177112,14.524182645381886,0.28891627872044795,0.993146581447458,2.4770953422885578,5.079988300980066
5,228,4,547,1.487053622993269,16.171875,16.456205253061512,3.130848492229891,3.2565582460249702,5.9826801715720155,7.32230940201849,14.226938880567484,0.3291870501998658,0.7430824258931062,2.4096415292181703,10.943419911298085
5,229,5,535,1.357975970925687,16.078125,16.036437462659737,2.461216277866721,2.079071607525085,9.360967894439623,6.766728653048976,12.80697735948508,0.1708625362181348,0.37653114376700725,3.086871265151561,12.020723380764778
5,230,5,515,1.364890852753496,16.3125,16.387241377487303,2.800151249886477,2.679614444862814,13.740984939266493,7.4275112611138825,16.14285114988268,0.10619520378685357,0.8155993236343917,3.3960243963658887,25.95114419423333
5,231,5,442,1.5053440908317888,18.109375,13.257279905784465,2.7340575105551275,6.434592247729575,24.392871919944866,7.55974394570056,39.75735246945294,0.14901442287392347,2.239113933375734,4.134933807790978,56.23822874554802
5,232,5,428,1.374932264008681,18.46875,11.565071787281479,2.712703423326349,16.103258937585743,48.595106309140924,6.182926833734613,104.14520919994406,0.15547635429640447,1.3814667752017848,4.49071088580482,119.88316693153637
5,233,4,492,1.382941338802744,18.6875,12.61886082413308,2.6114871350962314,0.4871938968566004,0.562993781473168,5.658586547371041,6.063438675553231,0.1261954558167354,2.4995417346077735,0.942375109763298,1.363041546153077
5,234,4,558,1.5317526279082039,17.0625,20.832347493563994,3.287648944194103,0.5660901734340613,0.8323147522526263,9.562725985082825,23.146805706590044,0.21999892950154465,0.6757541775424994,1.5689629048729352,3.144773008101375
5,235,4,550,1.3964152375764733,16.25,17.655580071372835,2.514081286342803,0.5884269278769525,1.0028943542286084,8.25594335609929,16.929384979894962,0.25825069879981755,2.794119714354998,1.9379254370653731,2.4111416230049474
5,236,4,556,1.4015956211247218,17.5703125,16.736490315051526,1.8290809316718244,0.7264982618342574,1.3664933482554291,6.774599247975132,10.736082656928815,0.16725294137330726,1.5328437732673827,2.4161644754072027,4.882986947576041
5,237,4,557,1.5504453700042344,17.953125,15.610618730716531,2.465830409117242,1.060071796978353,2.0594611286998727,5.488364488062983,6.831437793501775,0.28982606085791773,2.0936922621276906,3.2832336183963706,4.130395764702142
5,238,4,547,1.4171059959443353,17.453125,17.464993479839855,2.135207759865948,1.3134084434008035,2.5648224100596475,6.6854944245766905,10.876514537644546,0.6439072748878876,0.4475249867815444,3.857000136452261,6.330108500140342
5,239,4,544,1.496470429519516,16.7578125,19.427423560389816,2.06861609344105,1.9993399755502002,3.882613163604454,7.810599729457568,13.395305264197741,0.3076956387429698,2.87160769169629,5.772382667978347,9.374093040905917
5,240,5,531,1.496470644383046,16.640625,20.622529991732666,2.0466109387964018,2.2164225679726837,8.177085588552805,8.861231932307083,15.030297095803903,0.44871783127436926,2.3176818719232073,1.0641115725143144,13.311644457928407
5,241,5,524,1.4352718225355414,16.96875,16.672655728750293,2.3977995403653325,3.472907483082755,11.656411117850004,10.14795161473534,7.042654950964536,0.15252212552623828,0.9323350262353615,1.7601527245746924,21.8237806653545
5,242,6,485,1.5853694522226955,17.796875,15.768215695973286,2.853506139238847,7.052607226285332,24.007451812526334,8.499382712264808,22.73283000397905,0.1923568802924286,2.2699807659570337,1.8374903533294564,42.85684898187021
5,243,6,411,1.4484418645805708,21.46875,7.953237215008146,1.7911502608469856,10.938110595874447,39.920768749587886,4.443491041251745,63.988433736437806,0.2233968714987456,1.7141386473841016,1.3888958124587758,76.07700260382659
5,244,5,435,1.454135168053565,20.75,9.583554106639397,2.225510304811056,1.6449031903294937,3.9428641542290164,4.5397225516995325,2.6595551870115015,0.2639060418159988,3.024503599684483,1.2586183125451684,13.355930054084194
5,245,5,525,1.6064382800297858,17.90625,15.378647097354152,2.107315143100365,2.007662588987753,4.825432471654853,6.124742041443283,6.280647679878693,0.2033499665473671,0.6507288505426194,1.8428276914333175,18.090140320222034
5,246,5,539,1.4679941148258884,17.640625,16.262304423965578,1.8355199624226939,1.9346355606030718,4.822584114625052,6.279867553449943,6.045011582441897,0.3948769699791033,4.921902219811245,2.1595819159289733,19.77082657426334
5,247,5,538,1.4724945554361468,16.75,18.563031835945537,1.833852776280124,2.0721205775567713,5.3940516265197305,7.225218534079575,6.987050332604562,0.22962126660407714,1.581312166759581,3.498327160735561,19.628435943245478
5,248,4,541,1.6246693394346374,17.796875,19.78125698871582,1.9995603081674989,0.8926465540595816,1.5882144443366375,7.886668947995916,8.02184051453306,0.23641364292232386,0.8725891135699104,2.0704378863973627,1.7159484092725203
5,249,4,539,1.482545232427172,17.765625,16.30332465388124,2.1207242310110197,1.0439431094857594,1.9312394350366304,6.045571335768731,5.916348116413532,0.16006617408141688,0.23942988538966745,2.861275361868101,1.4676230037646372
5,250,4,536,1.4911745045902007,18.03125,18.98221915932411,1.9088623643514198,1.3730310893171882,2.600252458579914,7.164863461130654,8.380006404790382,0.3392649210320753,0.5868693729013523,1.989242895956926,3.195764788739748
5,251,4,514,1.643770032084214,16.71875,22.638549368288004,2.827863157640303,2.107113697135539,4.010792362003344,8.594879740795214,9.659356256999882,0.11421802753398477,1.3074174312534235,2.0757612526155116,6.040512667091367
5,252,4,497,1.4982801294377184,16.453125,23.04640177655719,1.8198034700532584,2.7161874173612084,5.115842676611417,9.342790233404525,12.210791585637335,0.3980539337313148,1.073966800771141,1.5465645397699714,8.707717370546595
5,253,4,484,1.5021977039007008,15.7734375,21.30467911230813,1.9574453377610737,4.069627321728457,7.439943556729059,8.306836295206447,12.334195369905496,0.8230800472316482,2.212950590272973,1.6474246549662657,13.305742213591103
5,254,3,429,1.6582590704298885,16.859375,22.43201650785205,2.3090049322662045,2.9498816682023405,2.8399507179090904,10.431286714272423,2.8174490275488946,0.19246774708599582,3.379045609743892,1.9136793301384811,28.47547798782519
5,255,4,329,1.5094029382540446,18.375,14.122567413165012,1.5694759462462708,3.1353418597166565,3.788541050031563,15.93143074526883,15.888094362770095,0.19202488507849824,2.002678239512029,1.8920034058239357,44.85290679612591
5,256,3,328,1.511380012820288,18.453125,12.623536493551308,1.4182376042847349,0.3397929671928634,0.3042804534859577,13.149857989056402,1.9762711951694278,0.19566968486104042,0.03725859131358056,1.5260409996128281,1.3938450770621984
5,257,5,352,1.6661649934470995,18.9140625,13.408600568083374,1.5134873761022019,0.4484677148522056,0.7226285384724278,11.644110668557357,9.049803865645238,0.21650711708214973,1.3708255181315945,1.6141536389232372,7.377216538549142
5,258,6,422,1.517687912900506,18.9765625,13.590700004345361,1.5195914729323792,0.69817852864718,1.0151230476189548,8.44528281954585,8.381326692316017,0.20224474478502802,0.7865738566100673,1.8818977060052056,5.901414146063266
5,259,6,560,1.666855924737888,17.2265625,20.85695443220206,2.216483953036902,0.7966165980752447,1.3455265810415507,9.45159039878346,11.986509520177068,0.2131635361582957,0.8971934172666638,1.7305456416776104,6.127264738578104
5,260,7,557,1.507600392913468,16.125,19.163698465354354,1.888395268886106,1.2415447962025266,1.9348557407879945,8.227352933605802,9.809282720752263,0.08359988744855572,0.6476460319764321,2.808492585428517,0.8910984787922454
5,261,7,558,1.5113462400272282,16.890625,21.697051880716533,1.9982934820035623,1.40487027729485,2.472271480405685,11.55592329175,20.506506852239767,0.381535196078038,2.1764981559770558,1.374356400562399,2.0605938361283394
5,262,7,555,1.6656034850759789,17.234375,18.893466847009318,2.4537808068123104,1.5680846821521812,3.6352561757760697,7.845362237643422,8.553010386973803,0.1998365194683501,0.39202764281568214,1.2961886442079706,4.407264323551265
5,263,7,547,1.5163070151983329,16.796875,19.31601413079846,2.251838401501821,1.3609003976577392,4.377484303151565,8.258886381415978,10.384549917980578,0.2978799097529988,0.42026590118391405,1.565932681397791,4.867855188487682
5,264,7,545,1.514363135930544,16.328125,22.240348171045103,2.0869614133623346,1.5443025541769817,6.154655307032441,10.80609465650098,16.432342879908568,0.23954670792285773,0.6222786615114474,1.1656804996887353,8.352933898592173
5,265,8,529,1.662515053019512,15.6328125,24.207798271989358,2.2863121728136298,1.8122292889037002,10.918301879989343,9.83371434013863,15.292123923187694,0.42957452830449416,2.7882417071430234,2.0637841968085255,13.290994626738707
5,266,8,512,1.5094253804106834,15.9296875,21.87329953749599,2.330076519976361,2.1223083618805854,14.82323420464292,9.185950935030128,11.853611100892566,0.19938460077090409,0.752089091897012,1.496599434654443,17.92734629129691
5,267,6,481,1.50925299979108,16.34375,20.72932476991991,2.2762951779118272,3.299352593542692,19.653989772976285,8.560028590915005,11.368986946126185,0.6804331224777629,0.8614747623162435,1.8641866441339543,35.652276358576664
5,268,6,384,1.658662201162283,19.9453125,11.506194164673321,2.1472502911138114,5.756986106129544,39.59565933386538,6.152968200640666,63.01656585893383,0.5418425887451598,5.44750823761815,2.673048554157787,79.49376991324769
5,269,6,424,1.5077591372242636,18.734375,10.237929138994897,1.689476358566559,0.841467635945746,3.2095818419188324,4.861121432729863,4.133456750394855,0.16215144492063435,0.8173160832537569,2.069545868762855,2.9199839208597957
5,270,7,481,1.5077714378789029,17.875,13.75140703051794,1.63509488936919,3.2221954284865775,3.790318538187979,6.481221835873474,7.117838145245898,0.1324479887357967,1.3191015585725543,1.513642401606398,5.579010779755242
5,271,7,538,1.656289309026339,16.2421875,22.084308775910905,2.019696702951064,3.7429909814992164,5.841961665763783,9.544160655259043,12.45629405475868,0.33225787064649454,2.8380169152224313,2.523426089147552,15.715573590446164
5,272,7,523,1.5057303167337732,15.90625,20.789533622246683,1.899803547003278,3.3508250593025157,7.6408898853750875,9.882189568678214,14.811309648120044,0.32758094924208697,2.5080728126052128,1.1716352646253312,10.862999858155074
5,273,7,519,1.5052299294871383,16.015625,19.377903556125446,2.2531152336677707,2.886324601206527,11.691517371953072,7.849067335208955,9.585678982974208,0.33134781630543286,0.6939596780361719,1.4465634722190417,17.6767102660378
5,274,7,495,1.6561041187519812,16.15625,19.322147469827648,3.4198520555598844,3.3223161992636046,22.551993807439956,9.222639105162003,13.430321253666683,0.21204937312307529,1.5112690595301805,1.5630603097604154,32.07282444380811
5,275,6,432,1.5064377166737553,18.3125,10.893868015512712,2.1397298079849434,11.61473875794306,31.926494353734828,5.765149952241723,45.62176880456933,1.0866619756816693,1.5629811038016093,0.9752708715584009,55.61587709843117
5,276,6,436,1.6588272004312188,20.2890625,10.055961348456503,2.5248379512061803,32.36609904910587,58.35922376375275,5.437639011431759,130.6020481982497,0.6363854302434021,5.806426126617742,1.7998958175393003,142.6212267859678
5,277,5,478,1.5103029041352338,17.9375,19.320200793508455,1.6787094149593424,1.4182615704492785,3.4415802072658477,9.830828669372861,13.757815234796626,0.19450316369215895,1.6690034072822884,1.1727215143804381,5.246506117960064
5,278,5,540,1.5106699349979675,16.2578125,18.24083084309628,1.9787924771283045,1.8421715622344814,5.271660813357781,7.578717552976481,10.726372590591534,0.40958079564220423,0.9829755528283916,2.134129919947421,6.3044593531421596
5,279,5,529,1.663338420581828,16.046875,22.211889641158024,2.3995025494147475,2.780170394287693,8.396874862885214,9.083669314514454,14.6799780132094,0.6373043422974753,2.4958425076192494,2.0335880141240423,11.446299098139281
5,280,5,518,1.5128163474580811,16.00390625,19.610306686942565,1.9211615184404969,3.5237463628065955,10.87691060621959,8.01188372981679,10.257541499694465,0.958530712445977,2.0654936440608282,1.7561143168293216,15.239119162126595
5,281,5,484,1.5160556973469839,16.0703125,21.016609298738203,2.3311836200485336,5.346967986533591,16.802962580559683,16.15904912031074,11.559972336907336,0.9085468269599282,1.895690582256918,2.7005599650363834,26.568971132777946
5,282,4,395,1.6697283699604948,18.375,14.754630277734739,2.9889632179558454,18.22181915453209,32.16920379442989,9.750948702078302,49.742623700573326,2.7657798087515397,9.765166351743883,12.071779669103647,74.25765417540877
5,283,3,413,1.5227961588122734,17.921875,16.761805169780263,1.8402575040007114,0.09574810527140376,0.0957236510820482,12.539690878838334,18.119261673694872,0.236394060222248,1.123917196862085,3.117489009732655,18.12264620155363
5,284,4,479,1.5239959399956078,17.046875,16.389304912770637,1.98979882495596,1.417131409004349,2.492404322787631,10.769636140121413,9.657131568083763,1.7099541924226094,2.573887651505066,3.6301335820753966,2.2951097686156294
5,285,4,538,1.6755522549640038,16.1015625,22.173435234503323,2.6843243351712127,2.025170295844467,3.1511252143832893,11.966579991222805,11.168083182580517,0.91151608124812,2.0541833663394122,12.236830501867283,27.108054432910734
5,286,4,542,1.5255245400537405,16.125,21.21174076994034,2.489726270583833,2.4046053731506385,3.1842300098195975,20.324365311136784,22.233521347227825,1.6680009367155315,3.5985921670626304,11.988661044300033,26.642770433085968
5,287,3,533,1.6775511302274775,15.796875,22.31652849142149,2.70115478564361,2.928841109747946,2.8991929976171322,8.331607574634416,12.74823400667038,0.50209571119402,3.8768515727739974,14.067206164212744,22.461141095956343
5,288,3,525,1.5237706352512839,15.609375,20.522127000186014,2.3782368044997138,4.248357740705653,4.175472728342772,7.542084337313368,11.252014331533346,0.6350397621037033,3.9815624086943546,18.140487630532117,21.579163555637223
5,289,3,512,1.5242785874366567,15.73046875,21.343008127015118,2.8190097517110875,7.065174152578819,6.850044711289082,10.824056528192765,8.440238430931284,0.9204028781990695,1.2070661330252315,28.511066029842603,27.215926572438782
7,41,3,544,0.42092516314345263,10.94921875,7.95697188208946,1.3934209850400525,0.2571539928563157,0.2567095420372524,9.789060732733313,11.409508761204073,0.34132109329300064,0.22828431765287358,31.389025658619456,15.969835709239018
7,43,3,505,0.4391710035909936,10.625,7.413904102507786,1.4658097433598174,0.5740691384327504,0.5528462110289752,15.881843590618235,24.51141566258907,0.6026865494647194,0.4045421974802359,39.48451845994248,33.82803944005572
7,45,3,479,0.461185105682693,10.6875,6.776620603348177,1.322807030743888,2.033420110189251,1.9142857965153404,6.72709705262028,8.958085728698284,0.4107170085352305,1.1212334537868234,44.96938007588374,41.18050760098872
7,46,4,456,0.4682372100464108,10.8203125,6.780478219981661,1.193378775559991,3.2641514068867856,4.259010134562857,10.088456326886721,14.595330263723875,0.8645322133162257,1.2799730759050707,2.766268507117112,12.490994084771867
7,47,4,431,0.47838862165850266,11.015625,5.835913236212527,1.3386481336010103,3.076001217900385,4.298742038944597,5.472039893728134,8.933163425954596,0.2388024549366058,0.7049877618565683,2.961307863002544,12.195319003480762
7,48,4,408,0.5388834882652334,11.69921875,5.978135596808469,1.2727886067255556,3.1281535789179244,4.766921676949705,6.790415008412728,10.388796265185285,0.4103858302879514,1.367624977141195,3.008495223016067,7.663999392851883
7,49,4,405,0.4986653813358688,12.1640625,6.113100283758878,1.2988754847478,2.7498955793017883,4.629458049589159,4.908036138945591,7.406436398498577,0.15563400504846403,1.595734929406286,3.33964079003246,8.664599688980033
7,50,5,380,0.5188079013432566,12.5625,5.836824122613887,1.259286450903386,3.214054066442595,4.60571020379621,4.326494300276112,6.359947520581883,0.33319164087977843,2.6237806249611455,4.447195576323523,21.994260270365203
7,51,5,374,0.57646046443599,13.21875,4.570750045670513,1.0976363851634288,3.931113198564653,5.76521353933606,3.641574070276198,6.152071417877878,0.29853651090242084,4.85488811161726,2.960763995546549,24.895950728893713
7,52,5,347,0.5309640003075033,13.4609375,4.638344308020577,0.8991031259559279,3.6420940511588955,5.686304564642848,4.723378399395427,5.537045925041671,0.29735030295881415,2.542747022504831,3.233464049108859,25.041064804630935
7,53,5,349,0.59466438544849,14.1015625,4.2772070530787625,1.0567462697738021,4.419853204857225,7.162367343370678,4.206685115787836,6.69075800734368,0.24009203013515665,4.562601586305557,2.74327303016836,31.00159755942939
7,54,5,332,0.5512455092611472,13.29296875,4.318491226052634,0.9316060777568729,4.324696059347045,7.2786309785434335,3.9626045713557243,8.544387975936184,0.2555342282199288,3.567287104008652,3.488637683873184,34.456132914242716
7,55,4,333,0.5603431454331003,13.078125,4.471574961191917,0.8288926969872012,0.5259584506098911,0.6600768872602607,3.377312350631999,4.373175910257923,0.2895247294105437,0.19710032994992036,2.114240111663244,1.759787127461144
7,56,4,327,0.6211026730911494,13.15625,4.675013038765823,0.9604289595884902,0.4515268176240327,0.5977384494268493,2.926558488475993,4.308188711758222,0.10675707331169643,0.08102156921455703,1.9706710033517856,2.3832467993663196
7,57,4,327,0.5767896556385687,13.4609375,4.29381013744164,0.8199596242370109,0.9054066729072772,0.21982026415663924,1.7113316206252995,3.465736274568029,0.1016054264037139,0.035436203103754754,2.3523714841433447,2.113473061682597
7,58,4,312,0.627962893518554,13.28125,4.922026609516445,1.0334447623614444,1.0234174319821703,0.5121912403042383,2.2816246941337246,3.487419940640462,0.22163744369105842,0.1001607288794101,2.0877555604688824,2.951135311378658
7,59,4,306,0.5910278855574482,13.5859375,6.203655037332896,0.839892054914866,1.3119432719791781,0.6576013477485941,3.848783433383332,4.17211169339385,0.17141861507446005,0.21202577133344,1.6809827166153244,3.832447826442733
7,60,4,323,0.586957374982617,13.3671875,5.129677503797289,0.7643499312415536,1.5145797118961175,0.8075730625898305,3.4208220577517165,3.4325748583397235,0.4798589586561465,0.20609557457472666,1.1781782750147034,7.337240422470345
7,61,5,343,0.6616814104298275,13.625,6.74551911043234,1.1233404606318702,2.0356003650918075,1.645557393439582,4.439711795571704,4.021155377583389,0.25351462017736204,0.4584185087230156,2.3489907754497694,10.534518008493533
7,62,4,348,0.6130242206704443,14.328125,6.72821326730771,0.7027777593688931,2.73843942583611,0.8418405279155787,5.376028392237847,2.955696370726133,0.17094748789231123,0.5170750576535866,2.062762897128962,13.043679494586604
7,63,4,365,0.6245999784070644,14.953125,5.785306519487398,0.833389285676896,2.724793999245702,1.092265767644513,3.923759808185988,1.9366288713392992,0.11206874836663888,0.6583810491058445,1.6225968638814448,13.937880903299357
7,64,4,393,0.6975241594975854,15.140625,7.8683673590773875,1.615896299949775,3.676587092413274,1.3518975407193232,5.5531261299393995,0.8887616427265774,0.19702812997255018,0.26930819897448,1.7385580869875588,13.872363848581609
7,65,5,409,0.6445112474401153,13.9765625,5.263075739133282,1.6339657411462607,3.4934229124535743,2.7255937717448293,4.378278412326464,7.595037670903969,0.29287103564142775,1.1035755137313812,3.791203434949053,19.29335115498611
7,66,5,382,0.6582406654029417,14.2421875,6.409419413571228,1.8357738414317242,4.557135702558916,3.1351187090620702,5.4282866761792885,11.334324707805786,0.2071418855926357,0.23160985157977762,5.196295735745475,24.48339056223743
7,67,5,371,0.7399139716377822,14.1640625,8.49860065570269,1.944578671697506,6.638319144590005,4.489351643236834,7.321828960897671,17.19195096117424,0.2976690392279043,0.5289545486567898,8.04469815807694,36.214038728215314
7,68,5,349,0.6793375356733307,15.28125,6.769326279901319,1.2605442714687207,7.636031291772544,5.479420611629596,5.3094215334537695,23.961915920932892,0.5910302213165253,0.669397989568517,6.257770404045306,37.408261165780885
7,69,5,338,0.7622084016698893,13.859375,9.969568839435587,1.941810065438045,11.623443797424986,8.91461649311594,8.464515927884474,38.29910779639693,0.7888631470942847,0.8216978659406321,6.50711836614907,51.87930316234957
7,70,4,341,0.6956237302253575,14.9375,8.670891184814064,1.3268688191976854,2.8106192256203815,0.5495341167290912,5.414472791980296,4.688593617518038,0.49203984581494437,0.7344494551051661,6.207267574730985,11.84588299799528
7,71,4,335,0.7092928196394297,16.65625,8.852682502114408,1.4417945539643626,3.625323950859632,0.5399861284038909,6.293290754978424,6.5711249813933765,0.292196375529709,0.9881418662121775,6.7172942314440665,14.666416011278667
7,72,4,342,0.7828860768093184,17.265625,8.775274834641948,1.4830664159805806,3.364476425559058,1.0742139917736058,6.234975885465401,7.501908372321605,0.8089293158374646,1.0377170302137615,5.600740328963015,16.000169756471465
7,73,5,333,0.7328454338326252,17.15625,6.096212104545402,1.8620414419705313,4.100609108261089,2.6509904251570977,3.826395861299179,12.083975121643963,0.6219279690131236,1.4351482143399772,7.420046704374441,18.6719741655046
7,74,5,333,0.7411878155506225,17.859375,6.815419107180388,1.7584950801974064,4.107536773761561,3.0848524922142997,4.073648011366406,13.559570379442484,0.23391372986912765,1.8240032982040462,6.200143164738545,20.112571198618838
7,75,5,316,0.8257327682970292,16.3671875,10.164723282356439,2.3535020745063573,6.334281689818002,3.704233718708368,7.204247015019157,20.193018633090716,0.6065954353771378,2.156655660307642,10.95288387629723,32.19807787756541
7,76,5,300,0.7556288025119319,18.78125,5.418932677518422,1.8553298155541849,6.201555532351119,5.473392176799932,5.076818970271315,27.496543491213284,0.8740503239880227,3.999923352007891,9.102648537758297,34.29682103299087
7,77,7,253,0.7604925619621166,18.375,4.59222173082345,1.616495648498923,6.723094561720652,8.771856751081451,3.6486563236259837,42.98676521176536,0.3221701998806407,3.1667309155662133,2.382283998508397,44.068030444596374
7,78,7,226,0.8470662077274758,20.703125,3.67550173035562,1.4731857016412282,9.737519722665878,15.46970056915851,3.3060171409607815,72.78340792164636,0.4249992628451956,7.079012783384668,2.147001721623309,73.84709273533758
7,79,6,199,0.7739144520698108,23.515625,2.4633573095203007,1.489388246380045,4.6331056544887,4.126161426952416,1.9636974623165657,22.446971167393894,0.1847015575493156,2.043722701796305,1.9354166945596407,23.428000554772478
7,80,6,178,0.8509345084556047,23.7890625,2.3114245218770293,3.2988080856948887,5.964611553816007,7.325019767085849,2.450400350920842,32.06553463538493,0.372150060614003,2.4651544283521645,2.788527787232239,33.00080701168501
7,81,6,171,0.7804348544892421,26.0,1.93397025136786,1.317418964263016,6.332970849782655,8.360691155561812,2.6185967782562183,38.09905048634828,1.09916623320303,13.245493721751256,2.309312634179882,35.4011312939159
7,82,6,168,0.7874779109566707,25.8046875,1.6075084990358501,3.1254921056955025,7.836411299223892,10.948415774753542,2.9408680933288847,52.72023146800322,0.20655613788235214,0.720707790584862,3.00575670990969,53.129732464244306
7,83,5,182,0.8732965929824718,22.625,2.7848149251056293,2.468744278706303,8.453368196441312,9.692497526394757,2.218235839612023,46.05609037441573,0.8347154920941215,36.664387118977544,1.752989585202328,49.04109719919029
7,84,4,201,0.80065289756782,22.5,2.2674079157445033,3.0063886800601383,1.197568530587176,2.175782628899721,1.561635204030375,5.016141412069371,0.35602956039841843,0.09448930655110988,1.536723980359925,5.658439579441769
7,85,4,213,0.8053955530666446,19.40625,3.178509079953143,1.7506064864686888,1.4386408633681556,2.423168573144941,2.83440854428488,3.7798545473985454,0.29117962545785414,0.6949104122431696,1.2116916172044827,7.927689288792442
7,86,4,235,0.8895688760476461,16.859375,4.378675946689646,2.034113984063493,1.8002735012510676,3.058312431641561,3.27628290827975,4.427549737043214,0.44066953529824665,0.7557277507433906,1.5802227774266049,9.987755934722578
7,87,4,291,0.8123127951720748,15.140625,4.490999233669811,2.3310812988148077,1.7600983932173349,3.0633886474129657,2.9807856986041865,3.141637292565984,0.35692540525221805,0.42753146401856507,1.6901026019524665,9.87353150666745
7,88,4,339,0.815394835507255,13.4453125,5.330431621895106,2.3830793915168873,1.9515147090651044,3.4323683251686763,3.5922470883398634,1.9851436004077931,0.235141918095935,0.37733634132941507,1.9160512887566539,12.110730618601433
7,89,4,350,0.9009977727469144,12.51171875,7.216554199483807,1.9815189766672936,2.7931833008724283,4.995705263963896,4.905473829146324,2.2532860738219442,0.4120790076269302,0.7898153219159468,2.7176403338448765,20.590867978450582
7,90,4,298,0.8246366213777089,12.58984375,5.939554761605226,1.2462507569121453,3.0528964707947726,5.234435871734567,6.6523598344286,5.3766120625337965,0.3619594060717597,2.08076149654284,3.9451361343427553,26.11571345342665
7,91,4,296,0.9127943090831875,12.60546875,6.670706426103081,1.9734938494459315,4.343147292872011,7.170659938557305,7.721550520829292,10.901115532427438,0.6032991245919551,1.062092715374298,5.191236573828027,36.867511900779284
7,92,4,280,0.8343501318280621,12.02734375,7.565894849859147,1.426032467612825,4.923181681123961,7.76069059142745,9.087646563340467,10.062569801059793,0.6187914615401628,1.606860476193672,6.348022786594793,43.335095932672736
7,93,3,276,0.6687751843309347,12.77734375,5.244353660039799,1.1035671897044597,1.7876127918306657,1.744166922788084,5.271225463974119,5.673623911673799,0.11694115263900029,0.639846895493107,3.0008805174744357,6.035276706787567
7,94,3,281,1.0885346319519127,13.203125,7.573966735229296,2.370079129328877,3.4492900361775862,3.3534537204782575,6.887540266261387,4.968387228149775,0.4049466293865595,1.9287044104553357,2.53757272121419,20.2040949244996
7,95,3,248,0.8476419069856371,13.22265625,4.838571734219375,1.601561623878041,2.9889672111136583,2.910960416854295,6.4264471640721315,2.5891961477609513,0.22727623436455494,1.753097924884286,3.5327351318802314,13.474329657755739
7,96,3,235,0.8574526101355802,13.4140625,5.116615077492016,1.8108661920789055,3.8186172148719537,3.718195585392859,5.72649074503234,7.234960932391776,0.3204191736961124,2.7107190535257435,3.295988132824837,20.141697074198888
7,97,3,260,0.9452720686448024,13.96484375,6.276944187386844,1.2638184486683404,5.286729379345009,5.159512121641377,6.094717146283031,16.160356435379335,0.34523943982641253,4.168043620129418,3.4301156209933943,34.09590697173135
7,98,3,239,0.8603436416849872,18.671875,4.365666044776386,0.6338638199272063,5.974190675496708,5.860160171957888,2.835541532247988,37.84288692722492,0.46442433392569515,4.260012679292395,3.7797440799298547,42.56903824917058
7,135,3,363,0.9311567486841646,16.5625,6.53869538306947,2.876005136020246,4.135473526065039,4.036324385650296,4.111852061556306,11.41558233661358,0.4331144338981615,0.9805658627350055,4.71603407184795,6.42456038005276
7,136,3,354,1.0253781953164958,16.453125,7.528236502928477,3.189201435788416,5.9959081667472045,5.8493801262067775,5.033571731566997,18.498762099550973,0.6468448070551117,3.691663529053191,5.834526973036404,15.550574299141365
7,137,3,363,0.934882740238814,16.671875,7.194293824454667,2.7447180716132356,6.986328748020888,6.803165077955442,4.619048711932658,24.801210816737218,0.5002464812747941,3.84374451890368,4.324916909326103,19.02019349620973
7,138,3,351,1.02433432755072,16.828125,7.5924072617742056,3.1101381334994493,10.551434653766018,10.257224396181211,5.989163049305798,47.578086571681226,1.4158582437705198,6.991947436895319,10.675102813171465,60.772369248773686
7,139,3,360,0.9317714329772135,17.1015625,6.516158489984021,2.7364103253671064,2.1662171604943232,1.8938036959477738,3.464661692381086,4.539542816110801,0.5573013929961039,1.3172833813405265,2.907680344693555,11.9081553639183
7,141,4,346,1.0286611615383046,15.1171875,8.165863720963433,3.4185799076366505,5.520501095989338,3.2196460704229555,4.5903539811567216,10.35034834509293,1.0370023628266105,1.7797311582865207,4.886599123394545,23.344773282196712
7,142,4,365,0.9341301691295774,15.8203125,7.641848088681496,2.9498450640648715,6.572530204391214,3.169689663196962,4.013852246472874,15.336452145770682,0.32957308355832526,2.429444401226606,5.06076691259681,28.158844985775392
7,143,5,343,0.9292765049012475,14.875,9.275916877163773,2.6231771797717434,7.747590276127306,6.463265970350917,5.863396512339924,21.41075765711712,0.27075458096187127,2.5932476233193955,6.098711085861158,39.453490528394134
7,144,5,319,1.0169642432351904,16.75,8.918336540229053,2.4430495187982664,12.530726486205221,9.500919402236267,5.221945077474001,46.94778687270596,0.32227754945561854,5.320981036256087,7.873747785023585,61.89317788549921
7,145,4,314,0.9213476091267389,18.921875,6.18152636353812,2.9493148685307173,1.1380655051611845,1.14784032552335,3.7410345131848777,2.71120780572373,0.22849205470966266,0.1076419987919201,4.028571052773618,7.355163004617737
7,146,4,308,0.9217160315335173,18.546875,6.0334657640559515,2.2111171336587634,1.3300275005513555,1.3124095059692964,4.29971996555645,5.70198461747018,0.14518328548532208,0.5217592601203034,5.5798865045604265,9.314868266513685
7,147,5,295,1.0085788833478806,19.71875,6.620842147712742,3.5611667650191348,2.8356637201881805,3.6918130552161945,3.7541347732622192,10.50919969711417,0.22956698057456928,1.0585164917852914,1.6011074584200016,14.504102733481878
7,148,5,316,0.9122105218306408,18.75,5.643933061290534,3.898781429038679,3.1164689791879394,4.548195490312242,2.739814938029745,14.860005191530995,0.2985880216761367,0.2095596911190228,2.7263332315590354,17.067821975649284
7,149,5,287,0.9996721694227441,15.6640625,8.003521988955255,5.015963017024293,4.50609027489495,6.471295944898019,4.403729142531464,19.775373888961152,0.4146219925454859,1.5212341234764117,5.501776621716933,30.29704236614545
7,150,6,265,0.9050427498884961,16.234375,7.311649850894369,4.8477873100228335,5.997527321807931,7.225895554958632,3.9624527902165454,24.118818056468697,0.20730981423351785,2.050693070335188,3.760254012460725,25.655921295559114
7,151,6,212,0.9007364829946564,23.9375,3.1871320109467094,5.912451482842274,7.341326304326438,9.590628284135281,3.001049326498941,41.38769004306736,0.3882241071121181,3.261411027882108,3.320036694915479,34.46722176087254
7,152,6,182,0.9879720357558593,24.703125,2.8631378469737827,5.71256689219256,11.154428666601337,16.844021220807832,4.022307258500614,67.71894839191816,0.6340368701656652,5.344630839279148,3.8109101705755437,67.68913685182227
7,153,5,189,0.8967799379997422,24.15625,3.059805501123282,1.8121267242796637,12.081255188305342,12.124122109885878,4.319081816108345,59.56113191821871,6.166263666877711,59.99383765191369,4.521555625058799,59.64393187929242
7,154,4,216,0.8953944336881965,22.4765625,3.5594476804204778,5.566292786911393,1.8664709831197577,1.8289669999251588,3.8769604258010975,3.504787511058186,0.5204188133296039,1.2065669509172037,4.821540275022494,10.953420351670918
7,155,5,249,0.9898885579414562,21.25,5.2268806613037935,5.86051566719471,3.9866394255473905,2.866287347267626,5.716823709689193,3.495294256615993,0.6262960262037836,1.479961858883549,2.3257764001776597,13.99809479392487
7,156,5,301,0.8987639180812589,15.96875,5.385408416681007,6.514100777979753,3.8384662151988724,3.327088261641941,5.90667820014532,5.226500192329707,0.40453063083705293,0.9413502655765816,2.55430444548503,15.320389016765672
7,157,5,380,0.8972140335004144,13.26171875,8.763560192263558,4.443276707660509,4.359681232186671,4.152748506459435,5.318733934516278,8.01219401531974,0.3943215925466376,1.5327496023206113,2.8413838733114245,17.450696776038107
7,158,6,374,0.9782368441616089,12.0625,11.807528127427233,5.848549849329784,5.138428918908206,6.2837718754232785,7.068952872053339,7.4444153239113025,0.43760575340324176,1.4740472744728266,5.8365230383416336,24.585010245615827
7,159,6,298,0.8899294622429071,12.86328125,10.463414718565538,5.812436321222002,5.383880244864406,7.940251451786184,7.053623358759861,4.296102095390662,0.4411194447183112,0.7952170707845301,5.342454825602546,25.85086665391989
7,160,6,251,0.8853424136612492,17.609375,6.793356344251058,7.290082056254858,6.6551711030882,10.332423601662315,3.7059083315731063,22.022110235318728,0.5267567239423943,2.2460128427696504,5.318902674621731,32.83985787465961
7,161,6,224,0.9726422572942222,19.5625,5.350037168991267,6.674392624276894,9.430516449220145,15.191639451485283,4.7232052984818695,42.927742432268346,0.5658612397214906,2.7784705345066905,8.635106455301372,56.020860936848045
7,162,6,214,0.8824743719603076,22.796875,4.084182129448401,7.203547299094229,10.683158925720631,18.150385917938397,5.362155588066976,59.07565909829019,0.669444419978289,5.565725473599386,8.583308847303227,63.92010705977403
7,163,4,238,0.9725245127556367,21.6640625,4.2478793848662555,6.7921110242808584,3.191462598828838,2.8227811431738976,2.1964333310268045,10.760134348266844,0.5286287383272986,1.1085017446938286,5.015595119815469,16.042850731106263
7,164,4,241,0.884504952726221,20.65625,4.69215068329705,4.291740248958131,3.323491684290807,3.3533169925867146,2.473747738747017,9.868587130341767,0.5984259650215609,1.1241952947930376,4.024312044149428,15.436225556995002
7,165,4,307,0.8822166001516908,18.875,4.588870913774049,2.01845279711156,4.077764081149269,4.411482915181333,2.581734344389443,12.27334481029515,0.6507466980543557,1.0604835419281513,3.351534018566533,16.24895551244547
7,166,4,381,0.9638048174323961,16.140625,7.691177684091153,2.4103019098003333,5.735265235182822,6.515301543689312,3.9356344599822997,16.452866862774826,1.4443812008183288,1.5995636669778541,6.318971988243209,27.739534087134384
7,167,4,414,0.872825172550064,14.15234375,8.920979705360962,1.4810523982518007,6.48017599493019,7.88847033858146,4.010131692990255,18.115576170329557,0.8876046012956742,1.0147434035814742,7.178486041825044,32.14258403111966
7,168,4,391,0.8731558929618118,13.4140625,10.492716006635954,1.636229257070775,8.5647189492676,10.425494761468709,4.787876850506768,24.27359784483227,1.1548934605564396,1.3738207641453177,6.8666388735803645,40.04282332556453
7,169,4,367,0.9614116565144937,13.2578125,10.063756831776333,2.004663677399333,12.547563259857576,16.421945260587144,5.998957378107196,44.64538812756241,1.7497024029345982,2.8322289438500188,14.04674768479434,70.58170907321393
7,170,4,328,0.8809366121156098,13.25390625,8.791116169522326,1.6846460393188138,15.102773701578437,21.00659081054628,6.843536896587558,63.02099390951978,1.2027860584062744,2.8326956831267855,14.957189113247466,87.62397979453343
7,171,3,321,0.8778381167326108,13.453125,9.127043717274924,1.7411743526177172,2.580804122273182,2.3667269057793776,4.344461863677938,11.716056034656187,1.7116552530446416,3.632236914389499,3.1332482348987543,11.509657285742902
7,172,3,287,0.962191019754654,13.6796875,8.772265903746616,1.3550169544348767,4.089428747517316,3.7390976575853987,5.923797581877061,23.57209300523543,0.1739024925307166,5.41122061760129,16.946455284645104,42.90671049827216
7,173,4,259,0.8750236266787356,14.515625,8.662655040490632,1.0571346362718896,8.245955878352461,3.8905637439035896,6.449098180749645,38.51176247053867,0.3451082266591522,6.892836800982423,9.367652458898721,56.168486512263975
7,174,3,241,0.964997922165021,14.3828125,8.702250986396983,1.1843815306508967,1.1572393345578087,1.1561830072357906,5.1598108939275535,3.3977659572542604,0.231071340839519,1.0768159245556634,3.06839279352817,2.858021934654211
7,175,3,232,0.8784569113922771,16.1328125,6.963283785929619,0.9170127123027646,1.1787588750559959,1.1781978017615145,4.434700753063483,6.777357038557883,0.17581885312759732,0.07600846564686853,0.8722703839338644,23.786209560749747
7,176,3,203,0.877448861136135,18.4375,5.805782073313911,0.795380723295668,1.3912443534219678,1.3906884434818811,4.598490627339987,12.983817365783878,0.3953109998967906,0.16804475770951843,0.6128196044698168,29.828937353492385
7,177,3,199,0.9681776994509848,18.90625,4.102813556149452,0.9070062333972109,1.7743282770751339,1.7737037193083942,2.3270725669363435,28.001957997565608,0.19378689892307124,0.6342249743683959,2.8483732173450376,37.98378518758673
7,178,3,191,0.8802792029096913,20.40625,3.5753542111575873,0.4999507946820881,1.8156561280264294,1.8150979703705872,3.6375441459394127,30.82354251259005,0.11765293659340839,2.773666641780985,0.8216141155272353,44.52124189720607
7,179,4,198,0.8770814447413589,20.28125,3.441630310703819,0.5577049627501475,4.763553631724539,5.383966913538516,4.209517676980783,43.363492768164065,0.25871921492364625,6.704565158032533,1.152491559428288,60.39306986948691
7,181,3,249,0.8789248639764582,18.84375,3.11567304612063,0.6201313328434573,0.029357848701550796,0.028903104897316623,2.565391559275938,1.072488482865289,0.17616398118611293,0.01938199846589267,1.512879178339439,0.1292045878662469
7,182,3,288,0.9715472173075342,18.140625,4.853573068124275,1.108542382679262,0.029723290514039706,0.02923373767443327,4.77299649155032,2.7334999906742556,0.17925755522683431,0.04988461941900316,0.6584432301422399,0.557660510593462
7,183,3,335,0.8904553759843384,14.703125,6.192462786351173,1.118125363777787,0.03875172351511523,0.038107501532268426,4.993939714389224,3.3668053117009134,0.2018789485617665,0.06670545556515353,1.115337870096495,0.18854346421426504
7,184,4,343,0.8983756846725138,14.2109375,6.999025146779287,1.2248768474952223,2.4111488399893757,4.694162480185613,6.260598159594778,4.563684917848814,0.20386868751372667,1.5626368761235392,0.6703378067388772,15.248335587480291
7,185,4,340,0.9882156033152406,13.7109375,8.026795820266742,1.2353682345795518,3.0985182086471204,6.028949589074672,7.523274471197455,5.994029976988946,0.12664106936843714,0.9564403361608672,0.9244945636719881,22.041697887917923
7,186,4,337,0.9006700181914526,16.578125,6.014582202437325,1.26768636702625,3.1410783322004336,6.097164008403224,6.176663614445378,5.734269394485505,0.14779002909243655,0.9117499835209629,0.8002293525347843,24.41217207485482
7,187,5,335,0.9017044370971895,16.625,5.080337894104598,1.2437552064238357,5.830285869390412,5.191935400422414,4.7066752420316185,13.530463340103175,0.3119057389758373,0.383223978734964,1.453315663592876,28.431167878978783
7,188,5,324,0.9907184900233296,15.28515625,5.939258777039315,1.6012720237136886,7.489601393465582,7.460729404095093,7.4761026235759935,20.85156460520551,0.27670293710742433,1.5148997757918665,2.9352822485977366,36.4914401881705
7,189,5,336,0.896882661569895,15.95703125,5.613141783851277,1.1693714741019132,8.684874393860312,8.926739850766438,7.107453188097012,28.96751964815124,0.1843737051586476,2.260828821779081,2.154602349439505,46.3411051878365
7,190,4,323,0.898247202122471,15.203125,6.090830491611801,1.2353276014694943,1.3795904029808135,2.683560506510985,6.5756064455407275,2.849706069751697,0.2429125476980134,0.9786837495536838,1.183362466526463,5.679140258602318
7,191,4,343,0.9023093061322767,14.3671875,5.873627490181851,1.231721673573501,1.7159341763365104,3.2592346751658856,5.605573585653261,3.193505534062159,0.13769709363839777,1.2717780234588485,1.062967813219939,7.715532446097882
7,192,4,350,0.9901319948017875,14.14453125,7.264508669424158,1.36206225866604,2.1312758875307125,4.107976463080682,6.876543853142701,4.114301358065216,0.23377605953111838,0.4728702149356443,1.7465777588348133,9.417574928680658
7,193,4,355,0.890154604001938,13.7890625,6.811148985671541,1.2417999037687484,2.5242606662995364,4.8626313670590156,5.715702688048351,3.645825474215469,0.25061797456648377,1.3101162555180983,0.8693457776843693,13.596809048584948
7,194,4,364,0.9776418047406974,14.17578125,7.626615714034344,1.8244300657483161,3.425163337374093,6.576641849295031,7.473386977817686,2.258616691809168,0.3757696475807418,2.715683075525615,0.7504079701887822,18.410603753736137
7,195,4,408,0.882363916512616,13.91015625,7.367741239567731,2.168311532531983,3.76410992578053,7.350641721145566,5.518363821105382,6.985676405971545,0.24478650260234874,1.3390233967074394,1.188752157605892,22.50282184058403
7,196,4,374,0.9739929480875243,14.04296875,7.757400370477502,2.2586325292317815,5.169614636691538,10.12229695786656,6.2819065181789,15.283872523447544,0.1589489710687046,1.9451071509916886,0.7432414589430836,35.26905977055797
7,197,4,350,0.8821786124142753,14.54296875,6.538320757963226,2.1123783090109027,5.819551739439783,11.323123673156276,5.965903429187696,23.897505206409193,0.17267108335519882,2.7014839778713715,1.161836036353853,40.709811558504036
7,198,4,347,0.8790867153508172,14.328125,6.487561730085134,4.91302473324337,7.368210252286962,14.254803347737445,6.067460761995312,38.59082989876182,3.3018811081490496,79.49277324167448,0.49896149525192546,57.46748695040439
7,199,3,362,0.963363037989427,14.00390625,8.003020217787757,1.7924256169615709,0.27335927485552103,0.2668264150560574,7.430204763306976,3.0748519215313745,0.16908465305663548,0.17457281205859534,1.1323109762175194,0.6471925806461389
7,200,3,384,0.8697500620510017,14.28515625,7.082379340961806,1.4603291861600898,0.28430472531792933,0.2787820123107167,6.201496830533033,1.0221307585700554,0.4011022776367408,0.13530662616447364,0.4741407308650353,0.4118632763046901
7,201,3,391,0.8695656121626575,13.671875,7.516440466048113,1.4092742300695753,0.2810701947484045,0.275232258863194,6.092988661900961,1.0854668463367476,0.2882958218013427,0.24070803835679883,1.1297168293066027,0.8666857341619836
7,202,3,413,0.9479810049493079,13.4375,8.273420669469237,1.4299832238458376,0.3092613442506088,0.30242769320014884,5.1538491604050956,0.8144742653365507,0.06802376623189077,0.17448289900908698,1.6553323142263772,1.5386467768148624
7,203,3,488,0.8564128782294208,13.69140625,7.730091275378847,1.5183827994019792,0.3424175659732795,0.3344074569352127,4.6297270509364905,1.991070358085802,0.12410166632043794,0.05100216522320365,1.4430897584620037,0.6759270538884177
7,204,3,524,0.8466850679020191,13.00390625,8.362677039343115,2.018975527002554,0.3957213125175763,0.38509556708583476,4.707918787443966,1.7347303978313215,0.19499438342882286,0.16358638060762518,1.5348772885581163,0.6708397918401782
7,205,3,517,0.9230729598536332,12.46875,9.094273035621438,2.008497477967885,0.4104048828431135,0.397312959013216,4.969851742810799,1.9590671192264253,0.22508812216699958,0.215520374635578,1.1968426297362171,0.7174104070473908
7,206,3,514,0.8282683914820775,12.78515625,8.886483977529068,2.1080695927083593,0.35524420654237465,0.34203155795492307,4.655726985018799,1.8625324450636942,0.313377408540356,0.3100473583398011,1.9610799336741633,1.0856837263503536
7,207,3,509,0.901194428790848,12.921875,9.42812083156004,1.868478934301197,0.4485893666848369,0.4312111894552231,4.831484178267053,2.0992522513483056,0.2083953327463114,0.2777112609124679,2.6395847909730805,1.764062871046421
7,208,4,494,0.8066737938011682,12.453125,8.489525308964753,1.7768439789366863,1.4932835756661886,2.4081167928264993,5.1608118712604565,3.161476037254083,0.30694478384742674,0.48045778391592775,1.755228356038915,3.464654883224557
7,209,4,473,0.796140212448039,12.1484375,8.694304234156824,1.4618505058238105,1.6934669398539672,2.844037468928513,5.221341036472275,3.682777852687926,0.1645806755524868,0.28289735783655795,2.287919719420441,1.4478353194315516
7,210,4,456,0.8602676325517266,11.9765625,8.999859822469055,1.7261237391015634,2.1213132928888725,3.631433023304543,5.198552219031182,4.922219424154275,0.2846587433272594,0.29281635373656734,2.5301888688781453,2.969524236128626
7,211,4,451,0.7650843193331661,12.015625,8.61885765404216,1.4432889153810644,2.191121689259313,3.8223663062215256,5.055671549171097,3.142339562867263,0.10457391554080879,0.4529548193859936,5.144716172862073,3.5492485394901494
7,212,4,421,0.7504081322051955,11.84375,7.953998850707901,1.427754793428197,2.563670690545893,4.527924906106236,4.602040780106343,1.0860408951897274,0.19651900685302143,0.2756954932292085,3.359973522690952,2.993714027646578
7,213,4,380,0.8081538175497381,12.0234375,8.447888776323731,1.6105556214784613,3.5756530164328764,6.310652033281387,5.675551470996924,2.801777416491717,0.30459697434987243,0.6315841080571686,3.0623587212368886,8.869748982494798
7,214,4,344,0.7296013720104844,12.65234375,8.020892741569995,1.895231709481158,4.197805922623713,7.265357399930483,5.0099704392092566,9.027235095781805,0.44665922703636346,2.493410578491466,6.272207616218918,7.463781789699372
7,215,5,300,0.7264161203738182,12.67578125,6.434041444465143,1.056220547030895,3.5221489023956987,9.399041387801244,6.028873128999416,16.748375963097686,0.6262470075371118,1.9288774874868357,5.755977776413007,12.847920815545544
7,216,5,283,0.7960503006022452,11.78125,7.882460923505417,1.3465112356870417,4.73948647600008,13.096664090941662,7.690874222950283,24.42553417404098,0.6990354507465182,2.9642777190126064,2.744499468136295,23.005097299573247
7,217,6,276,0.7170645694605842,12.3828125,6.56181380229743,0.9264005471212771,9.421818578474966,16.89710356358859,6.599454324971016,31.0731284562937,0.20253582236284243,5.086043340524583,8.358861046607403,27.62518294422879
7,218,4,273,0.7116125906363557,13.609375,4.935054050587172,0.8408199510588391,2.5870956785966497,2.047697001745428,4.12462931219877,1.4277032842756756,0.2736723673405532,0.22690344859296568,1.1037054645772513,6.400450007715005
7,219,4,282,0.7752811781526134,14.796875,5.578924297523363,1.5107954566714366,3.4856273932052124,2.6124972313755133,5.268772358020157,4.100550501862401,0.2498266994803096,0.4865592538589145,3.8804797466560634,15.495267748697904
7,220,4,275,0.6969954917972437,14.8671875,4.987234840274485,1.9097463334945115,3.7485256349571827,2.767378364698951,3.9929310585505107,4.954641188551474,0.3927001617128585,0.5095565810127116,3.5525509758386917,16.58004789172109
7,221,5,282,0.7580376642538456,16.1875,5.434410487878479,3.0096942543556406,4.26728992149759,7.503445469244241,3.382398553006757,11.383308683352716,1.039090685183838,0.7567467108573636,3.965788742868271,22.249618363308986
7,222,5,303,0.6784986869991754,15.0,5.210104122628142,1.7009460625988129,4.533857875754287,7.827347732718646,3.6197441877136862,12.405189841596302,0.9899978727762033,1.6283226493123744,2.9400981149895475,22.723827316731928
7,223,5,321,0.6672657774912393,11.859375,5.513697852222866,1.9479139530603184,5.719714149269787,9.162640146199227,4.615870918268001,14.79913479945162,0.9662787655641012,0.8863680625659097,3.3148124473855907,28.034177871881422
7,224,5,353,0.7190806724119277,11.71875,7.775667046293024,1.2706504302412351,7.6682636742109525,11.516018086769083,5.4471412794092755,20.816202664709447,0.7488600978089411,1.7038630523755955,5.2414080958231635,41.40803024027502
7,225,4,336,0.6428606709067471,11.72265625,6.626924440704643,1.0354099183323948,1.0674918856272642,2.0469337925827586,3.7623931989467865,3.8177464586971857,0.9580605527212951,0.6783528459026166,3.6984519998922583,5.019305321467476
7,226,3,342,0.6271988937614483,11.3046875,6.791715174399959,1.3502530082120434,0.4729954198176412,0.4726106184398817,4.3058972886407645,0.9906101305963455,0.6466959803151702,0.30251128227917706,5.5486675097173,5.02061961830521
7,227,3,341,0.6770227824911264,11.40625,7.7265224432354085,1.3839656678191214,0.5719646372343516,0.57147054204408,4.011776962454359,2.081361586292124,0.7794454002904857,0.9696767531565542,7.531668939991216,6.5312430175278555
7,228,3,352,0.6074037605818057,12.93359375,7.041981776382066,1.0305290160809895,0.5761288357333519,0.5755973493919251,3.4261668326143417,1.767753142689998,0.7710587653481817,0.49952635920188737,6.279598685446014,7.5018799832601495
7,229,3,348,0.6643851445699135,14.75390625,7.365953503560727,0.999669062473572,0.6807396987924991,0.6800648578444993,2.467711372776367,5.618390696826346,0.7118556630952427,0.5770512222365644,9.034827691666063,9.210388161509844
7,230,3,371,0.5961780483580773,15.5,6.886009319393863,0.9502825836380138,0.6162691670155505,0.6156152572822242,2.2809590797351516,4.494020111646874,0.7628528257092776,0.5036806464917111,8.710740516406208,9.360361546757648
7,231,3,380,0.5888847889819445,15.890625,6.829072759765221,1.2196987409814715,0.6327477730112789,0.6321174532259504,1.969738144313235,8.045488935945942,1.1459743447348225,1.0287619837014568,10.240073132573569,10.54133006380023
7,232,3,386,0.6405850383834056,16.1171875,7.4484324846492775,1.1357440603236622,0.7519649728105762,0.7511296956955857,2.0116956123373964,12.082802114838172,1.0976998677245173,1.216773523300617,14.4147199461953,11.824610163559115
7,233,3,348,0.5756316611960725,17.8359375,6.119232492708093,1.2529781112477676,0.7658851008008006,0.7652938734539427,3.1765040293064044,14.7529938409572,0.6536043835106232,2.604099705463772,13.534915634416343,13.520637057648132
7,234,3,304,0.5780636726577577,18.4765625,5.31184326916013,1.2066064391049163,0.9827405395237208,0.9819906292972473,6.873886303261015,16.965780299236418,1.0077170005269425,1.7924431791584006,15.408199850413792,17.031599010600928
7,235,3,261,0.6321064123512659,21.875,3.2365339594405977,1.4570980748259976,1.2999577329842351,1.2982762858574908,15.826042786059055,22.449820215405136,16.826773984104026,23.745184546199237,20.851909621519955,21.813911134851864
7,236,3,253,0.5710048058217243,27.390625,2.299171693804893,0.9521055754186895,1.2834158831954208,1.2810992526280067,17.80385618347204,22.09497446646757,7.292800585475375,20.200946016882142,21.435205173148397,22.92522665906389
7,237,3,228,0.5657780229872459,27.5234375,1.885092158919031,0.516110564372118,1.5041475745845199,1.5010609777998167,23.938894186201093,27.35080826879458,19.069697465287945,28.930987265409527,25.32912988986243,27.922626645193553
7,352,3,545,0.6371521734416271,15.171875,7.172903037465989,0.8231190007297717,1.4328334118274502,1.3048851439615001,6.056768815738803,3.199752428072789,0.09281206928713345,0.09711388550565657,2.9327114538717356,5.666207534917744
7,353,3,532,0.7064895006229446,15.34765625,8.170102089901189,0.9908014601197189,1.488217400117706,1.3753246093136346,4.265394987048679,2.4385409204605044,0.5319307706210307,0.705392159851751,4.149245199551153,4.605163401026539
7,354,3,533,0.6437038610022981,15.6171875,6.823656803037334,0.9076638314159977,1.31558115587975,1.21848089716622,4.952143363098529,2.4863547493160265,0.1680797979093507,0.27987552491185386,3.1484743528826087,1.4585515868047518
7,355,3,540,0.6465902560490829,15.05859375,7.021499451039414,1.0178209152991569,1.2566215099938312,1.1696304155975823,3.518084188694386,1.563158102516399,0.3204099528756533,0.16952397165539673,2.8663326722370623,5.0174905456470675
7,356,3,530,0.7167577746484657,14.1640625,8.174393566012466,1.2064691128126057,1.343751402253403,1.2603613182061837,3.5104621253017934,1.5518044575143852,0.24555310357383686,0.3558326832606705,2.6766401762407477,2.4359414229919545
7,357,3,528,0.6578199303236896,14.4765625,7.389108463900499,1.1173207294198981,1.1573089395757492,1.088012707032299,3.7280749753605242,1.1391582775935496,0.39372682820865895,0.5452710887509804,1.9406657224641262,1.5763587739823455
7,358,3,523,0.6594710691190163,14.640625,6.714066274936301,1.254460250292532,1.217027437791155,1.1476357459322366,3.144398445174701,1.2719340874937108,0.39446486696443783,0.2783027298488136,3.0460137384617445,3.037897068989736
7,359,4,524,0.6650707417245141,14.21875,6.486053481536466,1.245863205674838,2.39081510753343,3.3889302655268665,3.1908666169721345,4.322284979437578,0.6052881406652159,0.8568306009706737,3.8723603741866137,7.447008217229786
7,360,3,499,0.7419042588702222,14.5546875,7.565508818550546,1.3440160960003673,0.21975238960014887,0.21627967002012038,4.813706777852604,5.28094450882833,0.2860183835907597,0.12295309200346255,2.707029274181057,2.766418204272251
7,361,3,514,0.6820121181219468,14.1953125,6.7038184157584215,1.5187742589811744,0.1755559313022667,0.17270051264413974,3.7757592380189307,3.9663398367574887,1.2018339351761866,0.7419546791786538,3.345159443261198,0.8558120517246408
7,362,3,475,0.7635278050635946,14.9140625,6.394820183411648,2.0098086274860747,0.18341069339387722,0.18016934415647334,3.805067938543292,3.109398227075562,0.4886358391171518,0.5019487596914769,1.0559801653669756,0.42102168839026
7,363,4,460,0.7097911106139494,14.87109375,6.063356791198883,1.824108557979391,2.79731544032414,4.872316390763599,3.7819722342519144,2.986077660376586,0.15988463766917654,0.5431512438019042,2.0404703585199635,8.307630418198821
7,364,4,362,0.7165820195967108,16.04296875,5.097834375415861,0.9082801103144935,2.9275165878271654,5.2060653898986,4.762787830228287,3.1758677790283008,0.2787116496894533,0.14795048148956824,2.7688652520685837,14.521650832434164
7,365,4,477,0.7901365431087911,14.6484375,6.269737664534992,3.0979195206234804,3.470063807729515,6.361248118642299,4.891914573162678,5.402242209140041,0.5530727796023798,0.9073162626844566,2.6001184708458105,13.327595155041326
7,366,4,360,0.7257103456166079,15.8828125,4.680237008205287,1.0418545743076437,3.4690651650978515,6.42925636527845,5.659542656323982,6.108336601366069,0.5483954484754272,0.23481500190455384,1.6907120781009648,21.10844913429974
7,367,4,419,0.7350360948690954,15.734375,5.388547920308639,2.3244191768792097,3.9437644074385676,7.356888114259025,4.578268765896678,11.354214802961724,0.2028763335911038,0.06360552229650765,1.4359142766545518,27.893308034624862
7,368,4,412,0.8201026415758402,15.71484375,6.869087123156175,1.7526665769708092,5.066120479296241,9.493653318445455,4.256054680200368,23.619417865676116,0.39290115738766235,1.0850171612313606,4.051354273419184,24.564260439432065
7,369,4,388,0.7561280258392662,15.7578125,6.028827431805195,1.3645904258885917,5.316731839770661,9.985980560681337,4.265161564475514,30.572618375025392,0.2744847459524738,0.19732182716109026,1.8786723409699357,41.5773308108514
7,370,3,326,0.8393204725917129,18.7578125,4.74799678661998,1.0615711188541987,0.2861492064348053,0.27752294642642206,4.066566635122868,0.39284684612736465,0.42020529725637457,0.22125421672656959,2.3641833818848705,1.5809475037847163
7,371,3,402,0.7753536782063586,17.34375,5.664874538323049,1.5391739706717709,0.267980025196426,0.2603690148880054,4.113499240560723,1.680121677572859,0.6912570765406161,0.1716352915625411,1.5797414055458339,0.605886197933849
7,372,3,395,0.7831169516511791,18.765625,5.827198755741344,1.457338619546489,0.3390999913704719,0.32982886580975956,4.677062791360355,1.5259809714976806,0.3844716339714254,0.5232733424228394,2.3581520198876187,2.684360672383163
7,373,3,427,0.7874008694916547,18.6875,5.54431930514249,1.4324565875226147,0.46693746908743167,0.4547141037877793,4.649766465523414,1.2568430067728755,0.21116579852562958,0.3100863482734071,2.049439245043466,1.005099667677132
7,374,3,435,0.8690975490708713,17.375,5.7183332109091465,1.9167443300553701,0.5507699321765844,0.5350166856315197,4.653722824760658,1.2218805837101487,0.2516697992577673,0.4078350494950519,3.2562313853392664,4.613949617559429
7,375,3,442,0.7871184523562152,17.265625,4.941972468083702,1.909196210985986,0.6504221576207851,0.6334930476503706,3.718370719699916,1.5991183770587436,0.2567915021616864,0.4747634469007278,1.991046038261181,1.573590519606085
7,376,3,431,0.8692869397877978,16.203125,5.740015922833736,2.071403638182496,0.8251118604210657,0.8018932226687037,5.2764286354015395,2.3307193506648187,0.2513487529350559,0.34534000674281656,1.316061806504022,0.5891981250008969
7,377,3,448,0.7884639883071857,16.421875,5.1042361920090515,2.23749126738541,0.9706759315243062,0.9392321162910958,4.1458795693266595,2.5783769357439885,0.4497933976530401,0.1984671784367295,1.7136612565812637,0.9640509939858213
7,378,3,468,0.7960988088866557,15.55859375,4.922115550992169,2.2781938670308697,1.0835117760941564,1.0477869807232385,3.42046822751867,2.2232610049004427,0.16213330217278799,0.41034773050054674,1.9477028973124606,0.5846189854531534
7,379,3,491,0.8759102183930922,14.390625,5.989531743769854,2.405999393603651,1.3107887013831772,1.2611599292900952,3.3943496959618846,1.977885541471319,0.4550545726918868,0.6376061581385303,3.0956345634564,1.3659593493323974
7,380,3,538,0.7973318447267459,12.46875,7.546600103384568,3.0083053782830196,1.2742453607708872,1.2200216846384384,5.53532002356712,2.124490864075053,0.10992161579361638,0.17734209386697367,2.451198500520486,1.2046826665284727
7,381,3,538,0.7953856571927125,12.1640625,8.567251250696195,1.9411641012658103,1.4800919596214877,1.4151327400249987,5.607558211929024,2.033472280897958,0.1455792592244701,0.20688808569106795,1.8069245718345095,1.1923205895382587
7,382,3,524,0.8768946747874411,12.1015625,8.558638475914718,2.477981576326104,1.9954987126791985,1.899226806153329,4.872270079020219,2.975464541591616,0.1447216970277806,0.07548752741642764,2.9965237325341336,3.665116026985644
7,383,3,530,0.8011089355036083,12.03125,7.771133444653173,2.0779720779879467,1.871721028227308,1.7814795039733646,4.687724236331997,2.9339262988360093,0.22315168176660474,0.0935224627048763,2.683869431148811,1.9570955003405155
7,384,3,528,0.8009690461106374,12.4765625,8.1008589641508,2.2648247935910213,2.03203162088986,1.9194225033971073,4.717650185720204,2.8638332654147,0.4828302105008138,0.512566689798666,3.54367817883646,1.6446072411133046
7,385,3,512,0.8863701870917801,12.796875,7.538159743397284,2.969417895754942,2.394437342439214,2.2584860742781405,4.57895254740203,2.3001865406738804,0.3814817010662221,0.13137717350231826,3.2455955998736483,2.8424886907878815
7,386,3,508,0.8104351012442722,12.98828125,8.543815566102323,3.1298472046895225,2.494204307714456,2.3446500039804268,5.061827595418536,3.5324161710366035,0.2851888596263178,0.14388122603283865,3.6038955264466175,0.9800466604985738
7,387,3,485,0.9033559201595084,13.3046875,8.074723766703796,4.046437470732137,2.9726423987392727,2.783006705179737,5.239119916788756,0.4969168871647929,0.303695856590141,0.33499219232533217,4.828174472175151,2.190926122212881
7,388,3,465,0.8257682070536936,13.25,6.356723822340774,4.013411255409613,3.0167225835380203,2.817422913376816,4.378721144460258,3.7813987918081233,0.6678313354265799,0.594422151555335,3.612091408195785,13.57068422817379
7,389,4,441,0.826511365592941,12.7109375,7.029078902786539,3.8231713966586556,2.8915561102851752,5.5586740952510585,6.23141325379783,6.082459795989759,0.33567141241034143,0.28884322156420483,3.808572790068437,16.229447158676326
7,390,3,409,0.8279101961806489,12.5078125,7.78035287657885,3.465594808539556,4.351127967193859,4.101702175106495,7.108363900466889,8.274853888298491,0.32965772947411803,1.8038299824107489,4.073564419883974,18.996734199535016
7,391,3,390,0.9097650348422336,12.50390625,9.40681617705664,3.4606014403984826,6.1458330544963475,5.7928875293922415,8.499744790796576,15.325449070895607,0.460555554648339,1.1614861933992644,6.906318873751739,29.64359532898817
7,392,3,398,0.8318496616169686,12.79296875,7.203700407283119,3.715040910360023,7.048204629508827,6.665081602009715,5.45184963944385,28.974889841059706,0.5353391104103511,1.0405769769863153,2.9865400080359406,36.392529517131024
7,401,3,419,0.9418433060408502,13.78125,9.239979316008986,5.004474434504016,3.7305804437937655,3.210200386109809,5.710922381968002,5.670363037692818,0.437982909714309,0.7531429809715866,5.562131910755647,9.7656854853605
7,402,4,390,0.8589961699280242,15.16015625,6.488753578813577,4.0992456807631665,5.431176029500943,1.0844941597006308,4.123315257341987,13.39721476754663,0.2585206901537458,0.6497813908462013,7.056120291772626,7.049737784970423
7,403,5,366,0.8600666706294909,15.6015625,6.259473490574475,3.719995088081287,6.260861527750179,4.789172679958348,3.9149168834732087,22.385177649703913,0.34539957000343385,1.166397008750724,5.4525640874482235,17.062271404172265
7,404,5,315,0.8603098416774905,16.4375,5.331720030760319,2.623016760370554,8.912263953127185,6.164230159477448,3.5870289636994124,36.37015918341248,0.4007313876078979,0.9598032380300714,5.843512932900366,26.406490590621758
7,405,5,328,0.9466883348830216,16.2890625,6.175976442478573,4.0191318249095485,2.546916032778999,2.7478362239794034,3.8180729529862827,4.474506867902926,0.38278321691449896,0.34756292640064346,5.925762494288282,5.072077952275794
7,406,4,311,0.8619256655397015,15.0078125,7.021160491606657,3.377423186552442,1.5770859881363575,1.1256008931616317,4.612970225300815,5.953166277702093,0.3646169066459552,0.14880227998584322,6.528768225718351,6.1361232146487525
7,407,5,309,0.9516926380345168,15.3359375,7.1096964219305265,3.9523915819665496,1.6810404726630035,2.5457568988591905,4.382554116188783,4.726148435049892,0.4670077079506493,0.4397935584073615,9.14713988182622,5.488304644316921
7,408,5,290,0.8615244711198534,17.109375,6.231451108545311,5.4018975197978705,1.9118980307988256,2.6583217634795613,4.01158435090077,5.890469996647682,0.23371248640895154,0.5255724044288842,9.122858853360166,6.478605591228495
7,409,6,243,0.8621007395095902,17.03125,4.851285757252797,10.564026223090835,3.6675432479984855,5.980390202021368,4.117530127624154,12.075792967102945,4.785315938691065,28.807754570392706,2.6820806248917313,20.926505573941526
7,410,6,218,0.9473952422909305,17.375,5.3956626888944825,7.071828904496991,5.348150355637494,8.317140249252418,3.6891765191757373,20.144335841746493,2.249007612266374,22.61085969716745,3.8412556955496084,30.653168371544382
7,411,6,213,0.8618177730426683,19.390625,4.715388222397502,5.394127633116356,6.483624208921861,8.98015454843028,4.057010623527696,29.691907702398876,5.179573948948235,39.25448273298983,4.282457362359505,36.08608920657128
7,412,6,202,0.8619105271380925,23.4140625,2.882794263983449,2.3845776163838055,8.323978653157063,11.96056694571883,5.153372053674387,50.0826821143142,4.916118825489623,50.79610565371922,4.934199735240633,48.98165786347112
7,413,5,231,0.9491039506178993,21.53125,4.309852808214971,3.8676225123475194,3.6578510776076083,3.2759436440319125,2.235476908936407,8.786366923621147,3.2663394341037217,15.78668514537888,2.6002338077954703,10.422634584936137
7,414,5,233,0.8643283317426529,19.78125,4.259085482578008,2.4618976260922603,3.754051155897417,3.6273484289580358,2.3614175302201885,9.689390425992404,1.3095499732424558,11.344948438854399,2.7147642451609313,12.646426687928649
7,415,5,226,0.949001070908299,19.1796875,4.526723873817888,3.890046382744503,4.792337994777213,5.063187168996453,2.1387746750402146,17.810969579656298,4.546278571433014,24.708070494344454,2.3465826860823906,18.52219643584558
7,416,5,222,0.8583992407818278,21.4296875,2.4356028500173474,2.117818487399447,5.083943907797378,5.76623416276553,2.2784890081264018,22.98672505638647,1.6184003174570079,17.71396721064171,2.937552184492558,20.009255940572032
7,417,5,205,0.8531149117743982,22.453125,2.3415442599115615,2.990359483246299,6.371341626708153,7.739676615293853,2.9518395778555386,31.694178975329795,4.933049305768541,35.20649009003262,3.19384592885483,28.457845115832612
7,418,5,189,0.9377585333212005,25.4375,1.9092780337011075,2.2325233598871885,9.163353487939952,11.6478696531764,4.1246691029461315,50.08365442064592,7.530096643598038,57.08111813624203,3.2121312933118444,49.27564191940746
7,419,4,217,0.8535998468452617,24.25,1.8812724961982514,2.8023641475190995,7.735433385279629,14.962251999601696,3.145591557599223,58.644035260243754,4.731081168631244,68.32028941184893,3.5419140015092268,51.80334879446035
7,420,3,239,0.8535200933378185,23.546875,1.729897222494755,2.049372304828203,0.5892268303579539,0.5535407496683347,1.771973475461035,4.601532717260707,1.5430207674396075,2.9381181878070954,2.6791338074634536,0.5840523227755949
7,421,3,254,0.9364267113550784,20.4296875,3.146959396341394,7.241260962210417,0.7271551092649424,0.682397106174856,2.9528233529550802,5.554186900992453,0.5838480543910602,0.36340783432010826,3.0742501351722042,2.763596574906126
7,422,3,294,0.8483778720166364,18.3125,4.347705183599974,6.589125132456671,0.6507783558731648,0.6099380872351933,3.852508025003265,4.442331256183519,0.6860811159453271,0.5159085897348723,4.08428940027553,0.5739933632671015
7,423,4,356,0.8481753585650272,15.48828125,4.894643439498898,4.522141624597411,1.9494189122123018,3.0289479890404016,3.0766671405051476,5.5356453182496255,0.5763935490377081,0.5479749180111322,3.0398320570800825,5.361170627008131
7,424,4,460,0.9285127710597656,12.86328125,9.34007668189654,3.7007845304481286,2.5644739076383116,4.225307334291223,5.356026898035981,2.765872120262265,0.5480592400605448,0.7904616689627987,4.721678437240629,5.573326125123897
7,425,4,451,0.8368768266470553,12.3203125,8.766487366715094,3.1264570466040658,2.7497904235132613,4.668158233432048,5.358866226240242,2.1726643528278364,0.7155479378825521,1.2572008291227208,4.6614527162738995,7.974245300695521
7,426,4,420,0.8323738130775391,12.5703125,7.534037511975279,3.9073727760802246,3.2729193375674943,5.855405328031083,5.427393836430929,5.566881424903924,0.7670456933545153,1.5378270844916013,4.01897931963665,15.308237542294375
7,427,4,361,0.9140884092895245,12.703125,8.339627626680791,5.598246468157637,4.472001141536747,8.197589216838518,6.312015107573745,14.503661381236507,0.9828611780162559,2.0874069504137136,4.881846050366935,25.5585329218115
7,428,5,337,0.8275931046540113,13.59375,7.993611047917466,5.045394678290916,5.904835879098643,6.39026960838896,4.361842861640041,26.6945910865368,0.5215961038230631,2.405680166050478,3.9009035559611793,24.309276431558075
7,429,5,322,0.9055655579127715,13.83203125,7.742470612455648,6.549728668559681,9.219096271388143,10.707689270682284,4.853210121670511,46.7792320028856,1.115514581044358,5.328351562879372,7.000348598498867,62.55893869906984
7,430,4,311,0.8265202710273465,16.25,5.176213140526893,7.809510341669245,2.4456780350569316,4.229228662444488,4.510295392999934,6.582293424991784,0.7776247142528099,1.1305418322714793,4.240922301179193,15.142809959028375
7,431,4,277,0.8248819819230403,17.828125,4.176116227514703,9.704947801724899,2.820284097570843,4.976365274548796,5.125900614973935,13.865069046374913,0.5695245825513,0.7304558530178062,5.375623971427371,21.14859387186582
7,432,4,268,0.907223110523159,17.625,4.697729182462553,10.194855433271767,4.359634686506716,7.96957105033761,6.530939703253427,21.752052432280426,0.6907112462085939,0.8827347192708727,7.101551827630565,32.512262163043
7,433,4,249,0.8244841774910567,18.65625,4.081387258726619,5.688961492743855,4.2609802724143595,7.68559629682911,7.8046111214965945,25.51414327310405,0.5886762647396359,1.3608700409290164,8.309223726741475,35.24867035984533
7,434,3,308,0.8191557611714471,17.984375,4.653502369480787,4.659197811582958,3.625633644189517,3.346867046347182,3.0336807169400517,12.982177171492502,0.23714081490489616,0.3813665071907523,1.7087392781131885,17.99784797695368
7,435,3,287,0.9035323826164956,18.078125,5.125125939239627,6.587243654451615,5.045755482164942,4.672498077220457,3.57854338841698,19.74123097923428,0.2592794515742241,0.14652744442797358,1.826953688167255,28.430511651451706
7,436,3,269,0.8215332252695461,19.3125,3.123174347977718,6.18572362832881,5.787959600933395,5.393861605979547,1.7166434945193811,32.549006127229994,0.3494180019426732,1.298118508838535,1.2557780619546262,35.51720911898385
7,437,3,291,0.8183520638465821,18.796875,3.901733783794167,5.029879147620207,7.602320019074313,7.132121137195234,2.3757224910707344,45.31782872746193,0.39176452860316696,3.1636250731928683,1.8575280763504771,49.31144049112298
7,453,3,467,0.8614373244779239,12.484375,8.448741967192241,3.3945996457425616,3.4531073787605076,3.3845512199094703,4.592016601549932,4.8137129817714275,0.18127159444171426,0.06102660459291445,5.434459987422749,16.145131109274853
7,454,3,440,0.9512021129611453,12.7890625,9.476788822925762,5.078720075032875,4.778493451578894,4.680432861357323,5.864994438398164,1.1286099499647646,0.1376111909411426,0.33046984793170253,7.458625192322266,24.16227594090774
7,455,3,405,0.8654620345938203,13.4140625,7.088286353411936,4.1544871288716285,5.362447713733845,5.249052740090857,5.678841094756001,14.814686847302047,0.45167526571039024,1.0058676930892612,7.273423444720399,27.59833539209217
7,456,3,390,0.8663473521590506,12.7421875,6.855394904731002,2.8715061152057872,6.961496988786207,6.816005258499434,5.965981078268598,24.536902596156537,0.727589447565044,2.915605299829008,5.222475547224066,31.33252866112776
7,457,5,373,0.9584895829028768,12.6953125,7.191920638447793,3.1696756146153504,10.3123723749299,10.08308502933328,7.167295852261531,49.398244792765034,0.1638385840875441,1.8809524748359954,2.637524452904202,60.619323104372185
7,458,4,376,0.8712166753933427,12.32421875,7.331417483334572,2.2311237453462747,2.175462672168581,4.067227843903326,6.553142571564237,6.604533537143283,0.24299451963854912,0.3964359250977756,3.287614299178001,5.736369893964106
7,459,5,376,0.8744599796403814,12.52734375,8.052476093145936,2.4810497839154997,2.3755229446060335,6.149660405771266,8.100298645589474,8.485269645612242,0.2209216136034585,0.09925776375691067,2.1167267459600243,17.485025911927934
7,460,5,373,0.9587707149320476,12.7421875,8.430592031495772,3.9251933678641717,3.0531685236380985,7.770861737611835,8.964635750977529,12.417644525256993,0.28289749653129703,0.20429552550224278,2.0849127943283396,25.179176756352724
7,461,6,372,0.8768175925249371,12.58984375,6.876662437887454,3.0609019261909403,5.8564254044794835,6.963078017511997,6.374241942311672,20.40855012229728,0.26406230899430927,0.5584090614161478,10.85640945704597,6.497286820620332
7,462,5,346,0.8783283211546955,11.43359375,6.379400662709758,2.0269608618398327,7.546003100201743,5.654909252818583,10.15483984903858,8.864409381710443,0.26858377821354856,1.0280256125702105,2.77369740606893,39.62867706754825
7,463,5,350,0.9648330633779174,11.37890625,9.759830327145776,2.608901575060261,2.4989556458705184,2.7576498181207505,5.970529072446355,5.720190635479506,0.3756047977860143,0.318347220772883,3.5849329147163447,3.6571273100584927
7,464,5,339,0.8771264371913036,10.8828125,7.175855843642002,2.098052989633898,2.6960671401816017,2.7103530473426556,11.947617456619005,8.290248828185376,0.2626564861850512,0.5309594192776339,3.92571757280671,3.0601778515494087
7,465,5,340,0.9669266385194066,10.953125,9.743756853733764,2.896272594008483,3.470215545298114,3.287956545525943,6.978980214546663,5.479082674790947,0.3344957400810322,1.8461057508943497,6.377288063236103,5.927846832288706
7,466,5,323,0.8819759107074167,10.84375,8.454851346884121,1.9212744343962938,3.9105919162632943,3.415213773761459,5.527191601194731,4.341512855605872,0.3473907032473836,1.8279438596678448,5.516196626073175,9.172828465891033
7,467,6,319,0.883679646061228,10.96875,6.189638593638627,2.5529103488205287,3.845496895682258,4.422711435395227,5.4475413043330185,2.7197070517637214,0.35640509347708305,2.1868856374721175,34.7827508667922,33.9291281870055
7,468,6,293,0.9752280487838811,10.3359375,7.548967126981155,2.302355892897225,5.2181555713283805,5.906401906523027,6.87405479929483,8.798216366960231,0.5750885340851701,3.0359593873549175,3.015361407829758,16.559073279348283
7,469,6,258,0.8866969037404995,10.44921875,7.935795730170133,1.4323821050274526,5.7586580797064055,6.419396744137658,7.803455623497298,7.783633207527365,0.8126096850133119,2.519181919448805,7.654088326411747,19.967967232796152
7,470,6,273,0.8864485219389643,10.6953125,7.23282566944791,1.4043163359674768,7.2904077592318,8.97352091055442,8.972870893137442,12.16813557212324,0.6010570620095333,2.4675526350268786,8.91440415899254,22.451731037181663
7,471,5,263,0.9702649571112811,10.84375,8.511657239063078,1.6146943484811114,4.0371318053414615,3.5580303125017014,8.581893744224248,9.490632852107437,0.9460338659406828,0.451371645004199,7.641491516962099,6.747895138979478
7,472,5,253,0.8812745172982968,11.703125,7.415487199818324,1.5130488894757754,4.280429991726837,3.513705794955645,6.207464048755416,6.624987703522512,0.7127228837277834,0.45966002330909306,7.801673213998055,12.98751105537757
7,473,5,247,0.877009636778631,13.03125,5.425389436254593,1.4225592395825821,5.3075122055378285,3.8183225331184594,6.927048424989858,4.062888586434499,0.9017089138439169,0.7664642324688924,10.364213145791156,16.66790215969657
7,474,5,213,0.9597724552292031,12.6484375,5.706929888060675,1.7392194674850698,7.109802441737104,4.4955993506735945,7.258560863358202,8.489704701534583,0.5437649351471352,0.866211693870736,7.357771334350962,14.345208797741098
7,475,5,200,0.8708856264812551,14.96484375,6.218409614783743,2.4535592280558003,8.094558382640198,5.365262725295571,4.402443136334977,22.309077922889298,0.8455207980008564,1.8703534553039913,2.004740574755691,38.26367020210164
7,476,5,235,0.9565664473521281,16.53125,6.2621498973318115,1.5800151594787952,11.68990500530851,8.434923893261558,4.930102806786578,37.87186677964075,0.710705128644156,3.2459488663801603,8.795432008348296,30.673157533658525
7,477,4,314,0.867604538957274,13.765625,6.036466573501169,5.023131533383795,1.8493560851041297,3.4262896579180393,4.779485114455358,4.822897655705509,0.7889991560236407,0.9378290278605482,2.262593300692815,12.273510319431086
7,478,4,354,0.86581988906577,12.98828125,7.551863219196475,4.389924188716366,2.1544575395902994,3.9490778064582592,4.848792983824502,4.980778912022302,1.0273509476425713,1.18654625184786,2.4706614838600203,14.567039350436026
7,479,4,355,0.9483619637809382,13.28125,8.134893509794052,5.958180039511906,2.836701927434411,5.149615592232643,5.094357526445818,3.9319030182300216,1.168244347403981,1.8661070145691352,3.6818877095338447,20.328066384132576
7,480,4,365,0.8605083024537744,13.1953125,8.080828591484748,5.314012456527545,3.0232727655864156,5.5241317160114765,5.37769097255571,2.580394026339784,1.256978970021784,2.242233430084979,3.6090732628164326,21.64515497568111
7,481,4,385,0.8611492096643663,13.078125,7.375905654470212,5.5366055198921496,3.6978494552749597,6.825885618014056,5.480798267923307,9.511242684973361,1.306331068174763,1.9777021920802704,4.745050197333529,28.485323058693453
7,482,4,367,0.9429305092150442,14.09375,9.01989317220162,5.939815584197713,5.375838229643716,10.033262841109963,5.448926701861497,24.844190478103005,2.2217829108528466,2.59181549630122,5.735830934809816,42.58006351560034
7,483,4,335,0.8562554312473875,15.7578125,6.717932017440695,3.954414921220773,6.799794537219796,12.771645524528456,5.460700186386806,42.37633217468804,1.3567114277103436,4.808697043245727,4.443737315127912,50.71005082695004
7,484,3,353,0.8557330308422615,15.953125,6.685520760658616,4.267413160956533,2.5242309643909797,2.442391729832104,3.593303135883157,2.385266087834164,1.0157688350263825,1.0826721689676901,2.189424662915632,6.67013302860334
7,485,5,362,0.9423036693403902,15.5625,7.272003435139054,5.578834020417039,3.713077605155929,3.137014723444526,4.146829838918637,3.1085840021735414,1.1014774590307348,1.8587369324790304,1.467889423176453,11.778623610488197
7,486,5,365,0.8544861778128772,14.7578125,6.662114267022009,5.343729256945567,4.157789241941777,3.148638021543152,3.5919916738635735,7.568290247066231,0.9636915958176878,2.093229045795065,1.4398979348139191,13.46276011525006
7,487,4,363,0.9385278495644076,15.53125,6.583010375872904,6.227685345791161,5.388869378027572,1.36084993404363,3.283721556133645,16.790703899064585,1.1460727741962329,1.5869282091945935,1.942045336047676,19.985535603995178
7,488,4,404,0.8475997975550168,13.30859375,8.71453395859535,4.7514019377836085,6.176241520086529,0.9931194649419126,5.319027011003001,12.094208716850474,0.9822565772128048,2.1967477963870907,1.7755999949483594,23.72546166348137
7,489,4,375,0.8439421940831711,15.7265625,7.064637836472986,4.546660951217271,8.196697360404977,1.2469318689274598,3.9028333206101893,28.900707467384166,0.9150993345479119,2.379798058307803,1.8005653481786048,31.41178689018803
7,490,4,384,0.9275758090617942,14.46875,8.0597038640906,5.025841230498765,11.041973426509376,2.972649221934427,4.67279622771031,42.99275230257061,1.1855686772829688,5.104050592071212,3.8557981598099182,48.20376588558909
7,491,3,390,0.841119360367107,14.15625,7.0603169835440145,4.568137189883238,1.3031753625130853,1.2506117076096634,3.729821064904418,2.1926695440729103,0.6795592211764474,0.38015785744621944,2.749085396146142,1.114123128331407
7,492,3,379,0.8363531686980583,13.765625,6.704371379365781,4.7606947032828515,1.4992958295834586,1.4340396682451149,3.74386981332478,3.048967133412403,0.4465221594512399,0.7000320660610331,2.979316349961564,3.7430197378773453
7,493,3,396,0.9152330868466475,13.68359375,8.28730291799684,7.327396706501354,2.1918078991711805,2.0881371599129492,4.048293576160292,3.876739808064865,1.3779371375182232,1.1988755496245256,4.281681034019167,3.3768164715033286
7,494,3,414,0.8287677876240497,14.109375,8.178506449169912,5.722701494447849,2.2455891479637287,2.129890702060888,4.264206318871753,3.2841788453185004,0.9201331578785906,0.6867635370970044,4.808179106444611,3.715877647523333
7,495,4,399,0.8327603404180084,12.5078125,9.843235546480537,5.658160023955168,2.9268637407722133,2.9427207730029714,4.770717673378501,4.59255482639211,0.7498734651965333,1.0797096823804813,5.282440248720633,3.8609199211673975
7,496,4,374,0.9149844331651864,11.69921875,11.613473181947267,7.020276079052882,3.8497475757912225,4.2431964188608156,6.205883564632217,4.250934713419961,1.032051755252556,1.6348591297464714,10.264625170806921,20.33104758695941
7,497,6,332,0.8285760697938129,12.44140625,10.652824797880069,8.209832039254646,5.080341456499053,2.981026485462903,6.481275966635492,6.206142495697749,0.6204696067722408,0.9170517964564002,3.1843734153496612,25.271758601458945
7,498,6,260,0.9137485359063386,18.6640625,5.537074892817595,8.849761369255418,6.964784275396189,4.975182134715146,3.8276159117547746,25.149395269475782,0.7465303950647049,2.3049113253515556,4.586956035555027,37.880830667754644
7,499,6,233,0.8215946763249751,19.4375,4.010065246069472,6.163754002100469,7.933096845557438,6.521673527996196,2.3366045070392785,36.15141514015766,0.6320292645023049,1.7133811233130598,4.055428488432096,43.85178348958133
7,500,6,200,0.8193540063181746,21.59375,3.192193600789852,4.977811976020833,9.36011137341588,8.538494499103503,2.198690843552436,49.39896406052281,0.7624417476412045,3.1820859321532247,4.850532549041607,58.322792329518876
7,501,4,221,0.899893308759949,21.34375,3.8137605957688305,3.9283304587352577,1.637284840129624,1.0386394387099096,2.630300876475842,1.247891160170412,0.4460773948741351,0.40055257222136476,3.4518254811876057,5.301001370571714
7,502,4,228,0.8225666399300713,20.7265625,3.882213939301831,4.46526624583265,1.6788809742444193,1.1499761688276977,2.3459444473969393,1.8454828967395829,0.5783650418056216,0.4093813013072371,3.3386948192422112,5.1322022423864295
7,503,4,249,0.8205743380397659,18.828125,4.065905369094156,3.5708923784664215,1.9486171732794029,1.1636143091042357,2.875475202381999,1.7619692175243298,1.0609319727588222,0.6996438643875933,4.244892106934547,6.7996097600964465
7,504,4,290,0.8891956241773312,16.328125,6.651670212212133,3.046359112780501,2.5381274383811165,1.9004374071678238,4.708928476470177,3.5909084223725722,0.6296568280921692,1.5924298043113083,6.031281092232859,10.073819843191869
7,505,4,346,0.8073513020413426,13.62109375,6.4687024580118875,2.5408880539254435,2.5669920015279906,1.8373871545353047,4.471500920509224,3.884782886869525,1.2578402956498769,0.500168452480623,6.647917924449249,11.688825129633013
7,506,4,325,0.806477346587349,14.5859375,6.578876406957866,4.329654398405878,3.001475478020172,2.3548802828487627,4.390582310270688,2.6744427991796833,0.9885024968714933,1.119559575710304,7.046033281649363,12.308969379522782
7,507,4,353,0.8903643251997314,13.9609375,7.315317947686627,5.277063960123997,4.135281546899996,3.6497233015996624,6.305728547184015,3.1676544089553795,1.6278779458691925,2.0805858898802034,10.05369791941408,18.97663852416698
7,508,4,331,0.7995292046926147,13.3203125,7.955617868871897,5.833514962974999,4.5753665363139975,4.388509203919102,6.463927151848903,4.65857506235066,1.4650183206697813,1.9484911670824998,11.35059622470433,22.529680390899266
7,509,4,252,0.8731801726784969,16.1953125,5.8087399088390645,6.478682079695706,6.135382567234417,5.437876306248146,11.706520598133844,22.61497709569736,1.9126476289645225,4.235148101896742,17.152061145553294,31.606102284588797
7,510,4,233,0.791804449994527,19.953125,3.2389691359923716,4.340401543021366,6.79477104835328,6.393989429908615,15.296391933633009,33.61021456575485,16.031151749030617,31.569092325301543,18.951832830060017,37.418125099068924
7,511,4,240,0.7966663917771661,21.2578125,2.807955663363877,4.37695096531959,8.665813071506829,8.521357937587862,20.688128410367888,46.25301548483505,31.46222284829065,52.63470983204731,23.710057198941907,49.4148782438162
7,517,3,482,0.7714717660304135,11.703125,6.862428170382929,2.598994399736975,4.286005392895839,3.6551354794946262,3.144593394691843,8.470821727173133,0.6727451553853079,0.5706175034623809,6.994956264585864,6.028260684761068
7,518,3,464,0.8489739520905509,11.6171875,7.024893524904178,2.7638286790617475,5.391579612589713,4.30390864000435,3.627123296415759,11.219728883326189,1.511471915797383,0.9213078603804915,11.158818618921083,10.564004897649163
7,519,3,438,0.7694304274204558,12.76171875,6.6302487598922095,2.658940490651923,5.25286910473997,4.28374259353623,4.644640105320307,7.206188134253606,1.0095322413396968,0.9455759822543602,11.272378859277767,9.252798251330605
7,520,3,417,0.8434726499561571,12.8671875,7.713615358319499,4.043554893938057,6.3251759184374565,5.296836715811645,6.3217471442083895,9.535485985201161,0.8850581733229607,0.4476638809611765,16.238343662840666,15.1562302520806
7,521,4,368,0.7648320854999469,13.0703125,5.701694491048097,3.8211604749984502,4.464918357970233,5.175788289873733,7.61663285624665,5.495133762243574,0.2577763889290293,0.6642708854904975,9.970253219239783,17.75160227456085
7,522,3,321,0.7594164838136602,13.3515625,6.1596651933284745,5.613023032923433,4.7026500908216935,4.423490138201015,6.971943311938294,2.8022142675098927,0.9139192198048736,0.3351928660985496,21.10446104473408,19.746082414028365
7,523,3,259,0.8251558815347875,16.484375,5.820002544877659,4.7117941218905655,6.498229501351098,6.089111245529525,20.91730276540312,24.04211097285681,0.9653349572120836,0.9091687443965781,30.367631624536,28.64618186774476
7,524,3,247,0.7412584364058885,18.90625,3.3416408926027463,3.2871405645465774,7.317585239420463,6.825369635893498,33.32937528265146,33.12020993432405,0.9597317713371124,1.513585018278445,35.64606802536704,34.07736551808515
7,525,3,246,0.7181152473636504,18.4921875,4.2517236581196185,1.76329633630412,0.737372348776031,0.7112809554268801,4.4238380496134475,37.910671094094994,3.297276800655887,17.94558827480485,5.392134111982116,45.08330344642972
7,531,3,379,0.5805641759004403,12.03125,5.747401056026971,1.735417702502436,1.608247996797841,1.606423755056453,4.114904220502129,4.657831564023304,1.0781380664729796,0.551754282006562,6.097435684774123,19.41045890817164
7,532,3,375,0.6051147008734986,12.5625,6.6732415026807725,2.165134622371161,2.209121302017325,2.2023702606420543,3.0920260086821774,14.270536884841519,1.052309830945824,3.424716052669972,5.17413415141805,21.589109905829627
7,533,3,357,0.5219369905291396,15.1875,4.5148093886377305,1.5441649004773526,2.4441424041231654,2.4314374266244214,6.999701540320796,24.35165314490277,0.9996862598735274,5.689000977662605,6.242296942882963,24.248743848410335
7,534,3,355,0.5457006899203327,14.6328125,4.795014759582993,1.9094938870777196,3.4408225799194554,3.4154909955124553,9.428893561690375,34.24719563102505,1.7828568177068753,3.694371588378687,9.457933527871408,37.16907307612977
7,624,3,571,0.5479723087614571,14.078125,5.093404171072962,0.9001022010032652,0.04352094605305097,0.04312231328906627,1.9441816648084669,5.030425404564377,0.10082326609030234,0.08046660991360109,0.9439002202910917,0.5290039915568129
7,625,3,569,0.5086487307019469,13.9765625,4.426280385109139,0.795718881871005,0.05775310056791538,0.05704361872791836,1.8332550356109956,4.295461411271554,0.09806656934812762,0.014655717109485572,1.754911061029923,1.3650327703685834
7,626,3,569,0.5146559187977727,14.0390625,4.317154934142617,0.7246782342134156,0.0753622301124327,0.0744192560831621,1.5627266726498115,4.331533974519217,0.07065817968301606,0.36228561059316483,1.4135217138883984,1.16755910369785
7,627,3,564,0.5869196680119857,13.515625,5.502974073474801,0.8936933399061384,0.10197815959885426,0.10052792565813831,2.1154038551347596,6.4198871299261455,0.11783689591138888,0.1672358783492511,0.7236413119352867,0.7406204098956792
7,628,3,564,0.5302459186318956,13.37890625,4.51142880853187,0.9167238153690511,0.11123581437493733,0.10972970152464889,1.839741528260366,4.5081075704588525,0.07234643718536977,0.2166733659596488,0.7656064132491066,0.6229574497322641
7,629,3,568,0.5267241790206364,13.14453125,4.908631389976879,0.8651717684251963,0.18766111317664264,0.18504294944582453,2.4635116881109607,4.720754120926038,0.036084734403417404,0.36319834008010227,0.5430699505190841,0.7421559739204963
7,630,3,568,0.5710697671290075,12.96484375,5.2520067344704175,0.95636365519873,0.2430499698655537,0.2394409349735725,2.4328583518718623,4.895512948385468,0.06387811738235924,0.3369674236246059,0.5785664643712127,0.8680280522280228
7,631,3,567,0.5375982921439245,13.5234375,5.31620080484046,0.754010376407502,0.25502248512642656,0.25098033037953243,2.532387401685988,4.452593855483605,0.07434288342749461,0.30696665419459634,0.7062013595565197,1.019810467998659
7,632,3,561,0.5791560910831026,13.8828125,6.020609419235344,1.0644272889230366,0.406611757834552,0.39967007169188984,2.9923719211863125,4.236816740935321,0.14938174745064703,0.4938588504214715,1.0911513400816921,1.3722595710088803
7,634,3,558,0.5307896404129931,14.5234375,5.310828690847938,0.8196299246105432,0.47686168569872095,0.4675609283495031,2.6973231052655176,4.030844257020405,0.08577324769630858,0.02924911024346423,0.5861599664526285,1.6180645683343198
7,635,3,554,0.5991099392399625,14.2265625,5.405428532897409,0.9021533612128013,0.6186357057373331,0.6056822337766614,2.4992999068806983,4.081665930064803,0.07351793616719983,0.5624159361196963,1.2827879980392987,2.2180689913407052
7,636,3,552,0.5258846228151031,14.2890625,4.886725105704077,0.7983076009858789,0.6262414073313284,0.6120870606124172,2.3565026902012245,3.923453761084674,0.3974079823967422,0.29529059222311516,1.0063321997156998,2.5505237012590056
7,637,3,541,0.5204155794839622,14.7265625,4.566504380843835,0.9774737825684563,0.7782902126108157,0.7591929746874049,2.2386721930649798,3.907783512482847,0.21694261714975943,0.43610779052365534,0.9291201412319423,2.9296833704831586
7,638,3,542,0.5744618809531975,14.546875,6.186169519922236,1.0872988879319425,1.0758788618577333,1.0465976668290837,2.8721510110518955,5.327539375141955,0.34576542504244023,0.29356321106880195,0.970743273057013,4.065180633644639
7,639,3,527,0.5169573862405548,15.265625,5.080308928955606,0.9371784551863561,1.204309212492248,1.1677214933112485,2.4284340387295065,4.4356489470008995,0.03898299304187891,0.03377424587480587,1.0576554697085203,4.484481364971006
7,640,3,523,0.5309443723628122,15.40625,4.85473233729276,0.9813801722065901,1.5600999532974569,1.5068348075995504,2.5937465199128575,3.1526233208977397,0.1395606125088745,0.06286422326131409,1.3362564773517616,6.242826005262456
7,641,3,506,0.5634930925019144,15.6171875,6.655614550242349,1.1437580687988076,2.0333470011196355,1.9595914450798393,2.9311926155848087,5.835258968167102,0.2244413723450598,0.26512960472735914,0.8891516793364291,7.93094335061092
7,642,3,486,0.5169157050568501,15.734375,4.614091529899843,0.978559299197816,2.271075516003493,2.176139542678442,4.954876877849019,3.2488997833197155,0.1736948908834444,0.18581151438799587,0.988804788632951,8.90200187152914
7,643,3,458,0.5016399827754343,15.7890625,4.343892487403771,0.8183212433824767,2.9952280345252205,2.8509096713707485,4.74183947117121,6.288549978222761,0.35270991766671994,0.3259266018484387,1.3225173435902153,13.129129208732177
7,644,3,416,0.5523620773003682,15.859375,4.986882114538689,0.8393759939487979,4.435601063126966,4.192043085106217,5.643285930141256,13.976784525204469,0.2650322867337223,0.1485003781706723,1.3863122486314043,22.826779362670877
7,645,3,391,0.5013383178513384,16.96875,3.2184207525137207,0.7373371346297287,5.32808892117989,4.992656836145101,3.6654935117230236,25.959273870253426,0.3270934136975377,0.4528909501586347,1.2838810734983142,31.532702145662938
8,1,3,308,1.4873672560357836,17.9296875,12.233886463528908,2.0164401325374293,3.8657379094306026,3.8473963238089106,9.606344177999334,3.322000883128254,0.45086165121982963,2.072085004137828,0.8234559424599619,30.298564481138076
8,3,4,330,1.6481339227987386,19.6796875,12.32427012464279,2.238221685814557,0.7539593597884883,0.6698126750349775,7.784384253750737,0.7052172736662667,0.1108544393634244,0.3043301370706483,0.643240689355855,2.334022072096484
8,4,4,385,1.5011657030468517,19.734375,11.988665967148496,2.5686512018697254,0.8185240694760252,0.6592295893275234,7.619601238140767,0.6221002398890692,0.16686500595989814,0.46311845142201596,1.1280764289869853,2.9492327995194123
8,5,4,410,1.6567238849587627,19.1171875,12.262984532091219,2.3122223921101153,1.0960940271316288,0.8181974454181723,6.775616355280906,1.3561631970342996,0.3521455672369248,1.0829788898354644,0.7972167302644275,4.430941445108018
8,6,4,440,1.5127799380390496,17.7421875,12.012801723758912,2.3330388703831018,1.2102434461413631,0.8061480507150708,6.586892125157741,1.55386530098858,0.29379987957850484,1.3085471378367999,0.9618970453722289,3.7831081773066098
8,7,4,504,1.5148709212904348,14.01953125,16.731255854638746,2.661567426177478,1.513254370625184,0.8704921468560103,11.547628762072332,5.303869864255056,0.3034610805026647,1.162907909181273,2.6335900524474773,3.781274224927524
8,8,4,528,1.6691112102369823,14.19921875,18.938521369079133,3.970576221123274,2.1343936623191246,0.955693020990958,9.536216976326719,3.246547417928011,0.3015771997169023,0.321611634322838,2.96366921979533,11.194005853862203
8,9,4,555,1.5194595951714487,15.4140625,16.587847810116898,3.2135972487553492,2.4715113217193725,0.7567492655812225,10.570840370101038,5.279323381453991,0.15127626138409744,1.3416112456582008,3.0640576362924508,3.6704548695409915
8,10,4,546,1.5222004176085473,14.37109375,17.42480742453418,3.1453834026722385,3.2448398442052504,0.5392096951673815,12.498931760464924,7.5917209786436475,0.24076428393228888,1.7571348539730616,2.6440597602467983,16.450860110940997
8,11,4,529,1.678158024619183,14.3046875,18.809855270726345,3.1916200537005754,4.924222577856994,0.14069140758945053,18.59691298496181,13.841965983951557,0.9897399940354775,3.769224344850038,3.961723554067197,27.629387709149057
8,12,3,507,1.5261640766165732,14.03125,16.6537567824019,2.8559400666789485,1.63663474871154,1.6313658707044725,28.11277381360582,20.687438371009833,0.34793692791937286,1.6077763316718103,1.4414239125968322,8.267616145261545
8,13,3,520,1.5266233525433537,13.8828125,15.988362751061624,2.9644778208882823,2.0291526727543947,2.021955518988112,18.278720012216265,11.704398621888357,0.47803334402920206,1.293227220907096,0.9385156552326667,10.074099752196537
8,14,3,547,1.6796256088952115,14.5546875,19.668938144370536,3.735452966610027,2.7739026112127743,2.7667980790249396,8.437410041871368,5.922398047228396,0.4396823994906824,3.0472095646812383,3.3774302422811555,19.559961290371565
8,15,3,536,1.527167808313831,14.6015625,16.732097676793177,3.009054687131007,3.144005000753021,3.13841800034744,5.909139156550683,6.768562397287991,0.3239718226213993,1.1586249294854758,3.1418857953559556,24.1816742188232
8,87,3,570,1.7053983702084374,13.6796875,17.358306461798094,6.279309271162441,0.45664851867077066,0.4506833017193696,7.2403251853242026,3.2877485634682504,0.543603287798697,0.5419910988360962,0.5009282993643559,0.710594901183117
8,88,3,569,1.7064398613668779,13.5546875,16.48604217330602,5.586850235058868,0.5213198089402129,0.5119385741903474,8.233720205220392,2.4712152569787795,0.11924081857962622,0.42580208091270716,1.6241144835528578,2.970479518081347
8,89,3,569,1.877913906958442,13.6328125,19.649912573810553,5.288333842126584,0.6676909374560426,0.6580825818484078,10.263561027930182,3.207594808651171,0.39841051513686937,0.46329279989830874,7.33734937627802,6.506566206346761
8,90,3,565,1.7025335385797333,13.0546875,18.96333350711005,5.6309266848897925,0.7068396390547633,0.6988439829180395,9.047419173342613,3.5847103293111955,0.3454893445529952,0.565871733051236,2.765127637188193,4.54534793699224
8,91,3,565,1.7020192804919247,12.1015625,21.356308535868255,5.810462225154733,0.8470583510980995,0.8397259607634522,12.449026798332346,5.845653942687885,0.7421976105229892,0.6910356559550833,1.7464675477877174,4.144883783230196
8,92,3,559,1.872220734612189,10.625,27.107905831217977,8.618909477444321,1.149421241363754,1.1411823830844199,14.312197788165976,11.810245016367361,0.4234915213290531,0.5619180090829082,10.733915908225288,12.345980754668698
8,93,3,559,1.7019063146538675,10.6875,31.275145028931743,7.684236712495276,1.2741071757379006,1.2685111998533003,12.859611057611708,12.590676175529364,0.15317872475281305,0.12219918116264226,3.1842490941728006,11.95798663459475
8,94,3,551,1.8720501229976139,12.0390625,38.79562292790811,10.166541947403969,1.915574252749672,1.908252413079363,19.429119938477935,19.051030532132195,0.8715832427498286,1.1150394942745137,3.4915149684747893,2.8730254801969717
8,95,3,546,1.6952557242502253,12.19140625,25.38713295601634,6.664901002128278,2.652023256445563,2.6421846184508238,9.839903755397048,1.3386976554667314,0.5383710567813573,1.0170054198166951,5.313640083094486,4.21291471855568
8,96,3,533,1.6996162184925296,13.0703125,23.581517155912245,5.5310996903044956,4.30383137547458,4.295563110938021,8.84561044141249,7.320414587447369,0.39420201780088615,0.5687867957131865,5.964362732910349,12.781626965002141
8,112,3,564,1.6910192687159253,13.30078125,23.300685283633698,3.5737432185727673,1.1405933824688423,1.1345913444091718,10.125705562443121,4.518437942279954,0.13327438176812137,0.21859001191689276,0.3186445293211509,7.360285659749791
8,113,3,561,1.6869771291050026,13.8515625,19.294726227544466,2.9118679653997557,1.5020615682078111,1.4953819354553293,7.861884342930356,2.154477066195298,0.22074985549462633,0.6504498096236259,0.8544920062854919,10.43400806557421
8,114,3,550,1.856006792604816,16.453125,21.339244268340444,2.9541071271308827,2.2700823596979394,2.259957274819797,9.25634711586176,3.915246258291056,0.1393930580240446,1.4887994513253324,0.8537353915541073,17.947456482541693
8,115,3,547,1.6844724250192915,17.375,16.887009758974784,2.5202628324971967,2.8610816803651935,2.852410909272612,7.705939005107866,3.848294040316728,0.4448072746688563,0.4312980049046198,0.6346957072474377,23.972644895717547
8,116,3,517,1.6829781007174816,16.890625,13.731061418474614,2.5451426149445364,4.215396499701159,4.207157988192832,8.679701413067093,12.812049193046237,0.4884626804345771,2.772417826405684,0.636484786440528,40.58029818476864
8,193,3,561,1.177001870592928,18.5,8.781931384362382,1.7746768343270765,0.23995471539204127,0.23995411232641678,4.229237273435723,3.623741763942262,0.33285302947902345,0.31117811680186475,1.5955811738560863,1.0100848763415384
8,194,3,565,1.288036562425197,18.859375,10.111040558342967,1.8238361428833552,0.25089328032576985,0.25086277986538397,4.7980002255835394,4.682609419529269,0.5419531892583883,0.437808591971493,2.0443366154811655,0.9805137825533812
8,195,3,565,1.1714068448290105,19.140625,9.33938108370561,1.503655576116722,0.20997307039212537,0.20991749668270435,4.124437904321974,3.9363166670012135,0.45583855731795564,0.4265170744592148,0.9786097533784309,0.8265469526132629
8,196,3,562,1.1679501068587044,19.109375,8.02185884775734,1.8429273026941166,0.1907884834737595,0.19070252167774643,3.22047046133111,3.4865207077883285,0.25136979265475584,0.13902160294539115,1.9127350673059604,0.9398648062545748
8,197,3,560,1.2893417449836826,19.046875,12.154921238281808,1.7551819495115906,0.20915498803145027,0.2090149395557037,5.760663197977186,4.38990636666505,0.4716127431010732,0.5635029054217345,1.9022811458883733,0.3173812210974787
8,198,3,560,1.1639829408264,18.140625,10.590635421707628,1.8698343850488905,0.16412093617703377,0.16397129952231745,4.986006427886864,4.2733424881994,0.44391563825930846,0.7834139870226704,1.2834721968935103,0.16091246468529663
8,199,3,559,1.1604879063961548,18.65625,9.349152070016506,1.7699281279627084,0.15874183987699034,0.15855662850538269,4.7584014943707595,3.981019243873912,0.3298539701396748,0.2286089657446292,1.4899033326919058,0.474257852205908
8,200,3,557,1.2736313633378271,18.59375,9.119803308567713,2.117115291265637,0.19338667232120982,0.19311464593633393,3.671025364851103,2.189689444755253,0.4792224515959363,0.03343247309978126,1.6316061937076127,2.0378330684094106
8,201,3,553,1.1535742308137853,18.5,9.536986365694126,1.547084925899754,0.21737331960474301,0.21701816777859878,4.222497932016965,2.971513240864966,0.30273624454686016,0.11824576073558435,0.8834887757456266,1.9916220263466307
8,202,3,551,1.2776831151998012,18.359375,12.472881012084311,1.8882807932454324,0.36673319610185007,0.3660588219345896,6.244318509840304,3.7603629718677647,0.5160975049667262,0.3982900852418429,1.4396151965240125,4.872072420209168
8,203,4,552,1.1513705261752851,18.0625,9.048593780246645,1.6816345545718572,1.2932457720560133,2.4468088803701917,3.854050050879313,3.384609776485933,0.4051565028469255,0.5445397742013622,1.621101343056797,5.577967744714786
8,204,4,542,1.1484382770152861,18.0,12.097880676389249,1.5484565245404833,1.5971447671303132,3.0465604478152795,7.828283801652664,5.498862796851431,0.30162926047254807,0.4394233731762509,1.5435667531178006,9.068693319107037
8,205,4,542,1.2549706982844508,18.2734375,15.278830084176839,1.937743826177671,2.2200627550698675,4.302836544361655,11.674200879131593,8.91792505571831,0.4394789407304467,0.6501962474465965,1.9125424695931137,14.268885590121435
8,206,4,530,1.144740758226303,18.1796875,8.819665475387104,1.6564518528795662,2.4990133085839306,4.880327026834263,3.9078611763248885,4.4175516332323,0.4961090300888267,0.6492504154518879,1.438537254073827,16.910199371533306
8,207,4,530,1.1483917018451077,18.6171875,8.567464713000064,1.7838377668661347,3.146351834603548,6.173638759297648,5.779267326686303,5.452338156291745,0.45027819333510677,0.2986112271806276,1.4894265008046692,23.454000374967492
8,208,4,538,1.260401374985689,18.609375,10.213747129856582,2.1316399958720518,4.450665393836806,8.796160310835702,6.317598619665096,15.405462377033455,0.45492402721674086,0.36141778148127274,2.0812440238675545,39.4059353467957
8,209,3,560,1.1353186778756272,17.8046875,11.040528491558604,1.5029024926698078,0.2179004070816258,0.21764710255351466,4.844302550590598,4.240617479455591,0.3917161884977975,0.87161203450749,1.4466621203996035,0.47425000960155717
8,210,3,558,1.2434709215353439,17.484375,16.87905845164818,2.4467338684010045,0.2637234184771131,0.26270586549866826,7.496409145579103,8.350151359056902,0.48579718432347796,0.896411358943708,1.8852858948465074,1.7444746959310322
8,211,4,554,1.1264300279200279,16.296875,9.271621793954019,1.780519042017972,0.9132975371305379,1.6534248344425446,5.4109964354172195,3.166119100703896,0.6886810569109224,0.5168947986156512,1.607337467220661,2.153617887143145
8,212,4,556,1.1256729199116,17.9375,13.235512056095335,1.5564496322695978,1.041948708376634,1.893756285308024,10.08140563028272,8.656120566410419,1.0979666523554454,1.213542948819038,1.9949922964394173,3.145026248992223
8,213,4,555,1.234696133415607,17.0,10.97910205239393,1.6462104074412995,1.3469121843789948,2.479498306678848,5.63837153976427,2.906637790640625,0.9475232929700547,1.0006574521082099,1.9028703319726608,5.894556371941319
8,214,4,555,1.1153011625760516,18.5625,8.357219492522223,1.4947072728073376,1.4081513740392309,2.6368179526979025,3.829110485019917,2.865359119160221,0.8753372265569402,0.6172734957470039,1.6092059355963413,5.182950930491127
8,215,4,553,1.1151585961193013,18.765625,8.57392010819838,1.9859855588876791,1.6390077424865563,3.080929905459856,4.615871426225329,4.221021564961461,0.6104036845902404,1.1283536750450975,1.4825661004601534,6.605417397201653
8,216,5,542,1.2189884528036867,18.4375,13.403332461647393,1.9121209943434594,3.2331594982198113,2.288990856672352,12.790180523452923,7.678481081833972,0.6681301045687734,0.9148220545923013,1.5440605296685062,12.097733200597132
8,217,5,539,1.1133277739094767,16.9375,11.100305448580372,1.6112612833481004,3.6891592535297146,2.5672891842047783,5.381485415893293,5.064322011128748,0.2704540396963162,1.3569255300814012,1.892276385822891,13.717365663302985
8,218,5,537,1.1062267815099456,18.078125,7.900690487561517,1.6450707056206906,4.678431547653532,3.208857134872516,6.274410181153681,4.938443882270361,1.0563249729468145,1.2225090597789037,1.6081682921245448,20.17822084604634
8,219,5,545,1.2162702207776224,17.4375,10.147393937153527,1.7247432476289357,6.252337418862035,4.504047927226065,8.471912623072212,9.528351899375142,0.5363751261573775,0.2731459227072779,1.686028437011563,36.191339925440246
8,220,4,560,1.0992144610069114,17.4765625,9.506855011325392,1.6012921694651867,0.6082795897228275,0.5161839658830452,5.941634443365212,4.135649787805453,0.6665796207668165,0.48982449562824026,1.2173650731130463,1.5890872406475443
8,221,4,566,1.2079581784126852,17.7578125,9.939925660975062,1.6489408606934515,0.7112640832728805,0.6830612692823825,5.823060579697353,3.3916091588010833,0.3937505795763731,0.21075414922200175,1.4408146877993895,1.66160102225783
8,222,4,559,1.0940827102759922,17.546875,9.727445338854634,1.4162255309982368,0.6616194333449187,0.7652476960013558,7.0245754582137305,5.536084661606035,0.4166252514126448,0.4593679768930273,1.1116597900402003,1.8916741484875068
8,223,4,559,1.090332498215619,17.921875,9.299136943012313,1.388195039265174,0.688422102487245,0.9133119409873823,6.909700753836912,5.4005558851419835,0.46162646000095287,0.5129511729090382,0.8836337249893542,1.6783698077595162
8,224,4,556,1.1956031637783109,17.1484375,13.04872763538851,1.50140211705761,0.8032131918433574,1.1650593365101092,9.66015463455416,8.30999217820687,0.8186811468149918,0.38554796268042246,1.2206761150983914,1.114393855793497
8,225,4,551,1.0781410019959927,17.015625,10.808847891416764,1.4271213271778378,0.7753619173424976,1.1831790233232506,6.779772981345111,4.386447713153841,0.3137421848584437,0.16342011284307156,0.7632481900420767,2.679852362531247
8,226,4,554,1.0794643524713452,16.921875,9.628987980215602,1.4294727462547312,0.873186743060249,1.3148830576236281,6.1104382543467946,4.615712314891352,0.2888200466480944,0.3225849416642066,2.4109192435090256,3.8331150719699747
8,227,4,549,1.179819080976626,17.203125,11.17036758947067,1.729711094463053,1.0986646394920632,1.7682105963734032,8.443284420404675,6.979415467388537,0.5613688704800015,0.26117850412361904,2.043040600930929,4.597129344801556
8,228,4,547,1.0727611197088653,16.984375,10.604348558687313,2.0569943550014407,1.2027218608955403,2.0162464971273626,7.988519386702621,6.634726163188445,0.4924762217492275,0.5965079415428696,2.604158465789248,5.623478722060677
8,229,4,547,1.0677026490401917,17.015625,10.399042039402202,1.5882972203316867,1.4549588755278509,2.558051678696689,7.728137392978926,6.914099943844475,0.2827740039488252,0.32147373969787474,1.3476263712651608,5.685167954138257
8,230,4,538,1.1724649371174496,16.796875,11.051127662741646,1.6521602736463958,1.9794015650149888,3.5956847467163935,5.699495531820941,5.031349869254139,0.7015889921745866,1.6745699009221025,1.322525628134643,8.883303522563434
8,231,4,532,1.0677230014580406,16.96875,10.223756537125933,1.8021524279416723,2.2064170490918453,4.141352197692522,7.957617828424382,8.441322419646504,0.565185101149523,1.5532292415229796,1.8602718002949779,11.342480222711592
8,232,4,531,1.1749080111064643,16.8125,14.696399426413128,1.750910625501302,3.0948126033588697,6.005697240263535,11.465743965160122,12.25143708619476,0.6724845862406946,1.363448465946298,2.41381136288074,19.17912834466344
8,233,4,532,1.0602210790837268,16.53125,10.249244707425607,1.4771980035895886,3.563773426006482,7.048579128729028,4.836125861894825,4.745091434989408,0.621563301101175,0.6042828979535565,4.030068695248772,25.15263745345353
8,234,3,543,1.1624376262397291,16.625,11.636451191286103,1.5736597477780943,0.4661506347032854,0.4636464468589453,6.915475358991746,10.152833564362524,0.5638594821949773,0.2545308936245044,2.336279968430335,2.6620972773506733
8,235,3,548,1.0560402908737383,16.8359375,10.134600270505402,1.4544243298297168,0.4845892903867451,0.48258911778447966,5.097795868627183,6.409587486865236,0.7001251495887867,0.6078313044607595,2.361488675600865,3.717628521919756
8,236,3,540,1.058484807558309,16.34375,10.422183710165438,1.6693308887173188,0.5879941296013503,0.5855545573981616,4.76805002220915,3.7184218868089234,0.6601756567897741,1.0109003243125487,2.2227099601889653,4.5953970230403876
8,237,3,542,1.0590867758370328,16.828125,10.939638713642431,1.6184791155985851,0.7077226744784559,0.7048094561676886,5.898074458401793,8.02777288636078,0.6568953279861472,0.7359389921657945,1.64255857178153,6.077378113073927
8,238,3,536,1.1579614621522056,16.2265625,11.480693771407093,1.695193728935653,0.9236322792405227,0.9199144036698452,5.263059219415487,3.373811554597876,0.5042612140151904,0.44666032522101246,2.245400523099112,11.772960756153381
8,239,5,533,1.0531565602663726,15.4140625,10.318543741988575,1.682047369880306,2.867838051518161,3.5928850652201456,10.354016470289325,12.658651811114273,0.7478923548241398,0.9046670428270888,2.907266741231282,12.789210617493056
8,240,5,542,1.0530710867529582,14.9609375,10.557776493215705,1.4324004763757046,3.6510739745571175,4.398796710562236,6.4050112082107615,13.223030798085038,0.5351168223674502,1.07006091225892,2.6085902961200733,19.844144387814676
8,241,4,549,1.1676570398700308,15.5859375,12.362174986481822,1.59073224713527,0.4428804818822112,0.38229115918783335,8.231787910192143,12.004895803499668,0.5138594223187223,0.5539366610955174,2.013629330260386,1.1386657447204043
8,242,4,552,1.0608302117445518,16.0546875,11.32041155862725,1.4548333935480384,0.3695737649787696,0.32637501528432966,8.932402318884407,13.348306551953325,0.2956013064268781,1.2580233370958804,2.194819136529327,1.915739705773433
8,243,4,555,1.1675738490478123,16.8125,12.94645840808941,1.6850939613033848,0.3889900547456141,0.37208307237225047,9.16474141852633,13.388476934128374,0.4432539987059546,0.09575153974909956,2.8184906376556196,1.2092370064811844
8,244,4,557,1.0590998262619746,16.703125,10.83975322694287,1.4873561131627162,0.3292232843854894,0.3257858085287416,6.924215832541296,10.106127590643336,0.3259502986309194,0.257057672519194,3.469952328226899,2.3768449259922173
8,245,4,552,1.0607209641730204,17.0078125,10.953319336298556,1.2978967162894928,0.32637023462841624,0.3311037008386917,7.737183760331789,10.521273344804182,0.518682412470551,0.6624007263792836,1.8422102789121593,0.6416186929343399
8,246,4,553,1.17572645276201,17.59375,12.071053434019731,1.7203332909890139,0.37081454117620805,0.38964612955852806,7.666727415465671,10.213564836181444,0.6138491777550941,1.2734620030039145,0.8953008714662867,0.792772123608767
8,247,4,549,1.0716721323345915,18.328125,10.327123247305748,1.7248526170886758,0.32728963906430464,0.3227915106711082,6.3013057879153225,8.029651679888833,0.5158080067934038,0.1879247857456663,3.040694623353567,2.665978937931862
8,248,4,547,1.077741553781442,18.640625,10.813639118564568,2.1445703416088953,0.3197804579959982,0.31617105774900833,6.03532816477315,7.211855716132851,0.5517969776493115,0.6379864604616108,0.6707738950364707,0.4961901101358974
8,249,4,540,1.18811693847382,18.90625,11.26627498115752,1.763379958334035,0.3559095119434481,0.366016331732285,6.414160355569592,7.93016082969484,0.43877140748518606,1.777079121003436,1.285513179551326,0.9388784071389765
8,250,4,548,1.093431369228349,19.125,10.469037145494042,1.709738518273849,0.3584279640005991,0.33002924777117815,6.234009518029884,7.04652922804024,0.3857231926306648,1.383710446619884,1.4264481153680943,1.4006480855943164
8,251,4,553,1.2098626678774098,18.296875,11.539394934501953,1.8331726648577547,0.393732671544998,0.3289588022767081,5.978674759230581,5.79153031779244,0.5300577569473973,1.2209659105848845,2.3236609033709845,2.557187790165571
8,252,4,546,1.1055843647277426,17.3984375,13.418327065670548,1.5059315804015099,0.37682161848894424,0.3209439564629163,8.266889545438763,9.303204382789055,0.5303535240777368,2.1723195316437676,1.9261564305243108,1.8645719222158048
8,253,4,547,1.1021723808904706,18.515625,12.98247681945607,1.432560043553628,0.37720091734240435,0.31558413611873815,7.185520187886026,7.062922996679256,0.6830328339972952,4.040708234586249,2.4365299082384806,3.674917341928168
8,254,4,550,1.2204489127070728,19.234375,10.530361094858307,1.6108842371245158,0.44511336647981103,0.3368116993974058,4.497506525734689,3.0206428077587453,0.4066400483129954,1.9346357362465532,3.630318499660083,5.5087721812274975
8,255,4,546,1.1236351925725738,20.109375,11.531978298359517,1.447701049852589,0.4422836136070232,0.29164788606402187,6.431410003712496,6.502198661471603,0.45831638048834256,1.420593462192582,2.5827876019313054,3.806494160963784
8,256,4,552,1.1310429739072316,20.3828125,7.9249298316098935,1.5534696555876573,0.46435869337192104,0.24767467265152682,3.02908169612373,1.944379759835284,0.7510584493001635,2.7431911728103775,2.890112814997047,4.298655752448104
8,257,4,556,1.2487214975139977,20.4375,8.350437029529115,1.7289773375006248,0.5550369893185998,0.281977831328337,2.7528109923447848,0.7031627304836463,0.6700155774916703,3.1330297703673944,2.3384255629794435,3.4594374232154785
8,258,4,553,1.1391640420488218,20.125,7.93308247515927,1.3223124204925412,0.5331030548627507,0.2621685307736983,2.621198170253657,0.8139720834716515,0.5717416057394471,2.5841201772321987,3.29622405602361,6.2342808073598865
8,259,4,541,1.1473993614188482,19.421875,7.988710635161686,1.4456449197244745,0.5833574566411317,0.2681937287393564,2.4559338481976685,0.5374536907601901,0.5237858396252335,2.5186672990262777,3.3167608566917783,5.280960561136337
8,260,4,545,1.2683719806413158,19.015625,14.292865841815072,1.4889002992258575,0.7134105297804847,0.2826947288311741,7.394844554967816,6.23500469033649,0.8403988251303328,3.783549072373193,5.704183371745552,11.335691551142864
8,261,4,536,1.159858405661858,18.46875,9.514945006320794,1.343079293478815,0.7108632975854816,0.26611141145454664,3.1950896213773836,0.6351861098061393,1.0703769181258043,4.204016907541036,6.287548602390828,9.858109407399052
8,262,3,536,1.2725017417735793,17.3671875,13.41645611846657,1.723109254492543,0.83782314352943,0.8376013078563072,4.741300575488312,0.7159797084331343,0.5080807398433969,1.7249892372026343,1.8762321933330268,12.874944172643973
8,263,3,541,1.1621675378664371,18.640625,8.383638202694165,1.3187238948248694,0.8262791947917204,0.8261071933881152,3.092659781086033,2.7826912924445804,0.4814411207463943,0.24290123352183035,2.2790797480068963,11.147850901855051
8,264,4,538,1.164132261473488,19.1484375,9.436138235729722,1.5102851559655155,1.0491242884728023,0.7182413397887492,5.088584366353055,4.146258985681779,0.6006488349067549,4.08629666281172,8.92021652348448,17.11876006788829
8,265,3,544,1.2903692700668425,19.8671875,12.372230850654669,1.843236411042633,1.1378178202258225,1.137690781628406,5.501508187922504,1.2824453236046285,0.6098376761365509,0.1810199670090017,2.2361485032154356,21.728502072992928
8,266,3,540,1.172343447187496,20.3203125,7.591009912499743,1.474915981319953,1.1441190759058193,1.1440717401261093,2.998840484967748,10.803810713595194,0.6344282835878975,0.47415229544163884,1.6112061985245116,23.533244860633022
8,267,3,547,1.1740548734723943,20.359375,8.300752547669333,1.968138705165502,1.277976382283,1.2779683304090343,3.0645852870587342,15.194051297267823,0.5837049530869155,6.2967067558876995,4.656644210900066,17.099560199595093
8,291,3,567,1.3194079147652436,18.671875,10.877367798383132,2.2350552985584993,0.22140828186382636,0.22140261705353947,4.860130620528446,2.5513079836582806,0.8341338388089309,0.8538816462582044,0.55575655321039,3.3526269457468283
8,292,3,566,1.3247703913834445,18.234375,12.301924587049125,1.9011154710798484,0.2074782109405753,0.20747710905259564,6.163312934634164,1.5891287634952178,0.261839856925831,0.1599985773461562,0.8233071266785791,2.7470211562365567
8,293,3,569,1.4663022339253033,19.375,11.142986268869317,2.1387321041952303,0.21423225514385508,0.2142017179772408,5.054863148701849,2.222114936970338,0.35992096983815225,0.032895620075928056,0.9548696818219051,2.2361241899851576
8,294,3,569,1.3489762969822152,18.859375,9.771197332826018,1.9083108910092301,0.18143471673875428,0.18137020179324814,4.48318637306291,1.982391419986743,0.46632731067471445,0.09056616902409892,0.9282870678835762,3.023991988018777
8,295,3,565,1.4874612750892606,18.296875,11.694513514113599,2.43088228613314,0.1767830887289665,0.1767232694927967,4.953295077508369,3.5118537860620673,0.11422433878845323,0.12981158411285998,0.7944956632014161,3.3961984255334055
8,296,3,563,1.358206374649433,18.9375,12.5337789074133,2.005621079334258,0.1415924239024463,0.1415358019035754,5.976992937167912,4.15411952697241,0.6613364207325592,0.9190462017735714,0.8875338008852165,4.4668198849490075
8,297,3,565,1.3582189488495326,19.390625,11.84147242856672,2.0373318845723,0.12847132239768277,0.12838792122884085,5.438434707588702,4.764606136217248,0.421357341296099,0.6732882208733135,0.9992069124549644,4.873703538728222
8,298,3,566,1.5021024763776933,19.125,13.302423112513587,2.720406669959927,0.13911460730540148,0.1389833030399596,7.256904973177405,2.8019208736310546,0.4978084246017044,0.3964086848343411,0.779254474073068,0.4476838188042511
8,299,3,566,1.3778418847603409,20.0625,12.539178072869715,2.8510896051152574,0.1323620231696827,0.13207169993738493,6.423063597927453,4.000142980955296,0.19679684086823107,0.2321173994246391,1.3373166715599925,2.0459244299524135
8,300,3,566,1.3837194782755422,19.203125,13.10117440099948,2.2786752709764873,0.14677148138963197,0.1466871048525953,6.584973645859524,5.040796580267131,0.40095003237678223,0.10639819515187343,0.8014335084632686,1.8470433305567722
8,301,3,560,1.5250561891858703,17.9296875,13.939011459758573,2.7170374174337324,0.20195344204465052,0.2015244911503607,6.944031017932749,4.946709453165636,0.8851650428774213,1.973922981724269,0.9490393552327462,0.5120476723090815
8,302,3,564,1.3854257120372049,17.640625,13.394402272594693,2.1872997845310644,0.2472695259919887,0.24689912422694626,7.243894106225437,4.104379685672101,0.1341695977580672,0.024648233071148926,1.8948379191152076,0.821781858764614
8,303,3,561,1.3909975805827297,17.390625,12.780655277986131,2.499903981982812,0.3496891657713172,0.3493364984910131,6.417928797775138,3.959647112561748,0.2005353015594744,2.2020354047014408,1.1541943568821984,0.7804326781291823
8,304,3,560,1.5341076552007284,17.328125,14.601540341161698,2.525572116042437,0.5050205447763065,0.5046183198070076,7.111188880798424,6.279710288674398,0.5647956422896703,2.490976183514774,1.4782188253854553,3.7916760580896427
8,305,3,554,1.3993773925868334,16.875,14.508405381278433,2.260657906322323,0.6016646315715208,0.6012758305573329,7.509889879289592,5.866827867017227,0.24693162484508838,0.2746523910780576,0.6955337256001979,1.1604971360393652
8,306,3,555,1.532635761796463,16.203125,15.338196579994742,2.467207027388726,0.865594481042146,0.8651601196598941,8.386699220420937,14.83642974613158,0.26464365508535903,0.1817952017394535,0.5294853927772198,7.857057949375792
8,307,3,552,1.3919138849110513,16.0390625,14.880127157809678,2.0306537044498416,1.0226026265403392,1.0213428398743984,7.077401834336988,3.3953799741785984,0.24995741779368477,1.1931812355822882,1.1802125602622298,16.33915905784
8,332,3,425,1.4857143794636611,16.03125,14.245611444305743,3.422179159987944,10.020420035252785,9.860894462676967,8.275447997441175,87.999351555529,0.6352767361741111,2.7684916079920256,5.458764048913044,107.6646076610385
8,333,3,426,1.4883382804697782,16.65625,11.596001205432032,3.40547610188207,9.400152764361536,9.228982064135225,7.162738656447326,83.02569419685447,0.22979443206562028,5.622700135493187,5.770268943599815,92.55894242233333
8,334,3,415,1.640210292135139,16.296875,15.819154362398884,4.398835669544496,10.104394375248768,9.893855996365305,9.773864734643764,68.56383423190037,0.6262416033222351,5.6462379262066955,8.504992426560946,93.62449937847931
8,335,3,415,1.4900359394823777,16.0,12.02222336883159,4.317977214910637,8.394862051133451,8.209840335813807,7.5404199972681365,53.380410951727825,0.505322923166197,4.194607001745537,9.611987248270998,68.91159692434303
8,336,3,398,1.4896334020399713,16.1875,13.335949527362798,3.465871026463958,7.985723013918081,7.80320180449916,8.424793472449917,45.7144325772472,0.26427526621974906,0.18527780288206724,10.893302400203769,60.666160720612645
8,337,4,425,1.6402331385882687,15.171875,15.461536705488168,4.193512219468149,12.41359337641266,14.889969936614964,9.904201788727384,42.89015645232097,0.3250417635156988,2.207247633905448,2.6285307105526643,69.86106507504799
8,338,4,443,1.640152521862798,15.2109375,15.029492177750884,3.926239211046299,12.378296660185608,15.101647989450196,8.959938099900391,43.369749094527386,0.45809752153600297,2.4594102738012236,2.029568328450259,67.9091451906855
8,339,4,449,1.4901191062484787,13.9609375,14.436537641630467,3.6837132571647224,10.942395699164853,13.53362020482717,9.170671395981053,29.851160455444173,0.6149578304343648,4.122419232105776,3.2115480486301724,49.08774358570717
8,340,4,455,1.4946341794375855,14.03125,15.511707114453811,3.6570693289998273,10.885866328119402,13.569024830224741,9.880615957083304,23.872517242174304,0.6573174804014197,5.778480789472067,2.2601016758846617,44.690112817008966
8,341,4,478,1.4972109329602459,13.89453125,16.610017045541,3.787575762741101,10.75026135526766,13.287143664809435,12.23980422032519,12.64815562881424,0.2690258330809352,4.347943363642381,2.251289024268231,40.01027903994816
8,342,3,478,1.6484525427950303,14.04296875,19.91106884383188,3.7127430663950327,6.37961292772379,6.225228476856277,10.88134671467784,10.801066871874648,0.4065984096963852,4.607176881169714,1.5381941639039576,43.322931881838436
8,343,3,497,1.4963724432889516,14.0,18.921203384100707,3.5522411911266167,5.389446252712904,5.241083690710466,10.136980009092692,6.027611971962969,0.2832737201974921,3.534885406689897,1.163005975162317,33.97934203885279
8,344,3,499,1.656014615394628,14.3359375,21.10091728016444,3.7296760994449243,5.685631988806046,5.50851848708297,9.458480004088123,14.257791635214058,0.5930081470720697,4.895319606633826,3.8092269999917603,33.798610691299444
8,345,3,504,1.5120123600285194,13.9140625,20.17821289906849,4.29268139083845,4.759408726381734,4.585265914120718,10.123385757827576,2.4695161210367793,0.4217712869718483,3.750318753019984,4.3235585448407265,38.04634222211486
8,346,3,515,1.5115568171699798,14.125,20.558933006057842,2.9617559224475616,4.4745808397551965,4.280379817778635,9.184163235969413,2.2360418763453325,0.46099488562916185,0.7688638181547927,0.7382469232150664,24.39769890735861
8,347,4,515,1.5149388961437997,13.890625,19.795010913903777,2.721309837410694,7.373201815252787,11.978198866663845,10.508193420508608,16.031311327712995,0.31879373335263106,0.2983576051547898,8.912284942805309,32.883743987065095
8,348,5,507,1.6626794098439945,14.0703125,21.31804532893667,2.963758948604842,5.20850603790693,14.301052590118184,10.00960414858144,7.961069304139057,0.18527256127760364,0.49783127599325044,4.362797039618501,34.0360446237702
8,349,6,507,1.5159856104841487,14.4375,18.61486037936155,3.323639042519151,3.0274511453087682,14.87176161127524,9.416987447826855,14.60344957333241,1.1542581075318075,2.2081399805018678,8.0963391293824,29.584312110751824
8,350,6,491,1.677053760339304,14.1953125,20.005788579621157,3.50880029403199,3.5024585999901654,12.677228145280496,20.67261922263032,37.3723370928989,0.4678636584178235,1.7189939963877212,12.614977211302776,39.843221228879806
8,351,6,504,1.5328674819453312,14.828125,18.27020209698178,2.7146321747655384,5.10803435762565,11.295033055861348,14.412181938266317,29.087527324676604,1.5742576522281158,2.6284586779676804,13.899479491043579,53.3607221594686
8,352,5,521,1.5355957455260842,14.7109375,21.285275587034047,2.597581809410054,3.6718141949126646,9.277674800376031,8.110020013883698,9.30496469332666,0.16161358403722023,0.4835919119449923,7.690102374858413,27.58884682973072
8,353,5,512,1.6894457516365269,16.03125,24.712083389018645,25.46205293965186,2.579477849223096,8.94132091436845,10.16376126701235,8.112250793513578,3.806081123304759,29.696352170033297,6.703783561541741,37.74549707830845
8,354,3,519,1.5393953168343977,17.125,20.488142434241436,2.5213140414895583,1.2572343249479823,1.250071072490989,7.896216290325363,1.3211093118555421,0.2313416302635275,0.26350899581920706,3.5763048462970195,23.333545028529063
8,355,4,533,1.544541663923378,18.40625,20.029055135467715,18.48011154876488,4.837820277918283,8.16546564116482,8.05702472435787,4.952815607540587,2.118408631431558,19.082089796614863,5.470049732558137,21.70899207308712
8,356,4,530,1.7072050334357565,18.7421875,21.26651327527221,21.323988775503846,4.979356499108324,8.762860954903651,9.014726601782112,4.016464930135636,3.02581378259536,20.354507173027685,6.7534243727845045,23.091320972797803
8,357,4,541,1.559169728669852,19.578125,16.071456765782344,2.9059891602903662,3.9502347919320195,7.174670264738672,5.970235992031634,5.749935806723546,0.6477403119837545,0.8259089395085011,7.340277993267357,19.726216959310815
8,358,4,541,1.5645494436935494,18.359375,17.849670725092672,2.86385160760325,3.469175052163389,6.45392398242907,7.225029444222358,3.235199194677393,0.8746364739596498,1.9392212434061158,6.033625015669282,17.33006269025831
8,359,4,539,1.7265893181726997,18.953125,19.562209465305678,20.428083166871442,3.309586182979944,6.229923472364582,7.424892736649905,2.8335469853559854,5.825385338521987,16.613814289076526,9.934333268757314,19.26501974955969
8,360,4,531,1.572220324670664,17.5625,20.79997356440898,2.7470087094917144,2.575016058289844,4.890103320223464,8.374847990240891,8.495145377524898,0.8868769946094278,3.9194998987804337,10.04218044117649,18.800648066590156
8,361,4,534,1.5717001028375992,17.1640625,20.372754792918812,2.320824382115809,2.2634592484847045,4.3342363750526465,8.841232369541435,8.88305546242399,0.4735289024701468,2.358705252334928,9.943010460211545,24.28851009579353
8,362,3,531,1.7350194798397776,17.140625,25.08996163957335,23.482673459409092,1.4464063595592516,1.427303741071987,11.726016200881755,1.8872801621227673,0.7455251266331648,14.610995998087619,3.3515522691187902,17.202162793552763
8,363,4,538,1.5824710205972812,17.96875,18.946865887288048,2.3261262785871804,1.4555035412676176,2.7319414419410863,7.584405451954057,2.908222042758778,0.7782821808993503,6.24119898440955,8.562860975992894,43.59273708082926
8,364,3,553,1.7409737084030272,18.59375,20.73588461074719,3.129858090852433,1.4192518464721708,1.3986531125968087,7.495733651809547,2.397808141212269,0.37753235218262865,1.5151436985398608,1.6676345923265965,14.516720908538588
8,365,3,548,1.5805438087981762,18.421875,19.255177227143122,2.6718213415333976,1.271335484647451,1.2424444607761083,6.965783462282986,1.8366779070917687,0.8223262524879508,0.6302530123427406,1.2573187986329255,11.840851929123842
8,366,3,548,1.5813968314097715,18.375,18.688887268159004,2.70540641158471,1.2585493722841692,1.2274142153362322,7.026141327070303,1.9174271124690865,0.16234497068977782,0.3696388516673893,1.1933266617474023,11.380460777807004
8,367,3,550,1.7408017450269897,19.2734375,20.02096627843784,20.08989225702399,1.3760436588654732,1.3390388203829628,7.315883379948951,2.33557195788286,0.8860624295495958,12.291768818623982,2.1403818425244716,13.72786590909132
8,368,3,551,1.5808519547357485,19.625,16.59373697529174,2.4013866273552775,1.1963815777538418,1.1614580638093277,6.015727725187231,1.3605722572442076,0.5673024979324806,0.7348986984198221,0.5434478876851554,7.799523217321947
8,369,4,551,1.7409185177814401,19.828125,18.981598891728364,2.565147099020531,1.7013501171228782,2.4625403929711953,6.561580917538805,2.145686694684648,0.5944361249074973,0.5565591677540087,3.0748629651388937,7.096025983578659
8,370,5,552,1.582040185259579,19.921875,16.802195401125083,2.2137807591807404,1.4329227985629358,2.183637936057263,6.516063900097303,3.669538373773623,0.36090319077424104,0.4733008119907596,1.8859242406502734,12.297910661219984
8,371,5,554,1.584285632914782,20.2421875,15.952331646285172,2.51337675325305,1.4689547668561442,1.9920444292192907,6.310263713431816,4.523748498448544,0.49760978645222587,1.370253626887236,1.812297183744607,4.798122134506533
8,372,5,552,1.739055475073161,20.25,17.856101837719173,2.8606888116504097,1.6597095722309716,2.1855083770101644,7.3249081947790335,4.19154006130482,0.333542048533735,0.6755823529193008,0.6709274052044297,9.826194616834439
8,373,5,545,1.5750666194368526,18.484375,18.99918844361351,2.418186566465916,1.5783742579444002,2.253282496122283,7.719058810671676,3.411327245040706,0.4987540286123261,1.4832359170890992,0.6821383158454046,9.856536218481674
8,374,5,546,1.5801763697751545,18.8828125,19.535629905822407,2.1301595159617577,1.6372649560784245,2.3393624792353527,9.946323174850791,2.663912413122688,0.2370842249013884,1.4929456042503604,2.6959790878065077,8.712642090629092
8,375,5,546,1.7427447932841338,18.0234375,24.030805686690037,2.7392378794192727,1.5508958986620538,2.6043948675736224,11.441494266119895,2.672623907050353,0.20576210935351485,0.41996187666155566,2.058645891861216,16.402120424810544
8,376,5,553,1.5763666025355763,17.234375,19.541061407770766,1.999454135807152,1.1301291921657242,2.2537192807897397,7.039210063943939,3.082789017513904,0.22964411814661387,0.418609981777446,2.2480978781194407,12.843072239342362
8,377,5,552,1.5687800691814533,16.4453125,20.75319166917493,1.9526788963226225,0.9128144761900506,2.2371705893863343,7.373878991866446,2.2753572865144047,0.5646617970989628,0.890456442670438,1.0447909362395285,12.622031867442367
8,378,5,538,1.7216309066872122,15.98046875,24.379099756648202,2.740952170937745,0.7965725615845232,2.6060206876400125,9.021144266715654,3.808027867700437,0.38492378461099036,0.4060610760270954,1.8635617188933924,23.69355227922098
8,379,4,538,1.56360111762053,15.4921875,22.21650582356157,2.173063996604598,0.9439025616334489,1.014346832409934,7.929026938248327,2.407250909966347,0.4700310350796826,1.3532628457820757,2.574187627185685,14.347964473259502
8,380,4,537,1.5665651120915194,15.890625,20.502242740699415,2.518319712437635,1.110554791203173,1.1121563341987057,7.755785610287207,0.9217229897835395,0.4423567369215299,3.064939009731092,3.131333339171228,15.73080222633364
8,381,4,528,1.7236879506836522,14.02734375,23.835371593220138,2.9416869614857357,1.4550010909694824,1.394947670501046,10.693096087578002,2.0468216856287977,0.3083414881576051,1.4033945479380492,2.9771497346698044,23.006856432665977
8,382,4,522,1.5683445120032418,13.0703125,21.815681364711583,2.8221876751169535,1.526125245340789,1.4677399941623457,9.118864383451399,2.7575232992565892,0.49669189902336874,2.7989652501811246,3.562504106609445,23.068323776180698
8,383,4,525,1.5654443086076386,12.9609375,24.189658700000795,2.511759863831154,1.7173345515832925,1.694045903853095,10.073404116594062,1.831891864446213,0.500249933455491,2.341285609867083,1.606097903748748,17.40366355914876
8,384,4,521,1.7191055278350573,12.25,27.432686627976675,2.925877901147078,2.152263854800466,2.2068394100191475,10.264361590930658,2.003650273125702,0.35213759624058416,0.48274582676534816,5.260399530650625,33.02867986090079
8,385,5,511,1.5626118040485657,15.6328125,20.001174451283394,2.318822778358507,3.235971945750073,8.082065728455191,8.086656943880868,12.324973454159554,0.24522003603419815,0.26599313987335577,3.1285836038768005,33.85647846383728
8,386,5,506,1.5617738546248288,16.8671875,17.826256624307014,2.064202311216231,3.567834693977523,8.96413405209563,7.528498750626695,21.285185732227184,0.4370089272833296,2.3142707371076057,1.4295695476149735,43.96770032864576
8,387,5,502,1.717887980837619,17.71875,19.360668891250754,2.500397249002323,4.407268576240503,11.18461980199455,8.21525465513168,32.65694332148124,0.7234273459409601,4.70493645931676,1.6461148649809267,56.30960515515146
8,388,5,485,1.5580929615743624,18.1875,14.909044327760315,2.1682168711534446,4.3056302674448315,11.226016932485186,6.272442278356673,40.57378591967239,0.5404461105773686,4.6586846728460465,0.8894424216933227,65.74511098839257
8,389,5,472,1.712225332658833,19.0390625,16.42574334698992,2.3586321433606523,5.382198774787927,14.419289530465075,7.120787662701861,61.71414522367941,0.36034281943815843,7.679122900680162,0.9308785914952503,86.77982865325716
9,8,3,483,0.658734364507079,14.1640625,5.323081534818091,2.339239923231002,1.9274738733062278,1.9251510849550466,6.755083554794338,3.3383189634097206,0.22377917195173558,0.7898069929923766,4.645855400286523,7.124265138736886
9,9,3,459,0.6643580228012297,13.890625,5.823611509765354,1.8788512098386712,2.090369692587892,2.0879210796527348,6.6362914847723165,3.2738988969842433,0.27687043958599833,0.49797752070858514,4.912083332759036,8.397297746740694
9,10,3,432,0.7350054932487666,13.38671875,6.220923957685818,2.664333499692267,2.5606730863299023,2.5572789973029977,9.453059018258969,6.216842095566242,0.45220060614389834,1.0187335171816925,6.093653757221443,14.703545365326232
9,11,4,412,0.6726751916085497,12.82421875,6.427565076786418,2.680474749473044,5.057405477228821,8.248989040559977,8.544964158733052,9.47542440514973,0.2505416824167712,0.7745329246649537,6.231555237982624,6.3160133389288475
9,12,3,394,0.6760556976803256,13.30078125,6.157919408021748,2.0426630951551332,0.13024247737350272,0.12918606236829794,6.241573083690731,5.386391794609313,0.22405867400586565,0.1613485392861702,4.866353904259486,5.7020394351879675
9,13,3,402,0.7488255871536478,12.6015625,7.036597196162138,2.556052231867999,0.1682782625547337,0.16678247256696943,7.798520314713814,7.667003282530537,0.1732436495428284,0.3352798559055799,6.195185446782216,7.813268031887825
9,14,3,423,0.6813554386820396,12.6328125,6.471216549556097,1.5664579706098514,0.17917071477451293,0.17734586353598203,7.000527981804937,7.561982585456763,0.15145736195026085,0.2775807137202718,3.916604118158806,5.089714682758919
9,15,4,419,0.6822203220419796,11.8359375,7.198552220042184,1.359027124119453,0.27871403419232277,0.477883814969689,11.289997674888955,13.946411700108214,0.400430692162067,1.1557535548417859,9.719327778427038,13.271955795668523
9,16,4,424,0.7530425718146628,11.7421875,8.011025867503433,1.7335632091684205,0.3251151437644919,0.5775164398744929,12.30438080761867,15.05382460955603,0.36887157211902866,1.1287859181045985,10.756400675068097,14.43191802882059
9,17,4,440,0.6875524473745017,11.6953125,6.7771259818267495,1.5688314511852903,0.32581681210446894,0.5808098185874285,11.461506163973048,14.563489239806646,0.3946556390757133,1.294157240020983,4.302513225785731,4.803242838751155
9,18,4,441,0.6878430058264408,12.25,7.643447929251736,1.43308908293355,0.37284933821090416,0.6479284314452071,9.341223916091828,10.939280640962448,0.4882478221138163,1.7183772695097328,1.9847216803144598,1.6269826517688448
9,19,4,458,0.7541756522950512,13.40625,8.419911928790139,1.2911075309187563,0.4457825759989006,0.7564834465317958,7.582938314596656,7.51733809838058,0.31538004357677535,1.032474736930375,1.2105165994845,0.800581937551305
9,20,5,493,0.6836547830760987,14.078125,6.816709111138925,1.0039836406449993,0.7029857783210518,1.22804623436511,9.526137729059439,8.89803974743704,0.3397665193645287,1.9289713279262195,2.876521240381045,2.6116313430916196
9,21,6,521,0.6845101852298683,13.2109375,7.475115420855302,1.4426368287670703,1.3732810800981081,1.7767527003277963,18.002193952875416,20.4598384295852,1.1063576416587269,2.1243774038962306,1.8872929181502376,2.110183576492096
9,22,6,530,0.7526628747754943,13.19140625,7.226338608536706,1.3195805764879651,1.5381631124491302,1.9963176277294947,13.137293172422217,11.774620740101215,1.011759812827621,2.752472087054851,1.4909708046412966,6.34186116231773
9,23,7,525,0.6815112770648247,13.046875,6.510616447960399,1.1068331960265696,1.8206229921055643,1.963226748656443,14.499804889559211,12.207748655339486,1.9661430252198906,3.216257113838621,10.153343894162932,8.832359417088753
9,24,7,527,0.6790542637619046,12.9296875,6.470861271747345,0.7681338213332098,1.8482341952529946,1.8962522172381415,13.851700712877397,11.376849085867878,1.32718590766766,2.1131238225043574,11.753186831881044,9.720960243082407
9,25,5,528,0.7430541261068735,12.70703125,7.388003632709491,0.9221409074382998,0.7499763593032049,2.3992910420673206,17.14251460717131,14.982155895377364,1.8653579501772217,3.193848325505981,8.497291098869836,5.987065229319288
9,26,9,525,0.6702275859432026,12.515625,6.395681678171506,0.8324161443394461,1.2006995671632803,2.592582200437084,14.074656004092674,19.32699634034573,0.9201536313294609,4.031143527023915,10.119796659109806,11.918591419646228
9,27,8,525,0.6692329095670806,12.546875,6.264118441563941,1.020496605908518,1.4158633891664194,3.030864037571543,11.225067122171502,19.800188220740928,0.4239633913995402,1.9692253026372417,8.6286934238865,16.02921670149746
9,28,7,527,0.7323287349223537,12.5546875,7.1687664978095995,0.8938209343692867,0.7362183986653085,1.5301783338394026,6.908948607575461,15.23070930456264,0.4056195614163063,1.2803459057516657,3.7062729521819047,7.599079566831929
9,29,7,526,0.6611348604042914,12.12109375,6.228339317136725,0.9190516250434192,0.6439579507800123,1.5363656249420976,6.400335507981028,14.158789643764239,0.2609913647216568,0.9381845697615296,1.9564417970457613,1.1080883697995025
9,30,7,519,0.6554883630332539,12.1640625,6.352816650057665,0.9321532789565689,0.5935039104537893,1.6976805209736086,5.905028154895964,13.97536914885831,0.23724118604652492,1.6183698440837357,6.515633932029621,15.590428424330776
9,31,8,520,0.7193719745084838,12.5546875,7.206565504096264,0.9328749883585548,0.49888815066932046,2.1628195320275103,8.776121997973608,17.620761764109748,0.6553478963810943,2.634418253486576,12.972184463933967,21.311418361633475
9,32,9,523,0.6506232620540995,12.3203125,6.4886445442127405,0.9802799203068584,0.8985495680563558,1.9992847909064893,8.498106399097178,18.480210120486888,0.27268307988292645,2.977827498502773,39.91236754043871,67.40250309650185
9,33,7,517,0.6521711745368123,11.9609375,6.938344363659084,1.2662584084436108,0.2457820759920421,2.061652848991,8.941099557354182,21.217682225412354,0.3451562267377879,2.8667689103831497,5.473681561922719,13.889391588404532
9,34,7,517,0.7172114776615122,11.609375,7.216192646068378,1.4964728816679354,0.28371595708993047,2.548635791278744,9.243043365966157,22.705210239402394,0.5213997874573878,2.748271392356548,16.14285182001156,26.85888555957787
9,35,8,519,0.649234176053854,11.984375,6.253065194831106,1.033354579468004,0.46370012471877575,2.5560371298780096,10.40604856083008,21.282469558939795,0.19149339198806034,2.5116728886605495,17.295620147814724,31.680376175368508
9,36,8,516,0.6468895052302966,11.50390625,7.067402039770631,0.9543627513569155,0.47037782651439175,2.7076674369379754,8.103793844987838,17.033737380754975,0.36700655140999705,1.9548452763630944,4.423613422398278,7.2901344100453125
9,37,8,520,0.7033614932059299,11.84765625,7.267825383361199,1.3008323676134648,0.5233945888554415,3.154498301393736,9.354514253986657,20.14099499528566,0.35890203796784265,3.7373772249833976,0.6266184810266624,2.883671827553671
9,38,8,516,0.6357906896700626,12.08984375,6.553604350628277,1.2148925640755663,0.4835602146461697,2.9827592321936907,8.912512284973655,18.99482257880619,0.33666262361043614,2.859212913742945,0.817432666552878,2.9071879718248868
9,39,8,513,0.6335461227550372,12.0625,6.350874249362795,1.1606866766558837,0.4805882360335236,3.1523889398848066,6.369478487623536,14.123538707674417,0.4166640384437031,3.4909421607158304,5.269655497411483,10.737290427022067
9,40,10,514,0.6968028774155822,12.71484375,6.535606746386814,1.274972908650032,0.2826940537868762,3.8212666747793635,6.43579469279327,18.390128053372056,0.44174404028057723,3.0669126641344873,0.6214494310370937,4.419790171179643
9,41,10,505,0.6339119608200764,12.328125,5.689205667138561,0.9026546569679027,0.2620249217299842,3.6106844927399324,6.26829594306772,18.469102272478505,0.2791014487635148,2.902724779079823,0.9022463050831027,4.101825501649409
9,42,10,498,0.631787642045422,12.25390625,6.457096448144375,0.9992955208483432,0.28775572989480047,3.954658576226893,5.961368274036536,17.245230124688373,0.5821693232084839,2.583639202622302,0.44744799869819213,5.1489197186131745
9,43,10,490,0.6880267659185003,11.66796875,7.131944136358484,0.8932436581577916,0.3481948692338312,4.768231127644214,7.247758053425866,17.61646094257289,0.32746278769757925,3.4858150099322254,0.5200508516610725,6.544252322520469
9,44,10,484,0.6232175966582088,11.7734375,6.82065135266644,1.0699015088778183,0.33987571783045173,4.67190532701929,6.308561079555465,18.553144648106063,0.4569467679489069,3.270556190552401,0.4947374814939862,6.094941988366324
9,45,10,479,0.6231095478080716,11.8203125,6.823253901595717,0.9241927242752728,0.3742547851552691,5.108008793148797,6.110636730629296,18.239168867744077,0.4549151131402197,2.0926410595021374,0.6457639836456468,6.738000350434561
9,46,9,471,0.6828844660450873,12.0546875,7.0914288950248165,1.005070360711288,0.8018905337910751,5.488167621433609,6.076051662488539,18.540344184516634,0.17545964948861742,3.850178290052722,0.46238998025942435,7.085641370604944
9,47,9,472,0.6196794793632817,12.8125,5.945251340151925,0.8589244966573825,0.7644013186484615,5.480686763231506,5.104879930385402,14.216172916118735,0.7678310197659862,2.483306201127165,0.5961232652283865,5.717865404216298
9,48,8,467,0.6202415412731298,12.703125,5.578350458959774,0.7768526108506737,0.7664541426610332,5.362851172144055,4.635615240600688,15.535416020414637,0.4155737199496956,2.9690160211305403,1.0322370113913877,8.899722848089207
9,49,8,450,0.682361923661559,12.671875,6.555220442215311,0.9079619285841696,0.8767467475036348,6.4391292338033,5.3341805847561705,18.89405494224235,0.4261565148967993,3.657446012253429,1.2057252902027475,10.931094089157888
9,50,8,443,0.6212943159957188,12.59375,7.01535781636687,0.9366569973755731,0.8479485557677527,6.415706399921912,5.781201449274684,22.557396509621313,0.6066844914233641,2.860544179978455,0.8682310061671976,7.463229330033498
9,51,7,446,0.6220000469076189,13.17578125,5.999178357925365,0.898566899999492,1.2586234180846907,7.336176962056329,3.7841851980684242,8.669071824308332,0.3312861490469967,3.8824770387886147,0.8912892866871179,10.758241854051882
9,52,8,440,0.6847980538626516,13.5078125,6.850265226628625,0.9190177441987286,1.2856696775554464,9.33470178669857,4.287030916257338,5.437726730006538,0.8914662200964322,4.292927885052172,1.7450665306950408,17.371006493124632
9,53,7,421,0.6221981500740842,13.9296875,6.04132632725807,0.958196263662906,1.8847358355603017,5.328022343573068,4.032764733799101,4.048145684392848,0.21785457782530124,2.03433550632532,1.3070299836485637,16.080096245695152
9,54,7,404,0.6226436974870919,13.4296875,5.388710392215826,0.7768061211125523,2.383584292543515,6.165607800473621,4.074874869853778,5.483664366419864,0.14914269366838542,2.006894765209115,1.1246791027795988,19.054468901063636
9,55,6,399,0.681061675267955,12.7421875,6.6540285555965895,0.9584449810642609,3.338468519797548,8.468993615665402,4.654842312538417,11.2556408519179,0.46976957008127457,3.214102278120625,2.026780492941411,25.3284277361815
9,56,7,382,0.6155412510454574,12.04296875,6.5434496869633865,0.8360595548481313,2.3828321646644945,12.894401005758779,5.777665913407236,12.592055356447707,0.46351597215267254,2.8913971223872266,1.958901475342975,26.977928622092126
9,57,8,379,0.612092067994626,11.9140625,5.7940933895841615,0.6929859719703213,2.8321371036054352,15.429447685153612,4.0437101774182285,15.7748593859607,0.30369343761922385,3.19497422787608,1.577631337117805,27.541769736066517
9,58,8,369,0.666969489579477,12.375,5.994828609058744,1.1751651924865272,3.9374915453806083,19.58086308155251,4.868443015937794,20.472027248734157,0.26886718790372655,4.672590623945136,2.5890331440153287,44.1379966598761
9,59,8,347,0.6043301765205716,13.5859375,5.638196027007229,0.8002403823575914,4.5657280948593435,20.316300249406115,3.7088305241569635,30.09258055645851,0.20011277324135354,6.777894269596732,2.0312675252419723,46.24501181033239
9,60,7,351,0.6045775756291902,12.6640625,5.7390714171229575,0.7455443103173717,1.5530853992021865,2.5265226563354797,4.807544787650692,13.594805755244295,0.5914230709249616,1.3700348790003662,1.2914292979174924,3.7921682435702433
9,61,7,361,0.6644111374095366,12.1171875,6.237405791619339,0.9142346385183463,2.146019802461622,3.466837629530151,5.317475557959468,16.019767916294846,0.3387578488013549,1.1892794192932643,2.0637848237911616,8.56338134270118
9,62,9,340,0.6065536987939808,11.96484375,6.133231755899642,0.8885968379501302,2.118905739320297,6.85433127388162,5.916792240723378,12.454133952742238,0.3486960203788611,0.7233157621554033,1.3232565859252787,9.353873400969364
9,63,11,323,0.609329065850142,15.4375,4.666727332848749,0.6507090870298244,2.575765450713928,10.894378163406364,3.3952584641544155,13.549879094339362,0.5962964218730376,2.4184692222249264,0.9284440523303524,16.749990435058844
9,64,10,316,0.6124629529584016,15.38671875,5.060281521390279,0.6786117994552076,0.35566523159987073,2.32687146107366,3.70924759991616,4.379685242819203,0.09708255079232904,2.274171678939257,0.742770426546097,2.3973173260384493
9,65,10,341,0.6806867704749401,15.1328125,5.582476013693091,0.7435967203657465,0.7556745040850014,2.580806027588752,3.3835292176098455,4.228751039373725,0.5796761803975012,3.0882751253521272,1.030088851584138,3.2472689853630876
9,66,9,359,0.6256228567642519,15.6171875,4.882718527455956,0.6154193679370786,1.909168787427178,4.7879254402155365,3.3634106765319816,4.688098516397025,0.41935317857874393,3.0901819039587752,1.8055906037040834,8.415121454482101
9,67,9,365,0.6292454451755236,15.0078125,4.995531986197948,0.6923378788074932,2.1683304199928126,5.257015009687727,3.4082511412229106,5.4806063362001805,0.35253657754494416,3.403839868645043,0.882126400436391,9.359116249574663
9,68,10,386,0.6977597998067254,13.33203125,7.054865587282762,0.9656513857981386,2.6660591230183988,7.73230623804807,4.848408455536054,9.191681525086832,0.3053110562963057,4.496398278667947,2.4029885896114322,8.551298151077422
9,69,11,407,0.6393925473505243,11.2265625,8.033811486646025,0.9180926732931401,2.137993757790121,8.000486916054573,5.157370796418325,16.089768156635934,0.32313809129843035,3.2588673784096946,1.4316429519401372,11.839159104059487
9,70,11,380,0.7081942273128125,12.07421875,9.149240181051802,0.9127415741960607,2.9548641259467705,10.335380763956557,5.81900714771981,14.348683117119844,0.24350672465152112,3.5482719161616627,0.8888415266860564,17.697427930588546
9,71,12,359,0.650009157573805,12.9921875,6.4201533072495875,0.7134257789930671,2.577682487488162,11.08819157086,5.136258852995994,10.268385550334198,0.3096808915420327,3.303874104574954,1.0702593101759925,18.700352753805475
9,72,10,335,0.6554646009304465,13.3515625,6.255587860751601,0.5773772093240483,2.994069207429577,10.164924339892023,3.547268368348054,16.13045623318826,0.09846702704550547,3.969297438395498,0.8636727344887535,24.508335350549185
9,73,11,345,0.6637435855138235,13.4921875,6.952604224061466,0.6608990466023555,3.8430440938576207,12.310909682505965,3.791169541079347,18.754499075799874,0.09998524495550715,6.295537085294833,0.7733162057838385,31.404664434477862
9,74,11,346,0.7375871572500694,13.7734375,7.428258242527994,0.669408819104027,5.986344408891894,16.879682726578327,4.970093141473026,30.030338916211505,0.4522595533479769,7.277983250946966,1.301758090063807,41.52575137405035
9,75,10,355,0.6783119147499024,14.0234375,5.6574753080138995,0.7209326528182893,2.2792415718195627,2.5888140383338403,3.1630023205187507,5.244128822181178,0.9394808844474634,6.482883290638764,0.7010723309746596,14.712642907344124
9,76,10,349,0.6871025577747977,14.1015625,6.113900659396717,0.6972384839522535,2.331785330691435,2.8998416902382225,3.404161414539228,6.201916676695943,0.19720748601489027,9.004673820755018,1.4697923837731393,15.630702752631588
9,77,9,360,0.7652414109278194,14.9453125,5.71409798435977,1.0076354085325807,2.47907712594048,5.233533064356014,2.7731996129909433,8.868177684042006,0.1200318792290337,0.17595167966440695,1.4862862364649154,12.308039862454939
9,78,9,355,0.7036266653274975,15.3984375,4.907205527842809,0.7238154056113166,2.411906907476977,4.4576361687612405,2.4993827166356524,9.619395414295873,0.6758891368126856,1.2601981697102702,1.2159552069543673,12.162452585117709
9,79,9,358,0.7137986710691843,16.015625,4.711433244114089,0.8865594782519939,2.9619426673802973,5.223312277529861,2.420228378617288,12.60794275647205,0.38523094614528114,0.8017089093435292,1.250966977439721,15.095814778496193
9,80,9,367,0.7961955989167159,17.515625,4.296762986866057,1.0870272187302497,4.010406399114007,7.194375703424777,2.2298740939238986,19.386073177996483,0.17705250628806268,0.6321179864876859,1.003308800311111,21.302132964080684
9,81,10,379,0.7336014562206932,17.203125,4.003608930719771,0.8916392166519448,3.9306481789156873,9.468239419460712,2.122679325666843,22.472715576470467,0.7961061644912748,0.8853197308281608,1.6552744153445778,22.878396603624708
9,82,10,379,0.7429761225649304,17.453125,3.152103042037299,1.011484458185068,5.216832043111976,11.55275025130285,1.643552750943841,30.244193671441586,0.1354159761468188,1.126750878855369,1.0128130595807059,30.258489436571526
9,83,10,371,0.8249600724279618,17.140625,3.345813910917183,1.3448537278780393,7.88623722961831,16.240072616869263,2.0511414268410153,45.08665640377295,0.20995954078811085,1.6247434203594455,1.8085663180905471,44.84695053615614
9,84,7,384,0.7553455461066623,17.0546875,2.903387205945741,1.1000910742995376,1.6975395193787937,3.319861682456159,1.7718214272750084,8.7685082423579,0.47034038488320273,1.0310341572531487,1.6675883574328827,6.819829301835633
9,85,8,382,0.7595035435440016,18.453125,2.9955245158483996,1.1632933533572518,2.3146923287759598,4.424004719008694,2.228797268194513,10.157621848554758,0.3371259017097065,0.5891678879954309,2.3476245891412724,7.146253004097687
9,86,8,381,0.8464728840655744,19.25,3.33094511264251,1.4816195665682383,3.06154494266036,6.145302659328032,2.165676502865808,14.357697137507184,0.4787963973669187,0.9406867996571303,2.6722476518545584,12.935910784304832
9,87,8,372,0.7698574654092293,19.6640625,3.5484016283168325,1.386517114572111,3.3308975316216127,6.39695333401929,2.5406056250679065,15.229336939303916,0.16687197261557252,1.2133710366779982,2.1830528429551315,13.706478601902713
9,88,9,366,0.7683961761786835,17.078125,4.704013672711538,1.372048343076559,3.4451233081326587,8.047499891639958,3.129200928883971,17.477963003377752,0.222445593349374,1.705384904407992,3.1795042030732854,14.61140888651693
9,89,8,345,0.8477748410479645,17.75,8.069498624293946,1.44874363660867,5.526221655347834,10.43359858400908,6.081196708063771,20.975949586720905,0.16204175504484813,2.345703953767039,1.3381635364648625,34.217849170064646
9,90,8,351,0.7702064790969012,17.15625,5.247518825965859,1.0896058234241686,6.192815000777689,11.275603941587391,3.8477449633909764,28.46214213405254,0.4402166177501946,1.6185960656090073,2.7118425129194494,29.540544391278992
9,91,8,335,0.8467546856442911,17.90625,4.667337862229287,1.1485517311877877,8.962901435513325,15.908343290661007,3.4236309498565847,47.855972349912314,0.7775276801295754,1.569544006306977,2.306163734085847,56.83782328003568
9,92,8,319,0.7663946888291595,16.640625,5.71376198667115,1.0391325124415942,4.2281492295312395,8.865302102931013,4.298345447696205,7.413557749361396,0.47046742013259546,2.0487823838415387,1.9195373094004533,17.57342051774274
9,93,9,297,0.8743999185196162,16.109375,5.742576873305665,1.1317390322991299,5.225584405154753,11.681139571956555,4.218236261456182,12.87573683749955,0.4256067764343413,3.499922381862151,2.9605359065459433,25.691129811098197
9,94,9,276,0.8743999217292501,15.77734375,6.474952712182353,1.2510572823338382,6.468357843612729,12.58943295262989,4.854514187984096,17.434081325500678,0.4841746934430114,3.1989281612559726,2.8255032699012776,30.94819131770019
9,95,9,266,0.6021021863283333,15.85546875,4.443919352195472,1.0347830982948563,5.231102719610934,8.275683291752207,3.1113293568370572,15.316972366844624,1.9591823327107996,2.2183400225614225,1.5992991770911036,21.67230839169284
9,96,9,247,0.7522392045585505,16.234375,4.998403358169127,0.9758044732112148,6.908413085202524,10.117680331679969,3.5165911517519186,27.64224301494881,0.49147505186312995,5.263349337483552,2.4995035280445066,37.66349688169522
9,97,9,217,0.7484820697726389,14.6015625,5.212977336806457,0.6631597630253283,8.71403000937059,17.007745399689544,7.426327279341939,27.0555215159734,0.49463784842622244,7.975618888241074,3.0125793410961874,49.34805619439831
9,98,8,242,0.8198530949964442,14.72265625,6.759893373067429,0.7927980865025133,7.047612661304909,19.8056447814937,6.055443827568645,25.29103301388556,0.6204072040024112,3.38463204648957,3.5520260750582224,36.048128069061505
9,99,8,255,0.7399140202775796,15.34375,5.362533684890909,0.8010356402591922,8.252891672183404,21.218333695616185,3.681741871471597,35.4052051718937,0.8763442204496932,1.9890943253206723,2.9413758908461647,41.93869887371841
9,100,7,269,0.7372467644390792,16.46875,6.093654530296375,0.7024761605041154,3.0085283043410334,5.1475900689431295,4.2133483010194475,6.9793686630930765,0.44215292756259245,0.7562487932486283,3.0639862641005617,4.652339955368893
9,101,7,293,0.8082413791854639,17.703125,5.2315077969323776,0.9356501381783562,3.605327423369193,6.779473541433711,3.3463032773138983,6.53112761525776,0.4449749608723917,0.5146952142428275,2.9704696462760993,10.464204614304053
9,102,7,301,0.7317466526867317,18.5,5.536317190246073,1.1095604607215481,3.5604133612049043,6.9442155421869876,4.15905320979518,6.859421390661685,0.4613694444396993,0.9736503822860896,2.8007197858379076,9.611572204483405
9,103,8,308,0.7336630167584355,16.6484375,5.73803015183865,1.1548452511085814,4.000550608687941,8.175105771897934,4.501402413571487,8.996156009132928,1.082799808090909,2.0704632299992656,3.7279644486877226,15.544393013295734
9,104,8,316,0.8058326129318228,16.0,6.079864587773969,1.498000253580233,5.200022991340891,9.583296938915073,5.1890448659781,12.006470269991365,1.4354651457378345,2.2453410092339814,4.292233293778787,12.8872636198125
9,105,8,361,0.72701281100168,15.046875,6.140564839623147,1.2190346188087013,5.585165568648147,9.955669171064132,4.8274281292970675,13.79869206232553,1.3104189858053017,2.312263593160704,3.164298262027616,14.980271430837652
9,106,8,364,0.7199603637593607,13.95703125,7.366775429751348,1.3326305678162802,6.336420478975768,12.159485179904197,6.371619423904456,14.745970155747338,1.628952910143613,3.292179302353026,5.3216769537179935,28.146551310686114
9,107,8,322,0.7893153240244262,15.23046875,7.803286445532572,1.4420671893884989,8.103817817127263,16.86291548432765,5.59872846236512,29.088226696095617,1.5002997580568094,2.3395212830503764,6.616610384934887,39.24589276336283
9,108,7,317,0.7138166159541746,15.8203125,6.781786060716139,1.2317465134078651,9.201610711475588,13.189479470324502,5.927525737620076,36.996065201402835,0.8754649979957345,1.8929386458106419,5.415538586611346,46.79361693372334
9,109,6,293,0.710873325110165,17.78125,6.229884867983094,1.3706457617649355,4.361740041854394,9.793442309401179,7.4588111279483,7.11401567504176,0.970857108143715,1.5821249527293637,3.666510639496791,15.230018902545936
9,110,7,285,0.7785501290335417,18.9375,6.257214795612331,1.853823352345989,4.9106059858878455,13.808753174239234,2.395729164761636,16.837735587656212,0.30731678538235024,1.6854115155579408,3.4188352935921618,22.930327753532822
9,111,7,257,0.7022111019499245,21.984375,3.500826657285505,1.6983783903490544,5.500172052658656,15.18630085043214,1.39233057356312,22.179647385284444,0.4894684792001983,1.5922518841503015,1.7690443613880096,22.174684832560313
9,112,7,247,0.6938540838489635,22.515625,3.0472256572080934,1.2234354007117751,7.178360359055347,18.49664513078971,2.0655939528475358,27.948738073270043,1.7649927358532496,4.386075674402919,3.7898681356957393,28.610923592244454
9,113,6,230,0.7635884112727943,26.2734375,3.5649566673093975,2.196149523526247,4.9617766367159,9.825637485386245,2.1194872879019915,29.907451717712984,0.6972224469086135,2.441398212366245,3.404438616851117,33.49336097526179
9,114,6,222,0.6857148662580929,33.703125,2.0594605919385947,0.8843185446231061,5.185508570828386,10.112687419060878,3.0016433266959925,37.40774065691123,1.4604420809217573,5.478247302442635,2.956042919878606,37.77545933909407
9,115,4,246,0.6751680628873201,26.7734375,4.120302109720905,0.8971425361589482,0.9046663019832812,1.3528999774596557,3.25666760920748,1.177238182944222,0.9345868175387073,2.3408648852888465,1.9944333574681847,4.918256230564033
9,116,4,256,0.7282599639553518,33.21875,2.8673618748859004,0.7770023930627012,1.1920363965756153,1.818806259534563,2.0808353639621364,4.304748154325255,0.47423478671757574,1.3458020123727195,2.3731575465977026,6.940602315384899
9,117,5,261,0.6494122201829683,26.359375,2.4805601482568367,0.7539422347472137,4.5488712515615894,14.023227589943314,2.4356347573367825,25.979315846544235,0.6946508013913337,2.079928625923995,2.4228061452235234,26.560080265577668
9,118,4,304,0.6398262807963223,32.125,3.377172443672305,0.7282225501998196,8.850007504319464,15.020230932732247,4.4276922794790305,25.71225187226131,0.9703763655942688,1.5921096407626876,5.666257650823464,30.00892983358427
9,119,4,310,0.691356088839685,30.484375,4.360971431130881,0.8639724675211415,11.292332444208508,18.271620283907033,5.873083403690089,31.980019618885617,0.9431052441073636,1.843598348483881,7.618366268545897,39.295509435672784
9,120,4,323,0.6246042419535361,31.125,3.5571346471929166,1.02139259933248,11.8245736340197,17.859665848743,5.273675921370097,37.17486001061183,0.7740549389393399,3.0703680166956255,6.4512046478358585,41.48415477819345
9,121,3,382,0.6207717974624342,18.703125,4.1238529531109265,0.8105712852561542,2.6380953907065248,2.634398125572151,2.938378784438689,7.853195019498473,0.22338570950465966,1.1913698547259737,2.2622259002821004,11.694885055810357
9,122,3,390,0.6613199583926054,15.40625,8.326549558733781,0.7282064459908753,3.3677297324570237,3.362666786140324,6.971825060376536,7.016251702884696,0.39320533346156944,2.2421860206517237,2.44439868765025,15.853771443573148
9,124,4,358,0.6484297804434308,15.6015625,5.337947340345111,0.595177010714798,4.902827805123278,2.886095288652614,12.04407432310357,16.676854765123093,1.8540811535144548,2.8191735480107294,18.910929447746895,26.49609909003984
9,125,5,344,0.5796150919116966,15.953125,4.708527072416192,0.57454611738884,7.875125912800843,8.061053605672392,7.070175343779765,20.846372464443306,0.7881056348851787,3.7193351733623468,10.238950412146382,27.86867308397046
9,126,6,336,0.5755960908960206,21.1484375,4.072042216969802,0.4388245165601198,8.043214066186676,10.376729972217976,7.170672865535514,28.012425903931195,1.0751315384699474,2.281193808560681,8.496717977482277,34.47937344367714
9,127,5,335,0.6317928814459155,22.859375,5.426534029397172,0.6213194009623967,9.835439130068117,12.7688424384597,11.391423420677768,36.11948507850355,1.0852050942012545,4.292949109470484,3.6080263931515124,54.473276780898054
9,128,5,354,0.573899492845355,18.046875,4.604963801531628,0.4166247079513108,6.061145521794495,8.642122070960452,11.623068409244581,19.527331334934928,0.30783249376978344,0.7207598361148664,5.696569290594059,15.918655056416423
9,129,5,378,0.5708100932477781,17.15625,6.1508745095214845,0.5469487699652247,6.802597611161932,10.693822517125133,13.177702020174069,21.597723658553946,0.10376507819843295,1.0317041033144612,3.735746213984998,35.80002411020519
9,130,5,397,0.6258801539649338,16.734375,6.784586589094346,0.6099401155752894,8.290271833237963,14.301973528433301,14.372131772256061,23.888329693608412,0.23252034398688595,0.895575787417246,5.880879633118851,39.74130332278302
9,131,5,398,0.5669032648036797,16.0078125,6.048327822962057,0.6240897300407717,7.967021073991144,15.362649023684448,13.192384916310225,29.433394909922175,0.5709066174070861,1.5580247823817812,3.5173891497999303,54.27782681207283
9,132,4,435,0.562242308377312,15.484375,7.114372010877115,0.5408110327813475,1.6995279324070696,2.0401295857806216,9.421726861875896,18.67840336481195,0.1664590532320038,0.23999664400330006,2.2713991627918744,7.075839230090463
9,133,4,451,0.6153014517986741,14.890625,7.96874090959711,0.6455148280644264,1.8574843860372385,1.9811650563079422,8.052452306563145,16.63866770709106,0.373016287921977,0.5488694965289326,3.0633846195995105,7.477650271568114
9,134,4,444,0.555802585720547,14.5390625,8.003916253137518,0.5636033172431374,1.7386484839763543,1.5579506244304508,6.6177739789549035,13.525606573340802,0.3372868576926089,0.33392375211585124,1.8702959360827647,5.791792718400695
9,135,4,445,0.5501668895645303,14.9375,8.235876627621863,0.6362090176137402,1.888963648781895,1.3339559336908702,4.7717283636897445,9.395309137348697,0.2281087428266686,0.2036667473647015,2.034531414206924,6.750582385078377
9,136,3,446,0.6046751679056255,13.6328125,10.563572812251786,0.7052751412783087,2.18604008507816,2.184161705267874,6.304565774811472,8.943421046283255,0.3452899497011618,0.16283022411560377,3.030520995900671,4.841066316426749
9,137,3,433,0.5555115948363011,13.6953125,8.434645759604185,0.6150550908257129,2.0575128682040598,2.0553086202594835,4.064443808147133,7.14638509478662,0.2806180063612485,0.12190029799564567,4.0594144567827,2.992001817373617
9,138,3,418,0.6173911409909352,12.44140625,9.551157571507161,0.6956047941063694,2.3755118249982434,2.3716137442001437,4.839370346010546,9.017623351002587,0.29649066508291183,0.6854867462038535,5.312063229479473,6.732098432521699
9,139,3,405,0.5668676948263656,12.4453125,8.643497509509675,0.6043041427375885,2.311476551467478,2.310786251151827,3.69117003676809,7.9302673286391165,0.451751469501252,0.377962028850783,3.2257389978430537,3.8886229983393834
9,140,4,365,0.5708408249121757,12.3828125,8.649636141299702,0.65840334112794,3.9245726807653014,3.9265500035764633,5.945385721764019,18.548631876851456,0.47777065169019217,1.4046094739523098,4.9487045169220645,8.12182944843648
9,141,4,355,0.6340279868713662,13.984375,9.200390029870317,0.687872141934817,4.994547917683187,4.735454378781305,6.261581892034135,15.45561948105591,0.20337192478705202,0.4972541220609797,6.797895166582951,14.747183583771893
9,142,5,304,0.5807029682634242,15.6640625,7.521695753450379,0.6664384909094855,3.3889483602075927,6.202663507520564,6.737539424815823,13.344881444927651,0.21972968130517034,0.9338605326032593,6.004245785687428,12.12123572786373
9,143,5,263,0.5867300486050351,16.375,4.610780089023438,0.5052911266420819,4.453692243301392,6.238243734475976,6.203919927527244,15.589504255226519,0.3569738343339189,1.074495780801181,5.507671048084048,12.672290082651143
9,144,5,265,0.650134339776015,17.90625,5.205054291506706,0.6397218163300182,6.55634804570681,9.856300497259435,4.739275533516317,27.434965832494324,0.8423258289159545,0.9955665067448061,3.406103845107719,45.41815123961487
9,145,5,266,0.5975157425710853,20.0703125,4.495357401773719,0.4834867244582627,7.692985037935218,10.339741248666222,4.340900232054774,34.507411464045006,0.3490532926808339,1.0033991780557767,2.991130404508766,44.398160597117474
9,146,4,285,0.6050314484420465,19.375,5.322877186577625,0.555150758270289,4.197112859785086,7.537134761517412,4.372998646781634,7.920769100567133,0.3469107945627716,0.9766983320030003,2.721568984108253,17.91527371298857
9,147,4,301,0.6723405828507535,17.96875,6.677861349929617,0.62713668614238,4.662635229725313,8.627937210254041,5.604622579748504,7.591793365174324,0.3311813171942574,1.433464022553855,2.4213926928185066,19.905501891110024
9,148,4,324,0.6173812177903443,17.90625,6.205734245405221,0.6827032011671157,4.297033259897046,8.090444788204824,4.208876868798427,13.725215452103015,0.32215624899139517,0.17895682193465623,2.5646704042248385,16.946966903418556
9,149,3,358,0.6229592214464101,17.140625,6.599411797048781,0.794274547074127,1.2325651412559104,1.1961423461790521,4.3039227349033515,3.8011507898597414,0.18156065497423457,0.22388271222991443,1.9897513053218707,0.7741987521447296
9,150,4,381,0.6916449756066078,16.078125,8.529822566179966,0.9136746128032117,1.7155428584857548,2.116852765301909,6.154841843160497,4.065654125057682,0.5949475108715365,0.4642233129464628,3.365048665095096,4.53169909735666
9,151,5,400,0.6335584446419018,16.890625,8.06286162097648,0.9304938466148855,1.879313323239593,2.168431172977529,4.188072666296263,3.8045120249602196,0.57881121501719,0.6126374155392079,2.3143378797738445,2.327775481564252
9,152,5,386,0.6422426534157369,17.7421875,7.593799739831701,1.0546118111131353,1.9226859646933336,2.5337340584805195,3.987795782688327,3.6645194503231346,0.3801226836577438,0.3735810389210534,1.2616979428464516,4.750392156268558
9,153,5,379,0.7151615486588605,20.3125,6.650817059376797,1.2969587217135337,2.414716937093085,3.2321472690690056,3.7372539890778667,2.9759347126274798,0.39696416683677804,0.8085284128241812,1.368452456016954,11.435913816794717
9,154,6,375,0.6637785649477995,18.953125,4.824597079591879,1.5164198034088534,2.3740706313785114,3.737703724686806,2.491647978587058,7.753642060859768,0.5177085820095335,1.1458149545832637,1.968426580122716,9.977734249967396
9,155,7,374,0.6747478989680419,19.515625,4.129900797436095,2.8072529714029892,2.8814256738566546,3.4766756525989067,2.3698271397388826,13.469925103165105,0.11930224785366564,0.22389243392793784,2.1388618902715835,13.081745998414192
9,156,7,380,0.7528603221638781,19.421875,5.1457713119167785,2.719354680174293,3.734553199280487,4.480047835761685,2.6337162787600974,19.32737531316267,0.17745978557467687,0.2497614979051636,1.2680978717803781,23.288142757970665
9,157,8,381,0.6942576972259424,18.921875,3.977258920340674,1.3831142307995183,4.311035494504964,6.921410145810823,1.6193807089234622,23.592268468934876,0.6664477809285574,0.734013773547777,1.6859762006601131,22.504908646740184
9,158,7,351,0.6987012621076488,18.984375,4.405731222976436,1.439634398246002,4.608803627888388,6.177624670734451,2.1878821019169985,28.860237200124693,0.12209852352458209,2.4992009590608304,1.2688135573661616,30.48814562656245
9,159,7,352,0.707932035096948,15.8125,5.214277363593222,1.418040216009596,5.845915060631247,7.995665877687461,2.8270612397544195,38.71162273329081,0.45977589091322457,4.757987161469491,1.1707143306892682,39.87002026288065
9,160,6,368,0.7867759184002403,18.1484375,5.81402953064262,1.4305974466008906,2.373990507574632,2.9635719208002644,3.2472610504759603,3.922593436176635,0.40698811946248414,0.9343320451917668,1.0736221074208125,9.49130211555693
9,161,6,350,0.8689082235891534,18.875,5.316954166424803,2.4180735025438826,3.0733214507857265,3.973858870053439,3.12828339546694,8.358358375750088,0.2604020378270724,0.3384111256185523,1.3949072193852443,16.74733176591986
9,162,6,355,0.5880870344289207,18.578125,4.013265605566951,1.1176452110312882,2.248588500537963,2.9300961260926783,2.336579824421402,6.45360706545077,0.5964460185402896,0.7876328587953592,1.3227236290753988,8.862155259422993
9,163,7,355,0.8149008270965461,18.984375,6.233087161241464,1.5340933715080356,3.0944022564298934,6.098738997142917,3.1082414276113073,14.40653054341668,0.5347712546403796,0.8244678880681996,1.4501122209120028,19.53639779533772
9,164,7,356,0.7477970298379708,18.2421875,6.239453249480415,1.2104993080852897,3.6129378574493067,6.606032948284517,3.689498563225948,13.101150935712402,0.6736995516347117,1.2038438439479253,2.4047915837804714,24.577315544907265
9,165,7,359,0.8328607019187191,17.953125,5.638986866711805,1.761450281872821,5.43494096870386,9.17766563600102,4.020399066369711,22.363650469739248,0.2789131445493968,0.8940687618593023,2.235222809915175,31.788684450629404
9,166,8,344,0.769380668747183,18.5390625,5.859850073620151,1.3644985304178752,5.109311278678821,13.49092411935206,4.639221241632865,31.223949361113313,0.15761090010161333,1.0247673850579069,3.8368677059364433,36.83022358696211
9,167,8,340,0.7781187703858556,19.2421875,5.366677273401956,1.7924373963940186,6.823510933027599,18.015455381634517,5.315000441742637,45.38948867120292,0.6878352974766028,3.584659320799394,4.409373472153635,50.04646981861049
9,168,7,319,0.789539718654589,18.703125,6.005837080291923,1.4077633416921653,3.4830767598878953,4.398630655551857,4.245296967256696,12.67466232315196,0.363727929550507,1.722544199031684,3.677787713667211,19.621568884288266
9,169,7,309,0.8024356825949259,18.296875,4.961902306468003,1.6228197685724293,4.580886378201047,5.9423357240536605,3.8171376316432046,20.847642990392163,0.5121838791579741,2.804239680449351,3.518188380113841,27.072099369236476
9,170,8,302,0.8024310892024351,18.046875,5.384868679834907,1.9720632261837494,4.4703892910953655,7.866623735156608,3.8469333396825602,30.144994680961844,0.5015093323916686,5.221353783593373,5.822678650954129,44.62260660187599
9,171,8,261,0.8024264966494988,19.125,5.187075619214051,1.8503377500750862,5.67675567006156,10.74648321178308,3.6565858719452633,44.339301726702445,0.7453453731532903,3.062531602201034,6.001070227355928,57.194775731162245
9,172,8,241,0.9694020579859417,18.734375,6.2757574148010065,3.962961506522636,7.826189641166074,7.736496038181949,5.4634010107705,28.779555080698568,0.2534105204192746,1.7106212868551927,6.206059902674831,45.62544035146585
9,173,8,195,0.8065125872978699,18.4375,4.0632489091479576,3.6473016585060702,8.130926650100125,7.6688832642095255,3.5038537879041214,36.53556696401341,0.3043066030565505,2.713407444301591,4.468795839370425,44.924658960993185
9,174,7,219,0.8042701329961929,16.796875,5.052657223805751,2.9972272835732174,6.5415806389102125,11.480679800364088,3.6623142679185112,35.23361663146375,0.331026741746813,4.239395309358812,3.793522044036935,42.24200903638816
9,175,6,229,0.882489668206004,18.59375,5.361200200728541,3.291741523149498,2.986116104653884,1.0214382027047209,4.030607951217777,6.405087160277144,0.25141714665947285,0.43372413377835306,1.9222446311986232,10.546042222333558
9,176,6,235,0.7957520933740363,19.125,3.9122199234547295,2.911633725423341,3.1618053896812026,1.4073409858794208,2.7076842413473647,9.604033186385466,0.3597577385391641,0.9371542113750932,3.8653990387115247,16.252296217016852
9,177,6,249,0.7927515444028328,18.796875,3.9164967298244657,3.625328605834426,3.8584882100579874,2.1122476382353783,2.6702395204259677,13.046545128282828,0.23527483202970234,1.0268742679058287,2.387185935841165,15.371273633408832
9,178,6,248,0.7874550707980174,18.265625,4.683738473564729,3.2478373248455976,4.767826565176618,3.1238843294308483,3.830518122563414,16.566053307728907,0.36345486357337436,1.6098837292909531,4.702724298850717,24.303481328859384
9,179,7,264,1.015475196561033,17.3203125,6.515036996504467,4.109852790575911,8.058554666419655,8.570307842646683,4.647119661237541,32.91100859281845,0.6171218922487702,1.864218076899326,6.61564850675311,40.61166017029753
9,180,7,206,0.6241970751410387,22.8125,3.624881545914997,1.1134037957482315,5.648163854283331,6.568999173753463,2.226602741592969,25.554411196505367,2.903173282420067,2.270518271448218,4.021326979238237,29.90982113452744
9,181,8,200,0.8545954595924552,23.5,4.779663788654002,4.2644494793581735,14.128509264473909,21.95560129489657,4.180170986871798,49.09273439948289,0.3612973845801291,2.5170991533906,4.8707206552777595,56.58237473519259
9,182,8,221,0.7727969272441986,19.875,4.375919437155784,2.851512060893452,4.550878408168362,29.210722759238354,4.231929960577882,38.48547715511941,0.5268084908695092,3.200205840001052,2.84089795891854,50.36472503835585
9,183,7,231,0.7687296861002609,19.453125,4.458635051973244,2.6770276929839025,3.5555785130879416,4.927013710646597,4.566629944564853,5.573670208199395,0.33073011838422,2.665826591452019,3.428331086803327,7.638358485001005
9,184,7,244,0.8431778615908047,21.3046875,4.591320553582689,2.6239133064338276,4.494509638624401,5.835238918622574,6.089215438737636,9.019184336651293,0.5499360701900888,2.9404278224692426,1.5604031002843797,11.642526105392198
9,185,7,241,0.7633537170993336,18.484375,5.318123771981687,1.4598048190031363,4.698283397758557,5.763608834501019,5.701489188733243,8.974243143683838,0.7152243363963413,2.2573123822666523,1.8491937130137068,13.969101631771444
9,186,7,267,0.7593529646356899,16.71875,5.555566804722881,1.2101857554505429,5.523601206242769,6.43411123097578,6.56492707838917,12.363613085927833,0.42029109691530037,1.1745208958708195,3.602613082010865,16.148647197477665
9,187,7,271,0.8265265905610231,16.5,6.177359257562276,1.444797330750924,7.250182880843502,8.389626420797287,7.771878579862549,17.655825006607657,0.3092787024285366,1.0132034422737077,4.627198979208627,22.270298615769832
9,188,7,239,0.7456972591078228,16.8125,5.654284797736358,0.9106849822880273,7.836886985054476,8.596118599003491,7.0598902320380335,19.767149626809097,1.355407206759002,2.803969927202677,3.3839590593063176,28.02924733220934
9,189,7,216,0.7447972166551483,17.6484375,5.728685190434078,1.1086098279139325,10.403482485397465,10.040451137557064,7.205047752014141,26.213565518796962,1.6806886641088759,4.532742258704498,5.6657436841770785,39.97254056513848
9,190,7,212,0.8179347341961613,17.609375,6.051345571394002,0.97111486032629,15.693606176908824,13.034370702604392,6.6374495049377815,43.6132145198034,1.034844636913381,4.817445545429058,7.366678097093871,58.32300631403567
9,191,6,188,0.7400547115775947,17.9140625,4.766449306520764,0.658334263934792,7.114799331715067,21.553159330722075,5.48890465259573,26.733319412672973,0.7128544553714973,0.9734656635653193,4.90282897938771,33.45423042307035
9,192,6,197,0.7372507021625068,16.859375,4.916369151167479,0.7651910725600108,8.904139254007301,27.36149376055395,5.583027886445077,37.69241613595144,1.1601350713428458,1.181969409059374,5.440929101063668,46.79314626409928
9,193,5,220,0.809716700845246,18.25,5.9547982139361135,0.8796455313861474,4.6400883429132085,6.9093056443648955,5.762115170448649,6.052507937618441,0.7159840728501515,1.0123914619242198,2.1790992969370233,12.918089564053366
9,194,5,241,0.7361371825760987,21.453125,5.926255594774428,1.1881554252479916,4.687490951861424,7.043596137239922,5.589500900147405,7.473575128104843,0.9495331449964027,3.397489036547761,2.883056768962735,15.257853779778188
9,195,5,274,0.7371461384299087,20.640625,5.793964829740522,1.3069159752620747,5.632709667718293,8.077675529747676,4.714389771393543,12.824905177966166,1.2068617389129954,1.9637139898442337,0.8366630579956209,16.61916751122219
9,196,6,247,0.8108425913362887,24.953125,4.5487786692993675,1.6865661057985004,7.2116686912691,12.701485836226093,2.8609074854839287,21.241565803404317,1.171746282409602,3.4309945969624964,2.4239821118635376,26.403013073046505
9,197,6,223,0.7427484219228406,25.921875,3.8249366849955386,1.94929958032447,8.1445907902771,12.437094952766738,2.1502088274666917,27.03256955050102,0.9662898169578471,2.5032503737489544,1.1964600641645506,27.53503641652629
9,198,7,204,0.7429131877789602,25.03125,3.750793680009833,1.844810558981567,9.194488544157753,17.210810272089283,2.6946689713193064,34.691417256677326,0.8854424296395448,3.261296942650103,1.8626629543745574,36.345628903268846
9,199,7,206,0.8157467268256049,25.0546875,4.691519177489459,1.1717831100350187,12.803088827319089,21.916112058568842,5.386928527364489,50.22474016734234,0.7111484004932082,6.722171917621275,3.5446111390696635,57.91587375847868
9,200,5,217,0.7441291696109005,23.203125,3.9830820509908804,0.6875041196449773,0.7146381214089724,0.731574475432513,3.7582920525945043,2.9039764278512683,0.7445105994486936,2.37933378144599,1.0043621922605739,0.5129876744602779
9,201,6,232,0.7453390856643863,22.6015625,4.471429535488159,0.8618737894792742,2.5691606849900825,9.152310419957978,3.3760660738900876,10.219973296857937,1.6831273081754796,1.7376004545249628,1.4376422830053348,11.264489476656328
9,202,6,258,0.8233067242642083,17.8359375,5.670863502654866,0.8215498757619714,3.2015296333050776,11.737183638956154,5.032386108252497,12.91055225524851,0.46758277100686696,0.6947201278351189,1.968313137482069,14.933385587318613
9,203,7,277,0.748219105314649,21.703125,6.210859929403547,0.9260680763172363,2.9995629145686182,13.510903332076799,6.2135535140015845,13.631737502176954,0.4216704296620934,1.1681630243050858,0.9626752238100416,17.787069913922384
9,204,7,321,0.7498847848500133,16.609375,7.378356902208561,1.2274491893299184,3.4787421723813745,15.841640916645327,8.0253586038669,13.841232465173563,0.6429341911870456,1.199998832923556,1.715396062246327,19.45256591663403
9,205,6,328,0.8248026006497303,16.4765625,7.8906860797506315,1.1878366497122927,5.312989875323481,19.216519669706763,6.979950707532414,21.275195548350233,0.30250626698186434,3.5615692540136905,1.5846215132027264,28.166146006020465
9,206,6,312,0.7531996124910493,16.890625,9.50933688541383,0.9982575381007771,6.056958304809809,21.53715448048823,8.01428666818302,22.139406803161258,0.5409183001987463,0.8684759000123339,6.703097864142402,36.10278144962612
9,207,7,292,0.7576169533546825,18.453125,7.942899948924834,1.1601143882865204,5.502616653367211,29.60902187337065,6.462219061562283,39.05537491774885,0.31788404195319014,2.562340180370005,2.814886386268611,46.654468427059726
9,208,6,278,0.8389649255624878,19.1015625,6.935406267515512,1.3182644450477403,4.521313308131781,9.624384794254464,5.16590774077636,10.1289917318948,0.4059688128116058,3.062346327685659,3.319023883573593,16.61514933750569
9,209,8,254,0.7688536814231853,19.625,7.202504114915296,1.538993140359035,4.339479227475854,11.899641674384508,5.915800243068463,8.998309717436463,0.4736993673567926,3.0612020518891954,5.835445086841674,21.099452683664556
9,210,8,225,0.9271111646807605,19.734375,6.742542184487747,1.9558136134662885,6.2766088086141405,16.93820655935386,5.028766092207754,20.081341893753603,0.539478571821828,5.620493029646055,7.542458039213702,33.60669265576196
9,211,8,187,0.4644480698764031,19.359375,3.1016279390745254,0.8751367431815561,3.462954839384252,9.118973627565254,3.568309644653625,9.903450718225733,0.23516145304256247,2.6814496246082973,1.5130758279774033,14.135784223438254
9,212,6,174,1.006439312886895,20.15625,5.925065212310212,2.203683143601152,10.609042135742165,28.021826284922057,5.507854179245711,40.85751506196519,0.8756640493474398,4.401918889561433,3.3166799413084203,56.024258883245494
9,213,7,154,0.7728321924192615,20.6875,3.104512257333866,1.186756444923442,10.680730527070533,28.74770039853048,1.7160524368028538,50.32222681237093,0.684296908373985,2.2522542586326963,1.6666059674367641,54.127167723285815
9,214,5,169,0.851515822279376,25.03125,3.15386694041623,1.9310321411990257,0.566985110247551,1.0342910683794186,1.242241944823091,1.2533072593207286,0.27035942655361733,1.445896445379443,1.2090804232737142,2.021830402626471
9,215,7,198,0.7749831061725311,22.984375,3.4652850952299197,0.6841089442089829,1.1280916200512021,2.9070417718370356,2.733164791846673,4.083417908271366,0.1491714594784298,0.521173271731917,3.035101161538215,6.044600362944413
9,216,7,215,0.776375995832582,17.953125,5.042292543971294,0.6203211107756504,3.7068813548174133,4.943117290268424,5.102205190777457,4.282303834770227,0.41288053574933936,7.163039077311952,1.2413760169343682,13.880700569858119
9,217,8,241,0.8619826397168067,18.421875,4.829941473115272,0.7652339554003157,4.719289025762224,9.195474177171729,5.167741977190472,12.284377876173544,0.7548603471757812,8.846530621759886,3.609506538000077,24.32691571894673
9,218,8,258,0.7870194435462625,15.44140625,6.058177483715742,0.9054798112261188,5.105897627834613,9.79450073445321,7.979635708319249,6.935700343957835,0.5592582316001323,5.394971103298032,3.008986443156587,25.494963106601002
9,219,7,296,0.7908411479428846,12.0859375,8.817815243819094,1.0783016507622019,1.9989031658550525,5.907266950209225,8.291495308904247,11.897730821399549,0.3214119102811546,0.9259909836468377,4.736251734747882,17.79978848270634
9,220,7,341,0.8632169727071043,12.3515625,8.657083295460188,1.1135877630362359,2.6356042623169373,7.89203136294063,10.38358946513114,10.376662113013335,0.6465211763364453,1.5186620453327055,7.119580345554141,24.76151475395444
9,221,8,325,0.7833522265456078,12.25,7.957969088327261,1.1045801312200705,2.47780691785732,8.822456366227573,9.7021286249247,13.217501412741115,0.707825352383003,1.7134351974794013,3.5253813660997464,28.42826594865004
9,222,7,308,0.7835773274025314,13.9375,7.031220702578315,0.9471177781422796,3.445724404002883,10.494984965672975,5.053983541510269,21.61221538616274,0.3518816078544697,1.4751624000598342,6.8527191182304845,34.775096577991285
9,223,7,316,0.8628827222416139,13.6953125,8.296234697609798,1.2047513543902002,4.896225267682183,14.838584581497845,4.649661478882595,36.71151834792522,1.3084422953485648,4.166416069260661,11.338420070802265,51.22580447408048
9,224,6,312,0.706802623755324,12.54296875,7.483252500553161,0.793456899393119,1.6105122528333573,3.072577344613541,7.398017764110191,5.280725958989796,0.8448984277444561,3.846880384144513,5.800259722508837,11.362796827049602
9,225,6,314,0.8641073558820886,12.625,9.283130798422428,0.9771330146008055,2.2905052688253837,4.540067947687595,5.319806901379463,6.618714801159903,1.5752946345916872,4.6867801565844465,3.857779856886455,13.714774035563773
9,226,6,312,0.7063205973135323,12.4453125,8.101362782447247,0.7600284168683124,2.1576139462245756,4.271838323752994,7.979215464551199,5.548143630126735,1.1716261443177927,3.2382225877503186,8.264056298778108,16.774083925911853
9,227,6,300,0.9389805617034386,13.01953125,10.199457598131124,1.2830756477479093,3.467078943667885,7.067925887868143,5.0864627415553745,17.046725984781126,1.2685750519510537,2.7423376831446062,8.988999254933887,24.478643321762412
9,228,5,289,0.7799848481453776,13.015625,9.133621610372785,1.1325239330460086,3.382395141470032,7.75191706936648,3.9431643432817145,19.195500126294725,1.9024901794287796,2.492176231431881,9.65947797264567,25.178277693121977
9,229,6,276,0.8558176959099217,13.4140625,9.10256426785677,1.3631977559708708,4.870773757483293,11.17543263859205,4.686395859396459,31.60029942526696,2.702664937939539,5.301934000076436,10.990579551939202,36.51245115090492
9,230,6,287,0.7758596275703048,12.7265625,8.90570594160775,0.8795111103241862,5.414428968828899,13.298591661144034,4.501722254452911,36.360944166833875,1.5943200229977905,3.1677834602660404,9.283091180571004,41.50802486062267
9,231,6,277,0.7741015154506335,12.0859375,8.26945495607779,0.9554283983198814,1.788057253696171,5.672877305432598,4.512152698378616,14.836482554852358,0.37811721877640614,1.6965947174901987,8.066209827655712,26.525576597649447
9,232,5,282,0.7700584527800567,11.953125,9.254738071362626,1.0556935667458553,2.2672357730977875,3.4876572400101016,6.8828865883558334,10.753828306227522,0.37439132082162924,2.0287032283983217,3.5755423518782576,7.223187745018735
9,233,5,299,0.8404819214177437,12.1328125,10.394562782616518,1.075732852821392,3.00020677182556,4.083974747189415,5.6291256273962516,5.10089050463739,0.6693716316098043,4.722269890724639,5.491598042962566,13.004384473947564
9,234,4,310,0.7587162911931893,13.22265625,9.202226691820544,0.9120024617320774,3.1896967433616394,4.435430646070737,4.917864254314528,6.01943296463133,0.6440672966685786,3.979325823373687,11.390011366760799,19.377973923255063
9,235,4,290,0.7553694347905973,16.796875,6.349035513806053,1.3607078185163253,3.9203616552451424,5.444963055032251,14.5008695646385,24.114462323898998,1.118198996676742,1.3792842408272228,12.429522376187796,21.22533446168889
9,236,5,312,0.8286580745580024,17.9296875,7.954003938487588,1.3345016294865637,3.878490824931246,9.505957228280577,5.349016819017561,17.725068793778224,0.22369122464384916,4.5368271709058385,9.730429263736971,26.300202707138702
9,237,6,320,0.7524246722552268,13.6796875,8.04261099772311,1.6818618077307042,3.4087290296116652,11.966823560239023,5.041659656837619,18.365074570421292,0.4856519085611938,10.916192209761705,8.044750436205126,27.3275921391761
9,238,6,281,0.7518123947742661,20.109375,6.219644800816816,1.4988146454975635,4.576402749772741,15.626693704648877,6.098949016346255,29.411850921871142,0.67181989749506,11.751670634127823,6.836051189937853,30.499442989342974
9,239,5,278,0.7487320539368003,17.9609375,7.859323295175573,1.6970244850045053,2.559815953393983,12.773406233461895,5.7961368581511,39.00289426324468,0.2368958433681126,1.811388435501475,6.648925390280417,42.49879214379618
9,240,3,253,0.790783664849515,20.125,5.441908396320844,1.763745013324643,2.94445491874041,2.8581297417025078,9.835226178035565,10.969194005398776,0.19543394211549886,1.2645529831606248,7.538695984905292,10.654262667006646
9,241,4,238,0.7907684014423594,17.28125,5.189704756730858,1.7979239213562472,5.473629586882739,2.029988291479313,8.055922737581827,15.39562103596429,0.6812748873059937,1.2473525946875383,6.8848128148412036,14.963825860200256
9,242,4,225,0.7907530571821871,17.390625,5.355984761785182,1.410043889738782,6.734919454704689,0.9466336812796943,8.761920704390853,17.399598778408638,0.4575460220224177,1.8205131684916567,8.77397429455833,17.45788152437185
9,243,5,183,0.7373826245394607,24.640625,2.6542232585686465,0.8274410827718042,8.476234279275783,5.991269063610444,12.672023869262002,23.792020717949114,0.8415085400912642,5.755785586176116,6.479380254641962,23.96011344591313
9,244,6,163,0.7627507942584605,23.421875,2.879566091495504,0.4764783221357818,8.788123292804205,9.835923873607245,12.651750856624357,42.377069600337705,1.2584443702866648,3.552059979701886,6.497714811260737,36.210745209446316
9,245,5,163,0.7626418736882523,19.53125,3.6751661567283835,0.4776280321158098,5.795893605241086,13.96392485584212,10.488321619712583,23.88093573821409,1.2564429404510054,1.4542782243255028,7.677345717907629,20.359416102800655
9,246,4,168,0.7139295979633293,17.984375,3.2877459957891197,0.4408729038846918,7.330666497080211,13.433167591440558,16.779859312270396,29.234062992138504,2.38452990409774,3.0617878860315844,10.128484301567674,25.113128193359138
9,247,4,194,0.7802815022462949,22.9453125,2.642197145424804,0.7630034884445405,10.741436115599372,19.159920046204547,23.08166705798773,43.911580949894216,3.6639193234483898,6.826501806318856,16.91624791934314,41.71994556819367
9,248,3,183,0.7112446559704402,21.453125,2.2057329973487843,0.7312335973580717,4.6545155122947355,4.59380709342585,5.983717523919207,17.50537570113922,0.8754034246553377,0.6184061178231401,3.082408420185071,11.75292602576379
9,249,5,176,0.7092948321238207,24.078125,2.126987833149898,0.7992805286457572,1.94967925825238,5.777084219802985,7.358757482649209,22.147254668056306,2.317265419316814,4.006612901951369,2.15706589385479,16.357029246380392
9,250,5,193,0.7747799760488986,18.3125,3.0917309138675706,0.6655182077002134,2.634914854887252,8.606137313630384,8.412455163474174,31.146314224452528,2.597848195133316,5.340879164555153,4.546905166160242,26.301215432058594
9,251,5,200,0.6984042099561126,16.4140625,3.734434715459071,0.542487010066034,2.8865363082970132,10.553465692533496,8.399433761916518,35.98064248126974,1.5084719913343096,2.5372386975828665,6.289364664655115,32.6780524529523
9,252,5,221,0.6917635823734781,13.375,4.990318017976856,0.4593226721335423,3.85409188418888,3.06764085446277,5.550546696056994,14.339807999507585,0.8856065078733694,2.4534028700532384,4.133104949288562,6.4506033664575835
9,253,5,237,0.6864091163991234,11.46875,5.880626366664679,0.5010616005878167,4.560878969449566,3.8510760729848816,8.301768307072027,7.441468539882798,0.5632732825765359,0.8040611218933793,2.906367795816584,11.661611144744494
9,254,4,238,0.7487735729429277,10.9375,7.105240443607359,0.6560403387440011,3.4342573993346637,3.866779192292103,13.395905995293148,10.84089383632089,0.8007288034361562,1.6844345888409753,3.2532946123183537,10.381391431904103
9,255,4,237,0.6749797919037538,10.015625,6.226319514243304,0.6461238872450783,3.6067603275860494,3.8242052163147138,11.340477274845586,12.379271408679283,0.6537637643160099,0.6205826656430526,3.6923054530797303,9.517542459147222
9,256,4,246,0.6801469346531757,10.37890625,5.831301808877349,0.7229898475077647,4.423824876668402,4.97169567991005,6.520920159379729,5.444604258803029,1.2924161671429217,2.2355988711150308,11.995150378166166,18.00661376312314
9,257,4,238,0.744121530907833,10.5078125,6.724813411567176,0.6502363569219118,5.86518145950899,6.795526186705991,8.40623947819661,7.380393143351242,1.7547522527885646,2.3874780662354858,20.924567924639522,25.292467807386277
9,258,4,240,0.6677918268371651,10.36328125,5.884113219606365,0.6105300807145405,6.338779716581192,7.70119476224475,8.443007918859108,6.838638372115175,1.7283645486193917,1.8483451759102207,15.376046847377935,24.18749553462704
9,260,3,251,0.7386921169716368,11.6015625,7.553997877112685,0.5928861637005065,1.337388995838065,1.2997507241324104,6.472253104698273,4.06670762949483,1.1638266325196882,3.7021916552399095,9.365770831158828,9.962296507308674
9,261,3,239,0.6668224091428707,11.6328125,6.400851386282046,0.6216017451008171,1.4490028007415923,1.4049889776384556,6.162163004122898,4.105989166900258,1.8489001921399875,2.206962235991171,15.879869957595323,24.06906417655602
9,262,3,272,0.6667808821647382,13.2578125,5.28694812586957,0.663321318419356,1.8272313046745314,1.7676309419146825,12.189261901684711,15.366392715278629,2.058073210583301,2.903423102991105,17.399148883168124,27.600941404618702
9,263,3,260,0.714451332604515,13.5625,6.168969619912992,0.7112772805144969,2.0866344465420026,2.0139629107374413,17.402304533832652,20.767452341232104,2.1895856899424353,3.4292972659695975,24.252563954673874,34.64318783105181
9,264,3,242,0.6480989725996525,14.3828125,5.070163392257096,0.4838284573748473,2.5945409802904003,2.501490851156811,18.341135564512488,26.739225013296057,3.3419509133833296,3.2776602143158637,22.9596502781656,37.167495623556306
9,387,3,564,1.1006729091496839,18.359375,10.704645779152031,3.6512355592536716,0.520448506303548,0.5182167329948412,9.164898533573265,5.497824539068487,0.1080680800907195,0.2753552534027314,0.6591850694362426,0.9758796949501354
9,388,3,573,1.0068283520806087,18.75,8.280332100384435,3.4964669022507016,0.5181575250546463,0.5157343705007268,5.873596301086971,2.3927873019819015,0.08733105532542575,0.1314736396606489,0.7765348093915758,0.9121802483560589
9,389,3,570,1.0145018863937834,18.5,7.415264870168581,2.6037635866985998,0.5898206328714771,0.586840929660242,5.900791400404164,2.8784151690857858,1.157913452284466,1.3929719169273502,0.783181347354004,0.9616547457174908
9,390,3,563,1.1218509530940846,17.671875,10.76355863589183,2.887444398544707,0.7412060856391705,0.7374139691080555,10.715437369689832,6.984240602626321,0.9023053867007834,1.1951543252489865,0.8519375606559297,1.2736017387503766
9,391,3,562,1.027459139010825,17.6875,9.140428747053738,2.7258344114985773,0.7822704928837844,0.7782675998355765,6.920933928448996,3.1516397836724384,1.121163908435614,1.753021528776814,0.7772704078894462,0.536494864649674
9,392,3,565,1.0286571136266038,17.484375,9.195043756125182,2.9087239012417165,0.8808259367981941,0.8763419009910254,6.894564699207089,3.2372847340766615,0.72773393365068,1.4236819240618734,0.39836592027921897,1.5245583870226942
9,393,3,565,1.137062580208148,16.984375,11.36712754524795,3.3957606727653444,1.1259093573998198,1.1198254820368145,7.957821511677261,3.4812639707453092,0.5115171479140151,1.4889425026483303,1.5022461387821344,0.5352008551300111
9,394,3,561,1.0390722589542511,18.15625,7.823433171307354,3.035511503524965,1.186568814838056,1.1815219105085382,5.709884486275594,3.546324986993055,0.40823514782083387,0.6796204733488469,1.4223700774053993,1.2613497667314848
9,395,3,557,1.0423261532282992,18.5625,7.512012444479675,2.715287873777676,1.386942465531052,1.3813028783542163,5.299042561002888,3.237869215206534,0.7743931679611377,1.5007484091657233,1.5088353640785206,1.8757311924986104
9,396,3,553,1.1522343821188894,18.5,8.581762435159224,3.8613212458316117,1.8191177695016005,1.8120594169348165,6.235143933867445,4.562952615020416,0.16223071171746992,1.7007532212497658,0.4288405032602366,5.5343404175176225
9,397,3,549,1.052705279901713,18.296875,8.259330990579029,3.392054354229765,1.9600868691937186,1.9528605147455054,6.091793591892973,4.7376212349334725,0.1658446168396201,1.463537710670907,0.834563880066881,5.238975837758965
9,398,3,546,1.0600159802025064,18.2421875,8.660190114289495,2.9560092340049504,2.3856821043520546,2.3759678449128665,7.398367832355905,7.073421228962475,1.8304503604889883,4.811872909910173,1.2559025341744525,6.107235594448387
9,399,3,539,1.1768201338825315,18.171875,9.794522774928064,3.990317110671506,3.25548466011898,3.2411143362319104,6.5499665575281565,7.351464441403302,0.35907187811659763,4.068300608098216,0.83599724670707,11.58885830629628
9,628,3,559,1.4619815202429258,16.484375,18.78075695699906,3.022897230405053,0.2896400417506677,0.28947653611897917,19.121995047503773,12.268867610478909,0.6621585761672373,0.5253807325302547,2.0192196084232523,1.630611061752538
9,629,3,559,1.3252320054636404,16.1875,14.895895341434791,2.9165827261720305,0.2822246857041067,0.2821473790654302,18.311436049458422,12.448116001307662,0.511396926848275,0.36173279811797504,0.6794148272611381,1.459481295841885
9,630,3,561,1.3202523146543286,15.859375,11.507456989582842,2.530764570581889,0.309898667542832,0.3097611896880804,10.223902631147176,4.187296905191319,1.0927937430745405,0.9560636852383565,0.8350159829145849,1.9796175550161896
9,631,3,567,1.4471566926734536,15.9765625,13.89411345585131,3.2328147174015385,0.36875451987105695,0.36851507312036336,14.073564679329147,7.2790942335445665,0.7279240714348459,0.8996801296110735,1.3649512833695827,1.9406438259134455
9,632,3,561,1.3096479409743647,15.6640625,11.663591370136443,2.7192942691218955,0.3619903054485283,0.3617249385842378,9.932463668508689,3.5526837797568636,1.174432056659874,1.2745487413116536,0.7849837707884634,2.5801432905685653
9,633,4,558,1.3028786046777614,15.6640625,15.564669398457038,2.907465510811879,0.4544160897623232,0.6715027176863502,14.794880637160226,6.9676184863766295,0.5301254662949543,0.9468919059011698,0.8980008957940862,1.8749013282326235
9,634,4,556,1.4264281526158824,14.9140625,15.338274055099408,3.0252938150435638,0.5533667313641292,0.809036366242617,19.449825393758047,13.40968342995134,0.8196385653861444,1.3544799969207566,1.7740326529693544,3.3586116059932056
9,635,4,555,1.2864854650709545,14.8359375,13.770341927379869,2.631215996640806,0.5396704318872731,0.7807951897773148,12.949231000369466,6.046496625630086,0.622347298044416,0.9736305017587231,1.0124539505523544,2.0468562994889146
9,636,4,557,1.2754453357570636,14.796875,12.144404248324546,3.1645459926091593,0.594966178524888,0.8541498430262653,10.883915463741769,4.798969100617964,1.3259511690069874,1.9037064320342707,1.1305800676107522,1.7249525129714325
9,637,4,553,1.3912734531159305,15.6484375,13.535268403852767,3.0721706632974493,0.7167477136548895,1.0165200294091865,15.348175309629578,9.172999509457673,1.0277001782104556,1.455355377351904,1.986676771532712,3.478801009452077
9,638,4,546,1.2524365765854677,15.05859375,12.932431176684439,2.1996322924794027,0.7060111974377103,0.9888834094383278,16.63360131166089,11.201244481545697,2.071143435253885,2.1435762539365264,1.2989454662252138,1.121580251484818
9,639,4,546,1.240497399040579,15.09375,13.20454081196181,2.4527905635641205,0.7797793507974462,1.0772913557369994,17.06812076867238,11.600090477870005,1.349573864805215,1.5881181899893775,1.1921322004604913,1.3791469450477947
9,640,4,547,1.3474359130797973,14.8359375,14.411794405166006,2.937567361558701,0.9473029903434534,1.290195315198692,16.43283727750389,9.826698658555996,2.9209354362518556,3.3949842903478933,1.6372310114509059,1.1132299288469423
9,641,4,541,1.213528443423493,15.1875,12.865645096511463,2.2311740841025443,0.9641411694719264,1.2973237278557908,14.37198550968103,7.907673446070443,1.707856905510699,2.1127457878258533,1.4874421118270627,1.3459503828926969
9,642,4,541,1.2015374995166734,14.859375,12.806784120013333,2.4478329072127356,1.0705860166351062,1.4114522398356755,17.367155554305214,11.666844181449019,2.907750749580293,2.8823311730618912,1.5286432431881596,1.7385675099444677
9,643,4,538,1.197676946662543,14.51953125,12.723350236595872,2.7479294567293664,1.2101846620778067,1.5643252495390871,14.597013877301674,7.8448681019877275,1.610596564469715,1.8318931575104673,1.6180067312470507,1.9908256350594375
9,644,7,535,1.3153804721245423,14.453125,15.34824919862931,3.9745775465320707,1.952659583396295,2.7610765406177284,21.749441025017,18.71349498881753,0.21133012571977353,0.30618882717650386,1.3381314625373462,4.5368588116013395
9,645,7,533,1.199786868166574,14.15625,12.218281430089684,2.6414160322587255,1.9768665440943787,2.8200122968258707,16.9362543697052,13.237918604516395,1.1553573922178317,1.4004852662073735,2.2357451993676096,2.5516108939427324
9,646,7,535,1.200640470441235,14.3515625,12.276825936135834,2.5571234247738714,2.173549657971881,3.1583038793249756,13.2565425696626,7.209732095194476,1.1371948677792907,1.0902655089766775,1.9907907313271218,2.7029392672479933
9,647,7,526,1.3218003070545814,14.51953125,12.824248982060926,3.0000883666329368,2.6689476324465295,3.9788684214822863,16.620857230044468,10.54436201299138,1.4850923765680564,2.9604968608844198,2.390582950476811,3.3698289783921647
9,648,7,529,1.2010417292780013,14.390625,11.129469441196338,2.1254350879760495,2.7012706158306483,4.104180786042427,17.903853274836976,13.199578729376721,1.6611485886641153,1.9043596824144937,2.0083215976976034,5.412956786927717
9,649,6,526,1.2002268168112167,14.07421875,11.87790539084686,2.55982284588619,2.042251123365114,3.576600217569712,20.413863093727485,17.305900718411202,0.43558312126745913,0.693762219214693,2.3911017053966885,5.702621117718119
9,650,6,529,1.3125056235734123,14.078125,13.437890052530099,2.125540031309268,2.578352823000933,4.396909910508018,21.13524849636444,16.408517990978034,2.4197293612510604,4.095997182663649,2.3088186206075623,6.161660771826991
9,651,6,535,1.1907332660681833,14.265625,12.914326319867182,2.2173395285021735,2.6397228918730846,4.355959518883302,23.15310045454553,20.176752343125372,1.9710089103537514,4.089909182522959,2.917052566197647,12.426334352791713
9,652,6,537,1.187021542038597,14.609375,10.597540404171479,2.503863598176222,2.992623689477384,4.746139932703877,17.822633003263316,13.142855593260812,1.8328483203649388,4.415255285189096,3.176793051844198,13.543998229079332
9,653,6,538,1.3032633080608365,14.58203125,13.848184817574536,2.7617072680161847,3.715297512425626,5.789986362816093,25.863832375194807,21.392643679534256,0.17753105088641308,0.6380609529161292,3.397264434056016,17.237650852618092
9,654,7,539,1.183300581234218,14.6640625,11.603257656843969,1.9942231431083777,2.03484869225169,2.8373757018526127,16.866582017700622,12.739121235037292,1.723065177689201,2.785498680558764,2.0943676151179216,8.079857305227781
9,655,7,540,1.1755154167258124,13.5859375,12.347648494564815,2.304611190029032,2.248724107559312,3.188667143946903,16.49571436874751,11.183260922886323,0.5540244113647481,0.5451082783783887,1.9219310779064311,9.56069470421022
9,656,7,535,1.2886970813872933,14.3125,14.443123826582982,1.9339444559124022,2.751865294212996,4.015026881919585,17.494518835001337,11.24554876732481,2.2779233526640894,3.4657157063854007,3.5573931210352767,12.788302672365258
9,657,7,538,1.1707915637481718,14.60546875,12.185361817834709,1.9761972985665075,2.810618984166229,4.2075331972915695,22.58989534739251,18.90837146303534,1.2098314330767057,1.744100462837972,2.569439820564409,13.112861253232856
9,658,7,541,1.1736626295504247,14.4296875,11.316919212073735,1.9115926266980692,3.173658503446802,4.9105986466572356,15.756818189901955,11.526076901682417,1.7998861331781948,2.852288995862697,2.891317969091012,14.750539425081758
9,659,6,531,1.2909591529675937,13.0703125,16.63212113266764,2.9150418290850015,2.522264222435429,3.898100706192229,32.31996220406553,30.96643799802306,1.930823008048046,3.229987825981514,3.8848567933273532,8.824659272579398
9,660,6,533,1.169340823242485,13.21875,11.986765685529583,2.1386137126758644,2.638188767903353,4.013564038428739,20.986200844164422,16.48518511907494,2.804660359746199,5.1391826187797305,3.0482709485291317,11.128851676072756
9,661,6,532,1.1650285137461411,13.78515625,11.808401212943249,1.6039862258146775,3.0613267409023406,4.5984330092301064,17.84261031486482,12.813568819460533,2.268384951775281,3.7513336410042997,2.7023345211148886,12.576390614417972
9,662,5,532,1.279456760272856,13.2265625,13.557531491249687,1.9620787930449515,2.1513276845114992,3.664551982885767,20.591919532807466,14.566786747800831,2.529379020264703,4.147525173844949,3.5929363013218465,8.680410317709716
9,663,5,543,1.1578910561760745,13.6640625,10.675589052516818,1.6297268933760531,2.239404961784442,3.8241031710906093,17.538653270655658,12.970765863809264,2.900686500646516,4.743431197390653,2.4421867728746394,7.573105881989642
9,664,6,542,1.1529859059304557,13.5859375,11.873805947155347,1.562138895111284,3.0926915403180804,4.226831525427905,28.047715782755986,23.629196166959595,1.8951421342591113,3.3257370212831323,3.165595710334648,13.058755232592864
9,665,6,536,1.1514043026454188,13.28515625,11.964609394220929,1.7437225856892,2.2688062835207194,3.4369997314093967,30.359142138771894,27.39880321989029,1.7175597596530001,2.1043314834656557,1.3959890720145585,7.277335914072961
9,666,6,540,1.268358629017756,13.2734375,12.866685565491213,1.858936717008239,2.8610554531388113,4.281026334930293,27.283692265523495,23.271789819944388,2.1099305076117156,3.389804175979029,3.8850450059753103,11.926651990367958
9,667,5,542,1.1460227778781926,13.12890625,11.197216688427606,1.7429693971506266,1.5318637791144711,2.459196243813454,21.744935222682972,18.383999850561832,2.6689858216572824,3.7440376830523316,2.2446803106251174,6.508241686602545
9,668,4,558,1.1384743607287788,13.01953125,11.223163128689873,1.7727791859323077,1.4068212588415494,1.8711935934386035,30.886237815841966,28.12187944826384,4.69338080151906,4.830832503983067,3.689162843293777,5.504115114127446
9,669,4,549,1.246417046584357,12.671875,12.55456742203502,1.9692134983917735,1.6560089203389476,2.135493997644654,44.48068858182392,42.0854892322599,2.3229051680136266,2.310833343893737,5.614116703788561,7.823721004496581
9,670,3,547,1.126307594144261,12.9375,11.968244440097296,1.6105957599583625,1.0629046091040952,1.0623475374331999,37.13115414678975,34.459061050938374,2.681699088551329,3.2552906573500007,3.2231138093075264,2.815585416580677
9,671,4,547,1.1186174720609332,12.9765625,12.463426158724017,1.9028743966513872,1.3058606856102053,1.5226661483039197,28.214317391221527,26.547195140553605,1.8749628897702382,2.7885269065173888,3.519405630031086,4.375592384283552
9,672,6,544,1.2216104426906964,12.73046875,14.210332509653341,1.985434922447251,1.8189748414306621,2.796577935558932,33.78949995495934,36.3516673371098,3.4449663597068785,4.67870388256059,4.652207804656939,2.5073627375572363
9,673,6,546,1.106730658116624,12.76171875,12.723637423653583,1.9918867148537718,1.6740117549912585,2.554480360303626,28.36760807279365,30.69023906983702,2.737194633254009,5.360537067459435,3.07168581368677,5.686159015467712
9,674,6,544,1.1000044634157513,12.62890625,12.487897530018428,1.7457229198163335,1.7370751668433053,2.6383802924262234,43.00332545499226,49.756075334090085,2.9929074441325954,5.5994299693440395,23.461792663840782,24.607648880429913
9,675,6,542,1.2023951351359088,12.35546875,13.303621659947513,1.9194515839527466,1.9360643791428929,2.966914600986457,32.47223936880796,36.56625694800181,1.6586681940195593,4.24223542072588,26.140305266192698,27.099461785587557
9,676,5,533,1.0798171597092852,11.9375,12.62352533067078,2.121629336730751,0.8358275432594483,1.637439574493806,27.262227404343164,27.355809376047524,4.284602085478114,7.599881401004978,2.495093354799109,3.875328489523554
9,677,4,536,1.069913162662763,11.9765625,11.952074345245387,2.0540691344431083,0.48169933758604233,0.8188510263127583,33.423011528201656,33.36515809719826,0.9707706352854799,1.2208070235654098,2.226066225039481,1.637286956290386
9,678,5,534,1.0620935978867037,12.05078125,12.218622741810261,1.8472935243715138,0.9123845213630432,1.709516417773469,28.413967488634146,29.060394112798257,1.3030961965250558,3.3472432325170605,2.7384585402010244,4.1988734240654635
9,679,5,532,1.1563270519892463,12.08203125,13.869074672298193,1.8122938802248962,1.0709956994474696,1.9495716696469536,31.338479402931235,32.11297411395916,1.651112362992775,3.644912489269858,2.208822702123267,4.974707294781579
9,680,5,533,1.0421761269940661,11.9921875,11.515482418074612,1.9867430287822123,1.0571294980224408,1.8654115371815012,27.346187248474088,27.67879139655258,0.5246495007911343,1.4642231037130302,3.052693473637732,4.2869168189760085
9,681,6,535,1.0344371594521888,11.890625,11.383284498741629,1.461155354495223,1.4952677761021476,2.5403771652121976,33.786279912106316,39.423089572870346,0.9111975783815854,3.493140467626081,2.664552302437371,5.176985570131931
9,682,5,543,1.1344517582663296,12.3046875,13.628889185986132,1.7975669638542442,0.8761176091337549,1.3403735820183755,26.09941737267921,24.40389289574311,3.566327990044794,4.4365393660252455,2.686305661852865,3.268611065665251
9,683,5,543,1.029481581711731,12.5234375,11.981719377351274,1.2285729380970825,0.8715141766915611,1.365789213898299,23.028625645692397,21.686776806390647,2.5030846973234415,3.4812520284342923,2.466468164390041,3.025863033097167
9,684,5,541,1.0297885990904587,12.8203125,12.023832425178075,1.2649442422045627,0.9233208382082503,1.4995153293377228,22.433738104688743,20.95883453516535,0.8582170525138898,1.8305512550512608,2.1659416611842737,3.3201391614506353
9,685,5,543,1.1333403089109833,13.359375,13.736012467536472,1.6270278258439181,1.1034573586464367,1.766159752852298,25.11842300546073,23.41670539653564,0.7817881829424971,2.4859799848076953,2.269756128455605,4.337862843616139
9,686,5,543,1.030800297297207,14.359375,9.844121203070667,1.3240231800682967,1.0900996347028897,1.7338574626852932,17.750871069927822,15.344001329187655,1.7429192079579452,3.5692997638001094,2.472538956061881,3.8783045203603557
9,687,5,532,1.0281176271306711,13.9921875,10.491248833027262,1.3735836827472037,1.2097296100780874,1.8957856099900954,23.368929822056643,22.152911143253682,3.1914980722412594,3.960838248603617,1.9776080340523474,4.712327425968153
9,688,5,534,1.1301786693569222,13.890625,11.672854744414582,1.4988978114625315,1.4752903423725847,2.2774029029438645,17.418492895051237,13.655252190594407,1.504089815089666,2.3380478764837203,2.4456708344199245,5.846688139449601
9,689,5,534,1.0247933081776586,14.2890625,9.993312338636684,1.3358880122426293,1.4508211311865484,2.2273545393445997,15.415131836034849,11.696248599073172,1.4328115576651235,2.345127811066711,2.63916158104944,4.80583733265453
9,690,4,532,1.0227295889858599,13.82421875,10.713847191252958,1.3957362350247635,1.0145649708924518,1.1187669752922216,14.721769657556976,10.698510923683761,4.009110083913556,4.699721991070328,2.109187454060832,3.352679297158728
9,691,4,537,1.124281336503446,13.6640625,12.059671557779255,1.6891182175287511,1.2273669489886778,1.3298053372030456,24.4441625323749,21.11154031032505,1.1480132464108865,2.2653198791148332,2.1203149572603692,4.4335526368629985
9,692,5,530,1.018704435521311,13.30078125,11.61601070316508,1.1464817964163783,1.310619615164497,2.236723164167651,20.750614665923088,18.616383781589477,1.366217059667008,2.138833441154386,2.21381862857287,4.0542182336325245
9,693,5,531,1.0166781478780063,13.421875,12.4640806714878,1.1098479194351172,1.4517427642361185,2.438293752601277,30.93371837808772,31.937822537709252,2.454309626751149,3.323665264333834,2.5983067594520515,4.504987809616781
9,694,5,534,1.1117553357057028,13.734375,12.237603701581897,1.5225912212218788,1.739688618823651,2.863867387616922,17.762033491088744,13.628637858023243,2.1982782011526063,3.4071289865452625,2.424675986917205,6.806856503183829
9,695,5,533,1.00662149383049,13.9375,9.42465019747169,1.6786661583782696,1.7269941668789257,2.7737847609196997,18.546518665449266,15.51497900361543,3.2871895877250465,5.01012968021653,1.1691728344245997,6.53018421427937
9,696,5,534,0.9992231457806783,14.828125,9.55043586251539,1.352976145631629,1.877939635274709,2.9374806746526936,16.081835361736832,11.904755514957596,2.629907825089727,4.233773378037955,2.2901587231915883,4.611396774822767
9,697,4,533,0.9860147147476007,14.9375,10.092561924204508,1.3122318854034885,1.0065141085138645,1.186295490901705,17.92592961938582,14.425973502279525,2.3964372284199973,3.4980836526003105,2.5238277297869063,4.692030318815169
9,698,4,536,1.069755588391658,15.6484375,10.50782181062697,1.6349730207468638,1.2171509685490678,1.4126366062497202,20.493730465618448,16.617627336495598,0.7445289678063346,1.144216445201436,2.2938130949294844,4.4609726810664645
9,699,4,536,0.9572866114218316,15.36328125,10.271048619387193,1.420187889267014,1.177954793632435,1.3418862300703256,18.665009128885906,15.088851773038412,1.4060946835509105,1.9042147303181423,2.3578222166319933,4.079057002475929
9,700,4,537,0.9452621810192345,15.859375,9.189845174858435,1.1664449603382432,1.2711808388563748,1.419726840891585,15.160851778590908,11.092728405497853,1.5435590018631649,3.059663142381545,2.4243602718692396,4.416192077676465
9,701,3,537,1.0220248317705642,15.1328125,10.134958749863378,1.35371333371118,0.7958846626844545,0.7952985252862532,14.677310025755054,9.933887958577454,2.818717510825788,3.9523348930737456,2.9523910494250583,3.0819385850478476
9,702,3,536,0.9160535521316454,14.35546875,9.592754015452917,1.3074023874221938,0.7889246749494354,0.7884734415159653,18.601141372691377,14.51656317647518,3.219805686373644,4.0250994247776175,3.1414190522402112,3.7535253206032104
9,703,3,539,0.9038221901423462,13.2890625,9.745207244604266,0.9950447350279201,0.8557448441086148,0.8553727962544798,13.241844817335545,8.249987043960601,3.1621940976988534,3.705100709399078,2.782428501790205,3.334917337683027
9,704,3,540,0.9739521158698217,12.75390625,11.272934799956179,1.1721325489099146,1.0127221376347337,1.012381332470718,24.715755310396915,20.338033037649943,4.149792822344383,4.742889585103028,3.6237505542293733,3.4644825160500177
9,705,3,540,0.8669589911449217,12.59375,10.522089569650701,0.9483476631626155,0.9665311300878501,0.9662785480936719,23.042021207362705,19.223558186355067,4.512588352396627,5.097058878613027,2.8952535400257062,3.132333673723819
9,706,3,540,0.8470280794527866,12.953125,10.986602406906508,0.9528637302670933,1.0150123563716498,1.014811710563856,23.399112839299082,19.76803436104148,3.847365723908993,3.973247565837261,2.52195104154596,2.33413896294275
9,707,3,542,0.9107161823666309,12.984375,13.411833160231822,1.2428609011740563,1.1615331095881485,1.1612201753612126,24.718074141226143,20.04843848256508,3.2666559231346985,3.535955085668165,4.767295937502787,5.577141650183714
10,1,3,549,1.3394994029056992,17.296875,11.722658056379569,2.217769336938426,0.2890499867455856,0.2879219288819563,5.878997541357736,4.524818646486684,0.23130790690466776,0.15843902675732427,0.9131909693484467,0.9066373993660563
10,2,3,554,1.2252087770259978,17.46875,10.457791757554698,1.8467878293997002,0.25788653234324854,0.25721570301066177,5.064548526879628,3.5767902910741625,0.47571214859182603,0.36113749200390044,0.5373437481627024,2.1649188710469573
10,3,3,554,1.2321144668883914,17.6484375,10.66072539998763,1.894956998243999,0.2507056895464561,0.2501708630204142,5.293172019087421,3.9748799003179816,0.30589326578649434,0.17293340956279135,0.46616684073422926,1.7560014727131157
10,4,3,551,1.3659068519460613,16.671875,18.532606691055,2.232027005929887,0.2781518533009962,0.277767087661999,11.279077340836245,8.121998594520955,0.3461855330356977,0.1513106014118909,1.3486826106835834,1.2155873221422084
10,5,3,550,1.253075742498081,17.140625,13.063142494967646,2.490980669269276,0.26911154038801904,0.2689295049305621,6.256440001136988,3.600170577560311,0.21623337683322136,0.09894059028650398,2.0654050955147523,0.7178731404459924
10,6,3,550,1.3889831777153823,16.9296875,14.486453672501183,2.875581472038154,0.3787520920729207,0.37864021795028413,6.093970221178465,3.432080825541437,1.1884412427752225,1.7405847397366647,3.7687918929872604,2.134048480573251
10,7,3,544,1.269776052558585,17.5546875,13.184156230182676,2.230092906107142,0.5177333984746154,0.51772988750922,6.690893398415823,4.515572431788476,0.6423563580505581,0.5345150881224797,4.909966409541447,2.834788268808624
10,8,3,539,1.2778093381546776,18.015625,11.31815441850018,2.2671964036944647,0.8564853550944738,0.8561401727819327,3.771753338676369,2.130526026113157,0.32769326230586254,0.7045493764244025,6.7072421183568105,4.955899727003333
10,9,3,535,1.2846375142069766,18.390625,9.98444161652379,2.5181756178153414,1.4691572340030237,1.466608497021605,3.1191829724463,2.0578796076009502,1.344443606839361,1.375207566180389,8.024306543797287,7.929176827623638
10,67,3,564,1.3933114690985728,19.015625,9.94348187456507,3.0534293698930766,0.5000605242513768,0.3740614843680972,5.1687967061459705,3.041232240698207,0.21291672447562457,0.1018931017800794,1.9624319241346448,0.24297748894111515
10,68,3,558,1.3948475600340366,18.8828125,12.206546036788318,3.0624869801847927,0.4836489648599673,0.35817204378603873,5.529896727647317,1.9851957101851685,0.5826050636467432,0.30678114606352574,1.568164828528832,0.5949737767307499
10,69,3,561,1.5326608742294348,18.046875,12.15961909010944,3.475399238845935,0.513155482740145,0.393362615780934,5.283183029007224,2.0051466510175953,0.1496903344921469,0.09208884992923841,3.205522599273893,3.98419172285083
10,70,4,559,1.3936035698038505,16.921875,13.796552890156516,2.555307694871662,0.7593053758047473,0.6906042330983997,6.311364859421266,5.645932630772404,0.4030731873346564,0.3902880889288487,6.666465040778283,9.717456058246402
10,71,4,561,1.392784502620938,16.765625,12.64901860981551,2.5611442432227123,0.7749287110569265,0.6916756132522623,6.3552577585500245,5.5238886901722255,0.8256750438419338,0.4715967083239764,1.1871046896344353,2.273288498910405
10,72,4,558,1.5397587157125585,16.1953125,21.875658928212,3.9479234081315373,0.9395095346922977,0.8352848784232068,9.33875196701102,11.62969632653147,0.47528475900899836,1.766203106456436,1.1260929795076802,1.541710646631689
10,73,4,553,1.4088289892414352,17.125,13.602946049384489,2.5363618415085165,0.8805236114319557,0.7733832351931921,7.266066540761722,6.4173083934078115,0.8209203059814874,1.7239127983613978,1.3485969184646467,4.7330079703232375
10,74,4,564,1.4073813159313724,17.5390625,13.229921043013643,3.0820895371748636,0.9101904700876704,0.786547523635727,7.45260443716742,5.732859749796919,0.5231986502974787,0.32108563265608364,1.9096392122173194,0.8974470598087443
10,75,4,561,1.5433315484405659,17.015625,13.223964106335348,3.5481391253742856,1.0639442909212296,0.8945269478260489,6.9694073632590205,5.226937407458494,0.7216854000575944,1.4462115023394808,1.9596168035447565,3.62228814325171
10,76,4,557,1.4068778942511733,17.671875,12.494059868471327,3.2854197646837697,0.9823726907774305,0.7968929990140349,6.3709046945988606,3.9038455000457732,0.9505540395620917,0.8340346454022786,1.6886208943109087,4.79047689170841
10,77,4,565,1.4123345298604997,18.125,10.215804032304067,3.389944489785879,1.030519062210208,0.7936216318201551,4.65475158722334,2.3202291461920797,0.47245163915487665,1.5442222224669453,1.8590878690656767,8.660708932620372
10,78,4,559,1.5524553209162333,16.671875,22.16873678271838,3.9706186608093015,1.2625384909265105,0.9291144752842503,11.946606059165962,15.53056305008006,0.4722416120910784,0.8759545389251151,3.3003033786840827,13.17200074579769
10,79,4,551,1.409567568477816,16.640625,14.643487722049768,3.3230710189808894,1.3057738515372703,0.9509590713246869,7.818794036759604,3.035966598053009,0.5660061539935621,0.38120376482657164,3.3000210771456526,13.254177124599934
10,80,4,551,1.4234970622859549,18.578125,14.329402956242314,3.772357650487414,1.4616795465513164,1.0310203493269094,9.469454821000902,4.838194879166823,0.3938617350415119,3.367545893787824,3.105895031677418,16.17261556877284
10,81,4,545,1.565739665449429,18.296875,11.718237168616412,4.513126643891564,1.8650146651176271,1.28640783836623,4.9930140613047485,1.3026715683166907,0.9601412258242397,1.3860324893806855,5.544754203771672,26.438723234390316
10,82,4,534,1.425152638626001,17.0,10.83195669998938,3.5398909321162266,2.015246771898198,1.3875204189044443,4.3646703541347,9.629564280247545,0.5014920888784483,6.012743976708423,6.364359620853235,30.021957914306626
10,83,3,541,1.42894210826404,16.109375,10.450776657286207,4.143465030750487,1.5053068938907326,1.4995707099184088,3.9021572412723704,2.172910204282024,0.48638468757452974,0.3038647166681693,3.7553544973937116,14.98901649508956
10,84,3,508,1.5789438120343813,17.71875,10.403454556043872,4.600035522631556,2.63922914296266,2.63495168565583,4.027748158013371,15.11637375363126,0.2728076269200342,2.835766628313577,5.989417220830909,30.25804004316037
10,85,4,474,1.4407239188238865,17.1328125,10.938249463208845,4.070800052275956,11.082873346410565,3.337554904657088,10.660067910237341,30.787581537994345,0.7258934988951887,1.1648459526847652,5.946399597550945,50.806891881921466
10,86,3,484,1.4415652380787614,14.8828125,12.896488324855428,3.4278726475448895,3.2404195358311276,3.235576920487063,5.8700376142481865,11.269840436644106,0.38207873359865446,0.8484089717829247,3.2013529905866953,11.794044018178816
10,87,3,523,1.5902995045921282,16.140625,12.19609233891251,4.047388678940843,5.596905233026618,5.573777997744994,14.460493786358027,12.3899718911352,1.5211803601226863,1.5815125411202766,3.6755321076731167,25.545228010260757
10,88,3,445,1.449426679005961,18.640625,9.72099224396933,4.421266510976903,8.731922289148661,8.661530946466472,15.99722535932886,32.85144959606802,0.4582879468652385,4.867995977868157,7.467628614662071,46.85608211483449
10,92,3,571,1.4646833405378663,16.75,12.864202843060129,3.7757821866511776,0.7306206400800314,0.7285041421809906,16.931780731446853,13.60707952736544,2.4616557840863384,3.3262754411082858,3.2677396835717554,3.666832188154242
10,93,3,570,1.6130384760041865,17.09375,15.822675375822325,4.25369976614474,0.8875397932457347,0.885123696345443,20.19847453323019,16.335797599851293,3.6478637874193383,5.0998691041277,3.941866570457536,4.246406437313281
10,94,3,570,1.4708664519493289,16.2890625,12.018835764591115,4.173720501035005,0.8801960258055457,0.8783291695523615,16.32813368180836,13.6921488905487,3.446605576149389,5.153608897602165,7.914309370042701,6.963247220090595
10,95,3,563,1.4776283370446244,16.75,11.892680304760244,4.161389117418108,1.1615148783251628,1.1537157295242007,16.06169319522767,15.263937824071693,1.3506043370076035,2.3199163537954344,8.685822938838124,7.689357290175157
10,96,4,563,1.6334068148302554,17.046875,13.975631589437306,4.21886598406767,1.3436085436005212,1.051311296605968,19.01578954739207,16.265089544391497,1.3200315172298083,3.8974590178171,4.243013097476097,4.479423251095158
10,97,3,568,1.4903131575599404,17.078125,12.866263819482615,4.081148469571843,0.6002472879635591,0.5978713694951762,18.18917268481457,15.19028653885111,0.37969077654296945,0.14569743233064358,11.287376409584647,9.561472188317108
10,98,4,558,1.4958867727206961,16.078125,14.523855036647724,3.3577300669834713,1.5049816440443875,1.0908796866080102,21.04792059193481,18.826096013276633,0.39002892592302074,3.0208070753292717,7.993455102144999,8.453884410187325
10,99,5,551,1.6546615445724004,16.1875,17.774601693685305,4.802670143816741,1.9430912972279968,2.2071160895343596,25.51606616752596,25.42855524566502,4.792953462954709,11.640856188568991,4.494942901026544,4.391844575789811
10,100,5,569,1.5088631520129692,16.203125,12.783669130184748,3.8109456122271683,1.957749359692305,2.136833919631532,16.46978749958535,14.755130537546851,2.9037886025507738,8.64177414878159,7.753333213278698,7.032015123440232
10,101,5,549,1.6591224813459529,16.0,14.094164399099542,4.118830609824007,2.5036284369833086,2.5950648503755636,20.35508157106469,18.674219202257213,3.5083339204148016,10.504009921832608,6.031757345666339,6.698527471029548
10,102,5,538,1.5112730640903373,15.48828125,15.41793517627337,3.1455499420614697,2.621267970677022,2.5117438095563642,26.857718016833218,27.22253306812554,2.873022243882087,10.623218561905539,8.520267226159037,7.50167904736711
10,103,4,568,1.51409396991542,16.7578125,13.472375531942136,3.957293270637698,3.3966280493676733,0.5374195123388956,17.63676874048302,14.905666231376419,1.8506140357116458,11.054779800328449,12.50126402889813,12.33220851227152
10,104,6,530,1.6644570926867237,15.671875,13.809745356989445,3.430952260563786,4.286671282140517,5.70584762901739,23.354966738680204,21.198932213588293,2.807333096966424,14.028174248638342,4.671792310992962,5.211658459976407
10,105,6,536,1.5122380590260298,15.54296875,13.930166197399247,2.9820612636813597,4.444430077434243,5.699032542864863,24.36158636152047,22.36285047150492,0.9959048086808933,8.237513306758352,2.800093859628486,10.527285970959653
10,106,6,538,1.5124253285577527,14.99609375,14.34263583252952,3.2101353739846616,5.190045493674772,6.393173370197165,23.866770173785504,21.214731031437335,2.9109170895288656,15.536410360528393,1.6418198180930337,20.942724327213607
10,107,5,528,1.5144536675914135,14.59375,16.500901911310237,3.102227504001477,1.805313536737914,2.2883910053079974,29.49569729308504,29.0755357616229,1.2963762324431034,4.573922735664274,1.8299554755115077,4.868120162229757
10,108,5,533,1.6628197725781315,14.6484375,16.46652037619028,3.0305681095709436,2.2722610383198982,3.121895720750924,26.789799325724164,24.538665873719516,1.3537556905389336,4.379293056176984,1.2880161193089454,7.388274986724253
10,109,5,538,1.5086857550716326,15.8671875,16.176235590516228,3.2296572578425646,2.376151314410981,3.4275543423452066,31.38377918273642,30.087198377195936,2.641103751720236,7.090049975825828,2.3429937034115125,4.85989319888259
10,110,5,534,1.5021061243781653,15.78125,12.420587827481402,3.2971261609694107,2.8002580165508872,4.042033864520542,19.757068250285506,15.931935924573835,3.4565706613684877,8.774278437676966,2.4146759961819777,4.6868815232682
10,111,5,533,1.6510054509536392,15.5078125,14.79918448697707,3.2311375355047764,3.722860431284589,5.3760515269580305,27.374388257100275,22.494804983818405,0.2706223674432863,1.6636957126343068,3.85583595311908,7.650913787644304
10,112,5,535,1.4963139973641328,15.0625,14.469318669693743,2.4852687512488827,4.019741625400256,5.680395423903336,28.011507283356757,23.26637720667916,0.5962077683904865,1.7249477580391472,5.189682356091371,5.7308460443772
10,113,6,554,1.4937783497228845,15.125,14.547528761187685,3.022357312389592,3.7171494754929726,6.671797026697728,17.235691939720606,20.04925375364048,0.7392724060547633,4.876286355089464,3.9367128481305778,7.017649384962053
10,114,5,545,1.6423818574974338,14.875,15.319055141337397,4.207381798352185,1.5936139752763918,1.1526585082680274,10.427937025423736,15.176003305374614,0.4495768252900113,7.7513555693088065,2.2009507948085107,3.7523484359923023
10,115,5,538,1.4935851283184556,15.91015625,14.469734147916515,3.301337745907799,1.5815176596676672,1.3127125249514107,9.954277731508967,24.21953140550236,0.47137726719644524,5.517418921846885,1.626791104530873,3.436299867876846
10,116,5,546,1.4923869975204995,15.65234375,13.035354241530493,3.274219780122978,1.5648748354980933,1.6769708441386268,9.329794820757801,13.174221472859438,0.29903541899518193,6.218527495875064,1.2518995240489834,4.208648664841063
10,117,5,540,1.6314456924423986,15.2890625,16.84667196968583,3.3227503587544494,1.7092326658387262,2.3548354424000078,12.279850607208685,24.104799623145198,0.6271535970347833,1.0590814622715297,1.4805614688750555,4.67832122773078
10,118,5,535,1.4774287189545803,14.5234375,16.55133324575349,3.340023120427674,1.4645879660763501,2.7273104106439217,13.179239756961119,25.560725165028323,0.3307259614868599,2.1812524702769145,2.177940967379092,4.534057353846589
10,119,5,534,1.4696978403603655,14.83203125,13.467983060326876,4.412427438963414,1.6037976788767538,3.453785774525531,11.340098261352805,17.78228036545093,1.0038118768200852,13.812877809621638,2.397953140729525,5.894782221860391
10,120,5,538,1.620779010168291,15.46875,15.294430660013724,4.371554783042537,2.1133640503045132,4.410753376235737,11.064609736982414,16.875423654928227,1.224839279675881,2.7528900039249513,2.048746909109874,6.089318603808742
10,121,3,535,1.4788527390112816,15.28125,14.170523716373962,3.2941946860804827,1.2676879040425975,1.1556432923807711,9.438334005567787,3.7598249389529856,0.36718202106970643,1.8673619786235258,3.7024786003367303,1.522245547617529
10,122,4,533,1.469975089559884,14.9296875,15.365265141824814,3.6789532318600053,1.6369181000785,3.005145943981641,10.669644929379512,19.333218173019283,0.9309259695339644,2.4773221512095853,3.428421254803739,5.741487503773732
10,123,4,524,1.6137296869614512,13.98828125,19.414472085609383,5.202998084404527,3.2317456334459775,4.1457712496077015,12.305742111638926,22.35639611096873,0.7843037613449739,11.377174740314652,4.355180193188341,11.324448836734657
10,124,5,510,1.4632855592311016,13.65234375,17.069391997315904,4.106302366006403,3.057334703084875,6.880426551440863,8.078974262837908,21.93025119123682,0.330215396632167,1.7096842034553072,2.0892817132540147,22.74110853925228
10,125,4,484,1.4572097198421916,15.2890625,14.991933373843516,3.184095555209309,4.476678479558782,7.992033779882096,8.090129650158083,13.656781033349553,0.40975319525733367,7.295843706337166,1.467935645066138,45.24520773922406
10,126,4,496,1.6032004979682561,16.78125,13.765336642382923,3.0906301596503214,8.204153745417383,14.375238737023768,7.116146649611567,75.5198343863219,0.8699602120441746,11.104676441300358,1.2399506270977074,110.34491246587822
10,127,3,560,1.4603748205627909,14.578125,16.73588632904521,3.448668413014448,0.7103612087791735,0.6343816049549375,8.04218044783616,4.273215740750376,0.23765511840619633,0.05938460829467268,1.6055994561000118,0.3674975054419529
10,128,3,559,1.4618266748531825,15.15625,16.359353699225895,3.537731720559868,0.657617141070678,0.6058491134589912,7.43009514668566,4.4961476399552405,0.23946680358149228,0.4879311214211549,1.7817972129748947,2.0639831561175064
10,129,3,557,1.6099080962100716,15.8515625,16.760256305895652,4.335001130496622,0.6556839866163683,0.6192350237673567,7.341683700525638,3.431632925898792,0.27853150585036585,0.40474581109347,2.3938515854615967,3.6313332391735074
10,130,3,558,1.4605195792783752,15.59375,17.934640499074675,3.5983996914816823,0.5641457811655088,0.5391903600221684,8.949051284974365,5.007827403231268,0.3704895202748298,0.23103537421199966,1.4886697999367315,1.303205476815228
10,131,3,553,1.4555859159604485,15.0625,15.291419124465229,3.419617489177312,0.6537168685270835,0.6312259969027615,6.368494364008259,1.8842243536721917,0.08542514238033018,1.469366352900119,1.928050380989076,4.700655803701189
10,132,3,544,1.5967362023938942,14.65625,21.254572542712406,3.5735176638377473,0.87210699287185,0.8494160647104447,9.656111722695407,4.456924847277881,0.4689988171692297,2.1865796791038967,3.2936605928654097,11.104589417064524
10,133,4,539,1.4483806423312398,14.953125,17.489165388078483,3.866257789176329,3.764990373549981,1.0811371801357166,6.862588063365456,10.975897993598853,0.9927538715430975,2.0140911554275713,2.644966204493051,14.358809807569154
10,134,4,508,1.5887236966884242,15.10546875,19.10760071081095,5.046308497487868,6.113091501203981,2.5795793798334614,7.3203625343508865,10.477455206270701,0.39291291306467496,2.388114465887088,2.8881920464760062,29.192395549738624
10,135,5,463,1.4404866291157836,18.734375,11.055279080889438,3.408949486352417,7.405680815407788,5.860922711755933,9.9160198296438,31.5224857003998,0.2862673335584124,4.567118659617995,4.668755025115421,45.30406401213372
10,136,4,488,1.4418334525590724,19.953125,9.819436803020789,3.2292719611114653,0.5840603885053047,0.8767375591279727,6.572945005041051,7.01085276005465,0.6847656261581836,0.8505100422878096,2.3404206175645403,2.699496909954113
10,137,4,562,1.5848330017700014,16.875,15.581862605549215,3.6265749635785416,0.6678514763187822,0.9663586327434714,11.381780915161858,10.528665955185312,0.4786468356212176,0.5200848131862462,3.2786718598033566,4.081000780347913
10,138,4,562,1.4364595854545679,16.3984375,14.879898905085717,2.7624761488043044,0.5845229801535563,0.7878791811679597,10.53537453690559,9.884591386776354,0.3077435569186598,0.4868484329387802,3.4271245612984007,4.501492811999983
10,139,4,566,1.4304400094214373,17.203125,12.930331449256354,3.27206416286265,0.5781201235240903,0.7442066352293324,8.594684995699359,8.95048094895133,0.9307188696803315,1.8354745195681947,4.724391943058507,6.583718313705034
10,140,4,564,1.425805904162004,16.796875,15.608748418407398,2.815030695083827,0.5790871797736589,0.6972983742229011,11.308180133343043,11.029227587004957,0.5520768009492527,0.8378968605390941,4.884148082517728,6.244805980720557
10,141,4,560,1.5659570616403253,16.09375,21.580546124300433,4.08562925096639,0.6296644768306846,0.6822659873699941,19.539527904855632,20.91129282484395,0.5424489048666725,1.2571764118200055,2.4777498531194198,2.044580721809197
10,142,4,564,1.418080384141003,16.0859375,14.200114903433116,2.8613861787918236,0.5814098930225404,0.5864639395123039,8.775631804090112,8.834513953667555,0.8229065486847282,1.6100474163510428,4.093225632575137,6.471167592799267
10,143,4,566,1.4194759799053718,16.0546875,15.248144267089351,3.051657203635295,0.5606907189643497,0.4271760183160003,10.904879372620538,11.467039352313797,0.975094743381716,2.1036672718204845,5.498614464209105,7.5563001109918675
10,144,4,567,1.5567720532208706,16.546875,15.051539960697351,3.434980780382011,0.6807170323422708,0.49500754489500254,11.2379041925941,11.577443344481667,0.5818584045172553,1.3669428107092074,2.236032030806263,3.1100578371272007
10,145,4,562,1.414372272892426,16.2265625,13.272712728743464,2.5391483692056536,0.6254233088066823,0.325507077743158,10.008139239011191,10.10979367001622,0.6699132592995157,1.2468786920226151,8.847985481555307,11.77979194042352
10,146,4,558,1.410314685515608,16.0234375,12.906257104587093,2.849303417911762,0.6619605494781826,0.3027601208312475,10.515893621225556,10.935882791752231,0.467106966034546,1.0217651194994024,2.556192952710034,3.916700575225694
10,147,4,558,1.5483651872725035,15.65625,14.98877019205889,3.7541709289656797,0.760516130931659,0.22704889832433728,11.052049773815778,12.38455356251496,1.1884846377351628,2.9932936964587133,4.7298411254427055,5.829434232589047
10,148,4,561,1.403749132946443,15.765625,13.833021836783304,3.7301498964943303,0.7370314095293025,0.22255310747638501,10.80525762924372,11.083345617006959,1.2992064976136215,3.4308515559836756,6.377435087522933,8.29981761536035
10,149,4,548,1.4000799749901292,16.04296875,13.22721083850123,3.624886742766864,0.7723998960911818,0.3279401126423819,10.446121448880671,10.470810929945653,2.5294214963995385,4.693810307220343,6.8956084226205405,8.691720804553551
10,150,4,549,1.5349344617073324,16.171875,12.834484310897817,3.909126935970053,0.8922948344720276,0.5280472469486475,9.172519633738615,9.833839494599316,0.805258121992523,1.6839114740419459,2.418857315287169,4.460006028843927
10,151,4,548,1.3984975211069226,17.4765625,12.643688947078001,3.7793150503970856,0.8120085708871047,0.6260977660491106,14.2874871813964,15.711655670624229,0.5016976275993201,1.5586888996398702,5.726555377030599,8.295381223049041
10,152,4,545,1.4004166130499538,17.125,12.34243240838589,3.1663576434930505,0.8570065760385748,0.8098235859815097,9.609550660961599,10.450563734173656,1.2609632414640382,2.9781329083002186,4.1821615811713855,7.183875444137663
10,153,4,542,1.5286832473367522,15.3203125,17.33174744623056,2.9578597852485173,1.024815559063011,1.0674541981310228,21.52201255072863,25.02711073764962,1.1979626313751142,2.467668561531405,2.2219452846995065,5.043550324556258
10,154,4,522,1.385701777416825,15.04296875,13.714226888693588,2.1465639093499655,0.9833545546549971,1.2159303720144976,16.189396015638852,18.288053884553502,0.4052859649278809,0.23864773877615586,3.470589590937423,7.320108095052614
10,155,4,540,1.38413367228401,15.4921875,13.38370553265858,2.5921656036219494,1.0654630024351353,1.5044321873296056,16.85831876723435,19.236857705026935,0.9963435133491144,2.926923839737506,0.9326070075719612,3.8338795570429216
10,156,4,528,1.5227745196968225,14.5,12.849149104627383,3.6831291681880356,1.316443394959933,2.0869527359608977,18.64599120160885,21.820616721378112,2.351261882724649,6.896304871548363,1.1032310694380683,5.109278541498073
10,157,4,521,1.3818218962271362,13.625,13.54273533978695,2.3178104292194557,1.3420461738563918,2.2793908494548263,16.515724139365126,19.45563299783026,0.786619604014437,2.4318884922867423,4.005777323548908,6.868335083521697
10,158,4,521,1.379858754723045,13.828125,15.242851936089796,2.697939268774912,1.548788836016845,2.7068010580068163,14.895759549025964,17.748514174555346,2.288982799061101,6.863460083768052,1.9720055797636005,6.228803641500507
10,159,4,528,1.5164210644419553,13.5703125,18.05738506209508,3.700320887929121,2.0289325475067708,3.5534757541014255,23.34331274512683,28.685989400918523,1.3671502754140121,4.390672485704738,1.959400712465502,8.091883088501332
10,160,5,523,1.3737537806177123,14.328125,15.858030908988768,3.1960172429771787,1.5881920208535578,3.517586372731076,10.124894796254019,26.064066435620788,0.48371060826607715,4.591731327721859,2.583255032060361,3.6865208052187373
10,161,4,524,1.3714907190816477,13.8984375,14.666079810430169,2.582966058678504,1.639238764735457,1.7696830492674653,6.901164444267531,20.441420472117365,0.3052042220890542,4.170250406197416,2.3938108832406666,2.6481285130268004
10,162,4,529,1.5089370555321806,13.171875,17.833004947754347,3.2195748623696288,2.392720887652642,2.5279174842101635,10.768732318977303,33.96837037952134,0.3214480034012326,6.24895494083867,4.4436261314723815,6.8962584067418735
10,163,4,530,1.3729402837621578,14.76171875,13.564910470963547,3.1392206274645327,2.8441405175318453,2.921266611980753,5.394819020422707,19.819866478408823,0.251743915805582,1.4778731298513972,3.3840017192635883,6.592471697122324
10,164,4,522,1.5097889080885922,14.24609375,18.78441944215718,3.26835309586287,4.302192760203073,4.23038008624456,10.979121415405409,36.25651275800214,0.37220262611111193,10.374467111397626,16.465634737350126,18.365354225120743
10,165,3,517,1.3715884049606033,14.6875,15.009437310648147,3.210527446243732,2.2043245781290692,2.041420305351837,6.155232784597598,2.1737563404285583,0.2737350716000451,0.3583717534049141,12.55176112535875,16.066100900646468
10,166,3,511,1.3724628291164305,16.453125,15.466309750562509,3.180708805509493,3.1798415512728786,2.9114683405654276,6.7685646847448115,4.9554082790986484,0.2778308863685375,0.1500600310986254,18.767395973216928,24.442366488057424
10,167,3,503,1.5138088431221635,16.296875,16.223939527669135,3.519763887639655,5.453248206319128,5.091084056266987,17.021314372030197,22.134921879893263,0.14986025051026625,0.19409099260769758,32.351780595487526,43.24425170567607
10,168,3,471,1.3781312650681279,16.75,12.06357552666861,3.2735630328748404,7.790258839528464,7.395243687616752,29.267637103273014,44.02366893273401,1.283482850820656,1.377905803716141,37.99822463780103,56.69487343525879
10,169,3,424,1.3784175205831524,18.6953125,12.204081791891257,3.1823978763829532,14.13728801988496,13.59898313295558,41.97342977750865,74.50915489670892,1.9131266239121856,2.2233915786455043,57.10839589467102,96.31766535485107
10,170,3,404,1.517085204144274,21.4921875,8.726875029879674,2.5042594589481144,36.074280699463635,35.065785340328006,97.10230044091841,211.04536089600919,1.3289596270869484,3.665346276394255,109.1904698878435,227.60539942045793
10,270,3,568,1.4329742101394558,17.578125,13.903362371692566,2.799428272264014,0.3978712638816146,0.34359739230237574,6.227106218452854,1.4493468882893605,0.15201017189573862,0.14875736378334348,1.1775309085710886,1.8142811823750218
10,271,3,567,1.4342337602538267,17.421875,15.055027537764031,3.379194864685031,0.3782370878827101,0.3408492362693437,7.192096471379123,1.8319826213932275,0.11825164139627663,0.12021093247374437,1.4810301976388434,2.0735198697785995
10,272,3,564,1.5804384790468462,17.2734375,14.85768818018106,2.8630881699632207,0.38855478861122633,0.36181498338188134,7.023309638030168,2.007423830711714,0.6367270421269478,0.31723944544225013,1.0626539903448862,2.1826213865258843
10,273,3,564,1.4367345545786456,17.3203125,14.04286361556673,2.7387144405838297,0.30822360302725804,0.29267219239092424,6.372844868603487,1.7598640252593079,0.14446532980027155,0.14551407780619713,1.0948715255523698,0.9892815644710055
10,274,3,564,1.4372003024899822,17.1875,12.464805825681424,3.2093179118301998,0.29099115830768935,0.28072221614757426,5.1356591216328376,1.477217680994766,0.15898433249482113,0.0029755775157529474,1.3646437949741808,0.8121899300037778
10,275,3,564,1.5802330759344763,17.2734375,13.557413778686826,3.1941386153114166,0.2680186350638322,0.26178668080963746,5.337208573262594,1.5283476802273483,0.16963684489548939,0.26624762866023666,1.0318747200201999,2.0335879546825075
10,276,3,567,1.434495171699048,17.1875,11.777536020538754,3.267077645232236,0.23431479482920908,0.23134859759916324,5.3394978558044945,2.0598389724949726,0.20601598093740617,0.17915061741590513,1.6132639030710934,0.252777350848544
10,277,3,563,1.433918825847403,16.609375,11.854045974172221,2.956631055409115,0.23738257420071754,0.23599282198890675,4.786721053004003,1.7697229047556648,0.2893134704459145,0.2840597214540629,1.2728152274511229,1.1657425598848616
10,278,3,562,1.574209595812288,16.4921875,13.607840658009366,3.166436470742596,0.2578274782812411,0.2573129772043309,6.499805399400816,2.598535748466319,0.37701139723416993,0.2565242925230052,1.6389447928432554,2.65181149707982
10,279,3,562,1.430402948893331,16.75,11.893897721122533,2.611695972119655,0.24547779171250161,0.24536728248798118,5.55019540578214,2.061968598037967,0.3084549706495882,0.21838302316808522,1.5877474183991411,1.751237502555733
10,280,3,556,1.4267453113454744,16.4453125,12.906680745494288,3.116813971689317,0.296844982568684,0.29683487300560074,5.598757227089793,1.412731022539809,0.1547395958283796,0.21203035968705186,0.678956333972998,1.9165960176996153
10,281,3,553,1.5677624729899615,16.484375,13.007620525348282,3.3576071875845037,0.46708840282438996,0.46655870383126885,4.9034625486502055,1.586155753291612,0.23053246414535125,0.6016755970140093,5.093733199726822,2.763239862611989
10,282,3,552,1.4219035361118542,16.4609375,11.93425539446324,2.8665714133201696,0.6661552087426572,0.6635527361738726,4.549779837630042,1.6188909507222835,0.26018390614796477,0.17613373120615838,2.249449381118828,0.6970774359876237
10,283,3,549,1.4219946838793343,16.375,11.782709296643587,2.973306414069054,1.1155912417960239,1.1072425406969764,4.339637345424962,1.7048664950660282,0.23476976314585732,0.22600007554534587,7.017548492262264,4.237971494209373
11,1,6,331,0.5498985909934477,14.28125,4.718139429385711,0.6503391285178636,3.6099825941302823,11.42242453475467,3.5067640169429977,16.96543077772265,0.3656788803839528,1.8811234683401818,3.01073976800138,19.43450608956295
11,2,5,324,0.5940331100559617,15.21484375,4.325339456908548,0.5552357512535357,5.8972944470333495,6.334537715499996,2.6593252051566796,25.76013153769608,0.6705485093859905,2.7768468083013316,3.503131357703066,26.298645474573735
11,3,6,314,0.5309136742829068,14.73046875,4.139956684400222,0.47367863424511913,5.699792855955012,5.910947109483695,2.6829722220939596,27.634886359659376,0.31865958661993843,2.7973759399986133,2.1469893639878017,29.532511371595277
11,4,6,319,0.5754413034288244,14.859375,5.584568545272431,0.7859357933693454,7.432065141295112,7.4553280594603635,3.4155460586217936,36.34326034234444,0.7773945181136555,3.1601381761592116,2.863172406578411,40.989726725385374
11,5,8,324,0.51426946139394,14.86328125,4.076263436184716,0.5361068376213577,5.764496793357052,20.886611467830726,3.2717662608423925,43.45147821440236,0.46468196620533897,3.702534319963156,3.2156834147521547,45.12247468028439
11,6,6,316,0.5063259636727306,15.0703125,4.293869120305732,0.5218235380500686,2.0136139973066354,7.450719347128034,2.8342706042030343,11.54748814319402,0.19438596428044863,0.4791104805194692,1.729838372421744,13.36023569808685
11,7,5,323,0.5468200457729996,14.8359375,5.442709650674545,0.5602082656534365,3.889247283877313,5.267158658234025,3.313007138739224,14.708943720228673,0.3988856618117175,0.6428490263839878,1.1078896363887512,18.109134996331786
11,8,5,323,0.4862354180842813,15.6328125,5.260575545624401,0.5240646170360198,4.096840610701318,5.215558084421747,3.2304960125012974,14.995078970606048,0.27681791803122724,0.844134250565892,1.2674133795973757,18.578872391859587
11,9,5,332,0.47101835739897396,15.54296875,5.139804819750051,0.45861376222420747,4.948997118452092,5.673614833429861,3.068522229944543,17.648951356216156,0.18053371668692855,1.574969729693045,1.2372844537580772,20.89176172789965
11,10,5,322,0.5031071891964266,15.47265625,3.9872000941359813,0.4935085815864848,6.304099151213031,7.0325474369184935,2.4595185317370873,26.29045800208255,0.1195433080857908,1.4502121059177155,1.3853841961084723,27.31579663552154
11,11,5,326,0.44413887221165854,15.0859375,3.642771104238094,0.4156127040231544,6.6081831070077435,7.103368904077956,2.3371528631169456,27.02076572636055,0.25918562668368833,2.0768224201424212,1.2452986133389188,28.7364848762434
11,12,5,318,0.43082401762000544,14.7578125,4.049102298096523,0.4402490110662942,7.518275325763289,7.872911200731497,2.623462400299535,30.181304180566364,0.27566431413003517,1.290070167461683,0.9645661597021786,31.66924844713414
11,13,4,314,0.45632034077960165,14.765625,5.13649090544439,0.42729497534792094,1.1205067543365983,1.570863356656429,2.5329465596374687,1.9293169321025059,0.12745867489401014,0.86052080200298,0.9615158048128486,6.711480215171867
11,14,4,324,0.40328942935581,14.1171875,3.7574975138575946,0.5680209303835855,1.0660115113983615,1.5488755325988197,2.3855573655528324,4.535886953771697,0.4601645415961584,0.9403822844856036,0.9524450758226415,5.457527427392975
11,15,5,312,0.3986157071566975,15.2890625,4.533304393176754,0.37814607706667247,1.8111749496153942,3.963898523162026,2.907660393607383,7.994640711806915,0.21943566653649343,1.8081208764840828,1.7026945539585567,10.580271881673433
11,16,4,318,0.4351250488369074,16.859375,3.5090717162178304,0.5246434893336216,2.8771994996039014,4.878991466607545,2.2143573463950768,16.012850746565068,0.5572834538216744,2.2160690092093462,0.9669630765275955,15.868713614725385
11,17,4,316,0.39280344011581014,16.7734375,3.047983379877554,0.45065388638443804,2.8380135244713958,4.842899936954226,2.063018339093553,16.285417837529465,0.27811645618624287,2.1686137537416785,1.2806393426825475,15.489088101063002
11,18,4,346,0.42812299871219217,16.5859375,4.353478067893425,0.47905386549181084,3.491514438591451,6.183968350067273,2.9928106175131384,18.566040907710967,0.1849302387410292,2.4800967077566844,1.2119579984311937,21.839010208448215
11,19,5,350,0.3844138951594564,16.4453125,3.4721073839858,0.38903998591768807,7.593840196136556,6.286114329575724,2.9586739923844214,20.389831482310743,0.1565618625887577,2.247767921137299,1.1978330391407956,21.222181279716402
11,20,4,359,0.3788401790977965,16.203125,3.0084832280121536,0.4017877462790857,3.9188317339752907,6.8247290983120585,1.85027841301211,27.49880527781541,0.20472441421992565,1.992960220224662,1.0639527621130167,25.901415438576663
11,21,3,365,0.41333040281687544,16.375,3.5317591296519293,0.47722346676719285,0.8794915022935378,0.7318771082175601,2.217598700488552,2.0905897589148714,0.18418067371582703,0.12851728756374498,0.922169231327732,0.8842015311560917
11,22,3,377,0.37141371941322004,16.984375,3.243477263672531,0.4300852077599291,0.8533039047212149,0.7188236311502858,2.1423323302460298,1.970469213705568,0.3263172067594557,0.2248374425706034,1.11586099322554,0.16715189893850146
11,23,4,375,0.3677274242078397,16.234375,3.5278498697606877,0.4076065037742781,0.6043076562980176,1.0684085082361383,2.507713492911588,3.8477406866947037,0.17880903885645422,0.20562138634786392,1.6436908488436264,3.5181201237151773
11,24,3,397,0.3988959070995282,17.859375,3.5790265025060854,0.4830653992737052,0.8183615152919982,0.7053521983535622,2.1061070150058305,1.859566000377325,0.15195399513951238,0.11049972520242139,0.9796331636273912,0.5660748019622688
11,25,4,387,0.3598395410635017,16.4375,3.1792246513840086,0.4505842517045928,2.931756076748847,5.039483500700914,1.9653159716203303,12.955053377565648,0.15464809116993525,1.532154738664783,1.053496659182796,14.248758722820057
11,26,4,396,0.3956434226752728,18.203125,4.4434226440638325,0.6180658276679655,3.5783275233918705,6.103667590379224,3.002488129757325,13.23521213539813,0.27195405563730624,2.0281434214822283,1.0162781251072384,18.903158215224796
11,27,5,400,0.353459375153614,18.3671875,2.8167675622535855,0.4186269587849552,4.099270438532779,7.468867858172651,1.7557490504140112,17.86362872952273,0.15005863396600944,2.206453647032573,1.3716720063124366,16.36616912518432
11,28,7,411,0.3497233073941142,17.421875,3.054951616301727,0.4148286876109056,4.652584710257427,14.383854505939102,2.4786256962986615,19.690690997878075,0.26562550466130397,2.0963855818566475,2.457687593691913,18.346461727208805
11,29,7,405,0.34720131494067424,17.25,3.1912018111874403,0.45508954463289225,5.412162600115236,15.90583449103751,3.0073815722577164,21.504252157193385,0.33230966696274344,2.5932384117891223,0.6018556411675565,25.811719116856352
11,30,7,431,0.3803864624220043,16.953125,3.026391614410156,0.47375708503632313,7.114022933809546,19.599463580561782,2.0774614903785036,29.48507371292554,0.24667696124478428,4.236870348478624,2.9999617692420752,26.629059958555956
11,31,7,444,0.34911926409206945,16.328125,3.649257709704256,0.4138651532532216,0.7657106092553314,1.3697072852807135,3.301530094387372,5.4856412024778205,0.116314121998669,1.9549472472618639,0.9812661936467698,2.7978515246630726
11,32,6,447,0.35071565075530997,17.140625,3.085913087914437,0.3769029747632636,0.4169348251585485,0.8541592321605511,1.7902962833125444,3.28720243774335,0.1214972325060813,1.3672697707180523,0.9578702169380355,1.3784923835845313
11,33,7,481,0.3875924837407332,16.375,3.5547913420187864,0.5160855310189089,0.9687958744962569,1.6745013907309538,2.574277654088642,4.491269214925606,0.4177882526676665,1.3931544341807973,1.6045175565776586,2.814780250111715
11,34,6,494,0.3530289841099482,16.5859375,3.4608127474341446,0.42896346652624695,1.03566216462304,1.4040736653643875,2.13102098169212,4.394431822804316,0.17596735296807126,1.6614815292084553,1.3636054159843232,3.462669275976644
11,35,6,527,0.3555537285373146,15.6953125,3.5863556111567436,0.5018502295142523,1.0843531549226997,1.437782810090516,2.626774659987139,4.86030300218385,0.5692604908655661,1.8534736470826283,0.9826746825135471,2.4173302803061363
11,36,6,524,0.3961826716349435,14.52734375,4.147740295190468,0.5428306867485091,1.2095471210037023,1.7039924985950599,4.326361012672899,6.538891202282149,0.41139903212447415,2.1111163781267983,1.289621113001101,2.9750849776383657
11,37,6,516,0.3632042113305808,14.6875,4.121721760766944,0.4622929852464799,1.1144225420650131,1.6687023855066987,3.6307635462035837,6.109714739482215,0.5179540697262068,1.604214273077241,0.8873262728847586,2.7219496147056566
11,38,6,520,0.368040534928398,15.55078125,3.5952549677793844,0.6073774366726772,1.162441183394956,1.7626839053219054,1.9410376993028364,4.2039798434385265,0.5989230392236262,2.9671041119402095,1.016678716724143,1.9421182668944295
11,39,5,537,0.40931305219380126,15.90625,4.34801027072718,0.5092432123239549,0.8874239686251363,1.462615120343834,2.0016959524255973,5.417821919338667,0.20942313763747464,0.8630103019549215,1.0327572189227514,2.1690111562540633
11,40,5,528,0.38072757325060846,15.9296875,3.8584231796859036,0.5590405213285898,0.8675870091515563,1.513330012331041,1.8945317047921832,4.381245197365073,0.22862891797332166,1.0497651879244554,0.9008671446542567,2.732433267785096
11,41,6,525,0.42801543560535227,13.3671875,4.794645802743724,0.6752040620816836,1.1125662001109977,2.7060703549557408,1.6227133560358231,3.8787871787193895,0.3433777706981369,0.7954343400415014,2.0279803809355768,4.528757395270924
11,42,6,517,0.39841241043553155,15.5703125,4.115952448658996,0.5502453741585518,1.0544663784408987,2.6758441592780953,1.4133091254453989,3.371852751529469,0.37032309014830805,0.9949254301823937,2.000864804001483,4.239547826251788
11,43,5,523,0.40859266975021286,16.34375,3.391386969259417,0.5701614409685473,1.607850489591691,2.6966744052446847,2.324085216078116,2.5323117708163436,0.25260826473376347,1.5912129813288272,2.023794781675915,2.602833475788852
11,44,7,516,0.4646778694194096,14.4765625,4.9211784949281645,0.6255158073655094,0.9129006094409954,3.486060519155963,1.8458127228454795,4.620069384475932,0.4588687401593633,0.9671367854158466,1.618148091887964,4.605210343432838
11,45,8,504,0.4378876650392183,15.18359375,5.278216875235604,0.5942544865217917,1.4501684513973774,4.095752827099526,3.1606845252422238,6.135789590793911,0.28460304560569727,0.8353661049213589,1.5152245267430353,7.1518304578929985
11,46,8,505,0.4517035131502614,13.7890625,4.921511742567214,0.6370704335246715,1.3375397697326799,2.828106902993061,2.40396652789324,3.362957444745165,0.20166962239842512,0.8505808632529605,0.9326411466832305,4.665189675056735
11,47,8,509,0.5140705300269343,16.15625,4.2199942479624735,0.6441107910304159,1.6598927272830388,3.451072945828855,2.8137107949354183,4.207738779606646,0.4198584497497163,0.7862589380471507,1.4404244653702292,8.691560879937638
11,48,8,511,0.483033664680062,17.0625,3.7190081716266676,0.8214608874214221,1.679823521855113,3.5689030017719148,2.3772391005961655,4.361589767385375,0.6149608138934619,1.101661313932696,1.2768827352855605,6.356241453229207
11,49,7,488,0.5008224532559526,15.52734375,3.6350165203172122,0.7873996209016162,1.6584615322257166,4.187190322154649,2.353019822651689,5.450121160602206,1.125469144899131,0.9142053780483248,1.6008669203069577,7.408135238360464
11,50,7,480,0.5689620909530444,15.47265625,4.8527420521954125,0.6707763774128127,2.221835910368599,5.322547229321684,3.0179019859019096,6.876273122212266,0.6037642386104747,1.3976701912878051,1.5077682954314404,11.685937301978006
11,51,7,467,0.5364975737371901,15.8359375,3.9088360483377413,0.6907356386745984,2.699866933691297,5.545193548684203,2.700692192940863,8.643493127082513,0.7708725698906105,2.799171021257604,1.5098609397214748,12.411825572216008
11,52,7,427,0.5513938164418402,16.734375,5.407020584626574,0.7999657166563099,3.4222895556783866,6.484097707858516,4.332260692612598,6.487613751828603,1.3259063553716848,1.9811435086799343,1.5048905872458451,15.909566588785527
11,53,6,394,0.6264939573849417,15.86328125,3.673791871382545,0.8377338989116853,3.0242189038522307,4.21372945115913,3.193282198300801,14.92789046229558,0.8998125466922506,2.543076278752249,1.589764653672103,20.075047651347077
11,54,7,390,0.5890976203331457,17.265625,3.045342208257343,0.5889667946557158,5.7469544408151325,9.943263484109716,2.451095836228912,18.347942074979894,0.1967801329926211,1.9218904298686263,1.7705635997126616,19.99480785470896
11,55,6,420,0.6037066466224766,17.7734375,4.996783341211677,0.6080992084296518,6.78537835663109,10.878739566856364,4.557359162750521,15.690822552306614,0.19360850903263344,0.797788110282548,1.0220509337759862,29.033622735282986
11,56,4,430,0.6835626752413612,17.3359375,3.940014418062557,0.7339264301143231,0.6270519317441576,0.7004883757194299,2.615428003295622,1.8671062110638024,0.08514436576860382,0.11130298004369632,0.9354969407860265,0.843827217343405
11,57,4,480,0.6359989095568775,16.796875,6.094177198562734,0.7234560334986464,0.5770049299109812,0.5723517683944815,3.9219375560694356,3.1224061942454857,0.17743831972461493,0.1364859967623004,0.9789109862529488,0.9194108620612228
11,58,4,557,0.7167407801548945,17.0,4.746191917455344,1.2620923468416985,0.6145475140217289,0.5340456503217244,2.680224642261467,1.7654513193395638,0.3071045643304132,0.26257952016893926,0.8516575905293623,1.0147962664802428
11,59,4,561,0.6661658454958682,17.578125,4.039481991437708,0.9758330318012961,0.5630541587188369,0.43017943958475074,2.3289195325223853,1.600649431000166,0.23798477662705955,0.19599380935651917,0.8114927173183656,0.5770156721151726
11,60,4,562,0.6832377305451829,18.1640625,3.32421021411818,0.9293070287426897,0.6037201811228705,0.45101789122198915,2.211173593441942,1.2727610547052404,0.34475476388724247,0.3880102443843184,0.883435278468979,0.9067277223237391
11,61,4,560,0.7003171220135351,17.96875,7.81715605391015,0.9831080818832489,0.6070974700947356,0.3728039194317234,4.373133840818169,3.0394948516781075,0.06507636115928889,0.18203933236049102,1.1043750779959236,0.8167298661158415
11,62,4,555,0.787366781143758,17.796875,6.724120483270453,1.057796944754318,0.6780079863921671,0.37829740960431085,3.9428807327589475,1.5296208866213306,0.06595389147274666,0.16761186181314142,1.108645625529499,1.0415714812473682
11,63,4,561,0.7304447118110268,17.578125,4.649988008045549,0.9473991078495809,0.5987716077050789,0.3625617254725292,2.8913952540782564,1.8280877654950962,0.051200144399407704,0.1475986082222968,1.0893632560914752,0.9949047921027606
11,64,4,563,0.8190357580607711,17.171875,6.6460293183568435,1.3108099450689665,0.6527241071733973,0.3924548174315367,4.201720311197627,2.668353337903717,0.46089134016632805,0.8645620589381937,0.9810922786818859,0.8201669880311562
11,65,4,560,0.7623040257669025,16.8984375,9.767325661169224,1.0674038927847507,0.5288258018548835,0.3385962776064317,5.448457354003865,4.333347014105068,0.2782818213816908,0.446900829927172,1.171282794981972,0.951636961458688
11,66,4,553,0.770443686616605,16.4375,5.390139636428694,0.8679019365435016,0.6075954168140754,0.42048875175279843,3.358884921291998,2.1650208141662306,0.6860488833245715,0.5780940172816069,1.1213033306207618,0.7544636072844613
11,67,4,558,0.8644965328688388,16.71875,6.473267625927027,1.1644596825348505,0.7438339464054764,0.4953273665453609,4.141813878663108,2.5554701799198627,0.3567762776285998,0.583844865447329,1.410158141385305,1.4968838608227726
11,68,4,550,0.8022203935390733,16.2421875,6.899895300540592,0.8761476299545301,0.6513926678446369,0.43133521166833755,4.533854409269626,2.8549735584723486,0.20923321039321996,0.12121705984937808,0.8216028203114658,0.4630228351075625
11,69,4,549,0.818971947821552,16.078125,6.1595312853811235,0.9101666683723565,0.6975218661797389,0.4503992578156313,4.150151749353299,2.781299933017866,0.2613647877044474,0.18138115810681732,1.3359516750933755,0.9463594673887938
11,70,4,550,0.9120116897704382,15.95703125,7.314674860772792,1.0366788678288472,0.7265251490745177,0.5925389943444647,4.701397389288015,2.757069595056019,0.38066827057917774,0.7533718518738952,1.0303183079780853,0.6039196491173261
11,71,4,547,0.8320148777655445,15.7890625,7.789202489486245,1.0877690378737475,0.770536178704349,0.5768440575574285,5.235290730099727,3.5258200813905582,0.5942377860436077,0.9031946972126131,1.0568237249902548,0.7226178470437813
11,72,4,554,0.8368906151162001,16.96875,5.602163820775773,1.0546514867529218,0.6922551614741353,0.7734264400466615,3.551696377787541,2.1688120748519553,0.23187526562870342,0.33328681982664277,1.0076936373303633,1.4932797199572945
11,73,4,551,0.92926873111458,18.1875,10.264924808813344,1.2222712960854467,0.8138737763077468,0.9080029234155454,6.4461753808326065,4.037145152943233,0.5225270778963795,0.3695786176180543,1.8667189342874182,1.926291729951721
11,74,4,548,0.8551839572847699,17.6953125,5.3865177846826295,1.220376423427582,0.7685339318046158,0.9857910820653605,3.4771832929229576,1.7701228405132263,0.2525476300938821,0.32075642866727344,1.2844311945757019,0.8704311705709734
11,75,4,543,0.8691972503280172,17.25,5.611144414679914,1.290506747135663,0.8276787032655901,1.0768343511609917,3.687049350795309,2.512083464549186,0.2119943669331644,0.21399662308429973,1.2869663569850134,1.5748981057906408
11,76,4,554,0.9624788507092398,17.6640625,6.079510772791542,1.3790867278510741,0.9771850819428274,1.4004141622218391,3.6778639274565825,2.105982735446125,0.16484242454455997,0.15167693403265575,1.3929109375608881,1.523069030419375
11,77,5,550,0.8727142821757168,16.3984375,7.064487577134408,1.227792559801447,1.4316562587725725,1.1426324916429582,5.091256611994927,2.3786662970235986,0.8917118526825321,1.2585184803529834,1.222478394670237,1.2286849489960106
11,78,5,537,0.879930730238592,16.171875,6.796825834793655,1.3243420097432272,1.5804093505005798,1.3890158212100188,4.634404567512228,2.468010174510537,0.5700890677333188,0.7788964319641696,1.2542160562129736,4.802007736200652
11,79,5,538,0.9676344192387557,15.625,8.524481321357062,1.4311499346681695,1.910833487369739,1.672955343868145,7.223001861864594,4.019901361786369,0.34784524901421193,0.22196940556478834,1.1720842447186295,6.066120246608983
11,80,4,544,0.8935513396857996,16.8828125,10.816422919844616,1.3210979833399534,1.1992952239210974,2.226537025607611,7.122929827279745,5.611988207871404,0.06509587367923514,0.13850593089235652,1.8223520181743784,5.408108541859717
11,81,4,543,0.9797230606898545,16.46875,7.520534049700439,1.5656292087614623,1.431433295415963,2.704800042606359,4.286595001062274,2.9171376263480524,0.9060061209506629,1.911689262144385,1.6397211252495238,3.5049335890102244
11,82,4,536,0.8984674785360205,16.1953125,6.617280050083599,1.5642017377595658,1.4116874989794423,2.7379808022020615,3.7247584273264565,2.4794680612974678,0.6616749164233738,2.0392098357445763,1.7370257924804924,6.190742312287277
11,83,5,537,0.8929333061620687,14.4609375,9.190218896619513,1.4383536292842882,2.4741677434219795,2.0133060455661593,6.470021356730656,3.470844768400681,0.06884354815936364,0.20707748180094998,1.7658837297555976,7.019369708973328
11,84,5,530,0.9005554097591373,14.7734375,8.783906966996966,1.2942954065447663,2.75936295572407,2.1587619434197722,5.438269170265364,3.1176937216127922,0.29151752777636325,0.39964078881440945,0.8810342818636742,9.33205608088907
11,85,5,531,0.9906855739396961,14.75,12.386504496077665,1.293951780716448,3.3630208789353446,2.5321812955824297,12.78313444351888,10.630587075146384,0.32975310010014286,1.533041817269215,2.268881549686952,11.249700670514322
11,86,5,530,0.8995675903629671,14.62890625,10.566790627695699,1.5429852190765025,3.306222893568027,2.4076571730435594,8.300561920916708,4.92054561230398,0.92476191543328,2.8237040731464216,1.625783913062877,11.100896564638854
11,87,5,525,0.9969473504077648,14.9296875,9.878709004045016,1.63882533802193,4.01863952095667,2.938437521018338,6.219773213051822,3.2722064733920293,0.18805213288517894,0.2942721365889786,1.0026079635577145,15.592189023603748
11,88,5,516,0.9127260672693722,14.98046875,9.000744994742014,1.457057393479178,3.9338190305317298,2.964474319738459,6.066497319435849,3.247721785136237,0.15060769309817856,0.9298188328682767,0.9001451194208961,15.430835633001651
11,89,5,519,0.9246934223269304,15.75,7.711801593588918,1.5598497314462172,4.3680724964305755,3.3505459321242066,5.158074311625192,1.8226282266958482,0.16238515917820545,1.7567556909197322,1.431524505195813,17.85086118591557
11,90,5,519,1.0154473680818572,15.46875,9.22681777317698,1.8216527989303288,5.252896532990452,4.1708508892546945,6.172849777390556,3.093192024528176,0.10255186226372433,2.7941975137716994,1.3554090758561061,23.69533496977568
11,91,5,529,0.9304595282235432,15.3125,8.833509728143532,1.3586520986944637,5.213812417590862,4.23824802703055,6.2275545775432875,2.8617590762855727,0.11324581186088474,0.46455793371981535,1.4576241054007875,24.074981471359752
11,92,4,525,0.934288814837656,15.625,9.189361782492789,1.5122838991364027,0.2616101503451634,0.318326603058646,6.128220311469775,2.0699573189587017,0.12988614701998868,0.08269899572870111,1.341207628332012,0.641405847587684
11,93,4,536,1.0393403674377648,15.7421875,9.578008804589933,1.6937328486388687,0.28172169654681023,0.42393652926103687,6.130554712255572,2.4051350086934837,0.44055039798990747,0.6800343879405851,1.3306570163568114,1.029321615939681
11,94,4,545,0.9553158210790389,16.203125,9.2790839770742,1.4678134952683715,0.2726482844704937,0.4304770843054875,6.744693356359292,3.762409078361612,0.06103631848172559,0.13040703495903028,1.8822685758706785,0.9210757322989735
11,95,4,547,0.9576360308115164,15.4375,9.911742702837852,1.664145887913197,0.28711104088737394,0.47844070436239416,6.870118449413514,2.5470031523839642,0.578417156426313,0.9710809867848068,1.6724619737999997,0.8144871454029983
11,96,4,548,1.060079624035093,16.140625,9.86576167608046,1.755766176060602,0.3313274370219546,0.6147574351594951,5.957557642821827,2.1803870095037823,0.22942498902627564,0.48754340500902055,1.280842185940255,1.45877547733182
11,97,4,548,0.9667996792310213,15.85546875,9.136013395863868,1.6909032749804835,0.3217133897699307,0.615075149312114,5.819021937429721,2.0194971970216393,0.294983026135806,0.47606544516388205,1.837304668244287,0.9224706183627764
11,98,4,545,1.0696410454526581,15.46875,10.541399399002556,1.6221687200683912,0.388903571913658,0.7665071523126924,8.529559765727056,5.86468604294418,0.37796211974915955,0.7148091235960502,0.9339423135367095,1.8792598344856144
11,99,4,543,0.9795730410929558,15.640625,8.953305645418856,1.7404805255173033,0.39439980458699553,0.7868080073245227,5.530642691898523,2.016022158492664,0.3334872136031948,0.7621161667093208,1.0450175780569273,1.3768486709998875
11,100,4,527,0.9878587514297568,15.4765625,9.579889487712444,1.6507884283335224,0.4309659334949083,0.8549047022336957,7.984305459242141,4.849174311496318,0.30513852335542113,0.6466194483784545,1.760841724405478,4.282822025157991
11,101,4,536,0.9935652390851955,14.98046875,9.235835606618057,1.4022562869456447,0.4757800786419474,0.9177704291259723,5.7022655727559695,2.3171213974248728,0.3543711544504506,0.6759564228327978,2.3344449885371383,5.29436686605064
11,102,4,535,1.0992356752547252,15.2265625,10.84277119884946,1.6628111112699735,0.6076530079763773,1.137800012207939,6.638408981408405,2.4508533515657005,0.9310140852032242,1.9440980140501127,2.353340974852685,5.798143463502997
11,103,4,540,1.0046307528814749,14.13671875,10.092787629094843,1.5372827598808283,0.6428999893581745,1.1505582861855697,6.278944808950366,2.7488202945598115,0.9316283793874051,2.2244563711899543,2.9571963079717296,6.555538323735997
11,104,4,532,1.0094826268985322,13.34765625,11.622547461272289,1.6818236153534585,0.7245154224037894,1.308527189171992,10.927715439509889,5.734556718957919,0.32852918680052645,0.5991218632521125,2.422932742658669,6.397470556862398
11,105,4,522,1.1221242810237233,13.1953125,14.458786524500931,1.8801671501864665,0.9380820416732494,1.6271897243419506,9.41924612184927,3.550191168809172,0.5470520994006393,1.1097286746932313,3.4167391678111905,8.449221009574359
11,106,4,521,1.023297409433923,14.828125,10.655221724315107,1.4098226221950247,0.9761882358840037,1.658637754141447,6.5487680910627475,1.9212370037101385,0.26164736987787984,0.32367122584948577,2.657666426392325,7.417730631874205
11,107,4,509,1.0296712596061623,14.59375,11.43572022900139,1.5553377845620968,1.1347181223543146,1.918189088215045,6.3505883675347015,2.1237013919619443,0.8887653992408971,1.7239250513001,3.5560625595718314,9.44719188580808
11,108,4,514,1.1406182400633147,13.984375,13.04535790807801,2.228533327265863,1.4605832327264086,2.498263187852307,7.63408740861931,5.124400531776859,0.8930574118611478,1.6600955572740996,6.108758250006666,15.191907850479993
11,109,4,486,1.0460295429842774,13.35546875,11.762672528066087,1.5260530300800763,1.5543160933339863,2.637178846235023,5.773413008498954,1.8140015813855976,0.8284010543531807,1.7696074292541055,5.686022570686828,14.94358659041446
11,110,5,489,1.0473095448754512,14.625,13.19651371282944,1.4640887014174022,3.0025503938163203,2.072047844280097,6.311752193986152,4.320118660425939,0.7143802314887743,0.4225781904094819,4.230105241462943,17.995406011030497
11,111,6,484,1.1562258618584103,14.84765625,12.369502106166129,1.6313322934135948,3.2128099043182416,3.1505330319298377,6.176219874054963,3.0316528971008783,0.579784244023499,3.083546821414584,4.522663488488205,26.821821100852514
11,112,6,466,1.0532582288828847,13.4453125,10.437358082786865,1.5295328723553425,3.1923233274368963,3.44376690974874,5.274617973958151,7.273342422711059,0.6254866040098904,2.6451623062573253,4.141535694334041,25.802727544026986
11,113,6,459,1.1687332058691904,13.421875,11.785957623074463,2.021266360494645,4.100755197946176,4.7806939394864845,5.785919963960364,14.256726531884537,0.4092046351949783,0.488592957667133,6.348349766336478,38.78705796000178
11,114,6,462,1.0614667094122017,14.03515625,10.768434072648315,1.731730183951512,2.3484321517212488,3.0971119142537606,5.214409929020925,4.082223313165566,0.3095802333095159,0.674826664593801,1.0845237939116643,14.974965931079497
11,115,6,454,1.0603376783684635,12.625,15.066391044261605,1.9135108880721736,2.932414493432416,3.9931879859936616,7.249322256926815,5.343949374403383,0.549627361960788,1.737034658024081,1.1848820598642598,17.073861300313883
11,116,8,443,1.1685856252075333,12.984375,12.96832861327239,1.8681273665182907,3.4847398784870274,5.422590433781754,6.540620365219516,3.565027625426379,0.3801517769558652,2.8501556753851616,4.486924787487702,25.101277268881947
11,117,8,421,1.0631180072710846,13.6640625,14.651098076052339,1.6219920982053977,3.74014442032051,6.879197363258049,7.265219885305937,6.895770135689762,0.48300591484137656,2.600608854399536,4.179771056680684,26.325471493158275
11,118,8,406,1.0683320616390624,14.36328125,10.802772745718366,2.382367160907287,4.316852720105481,9.563458950503014,5.86065818353992,13.911138114743132,0.7194333475075188,4.410133924015483,3.449754052577922,30.67505595736821
11,119,7,381,1.1704854925316672,15.09375,12.222844794450282,1.7104291057984318,8.102540940259642,12.808124292961407,7.06679992338886,25.914398056725304,0.31257373409564243,3.1679228757679163,4.628486810340891,51.912174546243726
11,120,7,355,1.0645489871209852,17.359375,6.852682161668964,1.217646513630686,9.887750494235906,16.49069418368217,4.353319503308153,52.099092661440615,0.5173935663618694,7.147865027217433,4.835585357954953,64.38289825058439
11,121,9,380,1.0588346651803178,17.1640625,12.763738732351166,1.3603516988781477,13.252185170650268,26.623929829837287,9.273853789963898,61.15949817477605,0.3891364317229226,7.5702144698039895,1.5377563594351367,96.68913566143011
11,122,8,376,1.1621399374600283,17.046875,10.020999254075967,1.5242166416592586,6.871743736216496,12.390289160357165,7.125673291037907,31.50984995753465,0.39760203419520257,3.031863376982402,1.2691913724069326,52.31844806850382
11,123,8,374,1.054883489707531,17.3671875,8.0672288899911,1.4941549444753681,8.285434391780168,13.717730046566226,5.766126594714654,48.04517514131129,0.3301987071845815,5.217432435759011,1.544403024069061,61.24959899828997
11,124,8,372,1.0498397494289975,16.6875,7.706769481852778,1.7846313804591314,12.446394791560344,17.625257704986595,5.9616073488333114,75.03652785566508,0.8298783337128423,9.056657326346867,1.1599631344656163,89.76946705758483
11,125,7,377,1.1500804204937345,16.515625,10.474085976788633,1.5952312192669085,6.414650636482157,10.80587277936801,7.69370760730502,25.935158307028793,0.32260013723739067,4.253999015724994,1.3850996453327007,43.45900013667558
11,126,8,375,1.0345618712938878,17.859375,5.740457152327034,1.4978154738695966,7.410001156908619,13.733947371773393,3.6905563285032628,45.92649610533803,0.21303347286812657,5.5492716883841195,1.3944518771551504,52.52182226952158
11,127,8,377,1.0325887330297177,17.5625,6.153683551704391,1.4237496291723255,9.35031963758912,17.378864390010126,4.135642999205621,66.84403692013609,0.3040556323537934,5.7758124598381775,1.3266979925726008,72.59859580755942
11,128,6,371,1.1331383055064794,17.328125,10.629622401027085,1.4974058806356874,7.010035487268991,12.517674411002734,7.502297892735713,21.833140484722943,0.2607070496498795,1.015611086357968,0.829425952668629,37.494819882589056
11,129,6,368,1.0257663321004171,17.109375,7.891172314388735,1.4878590053389447,7.809884859974554,14.05065518151064,5.370304125628275,34.69046305351364,0.43142964556542596,0.8568072085891107,0.9788436619138982,47.24807030350806
11,130,6,352,1.0196692643677063,17.1484375,10.19579869462244,1.392036981089517,9.653333283375687,18.143431768966906,7.543214510209383,43.630640957255444,0.6280314497583823,4.161475507043666,0.899426007397264,65.03140309859006
11,131,8,359,1.1171625743505849,17.125,8.286246761836543,1.9106319848847124,17.118663686975644,30.2153601129504,6.409562631988304,94.11502250012398,0.7115976834109755,3.266717317608872,1.7784690509317453,114.09768916614381
11,132,7,375,1.012916459139637,16.0625,8.126941874585667,1.362372747976221,5.78681034534747,11.101662499535594,5.186876844087878,28.093964157010568,0.3384542829418257,2.7394100357414137,1.3341968215068816,38.97382655591602
11,133,8,369,1.1089440471743943,17.65625,6.913957870796795,1.7108503054413235,8.610514263050142,17.405038216434647,4.698803482777381,52.30612195160796,0.7252975141861341,4.281428139564196,1.156263304678136,63.116201809363396
11,134,8,367,0.9996207566061773,17.375,6.932588899148898,1.4784825049502783,9.828309492088398,20.824169978081887,4.9888943040230345,69.9668115131645,0.8580996960411542,2.9920518804947043,1.1212402172858615,79.01181431749119
11,135,7,372,0.9951505366430848,15.02734375,10.569255768915404,1.7209215657154304,5.733556462180009,12.40467411709597,6.862110451294581,25.043776031138798,0.356435138180258,1.470959070171518,1.0692822811717682,34.985312250395204
11,136,8,348,0.9951397745226358,14.96875,9.19471945838276,1.7997756688573787,7.10304480388163,16.143408287078078,6.8023590277888015,37.194099637056574,0.4271688853139409,4.231113985923937,1.6030226746046377,47.979653495260024
11,137,10,344,1.0912394076465284,15.68359375,7.909433182757342,1.5457114403794585,9.875547743536501,27.209754198722326,5.886776473936226,67.28134137689406,0.681541760299373,3.3673127908822478,2.6831655447322595,75.85907625865794
11,138,11,339,0.9862870739939301,14.5703125,8.130958069837138,1.6753887045783817,12.900069919016797,34.278120380794334,6.1386673444106,85.78491885075049,0.45615679057366065,3.1853731103774368,1.4635458487007043,102.61764360934926
11,139,10,350,1.0750781951057173,15.125,8.090792608541822,1.5821587022878085,6.118910255593618,13.82275531022066,5.843454403918599,34.64960114011996,0.4679512400914877,2.4244340914027527,1.4541788771807134,46.82306925429377
11,140,10,320,0.9726191674482335,17.6171875,4.438791101124405,1.6278030833652672,7.219437846839064,15.646747334741223,3.339792462426063,53.950082665984155,0.4031729366951471,2.421104027675549,1.5736768865074802,56.74997094562373
11,141,10,301,0.965622991321333,18.9375,4.446058554685801,1.3286023050111146,11.12123612002287,21.037340749781954,3.165786191559402,77.17110886522177,0.7867273360681051,5.601772087236354,1.6950463081239953,78.8250583400299
11,142,8,332,1.0597455321084228,17.5859375,6.066742655190282,1.6665458513713274,6.675595716675551,12.000258410557915,4.115200445207878,31.485085947967846,1.1747959657655893,1.6757576138567665,1.4640319052824151,38.91230763026645
11,143,8,376,0.95904565189384,17.5,7.058883466832714,1.2975706665466689,7.506214815228782,13.080462280824056,4.610757769198476,36.884207246567506,0.4461496465046723,2.2113203123072536,1.6025506490170809,42.54577273717044
11,144,8,385,0.9554789348207051,17.0,7.402844875551333,1.436126847655781,9.556890935631905,15.947021333201656,4.821561965381477,51.003321379893315,0.501551800583524,4.967550088430355,1.1846749939477954,65.36765779318102
11,145,8,411,1.044104504126409,16.40625,8.261417202099972,1.2842912632722785,14.07706557129078,25.277627679782835,4.92214832256469,87.48846352202037,0.6312332214960199,4.305901748755941,2.2431943747412912,101.69808253752834
11,146,8,428,0.9463116439817563,15.87890625,9.497549577723426,1.2708293707438243,1.6340741636741036,2.736587573264492,4.861459739041905,3.422800224867573,0.46401625424058934,1.1741497957759472,1.8111615402551597,3.599850137610556
11,147,8,491,0.9425252167099645,14.9765625,10.580883175020068,1.4624013393041964,1.9115584707450493,3.0890040199367625,4.693901419162852,4.495532044418329,0.6113029835750403,0.9398220346472503,1.4368188049249448,6.3414511141617504
11,148,8,490,1.0280917204579938,14.26953125,13.549693375496307,2.061523076346745,2.426142570821829,3.831023403086947,6.049162193780269,5.41622509262497,0.3395460167184904,1.781827551244358,1.8348949652283872,9.295896557237208
11,149,8,479,0.9297178116954907,14.375,12.64259724081584,1.5931971462426213,2.266523514058285,4.501563376627768,5.85152812085396,3.7223117609847733,0.5893802044719695,1.3965477176086651,1.5672612148073373,10.666160924551365
11,150,8,455,0.923977839762019,13.609375,12.718300847623219,1.3436032676548801,2.7926390397442122,5.408223649001111,6.243253442304726,3.1031389320975835,0.5897297664462938,1.4329741281154325,1.2010192686382253,14.199788554405728
11,151,10,432,1.010635350859302,13.16015625,12.055064640447409,1.899113986355336,3.3942703286026052,7.566221748754037,6.329334129412942,8.42279585215935,0.43385841609512366,2.932213556179509,1.9661540699490572,20.19679204060322
11,152,10,404,0.9132346565323293,12.55859375,14.820981965450667,1.8006804675578096,3.946526266372558,8.097961453663423,8.436284135476667,6.5955836217186,0.44109795253831696,3.06712475310778,1.1089789852750296,24.238731198998195
11,153,11,364,0.9064762677381513,14.23046875,8.475625939718329,1.4062846311619195,5.204800160926041,14.0100324729288,5.540258277749126,18.809369651542184,0.5880360917265236,2.93905395714903,1.918419265624697,27.37851106340147
11,154,11,287,0.9924532665375719,16.5,7.589808140586801,1.9592779063454004,7.911791354511561,18.95911771418263,6.068890611638652,34.65433098800194,0.8795788605564293,5.44428715553998,1.4088727324333,48.011014263481925
11,155,11,291,0.8986528525941675,18.046875,8.378638057985523,1.3137179807178951,8.944153390739741,24.600484038841497,6.333197649092709,40.34275462055264,0.573770848586007,7.334180520482677,1.1193204533311336,57.09844491092939
11,156,10,330,0.9843219469972557,16.2734375,7.409923417762247,1.3375518786476275,10.77328858932912,36.47494208795886,5.074839641341018,75.89743766705129,0.5936741465826318,10.711751066680243,0.8512709518317838,92.19181663028655
11,157,9,390,0.8910754480921428,15.58203125,9.125392309421084,1.2729211916899918,1.4989506199717721,7.106018489105545,5.962206203889956,8.933336791134781,1.0086947619214972,1.2745771220853748,0.7726901251155802,13.498014593741322
11,158,9,413,0.8856073147488609,12.8046875,10.94581122624453,1.381491539779674,1.77252264096361,8.39656698588161,7.092897496678219,15.14721677645598,0.5903223486414586,1.8683036813723999,0.755754158242129,14.391483652487791
11,159,9,436,0.9657930659255307,12.80859375,16.130749982616997,1.705709400573944,2.5152298667577244,11.418204820166675,11.104129143693223,32.363664464716145,0.7719388035035525,1.3392374178451039,1.1750163830454172,23.062723731954808
11,160,8,430,0.8650268106670282,14.36328125,11.121962555491319,1.4590728469969738,2.7724248620715306,8.694293218020901,8.243181813702959,4.758995874721831,1.586003702923425,2.0677209316795477,0.6295638530187171,24.825607447729027
11,161,8,402,0.8472961914294092,14.30078125,10.203164902775994,1.6341888609443938,3.819967777959337,11.0536693396832,7.775377726488497,13.512059477977424,1.0900913004777777,1.3165035465894583,0.8621390366074412,32.317594684484774
11,162,8,347,0.9100982391560826,15.0,9.642944215317154,1.2420568127403917,6.0264010676896635,15.41061512257674,6.268400059277514,32.32150818777675,0.8213653103341105,4.172960792632954,1.2566876373208462,46.98016133034282
11,163,8,351,0.8033272602281122,14.9140625,9.508921958824962,0.9966811200263832,7.779828983993742,17.58027769893371,6.736410303882115,38.34116349392431,0.7088170875297023,5.495511013799113,1.0791621683637445,54.3643856906156
11,164,8,351,0.7833577603492801,14.203125,8.698181035917125,1.202787839499665,10.41150464187048,23.059321217990423,5.921549068908597,58.50697776076596,0.9712220714079652,6.475604514519789,1.2021657466203362,72.86516493271453
11,165,8,342,0.8346794753422396,13.84765625,9.327412972211025,1.0794197919709072,4.351582170069923,12.073311096603963,6.063789444252896,18.921764812009137,0.4901997189739023,2.032601448264017,1.3692698797156435,29.708846424942735
11,166,8,341,0.7367817967063416,12.6171875,8.557068985085701,0.8462879163389516,3.893662267147582,11.818915740944043,5.625480811195672,21.90206824705676,0.9390821126394874,2.353633014379816,1.263946136620243,31.10675258258594
11,167,8,336,0.7868076848506993,13.84375,9.48921324522107,0.9118203905160635,5.841136838501362,15.973695724289744,6.2585396768621475,31.238611175053432,0.5580302132766268,3.4737842597755315,1.7644968043339162,44.59618664514031
11,168,8,330,0.6905446926479933,12.05859375,8.30883349549207,0.7854164028590196,7.06540694853143,17.5182357982922,5.7187316985994885,36.94339199578394,0.5938417096416635,1.961880835708124,1.4613223541744564,48.42159468612951
11,169,8,324,0.6662201115396658,11.66796875,8.39833113629384,0.7729796414790914,8.891447901153093,21.67927487455875,5.720056508186223,51.26779255482714,0.9892419668404968,2.8323433875209796,1.6582794983730014,61.782590050217635
11,170,6,327,0.641475748907191,11.6171875,8.065506408857106,0.747525558771695,3.6684443053546185,6.383389288509054,8.333660233091809,4.656435340615731,0.8425720624039897,1.9265617890274749,1.747821648086517,20.996066691362156
11,171,9,311,0.6802196057560808,10.96875,7.7093316465683746,0.7594434373804638,2.3855645296843586,8.44181519164525,7.709557705696484,6.48520424948588,0.7235577117911769,1.1061414727542944,1.22470568027392,26.9081870156759
11,172,8,292,0.5915822067765016,11.078125,5.786154650335422,0.613493007461401,3.263376690148859,8.4077024265086,8.730715250515601,8.233078004184723,0.29933661134568396,1.4645674928078212,1.2138857959179188,26.530879289321344
11,173,7,291,0.6272486581946556,10.75,5.799619180952249,0.5915761098663869,6.077727936680059,10.261946427637263,10.654153505442697,14.112854374770222,0.5772145781852849,2.1360555807773864,1.4636622190380078,37.81481104937801
11,174,8,278,0.5477501029967442,10.17578125,4.824067088736595,0.5965522046292044,6.540896879640883,14.063374024462707,9.29995663051251,14.38247995209492,0.5726936882666838,0.7464903023732448,1.706109521591407,38.443137200161985
11,175,9,302,0.5306098291010185,10.3828125,4.857746444124348,0.5665165842025317,1.5408030108849198,1.3043733185776523,9.45407955553219,12.71254273365853,0.22552737476151868,0.8417904948887598,1.5474187735011404,2.679807694947981
11,176,9,281,0.5691796899780758,9.265625,4.649445344362854,0.6328172449812284,2.2644906763873767,4.614977408245097,9.398496656603177,27.427841624278777,0.9690548319931468,5.7173728883864845,2.0948001341596116,6.188877904852902
11,177,9,264,0.5078078703843159,8.9453125,4.04724154466758,0.5864837334060395,1.9338784189071603,4.064252391922008,8.610853932364247,23.897363585496855,0.6111278644105753,1.7383261392110438,2.334332177926198,6.670206827094772
11,178,9,269,0.5028439990016647,9.75,4.438991638933182,0.5465726424757658,2.3588069840731363,4.812183919437732,8.9362172969843,25.55512036074233,0.34449399703465455,1.3745388763599713,0.8567309680759165,8.573943054945849
11,179,10,245,0.5475507097969705,11.4765625,5.1278935840151965,0.5105002401829362,3.031012380442102,7.759510394709293,6.180162864265803,22.051008806438084,0.6048731301102686,1.6268366274658852,1.240029688002136,13.37226825858486
11,180,9,272,0.49454231772729285,11.72265625,4.922679571989446,0.4022258025723532,0.8148615326872584,7.428333432360797,5.269281590864196,4.596986213914081,0.310280072065274,2.9158995252024367,0.7898251326900835,11.438228525948485
11,181,11,267,0.4879364700958691,11.6796875,4.665104407483856,0.420799831406961,0.7696534389678584,8.482203592964508,5.129845566103184,21.015440075135288,0.17682567631580298,2.8246481865743958,0.9517084905440766,12.920377760620974
11,182,12,284,0.5266817370726545,11.4375,5.343717699994919,0.6216350461757247,1.7203552643788473,9.746632662514987,6.941797029580304,22.545648617167107,0.41313121890297344,4.0228697671223825,1.2668254934839593,16.45235598912012
11,183,12,291,0.46788145104055184,11.3671875,4.90422860036405,0.616181966020147,1.6315373307572423,9.860894458608632,6.7662957695535875,22.607005457395168,0.3076351424557987,6.296466472413892,1.682216921085884,11.784035222412157
11,184,11,267,0.4557020515159197,11.96875,4.11376524897118,0.46063329610704346,2.4642392402430855,6.6753706106456345,3.3233842429542606,9.870862040962413,0.22316036511169737,0.9098312777089992,1.5304654234074884,16.16194531077579
11,185,11,264,0.4904407971413018,11.41015625,4.61727534265867,0.4893486077369711,3.209392131351329,8.807751467982596,7.044240096169535,5.913944725609214,0.20241487520690038,1.0405907466731616,1.8352448760862532,20.9797536976775
11,186,10,279,0.4288432526260095,11.3828125,4.1470019250033925,0.5946945398919287,3.159468905102436,9.136022092318143,3.368980430461225,12.754268705413136,0.4735087982970089,1.111795126906168,0.9085090323397058,23.586994507348212
11,187,10,280,0.4530331192992982,11.234375,4.283751321051095,0.4649427520435526,4.02455482399954,10.902667033728594,6.335341747216553,8.209021025512548,0.19737061093910338,0.7001372904443691,1.1833385371033165,29.14185709567783
11,188,10,296,0.39589531219928603,11.203125,3.758636746403587,0.37470088108133365,4.063751560982277,10.503535899780262,4.119271298950846,14.690804190757294,0.22146148030811233,0.9653944528370066,0.9355837509516204,29.473625558706967
11,189,9,290,0.3811706223858325,11.15234375,3.5396311949939503,0.4528633498414818,0.8741610212380353,2.020270494067091,4.985582002420491,7.052101953360856,0.3224219862325761,0.515136152748146,1.2414903136524271,2.518169685271558
11,190,9,300,0.39629084431166717,10.359375,3.7601088528998936,0.42185736917128946,1.0286858891162203,2.2382813553986303,4.182026338001138,3.946323958508787,0.06840519377748884,0.6897054530621487,0.9146372179228508,3.7248143344113047
11,191,10,312,0.3407135579373877,10.83203125,3.3224154429682593,0.3886891030705601,0.844154859051223,1.9479813742628855,4.165548673235929,4.893022059812813,0.2574496945169943,0.6120042020257533,1.221712064513273,2.968788099246392
11,192,10,319,0.3187292498723372,11.0234375,3.2603370667204974,0.34127356233940814,0.8831095552715873,1.911930114993157,4.2007533171185445,5.416711046823302,0.2101396187914431,0.25179367911859774,0.9384765147905892,3.2050282389448554
11,193,10,344,0.33185497855124013,11.11328125,3.597759715546969,0.3797682460267322,0.9576583680307911,2.0963153936184353,3.82327054303385,4.223980962483074,0.12734261544355,0.43145155174508343,0.6733443615137784,3.893982414258496
11,194,10,376,0.2888581513347876,11.2109375,3.77325463395401,0.3723735109690879,0.8718263248095813,1.8792831297382333,2.2676196029317315,2.9017366943397986,0.21105504653044127,0.3893194275554218,0.8920319349342223,3.7369066443597885
11,195,10,402,0.2819040412800889,11.91796875,3.621800979093793,0.43174483188671886,0.8822538261064752,1.9480868832899145,2.957760758674958,3.996271486274259,0.29874560756344437,0.8001072302370215,0.8374907843784296,3.42960674122659
11,196,10,397,0.3043506622228915,11.890625,3.966285687830027,0.36658622542720454,0.9810790396063461,2.284403156875365,2.382606903243099,2.6721424628474346,0.17392384613171347,0.38243635213187127,0.7902071893559226,4.858475556642285
11,197,10,377,0.27327291657865965,12.203125,2.7532064299445302,0.5457007835626093,0.9564467481188487,2.1455410920911118,1.66611804423136,2.851805501422871,0.5639080340189243,1.202759546937742,0.8110956068853958,4.3647861214227435
11,198,10,375,0.27100152028126245,12.1640625,3.2901097715779053,0.44961323416359883,0.9560864573288232,2.3382660051572826,1.8385903769487548,2.566311942767932,0.6050227682071109,0.8189572184734777,0.9154115416780961,4.599293312277533
11,199,10,368,0.2933887196777655,12.6328125,3.28648711012848,0.44736260036967024,1.1488084983267304,2.618942650464826,2.2986942943074107,3.4713551202883024,0.33814372652034175,0.45150016948093313,0.8516146116199794,5.450771738276572
11,200,10,364,0.2656454089782022,12.9609375,3.487954775837279,0.3408012583435676,1.0327517893599611,2.553587525102546,2.9632663082777473,4.221412650603778,0.20144830819784895,0.2688994363968778,0.9106723585734344,5.40688792755565
11,201,10,341,0.26185362531771805,13.0625,2.3268019727070204,0.6727948569095531,1.0165602407753862,2.749279144141456,1.5307341667421965,5.091998243098513,1.7412763375274578,3.1851846647513486,0.9044063864619358,5.687107899614466
11,202,10,336,0.28477945604924965,12.9140625,2.7604509775620163,0.46032833260682476,1.1180189686224788,3.2572230045114487,1.8203972480594044,5.469289135849857,0.2790690328838562,0.5322477304191873,0.8216028207863677,7.217768886522464
11,203,10,329,0.253851915947778,13.21875,2.3499891923044074,0.5041324295780656,1.043484404746823,3.0279359178660887,1.6088925490049069,5.934424435434627,0.37073465699173574,0.931823425155405,0.7461568952616843,6.267084306097756
11,204,10,320,0.250395183008739,13.1015625,2.3246020597730372,0.420156809186893,1.0697380497227114,3.155385922165578,1.6041787311210531,6.2361190869402545,0.19966982125574512,0.6379260070532184,0.7386854957136898,6.808352991578979
11,205,10,313,0.27330455933186304,14.15625,2.385529763829868,0.5162285125783064,1.161015549278741,3.748830302148972,1.522705424372198,7.640319886539025,0.7075878206261478,1.3569876315507174,0.6681901185037351,9.10080248064353
11,206,9,300,0.24573595612081525,15.0390625,2.2274980742730746,0.56071721439824,0.8847274368779142,3.2639219119914897,1.4651809814190415,7.318540581554287,1.4345474693510227,2.891483020960364,0.7583307301768065,7.969704923451778
11,207,9,277,0.266516581365786,15.125,2.135473387290055,0.42311660029185877,1.0271968533026496,3.7488483484599295,1.3190225169058651,9.440785922882108,0.5553359295303422,0.7163674576536355,0.7747488008488691,10.038300582218497
11,208,9,287,0.2375707107118786,14.7578125,2.1260502200451072,0.5619266911027118,0.9934005775486126,3.560144572763622,1.4166852795648317,8.659450344571912,1.3694794224942188,2.4477383079564863,0.7875380705410265,9.333048216090184
11,209,9,287,0.23378551779823686,14.6953125,1.9999346763617354,0.5720799592768826,1.0524233310017235,3.71835755033635,1.2801786180518109,9.485464565223223,1.026658406001065,1.0037205671989904,0.8042293327732518,9.777319026477672
11,210,9,311,0.2501073837793711,15.3828125,2.041473766830148,0.5142290764388351,1.3654733745532137,4.331945229042117,1.2271220105305742,11.434184610913116,0.8890828922727343,1.8560564978060905,0.941777638487115,11.841806175745798
11,211,9,309,0.22084284582562463,15.5078125,1.821088644099841,0.5618836350957495,1.3568266395964426,4.0788994329406005,1.0254360745043618,11.000369504100714,1.1986065542266993,2.210660283738271,0.8320567745668085,10.578084960502144
11,212,9,309,0.21311662053923525,15.46875,1.8877350108819486,0.6082374708649835,1.5160649125699142,4.239044426279129,1.1133493913276373,11.373878494450256,0.9225495051852053,1.3560081477251111,0.8421845627000173,11.193018890255855
11,213,9,315,0.226054724249618,15.3984375,2.024069002459931,0.46447861911150784,1.8142972504364805,4.816039700706941,1.2875468125302263,12.989205565319217,0.5024989419012831,1.2548272814307662,0.7919883581825898,13.582248959449013
11,214,9,312,0.1947594801475477,15.078125,2.0212884914447646,0.5447080835639702,1.758537503324775,4.4271525222622286,2.281364296415581,9.160284875624454,1.2846061274243643,2.1069285435596994,0.8634468656751647,11.975662139206172
11,215,10,317,0.20086589055809437,15.890625,1.6232022582143046,0.5792598911018308,2.365658266002236,4.777609153071269,0.8927829690146271,14.21105616932403,1.0849760007766522,1.8167819535817982,0.7892392525974579,14.286910250236101
11,216,9,314,0.16683683676537203,16.1484375,1.5337812789435659,0.4439649178035213,0.37307173723321774,0.7449688878942601,0.8244311717825478,1.0690227772892928,0.8833100529486625,1.3627624199700832,0.7861000938726553,0.9324073417329357
11,217,9,328,0.15258130087336924,15.9296875,1.3218846145803886,0.39857211236242046,0.3474375616668202,0.6817863292243478,0.6381707734440125,0.8339417879565042,0.5880625361184207,1.9811302563264013,0.5602633355141001,0.6382714049839363
11,218,9,335,0.13696607589607881,15.09375,1.1384160356107247,0.34316719392609174,0.2965371073101184,0.6167874711741467,0.5707162613196768,0.9534710786906253,0.44621828067991487,1.1959078767855078,0.576099531940359,0.6072420185654704
11,219,9,343,0.13222311891077457,15.4453125,1.24355646553515,0.4123156537446146,0.29476618571748414,0.6239215588974009,0.6944015302986749,1.0614377863626268,0.7303331718455154,1.8024903621950419,0.5064280854433139,0.4785090052881157
11,220,9,354,0.10643259629784865,14.74609375,1.1421667436575187,0.30882580320886766,0.2389277030932015,0.5890680740590408,0.8208736356895471,1.309186511150163,0.4906375161207476,0.9679189062481415,0.5783925347371308,0.6121502829405329
11,221,9,337,0.10556480953985023,15.21875,0.9582850598724875,0.32219200913220625,0.23714667443828918,0.5886447367621518,0.39392017048437933,0.8041420945319085,0.5845091822518383,0.952697716224738,0.38397321927585554,0.4196380891328073
11,222,9,332,0.09091308922918868,14.62890625,0.9703718717032797,0.3181018915436564,0.18545931923328807,0.5013666199665048,0.41900086571185,0.9409727688263246,0.4395545947388042,0.9871979739304876,0.522989032778184,0.39160904634315574
11,223,9,333,0.08547880832326832,14.53125,0.8460634647684399,0.28465647573606995,0.20552743022193662,0.484186020916694,0.3447770651121994,0.6025099742958031,0.500675767997739,1.0412105987689007,0.4115054705067898,0.46028442835521965
11,224,9,347,0.0940557089947295,14.6015625,1.021525061252203,0.33429216836820075,0.25069726700592126,0.6359043813006015,0.49281938277977666,1.1416788062699381,0.5622094238850314,1.3765410641001408,0.4262067076148008,0.7087119590078157
11,225,9,338,0.07583737867741841,15.41796875,0.663757633889209,0.24043520383631306,0.21032818044732457,0.48884845689917067,0.2977301413051346,0.46314117851982584,0.4208065964139545,0.8666813324681024,0.3675288535827663,0.4302668469044823
11,226,9,338,0.06914938158210901,15.36328125,0.6517013066885753,0.22836362685611553,0.1902461949281813,0.43073907821782087,0.288775189814515,0.44904111050057377,0.38555238795452335,0.740369669471443,0.39955942964095864,0.28863341749406746
11,227,9,334,0.07051151517973707,14.94140625,0.7058336361932425,0.2346225734197873,0.17518363783727728,0.42957141675601684,0.2840101455834985,0.4663714589490944,0.3601052239411378,0.9939760063363282,0.3024758048604443,0.5814281530638293
11,228,9,337,0.057374276217181545,15.4453125,0.6027723448834864,0.179853455706249,0.13115298033246064,0.31535858426994295,0.2554038001652371,0.41440598741945,0.2369629534914546,0.5207355067805393,0.23784932260152955,0.24896806342439934
11,229,9,358,0.05631108000422014,15.15234375,0.5985329902892443,0.1983211139959946,0.1279984824656716,0.302631078107997,0.2574397689947816,0.4108906029918854,0.358265592224244,0.5551977074654793,0.471316817225323,0.3387764584079099
11,230,9,359,0.055492448818210506,15.1484375,0.5223038565867433,0.19530309890328904,0.12815941630271782,0.3754221710668384,0.20225626556277299,0.2925214265760194,0.3177812281426453,0.5955786499307286,0.3586312025266774,0.38236103219120954
11,231,9,359,0.05049669633220807,15.4453125,0.5700395642156573,0.17847530070674764,0.13658159592604477,0.23476869877488693,0.2564932158513789,0.34800171894244736,0.27792871108808287,0.47954785915099296,0.45965810086924525,0.34369350571884355
11,255,10,437,0.05534800101813368,14.40625,0.5733047977141985,0.17027692561031363,0.1320194454870846,0.3617151306567492,0.21926305330825002,0.4467961767859298,0.28870555930945,0.6635143357355241,0.24865628223006303,0.47914288362071766
11,256,10,437,0.06213929841533471,14.6171875,0.6020464833666177,0.1886170538281101,0.12101272355318043,0.43853856838008437,0.2597719107510468,0.46197659247333484,0.2777514779512985,0.6787849593185595,0.2170116042134001,0.4217621744125654
11,257,8,439,0.07391921041900294,14.265625,0.7544420576319649,0.24677980254669987,0.19523211990127878,0.41229419430507813,0.33639745198223203,0.661650060048232,0.3864272773924654,1.1493612498170533,0.25617539783057647,0.4599355690013055
11,258,9,446,0.09666841691588439,14.37890625,1.040722761523667,0.3036820698649166,0.26454267888560545,0.6558068152312061,0.7344323953139832,1.2943010956578231,0.4609114953440997,1.0220391937115267,0.19840555692478715,0.6889218995609863
11,259,9,449,0.10172549565099491,14.1328125,1.0624445148078128,0.28487827181894587,0.28567005261039574,0.6976731469739645,0.5842568069316868,1.163427885109157,0.3833339996518753,0.8595696805413181,0.3065811291346251,0.6632820552131707
11,260,10,445,0.11658557932828917,14.2890625,1.0865982058281956,0.35476702989171005,0.3232168163450927,0.8256647535264987,0.5082014416638285,0.9262304432138814,0.6811463463790149,1.0031531576825596,0.5099809484257909,0.6871497662111579
11,261,10,443,0.14555833338974547,13.9296875,1.5232719150118497,0.4382674603529906,0.4407780081601781,0.9880399952646741,0.7526429187267358,1.3417439173242482,0.8048937102609204,1.4486441370532914,0.49213791186945477,1.1803188781443577
11,262,11,439,0.14817400465441244,14.8671875,1.5430477820645847,0.4242892657948955,0.5245627930180918,1.018898821060264,0.6875272328835889,1.3551147916727864,0.707140324611927,1.8328157436608508,0.46559458091381406,1.0521095592336251
11,263,10,438,0.16500392725685278,14.58984375,1.7161286002017944,0.4346204431206521,0.6543416275535936,0.8281139231402745,0.8555101261194576,1.0352782374739578,0.6046393473344132,2.0529333722117142,0.6710934761116951,1.1286554406400777
11,264,10,440,0.20175163005475868,14.9296875,2.026845923226339,0.430122974119599,0.8434278564506088,1.1486412315684769,1.3015741698507572,1.1861745724388368,0.41700082910538716,1.8078106168548382,0.5331526723229331,2.134527448654797
11,265,11,434,0.2043786291384796,15.2734375,1.8251657255076577,0.5090000200146877,0.5187041280544488,1.7568676414831306,1.0508746770703958,2.4712335263156415,0.8063538660337609,2.348521915293918,0.5317813839445691,2.911001264135635
11,266,12,427,0.2219864547120366,16.046875,2.1611319545871943,0.5389278441314059,1.0904928030177847,3.8689534169389517,1.277839365137998,3.940173898620355,0.7953196715878137,2.7953153704002744,0.871563036210391,4.530050173068281
11,267,11,436,0.26715634511694286,14.41015625,2.4309501904643263,0.4907852796744745,0.20760610325268766,0.4276241037414087,1.3666073681607462,1.7201436079866093,0.15016738440274874,0.21476720942110064,0.7455532636614126,0.8335961712954414
11,268,12,454,0.2630868873057525,14.51171875,2.313187796542131,0.5103704688014902,0.8264571300537634,2.8260457178324105,1.3925988360573118,1.890465971368754,0.23582741598578513,0.8632457014931236,0.9197405911387471,2.635422404494577
11,269,11,467,0.2836006205734131,13.5859375,2.65722406370417,0.6363481708950213,0.8147719025505419,2.97049712245233,1.4985607823656915,1.9634191352256258,0.3421463857812594,1.0516712442054517,0.8922599739470559,3.3654750388177113
11,270,11,472,0.33450115702125777,14.00390625,3.165796452603735,0.6382592995209846,1.0293531440488806,3.6553573451530013,1.9074244533716753,2.442966174622195,0.11764000965843424,0.4344208577905318,0.6757303457760946,6.005902934871763
11,271,11,467,0.3216529658724499,15.078125,2.957232297075358,0.699787735483749,1.0257310320650386,3.642987622840972,1.5826661768921244,3.2179005906154856,0.5132841036627084,1.6490200930323577,1.1485204825508664,3.7852341482093474
11,272,10,460,0.3412741596219026,14.34765625,3.7426308130795247,0.6537563103083512,0.2634564028242436,0.663217819098104,2.3856854072865614,3.985062487525629,0.2093703993254618,0.399851171784605,0.6541166575424933,1.041252193317568
11,273,10,470,0.3974296013443982,13.578125,4.197444770830341,0.9376993446776951,0.29455759191142955,0.7936808250969786,2.446661882156394,3.2218157367943134,0.5068423731515783,1.0145000663128345,0.6821441252448179,1.0454323034634245
11,274,9,467,0.38218530136600243,13.234375,4.139507464393898,0.9766954964891991,0.23754711919962845,0.765395023017019,2.9842261221907402,4.183531829363879,0.8912945411499922,1.6776581107914592,1.467287393720949,2.1942916762582225
11,275,8,463,0.44010950304919844,13.3515625,4.902536729144077,0.7259931339713557,0.28082816769443397,0.9367802965098508,2.843751375131513,3.5866093253415174,0.0965126640667692,0.6759061635604313,0.6375869944809661,2.290626079206745
11,276,9,469,0.4206320070177395,14.3828125,4.950408838271938,0.7968877752637774,0.3271796896912552,0.9242449008871847,3.012439487107206,4.428309940171864,0.2938446299464275,0.4962728707186663,1.2380409462273902,1.3449412471942925
11,277,9,463,0.43739397448341316,12.5234375,4.846849869098055,0.9311187345947708,0.46681293284815883,0.988491962200765,3.221187547123272,3.986671195630529,0.22820717301295518,0.7846849131981753,1.4224908107565934,1.55472609450513
11,278,9,471,0.5009972926584186,13.3046875,6.0231017193556795,1.3153049428075712,0.6884970230364097,1.1798144751060577,3.1651220742906734,3.687529592110644,0.4283962350933554,1.1212450213041125,0.7368629422831428,2.764621588623278
11,279,9,474,0.47441171018936257,13.2734375,5.41778651582042,0.8839485563528842,0.6936271063075662,1.1161425426166638,2.458934279621078,2.942093972863178,0.28997021126048067,0.5220633431135295,0.7655587613960958,3.0376190069159184
11,280,8,452,0.490040453603173,12.67578125,5.774423229680959,1.0049708339393773,0.9894820282667334,1.3266105727662145,2.430320804876369,3.1282666702947695,0.26753693863463823,0.7808866402274024,0.7769860554539774,2.6671535088083855
11,281,10,433,0.5520784823473864,12.1171875,7.313718758072178,1.1516982237989366,1.1363177457402098,2.124292449386367,3.4835068192089187,5.128263855994416,0.26007118288821984,0.9418601099631245,0.739937665650277,4.077932333726048
11,282,10,439,0.5130957995836802,12.46875,6.826589470377691,0.935326940600014,1.31501659591679,2.8014604039754247,3.5044504253791207,6.0492621708895005,0.36264514880093623,0.8461946101824241,0.7567145330837266,4.000201180892959
11,283,10,425,0.528575835434911,12.9609375,5.320378449404204,1.051536659782823,1.8280721877404251,4.041013273061997,2.682235598463484,2.473648228366784,0.21982050220403954,1.085864489163899,0.6373726792513315,7.588474278557899
11,284,9,380,0.5973747019768095,13.15234375,4.73171685555313,1.060317020391533,1.6820300905346564,5.11774114752387,2.7154311888499754,6.96128559977657,0.5365619032814788,1.7066199192783322,0.6406861766966037,12.745842854335729
11,285,10,381,0.5602647869422732,14.703125,4.218546058943408,0.9786428591532208,2.6122697213516393,7.435175867457188,2.2211785941103885,12.302992922665455,0.12339609699226284,1.6424044798170252,0.6810712657735492,16.655652327803026
11,286,10,378,0.574632385206701,15.04296875,4.7381104631155875,0.9235178561774131,1.4625949755833463,4.622409208383245,2.846947966655655,3.7531815179418127,0.1301187952361742,1.431121648648911,0.6471785257834495,9.092296241137241
11,287,10,378,0.6498098863667114,13.42578125,5.382848385077028,1.1533188031560135,1.9296875617813483,6.089151805644635,2.835695620453122,7.0612588173150925,0.5677767949988359,0.6195203202055666,0.8307084983729818,11.627736203201769
11,288,11,391,0.6072067357780699,12.9453125,6.924794733535698,0.9575155456135958,1.6052008184159687,6.870913529014998,3.8999667854407987,5.147432610203463,0.32914913145136243,1.1389799771780211,0.7340916895672538,12.942261771125548
11,289,11,376,0.6818799408476425,12.828125,8.017043679225596,1.2382124294203685,2.2031476474010527,9.36418669454916,5.773205030270319,7.72151424717835,0.580143499497014,1.2913806061352933,1.0009838685834687,18.913291789240724
11,290,10,369,0.631051129440088,12.859375,5.9938593882730995,1.1800517205367105,2.2897306159816972,9.1476794639948,2.9281241127177715,13.28790621189882,0.3914659074893022,1.9282016927719203,0.9862995475502154,19.667847032264287
11,291,9,327,0.6413008982673746,12.859375,7.072179518513498,1.2914291624545866,3.500131492298922,9.29307916809805,5.632238279714769,9.815057439452689,0.5867078594700268,1.4413145541307362,1.2607969347602883,25.326142968652533
11,292,9,306,0.6502318894424933,12.83984375,5.331716968408511,1.168215483829776,4.255903660661144,11.052547704740087,3.134778877219587,23.314248539197486,1.027535011472157,2.5285310896660573,0.7578154900858998,31.313416783130087
11,293,10,303,0.7246279561356433,13.0234375,5.240587271810185,1.4067650169356187,6.27704442990496,15.69088088186129,3.4028020003675468,35.329604790938426,0.43527340847878004,3.0667470700323824,0.8953837340150079,45.50053216933245
11,294,10,306,0.6692087886744346,16.2109375,4.34797702537074,1.3058127870849532,6.857915276681488,17.26371143782648,3.170127571081659,41.808441761159415,0.17776598442889946,4.178634191294055,1.0394740903577362,48.69873144054574
11,295,9,322,0.746631108912848,17.4140625,4.7721830689021845,1.2720791316188693,2.8032569233855837,9.758403482093701,3.021783096687703,13.178817402769909,0.2833172573802128,4.135262553327245,1.0065159025344732,21.600239726279195
11,296,9,343,0.6845615400686603,16.65625,3.9835086773913906,1.01255251792399,4.043299298136271,12.303106594474775,2.3532057090698806,23.3911905394471,0.25956185404068777,2.9041404607418073,1.4382637995069916,29.505675880400904
11,297,8,392,0.6887972064947782,12.8828125,8.256970545437216,1.2050992728561623,1.8079970290859348,2.9203794221522044,4.87098847273637,5.1863081849730435,0.3243275800310079,0.9646424149714308,1.7908772898831091,11.61820127865566
11,298,8,430,0.7613948651695175,12.20703125,8.480740509986152,1.4332792477857752,2.2659188820762073,3.6511356929991217,4.581847398263473,3.352429997853109,0.8225531722432264,2.246133445922333,1.8685486455882043,14.547493588489633
11,299,10,424,0.697661696227384,12.46484375,9.91753336732534,1.431161490105362,2.297317752358429,4.414017416960382,4.393391486008084,6.938504410324001,0.2774285981445609,2.1002461965712897,1.739672989965356,16.040017742565833
11,300,8,421,0.7011139566889838,12.46875,7.657347998874715,1.2054454222798416,1.1892658696804457,2.9376087527607035,3.6342283694562,1.45051062915184,0.26824908613407344,1.932927191294122,1.8030448523046048,7.2244426690283845
11,301,8,411,0.7775819716214627,12.3359375,8.056910326497825,1.444261095660127,1.5711579067689847,3.698860270073058,4.008110407154806,1.7625431332579344,0.418953506978922,3.41826799663267,2.4681335309008294,12.624001440593666
11,302,8,401,0.7129767105328327,12.4921875,7.204106180838931,1.2183290864712992,1.847957691588366,3.758554443456531,3.28243171502758,3.989475492647383,0.1986920005485802,2.139465430108132,2.176732916688346,12.810922716556284
11,303,9,391,0.7186876496633974,12.6328125,6.95249394968678,1.336612037041399,2.785710324108111,4.269831697992316,3.62822849444532,5.893863314807637,0.5331409909882546,3.1388363150871874,0.8194156824006854,14.456301306937641
11,304,8,365,0.800296559292053,13.5234375,7.131472777034189,1.789902328349776,4.244943857739487,6.668567681735369,4.45474988123038,10.103186363913954,0.44496136605839176,1.418296660947821,1.4548623386790096,20.654885955364886
11,305,8,346,0.7313598795771304,16.265625,8.156682548156565,1.017667784486429,5.212156362118977,8.486193079771766,5.132580799758831,9.551044495229263,0.4330048721722941,0.8422123453031609,1.7519237965261774,21.012994281193155
11,306,7,346,0.7354135794188961,16.96875,5.200939330476832,1.0967264818593803,5.357354246713803,7.937020381590601,3.2932287036533876,18.62352674481356,0.31089828891198396,0.9238180290483278,1.0413707536178696,26.739243590360484
11,307,8,329,0.8129159133157833,15.6953125,6.422921900302757,1.2750100300617584,6.724675929814856,15.413678795198813,4.036829270353327,27.78574051819845,0.8640381115612967,2.682035761337041,2.4111116501034453,35.52554477979829
11,308,11,316,0.7402690563804172,13.4140625,7.157188445684435,0.8646350257136586,6.33508344452748,18.3264084914758,4.786368605356252,31.060373089900928,0.43447250087552214,2.2979629891664954,1.4772501350825336,43.3121337193502
11,309,10,324,0.7420738702498004,12.63671875,6.7564770195633095,0.822546070270218,9.526079768513519,23.08865098255411,4.458367882625644,48.18425645952651,0.26525451990140275,3.1777904032203383,2.1816944467800004,52.09139790012886
11,310,8,349,0.8169371585684747,12.90625,7.578735853158294,1.0458710157517805,2.594995991355267,4.990047492853912,4.369155286259922,5.448539573206437,0.25496413850425403,1.733597757050366,2.6307086787779994,7.903399748417002
11,311,6,326,0.7427192082735707,12.953125,7.208485134263572,1.1453169520545963,2.6399244425168495,3.853868114972482,4.21365306957888,6.311057493956717,0.21591020452246118,2.0773069953042476,0.9607233393481075,14.060662455617512
11,312,6,402,0.8135413612720526,14.0546875,9.296104696367927,1.5131803258534056,3.3725855302472745,4.874702957961182,5.660747223613859,4.657911576195591,0.07723195437116029,2.987540733027297,1.2985239314529085,19.40265750088407
11,313,6,351,0.7387279828456303,15.6328125,7.850907405582134,1.440705238415069,3.4088280886632765,4.787238938585846,5.3163465178618825,7.4402287271986935,0.48392647026086133,1.394934635574638,1.7808273367887617,17.73446580662551
11,314,7,345,0.7366119343209668,17.453125,6.3662482716128945,0.8604569712444502,5.344629412543201,8.888383797199765,4.477352235374392,16.33138374172353,0.21370634297211383,2.8559067485775484,1.2184993176305878,26.719385321691608
11,315,6,323,0.7350473415265472,17.8125,4.137395198376143,0.8087074064107185,6.217591261612981,8.940749252315491,2.5390496027282587,27.60004747408054,0.1889954201891662,4.515886835765384,1.0421150501197165,32.781669014036545
11,316,6,333,0.8073846989296989,15.640625,5.532453462869929,0.9615564593857567,9.030747796127343,12.751345963941091,3.388705785655519,38.715969289638984,0.1916875584633328,7.512715509408129,1.2054603012635263,48.0951340577882
11,317,6,368,0.7306052364455053,14.92578125,6.6437475652855875,0.725446404557352,10.596087355995058,14.781441094973625,4.280278477828784,41.972406592091204,0.10537814086564268,5.581709186370567,1.1970206823141087,54.55865096416274
11,318,6,378,0.8000609701271003,14.6640625,6.816443961676926,0.8645677963633711,16.073118156653504,21.794093034808284,3.6534180663109543,69.8340516564054,0.13125846995235252,5.542390554610893,1.3731227907559005,83.27535013743729
11,319,5,413,0.7235777254118856,13.734375,8.354488938735077,0.6503486389443631,2.275013196607803,1.8970922023398038,4.859080932392853,3.0895214141268976,0.11153848529602618,0.40448062465982165,1.2076523750191392,7.670772383432498
11,320,4,461,0.7194075962496465,14.8671875,7.092469736530783,0.8481574580484086,1.9067014484357763,1.0625911331644993,3.863285682559793,2.2252033522860604,0.4814218299466217,0.8005442649556105,1.3701225320092223,8.696695505043929
11,321,4,462,0.9282900717560895,13.59765625,10.963185090263192,1.0248704063044807,2.7978957982053063,1.4370512537629025,4.949369665307024,3.778288293739279,0.164700564547411,1.278632028592598,3.371172584136996,14.633611563297654
11,322,4,464,0.568343544035323,14.7578125,6.436917559441807,0.6116359949558119,1.8331892298485415,0.8652662971805405,3.131476066771747,2.820408439381247,0.18132727096261037,0.18657531091739937,2.522522248677879,7.075783918212653
11,323,4,454,0.7062061252949867,14.578125,7.4646932785675855,0.7503032313369349,2.5239095194266747,1.102645293781326,4.261860289986926,4.786588388774304,0.16882893565496074,0.08599537347030085,2.3808331074632054,11.854616526987659
11,324,4,434,0.772501737540609,14.68359375,9.091494695081957,0.9118111001236415,2.9629614390334162,1.2542680369759611,6.118051844305131,5.015911587294806,0.45215788962459347,1.8362363301995708,4.12703406932516,17.26664169281085
11,325,4,408,0.6934304556408697,15.22265625,8.029735504296221,0.8428020601306372,2.800709935255255,1.283106265630472,6.474243606115371,5.804809117296639,0.6057234107832377,0.9425847165457985,4.1428941388321245,15.747441560527522
11,326,5,397,0.6933943341336946,15.8984375,5.890901804242675,0.7382207438634887,3.8568379780235498,5.934891032661618,4.99808857230935,15.453402883022326,0.5793846437257038,0.8008505918310085,3.4856562763799834,20.660808253709032
11,327,4,374,0.7587192691662558,16.3671875,5.537716197223181,0.8443415764871927,5.789289980089597,4.976689410025696,4.175647246111909,16.29374824037878,0.6391404095929314,1.5090701089612424,2.754401802052851,19.990736302769264
11,328,4,373,0.6858102940416037,15.171875,6.589794123496162,0.7804177415295246,7.9994892545393785,9.054464956854023,6.596924080654817,21.805462555871365,0.5104931528348872,0.6031123317718289,2.005123523681697,31.731160670349045
11,329,3,407,0.680726498853016,14.6484375,6.385229672377067,0.7671081859911542,1.4067142850189402,1.3972593277548537,3.8998174339959317,4.825047324759842,0.3243839856926089,0.4777974001716426,0.9481132313232643,2.7614007192048873
11,330,3,487,0.7063524311913137,14.7265625,6.833399649220995,0.841520290717207,1.5604632868561936,1.5522907302588607,3.3329257210299117,4.923746294055314,0.1641798777873086,0.706933011135805,1.3670262524230345,2.4153066575117226
11,331,3,523,0.7063366666376563,15.53125,6.041482972277178,0.8907551933531621,1.5788250284662682,1.5734263653280813,2.717250618969809,5.384005858506171,0.3901751746263874,1.5120834987973657,1.3988943278789596,3.9103707721063783
11,332,3,522,0.666560146263694,14.98828125,8.210477304777287,0.859168895242447,1.5486128735236044,1.5445932557320055,4.984575698597749,11.25770983763454,0.28187012515284743,0.5234361730384033,0.8703585972952302,5.999696590267373
11,333,3,518,0.728831861424869,14.94140625,6.341423965295097,1.0432208301794246,1.7598222837535615,1.75646656850457,2.727818145859562,7.228166984430759,0.34435998869948564,1.7736490621113994,2.011048411579056,2.8192893600480913
11,334,3,522,0.6596859501361875,15.203125,8.150094277618532,0.8714128435884779,1.6197880349047447,1.617546431470118,4.6001793876548165,11.777383337226057,0.14995829002883462,0.7626120649030729,1.5973924047712282,4.613574817934173
11,335,3,511,0.6545244536505513,14.8515625,7.262102358062314,0.9050603550501176,1.6509429056149192,1.649374044418311,3.684349138467831,10.8281028414428,0.16993909526792014,0.1004360902353157,1.6281470241312508,5.063163777196569
11,336,3,507,0.6769215870048971,15.296875,7.706071808772579,1.0096295339352308,1.8162981342192386,1.81520661567005,3.336236391610217,10.223290139670485,0.3456242362497783,1.270619484705766,2.0097644174342713,2.2660628393968096
11,337,3,511,0.6769192156632645,15.2890625,6.355531882667265,1.3850839990505563,1.847077547317448,1.8465826176075049,2.4336201809680924,8.364885080399123,0.4897008383324385,2.9927913864452114,1.7871330972020278,9.465837263020791
13,13,3,560,0.6879711551387118,13.421875,6.918425672040339,0.8560229419122949,0.116221293992531,0.11621987947093292,7.347354384758749,3.585523044998469,0.12180502484177415,2.152314156815269,1.49047879075344,5.467105967226755
13,14,3,558,0.6863794328835799,13.14453125,7.649287351445489,0.856525991540629,0.14694539816007396,0.1469452114669547,8.33216296374286,4.24624266373027,0.10993662550460029,1.631787818359556,0.6856974334113041,2.046225780702403
13,15,3,555,0.7564344681369221,12.796875,7.49969180104339,1.0491295618105605,0.19326298229686178,0.1932629465444125,7.507161556344362,4.611112975135668,0.14804794943513463,1.0185971794528101,1.067685486583342,3.895550858737187
13,16,3,565,0.6885631168189991,13.8671875,6.415766482262006,0.9343705190937388,0.1930848993198554,0.19308452953277516,5.229495298371179,0.746722909092373,0.6468604168785104,1.9604167382986524,1.3255896998045709,2.155310737123129
13,17,3,557,0.7626283291852927,13.5625,7.664981595423697,1.0940939941668526,0.25302734513244124,0.2530273353712263,6.23026906483226,1.4409853330374283,1.1800476803482804,0.5722865636619539,2.275460698151483,3.1901829587599613
13,18,3,561,0.694581317502829,14.234375,5.865071605806548,1.0196352029309734,0.24761932540720485,0.24760952955793963,3.8053865169091945,1.8275411403220718,0.30343538152439004,0.7671442995291997,1.675667977430557,2.5232489256670414
13,19,3,557,0.6958771244830424,13.265625,6.7312408233804195,0.937493064277553,0.3034001288174376,0.3033980460660684,5.6604834466050935,3.461600890686375,0.34953443809757495,2.349448267071839,1.519618602038599,3.0826456664966435
13,20,3,556,0.7685799482279196,13.28515625,7.9508675116582275,0.9459115413663103,0.36828531322022473,0.36828038099606697,6.521473651555812,5.363913428511978,0.6753571285218866,0.8652068704989417,2.3028740390459044,6.130593477365076
13,21,3,561,0.6942969291587587,13.375,6.539445672457274,0.8290990511201812,0.3603795457389268,0.3603715599130736,2.797561695338807,2.5859046637517245,0.3155156866365471,0.36858064881598,8.060616009140155,2.00388091761927
13,22,3,546,0.7607768612187599,13.2578125,7.855579814786509,0.8517899630670813,0.49107933213404986,0.49107389799837037,3.777300147658355,6.354155439271318,0.47149021866134455,1.5718807755530946,9.266249515372609,1.9221941080934508
13,23,3,553,0.6868277666700766,13.6484375,7.308389547882523,1.0995652137649752,0.5701417448177678,0.5701278015044948,1.7970977230607448,3.1189321168005515,1.5258656474196908,0.3412157874007882,7.330769856957243,3.5214008686045144
13,28,3,495,0.7017048221669778,15.5234375,5.515016885574098,0.796833687935525,1.760789752626738,1.7598819984886416,20.539339885871676,24.13790606854828,1.3842059173581422,2.4465244290347132,25.6042192695162,30.084842889971167
13,29,3,509,0.7686860314906395,15.5,6.006332394580771,0.8712557258005267,2.6634794545889218,2.6626447213434634,35.14158397589107,42.7312930910658,3.0772324351316773,3.9802837576129093,42.586483676649046,52.01333335692142
13,42,3,554,0.771085161173442,14.8671875,6.201870342504011,1.066354960475522,1.7573205375392298,1.7054304485236564,3.60267561657545,2.4768433681323545,0.4374713353043533,0.6970249925769028,4.421599707305529,5.8972766752794366
13,43,3,533,0.698585701001319,14.46875,6.92022605448421,0.9590538361706566,1.7905728435324668,1.7339831845797913,4.928000353986127,4.321892515612566,0.45900768853246765,0.872411336269435,2.3554289154409838,1.5868360010760192
13,44,3,542,0.767148290730399,14.953125,9.089643257236524,1.2874581749732896,2.2438341669177473,2.1679990960449746,6.4041487765219305,6.210225930953267,0.24999562311818105,0.27303417722472945,2.235625356950725,3.184300686597638
13,45,3,554,0.6963733136085962,15.03515625,5.279961779717057,1.2540213974069472,2.33617751424791,2.2567354732838085,2.3643437457589176,3.301281524053418,0.3592331086695899,0.5902783631731812,7.834726595273518,4.129631784983029
13,46,3,530,0.6826338111949072,14.359375,6.085560168403782,1.0416123163452329,2.539036886533871,2.4518326155058925,3.298117794640058,1.0100770285423857,1.0799094046866204,1.6850877569684126,4.291248875372613,3.5027889889378954
13,47,3,525,0.6827242494049438,13.9140625,6.10843609997721,1.0422803017417521,3.0178306970252735,2.917933443655702,3.329431428830541,3.37859441731144,0.4232485548127956,0.9500918657349349,10.002879172080927,3.1989694317509993
13,48,3,529,0.7483622901475291,13.6640625,7.6518990337985695,1.1616366745642417,3.8849150861378527,3.757406302863459,4.841910669718325,1.3316485243926142,0.2889070867342845,0.9728776938747865,3.1890699619550458,7.143544882340295
13,49,3,528,0.680365708639778,13.1484375,7.670184850384894,1.0624008309875532,4.265035914134743,4.114633145724135,4.915074245281245,1.2213537400669923,0.2802990983775457,1.7299185522940745,9.921071378373648,14.264725336347627
13,50,3,509,0.6797704134688595,12.34375,7.163160564252437,0.9435684286068161,5.195407490287298,4.991196672240962,3.202650732930662,9.680549468442944,0.43673795087457873,0.27811471682217487,8.352650779866527,15.229552032828247
13,60,3,506,0.7510581472762634,11.12109375,9.353627096774847,1.3330911811687105,0.35927609220918394,0.3570324579875053,10.33765960481711,4.871572500341041,0.5743646996125228,0.21166653139103597,2.3895617246425194,4.532041627340611
13,61,4,518,0.6843485566799593,11.66796875,7.7915137960511025,1.4733950090507608,0.7643325904557663,1.3491630548265363,4.446551638635402,3.5213144444287354,0.05898493306867493,0.5939241876565242,1.658679576458122,8.588546042806023
13,62,4,512,0.750935509361812,11.6953125,9.088901707728152,1.7168164879212569,0.998509365308061,1.7580479582817183,5.25905892521083,3.1185761148578566,0.1873404632314551,0.19697600557774228,2.350111972406606,11.649773374875366
13,63,4,506,0.6836874388331899,11.7109375,8.032274438920822,1.2586583241010767,1.0262674814674617,1.8676599621794852,6.159386676872238,6.452302445086161,0.1327584532407204,0.30771198741101136,2.305574306479339,14.740503448418368
13,64,4,498,0.6811086700697884,11.63671875,8.414471924538006,1.1447492067102112,1.1680458515763097,2.114314181384062,4.853514137593872,3.8888001524998344,0.5451103275865957,0.49106356515359695,2.3833926897290185,10.801850265500764
13,65,4,499,0.7516243747245703,11.5,8.275544857658812,1.3447929876511624,1.494000673578149,2.790756349573551,3.852228398336308,10.85282941955476,0.3322156115762416,0.41152094036154335,3.2282788834000904,23.81889689892442
13,66,5,496,0.6815549894945352,11.44140625,9.01496430558916,1.1814391604886443,2.0845063593685316,4.764446984221132,7.874173978994541,6.190868167989451,0.2929235118479745,0.994300320307391,3.4294505558949036,24.316509046108905
13,67,5,466,0.6748402699900107,11.203125,8.343433156508148,0.8560141137519454,2.586800596392277,6.496881726510865,4.050777467889208,17.09533748143687,0.4698085282955889,2.4798373009635966,3.577878033305828,27.44368468699691
13,68,6,452,0.7373257504751451,11.359375,9.562098785103768,0.9184901415905415,5.845018637912071,13.992269997213556,8.456382941511546,16.292664595767505,0.284327246824082,1.3775159889465112,7.719577651776327,53.20281896726128
13,69,6,485,0.6687686138419117,12.3984375,8.003080912955394,0.7773381586284879,3.021889252434119,4.07841698314865,4.091690223676731,3.2790877487310257,0.37656271113277234,0.8153079446614937,3.1718151079746058,14.967242203412624
13,70,8,443,0.6660165005128673,12.71875,5.210720157144623,0.706865238656042,2.7359398862349678,6.401428113939022,2.778613533250831,16.07635190782521,0.1802383739059699,0.26182738710473497,1.934887992018408,17.752987927096957
13,71,8,468,0.7323165457785686,15.98828125,4.922965790368871,0.8409050342032642,3.838165778421095,8.611002908749956,3.3763536639414724,24.01457700295356,0.23825034378304094,0.4442391935692717,7.1047986229849425,33.19568791594634
13,72,7,447,0.6662806063606268,15.2734375,4.336998854007277,0.8426267516380217,1.2946128547720268,4.390585637999418,2.438901728327298,9.127741530813305,0.24774153530311632,0.20040009744841614,5.864104348380829,13.72558843598371
13,73,8,467,0.7273909768103021,15.484375,5.0580285818264725,0.9476281057321415,1.3132921153053412,5.621221646848605,2.6931157150760443,11.474869591404477,0.428113601709692,1.1625742140549222,6.908920142894277,18.182019854377817
13,74,8,463,0.6602754318182479,13.0234375,5.1361284878273405,0.7580784460457974,1.3070421735987732,6.008951547843783,3.0923525662336164,12.340148753821412,0.5606063358475267,1.6840382004305,6.1249571965669976,17.48421141152863
13,75,8,460,0.6558374592000972,14.87890625,7.364936573636362,0.7505846269209465,1.7896640254456928,7.49806555078482,3.2328079303029984,11.086473139869495,0.2689214380932564,1.704118619552984,5.235821919077004,20.91565476511148
13,76,8,454,0.6544866455638768,15.078125,6.486223004915638,0.772166930094224,2.419802184199681,9.35334824077286,3.693291394660129,20.043575420299135,0.6316231538027746,2.486780164606956,7.233707792978027,27.982160410581965
13,77,9,454,0.7159553825061374,15.2578125,8.247561688584373,0.7604810972426106,4.12323747431521,13.735836083031092,4.301410649868199,25.249116559555592,0.7524698675705354,2.4073876189209167,8.755999227792115,42.12736780433363
13,78,8,448,0.6502973110760162,15.3359375,4.834550988682659,0.8136448644697416,5.38371926143236,14.719457463702435,5.089170932265567,39.596028328529705,1.0338485100652308,2.9589189855393316,7.7872601907635115,45.788471216558605
13,79,9,453,0.7119403647419754,15.4296875,4.875995904421177,0.8646067507530159,8.189633129196363,23.95886352766423,6.816069219056796,61.729100292271774,0.4371025399789662,1.9539556623959327,6.097232445957622,57.84418788629169
13,80,8,460,0.6461383745585435,15.48046875,7.5067588350506425,0.8930712812226097,2.6968416866558123,5.014627872521012,4.175253892839024,18.52412550221367,0.5031415791803499,1.7212747788662681,2.63058723274138,15.488561572551276
13,81,7,453,0.6480199027453047,15.3515625,4.507163626252859,0.784544650384834,2.4705863045118504,2.4418626716362057,6.261144205752558,8.475436014086931,0.9156050283610725,1.835529023108472,2.4870104591497464,5.0103635134198505
13,82,7,457,0.7126694555674663,15.59375,5.000819586687866,0.9034176726162815,3.187420729911997,3.4577950954831067,9.487151071755804,13.820599529486266,0.36243690826934155,2.0923184006478452,15.961740087777223,23.04247817667721
13,83,9,456,0.64614781408834,14.99609375,5.46948170239331,0.8186652207112317,4.071760099490017,7.036394315328374,4.8595655599548495,13.61099549405168,0.9343569202219127,2.6448439507814676,12.843529369498588,27.108803425537886
13,84,10,447,0.6445530270864281,13.875,5.497675603774438,0.8190515337207767,4.20011250434591,9.168147764632565,8.125227911983934,21.21716259744783,0.9602020180792198,3.461951811859275,15.469879488621782,33.05105954483546
13,85,12,428,0.7069718189130734,12.86328125,6.362164490115527,0.9022153446403616,5.682632004254766,12.111136846018239,8.332052985171384,31.77136682522005,0.36946360749342666,4.269520563610855,15.662635761562886,47.31522609456506
13,86,9,461,0.6426898080357039,13.8046875,4.99150851364398,1.048416913527067,6.7019364491511775,18.917281786068266,2.8913270693803272,44.848827726091706,0.3619676073533543,5.756179943118185,4.400822204433885,55.829529975340236
13,87,10,449,0.6409371394743012,14.1484375,5.697631487732171,0.8105819508805139,4.13749118408991,31.865385408124133,4.484812058282491,59.934682989244635,0.2663110484308013,7.991580529586393,3.00334654693191,71.46874765878437
13,88,9,398,0.7023572568576105,16.4609375,4.998523324280227,0.6418444483186369,10.39580613542104,49.55614031546369,3.567979227247527,107.6996236511685,0.3898341488345963,8.941337241303568,6.096419448098008,116.63770033365272
13,89,8,407,0.634784291838613,16.078125,4.866982224600361,0.6651032979594819,7.999767111972949,21.433128207216342,3.1939863520794063,37.43852285940773,0.3319293919575603,5.468332410180423,4.075756592994742,42.9286358099827
13,90,9,454,0.6309187998251469,15.25,6.110408269429556,0.7561303352938415,10.88719822727457,28.83114910426873,5.1724342431034005,50.45672626704822,0.5135148059712988,6.447592115223592,4.64218501240544,64.15553381235803
13,91,9,465,0.6903808695725444,15.1015625,5.630193084542998,0.8350979105271518,10.595312980909297,43.51237957747802,3.7931630539118184,82.11794084437552,0.8482769585670739,9.165617382368783,3.638667579045905,95.36855728854167
13,92,7,480,0.6244027404387422,15.203125,5.704929899653241,0.8618224918323445,1.8751382023019394,5.067721499474722,3.8071849356536624,4.350029606824988,0.39265534040321104,0.8195094314003759,1.7170945656431795,12.404792668910115
13,93,6,490,0.6833635263153458,14.890625,7.082457132230736,0.926589547032796,2.3283293536159935,4.516822383946063,4.805212357456883,6.207215635713249,0.5914896005243502,0.9917478553500901,3.3072595594147556,18.90189850965122
13,94,6,456,0.6229247403988903,13.38671875,6.413525270395246,0.6631023689562456,2.502207304825385,4.5515590028695545,4.234185232717018,7.698881803666789,0.5759148809555237,1.117344421489655,2.353167507318431,18.902371903234403
13,95,7,480,0.619176342234046,14.3828125,6.376110365565692,0.7423483209650952,3.749234137844871,10.402761706849041,5.060742554405773,13.197964989034299,0.13094724826661822,1.2683671367104896,2.222399576226568,26.33510639130225
13,96,7,447,0.6768770907431655,14.3046875,6.52184773789709,0.8025352329054954,5.423610711634305,13.787259081191854,4.707856752250644,25.431393724799467,0.3010260033552582,0.8969979417144464,3.194814241478621,40.29206734163958
13,97,7,458,0.6141975317306524,13.3203125,5.410156719471461,0.6808384079845711,6.957290255982636,14.58908706913634,3.3925987071147516,36.57505971718635,0.3895441395515158,1.6165939799928994,2.257282585926944,46.43731232394324
13,98,6,470,0.6113030773909289,14.703125,4.648583731575824,0.8783781906319665,4.779453979760131,9.171381936637227,2.6108894174659953,18.41451332116698,0.37689552162480827,0.6956017117043112,1.9133535265374455,23.42161831942282
13,99,6,462,0.6715072166358427,14.07421875,5.190361366267703,0.7779927343728146,7.022493884194247,12.543915888417297,2.961812708403105,28.791444874553672,0.5413327207511023,1.4164113705281471,2.0922565275699503,38.16998876193001
13,100,5,496,0.6062580995616025,14.78515625,5.319797173569853,0.8035299685964779,2.2619143177587433,1.6022590680270237,2.943516809806325,5.119749661924746,0.5526876972373389,1.124325485018934,2.2292993082517145,7.122650332769338
13,101,5,507,0.6674007779384293,14.8828125,5.606027753531167,0.8118211578279593,2.60277450669774,2.122158712670964,3.1454270318712982,4.045831629777469,0.42166137471748893,1.4530486997046026,2.9537418895865684,7.786502279098041
13,102,5,494,0.6032554282541985,13.9921875,5.313941577158035,0.7346506647704758,2.6905539918350545,2.229247567278704,3.0403702391507985,3.1719762015944153,0.30530881506237617,1.3004373123023985,2.2066134043276775,7.468075541929082
13,103,5,482,0.6005917077890921,14.06640625,5.886159528587916,0.7625224386479166,3.0375068083069863,2.6092447324835035,3.2027844799442384,3.401130532326089,0.20013466181008474,2.655020497606922,3.020488032114579,11.298451857410413
13,104,4,484,0.5975910472356707,13.83203125,5.249043277759872,0.7121378704138616,2.568909615949578,1.0094493852688227,2.602973896006583,5.909086268360351,0.6550960979836951,2.2199390196216973,2.3522071485587763,10.722078961368286
13,105,5,480,0.6507874852868447,12.8515625,6.6845565608903375,0.8915203197767245,3.745990172344322,4.86960192064544,3.8542163663433,4.816381099805394,2.8375258721259033,4.870814006761502,1.4148244787504574,13.071863325035357
13,106,6,465,0.591672297262026,12.4140625,6.1050804672235355,0.7469281667855077,3.134989626682664,4.761843665331579,4.17657462277127,8.34065435577677,1.338963984412035,2.543870265005534,1.138931210767068,18.37275387632692
13,107,5,474,0.5920488814478858,12.58984375,5.589079299953687,0.6984251376769867,0.9898073937043007,1.9058616213852277,2.91700404667963,1.2589912836839643,1.2037671066598068,2.3302141633681392,2.155786717514241,1.42546711144548
13,108,5,465,0.6502099911353508,12.5078125,6.038465391709307,0.876735663488603,1.182360929034324,2.3427755374940444,3.8803131657670296,3.6641540269079127,1.442308542645591,3.230599548423868,0.8763102821725579,7.01738249791546
13,109,5,434,0.5956646545969815,11.8671875,6.812488436037297,0.814906630623434,1.2119867610742723,2.3538224502076974,6.24909392997645,7.485135622564194,2.224498702993733,3.61853978167921,2.232833583017815,2.4648672174062254
13,110,5,449,0.6574895413594087,12.140625,7.196493150609845,1.0457921108089048,1.4391006535382571,2.906924860529302,3.9556362080820384,1.7432487732335802,1.4433226939048869,2.0044461989267406,0.57051248022372,6.0752364877179055
13,111,6,416,0.5916799298557703,11.57421875,7.231220037748968,0.8071653185641732,1.044144374685001,2.876991921182074,5.4010323228453405,7.151461526397373,1.2434712116465638,3.9792030327038175,1.670585075718554,12.302401221380133
13,112,6,432,0.5821223529674725,11.56640625,6.542682553041459,0.8910982814383345,1.1253448174839975,3.074855932022675,4.369715164833483,1.8592524351882966,0.9636879759092403,2.756262437072583,1.9581032998615238,13.198243970558892
13,113,6,391,0.6405498247710614,11.1796875,6.045298966513718,0.8859086214712694,1.5032128675391025,3.8299521966742103,9.586793412505566,14.366836461896856,1.9714515551938943,4.1453086177241865,7.817035945583582,22.151950537005963
13,114,6,386,0.579327947172321,11.40234375,6.419765612054517,0.9343594588169861,1.4091771810369966,3.547430076461357,5.2289790316795965,2.833239961382966,2.6897355265582936,5.78893043962502,2.5876244440008387,11.998104916297473
13,115,6,371,0.5878700058200759,11.171875,5.419818148033953,1.012549846905873,1.679591378011888,4.179162222251911,9.696555675185044,13.752077951791762,2.385899523607538,5.26308337003392,4.419706658557399,19.319437764400956
13,116,4,372,0.6390771384821983,11.234375,6.256417497493004,1.5757931960631706,1.393268440643228,2.152567798789491,4.582853922954918,2.774730206418439,0.2455508468745788,6.121653589217994,4.045884349416412,9.658155732081696
13,117,4,338,0.5795880403207904,11.671875,4.627537953465854,1.1903934800865545,1.4949196041312858,2.1447384474395697,5.034085095947512,5.930335201943418,0.3700159642984402,7.152342609830317,3.2871098867381003,6.044442001179073
13,118,3,341,0.5738245101431763,12.2890625,4.752685984707612,1.3721882023253544,1.8251631228983498,1.8193175696038717,4.296613976077764,4.106157541357495,0.436656709707915,0.35510993257028,2.390777769953378,4.348062232165606
13,119,3,375,0.63125603164193,12.1640625,4.700117936230552,2.1024844462888264,2.2961753744776856,2.2917716840568865,2.513249743380274,8.514236757470096,0.21713693270178747,0.31537513692693,1.9086429564573397,11.00147378741097
13,120,3,367,0.5677223951289948,12.7421875,4.55899061780381,2.1115233042907597,2.396568999530753,2.391970342986137,3.166029594763162,9.701901875568748,0.07950977272184451,0.4014697281128743,1.8190297080811948,10.44940699768546
13,121,3,377,0.5653170943175436,14.65625,3.218653833801078,1.2375919901674688,2.7572043938746575,2.7520211208499448,2.7469191234179533,16.898439444537168,0.2587503913483182,1.2829801315679301,2.5490211520915302,9.740115441994032
13,122,3,390,0.6212028596012122,15.57421875,3.2132193631102313,1.346598614113321,3.5278177115697966,3.521595601225861,3.427926692528205,23.975047692069452,0.6194880569359129,2.2213107982372593,2.1876436669434955,20.937160341584367
13,233,3,442,0.5206145605054819,11.78515625,4.092508557252938,3.566293068365651,1.0664147940916486,1.0500398253490957,16.864239623119246,22.998547587864824,3.754571787106672,6.160388098526912,17.73411173917575,24.5687547329792
13,234,4,439,0.5213494935763746,11.5234375,5.146351410001211,3.3752571681751755,1.0122198660024253,0.7224817437084342,12.566722070278214,27.390125160174982,1.2279697065167825,3.4710442455802877,15.246334615071078,39.28416013041095
13,235,6,414,0.5777126087846616,10.33203125,5.992025622774686,4.234294799278386,8.495667038982907,9.924871749507767,5.123970741417832,40.6888371261171,0.4576357782916026,9.010274860682355,1.0031293518477677,61.28102177260002
13,236,6,427,0.5284745060314756,10.625,4.833507960985605,1.3486397095052969,9.353044856373513,10.213562833624053,4.773773022339524,46.90795510815345,0.9931550830825482,98.80195936773097,4.14678601865766,62.243190628184415
13,237,5,450,0.5859941871366173,10.96484375,5.242984343186259,3.2789349849391085,14.468821254557556,7.783118718820862,4.122411946481081,76.25481151418347,0.3728933052082101,10.455454169617564,2.852922105948692,78.1537993155499
13,238,6,479,0.5322507939471539,11.7265625,4.947045949551662,1.744033919448409,1.4970862067249242,2.2492966561859915,2.4059712744646795,3.739412363711401,0.3461021283441199,2.5652640774958284,1.6022706268575173,2.6427808106729653
13,239,6,545,0.5351185093253579,10.484375,6.141227475292717,3.0427654480894826,1.5969159968452256,2.41566438907743,2.921116215208376,3.327807260245247,0.4311984396651277,3.139228130021919,2.1323039730138222,3.5312302301284024
13,240,6,541,0.5901922635700108,10.7578125,5.965849499142426,2.9575153489856683,1.9306718347845955,2.91518902359408,2.367217564995035,5.4122474315145706,0.6261886806852333,4.063085004057537,2.498474822305326,7.494947990086443
13,241,6,538,0.539682494709019,12.13671875,5.201101645220987,2.3083072128053495,1.9155442328873116,2.887271862503689,2.557193207546595,4.240798067467198,0.5426438111284266,3.7241843497053897,3.463576202123278,3.3602620593434276
13,242,6,529,0.5407169551520788,11.796875,5.003885676624705,1.697879661204497,2.119151087151499,3.220902945180045,3.1703838461419354,2.5672421952631193,0.4184067684629189,4.993395653059833,1.1197811728930642,13.560249238701624
13,243,6,517,0.5988538164730398,11.5625,5.368960618975386,2.02199938703165,2.6219991539835164,4.00850425038066,4.7894851673208585,3.908265984870706,0.7858810911136482,5.089835904107866,0.7560014931441413,18.01697061655078
13,244,6,526,0.5463822338519067,11.46484375,5.41528531953572,1.6038067475616171,2.5359462640913173,3.8627582267106306,2.843230591853218,5.719331592875107,0.3642039885772476,4.831282058203333,0.6166203959274851,18.65547212250577
13,245,6,534,0.6050460170233658,12.34765625,6.615989840740884,2.148378144187336,3.147268503013347,4.669766408040283,3.3499164523889116,6.980618822905906,0.7661636863948647,6.198837497692619,1.1624720601960707,21.30786837057498
13,246,5,528,0.5535388122045685,11.9296875,5.7120959598503465,2.086378194822042,2.801604252242784,1.7535859774433344,5.113796115608234,6.057597592773862,0.6493754752051744,5.104589488607106,0.5948835405425666,19.213148130901704
13,247,4,549,0.5573080452078139,12.3671875,5.155072398557075,2.128447298403608,0.45325185837522963,0.8879193863912763,3.1086130825247675,2.9001680598174957,0.44003831061458865,0.3784722027698885,1.6272736972308555,1.388875500260292
13,248,4,549,0.5606071747017752,11.8984375,5.682674945611091,2.9835010427394066,0.5300174673177822,1.0450320114947307,4.78196640384337,4.9563347492602166,0.6277080740670353,0.5076518663956345,0.7396595871630275,0.518872223053433
13,249,5,552,0.6197663615701804,12.08203125,6.12813014595155,2.297974110586541,0.4330690783269356,1.260221603164637,4.388662688096408,3.488176503409625,0.42565412548710757,0.6066005669665839,1.1059575399040593,1.5982964791441123
13,250,5,550,0.5664936624870314,12.73828125,4.568336475968428,1.5967343411071724,0.48163794182227954,1.3690491659317563,2.3094619588136696,2.648863946654547,0.49021233527737956,0.6816796210740641,1.2214084332955886,2.6158596984579665
13,251,5,539,0.5684502722636026,11.9921875,4.873706715949364,1.7757991801769322,0.5808425597267117,1.580957347257981,2.4930983963918063,2.8500954206353173,0.46609719174755404,1.004751404284079,1.7933284235441445,2.174323705827442
13,252,5,545,0.6274935832061923,11.9453125,5.080495954247727,2.2663471251856078,0.7854063747887874,2.0111419985390997,2.3649513412840344,3.4513854333216853,0.7094008509444146,1.2639823332158562,0.8797189753107875,4.123094127815904
13,253,5,533,0.5736928969297086,12.46875,4.197603573188685,1.7580637160851882,0.8698405989146407,2.088391226417088,1.8536028527382316,4.103531985165687,0.25741951106104694,0.5916935003419075,2.0186431855211833,2.822544510827906
13,254,5,530,0.5713288603252212,12.54296875,4.525239766087886,1.6626286835420538,1.0976923632775206,2.5657522142465496,2.0762025077273254,3.955759932218878,0.6632102901229681,1.5360527873471483,1.6176114735367642,9.642797920582318
13,255,5,537,0.6322847122256187,13.109375,3.710900953076577,2.7580354043706246,1.5587845681410928,3.360035720647207,2.543010482356134,4.420887661658753,0.9872257592170223,2.487826331717225,2.0842277503407196,13.142250245024517
13,256,6,511,0.5786791153679551,12.2890625,4.002715289619398,2.591593581413155,1.3361694103886754,4.031644240290069,2.164315429997325,2.626760467158981,1.0913555540298085,2.066892501160398,1.8996472752851428,10.366253603854023
13,257,6,511,0.5799128222890397,12.15625,3.7970364239676284,2.3411691426572165,1.8207788689715425,4.927210389478422,2.3917932297200126,5.5610922001925225,0.9562708910721749,2.816812485495029,4.644192816330136,17.732462614970395
13,258,7,481,0.6434171783559733,12.078125,4.044863538989696,3.166069669343435,2.64027170164546,8.099103748309329,2.894513570379749,10.334822110711519,1.4278830637511626,2.5103578255005092,2.907175159100112,21.972476991262948
13,259,7,469,0.5895770488762186,12.296875,4.436349289171002,2.244279274908981,3.257908039608681,9.035816594583705,3.484282510940872,13.815205654000863,1.484301531841835,3.235039887980963,2.9168868166823336,25.303731278917112
13,260,7,450,0.5935980109879878,12.48046875,4.691283845703326,1.4503980374262788,4.598009145310427,11.24423076140517,2.5973301327810425,24.332305213792765,0.9264260847928382,5.061828709253927,4.635961891563989,34.968280816285606
13,261,7,453,0.6557075362617147,12.5390625,5.274144997569314,1.6285377914786732,8.011566979888265,15.978935644045,3.6006464726986236,38.51192561537808,1.7559972888831563,5.899396421980849,4.688890135116443,52.38794378080691
13,262,7,439,0.5942103615793743,13.03125,4.44848018216625,1.5221032191669044,11.535012509286176,18.2529524637387,2.7635715494564828,55.65010186879732,1.441150279189193,9.785570347364299,6.1374287706678645,68.99938168626791
13,263,6,460,0.593644839993949,12.6171875,4.841175638672102,2.100490119778075,3.403546992999124,5.400642282006951,2.2879145169457926,11.217167412173474,1.2727885973425117,1.5684806287601687,4.098069405957811,16.684031890957716
13,264,6,477,0.655969531245729,12.2890625,5.609506736423394,2.8922505093968107,4.481077846786772,7.605259375958648,2.621671671591876,16.87014039835924,2.092828668069689,3.6810750895984867,7.733299514757935,26.93775431725514
13,265,6,442,0.596273855691165,11.796875,5.310545664813709,2.1493520338059966,5.433569071547357,9.730298958876865,2.9745246307315196,26.113892199605022,1.8703232935882472,2.8659706396526943,9.447161791307455,33.93299718422423
13,266,6,447,0.6678075671465199,11.765625,6.249554788145142,3.311981423456431,9.266042534636478,20.35319265766723,3.978095401629088,44.227332790588584,2.712012072344225,6.562933098814178,16.530350471538824,60.620160810780064
13,267,6,389,0.6070277639834747,12.2734375,5.010287916499971,1.2348840471478195,12.28279232995635,24.507357368665467,8.81953846218385,69.18355203473999,2.557422997872674,10.922094089059012,14.849179640888423,76.67678403150373
13,268,5,415,0.6664247707258071,12.453125,5.1494617310789845,1.5969545037105402,9.077469032770075,14.85967101593404,12.919181574006474,58.803372530722264,4.3834480581837365,10.569240443473877,23.91670668835541,67.21622253633362
13,269,4,406,0.6057052458126884,12.7265625,4.632543341846057,1.2620516129155728,4.041791010429882,7.757419892017257,13.814773966619548,20.56361058276604,3.1275744432923984,4.348828622137734,27.06731705974692,25.706530042531405
13,270,4,375,0.6072587251831126,13.2890625,3.3157934639442628,1.0070475688919336,5.7300321499008655,10.933947361991716,26.27608352602808,32.972187940809974,4.597486161177229,5.084142212102506,31.218514233749197,35.25940019472951
13,271,4,393,0.6067268180783697,13.5390625,3.910257932551779,0.9074834348787647,8.028809289789505,15.215567178096665,36.93929070669707,48.155214810962285,5.40187522802507,5.162901234869947,42.33336833994399,50.9906522111812
13,272,3,381,0.6672678781630353,14.0390625,4.540569242757896,1.1281972406467062,22.3327246249675,20.597902607295907,54.12601881531078,87.44072927993514,7.437320066676083,10.55296700822082,61.25130559143702,91.69872773839737
13,275,3,541,0.6860867564460676,11.9375,5.1667984328056145,3.9823049140509252,1.393667488855948,1.3296057909121703,6.458100805171851,1.9126895348182869,0.7511939465980694,2.1073829417112564,3.7550711159200145,8.537074313810251
13,276,3,518,0.6294807305233366,11.30078125,5.006455508710886,3.9556457615707994,1.3226102170669864,1.2678378763687066,6.756890630269062,1.1386262917425363,0.6152504005849935,1.9540177144533324,1.796728471164482,18.097756848951057
13,277,3,520,0.7013804559386346,10.95703125,5.8049522897662085,3.5078030209657594,1.5907911369166277,1.5406295731632638,7.031489283629813,5.645161878512816,0.24406745536306154,3.6780345022554,2.537027527983095,23.669419716131284
13,278,4,505,0.6448346210090944,11.203125,5.287252180822218,3.1499943345925274,6.867244748038645,1.62435370724116,6.905870215663571,8.926497571343939,0.8660521806842839,4.428326749384471,3.045842534824989,25.687159416846495
13,279,4,513,0.6496708330153741,11.5625,5.928355383367374,2.7980665995142067,8.319181153974156,1.6660016495852048,6.253540426520557,16.812649610546863,0.7757665892709593,4.51055392383543,2.475061974058524,29.708412693179604
13,280,4,512,0.6507807993404513,12.40625,5.916412602496346,2.491942816590716,9.6520569390327,1.8630126771373128,4.140794069554156,25.881547288469974,0.8489593892449266,4.742476238451852,1.4293168312134026,36.486099225006946
13,281,4,478,0.7213583018501448,12.58984375,5.972277723841739,1.9515690864258426,13.23884915146959,2.8123393286990748,4.102868431121489,43.74289309480995,1.0989335782659824,6.239280442159361,1.5179475981145734,56.12363230380999
13,282,4,475,0.6625446360678631,12.96875,5.340164765906845,1.5383483801842353,14.176875928684415,3.893917753623871,3.7723761936000795,52.86859829477489,1.2047311542778107,7.995936362742785,3.8634718658595206,72.38313153008306
13,283,5,465,0.7393651653385513,12.8203125,4.621295400789353,1.4839544997589122,26.11983230497887,34.57542446318237,3.533385262144049,90.24596757264928,1.4109850812829672,13.240916653485295,2.5858787474523717,93.13903702723738
13,284,4,511,0.6776282466114842,12.015625,5.195077516711722,2.8808506781641494,2.3013892990087657,4.579622399238117,5.402027222275169,10.724345421123859,1.6589729623369975,2.5777320785188684,4.6089522396176275,31.04927906432292
13,285,3,519,0.7516024840634148,11.5,6.8890259544949455,2.5666265166024784,0.13049137093487645,0.13035052817129897,5.169199873810027,2.7038426299304437,0.6215428100590594,0.4842406476281043,4.12008001086422,3.5695737165194346
13,286,4,479,0.6854276974939132,11.6484375,6.59806539686423,2.54172029034186,1.1463049619987018,2.1544826875970364,7.083738857182752,5.392262228316644,0.3723955267769421,0.5420261729083282,4.955492529303175,7.428343027795618
13,287,4,543,0.7118859529746788,11.7890625,7.298206533837511,3.0060807982631,1.350312359406154,2.542324461024899,2.572409209157045,3.745725382578857,0.6211627580483217,0.29262725074140106,4.113448259715058,2.1081218470023018
13,288,4,483,0.7118758186157287,13.125,5.780676931963771,2.1441317050240127,1.5860603913422073,2.990811600690299,2.00779443889876,3.682635478592744,0.8685618694426319,1.5253117465248551,4.861339174290108,8.306914419415003
13,289,4,486,0.7118656417786151,13.5078125,6.015886205735615,1.7101491513920624,1.867941695849605,3.5141086460189803,2.2558568032070627,3.558332434648276,0.7724229063626199,1.4521769552383996,5.536397184804687,9.38317862203556
13,290,6,524,0.7118554249791835,12.5234375,6.890651632292249,2.262733997708744,2.689887095261738,2.6439639043850183,3.8003822107270966,3.922683215787619,0.3321527837677083,2.484811460601653,1.4206504001797464,9.64205083339119
13,291,7,522,0.696286635923649,12.23046875,5.901171632985173,2.5212277791800437,3.5939115920279776,4.272891450828652,5.144262139923047,5.104422270788439,0.41384773866889824,2.050167235368544,2.396145068314781,12.982632782846007
13,292,7,496,0.763932394280212,12.26953125,6.88510610982328,2.705210659203364,4.804739039933858,5.955702859579575,7.485785401244218,6.710881099892651,0.7850081386454605,3.812436304209715,1.1494258469915613,22.786047132759553
13,293,7,512,0.69396774180118,13.16015625,5.8838930235875235,2.528965465665421,4.986220032248123,6.486666019108073,4.268479822077042,15.434555563508251,0.7277288214346453,3.1871149651308697,1.6153318749859729,25.938700306603007
13,294,7,478,0.6948133757106364,13.16015625,4.49774615356003,2.1213210888524925,6.0055418656083255,8.283477121773554,3.6660622774973266,22.963242607922336,0.8005639094790955,4.234573021949331,1.4439727186219062,36.064411765030556
13,295,7,473,0.7626511329058495,13.6875,4.594584273258742,2.000868794998485,8.133072456984207,12.032310250635714,4.89057907152341,35.741656962674874,1.0572011473228748,6.695295998384778,1.7253670774273415,51.90208853653238
13,296,7,467,0.6907009062802644,14.390625,4.286496496193469,1.4640526250896801,9.02041719013045,14.378156248942533,4.3091863516592515,47.742436527109554,1.1591560369543144,4.730018806059308,1.9026986279602731,60.78637832828922
13,297,7,454,0.6884840941813863,13.265625,4.028393756746793,1.4977256595732744,11.473724593488429,19.737826216748154,3.6960322303580955,74.13525787743063,1.200293010472988,7.80889529258243,1.9102239964417231,85.4228374934156
13,298,5,514,0.7564413417346745,12.9921875,5.525992818501226,2.30882156079715,1.0846866119390746,1.3080085566231707,5.362575581125047,8.403208821766237,0.684222198853698,1.2769436201170916,1.6028462204655811,18.33888782913707
13,299,5,504,0.6861704929740909,11.984375,5.019832562722989,2.526402563706832,1.2863174874915007,1.4657202751580767,4.857551172281697,11.825374576508024,0.6897893077152478,1.3613796153296036,0.6995989033089652,24.99879852944423
13,300,5,502,0.756459386883451,11.94921875,6.207738341069469,2.549234718057173,1.9482156043510712,2.0763502439606447,6.13743015803282,19.768177545779835,0.4467551807903658,2.7740352484090334,1.8162373519027677,35.821952775588784
13,301,5,522,0.6913588235746448,11.734375,4.828114326357511,2.7799364109356857,2.45692922341092,2.587289704037688,4.631863016598481,32.64382428844474,0.9286250062945742,2.6762929371958957,1.5845530863570731,42.97903643391345
13,302,5,508,0.6921731527678283,11.52734375,5.426091034729948,2.1237464408809394,3.7278555072879267,4.20586159032213,5.292157124368965,49.04011876258565,0.6628612055251065,5.181259269849327,1.309863545134185,63.34816125482478
13,303,5,473,0.7630114939773206,11.28125,6.3438413025844005,1.7953744778871086,6.543168712790824,7.67877259997524,7.141852320571129,89.14330252937233,0.529912180860825,7.079500160169815,1.8651636130791334,106.63292715732837
13,304,6,459,0.6935581194189709,11.5859375,6.283846792389883,1.5019482924559002,2.3618346707003193,1.4007329853420576,4.620386460978921,6.884524607356578,0.4166747405342448,1.9656769250748558,2.044332584873346,8.450220743778042
13,305,6,515,0.6940962947045616,11.2578125,7.092538662669862,2.04360445423085,2.907906040441167,1.6257775956651384,4.8754815359639085,6.407475078080885,0.20445312443899508,2.0548029402878316,2.3859117279618807,10.915607684733336
13,306,6,509,0.7637395736523752,11.2578125,7.41223813414376,3.6416075441562694,4.197848652015486,2.1270589090371232,5.1175072016115175,5.751449463717127,0.4689740636804696,3.858283318279165,1.0569952385766723,29.59939740433826
13,307,6,500,0.6917978945905445,12.0859375,5.777730409689093,2.243830727503763,4.997187852374594,2.252373672922698,3.8456541978799788,17.69645805064544,0.5287836979184158,4.127662156440648,0.9081798047626113,33.13407419331971
13,308,6,475,0.6932937879246038,12.6328125,5.586393258496451,1.6831589395578088,6.830698193251617,2.7258232105356335,4.2147256964462585,28.811629591077818,0.298169489143685,6.14605146223452,0.8635369616955462,46.52998009779427
13,309,6,444,0.7612816531249252,12.53515625,6.312115275575454,1.6342799502086875,10.23454163884087,5.400145378078069,5.458219754060854,53.77740199235778,0.4338910802233519,7.028104145471242,0.852661724286124,80.66988118831944
13,310,5,453,0.6907791283384523,12.6171875,5.021043454874071,1.2838748627478125,4.94100787854857,3.8096168517469127,3.4796703518739034,16.52969313041846,0.2742183700243978,2.948158934956366,1.445328721137394,25.803590516178907
13,311,6,511,0.6889845034554241,11.4140625,5.728117224174122,2.056767451590052,10.662466141131523,12.955680042760745,5.793264769549371,23.291696510095612,0.35462689842051354,3.681476266817482,1.1222881297615714,40.03308008641288
13,312,6,472,0.7600422160351858,11.98828125,6.874742783395076,1.7151624569017307,18.33857818660492,20.571146717391212,4.188635734056515,60.19061666780425,0.5992303016800095,6.491208795926927,2.3047716322533,77.46433141931179
13,313,5,455,0.6885792309063317,12.796875,5.61793845250068,1.1631143801833597,1.2107261958153035,0.9759249454879899,3.434921807063364,2.212923915835038,0.6090536952003298,2.7244213072934014,1.651239057690631,4.339050958885103
13,314,5,536,0.750078612549066,11.90234375,7.02849829413108,2.5071581708769335,1.4522709495941533,1.1703827854564723,3.896038774294983,1.9381361036127838,0.499845379632203,1.7859759775106157,1.1013415803903435,6.447097688031365
13,315,5,536,0.6815553279729551,11.31640625,6.129572555716111,1.7749530887548364,1.5247560121165198,1.203686588590195,3.901584917614927,1.775150113220647,0.5056014599707322,2.948451610344271,1.7351573160230558,9.706499449502173
13,316,5,536,0.745607315180397,10.91796875,6.421699320515556,1.870433592571009,1.9672870510758986,1.5217735957018297,4.06846910402671,3.9555803976499355,0.7427812773638126,3.889066911732866,1.2070993061314836,14.390882956459025
13,317,5,529,0.6726980009897717,11.53125,6.121673994670678,1.3162330867435832,2.105022920996808,1.592713003843979,4.267262981907111,3.871057644440131,0.5916975904739525,3.990603417428833,2.279285634835121,7.2594161659312135
13,318,5,515,0.6683626035787211,11.21875,6.948964726433822,1.2614332119538025,2.5176489931924917,1.8717131331655967,4.21652344528199,4.591237167518752,0.4770887566759205,3.46779464256232,1.2556442830030305,17.486319305148257
13,319,5,514,0.6650845215931349,12.08203125,5.662322835340651,1.493138203135039,3.0704296749482594,2.2175517859207434,3.2783026148192014,9.828192823710586,0.6309918472087117,4.17479352378111,2.345395069043112,16.519528632054715
13,320,5,497,0.7329363219274766,12.265625,5.907485744690997,1.325023150695003,4.242884020336759,2.939944159382856,3.8571307320444297,16.014171078603702,0.8340005262381462,7.17979584032747,2.8060556660335156,29.664073476032375
13,321,5,519,0.6677378173538365,12.0625,4.6947608077802245,1.8690391114483003,4.885039379521012,3.257419280352068,3.0731592793506124,23.142782711776615,0.5814622867838444,6.273186646729368,1.1319179804899815,35.58535561396293
13,322,4,519,0.6645320703488479,11.9921875,5.367041898011619,2.0903227618024314,0.18731937106395097,0.03815867406059345,3.0383508266639296,0.43253928112204143,0.5879483385626878,0.7315008474923027,1.44526030807376,1.9203033635296303
13,323,4,544,0.727071892503404,12.2890625,5.778991915036717,1.9776457290923897,0.22526215196230354,0.04165970330137489,2.7887553581019326,0.23473627375849393,0.8307871402971659,0.7912164902642826,1.258757909267315,0.5675941687663522
13,324,4,533,0.6549624738987333,12.3046875,5.30447936699845,1.5844887912193917,0.22126565216134458,0.023957469888720523,2.4554611793307526,0.448873175350049,0.362623968629492,0.6318266824273681,1.6636047575912272,1.9458888385247075
13,325,4,523,0.6485468819156687,11.96875,6.072137013755275,1.847210947529371,0.235149758305041,0.010602042988663574,2.8190122842268917,1.027807418688961,0.6297333888813901,1.1258740653246564,2.3129673380227227,3.671343024179484
13,326,5,533,0.7028839206327037,11.953125,5.605489622429304,1.7149283603980938,1.271208497544779,2.4861110883993596,2.905290442159792,4.604311497124099,1.1472147134565946,1.514638371954148,1.6951785868252098,4.194672487896629
13,327,6,546,0.6358352392576989,12.30078125,4.667435835078895,1.4871702612214084,1.3052195435464387,1.709388304641775,2.377480084325864,4.811752041482609,0.7841041641078352,1.446814957305678,1.406401824421303,3.887258563244931
13,328,6,541,0.6904893290430768,12.15625,5.917781586708643,1.6846425600169828,1.6140697770840642,2.276506380278475,2.5469457226473935,6.020944596859553,1.138990885476439,1.5528607526901692,1.6412151497426257,5.732272454878263
13,329,6,534,0.620886450929482,12.1796875,4.922644445584568,1.7760169464503386,1.6188463179076327,2.3742338178618096,2.2352953441420027,5.5599824513580405,0.8321473771439944,1.5902685739493554,1.8310911181163148,7.22519462694374
13,330,6,524,0.6087383212120278,12.16796875,4.114510987681613,1.2764529781545817,1.8058601726993677,2.737168720755627,1.9668309154351786,4.437158266637785,0.8479167003029882,1.2936937593517104,2.175245461211315,7.973046836537994
13,331,6,509,0.6609946271893862,11.7734375,5.510372135419546,1.5415055322085283,2.298582689695899,3.5844755898532505,2.6758809755988184,3.4030398652314293,1.0894104564289127,2.083224601919831,4.094544653682541,12.557791093126067
13,332,7,493,0.5967025815995968,11.7421875,5.3183854020199215,1.4303390056898861,2.5739341719518793,4.041766343504063,3.488878748938592,4.320545486434936,1.7065822601944642,2.1065098072376705,1.9247453571712594,9.460263100130092
13,333,7,502,0.59073683078177,11.60546875,4.619168101435319,1.418175333537774,2.769293161207127,4.742944361085903,4.622283248626296,5.3908609692388705,0.9587258051281221,2.4469099673317705,2.805140943007345,14.96793378240185
13,334,7,477,0.6441464393008891,11.578125,5.405551910513708,1.5556825311636617,3.3913966226541503,6.192752753552426,4.960247590492323,7.834109322273207,1.1822779190796249,2.7765799959910584,3.5432559967745267,18.69272593967165
13,335,6,501,0.5768131710626473,12.234375,4.457691002587475,1.4069429391007728,2.29660444046897,3.7262463077104333,3.8781883185775543,10.705097368527301,1.4703178863302209,2.7351522097280263,3.3723146584003416,20.579331020563725
13,336,6,479,0.5725679617778605,12.2734375,4.068600429506524,1.347786476446824,2.4571187007457302,4.206134354587282,3.7991850238065865,15.358215489466115,1.1652145898893989,3.1895752244753264,3.648890706833088,21.421574964000275
13,337,6,488,0.6247845441557148,11.56640625,4.49296224215752,1.186251352871761,2.9566398058935857,5.233389145629951,4.045017546706851,22.505067712563015,1.1976505451930328,3.289037720628753,3.418610049979214,31.559236943416288
13,338,6,442,0.5609264586781475,10.97265625,4.298463976394103,1.1229810299879932,2.976846644376531,5.249274713093577,4.562014311584485,23.9426242645978,2.080422365851454,2.62653645278397,5.443738874275956,32.257608489794166
13,339,6,438,0.6107299240893787,11.609375,5.3796262543866415,1.0838128251110504,3.763975227721194,6.4892330198074,5.675996338946453,34.89047684905159,1.7249980888551533,5.327324440923686,8.533810628936351,45.60692758395809
14,7,5,541,0.051228635111698194,14.40625,0.5268490242776416,0.111374867329684,0.0333571757029352,0.04118753056088657,0.5320933864796429,0.7563184725577417,0.2530613607446462,0.3551317747377803,0.8678505229382568,0.5408370057132957
14,8,5,540,0.07130419295182183,14.58984375,0.7541470085222737,0.13748362227867833,0.05160205312663051,0.06700407005209957,0.5152972170366041,0.6413108935325853,0.26977395472889965,0.3973823089756068,0.19762129716223586,0.25101757804190705
14,9,6,542,0.08015055052390342,14.828125,0.8404981293825106,0.16497402263849636,0.038094865958274805,0.06717985190554172,0.7024307350712888,1.4576020173282762,0.2394178692199171,0.5755245096179852,0.8433586400451689,0.6524635543190592
14,10,5,549,0.09424667686512941,14.953125,0.9775326661980318,0.23610536625119713,0.04634045624340141,0.06077537888168503,0.6020694016850292,0.5989605361858866,0.7222953357730205,1.2984339645974752,0.5300566000415114,0.11329028105889866
14,11,5,536,0.11830227398233328,14.7578125,1.2584839313788776,0.20574658863545542,0.062244148752500415,0.08303716747396483,0.8550102156056374,0.8522235885767412,0.3220371467246921,0.6405882852897816,0.3362444504368118,0.2287294358302644
14,12,4,549,0.1203769191092183,14.4609375,1.305379036997728,0.16554679755810248,0.04526848225132879,0.036592864707072154,0.5268694851277659,0.4195194443612419,0.1274373126959264,0.31087778511304565,0.6716814141676362,0.20273185049533948
14,13,4,556,0.1439864525490381,14.3203125,1.5778999229603814,0.1662396433452184,0.058558050616247734,0.04357222075522834,1.5874063331612318,3.034080507646623,0.07538272092874276,0.336001366097075,0.6034038804741728,0.42055769323589615
14,14,4,555,0.14239993840923482,14.7265625,1.623561813287885,0.20536899947293144,0.05812847973810466,0.062162234106186334,0.976136523089794,1.2007612415952942,0.29963300357931993,0.8896448637223189,0.9415903006916315,0.5181957955916103
14,15,5,555,0.1534035605731842,14.7265625,1.7760810847238855,0.22056951088555196,0.08206235353915492,0.05637844231095119,1.342528272345451,1.0611862179062612,0.43538366994707267,0.8578650004747496,1.2685278128931787,0.40099119169205966
14,16,5,547,0.18067943386329252,14.703125,2.048319000507021,0.24262937523468844,0.11575196588901035,0.06468994971993111,1.0042483100869979,0.3383637123260892,0.4072805001517785,1.0600546072417467,0.821243281575494,0.808407029934249
14,17,5,554,0.17291095907244936,14.7421875,1.7573079974228722,0.25096278781041004,0.1210966949542155,0.07530094961648026,0.6958992515479819,0.13042962323413543,0.17215486812213476,0.5171386132249638,1.0734776830018817,1.119621627302566
14,18,4,544,0.18085680749953037,14.625,1.9027673848662419,0.34754853938413877,0.1393618473518618,0.10823378307509374,0.877612668714591,0.21447629033494087,0.9236625571355741,1.8072349173634294,0.9530983366724443,1.1495748384766507
14,19,3,551,0.20949784812497918,14.7109375,1.9146504314667165,0.22522912303691195,0.15663026536627128,0.1564645709890341,0.8042024887429663,0.474690136104128,0.07623359297189802,0.21423866571175043,1.9328948873753995,2.990626699394813
14,20,3,550,0.19957793343899027,15.65625,1.9459881468975078,0.22558159681042425,0.14855116484260564,0.1483942163916401,0.809818067656846,0.12386088197703315,0.10524422692154324,0.15663278758265933,1.5907278519296102,2.304598705635404
14,21,5,560,0.22930215128079262,14.44921875,2.914269192769898,0.28688822893139787,0.1976882103423467,0.15416673871434589,1.5933836587382726,2.845401161311705,0.13531663100206925,0.07838537038363508,0.8433294346832118,3.0638680213223664
14,22,3,551,0.21657946648731297,15.5625,2.11971693073296,0.24992958246205815,0.16880685954066885,0.1678165060966614,0.8983849285429844,0.25872743380699403,0.06829846009845168,0.11895030342131527,1.2714019484251058,0.6188470894233091
14,23,4,557,0.22215043066614124,15.3515625,2.1862567358121927,0.2643791088883207,0.09714014884586183,0.19143757239406836,0.8404816298282265,0.3122384053087591,0.07779095578635478,0.040380508658925354,1.3650457042536193,0.5498379376068661
14,24,4,564,0.25050576332066876,15.796875,2.3966452270875145,0.25548156659742166,0.113345720398456,0.22504045354022542,1.0693965340232023,0.32341857681351494,0.07766465705374553,0.09243594593894452,0.7578190494153831,2.0207267892799647
14,25,4,564,0.23627341103724284,15.39453125,2.5295786350421645,0.3002276227352264,0.10592743387554057,0.2097649672643726,1.0066934212130496,0.16957118898188683,0.2504071738247623,0.15656655700049965,0.9507638892537235,1.312249769268381
14,26,4,563,0.24407851955019466,15.9296875,1.9298043510897753,0.48746853029967757,0.10891677252397616,0.21449717559979042,0.9249910771680292,0.1211721271029802,0.3217638731051987,0.6372365223928613,0.6524724538884606,1.9347510360296836
14,27,4,562,0.27736005823265214,15.94140625,2.1735139370047083,0.2736278445779259,0.12150289791437663,0.24035769527863154,1.0590803254399896,0.15745965619679803,0.27823528273201215,0.4175495575391337,1.8491174070218288,2.922225860755454
14,28,4,560,0.25776375039360916,15.14453125,3.1448619707160264,0.2856800641810201,0.08704477709212724,0.17090663846443854,2.0597988480674427,1.9072060751640054,0.2597246682661983,0.321663533038133,1.3289026993601492,2.1828878937925364
14,29,4,561,0.26334418704065976,15.2734375,2.6629982808252204,0.29849794693981757,0.08206553693046896,0.10391144802133602,1.0252224556301182,0.12059062379619168,0.3329996216019132,0.4145629516363377,1.5508121780035162,2.12512282142303
14,30,4,563,0.29311436409193997,16.28125,2.578643644686175,0.4596764809786755,0.06225037238030957,0.006938379559221733,0.8982504027519461,0.2583939204307998,0.35943900528935013,0.4985325744137458,1.6103242769755803,2.028542994128539
14,31,4,560,0.2742288262659322,16.6875,2.092822137313651,0.39440229369689084,0.050882644888018275,0.025578988769791727,0.9226797363508092,0.3873186190563368,0.3381162017721931,0.40829409332849365,1.8319058411185636,0.9369912146920225
14,32,4,559,0.30972364550421005,16.65625,2.780942359813955,0.27982131031858976,0.09895301917314511,0.056510829676421626,1.7317089250844289,0.48785009090154396,0.47838145638524465,0.7058207024999922,1.3457547837947048,0.9817560067545362
14,33,3,561,0.28795749511487667,16.90625,2.6887110407548387,0.36944587252210404,0.17738160981960505,0.1757410496542647,1.6553428856645793,0.6351046336187709,0.2722214521985809,0.3094079493060743,1.8805658828967302,0.5212493835455854
14,34,3,562,0.29328727245229663,16.578125,2.424181296882221,0.28800626480262553,0.28630840564407756,0.2830319331641453,1.7396243578138058,0.6758427726212977,0.49068228929897767,0.18777816023333582,1.9726981766956428,1.068898059288855
14,35,4,558,0.32838272438957394,16.078125,3.604040621324405,0.2780607675492348,0.28299022154612824,0.4399473128508173,3.2514405550655203,1.8256165783811342,0.38242668202737856,0.5235896222030821,0.9879784392972718,0.876439214310202
14,36,4,559,0.3033232047500878,16.140625,3.6896639634179995,0.2706240517758173,0.331420435526125,0.532921548929726,3.7180145234650395,1.7603400847773214,0.37648907840849477,0.43084033816552186,2.238115715212813,0.9832861525395962
14,37,4,560,0.3111709246511864,16.3515625,3.3710246372751564,0.2722722508482754,0.4175553221282218,0.6868376734122336,3.4714408901326355,0.9983592254380071,0.4641299540738494,0.5178819446880595,1.7773953013024975,1.742825209025155
14,38,3,552,0.35318180523971354,16.09375,3.584232472752692,0.2964156644613122,0.1369815760616358,0.13698015391921234,2.5683055510664463,0.7489637208629669,0.668928249259736,0.12734006293430855,1.2625615541357775,0.47220245747960965
14,39,3,556,0.33045729907663685,16.15625,3.9955021409416616,0.44232688122577596,0.14129409902801845,0.1412913660304417,2.5676825778266577,1.923989760125036,0.1980575376446794,0.16329145168993608,1.836550832707552,0.3268245937887244
14,40,3,552,0.369523670958317,15.8125,4.114582141652936,0.29151615944491055,0.1314991579565683,0.13149899530660603,3.123094283134825,0.887032517629017,0.5756617691259482,0.18723918371085269,2.3944391665956686,1.938799228254691
14,41,4,544,0.3401454273714366,15.546875,3.6633834227978097,0.2756941862933274,0.7742418157865364,1.4260431721159477,2.4907633522236585,2.7687864476800215,0.5588991101755013,0.45305777746171716,1.9448172881687082,2.257902083233531
14,42,3,540,0.34342734390342244,15.6328125,3.781043064708558,0.2823692628290968,0.1618491320220655,0.16177498787419473,2.2763005940872807,0.8330361128341253,0.4331522297493434,0.5112258094457403,1.7870291166893346,0.7077335432291854
14,43,4,536,0.3835860326082524,15.82421875,4.508494831939618,0.31972690044495317,3.70059641107377,1.2364990849907866,2.7281405599232817,15.014855905977301,0.436185112909502,0.9969593757727686,3.606858376880117,5.380861783449564
14,44,4,526,0.35417354161370723,15.40234375,4.095021769727335,0.307848331021626,3.7943848583613775,1.3189707040297791,2.1669871208527365,14.659218095436849,0.5830524440787166,0.8024428225295502,1.7398493172686678,9.330971309649692
14,45,5,525,0.3595308187813339,15.3359375,4.224026055263544,0.31272125447231025,4.1878240409627185,4.5978908255837805,1.6097318931299252,13.594411213185044,0.6005648325465794,1.246340626922922,2.5295268008633665,9.105023933306164
14,46,4,518,0.4001648682655216,15.67578125,5.077947875957183,0.346612809237258,5.5050809104897995,2.014555948251248,2.2117187173071082,15.07118786087016,0.5544928338925115,1.7837867086445216,5.399652258048224,13.458178681812772
14,47,4,501,0.3684765082098095,16.125,4.560467422903719,0.3298422772041777,5.507538967004637,2.1987111539629884,3.6163341999866363,9.817533644474157,0.2942218582258662,2.224877406426934,4.816432759132947,8.107826226026674
14,48,4,506,0.4102693024062088,16.6328125,4.941325537951302,0.37496404427767877,6.905646601740245,2.919785253811555,6.293037916909974,9.738005059245603,0.33513882097264847,3.0746768139098752,6.097694698206358,18.185263261381422
14,49,5,503,0.3828889176566949,16.953125,4.2008869523512145,0.3516997999672222,6.363737529101962,4.610257642275953,3.5196990455328434,17.088846274809402,0.34043909685405366,3.964989131299341,3.474955014736006,14.446446290342706
14,50,4,502,0.38676047360504534,16.9453125,4.798427041541951,0.3749241161606294,7.937270684732472,4.030507901019635,4.779581166732571,24.394934936401565,0.29811018589375526,5.046865914469469,6.427010217433523,18.959979215572503
14,51,4,511,0.4305223032680866,16.625,4.822307482610708,0.4935043031494483,9.7502866959339,5.283271023769286,4.921207822190288,30.87586470712597,0.43238352107656786,5.568562043789803,6.6078181083234355,36.968013794276075
14,52,3,532,0.39305348787454475,16.9609375,4.753609361453277,0.36673370371691827,0.19586627066267548,0.19580748807088968,4.222137584211843,0.1778783300311808,0.6064099258354919,0.3102656074718797,1.4743133062231135,2.9760105442441427
14,53,3,535,0.3970866874011793,16.453125,5.942250019816715,0.4789630395047649,0.20911499894392618,0.2089617787031204,5.83623801911806,4.258034435779327,0.39751910604032914,0.23094050666756918,4.335097068571528,2.4105854027142346
14,54,3,526,0.44054690647934786,16.2265625,6.413569787310717,0.46745827443193977,0.2891163264626333,0.28900297375435186,6.0398296513440055,3.9933310425564397,0.8785305187954144,0.5918709141828504,4.10260855141018,1.4546234585051643
14,55,3,534,0.4070487762040831,16.1484375,6.031039304418311,0.48550532291267,0.315708862029618,0.3156519966390035,5.722610844690414,3.768723758301146,1.0264411956852155,0.9155063940078364,1.9450398231959838,0.8791993537899712
14,56,4,530,0.41080545945030633,15.9609375,6.217381512748851,0.46159606561900246,4.622893910505764,9.242083591484178,4.17437144759915,26.03155780157275,1.3745144667280773,1.6641175394460728,4.398941168726816,20.802971633390857
14,57,4,527,0.4602900574430827,16.203125,6.8140137920905035,0.5704972682815782,5.4637065774592255,10.92467626152867,3.844339722966216,23.776966053570813,1.6849571446023877,2.3521338348078173,11.60493257089825,22.96603835285321
14,58,4,526,0.4251199416405155,16.609375,6.503968244935818,0.45842608942214247,5.167049446813586,10.331901357063629,7.311701312064303,7.8918655864070395,1.9090639707209482,2.9193178625567797,11.349613772083472,8.340136400397085
14,59,4,518,0.4807401679261149,17.2890625,7.0901632042122475,0.5080028387564812,6.508201414695823,13.013497369770684,9.668770581819231,7.3712274175010135,2.261873142141158,4.076753301460685,21.15544866535348,35.2231844402659
14,60,4,523,0.4470989881765955,17.71875,6.686112490748507,0.4730516036672496,6.588993462348579,13.175605546488704,13.746562215522323,18.50544487350703,2.8365592313227808,5.628745617541544,15.78571370493139,16.40251243793139
14,61,3,522,0.45980570436450585,18.5390625,5.93142872774086,0.7025035667689985,8.421032047668785,8.41938684859452,7.443472332117766,19.01042371417272,0.9412275578283571,5.571272930691826,8.449947407204593,64.49950784815384
14,62,3,509,0.5168625892430053,17.546875,7.47932336603243,0.6226691196712153,1.3102252475169496,1.2767822838648621,9.06321410947687,14.344648597236352,0.5796899810368529,0.7920216530280327,5.168361231933605,12.089706026928093
14,63,3,489,0.4769721016761978,15.921875,5.95285460881075,0.47518503476347734,1.4795896562508304,1.4425748103767961,6.613737414208407,13.45282469109447,0.5361921848931798,0.84590145933431,7.571960462060818,4.6281967325053
14,64,4,473,0.4939032729603298,16.171875,5.757662860168746,0.4998695716502554,2.7158456999073426,3.9429668723544204,10.374694044697328,14.67709133307807,0.956204277168144,1.0476224772117748,7.5138731142072865,9.130756761174673
14,65,4,476,0.5537544747390022,13.5546875,7.294945317958375,0.9229719594624759,3.1152280212615366,5.951254663223176,8.597566088726147,9.134607611655705,0.2470515661999706,1.111524077152623,12.364201565035343,10.445125459587778
14,66,4,468,0.5185101027615299,12.44921875,6.540344042865714,0.6673091048991187,3.022792625793617,6.005752269306658,5.019865335610852,4.222359462593215,0.5236234752492677,2.204339790201767,8.506620692904969,8.126513690977589
14,67,4,453,0.5315237365797358,12.5703125,5.718195617467377,0.7394328308096676,3.1135842381565735,6.168429598832319,5.40904997334791,3.2801809202634225,0.20489939151669795,2.5485661639840163,2.507283171802163,16.770375778132014
14,68,4,435,0.6006178610873836,11.7109375,4.779894212144409,1.07067960571642,3.6245846515766855,7.169241370864947,4.926822206103997,14.181905837447736,0.23127125594328635,3.848690580855916,4.914991186974173,24.100928287362446
14,69,4,443,0.5600649362774666,11.9921875,4.81158276798309,0.85191702832059,3.5439823624365143,7.016319343330389,4.949223921741893,13.899724295823663,0.2078295298237094,1.9991435291407558,4.195097362069212,24.091463699798055
14,70,3,449,0.6300501208052727,11.90625,5.852447058762461,1.139654372231058,2.768104490688095,2.6590216256791663,4.746722233200225,4.092044786682407,0.25736694817252886,0.274773714397228,2.439783656438189,5.180360985392309
14,71,3,465,0.5847959757845013,11.796875,5.496057445389632,1.2413015939412886,2.605113996755767,2.5082406751376833,3.8626350720429246,4.055613255017182,0.20818594724357195,0.2230061946120564,3.5512086681644064,3.3401851069071804
14,72,4,477,0.5932730954947306,13.515625,4.819660202993111,1.3885756024193812,2.710184529970302,2.357958844689174,3.6828865888539246,1.9393292402316353,0.42423182937602055,0.6034858763599115,1.975917041403505,7.22102843033396
14,73,4,476,0.6735064023084076,14.86328125,7.086896912006594,1.1953329918236393,3.426739929678277,2.956863480236542,5.881473464229487,4.551241198094907,0.2630488646439108,0.5939235309450539,1.8660324324118407,8.021747573713137
14,74,4,474,0.6271841568600017,16.171875,4.497186945242881,1.1814018991759951,3.778815054176842,3.1164770301548828,3.3676186331319444,7.073456402288097,0.7412842136611155,1.4402992580477862,2.0990422564213076,10.491480017009978
14,75,4,449,0.6432813608002177,16.390625,4.787664083755041,1.0831569735168667,4.4051113160272095,3.5179463110892786,3.928277034769454,8.339415351578259,0.6061573845753552,1.2914153346519233,1.982520415271574,12.83963672626473
14,76,4,421,0.7185201676067986,17.296875,4.453127389857103,1.1818535237861298,5.928624556726593,4.4399442597136165,3.7041320492524488,13.578303855321195,0.4099535518511287,1.1250073256472126,2.50966707828967,18.194053061607114
14,77,4,392,0.6666000063563882,18.1328125,3.2392285093079525,1.096234919371282,6.4783613470674934,4.645422957951463,2.8608293796296964,17.134508726846693,0.2566600099310058,2.26051169289446,2.50626943730052,20.16837756379977
14,78,5,390,0.6729609571236604,18.3046875,3.5666896732157314,1.3862472549156506,7.245661786177872,10.418798706055535,3.1022902228215927,23.12204748907534,0.5133043215206364,3.0004111189116527,2.5085010036650024,24.78956367022244
14,79,5,400,0.7523871253340876,17.8359375,4.248621423518264,1.4505216044909381,11.070857085618437,14.765465741307779,3.785092437568403,33.94119418832268,0.5689997378014126,3.115728871266182,2.625467590714705,40.84472311620816
14,80,4,397,0.6988080996003472,18.109375,3.559721675261994,0.8393646485701439,2.04573950758806,3.407370098269213,2.4457786417425678,3.4267095436456856,0.20582633701420636,0.8521537312028916,1.3816696598564513,6.661944530732711
14,81,4,391,0.7116175181949972,17.84375,3.4754650537129685,0.8505597755224681,2.380151567582621,3.9480910152101485,2.1079192981177934,5.3464483948223265,0.45828542933493255,0.9670256848605231,1.969443911734834,6.269837454434946
14,82,4,390,0.7987380819615214,17.2734375,4.127685925951929,0.8457224269631554,3.129546228070436,5.243317799728477,2.487734706813178,8.460767828493871,0.3234507699339928,1.2920256248363704,2.866319855025395,12.11767473252652
14,83,4,380,0.7368701549682898,17.1015625,3.9892533270385058,0.8154165305807571,3.533678869307407,5.833023295134369,2.4053663258991707,10.721482373805467,0.37841310531132566,1.0857178612369818,2.455964979134894,12.910785926853825
14,84,4,381,0.7473075940328635,16.984375,4.227288040609711,0.7814726804602355,4.310489410768383,7.234735060883453,2.59706883410368,14.31927296150664,0.47502754002653236,0.29214967137894077,3.03512817727215,17.377839852981626
14,85,4,354,0.8320121837237676,16.75,5.565225799200659,0.9040169734316947,6.484574014931939,10.158018448225402,3.9163157342606203,20.871972907230194,0.35908713807730464,2.082023201943872,4.475903772368461,27.718251960282355
14,86,4,344,0.7658193683631009,17.109375,4.766919821108477,0.6937542935130786,7.689655938606231,11.539762038493514,2.8736111378223788,27.772432226234773,1.0654659671147508,1.7240029472381284,4.443853521617453,34.318515390635206
14,87,3,351,0.8517353416513771,16.90625,6.198259950443452,0.8242093141162536,2.0418333146605026,2.0130432038131656,4.182241302546486,3.982637241189703,0.4947468401593007,0.46494215071556655,1.2166057346088017,12.186863017407825
14,88,3,385,0.7829990993855046,16.453125,5.011959353337836,0.7908691951678503,2.3213536665728225,2.2900860560875214,3.0480364224838543,4.071550933806758,0.6000771066345145,1.1524476671866188,1.1601298334629382,13.15237651215457
14,94,3,513,0.8563813960412966,15.4453125,7.5216948834940025,1.0165208404191777,2.3314535941078263,2.301545561003512,4.519734983498439,4.773497103362445,0.3123360103601001,0.3764450555990294,1.8157966630047417,6.282794828879486
14,95,3,511,0.9559020424753533,15.1875,7.915733549188679,1.2937623976791859,3.289714928707443,3.2439689032441725,4.404983862924696,2.9354445110370135,0.5535378597422765,0.7690413553957186,3.303447130190012,9.741546269036933
14,96,3,491,0.8768998228257503,15.28125,7.846865358904751,1.037089492090788,3.7650339682818443,3.7100556814101306,4.176798415772594,1.601577344159335,0.6248844604714748,0.5040470884947538,3.316923146239326,11.041412491489815
14,97,4,469,0.88433577291262,15.5703125,7.427476533578912,1.1508572055044834,4.838936817078943,5.060738121139117,5.241608485921256,6.28096912915308,0.3038916863840928,0.986291680309746,3.4325293255014366,16.991267657162588
14,98,4,440,0.9927120743620003,15.80859375,7.788468439869646,1.821915072429463,7.1930707338245385,7.052517803958148,5.341360665967169,14.827919127892804,1.003592047802322,2.565293509578656,5.315042902056821,26.013080903082127
14,99,4,414,0.9080709498929607,17.0390625,5.600310642099956,1.4999379543828804,8.691838519016592,7.832817094032791,3.943488284617607,24.14906824970021,0.49769809689610256,1.5158058584367458,5.029618258636037,26.855721384038063
14,100,4,371,0.9266064739721149,18.703125,5.102128658505948,0.9644965120418754,12.3133975604944,9.937704169264247,4.618548350426405,37.53410407946625,0.696972997544383,3.4642622489622417,6.397193809161592,44.51407192715653
14,101,4,375,1.035902052807893,18.15625,4.931769987805829,1.1444118343694751,21.002059022678633,14.094984766415248,7.069251544933007,73.81568781607363,0.7936547761208005,6.527681094823271,12.297982427978951,81.34727964666098
14,102,4,371,0.9509183042275318,18.171875,4.813503841741961,1.2286421458567336,4.770531603409742,3.680146580836677,1.8918868273788936,13.91435248524024,0.35851035607454973,2.1222460659782643,5.532504379151002,20.286159599078037
14,103,5,366,0.9560113217288297,18.0078125,5.790371501792767,1.0213468333421252,5.020168603893321,8.225314806658332,3.331508507005139,17.518549821357897,0.8541624648721707,2.688779902526505,6.54433629243424,27.6061873705915
14,104,5,362,1.0573134162047155,18.0,6.235584654123303,1.1224577163424971,8.15688161481766,12.56293236736592,3.100661726298849,31.95365115617678,1.3144288181862063,6.027575930952126,9.403410031475346,43.053407117612664
14,105,5,346,0.9686441520614576,17.65625,9.134532193544548,0.9931697519934412,10.87558807494609,15.697978982921505,6.205821486655014,31.980208814455256,1.1803477219877534,7.008858115446035,8.26728651263504,50.509260988744906
15,6,3,551,1.1384261969190306,11.53125,13.174463859394775,3.6996132002876188,5.742913211629732,5.700828702836779,25.99378879376977,21.640703481192233,3.3983528859867795,18.653612522601115,4.965694949553635,23.32282512059157
15,7,3,568,1.2485548209285935,11.8125,15.622405890925068,3.5958281888087638,7.8380282852740635,7.789827188715025,26.89015415176779,26.05632261744617,0.524442258371312,12.447357330629494,2.5294583068751626,43.910248389379994
15,15,3,573,1.231956450802798,14.2265625,13.435896586980315,3.330580070822673,0.25379190518893013,0.2537318952032909,6.113518222977691,12.833851181732314,0.2912525683164625,2.714479154144827,2.9631648900403826,4.255724048300687
15,17,3,574,1.1156026900911717,14.36328125,11.008113215506942,2.4175908904944468,0.013830200640366198,0.013772693181525473,4.616607609523387,1.3920078819073858,0.10281310273447426,0.17768608187584595,1.1850054944245276,0.3663960739771528
15,18,3,574,1.223016592485977,12.71875,12.982648126707762,2.4477490498044956,0.015491840125011931,0.015479486959784829,7.508711570723237,3.2988623284989966,0.05053249707013806,0.19619145148427503,0.5459422225219688,0.17297708107915916
15,19,5,571,1.10896017493889,11.4921875,11.274678126626496,1.9055345824300731,0.32524291927731047,0.4771255992101753,8.869974439673445,22.506108972400824,0.1861070734909088,2.911931881376246,1.0073234359391072,0.6791080851060319
15,20,5,566,1.10939360309552,11.609375,12.652324696949965,2.0992517657426992,0.38166145804129376,0.5160414189029734,8.78911352322261,20.396250306973165,0.13529355907736162,3.140696269967319,0.7522690450264855,0.5553377534617001
15,21,4,567,1.2181015793883387,11.859375,15.69932511461277,1.8347941500240244,0.20620946109657712,0.26993614023259155,9.36472836227038,21.439160674583086,0.2123116460177068,4.911627563874218,0.8683666494176261,0.25100495346930796
15,22,4,559,1.1042817216753245,12.2890625,14.279615756403807,1.802969409894229,0.20223692469908636,0.2631967225707062,9.407004576724585,28.386752773852805,0.18330671766290252,3.474060168217014,1.0262110641977036,0.4730067892634664
15,23,4,565,1.1064490653773087,12.7734375,14.244316835333846,1.580055425972508,0.22549355228164497,0.2873625272037732,9.169703397782097,23.739857018602432,0.1480844202631374,4.583050674715502,0.6465564882005617,0.5717577150635991
15,24,4,563,1.2101756351916388,14.0625,13.973592239216247,1.5379191535450503,0.2728707776417085,0.33687860568550987,6.4298479647017075,12.000476048461305,0.12917331308892308,4.617713379708066,0.9739160634157524,1.5595097448825814
15,25,5,561,1.0915297076008157,15.0625,12.016041552084717,1.3730342669617288,0.4696679897549684,0.7951402743178018,5.040097909531675,7.958501570291927,0.5197504448250777,2.664876369146047,1.167798250213373,2.4200042636986434
15,26,6,550,1.1948171745882055,16.1953125,10.469728544968607,1.5962115475364258,0.5002061308393995,1.053273864516108,5.217680161869863,4.366421652127717,0.17913420108866604,4.021084571569537,0.5584983799008256,4.969558776647391
15,27,5,554,1.0926538817585278,16.765625,9.749244224576046,1.1091883486141592,0.47901882412758734,0.9084042200195122,4.797279925160384,3.804510454970469,0.590140810529986,4.778217701774199,0.35513176781826294,4.488261668614551
15,28,6,554,1.0958308123695917,17.75,9.00820732491312,1.2509852039215648,0.47945452005478395,1.0918312117845734,4.132458105159736,2.7334235761992995,0.08738058563498309,6.682090131676695,1.0407591085040604,5.9792971559770765
15,29,6,547,1.2023228999135307,17.359375,9.941602927372541,1.4113057453291,0.6228811863031696,1.3334377668183026,4.974867028721047,3.00542651468231,0.5288728423558208,5.145496360948885,1.1685555395853953,7.116953665993314
15,30,6,545,1.0797379994739373,16.671875,8.95164617918371,1.115041907910868,0.6503484908437409,1.2978467674150107,4.239229828678111,2.417382334849642,0.3756599715076723,4.355893333035474,0.3684807184768952,6.850668502950006
15,31,7,546,1.0752390150291722,16.859375,8.975414378404112,1.0505105455255261,0.8810808821662898,1.5832027073211141,4.498232194249915,3.0984956127758774,0.21582887128179531,5.397810997052806,0.8260056778127723,7.813089860306041
15,32,7,536,1.1787986012351972,16.390625,9.09877710093106,1.3530850814349589,1.2165988510343508,2.0498392585805205,4.5225289331210465,2.9008848527666267,0.0895985655422865,7.300830570749737,1.4711422752012835,10.874623353251549
15,33,7,530,1.0606476787829893,15.73046875,8.933811689633814,0.9442641344121417,1.3064222313397647,2.1218172267414688,5.094558081441283,2.351849935745819,0.44290538102231625,6.777481388115543,1.4734807266081664,10.841274796591723
15,34,6,536,1.0543317043706801,15.93359375,8.601944930600165,0.9538569122292591,1.557273731001731,2.4687897647954378,4.570427666574712,2.586211801608448,0.37685271686519417,7.188755123102459,1.3065913896212245,12.406984234294994
15,35,6,522,1.1544752778238918,15.63671875,10.66091463405372,1.0650125263243244,2.023504539714439,3.15442606820283,6.15394874920665,3.7799927263386532,0.6027405184665113,9.45608487222938,1.1056215917188057,15.286738840142423
15,36,6,529,1.0498067595297846,16.0625,11.447584043674992,0.9753128435835235,2.1254099657439918,3.2856970335857953,7.533589210990858,8.07558799759753,0.4555525161017841,8.564576718794687,0.9611803647362995,17.349364478453296
15,37,6,523,1.1390101139850175,15.5078125,10.822793838439893,0.954974600292086,2.4932852889469737,8.288089748324154,7.403088888288091,14.255079419386536,0.4447329637671301,11.680840913805389,1.4316023919821497,23.759044163797174
15,38,6,537,1.027180094360521,15.921875,8.967905767467322,0.9829126484888234,2.7310795804051855,8.281558021703876,4.937043377118986,10.390731552000258,0.6095280357934921,10.784711036864696,1.2644124803405887,20.99999613911897
15,39,6,534,1.011699527158981,15.62109375,8.86373175879222,0.9662029867885997,3.353447953754965,9.115547085267753,5.610443466095173,9.508250737480937,0.3582121829640691,14.37491222759392,2.374738089098739,14.9924806763012
15,40,7,526,1.1019331979581632,15.55859375,9.976376352969261,1.186923060634304,0.7491565560297562,1.2200824322858381,5.604671509183758,10.684490398103996,0.36415147558268607,3.646727572721784,1.9222363415607093,2.690392803994656
15,41,7,541,0.9814829837739404,15.640625,9.393891913661294,0.9912827596633699,0.6744367409867054,1.0627414611487345,4.643367375663206,7.494743067490176,0.19025918757857016,3.358722144420159,1.6147507532672492,5.236284314794915
15,42,7,543,0.9696825760776285,16.546875,7.908483136644004,1.0752027437936313,0.6381836768945895,1.0734334355911126,3.9409712639729166,7.113524975441587,0.34627628740962474,4.736996279175782,1.5565242531037593,3.0936085002366216
15,43,6,542,1.0537962552720808,16.4453125,12.92472002415683,0.9723729492897109,1.0379003739807753,1.4140444844864806,9.39557155102685,18.157891338353082,0.5495196399241832,4.79497560059542,2.0415000730028887,4.76339033267413
15,44,7,541,0.9405855209356568,16.125,9.162865275294218,0.9179349572571617,0.6672263487434393,1.3319638773224167,4.903189659983293,8.429183684154292,0.5876693983087274,4.220652422292335,1.119977394053484,3.5135807433285775
15,45,9,527,1.0149335622733107,15.421875,10.233958138048656,0.9341942858391573,0.602876166563772,1.7575640729803739,5.3027651033171495,9.56305414722799,0.16887218922298614,3.7769772615792307,2.528592114229462,5.206738588549708
15,46,9,526,0.9040208001411003,15.27734375,9.878670955380866,0.8535440522777531,0.5875828832918379,1.7531563299136337,5.770741587784372,11.364611342900613,0.6896409137474919,5.057235896525689,1.9769158458215614,3.9358055233506586
15,47,9,526,0.8912647109653241,15.328125,9.01397382197873,0.8386023685216406,0.6753108874142448,1.8925246649550536,4.791402362338239,8.526763812726584,0.46472508791879996,5.145453948693628,2.3122122300928716,4.5174994388752685
15,48,9,518,0.9573388041690912,15.078125,10.224380388187683,0.8324149853736726,0.7535200800421444,2.23435807287613,5.491737229646382,9.985550292046469,0.4638973653664716,5.09936799574505,2.5262006512521196,4.523985940297272
15,49,9,513,0.8530141548762414,14.4765625,9.086859541138887,0.8607503014715031,0.6775733260988458,2.1777637398276353,4.428084369528708,9.194247504487617,0.37727326087849,3.6431855648529243,3.1117517152143974,4.6824134578504095
15,50,9,516,0.8267502753697262,14.265625,8.955743044537531,0.7989227008993796,0.7410783998424791,2.3950941969641626,5.046767537372114,12.79413969606362,0.44994459660114194,2.493830191911982,3.484902741647512,4.961824595291653
15,51,10,514,0.8820185578671939,14.13671875,10.365957403915527,0.7664283995151486,0.7799387856825089,2.854171598970598,5.655228558883261,12.030245968402703,0.5703417277732009,3.627594246037316,4.094897217021398,6.033739316007147
15,52,11,516,0.7778927594897292,14.37890625,8.459095976986045,0.6957834796838824,0.7548047403000666,2.8689836500775328,4.73422674595532,10.637990078072834,0.6388752648032813,4.596852270482231,2.9443058768429866,4.98316274888111
15,53,11,508,0.7573524241521723,14.6484375,8.777177255878094,0.7260232453729858,0.7899326485122945,3.13471835829764,5.091957104490126,11.666971467600817,0.9278611058192876,5.603425706134286,3.7878297440200366,5.920756534194614
15,54,12,512,0.8105702594933616,14.69921875,8.325892185234558,0.7999218041876235,1.1033625923103876,4.311125476252112,5.051809731034315,10.162755117794582,0.8266534535471747,4.204070235152841,2.004595760233126,3.4033244271476737
15,55,11,512,0.7127322434306869,14.828125,7.164648457199116,0.6547152840556989,1.2035006347427026,4.2086533253121425,4.226651690406379,7.726868270503339,0.7853681479985365,4.910525126736188,2.965565767789618,6.817110951576276
15,56,12,504,0.757700956105437,14.234375,9.335450159283955,0.7129527692717059,1.2917012137542123,5.091210081172678,8.492679136063327,15.198904795577139,1.183689944355942,5.590447406433767,2.9406535997280914,9.304106944502598
15,57,13,507,0.663648978027815,14.546875,7.8675480644520945,0.7620565927490354,1.1328491968622914,5.026181512713183,5.513750507000988,12.439841394284343,0.7445106575982622,5.3733822574758126,2.1188354758624484,8.314687749932368
15,58,14,512,0.6400726053788447,15.015625,6.404638048421031,0.6452167386942034,0.9906307886423191,5.606030020159502,2.9968365573018376,6.0421969138249505,0.8750396857279537,4.577992122907289,3.5473367659831583,8.228529311540719
15,59,14,495,0.6775685072780621,14.5,6.487805300132546,0.6751033059458144,1.0495582884987762,6.76460080052597,3.1040346644926355,6.663958966139807,0.989267763737166,7.058768256568168,5.6847253688599775,12.581732830681066
15,60,14,473,0.5931836114523289,14.2421875,6.664353987421112,0.5462624324742427,1.1232848173612695,6.70230360094601,3.2055423378688372,7.910173973707222,1.0188865713526627,5.889798825318464,0.9702128683473975,10.108634451322157
15,61,13,475,0.5717936409741079,14.4296875,5.716992426125047,0.5337277969435494,1.4901170395379275,6.639281499940334,2.237833116891765,4.025158481917051,0.821926962728916,6.670695631308059,0.9893904668549552,11.04129811243081
15,62,12,475,0.6057712888533288,14.4296875,6.325140803110689,0.549293322538623,2.0731567346480704,7.91431076196234,3.4854217542834567,6.428713365659876,1.0914807431150866,7.83826509226099,3.058841687795386,5.737306457831862
15,63,9,461,0.5276713369447252,14.2265625,5.544771864847394,0.6589541274524255,1.6248700849267037,3.3962297367026255,2.3515968905209816,3.96717790441788,0.4438453483697043,1.7800008371879164,1.3075738589679509,3.6740893019585332
15,64,10,456,0.508766977490829,15.734375,4.605094092563093,0.4505930321583186,1.3029225388360128,3.9428801502895983,2.8642347688033727,5.4038000378024975,0.9167016581991768,3.2791994599194596,1.3721563381229274,4.347740043247861
15,65,10,460,0.5389873282451776,15.73828125,7.180240841012641,0.5171133081449176,1.6584962231630866,5.002454233821684,7.3560757749229815,11.939388058310648,0.9875802632733327,3.3713927353183992,2.1717722379129083,6.819881873557268
15,66,8,438,0.4687104103263555,16.3359375,3.8820201413484012,0.46810799010531234,1.1573288671823057,4.89516314665586,2.7238660561348906,8.029984842788414,0.9876633898164444,3.01001320801593,3.5598439932066976,9.307465582339406
15,67,10,410,0.4912192702622724,15.53125,4.563556055109965,0.5283807573086559,1.3189230896010362,6.616044484071426,3.515911311665639,9.239213283458145,1.5004527376423313,3.8011059255149395,5.087627820541668,13.067193249428966
15,68,10,401,0.4257633344157054,19.03125,2.5254164789317346,0.47982091635855717,1.6346629719436936,7.050730426430324,3.8170697080142286,11.515334012938323,1.0743742812468513,2.1456641667709504,5.5398375349890365,13.26533774148933
15,69,10,386,0.4050890353566402,17.796875,2.685079772400777,0.3564352129465446,1.7664076935539097,7.647857289888573,3.6492322405869295,12.106988491907282,0.5723613918911699,0.990234023602761,4.048425077326746,12.350166559415179
15,70,8,374,0.42241728978383186,17.3359375,3.0440883154459195,0.43538468304223654,2.224407181123966,8.807601161195956,2.8236915376519427,14.425985720467331,0.7294450969159517,1.68986265103952,3.4861541316278264,16.640117615813438
15,71,8,363,0.36290876287982815,18.75,2.6534714066581215,0.291178027259855,2.181856920154024,8.007776036227677,2.404678549981129,14.194220812761825,0.6283409956500092,1.1537482152432168,2.1136810909883614,13.859745998543668
15,72,8,388,0.3421961617801148,19.4296875,2.1649014552984243,0.33041963253829554,2.3629232721917344,8.71235930866451,2.2438009767846228,15.15711827214666,0.5664623515084065,1.7021115057393028,2.448654422988052,15.736287976094058
15,73,8,379,0.35379553972951344,17.359375,2.441100977248607,0.2959450976459085,2.8752012907816122,10.463808241174297,2.263817505040164,17.698235737840726,0.6960555041463888,1.1303852302005992,2.5230059711802824,19.381973377181478
15,74,7,367,0.2970133477657881,18.640625,1.9427397585175985,0.3561268617520484,3.25152166383385,7.9227817009312815,1.1454976088448177,17.754211774980092,0.7024893088460006,1.2219665536292978,1.3354203357576657,18.31584668190488
15,75,6,376,0.2764676516591189,17.625,1.9615438842676443,0.25228052172316334,1.351705560229017,1.737155716568545,1.0907223220927698,2.5249221647606217,0.43572074870093797,1.1268670618287626,1.1705718314339149,2.6323673950657978
15,76,6,385,0.27788034205373985,19.140625,1.7980863750657121,0.30256816505390777,1.4543837389492806,1.6855181421092187,1.129925982515246,3.189899800624998,0.33602425488049825,0.7613234865663185,1.1477381259341302,2.879364388610363
15,77,5,385,0.23091018323932014,20.21875,1.1990926158694521,0.2650307615487225,1.3538335727701287,1.6646252685904812,1.1191637233282832,2.646187816396222,0.32649502644379974,0.7546970239809032,0.6701654924967624,2.548709334253378
15,78,4,372,0.23094809894400692,16.046875,1.845920970253302,0.36267320827088695,1.15055992511832,1.4894544711508009,1.0470300714380663,2.273755186466126,0.27435365475683526,1.294743857920627,1.241610179995193,2.1926640712497045
15,79,3,376,0.18652558073402103,17.21875,1.5729416528176907,0.2446573819029465,1.0284113360926692,1.0257440722095224,1.42072372351293,1.7621651941953829,0.34104185141949434,0.9601356268591488,1.7422719379906726,2.0982147556580384
15,80,3,427,0.1656210549485584,19.421875,1.1015945293862313,0.3276979511633973,0.3861021654437669,0.3737962152228677,1.9463253649523233,1.1596330820585483,0.12014680002544188,0.10201847211139935,1.698724192298386,1.0963273421364819
15,81,4,390,0.16270298263605618,18.8984375,1.201369690508467,0.372489329003016,0.7052703365172688,0.9149533672581801,1.6502886403938133,1.6913216239608975,0.15514256204665347,0.3506572165234053,1.4470988885923541,1.3890446527915175
15,82,4,388,0.12825899675722213,19.1328125,1.2368780035125169,0.2820006070285437,0.6367650844325345,0.8015077379029911,1.2257198097179733,1.0629917778468405,0.13613219550260713,0.5257800353737178,1.202512474465372,0.891123726315012
15,83,5,381,0.11200727530322303,18.96875,0.8369155376488329,0.21567521489528443,0.4631028165915828,0.8506190724146362,1.5281394192641788,1.3236317364850008,0.09334271612211614,0.22504209775000042,1.1741638800397147,0.9079709394676682
15,84,5,380,0.10419067049335314,19.3828125,0.7001636791624086,0.20278018277715,0.49694040306044185,0.8366694215431997,1.6528103414219535,1.4942400771820368,0.08632737009772025,0.24841985534601435,1.0434610552473067,0.8185317425945988
15,85,5,374,0.0783985919816351,19.421875,0.6526487183514695,0.29950177638668307,0.36121702382071746,0.5626224055509507,1.1031898130660076,0.9653287216779618,0.18756672053087975,0.2618300728407811,0.6385357667337938,0.8126944465036199
15,86,7,389,0.06693369844360125,18.3125,0.6446915052797942,0.18789326084701696,0.5904573690584,0.7334652090828783,0.8935632050941477,1.0753460334754954,0.09320162807899116,0.3386884905405075,0.7278426364447778,0.5999470371682528
15,87,7,384,0.059004298551668465,16.1484375,0.8592085721296941,0.21402432382335096,0.5729102276025732,0.8510580855980099,0.6561675899762205,0.6936216915741005,0.13542262637746547,0.3039218300928449,0.7606229109490686,0.9621631146982915
15,158,3,470,0.07190006150096716,18.8125,1.144237790242168,0.5078583739930989,0.9927271435084055,0.9365943330976129,0.6956266510878162,1.8947240245058619,0.4637268232334016,0.8588733042739674,1.9546755991045401,2.8705174432225355
15,159,3,470,0.08079695029865482,18.75,1.307538108043235,0.24553378302128598,1.0837712076886294,1.0226968637945162,0.8065319787412363,2.0932499900544324,0.2427387345789981,0.04814146203433006,2.2102291156468366,3.215807225280753
15,160,3,467,0.050620417197996134,17.90625,1.0288241222950711,0.3026905868307629,0.6544076417217412,0.6175945665808337,0.7479935084749451,0.5728285396617357,0.08700524327538067,0.6143126519021176,1.3885532025723186,1.9765851295861792
15,161,3,467,0.05625151146862557,17.921875,1.1355030743502992,0.31701388905350236,0.709619581362411,0.669707492644747,0.8146887747482104,0.6483143203006404,0.10130360225935263,0.6847533295398237,1.4660768081677997,2.2058297958375888
18,69,3,569,1.47738509765371,14.0625,12.702990396381516,2.894259669222127,0.10501405875136102,0.09850127304527564,5.090811798231446,1.2201478891450916,0.10229262678772451,0.09464482477575598,1.4050351105886423,0.2672094908699145
18,70,3,569,1.3331973664707935,13.96875,11.774031665497997,2.376975037704137,0.1051791885501662,0.09874766088171225,5.068987423621541,1.0205214796152546,0.10233014080874615,0.11328028927085977,1.1842164627564418,0.5038705195526776
18,71,4,569,1.3208741613870156,14.921875,12.100350467842151,2.4353931257037864,0.1913733886072616,0.35356805703435656,5.03872676393275,1.1681751452450593,0.4458099238417257,0.3308809397779989,1.991452638756891,1.3454961594629018
18,72,4,567,1.4358547751519721,14.953125,13.958116322444228,3.253253598226124,0.20276063867530414,0.3668501710030152,6.016418386860276,2.1778692566406397,0.3274260522295245,0.12176302981494619,1.4082910468333298,0.8050050785351629
18,73,4,567,1.2901370159016896,14.734375,13.555948627985599,3.2158015380478484,0.172568094292111,0.2825178594408537,5.992927812750299,1.3334499573744694,0.4464917438204645,0.22082987571247736,4.961071148617846,2.687177510389944
18,74,4,563,1.27118670028026,14.5859375,12.83116932381492,2.3668290840006505,0.14504200797733488,0.16938662778830216,5.398732864745641,1.2885072673999192,0.36662398651688705,0.8059045498524955,1.6206112869485827,1.0977303959975255
18,75,4,563,1.3832888951890445,14.7421875,14.248163091229225,2.8943217236168834,0.17682528814382686,0.2049608625571582,6.402188043824575,1.2912497022909015,0.14475351225435404,0.25732895144823853,0.8915734244510242,0.14867552205728662
18,76,4,563,1.2393618105590773,14.734375,13.792660062521007,3.0337939930105433,0.1894609109338385,0.18911081616001624,6.651043251284888,2.4683954126373724,0.2404042506332107,0.3073622425020969,0.912771936652768,0.5863557077644812
18,77,4,555,1.3435885948990036,14.796875,15.414439242322128,2.445138229075821,0.30847097865033524,0.2237425282808815,6.7096387253364735,1.5873073141816931,0.23921691687661334,0.48334276378950886,3.3483141755624217,0.6552520925577863
18,78,4,551,1.2009912391910875,14.5078125,12.287855424969726,2.175402388639846,0.44266135113392485,0.31080281379448077,5.486232372870282,1.0523498093214307,0.2824291159234372,0.4200184677363764,1.8190099412595135,2.084078936556093
18,79,4,541,1.1830572372767574,14.328125,12.927440570289466,2.1047488597986015,0.6840142148963078,0.7486718131285766,5.7576476014588955,1.3675056606648726,0.3668494152935655,0.20974802203496307,1.5079505026388058,4.560244206843086
18,80,4,535,1.2786768635616363,14.0546875,12.40203425256461,2.5841682695249344,1.1663203651054865,1.6212717544484874,4.889914349899806,1.2688788552795218,0.25299160129233206,2.0971526129393188,1.177497500323311,12.099289950004104
18,81,4,499,1.1462660189305882,13.7265625,11.564796326171079,2.557131941755027,1.6597590245793012,2.6424995914702816,5.719399723306996,6.122254144093944,0.16777485271798992,4.49842597572558,5.097002849356905,17.523357107723825
18,82,4,450,1.1312652815593056,14.546875,9.277806628165074,2.3113737905827394,2.746661748552636,4.678378208148828,4.580879431666686,38.43538665412196,0.3530950052466343,5.6885656664247595,1.6072895830316583,59.03739526578939
18,83,3,546,1.2226113529478895,15.04296875,12.299157193690654,2.425827964858974,0.2767796740972212,0.25629858100456326,5.284173078360305,1.2051925581075809,0.45817902697811613,0.06264306914825762,1.0092756638404916,0.17581351725075622
18,84,3,565,1.0951207098061257,14.8515625,11.041917650068758,2.1244979386407112,0.2696774518794381,0.2500495871461602,4.675511316432956,1.1146197128263973,0.22934005654070322,0.3186626520354089,0.8106245063391692,0.7285793929995886
18,85,3,560,1.1917473607451747,15.046875,12.461878789712177,2.4095677923328616,0.3151245106116063,0.29086272347153086,5.772408288508939,0.9125810416529099,0.41828839247121863,0.2641707335256693,1.0995522901556771,1.1124051706393998
18,86,3,560,1.0695212671593886,14.8515625,10.896433131638858,2.228046325222993,0.28450815164749554,0.26222459117232,4.772690613345041,0.9564104150037123,0.1607115666094596,0.10262982564361975,1.5790620372884983,0.42808359910678906
18,87,3,559,1.0568763421757532,14.9453125,9.896852043246698,2.0975857573698895,0.29734408989129846,0.27367385004684763,4.1188223348386215,0.7931054153563357,0.17180875953417102,0.32570718837199436,1.0386807942229597,1.0078302964860313
18,88,3,556,1.155756299858196,14.33984375,12.600264875305456,1.9191448947533452,0.37620092419506357,0.34579075707447826,6.034050961911703,0.919375992190929,0.6182417578495703,0.1963796213617564,2.2461296634140293,0.8165227143930269
18,89,4,557,1.0408362027827172,15.0390625,9.203377301177072,1.7235359163212387,0.5990741144009044,0.9771778771528246,3.590437866702575,1.3229874663750905,0.3088733125269788,0.5861525779588254,2.233745445323443,1.1100848079841978
18,90,4,555,1.1338647990911659,14.9375,11.488721174163611,2.0506138129981264,0.6257139071677664,1.032567583246222,4.898075787799511,1.3812636896160395,0.17921887260150987,0.4968570896225099,1.5078697555713898,1.4022269821665174
18,91,5,549,1.0222144166738598,14.3984375,10.151865355020735,1.9117659366924644,0.4024911489028585,0.925513768160263,3.7379518426711593,1.1034754455399973,0.09619285478657104,0.11554200490327741,1.5522554420424488,1.1984284308338484
18,92,5,548,1.0118507005657367,14.6015625,9.508811481768031,1.8788784881862284,0.4122507810715647,0.7947505517385438,3.8158843228512827,1.655295313103795,0.16193922804327698,0.07259144581240873,1.444067518929488,1.390341865028338
18,93,5,540,1.1040958102051053,14.5625,13.18939579792033,2.091728752491118,0.4598766477342007,0.7230613397732701,5.465334290555782,4.808264281213321,0.4950875618760022,0.08139931955084101,1.6369245044236613,2.038755631215598
18,94,5,526,1.0000496813454025,14.265625,9.056832364202819,2.318435448056049,0.5050311532448577,0.6731156726867182,3.288834457410727,0.8488388650140641,0.14383782066963663,0.6391019718355871,1.2445071775598904,2.617542803803204
18,95,5,514,1.0973740687312319,13.703125,11.90583395593055,2.213954629650033,0.4208825034174609,0.9908682852007118,5.625245237704125,2.4443558822695985,0.7068538167612729,1.3941593763158853,1.7895748070902568,7.22125740881363
18,96,5,489,0.9935642350276203,13.875,10.400593463313957,1.9317524463755227,0.7441185434588367,1.333624203618562,5.171221340056181,1.613842293032107,0.15101297519361614,1.4500815874211392,1.415182150830668,11.268254341728495
18,97,5,428,0.99023919425574,14.203125,8.15937289387611,1.473807854018375,1.9552016492457742,2.3681099608621397,5.149358046147052,5.229568512386406,0.23083175640567105,3.5766040042131744,1.9809752177043773,22.334274632460648
18,98,5,409,1.084780255995717,15.0078125,8.449437936291776,1.6176479998266489,3.213943927867906,4.338403815919179,5.592866919453336,33.53604031897617,0.1746528357318801,8.953974136684089,1.7954622897823829,60.45021795483533
18,99,4,496,0.9826494731177622,15.328125,7.273968153949377,1.8086196897914368,0.8168558993651563,0.49344937347021256,3.1069342822437642,0.952359673526455,0.22830391583060894,0.41966097540058567,1.6103228893716137,2.7227238386818535
18,100,4,545,1.0741818514724288,15.53125,9.648074099669719,2.298324811586255,0.9462576265050597,0.5923993963950721,4.281392916615044,1.0096604984441893,0.5563119055032628,0.427742447638512,3.342608777402081,3.0064740806965062
18,101,4,545,0.9731465714246701,15.1640625,9.150838123463705,1.7938491513718668,0.8930530097005488,0.5829648147232989,3.8924258797831564,0.9329239887566092,0.21478118571847038,0.1607391726307978,2.5397239486196286,2.6400265920866373
18,102,4,541,0.9695168089186174,14.9453125,7.951399390813786,2.7344620781626867,0.967700018013506,0.6384811917934615,3.149967801293881,1.1167391403460725,0.5658069990979238,0.3091541455275047,3.078891046478523,2.4585405665552234
18,103,4,542,1.0597347019096237,14.90234375,11.40532400193269,2.974539224033119,1.1480893095997264,0.7949988753387818,5.128949888403603,1.5347700462934601,0.49219479970730107,0.4588094405528147,3.6347286852975165,3.703554129286806
18,104,4,542,0.9584356292028284,14.49609375,10.200350670174021,2.026184916246652,1.1307672995325697,0.8089738633170231,4.8753877948291855,1.7660877929988645,0.11823391311505013,0.19079685304666374,4.028079929642944,3.098231820271205
18,105,4,539,1.0412477991811426,14.4296875,11.532448449358524,3.2268063841607075,1.271795870131839,0.9946791157338941,4.77760605578421,1.9979830926005286,0.5068763963257037,0.6016854279125741,1.4223331361731342,6.227112593644538
18,106,4,528,0.9371371098587361,14.3828125,9.55898170805531,2.0491285233596113,1.2015517807395055,0.9684515527176403,4.010995738388584,1.6412546868119544,0.15143848360010848,0.29818359191826427,2.5023042129130686,3.990306162632593
18,107,4,526,0.926325001195711,13.85546875,10.540597735977759,2.693166820527826,1.2691079836001462,1.06471607807063,4.719623246420353,1.7902656384571287,0.0760619364173948,0.33324643269446214,2.808072799576484,3.8839898585437074
18,108,4,526,1.0067528784276647,14.22265625,11.528947895922464,2.741060042215278,1.4992764828393719,1.2690120696134912,4.9033172510392795,1.9300374854045756,0.34913844695124757,0.8446439655236145,1.8954069809024905,7.829782746210315
18,109,4,522,0.9002066431211411,13.8515625,10.540619031115334,2.1547565714104606,1.403673630720029,1.2377202201504258,4.731713937284222,2.3794333874280436,0.0950887229595877,0.4955358877652316,1.769325248762097,6.710347181948339
18,110,4,518,0.9726552820120693,13.98828125,10.317876114410161,2.2454444917112153,1.606617714375104,1.4602324707700174,4.36841560909738,0.8870460008475272,0.3584073739572976,0.3142717639628022,2.808848847195391,7.7067013416948456
18,111,4,518,0.8687898181967455,13.9765625,9.058328974862558,2.181481887035528,1.5065622031175043,1.4218953991139531,4.149337379209074,0.9182774559177536,0.4721369807910545,0.5906412217258943,2.162729935432842,6.456171808106843
18,112,4,506,0.8547740372366162,14.0546875,10.488934423505235,2.22372578083917,1.5612160464109026,1.5155620603397768,4.592376038345851,2.0261685286202633,0.47801999279953145,0.7890995885428811,3.523164099902484,6.016190962383215
18,113,4,508,0.9229369169224602,13.78515625,9.376761048272657,2.335100513848978,1.7931952823139534,1.7934503828316637,4.1567948987188785,1.3796237265342945,0.2947298787283412,0.4718168665299344,1.8865173829368977,9.800828108420408
18,114,4,500,0.8228347969306801,14.0234375,9.69808447763307,1.7940395462387402,1.6588264525517102,1.7319791039293493,4.308633041797259,1.3339357287725777,0.21093132587283714,0.6761845843078694,1.808811777279827,8.014148743621785
18,115,4,500,0.8864090024654341,13.98046875,9.963697038790643,1.9769732899925687,1.9029052496976124,2.0906009134654284,4.575985142824985,1.9815148344163829,0.23115383369501952,0.7674380595708715,1.8017083866309793,10.856301271001147
18,116,4,500,0.7854769163399361,14.05078125,9.21644926560353,2.1500750100181927,1.754774359334411,1.9961298660770974,4.3352091201685825,1.3413253303636066,0.3934165573046986,0.5875604032898263,1.7784007885569229,9.375145231377472
18,117,4,486,0.7672022605202926,14.15625,8.495043808368958,1.5716084124594591,1.801268707316983,2.0955401065703434,4.086601608932885,3.7796071336697326,0.2763801267260665,0.4950722845034986,1.637554534421143,9.946817852780258
18,118,4,476,0.8179401944004825,13.7265625,9.137486079056895,1.8525141041167745,2.039145131898514,2.4259891724188027,4.420394099270401,4.893563322191598,0.36952965409284266,0.4224355253121852,1.6787587075951482,12.590900249738622
18,119,4,480,0.7294748674964792,14.18359375,8.399940433940742,1.6686074672085764,1.8784521751155752,2.267675078646267,3.9489282429280825,2.9674279160461676,0.28413812721799625,0.5096835832561926,1.3318535200006365,11.790718851235013
18,120,4,475,0.7765401073754566,13.7109375,9.098992602613905,1.7254829311715159,2.11470805461749,2.6189662451691023,4.366956559376369,5.606145421894159,0.28374874275595274,0.47179345537188333,1.8831701905396159,13.45902242600725
18,121,4,457,0.6887300334786559,14.1328125,7.201612652826954,1.5721966603331727,1.9477325677075044,2.506491089747462,3.547006851104584,6.779034387135146,0.17116602052334734,0.39122990081296494,2.0487510714322856,11.827803010765724
18,122,4,457,0.665224357728734,14.5625,6.514924307872003,1.6330714474792034,1.9244020087822935,2.497596909514572,3.1063182479630678,7.259760914302028,0.24101109144147764,0.6991874270406393,1.2304897092661413,13.77961040147722
18,123,4,451,0.712188050326132,14.5859375,7.893862783411599,1.5587045696190582,2.1298084411429192,2.8294107722436235,4.090636435141034,7.553608550925239,0.3466969286008008,0.9670313921770259,1.4836912159303037,15.72243430679258
18,124,4,451,0.6263977064911594,14.5859375,6.610311367937714,1.5474000934826944,1.9040369475434837,2.5682331212724296,3.4694870901927404,7.214567246150706,0.13945813594435436,1.1024750877170741,1.3000281020696578,14.06944164724852
18,125,4,450,0.6703441091757778,14.60546875,6.273613245483936,1.4339699085642152,2.18785372526142,2.9325003664377713,3.303242536934097,9.505694556163121,0.6161937825374607,0.8023096949352664,2.381813926542157,15.846908901425389
18,126,4,444,0.5854296906132481,14.64453125,5.760781638740877,1.5209185882142409,1.912494821332949,2.554769173226931,2.8529495919936867,7.94922321725977,0.4700969026718884,0.8332311188002037,1.8989862943303035,13.206596687983021
18,127,4,425,0.6301562199309448,14.84375,5.399763466282229,1.373442132846995,2.130262893490398,2.866237045315676,2.7724222319942298,10.414306171705718,0.6502228077184989,0.56712500489078,2.2814958989416834,15.621165716248058
18,128,4,425,0.5588911545840411,15.21875,4.658238376172336,1.3365499941752823,1.8925577259961561,2.5560210344511374,2.4412985709523753,9.227186807487685,0.5919161313847889,0.4730254319813873,2.1136821645571815,13.265376907107123
18,129,4,423,0.5512655957121075,15.3359375,5.002556675350694,1.4303779090190938,1.9357917250328036,2.594626507227625,2.503276720085129,9.087860104595828,0.8844811942775432,0.5425810335067667,1.451620436537414,14.667940107837143
18,130,4,423,0.5998349774086905,15.2734375,5.27820905159991,1.6024381612959735,2.1783869896327297,2.897967348599426,2.6899332135207965,10.567566715154253,0.3586088007316589,1.2635085662757324,1.7710833392855467,17.12148529551298
18,131,4,423,0.5419428406008084,15.6640625,4.621916150989094,1.5273665259764775,1.9724098230020073,2.6297003393620897,2.287948483959698,9.846549973362894,0.3240936307875986,1.0286800666785632,1.4056111344169113,15.04686258516094
18,132,4,423,0.5954995698530636,15.6015625,5.065581572410701,1.5375142055212414,2.2028860128480834,2.971690065227522,2.3391971895753167,11.350419284172437,0.5427134831610805,0.26285151101759646,1.5434741055622214,17.306320526510994
18,133,4,423,0.5373771619204094,15.625,4.673661095337752,1.2854743541627602,1.997118998901473,2.7251663147287393,2.19272310625074,10.411737908637003,0.6231604060473419,0.37400985641281476,1.3602867172094695,15.556194532990537
18,134,4,405,0.5397448467474845,15.8984375,3.9513091385042634,1.5024911835029897,2.0775461340557664,2.8899330150874754,2.1193210154657875,12.197273731889144,0.2878334042584697,1.02461769226472,1.398342108380563,16.303780391354948
18,135,4,403,0.5866341693273892,16.015625,4.278072653034373,1.564277917848747,2.314710284953507,3.219656612293595,2.19190971011134,14.317536404639476,0.7643419097405594,0.23645187868219197,1.6278638276073758,18.40671573112681
18,136,4,403,0.5307780326133784,16.078125,3.722301622226362,1.4298961009049291,2.158142747454617,3.0315318199034196,1.9145567395901133,13.341525079120826,0.795245092524239,0.219434133466611,1.3465584500070642,16.70659572718999
18,137,4,408,0.5776809728870929,15.66015625,4.377921030880053,1.4371709135582589,2.444624260699244,3.4627270787809206,2.338782906491091,14.646673396947467,0.2254522360636741,0.44457283985363605,1.7702892883512193,19.93633585703076
18,138,4,409,0.5261672044193472,16.453125,3.94665331354928,1.4211629459879205,2.255281052600789,3.2465217163422087,1.9459805003335768,13.946223378565797,0.25236129257316786,0.30163591500358833,1.3407835473014935,18.06742066136919
18,139,4,390,0.5235890587229316,16.296875,3.5232780140644264,1.701268196125842,2.316346709422432,3.3495338399093075,1.738953869686077,15.540178678089923,0.34276181010167434,1.719579091481569,1.1931452240703753,18.763130019124265
18,140,4,390,0.5740445069389379,16.703125,3.6099855946481743,1.5232400535945758,2.630357169696911,3.8388083639444472,1.833306882152753,18.567924492301213,0.10376060509384963,1.3454362514621656,1.4067014915414369,22.547974591229917
18,141,4,399,0.5189681308102856,17.328125,3.233844241523128,1.867421296275626,2.4134584478108234,3.533827055819337,1.8460226719777673,16.760557282966204,0.5726911518738242,1.3908996482886287,1.213204126646218,19.33901734160272
18,142,4,399,0.570108943094871,17.625,3.5368338241677195,2.2130986449176615,2.746806136822497,4.094373156230277,2.087756676020114,19.40221238698367,0.6880767742647216,2.482242099944165,1.4892230073889603,22.841057584576113
18,143,4,382,0.5180231332715459,17.859375,3.9708884041747705,1.4191994639150227,2.5531767825690848,3.864465368678628,2.538167578737756,16.71388076156079,0.44696241701672135,1.1969172542858273,1.1904068007841986,20.956264768205404
18,144,4,382,0.514667708590854,17.5625,3.888851848452946,1.4168551479888452,2.6121166513905782,3.9760366406619534,2.622316691521476,17.34226877245368,0.4982095114480949,1.1867226058008638,1.502879499693866,21.601456354409116
18,145,4,381,0.5623501950955646,17.125,3.385494587182593,1.6865311730722123,2.9916998329178868,4.580749011103029,2.143389288812996,22.283292455817016,0.4422665772781477,3.570544781472481,1.5172927382578474,26.169356639865526
18,146,4,381,0.5073709724012849,17.484375,2.833001092384024,1.6747480688136005,2.7436726178305966,4.209293842818609,1.9450762467329636,21.344651771402727,0.5596060261455497,4.342484576114536,1.2434577299784904,23.70882944034262
18,147,5,381,0.5552682096484556,16.96875,3.2191004336027205,2.1854976556933368,3.714050371604729,4.557891686500886,1.9524281903223237,24.626642507600756,0.5193486518747237,3.9272451764700493,2.140537037162657,26.898229309810482
18,148,5,382,0.5009567677985869,17.3671875,3.1090413182258265,1.4139314114894088,3.5508553138021344,4.133475817724932,2.0883501470321195,21.975138800823235,0.6597953687543427,3.0987196294299952,0.9724074089439142,24.964917048166072
18,149,5,381,0.5027257829955696,17.296875,2.870004585233188,1.8251173093153603,3.8254986912217888,4.213878144059295,1.717548647933683,23.7059798376179,0.22753251514212317,3.7710775381787727,0.640780299178136,26.23995632439685
18,150,5,381,0.5468223048597928,17.34375,3.1676146497211746,1.8411315686802765,4.65287668303199,4.773897631178719,1.9522540517944735,27.74402489482993,0.5026225083374182,5.179077127396746,0.5290066565779742,31.465132465709214
18,151,5,381,0.49762983098319125,17.296875,3.018455490684981,1.5981481451573074,4.578380030066722,4.3823450881124275,1.9611043287204208,26.052934922533773,0.30469614233523923,4.671351330088297,0.6813095441155439,28.861897740343775
18,152,4,388,0.5413914619263673,16.90625,3.4942588748690424,1.6536199426820435,3.3528482825062085,5.389888496677031,2.301774777681171,28.151401421195523,0.45038290273232817,4.568373776723179,1.6158132264622194,32.97149408183332
18,153,3,388,0.4921803150401546,16.71875,3.409296545121104,1.4299858531006535,0.4017816900095018,0.37231355219928275,2.2222060611839143,0.06306053167203585,0.4459497172248192,0.31967506857258865,0.6946162639554366,1.7620557836534054
18,154,3,388,0.48756045493865663,16.78125,3.2536592737795775,1.3373214518497871,0.4007278603250818,0.3717407891493645,2.1526390350930513,0.1081237669443822,0.27786273369066733,0.24944515688810776,0.589870307214418,1.9764532689679715
18,155,3,388,0.5348870570023169,16.3359375,3.5580671674059166,1.6517168352446334,0.4386186282415992,0.4075893735583783,2.3723419132396617,0.1639967526105286,0.4205514071218771,0.7320130926257388,0.7430906826149261,2.4351110379289707
18,156,3,388,0.48334624283533534,16.2890625,3.2543067996554784,1.3011903329620336,0.39970057462582387,0.37144633500953783,2.189480552442742,0.23409624771310122,0.7967442630881126,0.37689618157398597,0.8261525752947227,2.1134811806733733
18,157,3,390,0.5333402306151492,15.83984375,3.3962269301971206,1.439347853206247,0.4518239337682206,0.42251800905632453,2.317032478826168,0.5226259451553958,0.14770167984289795,0.5343147379860373,0.8811586108295952,2.7438403758014633
18,158,3,389,0.4843788141445184,15.671875,3.333641882008666,1.228128257099663,0.4098899711437814,0.3822031731933746,2.2684790441492577,0.13146053682455427,0.3773060017625936,0.5346470971328379,0.9312154927692934,2.318100193634653
18,159,3,389,0.5326965755455556,15.703125,3.7884508707876674,1.363148193200019,0.44869201820979926,0.420769728851415,2.5367144015529224,0.15034623915135814,0.38254094077532474,0.7684410575755023,0.881836306861122,2.7326125942274215
18,160,4,389,0.4837094129765708,15.7421875,3.9108494610851094,1.3153199130433206,0.6350513920741473,1.0979805829388003,2.563889805117615,0.399623178956392,0.5418143805609288,0.6812694715400776,1.1137606903524382,2.3032111952485144
18,161,5,386,0.48411062370878527,15.92578125,3.6178528340329974,1.1361098443709745,0.4500796766803712,1.0285393756813377,2.392735474833715,0.5504108581503111,0.6180867297491524,1.3536584402550569,0.928662937863578,2.8001648555585565
18,162,5,386,0.5349404566999203,15.984375,3.859235014151901,1.4432591309014282,0.6134299816675116,1.106538689308947,2.576744408439961,0.6142776376537777,0.2621280935231159,0.33770934502979744,1.364332808443279,3.525154120742942
18,163,5,396,0.48880055457605254,15.72265625,3.2356844857095632,1.4155736156559438,0.7048475020352727,1.3278122659424123,2.45084039885942,0.9282075797041702,0.2408517651372551,0.523101296267682,0.95054395989892,3.200118828352505
18,164,4,396,0.5423451060296728,15.95703125,3.5389881701310806,1.7410380481266907,1.0165396991123394,1.247810501955548,2.590879224105251,0.9245465412668379,0.19654013167669798,0.46501454116509783,1.1653975634073523,3.4802080767025276
18,165,4,396,0.4947578461157848,15.48828125,3.459920566351886,1.625031405015319,0.9449740593650937,1.1509393393137852,2.6021013428946596,0.5436846580184076,0.8505902435031085,0.8137973693022991,0.6790533656480793,2.3200031725367287
18,166,4,388,0.49763363419059065,15.296875,4.325007826632618,1.3791620451913102,0.9876818721462157,1.1765705687136558,3.0220576692704224,0.4882770611054221,0.38375597730413347,0.5369875147241185,1.0911833955024155,2.9214587704159136
18,167,3,387,0.5508256607072451,14.9296875,4.688281195707201,1.478995234967467,0.5161974057680386,0.4786504883902163,3.358087550772901,0.3299605333023905,0.19190585016536163,0.3650146818330513,0.8741094758056287,2.4267649585975084
18,168,3,394,0.5104391179895127,15.74609375,3.8826794793824773,1.5408420334544,0.4670201705404359,0.4313583113296826,2.8635352206745397,0.2506368631204938,0.30323308407913996,0.12319292665291726,2.252781384554322,1.5401243415851882
18,169,4,395,0.5599850762121309,14.59375,5.104099701488756,1.642672165596312,1.0421164721439822,1.272934945328248,3.63666887143477,1.1904782433273127,0.27763013832445826,0.1836776947697244,5.370007659977782,2.773633479726675
18,170,4,394,0.5120122508447682,15.46875,3.9980988691315265,1.6123751810735563,0.9803789593613403,1.2054078132695567,2.8192602525633843,0.8796779602223683,0.20390137062101796,0.5318054319581754,5.172304877849829,3.0160735640144347
18,171,3,394,0.5122074109865657,14.578125,4.890485862415182,1.5674112297545348,0.451019450408705,0.41593052614174386,3.5965227669510345,0.5994372333612641,0.4074850900392319,0.10436273253877598,1.3334367066342856,2.249213139146457
18,172,3,393,0.567770851453222,14.7421875,4.78068297430561,1.9334914214976922,0.5155743539038595,0.47456231306418695,3.5192927761265955,0.40736625730484644,0.21754270246775803,0.36241971166886056,1.316254911875383,2.7014106450720132
18,173,3,392,0.5139961739707521,13.55078125,4.981108501674234,1.667507238423283,0.4783148329153469,0.4394094888423711,3.2512325866308607,0.5350729722975607,0.2498806310537708,0.4484604158658128,1.3147125709052996,2.301307996084944
18,174,3,390,0.5626999656242454,13.67578125,6.093103710163035,2.1439617503726347,0.5301284722691141,0.48584139496039985,3.5494369427379544,0.554048043006969,0.3885420642051211,0.16232484963063654,0.9812937509469553,3.1660003053589034
18,175,4,389,0.5072135563492656,12.1875,5.47343242877671,1.781877133260347,0.6535615168158868,1.1145234541923683,3.0045762122993755,0.9428631594979908,0.4006482759134313,0.7048957803670768,1.5060738826275981,2.5679953059415563
18,176,4,387,0.5044047328706868,12.203125,4.530099611447061,1.7677386093916323,0.559647987206322,0.8321175357674264,2.8147192847606477,0.33552261739994726,0.6312605216280793,1.7383605981742858,2.0364905866833207,2.5378674846441562
18,177,4,384,0.5581200232540607,14.26953125,3.8920372074270526,1.759125955132403,0.5957583336789051,0.5666714939454773,2.537078520351761,1.8716164672172093,0.6066706132158959,0.6393540732932836,2.6360642796797573,4.677486827341644
18,178,4,381,0.5013637095572296,15.7109375,3.687859321255492,1.215030762697921,0.518600179707492,0.5901580471542393,2.3572224170856835,3.3089628543232803,0.4038066011842114,0.4001195028431088,2.2544945329199497,6.429945185510374
18,179,3,381,0.5478139632331354,15.71875,3.800592787257438,1.3512576976229909,0.5592321047686346,0.5170084966146677,2.2331950713759237,0.7461401460306214,0.40697248683607534,0.2876897314118917,1.3667095248865597,2.910456297904047
18,180,4,378,0.4934567308931916,16.109375,4.384098962813459,1.3758949421713615,0.9795353555306014,1.1594583725121939,2.871173734881964,0.320300197203645,0.1517935210169401,0.5103035810370152,1.155058498607397,3.394459055440044
18,181,5,386,0.49269173165335944,16.5,3.6448395236385664,1.232627065585885,0.5520270620733043,1.3798069412560316,2.0161155916399527,0.9837081572131987,0.40843383352218204,1.3704955113391613,1.201708681651928,2.9217989684198797
18,182,5,400,0.5364259303565926,16.4140625,3.8463607596320575,1.5697543959931801,0.724753793001035,1.433175475840362,2.1941209660386294,1.0465349902264895,0.1690815502644838,0.5411605524123085,1.4099370915255425,4.248122902035404
18,183,5,397,0.4832187134555906,16.4375,3.749605341775554,1.312593376378223,0.8610582883383088,1.6590556709764293,2.363459360133994,0.8510515963060512,0.248791319278038,0.3491399994317408,1.455033530834734,4.524210637162576
18,184,5,403,0.528886678072638,16.671875,3.2905567757050025,1.23360088938786,0.8444194840705751,1.9677664640730987,1.9144496769200687,4.032185099645286,0.8585856002791696,1.3576987548538688,1.0719850077413202,8.436651284515944
18,185,4,400,0.47999886162358624,16.671875,3.583092053742983,1.6416148132004509,1.135994925977096,1.3792789958248126,2.259851656086525,0.8891478139888909,0.12975203152162645,0.4786862013256048,1.135163258072692,3.8237830605296965
18,186,4,406,0.47959287543736584,16.9609375,3.7286745553891425,1.2593078406940494,1.1631033020825803,1.3826567793696491,2.5094125633837354,0.7997327275685824,0.21685904740070788,0.24707020804768182,1.2370868929433965,3.305159683609796
18,187,3,399,0.5278543431062055,16.25,3.8802051675404936,1.7492295802997335,0.6304994295500744,0.5866208287318925,2.3857810451359196,1.249884105229301,0.6135303497189756,0.8319665615543814,1.4877253245503015,3.459782492473065
18,188,3,407,0.4747137191853691,16.34375,3.217509744498951,1.230656216703892,0.5874613454931658,0.5488395230836687,1.9757379341955799,1.3124642234646826,0.26226065078306,0.18712858190322196,2.346089486319279,2.23800192345748
18,189,3,405,0.5190216297407741,15.7421875,3.651281723683361,1.5469379295959962,0.6470113481298374,0.6059524973229045,2.1985050235597647,1.4671348827464192,0.31744861178539596,0.19052798422760667,1.4081951500226009,3.305614711821243
18,190,3,402,0.4643290584345994,15.6015625,3.912485178025934,1.1541980057806214,0.5733675025658954,0.5403108798729088,2.827986263476912,0.7060005733975632,0.5099522400842241,0.36487578788096414,1.750711638116753,2.640273336397417
18,191,3,399,0.5057431399629485,14.9375,3.925924896085378,1.7509529567264956,0.6375311420349385,0.6024415265680731,2.4623100434919545,1.3290830623742669,0.41944736320111686,0.7815527153803141,1.3335423968838982,3.7755119589112405
18,192,3,399,0.4530354651255553,14.90625,3.5647751827387095,1.3360212970723329,0.586570722101038,0.5557445461680952,2.2501429655531,1.4063098365276008,0.14767833029528168,0.24548904382618236,1.0375205692658114,3.245833372809285
18,193,4,394,0.4468465210402276,14.71875,4.4577731544898125,1.2664512740488814,0.8669240381458447,1.4373517934859037,2.9831938843308765,0.7883517295357945,0.4514511068358388,0.8196702203221252,1.8728579286521787,3.252849949510941
18,194,5,394,0.482523717161497,14.91796875,4.261216725699805,1.4181458823999016,0.775412745713074,1.471021334664342,2.8808767996998514,1.1740867547500518,0.515265550200671,0.52438383411641,1.0357932048517213,4.723562895263729
18,195,5,391,0.4300472844545142,14.5390625,3.377664134801253,1.085557527046287,0.8756129001764611,1.619838324279119,2.1071259938675833,0.9548484679498896,0.24685057443858555,0.43864726313657654,1.0909409678796493,5.0608274020157955
18,196,5,388,0.4646271871945455,14.40625,4.17785802962897,1.0815376929040679,0.9703190827524418,1.8507240920507497,2.774938411068473,1.2722511769545428,0.49873457936211274,1.0896567664022587,1.169347740802386,8.978929535325792
18,197,5,389,0.4124299934956345,14.28125,3.581034658014767,0.9432413113365603,0.6763140030405852,2.2108336243897786,2.2936437466943156,4.6978918377683545,0.5719875704478293,0.894189012686132,1.3156854461973804,11.259068775598276
18,198,3,400,0.40159227344712844,14.48046875,3.2609484426746347,0.7892110497410298,0.5567734612005549,0.5310719797785963,1.9720846282178135,0.8409436421855445,0.23267191826828035,0.11523865467673736,1.1076146206946254,3.2610838160428806
18,199,3,360,0.4312379229261383,14.0390625,3.3810871130000404,0.9282049981291475,0.6105526309835703,0.5824238056368493,2.5910580599138378,0.5554636062940848,0.17578376893699926,0.09130349810408345,1.351139490377724,3.6820906570699776
18,200,3,404,0.3870884633968404,14.671875,3.853876620466296,1.0214761649435928,0.5373074151113887,0.5117837966999297,2.838295746953854,0.6215984536884447,0.3043453427391204,0.2825201201297533,1.326992378569652,2.9558021227316718
18,201,3,400,0.4216100450816414,14.55078125,3.5299971588570624,1.1785513922825168,0.5849552091280104,0.5579605085522946,2.39979479373571,1.1964212718758103,0.6677805846187664,0.36757276152955004,1.0378073435602253,3.7098884060996307
18,202,3,404,0.37910211090661433,14.8359375,3.5105495312262573,0.8670886972162397,0.530610629029886,0.5036893544359198,2.5228624215755118,0.6582541451477129,0.4177514109912824,0.2787861867583159,1.172682183945936,2.9146765537410486
18,203,3,405,0.373648175387662,15.640625,2.8389017786694986,0.8619969465201772,0.5167512512493067,0.4904845488075522,1.8346747198993347,1.4650548848328355,0.49090510072041144,0.358480431432486,0.9802284849646109,3.0062804875547813
18,204,3,403,0.40657357726492377,15.0703125,2.9859818570534085,0.8881007727465289,0.5446854219251163,0.5159949951001203,1.8124745043346153,1.4654003015230253,0.5316461911430673,0.3284481052070314,1.6372908698857178,2.979659920001308
18,205,4,400,0.36585304869991037,15.13671875,2.9890096742323395,1.0055799638108813,0.5874642595596917,0.7750395001557702,1.9596122267068785,0.9831286445865237,0.6490242857038222,1.5680773583654533,2.1158250158694183,2.901358020917278
18,206,4,399,0.40197708061293325,14.8359375,3.64966892196821,1.1654013851895835,0.5742146344648265,0.47519378753794045,2.6134267513523683,0.6413730267263995,0.37550521418886923,0.4622383506818798,2.746041303926235,4.843879801113268
18,207,4,406,0.36352144163309763,15.7109375,3.3887942193884175,0.8903783010214894,0.41920130129893673,0.5118892746733132,2.185995270858336,0.8262261894008174,0.44549888397054743,1.0952209688372603,2.21435938112585,5.721059728676101
18,208,3,402,0.3590016026707341,14.72265625,3.0391621921171876,1.1006914182355683,0.45268436004850443,0.4298629878188533,1.9530148161631837,0.5310316113056435,0.2255304884784646,0.1917380978175517,0.9240733139302354,2.6997062771765217
18,209,4,408,0.3894595286946883,14.92578125,3.4978234460213176,1.052917700838392,0.83398394648729,1.0075187591620758,2.1042865069231063,0.952119793445585,0.5903608719150575,0.7330160611141239,1.0015018930008905,3.4485387926994933
18,210,4,407,0.3551751158156391,14.8671875,2.801127647983325,0.8264068720532327,0.7709875074453624,0.9724216526870127,1.688698515015372,0.9809672987927402,0.4790316004972465,0.6332512190963835,0.8800989590716999,2.760497708536142
18,211,4,407,0.39132386999228985,14.84375,3.117606812158206,0.9931758511465626,0.8562490175194128,1.1009766108799022,1.8505620167894614,0.7755240215523711,0.5462986184455607,0.814805935245555,0.8696267742394791,2.965906843568697
18,212,4,407,0.3584749472776239,15.3046875,2.7210689930207654,0.8608044453706721,0.8380207865604308,1.0822502541138754,1.564053091496178,0.9943888314544225,0.5781923010956818,0.8003868740500858,1.0791257895080233,2.889332521694321
18,213,4,415,0.36807691813654186,15.84375,2.527537460691853,1.1444458208067059,0.8457004396873651,1.0806563896024728,1.45890167881084,1.0327547981693281,0.5936959202930348,0.8725660238616821,0.9212129488771711,2.7508207625993126
18,214,3,417,0.41620932223045576,15.6640625,3.043742911017767,1.219002024606224,0.47823710029233657,0.45057528802630975,1.8727951770169338,0.861063688091878,0.5025590355264871,0.32452957961289836,1.207006022671911,2.7740338341314104
18,215,3,417,0.39463096604609904,16.296875,2.837620308307296,1.05031065866525,0.43593915819027884,0.40920426047926073,1.7942468759663777,0.5551215134553091,0.5710418582293816,0.7379528530875663,1.2411541448377053,2.445588229224609
18,216,3,417,0.4462051495218749,16.46875,2.8954309843447175,1.3908688131522338,0.501897767047744,0.4718886591366884,1.7801407199965686,0.8913295353013215,0.36572580816363676,0.17163304064489265,1.1743771431532375,3.0089386077866953
18,217,3,417,0.4187667302994542,16.40625,2.6448400780425048,1.2141767192956128,0.4588633278711238,0.43216770277449745,1.644207352801279,0.6774630614955872,0.4064370419325045,0.053460534679569904,1.2027512419226207,2.330900320776598
18,218,3,419,0.4274831231600485,16.4375,2.655955030308145,1.3492063059090944,0.45658347500471475,0.43013073720529693,1.6087010499766308,0.7780809242545954,0.2640774501547253,0.20882679692427747,1.527701138812563,2.131618870211386
18,219,3,419,0.48385838138970405,16.4375,3.3016299445754136,1.2330399492753639,0.47803397923594887,0.44899670310924655,2.0768037031698614,0.4692672326467058,1.0749668522186362,0.5060158237345284,1.1133520414902403,2.9547776713106875
18,220,4,417,0.4539211131269244,16.484375,2.985923689313569,1.3182274317215872,0.6390060754448215,1.0363578834353728,1.8000706212956157,0.8866824642860371,0.3440055747529257,0.11653449972763452,1.6506113732843222,1.8621525892895092
18,221,4,418,0.51270925607361,16.3359375,3.3812788527633284,1.335600741402128,0.6316928680336702,0.9364394960908822,2.005458057235059,0.7431154719153279,0.46484116101550044,0.9633241586853882,2.423334721504165,3.174244823044847
18,222,4,413,0.4768256983135082,16.171875,3.4983013560753595,1.2117382212356538,0.4792825717482485,0.4509266285079416,2.309882404743135,0.37454854644254865,0.4954432329150859,1.092487146592533,2.3356280585809577,3.499171986825222
18,223,5,416,0.4856526134602756,16.1640625,3.7871585788505384,1.4522396576715675,0.4185914376409614,1.1603256957193522,2.389705846300062,1.4430735446589082,0.2647727725344035,0.5837817063811918,1.249204775840858,6.6957653352719015
18,224,4,415,0.5454859827528269,16.203125,3.5630346585500057,1.8818395867424957,0.9192038962375625,1.1802325372007745,2.0265073400885987,0.8822723977989584,0.5089772713771683,1.0406668468105646,1.211250890911574,3.7031197379507423
18,225,4,418,0.5071156436877661,16.5390625,3.3803312017484766,1.311737968050848,0.8373146597460475,1.1145089468274751,2.058152631007533,0.656755038307079,0.530157396345772,0.5905177363208369,1.2044457166475813,3.2502109651324007
18,226,4,419,0.5687695502973116,16.484375,3.911852755295038,1.7937673931873754,0.9313037932185857,1.2736699687301944,2.388500629694107,0.5582109604687906,0.2479781120521562,0.4429764976254452,1.1169145672736807,3.551871499001934
18,227,4,421,0.5224568946729937,16.484375,3.1835418829295414,1.6677080044211343,0.872121469810304,1.2135687040366014,1.7666163028771154,0.865659111387094,0.22740931524322616,0.6068668352618745,0.839388066699502,3.3027916812364237
18,228,4,419,0.5810781848732286,16.734375,3.836403772942094,2.140078994232943,0.968393808137761,1.3571945346153638,2.2224548073880865,0.5145101880813527,0.2822884645344113,0.7255220164058221,1.6412537515810546,3.3308753621153055
18,229,3,419,0.531476621257851,16.140625,3.671235417940645,1.3894236997637568,0.46698801892471903,0.4403460049799953,2.328530184695792,0.4080709080807263,0.3963390451116486,0.1665732979021754,0.8701752104049618,2.877916964817796
18,230,3,419,0.5373938838239231,16.21875,3.6405038363646782,1.5785804815945725,0.44607112955154676,0.41892803503456055,2.147297127373204,0.27393706479631774,0.3367814931343288,0.10738712551749313,2.9831654530592804,1.5364312996301326
18,231,3,419,0.5919914793353136,16.59375,3.9681343566547107,1.943664051331842,0.49165148120244834,0.4614194007509391,2.295337804990333,0.3298141419190168,0.47508255889712886,0.7086392478063455,0.9767298471524958,3.011356296647329
18,232,3,418,0.5393590434320719,15.96875,3.558206231761928,1.7795165815141232,0.4487521274322292,0.4193649959141914,1.9903824393181806,0.23285163985187363,0.38266927326381894,0.4164092119254846,0.9035205838696301,2.2551774847267736
18,233,3,419,0.5975234578828091,16.546875,4.105190625448497,1.617683316105389,0.5077924480965487,0.4747140798645687,2.2900116189826663,0.32235600513667695,0.18715916233356142,0.26518812178786816,0.8152909691942003,3.0440279730989976
18,234,3,416,0.5494284637042208,16.359375,4.515681450589177,1.9673922213181276,0.43899014007145154,0.4097783533825593,2.9047699196493664,0.7147715235017826,0.21519436880522452,0.35289375486793373,0.5514336055144119,2.3338488334584713
18,235,3,418,0.5571685451114762,16.0625,3.785354708471039,1.8824946711980017,0.4655601507299425,0.43506034272479255,2.0198638449379023,0.1884515525124233,0.24688920276140294,0.699848772730608,1.369198749149273,2.4267452042771147
18,236,3,417,0.6195297941499361,15.84375,4.564237470609345,2.249460020635001,0.49593126273576066,0.46412600051695296,2.6213967547265,0.3821375741380022,0.3010763587704598,0.7763501217170606,1.7875127217617326,2.682491216855511
18,237,4,417,0.5706996113853589,15.5,4.178119221724273,1.7791531288212767,0.687540857091931,1.0846829471565835,2.255744006539522,0.7023136692878265,0.30291370262747686,0.5390727382939158,1.2389744747372,2.4687974800984387
18,238,4,419,0.6366862951179201,16.078125,4.7049747653164635,1.626526973179764,0.6587695511726142,0.952441803461741,2.530885987641452,0.8538534067713663,0.915387390449421,1.9001626719129008,2.186157092058877,3.196207028766592
18,239,4,417,0.5945732603830431,15.9609375,4.565739777825286,1.6083884060542792,0.49309902869019695,0.47376817377899416,2.5053057068107814,0.5866242977383846,0.21776059344792348,0.6310164138726327,2.122590980055072,3.617612944143781
18,240,4,414,0.6061253145768557,16.2421875,4.644266238720903,1.7326484428018123,0.4200400528725979,0.5132985718709107,2.769777251235883,1.1539122889750084,0.7273442242013647,0.579287889723792,2.2405277211520023,6.139343810821541
18,241,4,416,0.6805718631477432,16.5234375,6.076909251559751,2.3186378857004604,0.6800870746290301,0.6402978043920027,3.8596815115082572,3.417222982186745,0.5628052929676949,3.1670296768084722,2.9435819427110497,13.22338185402106
18,242,3,415,0.629796087871113,16.546875,3.8115317403364393,2.0013900984970876,0.5707325900730897,0.5316447216329698,2.087268818035469,0.8777375817012447,0.1761063714227937,0.32037248626675047,0.6451118232499289,3.515241201092607
18,243,3,424,0.7079033367027933,16.890625,4.363993654829724,2.3451407449470247,0.6489074672766991,0.6019255945572239,2.1665085434001603,1.3466223339872765,0.28364679664238335,0.39429682588884396,0.5005513895863023,4.447435608129891
18,244,3,435,0.6553631092891242,16.609375,4.250881253653397,2.6490502203757806,0.5991598456585472,0.5557179718993924,2.228705835410759,1.0943267071982268,0.25904207454785466,0.643718843749173,0.25301008879333725,4.190843984516797
18,245,3,429,0.6628043952506932,15.875,4.545133134194289,2.0923328066023896,0.6005845754158415,0.5585167933967913,2.494344852358362,0.7952096051867805,0.11630299528944565,0.42291128669794864,0.2656176780747706,4.386703979530077
18,246,3,428,0.7349227720691857,16.375,4.921272181755931,2.1530698780204562,0.6665232584944556,0.6207832604875005,2.369440770764517,1.63459547608306,0.33771356587975576,0.23777233413906929,0.6421423060926977,5.057016677299661
18,247,3,435,0.6704131917235021,16.625,4.491741170146496,2.112985788944432,0.594311746964048,0.5564877356952705,2.2524286194584695,1.3523315086125653,0.25364220147211175,0.6068594992414003,0.4685297045400628,4.576280608007944
18,248,3,434,0.7308657055885865,16.203125,5.004460268648717,2.794054920181287,0.6688119187095664,0.6267254480726641,2.760138845579593,1.8157312723999866,0.18144426117144458,1.1501969351769301,0.38210382573636326,5.756679925029136
18,249,3,436,0.6686307342496535,16.4921875,5.650824081357964,2.949911806042582,0.5531838104974707,0.519950280864542,3.1751472133790593,0.21969436933427033,0.22427249238151284,0.7978206473183576,0.6025668323660207,4.470134555384578
18,250,3,445,0.6630733133438087,16.71875,4.69245852213825,2.4516406272795037,0.5915426347447148,0.5555962510407968,2.5214728268013005,1.2841613564232426,0.474528812213377,0.36556986143641074,1.3481694304155452,4.310419238955263
18,251,4,457,0.7256048699511829,17.484375,4.285777529253651,2.7262119106521894,1.1596476765025678,1.8805338059565988,2.1820681335502,2.5176272922568805,0.30433205550206693,0.9895907595846993,0.6955909420769061,6.587509972664298
18,252,3,475,0.6548643232653945,16.4375,4.93460949570225,1.9078447000974126,1.4556147022912787,1.1995351555179237,2.6485146988151334,1.133142471508481,0.3802953231820108,0.5245700782678755,1.216771039008197,5.70022941770694
18,253,3,482,0.7190985436781892,16.1640625,5.306987461124507,2.235485758223171,1.6920963791463484,1.3874954777674664,2.7754601039655036,1.755171988833756,0.27395812484277376,0.3190522262144498,1.1545424812508407,7.207288622333761
18,254,3,496,0.6522723566067095,15.9921875,6.093240238631873,1.7116301274386605,1.6280996457789374,1.3429129670563351,3.1764580315997004,0.5563883617713126,0.5571225858966268,0.4534609130196574,1.1996379287286212,6.353432505204531
18,255,4,504,0.6477699630745815,15.36328125,7.344528536578753,1.66984657425041,1.497420181101997,2.645450540811872,3.409681218931283,1.2693556500170025,0.469373413059894,0.4275705925182557,0.9875187400031695,6.480346299568773
18,256,4,510,0.7103353437594799,14.8359375,6.488971952009252,2.136641335494995,1.7831957319176224,3.154480201396206,3.485786116663667,1.5127426925973562,0.18144863504622635,1.2496241397186805,1.5993603970561514,7.7008746081120965
18,257,4,512,0.6418458800551354,14.69921875,6.44008249376856,1.5144522209836315,1.7266611674150099,3.0566250621440725,3.374094858470344,0.9540584512967749,0.6417364996222945,0.4253700094989578,1.0044762335558626,7.022775337369386
18,258,4,508,0.7046399231222857,14.24609375,5.805168353301708,2.07322518327301,2.077206269683347,3.672400881789674,3.3325974856694973,2.843310716022615,0.22473771834440315,0.792807248465203,2.3350172930817488,8.65767505987479
18,259,4,507,0.63819827146907,13.9140625,5.359511946077811,1.6341772764110534,1.994794853190845,3.5349462015264677,3.1574602710316144,2.3864410322847176,0.188801059878122,1.1117802459331247,1.2778617573331592,7.008312569444925
18,260,4,510,0.6368356489477498,13.8671875,6.526197468761902,1.7161265844162203,2.122771324242405,3.7318385212386427,3.6121126455625765,1.3796611849730458,0.28216551452921756,0.647196877611424,1.6240392146923386,6.357155748552179
18,261,4,510,0.8196692279784045,13.765625,8.737397820400405,2.5769113555722107,3.0146036092820836,5.258038940943018,4.869296488615534,2.135602610305777,0.30107845627602453,1.1190787718047932,1.1710532063741237,12.192209591126284
18,262,4,492,0.5022679912222344,14.140625,6.0090445063244164,1.1362994810140072,1.8845601342958676,3.2716389456208277,2.7568891531710538,2.482440160873633,0.8714583285305949,1.1735930523169593,2.184468945758859,2.9242751841833354
18,263,4,492,0.6868006968747712,14.359375,7.924658663508815,1.487346283457997,2.846372083195813,4.805594949892276,3.663828468438374,2.9065110103631544,0.6130533260664519,1.0112689364833987,1.464472439912331,9.372576064699317
18,264,3,487,0.6229798496773788,14.703125,4.94509982272238,1.4030756230873425,0.8359831072093641,0.8340195710552065,2.7027804920165592,5.02434492247197,0.18271614350519022,1.0109977298690016,1.1128725453347408,7.680312390291814
18,265,3,488,0.6154969378090002,14.57421875,4.894389729951733,1.5699676328847496,0.8757953657685119,0.87386573949868,2.6629048793627312,5.478244980280548,0.2801676609595442,1.5515204159185736,5.798825951727993,5.62920121234616
18,266,3,465,0.6728241597835745,14.9453125,5.449957189990731,2.1898891505396345,1.027994837969359,1.0263461847406625,2.9971880730305704,5.325487892615715,0.3697995305942091,1.2156493620430533,1.3248351626300128,10.716949563504212
18,267,3,466,0.6011639054488911,14.671875,4.825126736639925,1.747562657584972,0.9687735661333948,0.9675051693602599,2.681009936697316,5.567544335642818,0.2044856855802022,1.2072164986175558,1.485501848826648,8.663212856313082
18,268,3,456,0.646335478961723,14.5,5.470789105001593,1.6801569955202469,1.1146614921956044,1.1133403807171018,3.1846903430513622,6.391293395152384,0.14392202964840362,0.8238677085438032,1.5266738684224521,11.894741924936985
18,269,3,453,0.5666523113737503,14.2734375,5.083160086618406,1.4721561881319363,1.027115072888591,1.0263321596661843,3.2701131233949257,7.607502041469745,0.2470574638770446,0.020761506987714867,0.6558782274350508,14.409028420924987
18,270,3,419,0.6000955598809934,14.515625,5.47449075656211,1.6876138003310648,1.164150527382263,1.163293553831992,3.694739296136477,8.36924635909677,0.36836990450058354,0.419453465128634,0.7478365315986488,16.585007539876862
18,271,4,405,0.5244095477153179,14.3828125,4.549486599092486,2.011728280506415,2.1554323973708227,3.915503059556863,5.638615769609851,8.87610418730001,0.5118725463015268,0.5792978589483176,6.8431693179839455,14.60344584326746
18,272,5,399,0.5035967466860747,14.21875,4.1137096407874925,2.110307555144802,1.8250578742582901,2.7985443797394813,2.8221095812545784,14.339784285564255,0.255482059127471,4.063123944143022,0.9327678865635334,20.733912063811907
18,273,4,415,0.531929198580183,14.3203125,4.482643947107811,1.6196613321257145,2.2161266263215254,3.5780036365146684,2.749473589757812,12.028469461552826,0.1518605657403018,1.3651815906560567,0.6911090147803407,17.179977192770053
18,274,4,409,0.4599369501346846,14.125,4.497340860047221,1.3953515321380063,2.0380634788533722,3.270139842393645,2.8701967539589797,8.943351137579711,0.5687813839048941,1.8359469284839622,0.5985631415243868,15.130573904572476
18,275,4,408,0.48063763036401297,13.921875,4.093355378476652,1.7885280231585021,2.2835632456400337,3.7460816366653873,2.5574977700203956,11.861431581881842,0.3152043461211188,0.9326337503017348,0.636705245238055,16.68824412421464
18,276,4,408,0.4136596719157977,13.3828125,3.502757962616244,1.3480783564257266,2.080030135028872,3.467636191463603,2.3131735639849733,10.363729609834065,0.19357463121174895,0.7063972513067703,0.5870580810849169,14.42478339492865
18,277,4,405,0.39315472465145473,13.0234375,3.516621371970293,1.227864567563474,2.099433931594844,3.501197870769625,2.3077083980405098,9.833862406497813,0.38219842800282244,0.7708031609719648,0.8047937748020351,14.313042426025344
18,278,4,405,0.41126236960289764,12.9140625,3.766874195451659,1.1469457411580746,2.3149651871342742,3.8821773189171846,2.4426632060396427,9.94695090939751,0.4173680029745889,0.6045620954685265,0.8667197147716068,15.233268824566823
18,279,4,404,0.3540426171343046,12.98046875,3.4641424713130533,0.9729743967471209,2.1103682930160113,3.5739883823884093,2.2312875441845845,8.267460203819052,0.5541038844406898,1.1758105538321624,0.8712723086648146,13.079640382146222
18,280,4,404,0.3638814121109926,13.24609375,3.494201761938405,0.9442011276469302,2.2953364926696844,3.9537019191927087,2.1561047310393953,8.731855250076691,0.4967017215262789,1.339693292610395,0.9063235316961868,13.870193584258516
18,281,4,404,0.3105986921158503,12.90625,2.9826564964604363,0.8318529547096709,2.0482120529707637,3.5280821492382293,1.83932346313272,7.496965642542657,0.4309487223778482,1.157452215329246,0.9964627224899183,11.088315747826476
18,282,4,401,0.29219124290923754,13.1171875,2.928921508410381,0.8761286956122033,2.015442144270893,3.4566683614922358,2.170157498887393,4.398446190822753,0.32498680889771514,1.3481799599311968,1.256319401765892,10.711716913289408
18,283,4,401,0.3076189196830107,12.0078125,3.3257282795948067,0.9378328721213329,2.2223609198561562,3.78693005754973,2.4295643056917,5.6297367480191,0.42730128557429575,1.4515462857226904,1.2942780769403837,11.053420157269453
18,284,4,398,0.2712156274193161,12.1953125,2.496354752931195,0.7152687688734101,2.0219311132060795,3.344629963772659,2.534911592965553,2.3508872362637314,0.1438760290392731,0.5705449728569499,1.2491218304395604,9.38833557139252
18,285,4,396,0.29704799394135945,12.01953125,2.9936458350892163,0.7906777287668357,2.2402314209142045,3.5574327663361047,1.9817526410192576,5.611591203864462,0.496646294384658,0.7291727489561032,1.7570733390350133,10.468078614655177
18,286,4,388,0.269029795043215,12.1328125,2.4944258659974192,0.8301364795823378,1.1944083488108912,1.8501723653020765,1.744830127221849,4.630522402055682,0.37057041228154314,1.2425850223436699,0.7111006727877126,8.843225300516279
18,287,4,381,0.26855737055781886,11.796875,2.3835995106587142,0.7728476425339255,1.2140089272852024,1.897725360694177,1.9168431357805842,3.126798096276695,0.4281596623140011,0.5377817588796824,0.5264794425897795,8.397208796675471
18,288,4,357,0.2944696791369097,11.40625,2.236589280840434,0.7544892915020207,1.3644325372336308,2.1361255472621097,2.498078088866344,1.52875842648622,0.40752849097795796,0.8523538097415644,0.8997190445786649,9.676550071523538
18,289,5,353,0.26356749320589046,11.5234375,2.1371662528590205,0.6767702139439723,1.7231034657684967,2.7433313567097413,2.1331049401874114,1.7612820938365483,0.3585380492106457,0.5413856510756125,1.0554079324280372,8.574298891235156
18,290,5,352,0.2858028215931838,11.99609375,2.4579773408394257,0.7122134446536954,1.0898176591871152,2.31820186239008,2.604012854132393,1.8122611093254721,0.1977710836666405,0.526298446765389,1.5643024511033778,10.275129668117723
18,291,4,372,0.25893812817314316,12.46875,2.473481087307089,0.6518159482047072,1.3584178972550607,2.2210757127934477,1.813550566794785,3.2152501472409605,0.1568787728891678,1.105234973317681,1.0048631954443958,8.334895035913075
18,292,4,371,0.28412175279436347,12.453125,2.6974831624225697,0.6703757407429902,1.5810180024759277,2.63217297014065,1.8611200210255292,4.301724349662219,0.2832219171480882,0.851375325047935,1.0927419798233347,8.983657460306587
18,293,4,425,0.2550297043192573,12.046875,2.4479162988688863,0.7515691449707531,1.5006247685633858,2.513050557310307,1.9931902436098552,4.3050085644260685,0.4093087314161351,0.5505512889837734,0.783544286339146,7.459309364265092
18,294,4,419,0.250847315789902,11.96875,2.6296970587157635,0.7389870693853127,1.5605138644269259,2.64402946108307,1.8955248808511478,4.332577200196557,0.5023698497447358,0.8522738801812344,0.544366510132178,7.213869660883692
18,295,4,419,0.27480755639858195,11.8671875,2.9312820319201762,0.7978563340837049,1.7695690196159157,2.958812507770476,2.1526944059254367,4.742100837444755,0.38730727175991586,0.9513436997050425,1.3065134896569413,8.576132690149725
18,296,4,419,0.2481158847787756,12.75,2.726019182287133,0.6246731784462599,1.6597708955889177,2.718697287685435,1.7761066026968524,4.525963420469918,0.2637019853802307,0.9101577917606842,0.8809369654467165,7.023011490429534
18,297,4,419,0.2735320644759939,11.84375,3.1158238311366855,0.6775138029008521,1.312784013582773,2.0227396191658595,2.1069570996383966,4.9472642464330985,0.29796403052951104,0.631396314277219,1.0428842353843075,8.598715086334641
18,298,4,419,0.24740839898014447,11.828125,2.9357656834478445,0.6600639411658478,1.2806612222942813,2.0715322192259475,2.0547694773697245,4.199574644224705,0.3831144868525355,0.5999011896857045,1.0704186238142877,7.7683407638085225
18,299,4,419,0.2465436508312683,11.9375,2.9297276038994777,0.6787666766278572,1.3245977436762373,2.148918175108676,2.0588555512411646,4.3496411188667405,0.42865323357381235,0.751306883207044,0.989382858220379,7.702090038085414
18,300,4,419,0.26892292004132995,11.7421875,3.05899070704201,0.6804812340013899,1.489877036750166,2.4239351272641607,1.959003716555005,4.904770834213118,0.3719941690114338,0.7593273671771525,1.1108454415682434,8.092173915297264
18,301,4,417,0.24219443980883956,11.8125,3.17059265559988,0.6313010573312754,1.3820748506037814,2.2545742970210854,1.9560430320719275,3.542516754308891,0.31016221138245614,0.4716075544706212,1.0638657130615965,6.985576406622075
18,302,4,391,0.2670763817295005,11.234375,3.3966583029803084,0.7449122544962865,1.591581967749787,2.644652864392395,2.297130424071373,3.6805043614411685,0.42900546045998433,1.0256053084038603,1.0266019675277696,7.743123480806804
18,303,5,387,0.2402593545607732,11.0703125,3.5230415698521997,0.9324742964865864,0.9944975671763402,2.2253504184965243,2.6823585537156376,3.101586107947256,0.9407463932945151,1.9091324543184967,1.0664503968981036,7.216056939232859
18,304,4,389,0.23863122555229146,11.234375,3.0058661945745704,0.7019000577374442,1.5306586291482644,2.4868612495747717,1.6487962701196222,3.9338123484801053,0.41374328962814266,1.2853231631576154,1.020940486015021,6.474886607046951
18,305,3,417,0.2608249291037698,11.4921875,3.568876846471257,0.7544894466728362,0.6682266994970053,0.6682266824896707,1.984530669968287,3.4491690204526853,0.3276525683362282,0.2512130326812591,1.161123943791716,6.981054318472579
18,306,3,417,0.23630965614722213,11.09375,2.942593479634373,0.7259221954953781,0.6063938360732866,0.6063930633919247,1.6616913272700882,3.859961777876003,0.4356646034493012,0.40210131791630166,1.111143082459652,5.985923321185193
18,307,3,417,0.2603833851327332,11.84375,2.8101733913240006,0.6537373637608278,0.6625374696623934,0.6625335058358761,1.6542580973396959,4.518817207169597,0.20575576108554322,0.5159309519264336,1.062111720818494,6.958368502267727
18,308,3,421,0.2342601489174719,11.8984375,4.5248442496165024,0.7842361871727024,0.5939846436763316,0.5939843045663488,2.8599622906109112,1.150625389862201,0.40716531156921293,0.044340146229139565,0.9459445054221753,5.683956227431592
18,309,3,418,0.23276144392497386,13.04296875,1.957838652392383,0.8254509727224446,0.5914695879251903,0.591469129888955,1.1574734557022845,4.8210999511213135,0.4001210426166268,0.4588074944804288,1.0284309015668076,5.611396763613289
18,310,3,406,0.2541875851393798,14.2890625,2.3586730786754364,0.6391959049783631,0.6472489248687813,0.6472415743342537,1.4366755219660885,4.6676654403963695,0.156507530532281,0.26672620173591327,1.0429872949844334,6.613493187294364
18,311,5,393,0.22992564252883635,14.4453125,1.8213499294483104,0.6548829799809351,1.03879340815598,1.985021479939653,1.2600532562974465,4.499638187708047,0.2761946645763662,0.4254979024532195,0.9410218587017274,5.6352467504255515
18,312,5,387,0.2530319328596621,14.421875,2.694921727817115,0.6429356254150662,1.0381222039393945,1.6161925454992572,1.9877318828742736,4.4550771110387215,0.46428450217976364,0.7384972808500316,0.9540710430614046,7.7681794630084795
18,313,4,389,0.22996561470799834,15.046875,1.9386944316014947,0.5627574968412621,1.1408481620395023,1.7718168189684165,1.170187471532631,4.2363933657337265,0.21689471116595826,0.5758370802217179,1.1534917397276696,5.3520808254815
18,314,4,419,0.24869590021078292,14.640625,2.1916665538317246,0.695532693280071,1.302581601246772,2.0429873472108726,1.2507268202387078,4.364163961501381,0.24178622323474408,0.844427274960142,1.313674731300169,5.911514447585062
18,315,4,419,0.22470865650071312,15.203125,1.9818675567183406,0.6416451558343109,1.2183652145269235,1.9395413646354491,1.1262549569145897,4.002263265712121,0.2756886298737012,0.7482949719436266,0.9928014891270234,5.062168975631566
18,316,4,419,0.22414425137899005,15.2109375,2.0536688295660204,0.6405710569224966,1.283595075928704,2.0808240657610106,1.1643747568051013,3.9453967793810323,0.29075111288320876,0.7773668610212999,1.0168862785842803,5.238082939431722
18,317,4,419,0.24424883398535902,15.2578125,2.1864197726842867,0.6154472242283178,1.4988517588887609,2.4461836138055837,1.2331111136015618,4.60085280724608,0.373802383328262,0.6880683729878587,1.597071543363618,5.975722130412624
18,318,4,419,0.21939759881933585,15.2734375,1.9474153820161069,0.7013344350541887,1.3717077829361073,2.2007939449210268,1.0585719271656953,4.147194713347689,0.3869187573606675,0.8872813385741105,0.6366580264209798,5.620416464564009
18,319,4,420,0.23563467376288352,15.33203125,2.2133016435134705,0.6499734253227025,1.4952134222707092,2.3194281671429167,1.2024631007124942,4.183945484009389,0.43754595881456454,1.3013475710853164,0.7437945604618871,5.624148745125819
18,320,3,420,0.20641370863744382,15.21484375,2.075547269284154,0.5995822050456676,0.5478813624495384,0.547798449757562,1.3894198188922873,3.2203820158406935,0.30988739484079014,0.5424292904377996,1.0052399362404787,4.190178292283056
18,321,3,419,0.19870505892345286,15.0234375,1.8233176407386318,0.6449686834934488,0.5327301092862758,0.5326867614843128,1.1854193598741922,3.6351709860067998,0.3008164093727326,0.1732438501940127,0.8864798764834364,4.281432208929679
18,322,3,420,0.20715565648274556,15.3984375,1.8773278232727426,0.5857613715751111,0.5640391752130143,0.5640365401646836,1.171568638744956,3.801808431588873,0.3325908102052642,0.25320713548167834,1.8515218294535374,3.9951232326244286
18,323,3,419,0.1753899047983368,15.203125,1.5244439008069972,0.541945858783374,0.4785082504052515,0.4785023199715036,0.9386877698265823,3.54128577482222,0.2652771973192375,0.2496770154183447,1.5693920044870864,3.2332917986751943
18,324,3,400,0.17832285760000183,15.125,1.2977699619476915,0.5854402019217471,0.4980691105960039,0.49806894787191247,0.783170297557542,3.909549722621173,0.6270592074921761,1.6825197370144258,1.6423255889456732,3.4376086131987273
18,325,3,387,0.14968955288932892,14.9375,1.1730739599431397,0.37622966791108853,0.4211789926783077,0.42116807583601046,0.742167348449229,3.084735704090101,0.24185038476388085,0.38739776868120257,1.5454761094294538,2.5162860411424113
18,326,4,386,0.13673292539807308,14.84765625,1.1328844522430797,0.3419627164224422,0.5710118021124724,0.9009889121023942,1.8021743218037924,2.757564362987033,0.20196131597878747,1.1224628439096702,1.8762867526521914,2.9636125499552977
18,327,3,382,0.1289575042405619,14.91015625,1.0775442446714254,0.4597453862119776,0.3727909159087947,0.3727664055597837,0.7612025013508694,2.6863609211556643,0.2693222373195492,0.14727582527644068,1.2346165822455535,2.6643778734645416
18,328,3,384,0.10085708080018208,14.9453125,0.8560168010199145,0.2786997323593552,0.2948290569103255,0.29481670564205265,0.6071692036125433,2.2946974145812673,0.14348506642629721,0.07894249966547598,1.2797309716956522,2.1203747474332193
18,329,3,400,0.09347612651587771,14.96484375,0.7620354068184001,0.27180748521987125,0.279338548926786,0.2792988287057808,0.48676290452534443,2.219505883443829,0.22755620864781023,0.23783020395185153,1.0481201118954775,2.194760784961888
18,330,3,399,0.07657173929835495,15.109375,0.7760695427715705,0.30575083362775923,0.2238795333342936,0.22387863951310386,0.5329527331072633,1.3528706196832228,0.18007730250317636,0.6474376633406554,0.5904398046067078,1.937962478968243
18,331,3,400,0.06479953852574245,15.4453125,0.5362294194601431,0.2548889255451054,0.1897592191837243,0.18968775319438855,0.32886760978231383,1.4936532626189891,0.17002291729707716,0.48741727817889785,0.8688761635267899,1.498025746838335
18,332,3,418,0.05989347493174047,15.24609375,0.5506243103152126,0.19477596331970454,0.17374568925111486,0.17367694828198404,0.3323069668914464,1.318600132742537,0.11254284739528878,0.050336042141957305,0.8045793026153746,1.6452873869352844
19,1,5,413,0.0883416287356383,11.3515625,0.6787101421177193,0.3889875988121742,0.0854663737234817,0.2643305738871116,0.2512404825835822,0.5282621016811617,0.28288669252731546,0.13579221957632276,0.7672176552829909,0.3564996946003073
19,2,5,438,0.07949494619811791,11.3125,0.5790657288185799,0.28944775072034673,0.10835269271750303,0.27242750284925277,0.19132652510797146,0.3979947022281194,0.27600040725447866,0.33639686779254696,0.7437098488211011,0.6158001272930945
19,3,5,433,0.08070503745155258,11.234375,0.5864691118810196,0.3859042398669705,0.09096148607909695,0.28690382415578175,0.2210880323078108,0.4973818622957791,0.30452718127570677,0.42021084199407344,0.5000329097288985,0.5346303525714269
19,4,4,442,0.09069613814368375,11.66015625,0.6832321851557648,0.34746031485796464,0.0475587661251243,0.07817910140773726,0.3195063963003124,0.17820283749423751,0.29113851977118194,0.3769736729937202,0.7915659784249808,0.141789253393525
19,5,4,421,0.0817554144039258,11.6171875,0.6308302362300992,0.25259941610654846,0.03264923732170834,0.059160770160510995,0.5820400397026575,0.5742825062543897,0.22170287347367404,0.21368810627899731,0.8078079786009077,0.28707590170960073
19,6,4,459,0.07531345934483312,11.2734375,0.6557231269768157,0.32138563341300413,0.04680210870004299,0.08190664594306923,0.20826005640359663,0.11620219034718386,0.2867963547990618,0.3969559735044808,0.39465092914801614,0.07585073273830278
19,7,5,461,0.07455004887402389,11.1171875,0.6873520901421979,0.23719253158862816,0.151684648520853,0.24489066076308158,0.5718659238384071,0.6857213728184439,0.261063426449926,0.2527188875841867,0.7655287159980638,0.581235976837129
19,8,4,486,0.06348263070628166,10.76953125,0.7015394715398158,0.18486564063827365,0.1351182792144346,0.24792488062090046,0.5309533099392967,0.5459315422157078,0.16904095081644915,0.1490209899784541,0.565626214307735,0.2901603603807667
19,9,5,462,0.06725848952332092,10.765625,0.6006322741264492,0.23281725768917771,0.2140853101765715,0.2624038347860177,0.29893827347397417,0.30941638094670726,0.2747120006773567,0.18044414014606325,0.6859804339578258,0.43107046512831415
19,10,4,492,0.05692207822883183,10.53515625,0.5890583597979302,0.1877383431038948,0.11514246846547091,0.21142952813001972,0.2818683407322303,0.35734046851396467,0.18421902745404,0.0936972083377058,0.809614673622485,0.36747111833062485
19,11,5,492,0.050857376424290786,10.49609375,0.6151731535647562,0.15745381355031143,0.27117087189499006,0.24067858129903202,0.5014532893837428,0.6473970406371578,0.16959605598182886,0.18723846073488254,0.539826348931527,0.44128441954111186
19,12,4,494,0.051303968752041997,10.3671875,0.5289246702436925,0.2290996722287577,0.2055114508040411,0.37195995036880436,0.3418307254178149,0.45136890654128087,0.2710956897010475,0.11823560485349646,0.46198237842132,0.41344426227297015
19,17,4,505,0.0585134805289076,10.4921875,0.6061391007652687,0.2809985278453787,0.1933369560379467,0.3516363546982608,0.3483638108940747,0.597200285987986,0.2629834315581919,0.1827042051921143,0.6899995007368422,0.1483692628243941
19,18,4,515,0.06219886526817467,10.3125,0.6742206420493897,0.23801362714473842,0.19265479514206754,0.34162920083205156,0.39467625958682345,0.42001264955029194,0.26314828672241225,0.14299049822395182,0.7273284853872569,0.537895250810209
19,19,4,512,0.07006606324291409,10.375,0.7146842042073555,0.29829924418046305,0.20115582988353647,0.359857603570597,0.44569850263185096,0.6924948897305164,0.30494300601320534,0.22344232513070214,0.8364300748267048,0.46721520946785167
19,20,4,511,0.0810249743034215,10.2890625,0.8580839411208598,0.38683090463695824,0.2758588135792375,0.49177431817992473,0.5533931306121809,0.9916884950290843,0.2270631648827422,0.14615151111833755,0.8777428644721359,0.545860420686247
19,21,4,522,0.08147118418772227,10.05078125,1.1328949769810839,0.2866566326622253,0.3351748268809584,0.5891172530122033,0.9879528713787058,1.1973821334508754,0.2665304256136233,0.12789700984658983,0.6961765518539107,0.9086622176548117
19,22,4,520,0.09614707666267415,10.140625,1.0803975760194333,0.39292417122800005,0.33498539701218855,0.5861725195377295,0.6895041024818229,1.1414162002846218,0.45264642486723744,0.4188351441918281,0.6537457289561321,0.7999483867565564
19,23,5,527,0.09310607378259579,10.1328125,1.0931043312808353,0.4637818950190148,0.473990213975939,0.45819001288348027,0.7282075521265606,1.0975190111945414,0.393743917711795,0.4119890506680236,0.9974548614908206,1.093708824292865
19,24,6,525,0.10027340928814304,10.2421875,1.370612048882212,0.46479217891761493,0.3294633472720217,0.4464414252201913,1.6066066450815601,1.588335310165383,0.38323944703581064,0.5442409521043856,1.2729670570792497,1.0328637223383164
19,25,6,511,0.11976892853731183,9.671875,1.3098476341610188,0.5245164482686999,0.35674045863930504,0.4671163907603223,0.9071740686525761,1.0084625781226846,0.4367967093310152,0.5160017401603001,0.7214826735141986,0.5911899238655328
19,26,5,494,0.11950729803288855,9.7578125,1.4893714838365133,0.3515704734333933,0.25809617237756155,0.36096975948003523,1.2182603755151837,0.9492371246416689,0.222561916237246,0.11239234307138835,1.4837759793299863,0.510729999018712
19,27,5,492,0.13040598237660364,9.46875,1.2245869573086325,0.35915331880700374,0.30692518445103983,0.224006277232192,0.6854945653217592,0.5159755648135136,0.2912307955240577,0.25489588799481044,1.7422018606605492,0.5759586191453259
19,28,5,503,0.15734908662273445,9.5703125,1.7118257106259425,0.3941112609466521,0.29361576818844526,0.2779774694182382,1.3485264399937626,1.278844186224736,0.16958698107192974,0.24024894043869935,1.8882918484356244,0.5742045009623373
19,29,6,513,0.15567289400688256,9.96875,1.720690519450431,0.5832659512767757,0.45516394112806285,0.45297794267097,1.6828788897011537,1.9299872994276108,0.5228512101202751,0.9554762320577774,1.109547012096446,1.0504207379843291
19,30,5,511,0.18701193443708516,10.328125,1.7762923905868564,0.69996019355897,0.34489303879503097,0.5156114482867054,1.2949345770875116,1.104502916715401,0.30046430406704117,0.305332460892055,1.7914560745164372,0.697206374422153
19,31,5,481,0.18330463578731318,9.984375,1.8345138653595943,0.5492360099123328,0.4841313442194957,0.6414489189763085,1.5579165039686573,1.1604542922626702,0.19120026878891183,0.2937096604663194,0.9012209144594181,1.8769418366915578
19,32,5,480,0.19508324026842544,9.921875,1.9608267133804256,0.4740907979698471,0.5180347848696671,0.8231730833561897,2.007326988405622,1.6310177890428394,0.15208517111080455,0.4455040969469847,1.757747271673243,1.5892870658325498
19,33,5,469,0.22690066657556157,9.828125,2.2860774897965537,0.6110201305649808,0.6169319550824812,0.9898131659813667,2.3233293511817776,2.2242696632653702,0.17069972138655962,0.5811383087054584,1.0952535877459992,4.120696733880261
19,34,5,460,0.21929370400886034,9.81640625,2.2576099926290167,0.7163786175150317,0.6692603619345853,1.3370325625266202,2.345533498286389,2.435587672884443,0.7436402773960219,0.8635922005053067,1.3625501819733257,3.8411496753603425
19,35,6,469,0.2548626643086179,9.90625,2.538577233281118,0.7045571857215431,1.278541038247065,2.043981170233537,2.4836323286727855,5.016819063750818,0.423137782272465,1.7556402815695051,1.3988650357526278,7.623360374741962
19,36,5,445,0.2410182326745729,10.21875,2.410463542328318,0.829217479768745,1.2308588693311542,2.1693897530850563,2.238197244816018,6.237293713770077,0.7822492175736717,3.8855289505781823,2.120700987392697,9.893248677944017
19,37,5,417,0.25008867141454527,10.1875,2.4859541718445164,0.4685418276214441,1.517271412657073,2.929447798868117,2.6004051141747166,8.40029621470928,0.47166213546351915,2.1237115409811738,3.0775806132145087,12.888178366046624
19,38,5,401,0.2831375075122128,10.6640625,2.4468790285941204,0.6690993547964629,2.303428846130767,4.740279728355243,3.156341716981207,18.051585862867114,0.7151849721264179,4.251484975060273,4.00526722861988,21.269512925699765
19,39,5,403,0.2700834489942994,10.40625,2.284875311971414,0.8012766803186157,0.8692640604828249,1.0811714124643153,3.7296217554392945,2.8248608745578734,0.38806557756562493,0.8589690943668639,1.1315085215995668,4.521038980424994
19,40,4,441,0.3118861801530942,11.046875,2.6255598881374502,0.8399774408924713,0.82414544256176,0.7702695552488046,3.016367268358419,6.809509478708171,0.6931310542850002,1.3825936631762485,3.392124323688063,7.4564910052533175
19,41,4,496,0.296553961864903,11.0703125,2.4774359711733283,0.9475801835280905,1.0628453928394683,1.4947454779712994,2.5221565150731404,9.485271814887135,0.5747740954989103,3.1468782620367066,2.265597902229006,8.11446975468656
19,42,4,465,0.303038354928901,10.9296875,2.5151416996810814,0.9487860128922095,1.6846614987749815,2.3606170139554736,2.900544145311917,12.141284756038205,0.6541750237821914,4.802507874123209,2.8193025457609515,13.117070807769693
19,43,4,464,0.3421230174650589,10.96875,2.7152778351579494,0.978096879095075,2.5534566269249823,3.5067014469075826,3.0248658425468875,20.94489442378975,1.152962665302804,2.896443152516203,4.152195396950492,21.864283185393067
19,44,3,407,0.3126182460746645,11.6015625,2.272408152695646,0.8630804970292403,0.9804540459748614,0.9756343700165568,2.8268493729396225,1.1428501411345586,0.27674596096234494,0.9552782544641994,1.50439507652907,4.402813107122468
19,45,3,427,0.3205663397404406,10.484375,2.498253259908975,0.8539367186909109,1.0414882328724606,1.0354265225228927,2.2803909487206373,3.214656043798697,0.35695309925492547,0.7868152716003025,1.8228975613163774,4.362740235272736
19,46,3,460,0.3577066124184464,11.33984375,2.5346966287900203,0.920285258525877,1.2043998988440616,1.1974375434426543,2.583151666261038,1.5104519331512272,0.9237131392798728,1.302559132763019,1.1274293833230884,8.400953642685222
19,47,3,515,0.3300351487013258,11.4453125,2.657669372916423,1.0404010759718825,1.1589228289220106,1.1511227765155183,2.1149292771505954,1.5679431805100483,0.2613108149574425,2.6452402719618533,2.527915841257018,3.300028275106652
19,51,3,530,0.371998385576452,11.50390625,3.2645263807381073,2.801816526964606,1.433999146722698,1.420977556661972,1.7834174512306993,5.0594182211975225,0.2972782199443263,3.306907255297769,1.7243338811716706,5.832258608176188
19,54,3,530,0.337343666136986,12.22265625,2.7410080580142457,1.5594331839096538,1.4427755988576527,1.4259164633116888,1.8009320304368734,5.371693195455638,0.17819694902524455,4.12924356957598,1.228076984770592,6.4490403596639965
19,55,4,527,0.3370205077550803,11.9140625,2.7263276509330385,1.388179750572454,2.0793072321737327,2.4584591488358365,1.8390747130860006,6.101347685869463,0.7124576324705633,3.448748684343025,1.019932924752589,11.208710542155229
19,56,4,506,0.373954172543178,11.76953125,2.559383410260872,1.7245637083166878,2.538440707429362,3.0098514614841267,2.7806290716173487,6.843006806370937,0.5957744508586427,4.753955046770841,1.0052105377573763,13.372944983350443
19,57,4,492,0.3457288491329282,11.20703125,2.4474348785051987,1.9164624708412838,2.478179796150568,3.0088102349015284,3.0597412765402168,6.37831270838292,0.3714250443368936,3.076156617416108,0.9609373025034196,13.49989833340803
19,58,3,468,0.38279033425461667,11.33984375,2.483913697460654,1.547241007769771,2.0828641690798473,2.05240882581918,3.0633319694434,8.163159148343066,0.148387808440849,2.2683960048613954,1.5256103140171218,13.573166740284744
19,59,3,485,0.34776810622469867,11.1875,2.436082100240733,1.4874565751235014,1.976960172012567,1.9447285715276479,2.7506069861202165,7.532171472402705,0.24782888495437833,6.127634129668019,1.7593146618966773,10.101528290393773
19,60,3,483,0.34172135472371057,11.078125,2.6507757386476527,1.2601344210985652,2.0663730525984825,2.028893878016166,2.6881247726803714,8.57364489495226,0.9090961325882667,4.367948553996347,1.7003539406735768,11.741158837493064
19,61,3,472,0.37656695131183304,10.85546875,3.0656645093950585,1.68205613067374,2.4597272016841214,2.4101955824918546,3.2181857403689453,10.243950305314192,0.2572093161110407,5.9749908141535375,0.832660889219859,23.168887430533168
19,62,3,460,0.34134428279932216,10.921875,2.8329733484442214,1.764246841600652,2.3891819481990164,2.336518479228134,3.0626348520634146,10.64193305540192,0.3462850465575417,5.874431884701872,1.1161939067670628,19.66792844068954
19,65,3,464,0.3285867935787586,11.21875,3.243621500205326,1.2510971143057952,0.3959508457096824,0.37093666646924306,1.67497148768076,0.5822022166128047,0.4209781456433974,0.8138019057828827,0.8652213801070154,0.6713609646246428
19,69,3,471,0.29064968826973475,9.8515625,2.272952643486962,1.1773827258657033,0.2778510867421795,0.25497401464220715,1.6898110902929013,0.8228722247479884,0.7435901614114241,0.11248789994745478,0.7462511024671363,0.974927393544696
19,70,3,461,0.24824532131937718,9.6796875,2.0837526590935362,1.0946345593395834,0.22330803214156658,0.20313293916515002,1.4642955348566713,0.741943049192225,0.44088053127526633,0.1721885401989579,0.9739685462945472,0.9303635059309633
19,71,3,456,0.25358116658513413,9.796875,2.414729453676566,1.2069383423582227,0.23939162092505026,0.21749956010581406,1.6071086027309558,1.0209677431250355,0.5203358708636894,0.3150167322565364,1.2722520334517327,1.0168766923524255
19,72,3,452,0.21241256907051378,9.125,1.823652347954479,1.1808456777276422,0.2253296294286714,0.20537479189728194,1.2954772964406787,0.9138474069667935,0.6851406632020907,0.5067843301166852,1.2406686629290131,0.3777495890350028
19,73,4,420,0.194867146261646,8.93359375,1.9060651346359694,1.0069032685432058,0.6143188570438981,0.6947966305402089,1.277167654527386,1.2634387151064908,0.48812219000274826,0.20904121424738636,0.9679103850501973,1.1242568461900393
19,74,4,413,0.1936902911348948,8.53125,2.0995049334755573,1.2479845095309412,0.69336465777843,0.8595625345411467,1.386072843337178,1.1431912159450617,0.665816442279509,0.3836344898830798,0.8557235480487737,0.8793153343513175
19,75,4,300,0.15428551980604444,8.38671875,1.2533096520286433,0.8659592986023463,0.5990451502162171,0.7778171362223729,1.3428743474878313,0.48594991143651933,1.3834444728362993,2.6849636548566336,0.9234726952017787,0.5500727562923855
19,76,4,304,0.13279696312432795,8.31640625,1.077496750268279,0.8073000919424171,0.6406479419574944,0.8964497222069343,1.132728845731454,0.8522566128776429,0.6329206007991892,0.39506647689838403,0.8586410682738961,0.7791812762293542
19,77,4,321,0.12385797816630814,8.6796875,1.0545768320786493,0.6942887440311085,0.6202031520302868,0.831463341299856,1.264325372341042,0.9828760427558402,0.530070599665807,0.19198520376393202,1.0545355681020427,0.4101464815827879
19,78,4,302,0.09193832720218668,8.3359375,0.8643108530148875,0.5414951403604922,0.5280536723421758,0.7184223505540741,1.2008335351224333,1.0867161191260846,0.37828175886483606,1.3311509757813318,0.8481633999589586,1.2309973598783195
19,79,5,302,0.0865419015505374,8.51171875,0.7911734075607357,0.6574844480000297,0.7403459757488079,0.8631293862762823,0.9869208830016569,2.2063811853567037,0.7410613787184024,0.9826906278338001,0.7498601595741259,1.6403019120190065
19,80,4,314,0.07470482285281896,9.51171875,0.7847653265828722,0.5577565834773197,0.13835308289262582,0.25106242462672856,0.6466052950687426,0.40166283719924634,0.29891493847410544,0.22491234324979004,0.7211304683537798,0.615579103601511
19,81,4,301,0.07621129865200879,8.953125,0.973385680028007,0.3265655309290289,0.14560819066075456,0.2577046110532978,0.7834661677657248,0.29282772641728794,0.2150467340404484,0.10984813194563509,0.5823842919984231,0.5155924186676026
19,82,5,328,0.0875866190733073,10.60546875,0.7523449071273884,0.4249097144979284,0.13487343864895918,0.2788953500551169,0.36665331343375995,0.5112475285013235,0.29201696688291473,0.1774861543655386,0.45420955942737706,0.5911877166131345
19,83,5,329,0.08247209318606621,11.015625,0.7647406761269555,0.36670886618165294,0.13692556047943027,0.2605116344297383,0.3650507122303125,0.4362978698341928,0.2619397637168377,0.24757552191497392,0.8140923009538723,0.41488323137316785
19,84,5,350,0.0932675798485503,11.75390625,0.7829819316697055,0.6654665313433292,0.1877049062567483,0.31653346993337705,0.4368029337815063,0.6894528531385615,0.5094141183757214,0.642537944987604,0.44580679360484615,0.26076336491540447
19,85,5,337,0.08652891555572022,13.0625,0.7636729317783009,0.35911866340688803,0.1929977140026539,0.3069467233031492,0.46743296183468247,0.6897461933035691,0.2941408797362798,0.15655698678968064,0.864747111724129,0.3233287846153814
19,86,6,370,0.08859800629372447,12.8359375,0.8086869999890782,0.3555148439084415,0.2312737065399451,0.3788015961657595,0.4607474479039263,0.7706687783322957,0.2543726867170834,0.22563511585458956,0.4726460286561328,0.4940376384703856
19,87,6,397,0.09977189594655625,13.09375,1.1359330216058072,0.39837980410432133,0.3026384773999016,0.47217619545942563,0.5988533759233707,0.8674445545896299,0.3038765169719745,0.25325185076075424,0.8696775809243391,0.7728791186394621
19,88,6,406,0.09322379891385316,12.44140625,0.8161805060750971,0.4269748127855116,0.3024145728727327,0.4616760465851171,0.45134688550999436,0.6965895463761838,0.41897823320181,0.3622228624513453,0.5408100265229916,0.4329298017390114
19,89,5,447,0.09634580324770446,11.4453125,0.7779124363935274,0.43465563713470046,0.362668608092719,0.48246116535045697,0.3792193591385081,0.6818553998481349,0.5335247524043751,0.5251756233116689,0.810702090563731,1.3928403107555591
19,90,5,474,0.11054326763046275,10.2734375,0.9355674886082775,0.4924879512728344,0.45192610125203925,0.5819910458398353,0.7896651060776773,0.8647450874492841,0.3061498720921882,0.5450952419110567,0.8295058837715723,1.3598571683434757
19,91,5,486,0.10541027382569577,10.40625,0.9173891810482045,0.4243065533135395,0.4485063339068242,0.5667944158829881,0.8693962627236078,0.9105785662156671,0.33822271164910406,0.36087302437206914,0.9281573491630541,1.4451432110749856
19,92,5,507,0.12243379473166686,10.734375,1.0394290922241507,0.5737319391692892,0.5256694086102861,0.6574884716077822,0.924908078261395,1.0002055352485901,0.4985187524995735,0.4226792340614603,0.8828410120573374,1.5431144712742524
19,93,5,505,0.11885223220800015,10.609375,0.9261603792181371,0.5205019296195684,0.5220279355224275,0.6393586026572836,0.7242008253956828,1.1154454566323648,0.3907433631832808,0.5722150944854416,0.6079151938024954,0.4366725264156436
19,94,5,497,0.1274683012355183,10.3984375,1.0907132806530275,0.5134149344338642,0.5583494351027977,0.6667476424344985,0.8862934677698531,1.02205998518637,0.3891262242587321,0.6564178487725176,1.2389879299227742,2.047979160692001
19,95,6,512,0.15170354997005428,10.80078125,1.3961600073021758,0.6291013186170202,0.5798153828454863,0.8331471367389546,0.7955681299480843,1.2616732304827716,0.44563104110837765,0.40754081991757973,1.5430844212342185,2.6974636181456493
19,96,6,508,0.1470381641370887,10.37890625,1.2226947039165683,0.5760784087711274,0.6175282763825765,0.8594397048614822,1.10874267240179,1.4669342436400676,0.4331143967528624,0.41658588222582654,1.0773984374706007,1.6322975487507014
19,97,6,504,0.17334900123918248,10.359375,1.7085670477711745,0.6158489543062329,0.720904846260963,1.0037028542980806,0.9803613429812419,1.5487858922353164,0.47416686111380657,0.6745723572389201,2.0141587628739286,4.234091365270489
19,98,6,504,0.16836950667001008,10.59765625,1.7155461859222514,0.6047729389926615,0.6666803468481719,0.9478193617583215,0.8775903876320683,1.658578170554906,0.5354220017386819,0.7438459321110318,1.0495571630876608,1.295644068905516
19,99,6,485,0.18006831240291835,10.328125,1.8195251763097708,0.7458610924544848,0.7144958100664811,1.0131344746787292,1.331994416994615,1.9434045689962698,0.4752911670968262,1.0654106890406798,1.202037510484828,1.831093425659507
19,100,6,489,0.21087863924976982,10.5078125,2.0570307352952306,0.6868704888280069,0.828955997823642,1.1650788814090438,1.056758269117434,2.0240634809871687,0.571217493566323,0.9379184432756587,1.7351791546250446,2.4071854265150097
19,101,6,474,0.20332948750452345,9.92578125,2.0065319461070494,0.8136240167406268,0.7671660818034856,1.0713783494836415,1.669467958533783,2.136956647745226,0.8060611422439128,1.0695249615010871,1.4453307990514794,1.7021999842766866
19,102,7,485,0.21335055737619593,11.59375,2.163342983261979,0.6359914167648595,0.5536908618372934,1.037327860839706,1.171665419152641,2.164420239423862,0.5293717565934355,1.2103385591277152,1.7188874150295337,2.3281272459041005
19,103,7,495,0.24654370028214428,11.7890625,2.2163463775693133,0.8465573474112467,0.7359851105481876,1.1654451758653854,1.2048405849200277,2.566526756813704,0.33723085890736226,0.9726287065994271,1.5957248120617582,2.143349737583913
19,104,7,493,0.23552551000993496,11.6953125,1.8931587975897781,0.9277020737768354,0.7976116550134952,1.0883663517341968,1.1049778197715554,1.6948435593757327,0.883536956618488,1.6510297311493933,2.392001842100684,3.406198247583217
19,105,7,476,0.2719668677453756,11.73046875,2.1473160813091763,0.9687146055225908,1.0810927695003179,1.1807962346333187,1.5652414347114043,1.257397094399318,1.1305971507897015,1.7206175600969345,1.7654794319405345,1.9254239486007445
19,106,7,454,0.26126230330882216,11.72265625,1.8772861900622249,0.9017614049939153,1.0207081837673841,1.296858867626492,1.454731767412404,1.1527656262064117,0.42726255151519743,0.7909938203673884,1.4244380903450673,0.9847935517853479
19,107,7,455,0.2752463978590574,12.078125,1.5961585970661492,0.9728099367083954,1.0977866396720013,1.4944872856838032,1.6144938438382257,2.95433881838517,0.6127971078105325,1.0224188872321414,1.057552912485367,3.054760038435268
19,108,7,455,0.320192000026375,12.1015625,1.7072102478093167,1.0602197105032936,1.6437323834451114,1.850750617595527,1.7807396634235184,4.870499411812608,0.877448047191194,1.3469398620079447,1.4157062008675698,5.360761075423549
19,109,7,460,0.30272230547110224,11.8125,1.815866914581716,1.0819161804895048,1.8511401242085692,1.9571976912341649,1.858950326875759,5.3222440876279435,1.2270486295462797,3.1509740512839013,2.229851071755339,3.7602619164758693
19,110,7,435,0.34884990786068587,12.046875,1.8619567185865493,1.2832984215030099,2.478580191700242,2.6584615602995383,1.7515333414576968,9.891694611866921,0.9280201450455693,4.850774743516949,1.2740818180054099,11.760547140443915
19,111,7,429,0.33161184245077774,12.3984375,1.7682797868672577,1.1463424188573095,2.6345019393241165,3.121104013777156,1.4780476344674272,11.975163854819856,1.2967026942130648,3.2489693393324024,1.4673915328245355,10.270985895751345
19,112,7,445,0.34701020561966806,12.4921875,1.7664241927195758,1.0586773393416664,3.15132128057007,4.084373073044191,1.2785434725581057,16.54740258356098,0.9721608212838495,5.435807462920924,3.200944809623562,9.274900030368274
19,113,8,436,0.3965016099653854,12.6953125,2.1739718550853637,1.602399306977135,2.30986427143817,3.4814718073686133,1.6988544704232613,7.2523441827383905,0.5025285560866977,1.5579608411206758,2.383055947311977,3.662305762869467
19,114,8,421,0.37079091008204346,12.1328125,2.069791522789741,1.2251819146322893,2.284137709483632,3.3647761382599146,1.6530040465179958,7.017231014563206,1.1735913995553182,2.822378208069582,2.8830605695378564,2.303424353131744
19,115,8,429,0.3746239468817395,12.046875,2.3975705587478746,1.3005118956518578,2.45015589149192,3.5391482735343267,1.7401192992489571,7.556773945868351,1.870398976779168,1.774787169262664,1.9185156551594116,8.137193925763379
19,116,7,408,0.4165418157027194,11.76953125,2.9238199858083096,1.7145921317631492,3.6183896638382254,4.114280125191114,2.5135741127360203,7.097693270247732,0.361519279400634,3.4900561759380158,2.4025277908586946,9.586890353831503
19,117,7,413,0.38071754164482724,11.6640625,3.1053808044833655,1.8744964185035893,3.4258456535737483,3.9970197878009026,2.27428099278728,8.200542390736256,0.18999715627034125,3.3980173032869994,2.7790401937093763,6.695531549474952
19,118,7,399,0.42196222198525074,11.1875,3.253293598562358,2.7461452688797188,4.000959190205342,4.854441320473419,2.630223070085216,9.608497134000798,0.30131384875487144,4.524557903671022,3.1846780688764134,6.938442969468597
19,119,7,348,0.3824015001503119,9.9765625,2.807178930932996,1.121642727865083,3.796435237516944,4.85265528078749,2.521991266156421,9.633771825068234,0.19664021719623936,4.3956263700716605,2.2704767233974184,15.67469581127276
19,120,7,362,0.3844246004551979,10.08203125,3.19523234208056,1.9435545032327752,4.019864484674352,5.466187970295569,2.262578878479284,15.375549663449805,0.26715621796700956,5.375399651196413,2.74256814530134,13.65700017485479
19,121,8,330,0.42522894838332914,9.86328125,3.759475142178079,1.7311010458958247,3.7025410297529295,7.352802936826251,2.665953749582197,17.984244014723412,0.277549642569413,46.77570563943167,2.0155137939252743,23.86955656263592
19,122,8,329,0.39116332930176184,10.1328125,3.63588286318457,2.3668370226953583,3.5875746904707997,7.389475397735005,2.369904269482385,21.169194489812185,0.3701101185172091,6.673701064134636,2.101677206315543,29.15577988485848
19,123,7,306,0.43486730427013215,10.765625,3.6064814756964316,2.289671125098444,1.577040176857197,2.162827889132104,2.7349524017521643,2.4585881630082,0.4467400230740934,2.036938472025503,1.7722764379142402,2.3608013792091995
19,124,7,316,0.39755952055988103,10.6015625,2.3849381734521855,2.063530884267949,1.5837933109357047,2.0935813253383273,2.076379863715441,0.837710172835135,0.27837864486042746,1.666114433189935,2.5728639605098045,2.9326185718798015
19,125,7,316,0.39862559804271086,12.01953125,2.033339325748991,1.178667831960145,1.9152830403457117,4.492579209297791,2.357503036480708,11.406032830963905,0.4318958748528885,12.182823194436395,1.2383549919675505,15.191338284846417
19,126,6,263,0.4393523443395337,12.609375,2.1319454402652265,0.9711937401420296,2.1586817451909743,1.8894751630678717,2.4805519947192876,3.3278371294831652,0.6843573385779154,17.37957946878379,2.100188641333623,5.204428971516391
19,127,6,252,0.399114842894599,12.5234375,1.858142736533684,0.9401874152046061,2.1587227795538464,1.7628133407738884,2.196281630463127,4.0439368787110475,0.35258672537292846,4.650964081042574,1.4170681226221071,8.708277204211548
19,128,6,271,0.3982457168994786,12.2578125,1.9969231997720147,0.930855146163312,2.342190364002472,1.8083146947880606,2.3173484684781958,4.565023056544383,0.2716327692420452,1.438210589551415,2.511888558069143,4.744076918585009
19,129,6,284,0.4348750211465102,11.5546875,2.273491615257857,1.0008209237993708,2.8638989376000175,2.584029126070404,2.546234215679662,6.107919875127387,0.42581893724600334,22.816750024345232,1.4177844378230062,13.693434576232754
19,130,5,300,0.3924231430525314,11.640625,2.2348590406792046,0.8013384082094613,0.533885264835664,0.5721894517712096,1.9378555583749257,1.4566028081701101,0.29713543705144996,0.6516379141530031,1.5509589532862844,0.7016174321387002
19,131,5,290,0.4301725234733074,11.8125,3.1698639225690264,1.0137829219960994,0.6148335338643273,0.7070170687015702,2.4763533524627817,1.4633204746753166,0.3898531755228683,1.2242264920557777,1.4961250637341248,1.2116622315401786
19,132,6,288,0.3907360640547926,11.75,2.3467522374670167,1.0365150752631953,0.6098786880056248,0.9364464675148689,2.1811158103118737,1.9893038470098157,0.29277910684269237,1.148359210886313,2.0290107633267613,1.3524971457875494
19,133,6,272,0.38549613179574777,11.375,2.328322137805491,0.6638397835078775,0.6691840672609353,1.0704884593461677,2.328206498531486,1.905953302124108,0.4432136758800793,0.9276650243003839,1.6762160335541514,0.4878022352362481
19,134,6,296,0.41834114297265074,11.2109375,2.463321419601819,1.1062594520388795,0.7948218126955071,1.3274230039458015,2.3590909509399625,2.477345975784378,0.3517151520764289,1.6893656314893224,0.8674901609765495,6.326690206757394
19,135,6,296,0.379085818068452,10.87109375,2.2864997841001475,0.7321793601447859,0.7703721430522577,1.3866006634247003,1.8546279673344854,1.041243128693651,1.0428951386045469,2.451721086106435,1.8197934750836566,0.7489208241531056
19,136,6,279,0.4168736568012933,10.5625,2.6955269289140253,0.7835632586532494,0.9182045171138801,1.7467385424872006,2.4304588133630043,2.3307833220973486,0.2668252480991995,1.753023161096357,2.2786060503750383,0.44544014754160166
19,137,6,308,0.3773351042258763,11.78125,2.836959823131013,0.9077187022770552,1.7307205108818806,2.132388070376796,1.9505208360669015,2.99313314704613,0.2295338922680632,0.3929261744272139,1.7345530749975402,3.7447987210500555
19,138,5,292,0.36933956459697453,12.94921875,3.1270301812475356,0.6880637125026521,0.8713410475838775,1.880111570877891,1.877542496293724,2.131397738842778,0.20701752874030271,0.8159717514901202,1.9295679673052033,4.361956613257712
19,139,5,309,0.40368865765736317,12.6171875,2.383512832191641,0.8906467103592165,1.0760937127326757,2.185197543800521,1.9467962499061913,6.639585811607894,0.09856606398034098,1.224009592850369,1.307340463627345,9.529543179867854
19,140,5,295,0.367381304206596,12.90625,2.0435272026892015,0.6070749442039447,1.043047509310528,2.112770476070327,1.736286697747215,7.646427236698926,0.134166036930143,2.6998368013727636,1.430302468382267,7.372649581359906
19,141,6,303,0.3698913217899757,13.0703125,2.0134254991190343,0.7508040918532077,2.688070028141223,3.1474690446857236,1.7340081909472227,9.89998334418339,0.3568609948619389,4.385104774505444,1.1016957850581717,12.532332933926947
19,142,7,292,0.4038298855125114,12.95703125,2.240218210081701,0.6003574378655558,2.798998014917535,5.09458573861539,2.011663109753003,12.984951126826404,0.4953349374039715,3.856378350739239,1.3663737497217645,17.958419751311553
19,143,7,343,0.3704321487599178,12.4921875,2.1467261865899006,0.7391883496659963,2.818089043036533,5.329343603476597,1.6864346151037952,14.83441573225793,0.23628829338445154,4.035822841347764,1.5692481323999172,15.846671888170247
19,144,6,345,0.4054420451420331,11.765625,2.5687449524780117,0.9345771279511293,0.7666686703470178,0.6753645230407097,2.0951841300539806,2.0648302308621367,0.675560096013778,1.0592222814877739,1.5923639980337574,1.7744909044161816
19,145,7,358,0.3740413947150178,11.65234375,2.4989810662416154,0.7818319807575861,0.8201427349934117,0.8256574361408531,1.897031344221197,2.257489776282562,0.4223432258590608,0.8690740374520594,2.045427083909625,1.4344279123326353
19,146,7,393,0.37305777488974534,12.140625,2.7910200377135963,1.0402743377922505,0.9209839812917058,1.1093646014414624,1.4597948655966062,1.3597297818183107,0.4937645495258572,0.6763956320094955,2.127237800537967,1.5394481995767564
19,147,8,432,0.4089061738445746,11.9765625,3.2593726742784277,1.9671198412165585,1.280301835311986,1.655876855779679,2.078799969511746,2.1447272060337044,0.42194891003149837,1.9057822832710605,1.9250762369576693,2.6547569566632743
19,148,7,509,0.37773567255742513,11.65625,3.11368341527954,1.8933567926186952,1.3036924726347543,2.0521364964602435,1.6966197393336153,1.6822325939759586,0.32918076798587603,1.7164377273233993,2.3198376884812646,1.298688523344522
19,149,7,499,0.4146839060416957,12.25,3.4029765794867752,1.4860626922178344,1.669778518907004,3.115376840778268,1.6077846958680433,4.636205512121197,0.321138927926376,1.4093005599363944,1.9130887549326419,5.001294440118153
19,150,7,495,0.38019589086057376,12.265625,2.9305952271125477,1.4245314832858773,1.8325551249806236,3.752443103254042,1.5071705766712216,5.761815927359253,0.7063886917078764,1.5647779053666366,2.516579853303657,4.966791067803099
19,151,6,486,0.383536554088169,11.92578125,2.336693926174063,1.5267459568827486,2.3528222322484673,3.7380978965445677,1.4581286284058819,8.398588768646166,0.5747501443148431,2.767750696014417,3.3269297879793607,1.0645313685838143
19,152,6,466,0.4264001314915311,11.859375,2.7491342862511274,1.4098536057510933,3.3058334157156075,4.9927611104805605,1.833111763998303,11.2728952243896,0.5174524149269004,4.0649843328432365,3.008009004151134,10.829972314644742
19,153,6,434,0.3935501109182332,11.06640625,2.3230114736365195,1.3722973484224736,3.9152077192275927,5.6645421832005365,1.7180507845050599,14.263731680656704,0.504133047862608,5.347454775264398,3.3277126154105283,10.481607595121453
19,154,7,471,0.3863147764429872,11.1171875,2.459888760582196,1.759026486940356,4.654194417717409,6.632543262622084,1.9721270692668451,20.066338914671128,0.5352418336150161,3.50085098630423,4.354332913581758,14.34102303884789
19,155,8,437,0.41932631685430605,11.125,3.266212101783605,1.6244373174145161,6.124936194439179,12.656715873272027,2.593091585459976,31.549026155015987,1.000064255776618,7.202337579815442,3.3168963695685374,30.786984778535622
19,156,7,404,0.3823866359440246,11.88671875,2.8985383731354992,1.0659618077164201,2.3707420892570905,2.8814661396917023,1.8281133393370077,9.39509802871841,0.4118591075310345,2.396709765406316,3.3906356967978173,4.102154336897897
19,157,7,445,0.4173212106755098,11.6953125,3.09899173114025,1.2215268030033233,2.998578342954245,3.982171089481831,1.8660054496024125,13.081880797478851,0.7016303226281815,3.712402991582782,5.641853441370185,6.961270534335779
19,158,7,428,0.3722311319849756,11.5390625,3.091425082256993,1.149763601031867,3.1003025121067016,4.275664054009685,1.9784098208145076,14.077433560993121,0.7722796189201568,5.097800613351568,2.7067591574592043,12.585704003066533
19,159,8,425,0.3709068994401678,11.4140625,3.5411403477214645,1.2047660046335953,3.7551285302914454,5.170218692404026,2.0232301384119733,17.352483111913976,0.5031564476347176,6.659391919565832,2.061860482838874,20.060172200608086
19,160,7,434,0.40768629585838456,12.34375,4.4073549497633575,1.3716998296949217,5.02131458672163,6.642239006531998,2.2052746511503107,25.444608693048604,0.8869232047930292,9.049735261236094,1.1641047676206342,29.928893377284695
19,161,7,397,0.3712787071700727,13.484375,2.4587914480379798,1.162152050566072,5.7105162749202245,7.318693234572946,1.4053500329818216,34.435636278599546,1.2001965825924779,9.97825173258012,1.314999610668291,33.58480028544639
19,162,6,425,0.36416802740985577,13.1796875,2.6694263751605813,1.2452556237122083,2.468112391548072,5.694350116006262,1.2622866679629803,19.529132940981153,0.9270385194643525,14.932387054073653,2.043009505777926,15.111934154298018
19,163,6,451,0.4011731516649046,13.015625,3.0091981533094616,2.3368692094152173,2.3748215369464067,3.2256632773938794,1.6658461748986282,8.313379417416947,0.513081332075039,1.6265956960773464,1.9836101718498644,7.180060536455002
19,164,5,484,0.3597363665332189,12.02734375,2.5918519237260513,1.523226580344774,3.1293002551728613,2.0722348759055595,1.239402161335652,10.723711590680933,0.5445554095957984,6.173880474754397,1.6676948450841351,9.646319936999651
19,165,6,457,0.3972276766166179,11.9296875,2.70102758537213,1.4264844471074494,3.385827197344853,3.9820697840016255,1.5727371223598738,15.897599903698207,0.46943705492794957,3.950518601047504,1.6454440454507901,14.265792891696835
19,166,6,457,0.35954409621319605,11.8828125,2.842161395389747,1.0741266813043873,3.7075477721882466,4.534760181006678,1.5917649117100474,17.076577385303032,0.5332128415784099,4.254503241870559,1.9100993404855346,16.54313362656933
19,167,6,444,0.3502495768809354,12.03515625,2.913844004016834,0.8194687472095665,4.468240980223632,5.77266240573684,1.292220011769675,23.257432405091656,0.21067663868770475,6.438338423929889,1.6636981606733223,22.00280808606418
19,168,6,431,0.3728577023188043,12.3984375,2.2990761845140613,0.9938295318451589,6.137412770983797,8.493176088306118,1.5362170235417083,36.72873774059139,0.4693363989542088,9.93505898438956,1.4088468161146603,36.1691388795234
19,169,6,427,0.32790211943316033,12.109375,2.2744347962485083,0.760280844569731,0.5935185169073665,0.9351775022762496,1.0752120735835378,1.1241212713419895,0.28505476262032214,0.8793865309351181,1.2569167718207335,1.3751244017956967
19,170,5,463,0.35586177771842115,12.2578125,2.856733034787396,0.8335275819414947,0.5405788014986145,0.8721087686537495,1.3783957325524727,1.5106308800261372,0.6035602071973158,1.1570336287119574,0.9766649550224037,1.9038943716206953
19,171,5,502,0.33225110475922637,11.91015625,2.4996713465631446,0.934318676596983,0.9450113402790249,1.488620772867869,1.5418631740739317,3.5526417942049333,0.6399710599093631,0.9131416277192859,3.1075450492009256,3.283467361654604
19,172,5,494,0.3343283285440285,12.1171875,2.629398434625064,1.0220935712782895,1.1937695715288261,1.8510927730513504,0.8715075440404517,2.3788170657931387,1.0007394915475618,1.5048741769762157,5.08670874028238,3.7463342066923255
19,173,7,504,0.36426258208232737,11.64453125,2.619147580055764,1.1886387325695003,1.5383539380049425,2.081061310922331,2.6476491475789947,5.69384276189232,0.40379115427380524,1.0779981865063557,6.4683867144389415,4.812853357469583
19,174,7,466,0.3294675516380215,11.03515625,2.5409535555229334,1.0758256211326582,1.1742967534558406,1.5243997318212168,1.4273928792492434,1.0950057678631766,1.3311428877634883,1.9571180296091273,4.53746995811272,3.660353923813078
19,175,7,459,0.36323533860727925,10.5703125,2.531314273406589,1.1230315524563184,1.4994463459022487,1.9315350439017678,2.228079664117239,4.436388677131269,0.8895352333574145,1.3201467128149558,3.597195973572115,3.659994647159758
19,176,8,456,0.3278020164394195,10.37890625,2.653759653601222,1.0205248398889917,1.2479228388707517,2.052749236209354,1.7216042318022016,4.070069163721437,0.6971917407656029,1.6894254333857643,3.842778238630873,4.6296508237861556
19,177,8,460,0.32659402435897816,10.5625,2.4403529026105018,0.9973448932945146,1.458860864114383,2.3846208964045115,2.144631490278229,4.908367721725876,0.6812143547197848,1.4331817755787963,4.118995242486651,4.688812930819683
19,178,8,447,0.3564919947730843,10.453125,2.9402184885877527,1.1727238927907266,1.3030393481866085,2.0773677402427406,1.7876706919635357,3.8158240420719265,0.8273767623509753,1.759046592957365,3.532964249922986,5.251486036362003
19,179,8,400,0.3199713184232388,9.84375,2.636187787343286,1.1400324646071267,1.421468846533085,2.314059725612695,2.1886357868705604,3.6456899366528868,0.8018170966982523,2.084057707656824,5.733457163016087,4.063401296541934
19,180,9,425,0.3452709349964283,10.234375,3.0155193424619244,2.0667515112496435,1.2946134265663976,1.795756358773581,1.821277407232095,5.028839951633419,0.647136852429663,3.4244100849569925,2.796788702534129,8.063344641884537
19,181,9,383,0.3044238961940684,9.9296875,2.4670682655087663,1.434972067969433,1.3372456668936648,1.9757299797877326,2.6330454232979523,3.6243842502507064,0.5992893529484019,4.003566006426879,2.805499899400619,10.376524032019631
19,182,9,395,0.30133892849828087,11.171875,2.8754536108405904,1.239877929001483,1.214395131234331,1.7679127305012359,2.2117444444434264,4.872122136102685,0.8529468846086905,4.716985647540956,1.9953234958235304,8.29575686687134
19,183,9,392,0.3946245220963029,10.875,3.069881443644262,1.680043156918889,2.20659050109519,4.531865763219973,4.014959456113845,4.522452620996764,1.8985682604296323,2.9367652346119564,4.883583584261068,13.612427143936804
19,184,9,410,0.29305600909321033,11.11328125,2.4174124709861116,1.1011752106580508,1.7345079097592606,3.4086322202202086,2.9544838912445752,5.340077037204804,1.7335243821795185,2.871297339462672,3.535312034376063,8.82445188222388
19,185,10,367,0.3388518542031703,10.9375,2.5043867564644913,1.535395374644923,3.4599744718425227,5.972764653386294,4.705759572405048,7.826276160337347,2.4150756986937423,5.413981930756873,4.492914044507696,15.355322204667935
19,186,10,342,0.3500218962129331,10.5234375,2.441153079137793,1.2937337262078996,2.820598077723568,4.6257577881169825,4.547286868166941,11.321820964246415,2.1439662230988557,7.287574616275154,4.025290751640354,18.656702583915482
19,187,10,356,0.3333683428370269,11.6796875,1.9730419172256166,1.039090594433014,3.5798174751457763,9.36139953351178,3.929600904414368,19.04390399717638,1.1191966994468772,10.316493219748265,1.7464606693364715,22.08508995209813
19,188,10,322,0.364713536540705,12.36328125,2.1707992968253498,0.949155970651117,4.696052412330674,12.626617027682844,1.4945791861339033,31.33494322559172,1.1233648675931858,12.467480931288689,1.709377476684029,31.464319677626886
19,189,9,333,0.314728151903755,13.90625,1.965729755126273,0.7744714697232249,4.320829823722764,7.079621690823435,1.2780457355315613,20.305889934696808,0.9265365455035232,4.572455968074338,1.3820126696126747,21.12988905548237
19,190,11,343,0.31672534046310863,13.28125,2.1516806469053873,0.9913780497467906,3.491629218755788,9.710214160889176,2.7960588186164452,21.523033560887423,0.6898323590344632,16.27281608753483,1.6230054457257874,28.301785938258217
19,191,11,313,0.3048575082754769,13.3984375,2.299585704407991,0.916955981684896,3.7126309356747895,10.706217010990576,1.7473773777554846,26.946786406209917,0.7145843093355191,14.911033941370453,0.9023620792654645,31.84896211373488
19,192,11,320,0.26321324419557457,13.546875,1.6970167808465437,0.6423521583188485,6.275569876396911,9.969668407782926,1.2155444517641691,30.813821596398494,0.22760890638692832,8.839939413635769,2.0345748211928516,28.865410139314736
19,193,9,290,0.2597234208918578,14.46484375,1.4973247749064242,0.6127866293256812,0.4557441940311043,1.581739471831813,0.9607545943820825,1.6150048921324398,0.4990767760163089,0.4564444876350894,1.7701440301393985,1.4237050483231075
19,194,8,312,0.28453377928224466,12.88671875,2.0724143751709105,0.49438970791419196,0.6304721708385501,1.771650433765472,1.4298481646356507,0.7056199090238677,0.27384959088074873,2.128661226479556,0.8275878434499341,2.2075520887274256
19,195,9,330,0.24732674282185702,13.58203125,1.4124288845903659,0.801900535011709,0.49434336793965716,1.7907461568563734,1.0156389806783204,3.150558873348594,0.6190413853844431,0.9733990614556923,0.8163406321291437,2.374401844713976
19,196,9,362,0.27258438703892457,13.0,1.7427625900098285,0.7105530881646054,0.6452001236672115,1.7977815472283387,1.113486909505609,4.662262107173232,0.30340033236436204,2.1217814546886378,1.5680937895454765,2.2869735807920324
19,197,9,334,0.24586511167146705,13.890625,1.5296614444424677,0.6160602383116461,0.6532794454571972,1.6654597189209228,1.127949011834246,5.298037766749014,0.4425006670139515,0.6867157027386624,1.4158046836318048,4.488380390343048
19,198,9,362,0.24970104987820554,13.70703125,1.382904568927549,0.7127581676669381,0.637448688439599,1.2289915709927226,0.9665750103310085,6.656709162588287,0.4461534430105879,1.2972418624654904,0.9485297103086414,4.624652317466428
19,199,11,380,0.27910857444439735,13.76953125,2.269184689034132,0.6745881572493515,0.9222916524970415,1.2708747184224545,1.5415612003220505,5.109617418422669,0.4086434835617291,2.742781296087364,0.9251993836144057,8.351991017716259
19,200,10,367,0.25097532929560695,13.5390625,1.8861779644330745,0.6738099898873648,0.8929121370943787,1.3394978082876925,1.1155204038628774,5.230150211256108,0.5895936076536192,4.176260739269635,1.0436625019769796,7.253668115032476
19,201,10,354,0.2760931687170105,13.22265625,1.8366892943232203,0.6152542164796122,1.046480048998479,1.55951346085008,1.3141670335457625,9.599791121689533,0.5977197491070658,2.7311499740954903,1.072513249707236,10.973457631010918
19,202,10,359,0.2489364006123723,13.8125,1.5421430514789514,0.5423666082197388,1.0587931994568858,1.6499662703585358,1.0398945512301703,10.297252804158664,0.1546190993353561,3.272710479240633,1.4383903198176138,6.800986566895897
19,203,10,332,0.24796269834702261,13.73828125,1.592167946567443,0.593229935222096,1.2326245163549276,1.7421094443041976,1.0697787793019535,11.971401961416959,0.5519783601852601,2.0904885355546563,1.3524004164299999,9.030949894709703
19,204,9,331,0.26988818662851477,13.6640625,1.8885612907846974,0.5643467281322094,1.1772935843680665,2.614539224688093,1.4891340566579887,7.191472622210457,0.5852256675973706,2.6169501739243772,0.7578251509318603,8.802141513463065
19,205,9,331,0.245884096101812,13.8046875,1.7983686727779737,0.5313428808574563,1.1909295154184467,2.5793967152799877,1.3354419899763914,7.6784992996259085,0.5357228678670675,2.979741665036267,1.2907056317663328,6.68542604853972
19,206,9,363,0.2436164800691735,14.4140625,1.1581512283934703,0.5304380508439688,1.2895164366120864,2.911975624734708,0.8144049333282751,10.604727811468837,0.4686495193741845,3.719026738639581,1.1746193724434464,8.140529771169732
19,207,9,353,0.2666767449035092,12.9921875,1.6437809800566296,0.6062652531143913,1.706813970735818,3.560501604942136,1.2267265633431188,11.941218711212175,0.4521431140594617,5.508501835295947,1.097075358851283,11.026915711506119
19,208,9,357,0.24285900047574954,14.2578125,1.8025057942611313,0.5689049221711893,1.8067176991088243,3.495118276860949,1.253886557796648,10.756952463537518,0.6197467763142773,4.747428713990119,1.2713955640229815,9.198695568772722
19,209,9,360,0.2658157582016961,14.21875,1.2182596856313248,0.6583546420517812,2.176786830409627,4.194592528644046,0.7823991223781359,15.351213932859864,0.5901887138473972,6.460176972136357,0.9636268439104264,14.042750036797319
19,210,9,371,0.24084762328325526,13.8359375,1.5020338391099999,0.6108346779126057,2.025267243444989,4.084258132282292,0.9538402575490358,13.43164675157189,0.6070254110513094,5.693593944723324,1.033647311891614,12.557127057499743
19,211,9,361,0.24175272842505116,13.84375,1.4280893359015525,0.6249500592101453,2.1295174957307936,4.375462037769979,0.882433428567072,15.1958992563484,0.5395574884531893,7.998473084962946,1.3899584737732678,11.196697580273469
19,212,8,353,0.26519608794422755,14.1796875,1.2658827856722328,0.6630038705103033,2.606863639418541,3.367523331603736,0.7930832205795353,19.719027491635316,0.4648436021578228,7.765162274006397,0.9294637395105948,18.10509660424759
19,213,8,352,0.24073231047010857,13.4296875,1.575322115454366,0.6553394303160873,2.5074183450428995,3.2135335630762905,0.9163461811971384,18.156927383038827,0.5576696597077673,8.268508409132904,1.096381441749726,16.44664194901033
19,214,8,382,0.26528153059295634,12.78125,1.8821317814770064,0.8224058431774968,3.052169171287684,3.8052648228558144,1.1315947377433333,22.23576027007893,0.23948069372529915,8.013843920259216,1.059994249677899,22.468951536884635
19,215,8,378,0.24053270582348302,12.40234375,1.6018639015642433,0.7291424548198918,3.043509974698538,3.681735910622458,1.1006373959094204,23.027817868760348,0.500196919841066,10.063923642595336,1.3248058304064703,20.815550803625257
19,216,7,370,0.2389384530790685,12.2734375,1.4770091770290645,0.776813038026479,0.2255946674624756,0.650667485767885,1.113557589438184,0.8204482365238084,0.4929505829589355,0.5843968223135664,1.784737341880233,1.198556071409915
19,217,7,374,0.2624599333184835,12.28125,1.5893731510403002,0.7441593639587378,0.23938228285422686,0.7325682264699708,1.09818267214852,0.6713184283035875,0.43563723288056055,0.30790007351750587,1.2278452055463283,0.819138374771682
19,218,8,371,0.23682332212663462,11.6171875,1.4026060474490023,0.7733794952468209,1.9859849185760525,2.393182915516741,0.9786348391228288,13.726394069452796,0.23350500780989653,6.010470629568255,1.2519659273354324,11.454571392674824
19,219,8,408,0.23753428810988927,11.48828125,1.20670544272107,0.7718740966760681,2.115893061835023,2.4419113470113585,0.8845592694990021,14.897714989998693,0.3461732693121631,8.361488953359977,1.0365126224387402,15.756328690012861
19,220,7,386,0.2604563289066528,11.5546875,1.6503329652470293,1.0793729849725142,2.402459328145406,2.7640903903946548,1.0845514134258123,17.149292411640335,0.4132698766407163,3.0020081347119842,1.677106386351742,17.00483270365583
19,221,7,421,0.23904763157556824,11.2265625,1.6426652498818801,0.8984720291072488,2.3135497451328395,2.562554872263309,1.0379474486353129,15.812143735399006,0.507542177244088,7.564464891368261,1.2886129077481931,16.78418768622108
19,222,6,416,0.26130831021162304,10.9921875,1.7806267210867035,1.1390121041517154,0.42784838804779124,1.0793638716222436,1.1587289491378596,0.8991453175681572,0.35141149711706804,0.5297502936335824,1.385346507254822,1.0403614176327243
19,223,6,416,0.23465236197698386,10.66796875,1.5393562977346857,0.8523205301343704,0.41845576130592577,1.122286718511047,1.185885321456613,0.7517271852061749,0.40555825944331964,0.7432062002481946,1.3503423624557622,0.9379892114785829
19,224,6,427,0.23685732112612456,10.5234375,1.818608865409694,0.792391253454084,0.4660589260586758,1.249403827763828,1.210386611952944,0.747796598391548,0.2993604266973541,0.36838918585166247,1.1340212003461823,0.8525612056453687
19,225,6,407,0.25914492966715963,10.453125,2.2847936064374124,1.0077355652039999,0.5559765214539,1.4957118591949012,1.3658246282827786,0.9616525035603332,0.4289571987246845,0.7147526516056976,2.05246411283622,2.8468758654362865
19,226,7,420,0.2348834983120086,10.06640625,2.05573801687871,1.077578547744127,1.1260026842419064,2.103828378468201,1.2026033304224697,1.2770496279141033,0.5023147213621775,0.7023046168789,1.4232408346726961,2.353510347929988
19,227,10,422,0.26103222414987376,10.3828125,2.460970108744833,0.9178244345169808,1.3729646987463444,2.5121982324883234,1.4526695446311402,2.286718195237003,0.68533928887347,1.2140454199539903,1.0801470151766706,4.1817486198196905
19,228,11,438,0.23599090306180107,9.33203125,2.2057228636640334,1.0171048241247589,1.4824179251838825,2.766583351592359,1.7357024660195703,2.3064378232384413,0.6152813858515196,1.184197889767498,1.6275855388996987,3.517227027100196
19,229,11,414,0.23958805480025375,9.55859375,2.3415089116024967,0.9239171951654865,1.7011005638879604,3.0477505822272124,1.4530690136043947,2.674066260782904,0.9077737453367595,1.5785269109366193,1.1624099604603577,6.039086947793473
19,230,12,398,0.2606641609290845,11.0625,2.100516447838717,1.104540731561543,1.817717360098829,5.159687710239557,1.252605716328069,7.746966917027114,0.7566858984345606,2.387122710513818,1.6895163186475415,7.092596365492557
19,231,12,388,0.2370753583914276,11.96875,1.8334978098646504,1.1336944215738778,1.8854467926038372,5.353007168639743,1.256483251363126,8.726212548020493,0.11420959323617225,3.5378972825670942,1.3032498277110092,8.788234368527846
19,232,12,410,0.2599296050701913,11.38671875,2.020442247716809,1.1232952558594023,2.4183214622126297,6.960142795665719,1.2494905780642966,12.392194698256192,1.1529191531330332,6.343751999924324,1.4957150471296745,13.439759763959673
19,233,11,436,0.23602123154449134,11.51171875,1.6614732407497113,0.8310948432242755,2.4429444673853893,5.166269533021768,1.179446865337412,14.59028495906293,0.6480918154245378,6.840432439080034,0.833410177397451,15.935044464874242
19,234,11,450,0.23588432115124938,11.24609375,1.8065831312595453,1.0708950713409542,2.946270818316885,5.990008893654771,1.2139216896773404,18.64656528355139,0.6090720622438733,3.666944911720325,2.0956677986264194,16.009751088699403
19,235,11,442,0.2611687902228171,11.359375,1.9508278104719285,0.8869767427573043,3.8749113194453835,7.8275416718821615,1.4161323201818468,26.097756630790656,0.7582395793890568,10.26198039329968,2.2737625152449756,24.991266890330575
19,236,11,419,0.23442975237425406,11.8515625,1.7634812897297238,0.7802811505051965,4.145898790011813,8.921194521083212,1.4066021195479455,29.46585032855338,0.2578935361398661,9.375168948030396,0.9849489189923892,31.647190031691494
19,237,10,416,0.2572639040345077,12.12890625,1.9529537293658175,0.76700686769184,3.531548043389574,8.370967623132364,1.4072830215809655,22.43663287061878,0.5175609164515839,8.812490652417821,0.7388619451662025,25.920637554880095
19,238,10,418,0.23836505862031743,12.5,1.5565788252660382,0.7346324803572474,3.8750853148933864,8.512659734445496,1.025341330144525,28.01418877015553,0.6480640668586597,11.168159508832177,1.669970470887606,24.11937767392973
19,239,10,420,0.23827169554778477,12.5859375,1.5780449623438866,0.8775702433136107,4.6389375775384725,9.587845753781028,1.0371356888740926,35.81073874590792,0.6167533188859338,13.024978249056606,0.7291579487838413,36.8157645854644
19,240,10,439,0.2617285420319165,12.5625,2.0008953104115488,0.9111941919941214,0.21187158813394114,0.43697593584293404,1.3404503322517827,0.9247278343086252,0.9993765780078119,1.4494272173126468,0.9728684282574519,0.9157605833869632
19,241,10,458,0.2363361056683518,12.09375,1.6860129910335053,0.8904851733415032,0.19833796634806733,0.3727419920685461,1.165777604728081,0.9032054989372418,0.45420167973618336,0.8395610252431378,0.9897906515130342,1.1071236743273434
19,242,10,461,0.23994366595260874,12.4140625,1.7392465094871974,0.9562471016606211,0.21246347315254263,0.3989039638545214,1.2913988847336058,0.9669911516427346,0.7984588536256336,1.21633690473424,0.7820974893389376,0.6937679573736505
19,243,10,469,0.2634487941150127,12.328125,2.0560348929426455,1.1318293636869259,0.2452309580628848,0.4873943212667506,1.4020401684267894,1.1334240700586393,0.9594685673867712,1.2868275623384484,0.6761405599336643,0.6149074852319325
19,244,8,459,0.23898263083632637,12.578125,1.9092642549373129,0.899995981692395,0.2782103515813884,0.3629374989538053,1.1029052786497915,0.8316388208341331,0.5921917545456576,0.6843106185012892,1.3111644867722392,1.3328340284378597
19,245,8,462,0.26364506624618705,12.46875,2.170667971418455,0.9489053696756391,0.30509036829924896,0.3917777604277564,1.2275355973578235,0.9674562701390313,0.6107569737289877,1.2833776489958326,1.3968550131931825,1.196230330726152
19,246,8,479,0.2468618353018767,12.3125,2.0665920221062835,0.8266174062702963,0.284615132057162,0.3539733171118484,1.3690920784463723,1.219047144437721,0.4494908807781741,0.524356144173019,1.1981327481391508,0.7256203773125275
19,247,8,471,0.2407321687630206,12.140625,2.042452654020392,0.9533911183482273,0.30963580133904656,0.3850162272464889,1.2297160545992027,1.0940369248396822,0.7212369076093281,0.9307625412793578,1.8805402966204263,1.2488781552082584
19,248,8,489,0.261506431420646,12.2890625,2.487950176104694,0.9768234997696189,0.31845724680129106,0.5031862899595596,1.505987595229744,1.3242149878266005,0.47378023984101086,0.9757504089490946,0.8648407536706296,0.5980350920368429
19,249,9,468,0.23582740264613075,12.3359375,2.125497422890324,0.752331180119558,0.27005824072774237,0.5740728221089717,1.4531105924568894,1.4863421178348304,0.1260279420178232,0.1820590483151711,1.450525072361912,1.3182977562694491
19,250,8,474,0.26432721434624656,12.86328125,2.4037850696135274,1.0116881658203964,0.2913613897549072,0.5651246522574666,1.791853419130814,1.856599322181224,1.092144621831463,1.1998670838650063,1.0351932725085964,0.8117964950928894
19,251,9,474,0.23680987581196578,13.07421875,2.1206520462561924,0.8167582036408252,0.2888139042609194,0.5662678414695825,1.5229023803011046,1.8360566514375247,0.20432665902756408,0.2841418819433941,1.2585509217918844,1.2083641058511216
19,252,9,477,0.23523060833356235,13.3515625,2.0609387114665685,0.8782001408720944,0.3038556635812624,0.627172338866962,1.2724530149824769,1.5855009051497202,0.6092276169912058,0.9291372441007162,2.2308475854314747,1.87103118147927
19,253,9,472,0.26506719541882234,13.203125,2.1058890696007007,0.9335837639606251,0.33506944673093253,0.6706655414039484,1.2750804975700463,1.3633312394123651,0.2696452745720127,0.3408460877149666,1.6423420820415793,1.3083515050160448
19,254,9,485,0.23951674029775188,13.0234375,1.8632290768145334,0.9112123716499746,0.3073711412169837,0.5273420892687938,0.9697043304375755,0.9381954780979083,0.45679670109508386,0.4945969602526825,1.3929736255047485,1.1060860228562297
19,255,9,466,0.23829588689014064,13.1953125,1.5181741030710207,0.9525585087479389,0.29304998167568547,0.48330351218842915,0.8158651977307118,0.8108296643851769,0.6411368413147213,0.4734013019824263,1.4834508477787758,1.1485747842179603
19,256,9,469,0.26540578430961254,12.8203125,1.8537650929334473,1.020516781101452,0.3259390476064968,0.5178624577682299,0.8993453463037406,0.9674750686060539,0.624686291181917,0.5830363049605731,0.830133559116367,0.755270919997544
19,257,10,491,0.24151271003748565,13.4609375,1.4624739360875978,0.9259018390481399,0.2670608076826322,0.48826335354555134,0.7613146204850394,0.7839547264780236,0.06977627889819052,0.3366045652630002,1.2300620521764083,1.4551118084687757
19,258,10,496,0.26899002925964505,13.2421875,1.4582414581108616,1.0071469310907104,0.3326935111321969,0.645539726533596,0.6022063812831056,0.6561815383683243,0.9281260800592892,0.9742326397947517,0.9693298908587945,1.0178554198685341
19,259,11,500,0.2441404794072306,13.59375,1.3736601367114174,0.9667439076500106,0.2293086786271904,0.7714315442677503,0.7363762064489191,1.2457359811402904,0.9580436346619734,0.9404584229454179,1.3685342794695243,1.638936646961748
19,260,11,498,0.24226050694801052,13.3359375,1.3411241275411896,1.029312416387894,0.2591625357846394,0.7622410450298012,0.543265344372379,0.9326860973863241,0.3524009911774816,0.6530823088159312,1.1635655253462847,1.5310625691686295
19,261,11,511,0.26717709438985265,13.3203125,1.453905170486032,1.0642663273312811,0.314347212834891,0.7988879373691027,0.6320914879319355,1.12913138460509,0.6794557989611526,1.0247609172207244,1.035162133338534,1.4318006174177067
19,262,11,509,0.2418784512019819,13.6796875,1.298015189161425,1.0007253168436718,0.3073496615616912,0.7432518664859487,0.5131554309581269,0.7512234659985364,0.459843799488021,1.015708714158769,1.2329517577421736,1.5972341886512256
19,263,11,497,0.2706699335974079,13.140625,1.34386281768392,1.0911208137007373,0.40270175403762515,1.0037621817163167,0.5422296709257571,1.0178503481314993,0.7585131805093427,1.0408158281257192,1.2363054315028932,1.7783318490283686
19,264,9,499,0.24815391338736478,13.1171875,1.3764108681543832,1.0014153128981902,0.2016995407675205,0.7258633636732911,0.4725770934700437,0.5922504837766132,0.6448285796211671,1.0139588490605989,1.5775405392856219,1.2774743733263483
19,265,9,498,0.25259237313768357,12.671875,1.3914342534547233,0.8871064491481745,0.248317205017536,0.6991185928365735,0.5737413089084658,0.6439734478422547,0.1915926653912445,0.6048589140841543,1.7432767384489338,1.2242503269420528
19,266,9,483,0.27805802219100334,12.0859375,1.6425288354039012,0.9035671913790587,0.3105425877220593,0.8234501068202793,0.6753170597431047,1.012702064143428,0.12139408375159534,0.6768662959042716,1.4022448569806096,1.4277308864923182
19,267,9,481,0.24904625777366712,12.015625,1.6515959573409515,0.8299972522897313,0.3026912088132813,0.7801346741950007,0.548488055536896,0.8086734756187407,0.6808089283176766,0.7168548554861013,1.7567069578944197,1.454611705841122
19,268,8,494,0.2483579478346004,12.57421875,1.813226852745264,0.8367414312786146,0.362230773595719,0.5732794222008639,0.532030427954298,0.9203765450555008,0.6634589944257037,0.7828568193341856,1.4180955863127784,1.1466370875091356
19,269,9,482,0.2765667914518079,12.83203125,1.9263885819637634,1.006661061025055,0.3212485689174722,0.7286322403591003,0.7555994651128426,0.7681691597852758,0.8316891029871205,0.9638363647631651,1.2039363796922875,1.6438875633780594
19,270,9,470,0.250727965997132,12.8828125,1.755512676964651,0.9798399699848054,0.37947278443736915,0.8112477362635593,0.6591813063060458,1.1346134866011848,0.3870857935483566,0.616710814598604,1.4870455700580905,0.969211602940327
19,271,9,469,0.2834355747880783,12.828125,1.9801359833591337,1.0648426969543416,0.5436828424359078,1.0315064266488179,0.745460392050408,1.0032752348218228,0.5206006891471964,0.6085012974141905,1.6013900724850962,1.90940739161821
19,272,9,466,0.2549602539292694,12.75,1.698423796649112,0.7998594747843808,0.527766365557684,1.0407946035354918,1.008106924375443,1.1644029230956539,0.13146839439935254,0.9139115645867694,1.5437968482239557,1.740473645482137
19,273,9,449,0.25066191236362095,12.40625,1.628590648862253,0.8415328796739029,0.611849164388486,1.0192898081612263,1.23110305110906,1.862070665380093,0.5226227280920772,0.619521454645786,2.142595142230461,1.4314127819688116
19,274,9,445,0.28510350006979024,12.3671875,1.717645354876726,1.0205950970969946,0.7262799159773297,1.0381463439496974,1.620119598777773,3.1391679561533796,0.22616286235082517,1.4529513672050314,1.5416137199606756,2.401707995720101
19,275,9,457,0.26124469426103203,12.6953125,1.6680955732545002,0.8141841770902182,0.8004360758751626,0.8177588985731736,1.3523317503484797,3.103956904194866,0.5152944152609349,0.6109209556375025,3.126341639906939,1.8238107869644256
19,276,9,437,0.2902325845509247,12.8125,2.0477174095192208,0.8785169582959994,0.9625468849765377,0.9313908540299936,1.545607661721911,4.209091595596033,0.4010800883893319,1.2726648730591228,2.016697788317197,2.6849954242467606
19,277,9,434,0.2645706010203632,12.7109375,1.557990967894237,0.7391806882194369,1.0698422885509575,1.016320799646807,2.0579181975124596,5.830590629481014,0.42396219594708134,1.4698006292267811,1.9928498708575173,2.4852954858555742
19,278,9,428,0.26813068575665744,13.0390625,1.6123006558941098,0.8576937637244231,1.3323466357839966,1.2560301546762858,2.649326097508641,7.317292085955826,0.5071971741080663,3.0101762676957073,5.9838029921900375,4.22065668991458
19,279,10,405,0.3061166198691354,13.09375,1.5529771888828694,0.9828710056343453,1.6697656954648195,1.6742341601747976,2.459631894979994,9.955415122146906,0.8907015510070386,4.224054934483763,2.829606131496144,4.5339461339226474
19,280,10,361,0.27887777519440393,12.8984375,1.3676488449194513,0.8389611973872528,1.7401653694940618,1.6422724413937004,2.218473618507594,10.210724806820362,0.476087688604665,3.6521791188292,2.017000184245122,6.333553641282258
19,281,9,330,0.2833780389578346,13.43359375,1.6722409803398248,0.7438486633967774,1.543946305689577,1.9589520829193052,3.438471866993213,13.623168265174778,0.5891331564629495,5.010445753530998,3.4538147322381945,14.755796263999153
19,282,8,337,0.3129023974174155,12.6875,1.9013437122160992,0.8129629799707633,2.6316089798406854,3.3720882737093256,5.736805068239727,19.467147891874784,0.9115986725207387,5.660164346792203,5.098571108186104,18.353905728660678
19,283,7,370,0.2803071054732885,12.4609375,1.7751107631029879,0.7296599025316224,1.81018065290541,2.629658907505378,4.4397141798638176,14.599238421881925,0.6696880322841463,5.19360733834452,4.657502922291626,16.709801824211144
19,284,7,360,0.3078582611910705,12.69140625,1.8040634520743586,0.8251775432489885,2.299414922980057,3.5096826626805453,5.311957520428268,20.93316233723371,0.824917063757268,7.6992035314336915,4.585781096448951,20.185445155003237
19,285,7,346,0.28004204346842326,12.6328125,1.7100828321727832,0.8347663332086102,1.2947752484425123,2.812088889631318,2.8144908022202797,11.214469209368849,0.8314251465034501,1.9229615407343914,1.7475013174078096,13.283135044086768
19,286,7,389,0.27695797890167767,12.28125,1.7589980379948076,0.6151568071370171,1.282222909445918,2.911274644441822,1.4847794275984392,12.175546757444003,0.25814479123928435,1.6032255072383748,1.7463595554028968,12.257097404098246
19,287,8,388,0.3010461284552553,11.87890625,2.049340764653522,0.6400434244283256,1.7042021713258637,3.750395201710014,1.4904233443846775,16.91423778060927,0.463290537559234,2.2615123888991406,1.4373517363182473,19.722999708415713
19,288,7,427,0.26875269339591834,11.6484375,1.8902602565736852,0.918425275302047,1.9311372419504393,2.699264743292472,1.0710399378637145,14.511960785008469,0.2785460616099462,3.418028354598017,1.3793337712849232,15.71556317778047
19,289,8,410,0.2600996542971552,11.36328125,1.7735547012846151,0.7956872208089562,1.8447462428197459,3.693190663793809,1.3730001828501126,17.399132235751324,0.12412693828502716,2.7311156078076064,1.4477227237416423,19.306730819074122
19,290,8,409,0.2730407813750208,11.9609375,1.8694280131635908,0.5920233393782576,2.301751511214972,4.85338588432593,1.422192945474574,23.66493940133636,0.43162745500644606,2.4993424524256165,2.20242294818705,23.145622350383995
19,291,8,411,0.24055297666224756,11.7890625,1.6415211059603247,0.7436947497141174,2.3893742167777487,5.22911487993049,1.4870805374883649,25.477798018035347,0.46177448988024206,7.973840434452516,1.0957341121686692,25.777797033642546
19,292,7,406,0.26036570411898724,11.3984375,1.941798200956394,0.8351479148203085,1.562604659814619,2.875295044176282,1.3156183434204705,6.55168690187162,0.3446015691052286,1.9996865189626605,1.5953426037046639,6.0210165399128375
19,293,7,438,0.2358276159931113,11.49609375,1.8702243121702562,0.6946636030826816,1.530017048266116,2.819003145100866,1.0800170481662175,6.868589725556889,0.2711385720521105,1.5719754329100881,1.0539418934053353,7.742368087257652
19,294,7,458,0.2340107407126996,11.28125,1.5808535248637774,0.7759284969442433,1.5854159903742053,2.903616567318285,1.2869407534950674,7.7047735007484075,0.45315304895612757,0.854840156341425,1.0607460278451242,6.885619362045712
19,295,9,454,0.25733718283432133,11.0859375,1.7366033998794261,0.9491088960643923,1.7299597650975087,4.437971152800742,1.2462454054839536,8.941801584020673,0.7574998631750813,2.6387084111234054,1.2023791587827857,9.345286340145996
19,296,7,431,0.22948001125880946,10.7265625,1.4806861681732817,0.9290841455083322,2.0682227257954495,3.2906359590601055,1.122261793945529,8.992952266538339,0.7476220900197833,2.9732669091462522,0.8817708493198408,9.021159436170644
19,297,7,435,0.267603455367486,10.9140625,1.6109040928764318,0.9214567981106024,2.559609521423854,4.05032094282732,1.1027651253278594,11.718115360523594,0.5701915042810516,3.4313437798899646,1.6163756714834048,10.236035797266656
19,298,7,414,0.26759408237256027,10.78515625,1.747890497262393,0.9874021494987847,2.742362086131375,4.2942534671799475,1.3680818353694204,12.22567236337958,0.6447845397676472,3.9286940107498287,2.051494116564661,14.444359412878136
19,299,7,416,0.18636812463961863,11.015625,1.2651811783386306,0.7085119657475272,1.9769681261298775,3.1045996698229397,0.8346830773917571,8.854356389876251,0.4124817393228886,4.578420383663795,3.0509153957049016,3.285710087466095
19,300,6,418,0.24975182089897133,10.984375,1.7684851041364453,0.8713411307816925,2.5134337596066705,3.531740487924031,1.4920703657130068,13.485571389766807,0.556651788970182,5.615194344376451,3.3539224106590475,17.082586040050433
19,301,8,419,0.2330319322406445,10.9296875,1.4945466885049157,0.9098749325302653,2.259562984573224,6.15355929918073,1.258438313675129,13.87412735393954,0.3868048329999094,4.642958981292262,2.5644572401567607,16.919025235933088
19,302,8,418,0.23023877223927752,11.015625,1.714859835810536,0.8410864310782069,2.424551028890315,6.4856666068764435,1.1136391450381824,14.477664589611916,0.5473413406975687,6.990214529975736,3.3568115420826317,19.32491668357038
19,303,8,422,0.25065025118910644,11.53515625,2.0165774650843726,0.9231331568019702,2.841945031244551,7.428708245100618,1.4472494875065924,17.411090549974638,0.8634033808944901,9.283940445733746,3.2286109047965463,21.19825937118414
19,304,7,401,0.23252585004942924,11.7734375,2.0014075602998167,0.9408034882840703,3.3194590742544294,6.3256903213248545,1.5044547265144352,16.370560511502482,0.5376985923875472,5.876426512853347,3.493066373272708,20.787820454694636
19,305,8,396,0.2559422220495106,12.1484375,1.7245132207225047,0.9316914490112305,3.190899904286055,7.646460334319873,2.2901223449577266,21.647066352873512,0.6967498680221367,9.913669542182365,5.253904969903752,27.044832189549627
19,306,8,395,0.22906848078898592,12.25,1.6664602202346872,1.0129545059194098,2.940955479129268,6.955407271201833,2.0861960049966055,19.976981090260352,0.9289141707538451,13.645092946067995,2.72447815409548,21.578640190147045
19,307,9,371,0.22990317281178513,12.2109375,1.5610254099562209,0.8601091374512998,3.4567574461035715,8.199219764624914,2.137339431157831,21.32507884717966,1.5814959250893226,15.362276310133021,2.285905910148147,22.063239930007004
19,308,9,347,0.2326778433006514,12.078125,1.5442777486597588,0.7771065609789353,3.690092715597551,8.338769456307467,2.2597314154510633,23.216620966511556,0.7145757274263117,5.362009674160773,3.698732985668915,26.82700438154807
19,309,9,348,0.18627771331948487,12.41796875,1.2391688877426552,0.758367763166958,3.011755249426602,6.503488799229623,1.662589134458725,17.69187229551814,0.5807856129395871,10.224693253823567,0.8882640869680921,16.856548190666473
19,310,9,342,0.18325120357219024,11.88671875,1.5004797364473204,0.658566349321024,2.9026248240774146,6.094818197478652,1.445398808223339,15.44016867387781,1.083362840130401,13.01834926272726,1.5229420355676,18.321309334274737
19,311,9,352,0.15419550948590807,11.71875,1.1941386231117588,0.5608962134916002,2.4240921574306076,5.202192044484557,1.339603667742382,13.523755421844069,0.4897729955872713,4.988125656475901,1.4417874889879225,15.854222198612415
19,312,8,362,0.13936351181214873,11.14453125,1.0042041244180775,0.5301288780380902,0.8695974840368119,1.9792193952887238,1.0685702116712357,5.00524697535173,0.49590790264873164,3.1025944521340945,1.6521691980204878,7.152271610731099
19,313,8,376,0.1455880294975294,11.2421875,1.0234313454686261,0.6343795873905526,0.8907951254036433,2.020034875271513,1.2041524690537966,4.990634140261663,0.5633236035868308,3.517189558672588,2.519362179735544,8.304686710430559
19,314,8,390,0.12506707673755657,10.95703125,1.029926454507811,0.4951214039734847,0.7429719756264836,1.6326397242108461,1.055351096900877,3.789126247666733,0.8354697227032339,4.720527717838036,2.8956484091833232,7.936240286231694
19,315,8,384,0.1253864214007484,10.765625,0.9670570967701713,0.4598016332174262,0.7503745322669896,1.564857820498266,0.9763047206336408,3.6667618374450166,0.4392392392173785,1.9606745838601687,0.7493961406475178,4.4281883951535095
19,316,8,358,0.10272223875193998,10.26953125,0.9575618608696478,0.3337791285680276,1.359360146994451,2.5376314133234588,0.8718517640977401,7.667943306000665,0.3680559269409025,3.4748819853470496,0.8104986420576579,9.204242073701785
19,317,9,311,0.09401399118186819,10.3359375,0.8135929286777955,0.4005164027176803,1.3176888087743277,2.804605720348791,0.709055975523299,5.865428423068934,0.5881618282123106,6.8999526399677205,0.5626439698692144,7.9295345925896825
19,318,8,311,0.089876680136781,10.421875,0.8928843972269598,0.5847793844664863,1.0883582204972462,2.0334234358090786,0.817713571828646,5.255705803983389,0.7366869375242662,4.253804752475908,0.5844005023258947,6.924858967692343
19,319,9,313,0.07527846093955304,10.3359375,0.7606268187442768,0.48593688299908555,1.0473332549012537,1.797556840671462,0.6493350513041515,3.9349453441694515,0.4448185614633204,5.724137758695119,0.6279014275492412,5.6326769189408585
19,320,9,332,0.07366082417498364,10.1953125,0.7431282477231834,0.48420084090823423,0.9286483911154626,1.5915655794802903,0.5971413346260942,3.0429924321691195,0.26141934343354567,2.710606352158117,0.32701153033052527,4.307625634457824
19,321,9,346,0.07917248344043452,9.98046875,0.9238107883267541,0.40799778708145973,0.9310968741554932,1.585051192430685,0.5301872935040282,3.5848497917372626,0.2960784175713529,2.5474577539809875,0.5563258329950869,4.392409713387935
19,322,9,370,0.06864466106301025,10.11328125,0.8561835936071516,0.2741824201502663,0.7370282605066895,1.2260384341245043,0.4124985357330772,3.1465669558216285,0.19612440966367317,1.387874524961504,0.3167153187119524,3.5013402635142175
19,323,9,366,0.07491979816278602,10.0390625,0.9675059223951197,0.33544015675096495,0.7277316898862728,1.2179102001616606,0.5886640639753197,3.0243757484365936,0.2158228813552471,1.8120883160940664,0.7615088263714389,2.7629885972360393
19,324,9,365,0.06705268145304624,9.953125,0.8316546316179821,0.366334604588205,0.6086043832241671,1.0217031719644563,0.5114152424756587,2.583635389014213,0.20246196545079878,1.7537664761556246,0.40383681394084636,2.292878270598551
19,325,9,399,0.06762618152512816,10.0546875,0.7721182623689273,0.3456984465304733,0.5828895802552521,0.9874183977035594,0.6159305196034831,2.2948385488549636,0.19020978687527343,1.5744888046660366,0.31401024763195906,2.758816621969357
19,326,9,377,0.07412549667211353,9.75,0.9979033523231242,0.4999667901970822,0.5874026606605376,0.9934164402535419,0.5724793306633755,2.6240221041686707,0.4704796266991174,4.278721898504819,0.8561985422042517,3.979392903819977
19,327,9,380,0.06721073217493363,9.67578125,0.9200963990861186,0.41094994124775674,0.4896627130232494,0.8177865569282783,0.5840683960370664,2.176707098655761,0.39919163075342834,2.2226624204364773,0.4816209253862933,1.705164461343243
19,328,8,390,0.0742730331721621,10.13671875,0.9922599201860268,0.38299423636635954,0.4330201657330106,0.772873196867595,0.6235955237206379,2.3190614740618836,0.2865472644621325,1.970044801611148,0.8989260119870084,3.5064698344583873
19,329,9,377,0.06982577222901666,10.1015625,0.977742031768394,0.32760107450020726,0.34478406522083044,0.8691340877968041,0.5807979891661824,2.1772619740122625,0.1847500499196597,1.152649586760354,0.4180766896971863,2.413348427169447
19,330,9,380,0.0718421537857241,10.0,0.8244916223466444,0.36118854976774484,0.34599561106070525,0.8369642072271954,0.5116807292991498,2.3272068410975417,0.14328668594016744,1.1439243672822572,0.47122563864794975,1.5022416028595398
19,331,9,371,0.08011366472358042,10.0,1.1638709051790876,0.42513943021164735,0.3909918437427588,0.8995302238367093,0.6885185256830747,2.142814568861861,0.20794903591562114,1.7859976544902412,1.3172990481849212,4.400296475983032
19,332,9,402,0.0725325630538071,10.9140625,0.9001345356228657,0.4179749915718871,0.3758932481192834,0.7913583026477407,0.5100010715978937,2.0870250152906573,0.30299829893483304,1.4829742236685535,1.6980967584150326,3.7776162423977517
19,333,9,406,0.07831599869921846,10.55078125,1.0513190967069859,0.3753484354766792,0.38974225284966196,0.8346862510331439,0.7231745091708182,1.845668831843272,0.2614380194103515,0.8706868167810731,0.9202992155872047,3.0008514475180146
19,334,8,407,0.06945449343984667,10.8125,0.8912371470842346,0.3116070575623745,0.3804393282865592,0.6803478834734975,0.6189713646695123,1.5851400485077554,0.14628919296761397,0.6472131143389521,0.34152769223774926,1.2366722379371908
19,335,8,394,0.06796456284197507,11.640625,0.8221943609701772,0.3295650292926058,0.38700679743868593,0.6593266696665527,0.6396187899019832,1.395648175528169,0.20364450521226274,0.5596342899250064,0.38604868660892167,1.0533413168695356
19,336,8,405,0.07537890681753501,11.4375,0.9638620685080563,0.39289459116492104,0.4358921970087285,0.717532417087967,0.7522239294477928,1.328025162385614,0.2898431422673785,0.6457282553213665,0.5265357902902171,0.9215031360228647
19,337,9,396,0.06958096710422046,11.53515625,0.7388255426010129,0.3646972490110124,0.37668503507511897,0.6808233904891725,0.46295402765100363,1.42815369200091,0.18582665792001463,1.2562672794576448,0.8131774840712952,2.2184082293279275
19,338,9,393,0.07013872934490632,11.53125,0.7441469137187922,0.3820542305530633,0.3926798117897712,0.6721803588281418,0.4653320052833346,1.3656890488483022,0.18765584406176397,0.6268167568363232,0.36922937723391647,0.8676529656281528
19,339,8,393,0.0769079048839374,11.3125,0.8493131204293773,0.40688164520801834,0.44243757579591747,0.6894030285997129,0.42643698622833914,1.3482614427343618,0.24249382619830562,0.710580893021729,0.8407931362500729,0.9046457107546662
19,340,8,419,0.06844591425613032,11.5234375,0.6410656376803958,0.3133189744921686,0.3920602816719081,0.6094455364305712,0.3430630035710742,1.1160835031506438,0.18144986822448056,0.5168604018742583,0.44607602001979807,0.6048632456078429
19,341,8,400,0.0727066225755478,11.61328125,0.6730981096378486,0.46335272875603206,0.3952561880202403,0.6481316396935712,0.3980940859392399,1.2561208067864722,0.4636177609228679,0.6466214874734153,0.7569500946321112,0.8170170177726405
19,342,8,410,0.06488997455641493,11.64453125,0.601675618080147,0.33561716079523585,0.3281465190792119,0.5765717850737987,0.35929422732562155,0.9425720955284296,0.27515664655713407,0.5119935061287557,0.6608685811376143,0.6655594631513583
19,343,9,420,0.0654949464397424,12.15625,0.591253795727175,0.29682003400201235,0.3005952577843899,0.5914524377298002,0.33607827165696946,0.9356274761593089,0.16658407709128067,0.48637693116379976,0.694115441393497,0.5660253993601141
19,344,8,418,0.07380531727377401,12.3515625,0.6793049950432009,0.3139953493398716,0.2724728528797284,0.2909599736414523,0.3256858827999474,0.9688196156587527,0.12859155318864945,0.35401969186726423,0.8633182821389931,0.5369530429450621
19,345,8,400,0.07057773363731276,11.61328125,0.6543677504785474,0.3450247987197391,0.2553418979394334,0.278511614769773,0.3319611748950283,0.8901351021616337,0.2222019340315895,0.3315747441566921,0.5353559021441141,0.46220614133675764
19,346,7,399,0.0822854225640197,11.6328125,0.8259078267417256,0.4058055065242188,0.301382253266912,0.20183639324202615,0.4568667957760097,1.0087955557228938,0.2339158901981087,0.3625377975148791,0.6990921339913289,0.6437584124318826
19,347,7,415,0.07878869182809002,11.6796875,0.7296556857315851,0.4129752606022017,0.2833124058833074,0.20237530663782158,0.377812456288617,0.8402819642719438,0.2073934339939761,0.4482505878479637,0.8330236904591848,0.6414223213817835
19,348,7,418,0.08259132093637359,12.07421875,0.7263039148175954,0.33829726720591036,0.2948049322183455,0.21477096092353382,0.42191571563965946,0.8111439346624882,0.1312098770821452,0.2596744382511005,0.5966636532391508,0.6706959365518019
19,349,7,426,0.09503219110306224,12.22265625,0.7976923810104858,0.422488925172524,0.35097885234416365,0.2492192559592608,0.49415718379454154,0.9172224529418649,0.24833762313968308,0.4166727816340665,0.829716165052465,0.7676077242365575
19,350,7,437,0.09024111977206548,12.2734375,0.7086999991265184,0.35382031417626286,0.3407008822578562,0.24981917306934237,0.4617919905121754,0.831380767463116,0.22128871607443953,0.3439433434381901,0.8052449752626819,0.653205998864681
19,351,9,438,0.09387882301511925,11.8984375,0.7676534603337513,0.3881264158151936,0.2846444140518271,0.7708390359861769,0.5385984085692668,1.5156539966869216,0.2387318649803969,0.7789251475742909,0.42351672415492975,0.7164273647883694
19,352,8,435,0.10683520232096184,11.78125,0.8601817833049472,0.45213695432909023,0.3916391577837349,0.4675906311798539,0.576151637081866,1.0794995440296762,0.421499730064296,0.8800155984026525,0.8520716036306698,0.968531426471487
19,353,7,440,0.10044826405441565,12.29296875,0.7794367073861759,0.3318150224180308,0.4161678814742675,0.3235630987638971,0.5312726077999846,0.9558946535834049,0.14585006162273292,0.22139841762445492,0.9993406583762997,0.8670175102515557
19,354,8,424,0.11420255552475787,12.38671875,0.9642000599460692,0.495571516207882,0.4575669908188603,0.5468635428445758,0.6561336837394399,1.1262117525409185,0.3206217807935972,0.8354747244625649,1.3286593959135298,1.2212751822816768
19,355,7,428,0.10710572389647836,11.96875,0.908044764310948,0.33519504800178596,0.4511324619280336,0.4087402589605561,0.5475593027652759,0.9463159012133384,0.1347667713616427,0.3099327190459754,0.7470967183507624,1.0459877460150517
19,356,6,449,0.1099360192372977,11.5390625,0.9404664119907626,0.3385314405216808,0.46611671831819046,0.4547950918928716,0.6007836737309075,1.0702120618841406,0.20861470921784325,0.3128138865102357,0.6473723922507071,0.7516433684164723
19,357,6,423,0.12561321513650672,11.4453125,1.0722811260561445,0.36268034690384654,0.5590990847585532,0.5491886685684464,0.8361804668562761,0.8989263306951496,0.24688481266885004,0.3568531043518285,1.726028193065525,1.270351573157786
19,358,6,391,0.11892062545271502,11.484375,0.9568509810467144,0.2974831371131694,0.5489948704456515,0.5469783674630643,0.6486077135483566,1.0443881918475062,0.1994911338220306,0.40323712802718364,1.4772286199125735,1.0490529749051156
19,359,7,453,0.13773212868546342,12.0625,1.4748305532553774,0.3861639434199713,0.7791338873409404,0.7832632984812177,1.0025134858728522,2.0926439120978357,0.35220332488395517,0.5566211934731627,1.8838512659708226,1.6521786787290584
19,360,6,452,0.1318917972019214,11.96484375,1.1760855964854997,0.3881566593355311,0.6320447594906116,0.6825812696988278,0.7590691696234102,0.9686052019868258,0.14119428076639187,0.8349088404108536,1.4023575893434244,1.305319771412461
19,361,6,461,0.1385244567818282,12.015625,1.4407395120934112,0.4850728557162135,0.7492314535243914,1.0592763695571346,1.853931829801461,2.4124081011530034,0.5329234340039337,0.8782757405801869,2.7190904569995324,2.4744414236472205
19,362,6,440,0.1588719176485539,11.83984375,1.3176942622615953,0.4554038536787013,0.8824265036641356,1.2360430626323216,0.9073989891766083,1.7573779707763744,0.34379143872399576,0.7055182670875864,2.914507573410794,2.5145112678033605
19,363,6,438,0.15084310197234968,11.86328125,1.3100645177297303,0.37938734498131854,0.8282780935199092,1.1514762242565284,1.5822674473421996,2.5226639626170355,0.17780486890410965,0.6120302081014041,1.9655413400482669,2.064206586496978
19,364,7,440,0.1561449666813872,12.03125,1.2729777229038335,0.4902859494155325,0.7915462436983872,1.5800225034383766,1.5945873628157832,2.549619687315115,0.2946700047119026,0.8559780410344081,1.9572483792576145,2.2790797310672617
19,365,7,424,0.17575613061030368,11.9375,1.492920884726566,0.4851301918689311,0.9254156487574918,1.8836602357839574,2.2348553765018355,3.518927264077672,0.7858426942228689,1.7465347665661355,2.7768809787681756,3.2997226108817177
19,366,6,427,0.16389352561883164,12.296875,1.3168436559501027,0.5194888974936901,1.0125916506281238,1.4753594120497615,2.575363642094447,3.8899379731456354,1.3059608009601538,3.299963393589482,3.5936326903565217,4.734365399692807
19,367,8,445,0.18622161423726094,12.5,1.4405377354398172,0.5052398567542424,1.4424032613702407,2.7525004909129693,1.7216261395604933,5.143932035970819,0.6737271200272557,1.4481341332220914,1.8754168094698738,4.538404910968116
19,368,8,485,0.17516032566911832,13.1328125,1.111189618055851,0.4943217073440619,1.240323168334677,2.754027073185703,3.0477806484338226,5.34209214000722,0.53149116166222,1.726532803543427,3.8723957120624424,6.035971744844989
19,369,8,477,0.18008401852075387,13.59375,1.256632394033071,0.5940065445937963,1.2299071282905685,2.5477518937753527,2.173589130606216,4.778248189178272,0.9010469354608815,2.2700272599322315,3.926314773678591,6.2067463031510695
19,370,7,444,0.20479904480499078,14.296875,1.2475497351333318,0.6006452428412341,1.5440756704071634,2.753544650189326,2.597651957788491,5.1216118239833825,2.0212589683243687,3.8683411774431473,6.144354008337284,8.227485369531108
19,371,8,415,0.1919222605466487,14.6015625,0.9607832102431616,0.5894580985170284,1.448992168889646,2.2878327541518613,5.170324188695294,7.431243022033381,0.90434192227079,1.7951804326811345,6.0367734373685416,8.155308826137205
19,372,9,447,0.21663551717037574,14.2890625,1.5615138635564663,0.5799990253268232,1.843226647184465,3.046972378411123,3.621618638999443,6.855066142676174,0.9980053432111614,2.4275476590423146,6.178328923411345,9.271929932853496
19,373,10,446,0.20200648519775058,15.75,0.989766866736824,0.5306044615068466,1.5724437075178375,3.1854428992072523,3.3856266521588863,7.783460216553652,0.5662365796667359,2.00644218354343,3.076875059556486,6.728149484138155
19,374,9,450,0.20646875969931622,15.74609375,1.024162472624436,0.5960679450521551,1.323978036383729,3.894038851142994,2.909761798020825,9.235271704254036,0.6601997304343571,2.659046992413584,3.672440111343,9.885150037531055
19,375,9,436,0.2311413821169474,15.421875,1.1195230941324117,0.6929729555673991,1.5279938514918772,4.724175211048675,3.725118846660863,11.809414275324771,1.0349427691951945,2.36642199846536,4.686856805559145,12.644690053960874
19,376,9,428,0.21408506034976,15.4375,0.9341004128273616,0.37858685008090054,1.4324520211547278,4.68867281553808,2.898390752536656,10.69569856968518,0.3010718610469131,1.6389808876110028,4.187523549412849,11.708772829024962
19,377,9,429,0.21798083416624386,15.09375,1.126954406611187,0.6146338049648827,1.474418829259771,5.02305241475152,3.6561444100199396,12.320301469934726,0.8886020595406334,5.02569231984395,5.113930471053464,13.979867757965481
19,378,9,434,0.2443717640742776,15.1171875,1.2603683264808183,0.6513356215137096,1.6881720966920803,5.815292532601703,2.8269847319658146,12.897507549676275,1.0484016688662894,3.599575456609713,4.375850863036954,14.689001222431918
19,379,10,405,0.22614152382951025,14.9453125,1.0340151915672324,0.35720537262206153,2.2617789864956395,5.17934585851509,6.112164018148522,15.29913851922798,0.4630732716680265,2.5437605280899374,8.432801587693833,17.48839484522958
19,380,10,413,0.2507850614107544,14.4609375,1.2952931682526605,0.3973290216401294,2.362996849828881,6.309054324461373,3.2729759557643656,18.85952425616992,0.3505839236903101,2.522999344149988,5.502574078668945,21.816336744866135
19,381,11,402,0.23040391359640414,14.1484375,1.0351368681158222,0.5553198683384114,2.4015103196784815,6.798376006464086,5.270532957742736,19.913353785907457,3.1730314912916624,14.178540237776541,6.452749609046386,21.10019493654219
19,382,9,400,0.2336266072295875,13.73046875,0.996589148691267,0.6565636102279138,2.283374424519726,5.6795710032276805,1.5927569362494296,22.449403462860168,1.36655004843442,2.202975558676702,2.7359598004222736,23.96489029137352
19,383,8,389,0.2601175102130605,13.703125,1.0256764434737997,0.570321036515461,3.0811768580506005,5.5878883534939945,4.310395500669541,29.51071563112526,1.3167633212762186,4.162531627170715,5.679465623301127,31.169259284609414
19,384,8,403,0.23597482014270238,13.4296875,0.8651528203309115,0.6294379120147676,3.450124770734589,6.0964785842654425,4.09298746116715,30.11510681634577,1.5998227578738287,13.882205012204968,5.1011354861343765,31.69774515210297
19,385,9,391,0.25882874925443844,13.4140625,0.862286278916723,0.4928720183897175,4.342167178495234,8.550676362807724,3.358455396145996,39.57032391090383,0.8051806171283671,9.131257563922068,4.831509216756512,40.65609978533722
19,386,8,415,0.2363666229997729,13.6484375,0.6562238974303698,0.6560886012329707,2.2708261131754552,6.5115332009974995,2.2843338699504123,25.013130793610703,1.1060126740189402,15.947496373326395,2.853930504032143,25.071704188747017
19,387,8,410,0.2374478835418532,13.46875,0.5982647838894466,0.5881455544996164,2.540601392076529,7.204854459901433,2.6150370070020603,28.682973508142634,1.2608618444734483,11.09519504599335,2.8278406221159886,27.89020877104713
19,388,8,427,0.26103431704265917,13.7265625,0.737283662232771,0.3698074071630947,3.1668397820091063,8.912190981006773,3.123966530082762,35.916301358082464,0.23221735638805274,4.128479626120369,4.031267413784402,35.47376199802219
19,389,8,418,0.23683087701469477,13.28515625,0.5914337635480089,0.5792332569425083,3.3942377820268446,8.888844951855791,3.4545485780046272,37.18885742072771,1.2920118096696536,11.128468895358608,3.184900526726601,34.84548597221657
19,390,7,422,0.23652838899749695,13.3125,0.6057674661449539,0.5757355233270616,2.152998388015442,2.899548379449442,2.239741144399255,16.48581801153405,0.6834352721302424,4.0957326818209685,2.0743929137092323,14.47135547769142
19,391,8,410,0.25441840498948537,13.24609375,0.6939737411451974,0.4645071275081343,3.2261961550432625,5.014258232976032,1.5882952952337521,18.926170209296547,0.8291265070506568,1.7213119016453813,2.4336816500937037,18.159716335824804
19,392,8,425,0.23007820176890995,12.8046875,0.6911172002900021,0.5437327840610438,2.9180834498756587,4.765245524943175,1.5706156485581024,17.968816084206715,1.204484093969261,1.7858213352889312,2.0058369015739292,15.421285676886983
19,393,8,423,0.2485962332761653,12.5859375,0.9559811794239053,0.6197614498516444,3.246156566370824,5.497376390041036,1.9258976364876856,19.995263563376604,1.2709349297633343,14.039304228533476,2.7027800831397317,18.428992679797222
19,394,8,427,0.22917113085182972,12.4375,0.9793662399648544,0.4889395101777695,3.082122552339655,5.405751613211301,2.18746592526766,16.81212017584044,1.15539274209635,1.9512179414560593,2.413489868418914,16.922231468539415
19,395,7,427,0.22993615513991447,12.4921875,1.1383485606139838,0.5747732245036314,2.641892045423272,4.625059521587099,1.1227312028547853,17.496171909756928,0.716217026908404,2.685277526834631,2.04804370777541,17.48856693729808
19,396,7,434,0.2507664452515374,12.48828125,1.1453284123502956,0.4544618101193799,3.15194282523121,5.15881575926845,3.0618900962269517,15.015999287668429,0.21903268695958605,1.4868695847199243,2.4374526903600673,20.1228899807665
19,397,6,433,0.2297309595275341,12.625,1.1985964541550778,0.6396344192672567,3.1081562411174715,3.46124393875262,2.3532486590778667,15.856204125376228,0.8626876936195762,5.264483377655034,3.8865099536105605,18.68611175767877
19,398,5,433,0.229122175551349,12.1484375,1.18279312888841,0.4009232464660078,1.7217962922668886,1.716394052908722,2.1090156664648996,1.8767515358663909,0.18188679962469467,0.8581722728440098,2.4310809022275612,5.365856783930036
19,399,5,425,0.2533232657199063,11.96875,1.2757211018780394,0.5227665135566132,2.195150381071815,1.9980270466397407,1.6794151425090502,3.1046415687003828,0.5515940379428906,1.200544224318263,2.314669870570626,7.822502911701051
19,400,5,431,0.22804090154350307,11.6328125,1.4673962559601446,0.6347430985574477,2.273239303498383,2.9848509817654607,2.8759564600632954,4.656545484090124,1.2077655748152298,1.8131079999622814,1.954907128572706,7.498224229561272
19,401,5,433,0.24961407082062953,11.4296875,2.0978369172855196,0.6093813681607058,2.8838200408224033,3.4658731397747458,1.8880184908343165,4.105520716176908,0.5955271882149187,2.0587984990435224,1.6174590103055422,10.676299998426613
19,402,5,424,0.22467863452356593,11.12109375,1.4488999178324975,0.5842629641792838,3.1472261680403864,3.660729807634013,3.072929835865777,5.344139405150383,0.2777242470714527,13.15461563990116,2.427735935789264,11.386623480054611
19,403,5,418,0.22605874706464654,10.90234375,1.6610442208289806,0.678580875742752,3.875503493171795,4.362672879311527,2.160691329869,4.908257820603643,1.1143205904323654,6.360974112411797,2.10979455402685,14.471312812953313
19,404,5,423,0.2485647183482328,11.0859375,2.145606560129892,0.6674026617905587,5.198152279284563,5.732484429611624,2.4619329144357343,8.317453469439743,0.6663753750098783,7.403389273421333,1.1678172131009543,20.405918512811294
19,405,4,425,0.22519241036323184,11.1015625,1.9852870272507153,0.5686897292387026,0.2662059320755602,0.08784705510233692,2.0193966112820085,3.3861910086861715,0.13795879044055098,0.13780088893701253,1.7043295164105432,0.47391584578158885
19,406,4,404,0.22349384822876003,11.50390625,2.0025841280748358,0.5965089116595501,0.3301906694576123,0.1173003427626162,1.9741207111123722,3.441714466649525,0.4012202240009606,0.5377265793004724,1.6907992331226978,0.5845461847739712
19,407,4,419,0.24493978438046488,11.9296875,2.535148107910451,0.7780579290109594,0.4458813426817198,0.17046597300053173,1.900343475920949,3.0235720520142437,1.1231270401647333,1.8487903372571948,1.0181580665565497,0.5651568495665256
19,408,4,423,0.22255871656577847,12.140625,2.4571906163659856,0.6807204525378282,0.4494819776840132,0.18033047658866175,1.795491372782589,3.2696378336007426,0.41716078242984916,0.9627862610640138,1.9334838501639682,1.066296660498368
19,409,4,412,0.24441511211951406,12.28515625,2.5576769674775957,0.6471333450177164,0.5352411411612269,0.22613682448874256,2.0039207055828467,3.904075777042811,0.3763311839249498,0.525750455884511,0.9798028279494253,0.5008863527074067
19,410,5,410,0.22534547315238995,12.9609375,2.535607967854898,0.7477667088573776,1.547747572789623,2.663673614490119,1.1825534762411531,3.206296711781504,0.7194027881168955,2.560521977546895,2.0850546299045334,8.547300954286797
19,411,5,409,0.23171136692641445,12.875,2.118150407574654,0.7433377013271253,1.4413877055995608,2.6191990691825793,1.1906851842889952,2.78176301644216,0.7948016519173304,1.8496420280692978,2.366611847409489,8.993101107396454
19,412,4,396,0.2654449320481536,12.9765625,2.3965877355903054,0.8765152306068644,0.8173360596213646,0.4144639935807948,1.7667808124321176,1.4268181607356643,0.5358150263643955,1.4447455345915448,1.2728341172320006,1.4619796434385308
19,413,4,411,0.24988599582988938,12.5625,2.2973313766212238,0.8261923486539136,0.8605440583820689,0.46254080700712885,1.9251440154248267,1.0899946711847806,0.33952497288176114,0.8786501828332371,2.3338017618955473,1.6060115471469973
19,414,4,404,0.25609470773140164,13.671875,2.488520565536264,0.777341161632466,0.9635379586507601,0.5500492863380811,1.8801090036582666,0.7724643200359511,0.3072415539637412,0.9367638770217388,2.66107808433658,2.0455971397081862
19,415,4,384,0.2888090269463448,12.921875,2.8222011261100537,1.0425292537535955,1.1447079889516714,0.696812127042153,2.106568603162244,1.1746350901838092,0.49414144715737207,1.1719091270408302,1.8344898779788221,2.2967180970258907
19,416,4,350,0.2696495376771797,14.20703125,2.713934829714706,0.9096208048297463,1.1115818085585674,0.721100305284738,2.130265591210474,1.4643328537751708,0.53990654141521,0.44676125050732945,2.731748895492714,1.9272623972276792
19,417,4,386,0.3029229560244624,14.7421875,3.2165653599846955,1.1420270516107824,1.339575625344803,0.9138095508478806,2.8314190466657903,1.421023008163639,0.28351786808963914,0.7210397821678118,2.153711325049268,2.8971643124831523
19,418,4,365,0.28123273753919437,14.375,2.438353253353654,0.9202717810860556,1.2688382333017736,0.911397026579188,2.024192386381352,3.172657283553527,0.6713098787829683,0.9636502632185044,2.578823401443125,1.5759895799898491
19,419,4,367,0.28594353304662107,14.359375,2.59574502504478,0.7977074781013364,1.3199988116874404,1.0232903438533467,2.5182530287410576,1.4237876055139334,0.5643759482955297,1.5139162114590716,2.7323168791128962,1.543398700758414
19,420,4,324,0.31922331353387645,15.08203125,1.6179452475706122,0.872888284031783,1.4901421385782325,1.2106207552501922,1.3633451955311147,6.783111125190027,0.8948647631288499,1.5459441672950116,2.2520771593103492,3.7048643316086847
19,421,4,358,0.2950609052204663,13.84375,1.8786038964673708,0.8062337657188634,1.3970031803082132,1.1835050666981108,1.513287547434373,5.447679363246621,0.5612193374432103,1.9751229896330702,1.8976703634950476,3.534681253639985
19,422,4,353,0.331820977637174,14.046875,1.8967811171705373,1.0067797073820475,1.6554283676302934,1.4736305261923306,1.713068975676785,6.234268543902394,0.6344992372377278,3.473319425399862,2.3509596241905193,4.503377188847877
19,423,4,334,0.3207396127386046,14.30078125,1.9147758012520404,0.8821790513095491,1.7242113638392569,1.6232974436349341,1.7629066235743758,6.9825323675639845,0.6743685899539049,3.5190238340212763,3.4411386665095063,2.313655953185184
19,424,4,363,0.3282404612586595,13.8046875,1.9918326336580754,0.9124954553553676,1.8441058415981222,1.8478165368557269,1.7695901859893017,8.388682764472927,0.38541528554995885,1.6060226433218285,1.9514656958502963,6.040623806799457
19,425,4,345,0.35802858183469105,14.90625,1.6684809804711462,0.9414117797558142,2.1133229763528414,2.1978006515005606,1.1701436742417188,14.551202160486632,1.0604376382968541,5.753335926272551,2.288690467444678,10.804974870118802
19,426,4,368,0.3205656972925564,14.0390625,1.7588734536504214,0.8805857790241864,1.9770826390208107,2.125251340546012,1.333975035060621,12.96208737062354,0.6822107091063714,4.608320894488026,3.0654255613635524,6.842458938384673
19,427,4,403,0.3988000129601029,13.90625,2.1679478411667867,1.1912887752097254,2.94946814832348,3.288632805927354,1.6965326826949605,22.077744968926755,0.5185377100471383,0.30168159274801515,1.9450278973018378,19.5545165494103
19,428,3,457,0.36306557475097145,12.9921875,2.0694316474287424,1.112994452974172,0.01576862983739598,0.015768590867351547,1.4955331524859055,0.5171043355084031,0.5476176312792683,0.15049240888418114,2.39474693982621,1.6508611172693815
19,429,3,450,0.37596081790947206,13.22265625,2.3086560381033667,1.1773006132726396,0.013622827023004781,0.01362276607111876,1.6221270835900299,0.47832872739024324,0.7718208449108881,0.5765727122488148,1.9922993511975293,0.5311787797842331
19,430,3,464,0.405567857227002,12.78125,2.2562060900470247,1.6046914951030087,0.01667972202027087,0.016679636598046485,1.467452741236401,0.9106859060671473,0.37732815151734983,0.061321903584479975,2.3763937405959563,1.5519700610082887
19,431,3,479,0.37943460538122425,12.6796875,2.381505711862333,1.3125121837544724,0.015795177001945895,0.015795084639059858,1.3552435662517637,0.9184131379999876,0.7778938792484742,0.7338901471201617,2.118124706802684,0.32129429526531217
19,432,3,488,0.39432142581613594,12.296875,3.0892204618814145,1.5015503656251699,0.018764077420971314,0.01876395251969052,1.978980873336425,2.088857777632569,0.6125550858018475,1.1724248327133293,2.4826512394439075,1.0337689244136912
19,433,3,520,0.3789789100662538,11.96484375,2.7304753845445573,1.4324020538634317,0.01743457509600654,0.01743444340012685,1.6006700296664271,1.4502963635649928,0.30995011923667637,0.4322967766347855,2.403269628175802,0.9124400400261714
19,434,3,543,0.38789528975741394,11.0703125,2.989017485953575,1.450374384222445,0.017872628879329108,0.01787247612207918,1.8344647917956762,2.099020004812836,0.7030136196252782,1.165448454030141,2.433907138389802,0.557119616320739
19,435,3,535,0.4328423194771603,11.296875,3.269483258063705,2.1589204515133904,0.018891290130521016,0.018890777472758167,2.1483763033395067,2.226114562299276,0.21858192875356647,0.2715949199682851,3.867003219927172,2.181240922683532
19,436,3,530,0.3953941251751842,11.1328125,3.3138132672232734,1.2369798427990844,0.01723094421291485,0.017230000595215872,1.808185979884277,1.3170884978830248,0.4538699892323994,0.48375807146885363,2.5700687154863546,1.625397189118543
19,437,3,533,0.46232960645318427,11.421875,4.051840169121612,1.6886228469461486,0.018135665497738263,0.01813445077857871,2.238512049372054,0.49643316916315916,0.5458920881241527,0.14077472512145933,1.8047974638518318,1.0764064316624737
19,438,3,529,0.41440528876408,11.4296875,4.107873788736983,1.6007544354442451,0.015679937132954264,0.01567866941604168,2.0515713975551977,1.9926367671918772,0.30962155021896026,0.12273943784141647,3.008492520202572,1.9003300969052797
19,439,3,530,0.42753811631068284,11.21484375,3.863709195236315,1.6311875385446304,0.015382479163701349,0.015380993805816649,2.387040174960825,0.23844529255510372,0.5850016228234136,0.7669536000246913,3.430137786722485,2.169668730692153
19,440,3,503,0.46071666916489606,11.4453125,4.640825459646621,2.040059097454201,0.01695431758213222,0.01695287698974912,2.4479087809280413,2.414254078266709,0.5526994964794347,1.0225904419919813,2.512665346216069,1.8424055713681597
19,441,3,549,0.426123710273678,10.8515625,4.010395938149529,2.073135576728223,0.01732150507378794,0.017320220053221463,2.399220072463108,1.4096018274462652,0.6196750471560287,0.8712781738783656,4.794182521072116,3.2370106557699563
19,442,3,463,0.4420760771561883,11.3828125,3.775812115413601,2.8952673328501533,0.01759794068876369,0.0175968107654834,2.168261093045242,1.503357126207316,0.23793124168657345,0.1440663784407715,5.653918531442991,4.270604940340126
19,443,3,501,0.5014809982623845,10.734375,4.554540378433824,2.9705131659589257,0.01938846479068671,0.019387398378921165,2.9584955420005263,2.088626031307093,0.6009607387692882,0.16066398774285467,2.63980682088692,1.3552604248541542
19,444,3,473,0.447322280660409,11.0703125,3.6459176522158314,3.4202671618980416,0.01675717192901588,0.016756391658494112,2.0181767159903834,0.9126411509779708,0.17786862756902952,0.5328605727981006,2.538686862278345,1.0566391377553037
19,445,3,473,0.4956101836282666,11.1796875,4.380465579207747,3.9074758754185295,0.01970104318921671,0.01970006295190924,2.3455327241630983,1.03095142325247,0.21359315884199978,0.6525402235980271,3.1615689843063612,0.4164806335270983
19,446,3,487,0.45907683471871635,11.34375,4.236901783392858,2.7754996648696615,0.01746754859553413,0.01746661428438121,2.2505834141904195,0.8613044372219725,0.2791812817242226,0.15140973660435234,1.9816618028159896,0.9776263432131167
19,447,3,523,0.4585693966704694,10.6328125,4.733884638915117,4.2112228163950345,0.015956090240482362,0.01595516745998483,2.5013337750870193,1.1398587544888885,0.12527568917978366,0.3926992713964633,2.859875171898445,0.8985323021165756
19,448,3,514,0.49994155903101617,10.84375,4.41063675996024,5.216802805582961,0.014979859262896508,0.014979220513806747,2.3805441260658475,1.206988924039155,0.38855512662020814,0.4471540450546804,3.6423071935120355,0.9811816742295507
19,449,4,549,0.44679377679815563,10.421875,4.671054359936271,2.785357962258341,0.2024438017635913,0.3760641523161956,2.1580220078984977,1.61715221350148,0.32011603909991065,0.6518129646767434,1.9414635305442571,1.8714367943179913
19,450,4,546,0.4867316332425777,11.26171875,4.496514991312174,3.103513379599983,0.19799812570446018,0.37000978700668224,2.1245937196851594,1.0493800718406248,0.38391334852301273,0.24038108661442953,2.906778477369182,1.4444379258854512
19,451,4,515,0.4472824825413548,11.9765625,4.297400511407332,2.934209492231916,0.20016320617276862,0.37624443361129756,2.2852394568869547,1.5904283643993562,0.16749611723219637,0.19740113734830855,1.8063533285749909,1.6393204756570798
19,452,4,549,0.43084442058242867,11.359375,4.1409146959083545,2.2269542178838284,0.17003727807157948,0.319175849205407,2.1481882308373974,1.268047342200181,0.5120477258987115,0.6980278038984745,1.0694046789985134,0.3457045709913915
19,453,4,509,0.48315363714435333,11.09375,4.956948028400247,4.8189637240294205,0.24201787912885706,0.45478101409959215,3.0817191668460966,1.127352268042161,0.33867501153543544,0.7109797194088991,2.185055529916627,2.9474320473421587
19,454,4,488,0.4358089453715478,11.30078125,3.9086614358254335,4.167174320821129,0.2259839965795053,0.4241883783915678,2.2778068685912864,0.6609120853330297,0.33497913629993503,0.6327878007745028,1.1517735664843771,2.2306448936463674
19,455,4,509,0.4344624806024839,10.7734375,4.41976487961959,4.479800501767842,0.23309784715350496,0.43983062854117083,2.4731498085433747,0.7383192379241699,0.3290991987796005,0.4586093553044966,1.7094758683941385,0.7929879166283915
19,456,4,512,0.4756487774037606,11.16015625,4.471272810514992,3.9359423123075272,0.27297886941483257,0.516704103761243,2.525680252154398,1.7278295062798028,0.28392312506327066,0.343201725653424,1.1493796421043967,3.1851505746765847
19,457,4,510,0.4335373522833552,11.3125,4.684370164694175,3.122927040727032,0.2845479821346884,0.539512274960596,2.597621641286554,1.0546951378123444,0.4673027397661622,0.07060345879199947,1.3102869293472013,2.10895497921439
19,458,4,495,0.474393514830417,11.3046875,4.730219067358612,4.163033520849865,0.3263017574647944,0.619428733213366,2.558415871023832,1.575596896551609,0.2817342131650268,0.5333903780768103,3.221035605634386,1.2415764955071187
19,459,6,502,0.42009042009597064,11.49609375,3.6458773468296277,3.546845442075834,0.6333869837418877,0.7223036486715901,1.67340540186987,1.5660982738743456,0.3153843056095975,0.10716958408929822,0.463716849450227,1.9601284383086635
19,460,6,526,0.40771588651430185,10.36328125,4.414792638474445,3.0813822844396714,0.6080945442027159,0.8741678726871747,2.2737674726912673,2.3625896152996537,0.1591923194808797,0.8300343629926341,0.9485723721894577,1.9995911359916265
19,461,6,535,0.4467954164317488,10.3671875,4.879526116870494,2.214011761354111,0.6785413897553206,0.8956256633943571,2.1993699548162784,1.8134728566710812,0.5818469131971672,1.018573772497988,0.848600577805416,2.7466773734547596
19,462,6,535,0.41362955049233685,11.359375,4.624094506111097,1.9670172775091217,0.6904804456380728,0.757876837820437,2.302227373861147,1.2540603605633185,0.7199038562351967,0.9829923754955687,1.0286652376474876,1.463186536092727
19,463,6,539,0.45639601342440955,10.875,4.922662528006775,3.9749800491830722,0.8913705784880341,0.8701330858131693,2.0760951658723386,1.712995214737904,0.3587078832351528,0.45643481976912903,0.836696342777077,3.560367312873792
19,464,6,526,0.41526832777970124,11.41796875,4.415530598905908,1.6392524885902073,0.885386997471572,0.8339676570422347,1.8008368884152484,1.3961696923733116,0.23288524156261983,0.8785140000147424,1.0344220486269446,1.5214617893240092
19,465,6,513,0.3963357378981623,11.3046875,4.411092845559548,1.431979665930802,0.7194318316145019,0.8569459706174734,2.4278419967302063,1.4923856339585577,0.12350207838692817,0.14945386033560293,0.8352753304608326,1.48692761337698
19,466,6,523,0.4462902902235861,11.4453125,4.268620650997925,2.0818093047016677,1.0366192030192847,0.9964461531208051,1.7251434242543324,2.164839856680979,0.5033129221164379,0.4657119407434986,1.193759168956884,3.625049643891433
19,467,6,521,0.3976907691105191,11.71875,3.7407521909125703,1.9294924960348927,1.0359871437849468,0.9205107086899327,1.6887205637199032,1.5045855245865292,0.30063184474865656,0.3950143433000941,0.8676572754283944,2.915511010812242
19,468,6,520,0.3946929736181811,12.1015625,3.4789685289832377,1.621120287936907,1.1606412291979407,0.9760075906286141,1.6512583068442792,1.7746026669494894,0.3723919799701601,0.44428332976551105,0.9415734347158129,2.85519360493249
19,469,6,520,0.42844643464486803,12.2109375,3.76216269988615,1.3690720084935055,1.3796608580148069,1.0933780452325421,1.7753023993175114,2.143511856363869,0.12638135225670444,0.5638353340929391,0.8005980322574018,3.78110621571322
19,470,6,526,0.3905379786167345,12.1953125,3.0214966113501562,1.275740075966525,1.2508804911926028,1.015219813905165,1.580410132577766,1.6238787467495137,0.5943057134053532,0.6106837541658439,0.8215900758986538,4.303375949296376
19,471,6,519,0.4253049212341318,12.28125,3.107833893479068,1.643192721747036,1.2753279682070118,1.2311692948474495,1.3585006414954068,2.2330389307282563,0.2663536853975589,0.8407037637093967,1.352397909115949,2.3195270042173055
19,472,6,529,0.3742107206927526,12.5390625,2.9048265347206743,1.0018337556202621,1.170709561547953,1.1073033781055333,1.3902690441078067,1.6881566610280174,0.27298739867694694,0.38766497198183725,1.4024000442372728,1.185623678050383
19,473,6,519,0.37026566555743784,12.3203125,2.6883638434480948,1.0404152892905512,1.2199206185608258,1.0890677000092874,1.3297136728652679,1.8860735699518358,0.27824997227685055,0.4747477894096759,1.40878386450736,1.4978185972775657
19,474,7,507,0.4065761387614089,12.3671875,3.196465563717415,1.1665584169278493,1.444007064364486,1.6842926908277878,1.8637073569721867,2.470068322502315,0.3458858711433044,0.6989563938660995,1.7781690418677387,2.592682646549643
19,475,7,499,0.366685044194868,12.09375,3.045967650277376,1.1697694976290731,1.3464124927512113,1.579690331809052,1.7376112937138692,2.0394783566028534,0.8119338828578487,1.0080974553127096,0.9538570593092823,3.689097482243228
19,476,7,494,0.39552677902214817,11.87109375,3.448485375131024,1.185609011419249,1.2157551063853127,1.6596741146570104,1.5095831790073162,2.2478260068891793,0.2580241775573742,0.800368480314957,2.801316632820846,3.1880891076943447
19,477,7,500,0.3389910576718326,11.82421875,2.7310210098245946,0.9921557708502199,1.03089801827533,1.6621434202653436,1.32071382372002,2.047283952898021,0.5365189282921081,1.1294469637902333,2.633709269465165,2.9081847796347917
19,478,7,472,0.33558965679663455,11.3125,2.7343782394664746,0.9742091348985784,1.120818866527657,1.8264627272882077,1.2441041785586286,1.4365785435817737,0.24977833756080964,0.5998504015823618,4.106371981325567,3.887055527914798
19,479,8,488,0.37181754085173263,11.3515625,3.1903762641608324,1.207349460562844,1.7031302607381318,2.4467630259431257,2.107145408110461,2.888674409589586,0.32293607465014,1.4314716370928424,1.2136639397257123,6.458092987361855
19,480,7,482,0.3252084967976806,11.30078125,2.9227930476943493,0.943805011193869,0.9349941751012589,2.39917465123772,1.10693926245747,2.8519058028594793,0.16776447000841957,0.7890076991232163,5.710053328580601,3.6262105176050645
19,481,7,494,0.35510971009943704,11.52734375,3.1512847973365528,1.361957277627983,1.1693196523589025,2.4479788639198468,1.589072000357874,2.943890568962245,0.38028750344821793,0.9976171951781097,3.358750464526362,3.0615452244334693
19,482,7,470,0.313480439323149,11.1640625,2.862883958443222,0.9190503490720012,0.969631949856406,2.5497847288341684,1.3622010796171402,3.028458419178442,0.10811643550400139,0.7332631657101726,4.106547110101252,4.0494856669829975
19,483,7,460,0.3014416065417065,11.1328125,2.593132561557585,0.8428438906668773,1.1795954840494685,2.181883393718424,1.317245495771128,2.5490271033748177,0.22107255075592513,1.42258645396999,5.734932787263728,4.219839226332786
19,484,7,469,0.32246925601881876,11.2265625,2.9220975766813138,1.0715325185505116,1.4060006505949336,2.6842561461676286,1.4510073007508633,2.7642146634073903,0.46472129104544235,0.6904919709689016,3.9656691035864915,3.883799549317621
19,485,7,467,0.30416990831044965,11.4375,2.6965890730882722,1.090308352195208,2.7758400717595957,2.453234193902985,2.692324023018095,3.7194577565003035,0.39276815645365376,2.3446895204511815,8.464223846531137,6.399551503085592
19,486,6,478,0.30816560710396934,11.80859375,2.718743705270137,0.7844489661951108,3.2611006950827983,3.0901365988556067,3.2600743659140363,3.4122173752402287,0.5595706078998234,0.7906332878724693,8.785182210958862,8.471662101987608
19,487,6,454,0.33545049889591777,11.69140625,3.467855437009899,1.1946826922247746,3.752103879178459,3.6657960070463513,4.192990770206112,4.0085576799387646,0.7729093675266335,1.1159664452624092,10.403483503072177,10.334014566899818
19,488,7,443,0.28183782975492455,11.6796875,2.640286839663963,0.9660434939557566,2.3853221786984773,3.276689532624399,2.0268013456221845,6.921451395829018,0.5394117502140041,0.6105961909308172,5.522793212694192,5.585878155109159
19,489,8,402,0.30335238277064663,11.5234375,2.7905716316193923,0.9966073908899618,2.878881713890492,4.669270637494156,2.5215528113175694,11.630801842422912,0.776149591101261,1.4043110156576766,4.813648909401094,12.4953011715399
19,490,7,403,0.2687575471689912,11.375,2.2794885210058657,0.8383467215122409,2.0667792767768467,2.970456785861762,2.0194348367354307,3.137038454563717,0.33409083428024783,0.46372756787815045,3.7556591357571176,5.879686492524312
19,491,7,433,0.27354367822928255,11.2578125,2.850304124008003,1.0786649349458521,3.227784487854458,3.1091119556598583,2.7672974363214102,3.734527732400492,0.20098756576767313,2.9353250467808567,5.772958071461194,8.316251221719293
19,492,7,447,0.2784405564225281,11.390625,2.4231175404808214,1.002959519317623,1.254458278696815,2.6802250293733443,1.450038180551401,2.8035604723723893,0.5218370739513164,1.5547221355100138,2.391684832317861,5.387445460504439
19,493,7,444,0.25204545170926584,11.14453125,2.417427976686246,0.8216419977826795,2.163569885225446,2.4013764811727296,1.569902945808515,2.912035341181782,0.3664135363098561,1.2156040496105271,8.19814117190463,5.706027617557252
19,494,8,426,0.2429180856032828,10.98828125,2.23725912236598,0.8227555359359399,1.7547727515382157,1.7147474138101857,1.9030365443310562,3.654761454224592,0.5335686841322662,1.9754803057386152,1.6465791702615373,3.80730171231659
19,495,8,401,0.26809803688140194,10.890625,2.764894471439785,1.0007974432919955,2.291802020037715,1.7640308037492782,2.5343535262969614,4.626318786133567,0.553980585199426,2.0387956631376274,2.750524133764627,6.164996016451884
19,496,8,429,0.23865363973431666,11.234375,2.3026214568429606,0.816444732840057,2.094225971238341,2.578829694379952,2.394162166419253,6.792504378206162,0.4732363973178193,2.1090424011421827,2.1233120656342566,8.162554472154913
19,497,8,428,0.2612141104450008,11.2578125,2.3656497414434434,0.9320079448923573,3.0601597493362087,4.455279314352317,2.6956529297064495,11.070649491569153,1.512927409534082,8.787526534874516,2.099702035161786,12.795210175222678
19,498,7,387,0.2329963353289567,11.4375,1.942017056282159,0.6520441907462068,1.5727822977994963,1.3639896365234248,1.465916338676604,2.218140259216038,0.37895050696485516,1.5123499276280208,1.9985510229438057,3.3707598988196072
19,499,8,397,0.2301566052784903,11.953125,2.0546283477064704,0.7465084200302007,1.5882155892923369,1.9435830363167592,2.406478489501149,3.48314619584039,0.742049412768053,2.150061756696517,2.0222431215528363,4.982587801178575
19,500,7,404,0.2682341352518143,11.59765625,3.0764784994419943,1.0139188677570066,3.404368169164238,3.877011712418074,3.886356032786074,4.278887612292294,0.5508971736539572,3.198426699612248,4.192543626440167,9.824653063704764
19,501,7,425,0.2353675658731504,11.5625,2.2738735221526225,0.7600445493859269,1.7237879627348927,2.7429810551631695,2.4870836328476695,2.375901463696832,0.6760582128536599,2.000710179953603,1.6951188304976317,4.995005243739764
19,502,7,434,0.25638997709323047,11.390625,2.72535904396692,0.9043029531562844,2.656869778986613,3.8851764378754963,3.366587049819273,3.401268571286848,0.635295847100689,2.182955164762895,3.092756173797654,8.688073713361693
19,503,8,420,0.22453326276327285,12.1875,2.1553808120076323,0.825789636422948,2.1516448309007914,4.656930364988181,3.1210219317109713,3.324164203975789,1.0585916733421166,2.4072570806882725,1.897942743867072,7.307335851873189
19,504,7,405,0.23893087283794495,12.2421875,2.872303152837983,1.1185146974545197,5.675329823430304,5.198105252449183,5.24764673987734,4.732341361166927,0.703004325694057,1.0236342884000431,7.7087668276507735,12.148870208642705
19,505,7,416,0.25498321101107413,12.51171875,2.5055868262629115,1.0333721426715767,3.552921592336879,4.853529999544023,4.071247237333057,4.492549675045081,2.435953150719799,2.2914412391701457,6.1555008409747165,11.806950496356361
19,506,6,438,0.2415076320734933,12.99609375,2.6372092738936033,0.9569613731371884,5.170063723345201,4.614494620520372,5.280063481719835,7.80741293483104,1.4968818752127255,1.4988968026815277,6.985129235914924,12.308435678044694
19,507,6,398,0.22404022967054174,12.265625,2.391066402872958,0.7747550098050162,3.8207177891730923,4.599042136792188,5.279858619321538,6.075776719481929,1.6408025785186515,2.1991771948968584,5.7826899860444225,9.9342161387495
19,508,6,351,0.24700506527832683,11.875,2.6131985483462294,1.5614968022524987,5.335420647445992,5.116961605729037,4.92353365713388,6.956968528224924,0.990320857494448,1.1714897726289708,6.53167760488497,13.036232969307326
19,509,6,401,0.2650088805832405,12.3359375,3.316541949238172,1.2567115163119582,7.271585508010943,6.529253767755122,6.392103482660319,9.216266525856668,1.2268529570444429,1.6675259963061138,9.14043440552991,16.736831954353566
19,510,5,440,0.29473543926923956,11.9296875,3.3642962441533166,1.1384839666579532,6.228352651208956,6.281600628809228,7.859121330039253,8.954575469940119,1.7755812585849744,1.3976154305978743,12.785075051461183,20.80633267170342
19,511,5,436,0.23860286924271581,11.61328125,2.1662736505301003,0.831548307632658,4.241450550620062,4.02763444655933,5.7192000995561365,5.417331091389792,2.4528374049939714,2.831121245415485,5.681002333613922,11.21366500490863
19,512,6,411,0.22881575282284092,11.8359375,2.0328911044603513,0.7300771396400352,5.0924234777297865,5.276064320303511,5.367242824889195,6.359426898336519,1.2380459232445684,2.3656751194932584,5.454599757144003,12.423582974222068
19,513,6,436,0.2500588847686055,11.8828125,2.571804979742316,0.7912242188818841,5.8601303805022065,6.149178894461931,3.9149709467982405,10.61855505023161,2.2652130162346573,2.7763631470901875,7.298895219732641,14.543313732120353
19,514,6,438,0.2393998474182572,11.6171875,2.9393704656054767,0.749492328400702,6.48068212319462,6.461635324427608,4.672018476510853,12.30592897933656,0.7068701043555781,1.1238825223367734,7.493176155387154,15.099791113778172
19,515,7,432,0.7782618677134797,11.515625,12.407089999363105,8.28084787437438,17.93937656001063,32.97376986905795,27.64558356293616,41.28094135527838,3.364013251331631,9.057695851343619,42.633252480531475,75.78246252942694
19,516,5,420,0.4121598013748973,11.45703125,4.961748398580834,3.054400176707656,7.225161025829417,16.602725395785846,12.031558202836788,19.69444357990042,1.3535221724795097,3.1090193784087994,28.034890393049782,36.30973980657188
19,517,5,434,0.23984395702906228,11.7421875,2.044942063758696,0.9677547970580191,3.370768917559743,2.505016320290402,4.365250107799332,5.756022478997008,2.0372020297525246,2.290818230325897,9.246356755072766,12.004171951900053
19,518,5,439,0.2357952062176144,11.6484375,1.869216829712225,0.8185927165219415,2.3443962773942326,1.6352428047537806,2.8819631851424243,4.753173743903307,3.953767142152671,4.457205943024077,5.6970644398005446,7.453536630813019
19,519,5,432,0.2809238298717073,11.48828125,4.708695688327486,3.2030272857517694,7.197990654473169,8.561751643678702,9.24895040525747,12.598608793229857,1.4319130310356423,2.2894234354696112,18.683525437595524,26.88081621053995
19,520,6,426,0.2244362371128851,11.72265625,2.5333770758789216,1.0699965278471297,5.139914759285091,2.9085765840379767,5.121618140010247,7.857410354082819,1.8685390027878248,1.8458450656923726,8.672553156355658,16.040937640479054
19,521,6,398,0.2761893114706765,11.2578125,4.057618063589381,2.8980865912829623,9.13544039132104,7.151584054496175,10.077342940821458,12.028001168259719,0.9277864168932206,2.4835468636241944,17.73184576890319,28.347948206524244
19,522,6,396,0.2240748762128179,11.484375,2.01861506714218,0.9177850742977134,2.8604824576782737,1.8268778742705278,3.2973461216194844,3.2033171927971136,1.4643213609741603,0.9817908820131309,6.381873532291966,6.2487823873954484
19,523,7,428,0.25595265930604516,12.00390625,2.968808099641957,1.239950924912915,4.817845772746543,5.240251174257016,4.744734083066872,4.347620426316101,1.3490836624016016,2.2182246380727397,8.30963021561832,8.376472639087037
19,524,7,421,0.2086015933565915,12.421875,1.6433143685412996,0.6457736964780223,2.7419094830692154,5.4719338277025,2.818237531634803,5.767280343133326,1.5863262798194386,4.0596951927862595,2.1012710609209457,9.246331873569197
19,525,7,440,0.2021535279501975,12.30859375,1.837674756402801,0.6890029365383239,2.304923705356319,5.231322280463164,2.9557403066820296,9.42724258768041,1.5166806205691046,6.986612807139161,2.242433065053141,10.010084331500071
19,526,7,409,0.21918601729931078,13.515625,1.8480013811491005,0.7370764300674062,2.7073372111799996,6.005665886493516,3.157481049012783,11.47484397736503,1.6777196365231954,1.9912436118636851,2.692868759863985,13.25110209073954
19,527,7,361,0.19195743047210473,13.8046875,1.6185143951659584,0.6229370075835956,1.131406772919806,4.621082820718926,3.518742935167821,6.388354283055746,1.2187802440129296,3.617355288107735,4.539603620854797,9.06699017872633
19,528,7,380,0.21649980452207424,15.71875,2.024494716090212,0.7510855973652804,2.614499027732123,5.9082166140349495,6.38963272846201,8.21128575791112,1.226058143737138,5.565040136652584,8.300205721742412,11.311273860369228
19,529,6,407,0.1898751772074018,15.359375,2.1065050533860163,0.7745829596789092,2.8659680625436574,1.5239219087527767,5.562774642132873,7.047240056012896,2.15944502425985,3.8672283872671116,9.491557878043952,12.19839936146884
19,530,7,390,0.1892603184755559,15.859375,1.68348649082342,0.5692446638144832,2.1970654233607587,5.365277445228169,4.450360134761177,7.3851045210260375,2.9657274731834753,4.405905613027526,5.696575526576225,10.727694263762384
19,531,7,407,0.20087105938019473,14.203125,1.4262588678247161,0.6861484728009543,3.067306086446746,6.223632826972161,5.943887228792895,7.257010576495942,1.138334703664237,2.3633840244556,6.195645371071608,7.970280452715176
19,532,7,401,0.17926768060603368,15.40625,1.0126815799751667,0.5582816375588064,2.586088666469431,5.412156229576452,5.465430826999265,6.905345302072261,3.3388750860305914,4.882110979391847,4.0196144271001915,5.27046870685346
19,533,8,371,0.18582436020700355,15.671875,1.385530281342908,0.597563577372886,3.167050049641303,3.881534970657378,4.162921369220476,7.863841072632005,1.6507064532810911,2.7328174069007973,4.104674296879962,8.548560933677843
19,534,7,380,0.16049109638133088,15.82421875,1.2989551587669588,0.6070287113537379,2.7217094453774515,5.341169991779731,5.758743091823508,8.748030106040929,3.1224145750206422,4.141339624864619,6.689273315072374,9.970519579746075
19,535,7,398,0.15602778922862753,15.6015625,1.166328684514114,0.4689315271924916,2.182782364966028,4.307254784581057,6.019437997891521,6.849137754577726,1.6764946824641347,3.5799015060591457,6.294344402557676,7.674931555328874
19,536,8,397,0.1685635590524739,14.9375,1.710759123729996,0.6002500513322405,2.9398555003193363,5.115442264956962,4.00356832945956,7.840630148127967,1.763622352927899,4.879007747346434,4.946261505640131,10.25247669784813
19,537,8,373,0.1481135917702841,15.0546875,1.545489471077167,0.5342305856100174,2.2278664830794375,4.062396991020208,3.360905798796626,5.7888515751520995,0.8116442942588642,1.846044898388438,3.761562581730044,7.6457722192904845
19,538,7,387,0.17114255012066826,16.328125,2.102562957862257,0.8209935353286103,4.462334933596619,3.4159207247630596,2.4081340156056568,8.887573974866083,0.4954544234864068,0.6979261815541293,3.5721407364203497,12.063714315574572
19,539,7,393,0.1550096244321508,16.78125,1.4855382109783402,0.8098869364717453,3.051015534729949,0.8551286015359292,1.8182646423864384,9.076087625783474,1.5727234313377074,0.8482795299182946,2.5219949692844086,10.351832599277031
19,540,6,394,0.149282725520544,17.15625,1.1990478091806214,0.6513072884839268,2.5395435824326347,1.5436774758725895,4.346618844316453,8.892390019234782,1.1867699258570026,2.095276525985362,5.700897523263861,9.088384394958343
19,541,7,379,0.18012458744358542,16.875,2.1732904956202614,1.235881294410071,4.613874692492873,3.770534172184653,11.511375057940713,12.07718331526886,0.6061463980974507,1.8192878132912667,15.558779734499623,14.042000031472433
19,542,7,372,0.15249615594747196,17.59375,1.6557201366940641,0.8788415993914876,3.5644464481231832,2.918083784539367,9.326469380643186,10.906780103691634,1.5980051710707348,0.9958104525522411,11.79339700541745,11.709355887540168
19,543,7,371,0.15449248555191875,17.796875,2.2426706398858607,0.38073657619865997,3.0452549057615044,2.3964751927221712,6.616799904264202,8.483449091972497,0.5569376185174814,1.628708170570259,10.589923614106143,12.418522500950012
19,544,7,373,0.12788987178233915,16.421875,0.9230252462296786,0.3675802821630786,0.7149257278649888,1.5686875814413936,3.7641387044043535,8.503302050403274,0.9381014367213067,2.5076647688963867,4.2133034181395015,8.823643001649339
19,545,8,366,0.12870782056626326,15.98828125,0.6102467525311648,0.3418866256052852,1.2641173925170155,3.9994841215911783,1.8523617806745036,8.395153965116668,0.5375298866577989,3.0258610972811644,1.5083797218307953,7.442250495765426
19,546,7,388,0.14741012607339368,15.89453125,1.207059215186456,0.6286516118847607,2.3922009036044707,2.443232524455388,1.0354377083067439,5.333787584653397,1.4612975995887407,2.8885596104298457,3.794474728649368,4.947590125814555
19,547,8,395,0.14081557807466222,14.59375,1.665260585788624,0.707010891000785,2.3641623843105526,3.156313261361241,1.7284294751468758,5.7590252849445,1.3649074678773425,0.827566863063312,5.299697354513132,7.103458895897573
19,548,8,403,0.12410746563279859,13.71875,1.2718257920449105,0.506889225877342,2.230426651211853,2.5252180060243825,1.1850608891528414,6.213215405033965,0.583290465000315,0.9053828685571323,2.143132317864242,6.823960432836527
19,549,7,400,0.13576486525528697,14.8828125,1.3287047414186022,0.5572733957398477,2.711603784782186,2.309524908816165,1.6566924561006202,6.84948283127267,0.9458015368043238,1.220119566323874,3.508234899343378,8.044889708852056
19,550,7,368,0.12292012539184617,14.16015625,1.0494008352466953,0.34698446773658576,2.1242687238356677,1.54493370832681,1.583721807997373,5.369983340315067,0.3935955280698369,0.3666232504048742,2.2181075263993386,5.68267663271494
19,551,7,393,0.13455323265370625,15.4296875,1.1826887261159926,0.5068063769298843,2.3165984474800756,1.6306728067979575,1.650057233633728,5.758052945138462,0.726962859022459,0.8575674970819638,2.4739670712332456,6.394707816188794
19,552,7,403,0.12221854243619226,15.640625,0.6836557907281647,0.43190588781643696,1.855528856471918,1.3768112607324379,2.254700262411004,5.293367734884958,0.8293171339178074,0.9836067204179337,2.0165194483451865,5.182585139743922
19,553,7,377,0.11423384804480717,13.5703125,0.7471817584291456,0.26076945805972807,1.7545116712394382,2.59358907774447,1.934357402080643,5.924265417247821,0.3119160731749797,0.39729069979244036,1.6001210731161133,5.968468088273033
19,554,9,388,0.1254887958038329,14.07421875,0.9504928945062044,0.3578956838839113,1.5183917315384539,3.7381844279014924,2.0666755193334128,6.667525641842939,0.3250317993577462,0.41349219936559256,2.7282159041054186,7.871270698071639
19,555,9,372,0.13036362740602458,15.26171875,1.6484057956665537,0.671025301563369,2.3615817287342558,2.5591527630641266,1.6061605487453194,5.663926836888741,0.8508284335592867,0.703605493761865,2.966697698901546,7.843263248767785
19,556,9,421,0.1503124770471247,15.4609375,2.031542583599955,0.45902302365370495,2.9903821967435196,2.399064942029417,1.944283610261088,5.579687490337379,0.5182288225768309,0.690334737061364,3.2248994417571413,8.719142614179992
19,557,12,402,0.12651553303174431,14.32421875,1.2081715921584597,0.3952138015906457,1.4906239832317323,2.7996197389724906,1.1807772753033987,5.054766233303595,0.4465831197606436,0.43539257772199585,1.3572912238485546,6.303015441581033
19,558,10,403,0.13784904404863366,14.78125,2.2306432530832883,0.856353121602353,3.10471898580165,5.059913841124718,2.8298602796979697,9.50014588123382,0.9331696243116447,1.5886035215510916,5.2871476869811715,12.334114452357266
19,559,11,392,0.13759666675968427,12.765625,1.6753045029774585,0.6561939637668297,2.113723747416893,3.982764818260093,1.8867916950911583,7.272365816824779,1.717560757194879,1.8950768707072887,2.384354739311572,9.364532675671715
19,560,9,392,0.119450883863766,12.9140625,0.9271983672148798,0.3626276730743835,1.3769477793651272,2.6902217378810818,2.332779130237255,5.8818977312357275,0.5516230365086248,0.348777696609851,1.8731554944712578,5.853641870684501
19,561,10,381,0.1348366074618772,13.3046875,0.659509979762755,0.37005329254893515,1.0964557387343887,2.76301744472993,1.681520600841819,5.698716030175724,0.6455898652875168,1.0645256948904773,1.8707422529377216,4.691372446488792
19,562,9,396,0.12013677810901989,12.73046875,1.1240194025247894,0.3277901046547585,1.3589321569520922,2.406187216677656,2.0737246924376223,1.8734393524412853,0.5182170864186563,1.6958435771473808,1.877602564503643,6.644271603453172
19,563,10,337,0.1239683590489354,12.7890625,1.2157187641183318,0.43559197442336484,1.6005058274308468,2.9608556860716124,1.2315397921813185,5.942862205437585,0.9332502690835744,1.3916694935135905,1.5422901855588829,6.297447926506933
19,564,10,386,0.1388943764748074,13.0078125,1.0170294531855681,0.45634768634423917,1.2915646438184476,2.3748709548898583,0.774459505045334,5.309342128574151,0.5134936403197761,1.0432039322201505,1.0650771709580877,5.836407167240755
19,565,8,412,0.12721995396335237,13.171875,0.7266651069559575,0.3701329009660258,1.1399022871756177,1.6198647242874329,1.6488028195056237,4.234790242469185,0.5355702289350375,0.8448282794833346,1.694146370190229,3.6269839389518963
19,566,8,381,0.12305621383110399,13.25,0.5860494802890551,0.339349277536221,1.087600382511293,2.1776731570379693,1.9364608584929732,4.786262953408149,0.40315830796590835,1.1246325108334,1.775500971892006,4.443431290351933
19,567,10,382,0.13423564102683144,14.03515625,0.9018383872687843,0.302028450741652,0.877205371243698,3.1744586890203674,1.1346648789085312,6.5371084640986705,0.6359207037094834,2.5808364601932876,3.4839773515714496,6.845872820228864
19,568,8,379,0.12401022842126978,14.3671875,0.9052305019874255,0.4420427012888922,1.1789835278114587,2.4044590085258433,1.981281741022258,6.276494880833231,0.724285896596327,1.9453226821756293,4.088907017235433,5.503707124812001
19,569,9,347,0.1494294060842982,13.140625,2.435780771709631,0.7612448373853553,2.465173326463485,3.697783199740602,1.7876391151764088,5.245685568162121,2.028501986434563,2.900953942145527,6.980189601599439,9.8798023910737
19,570,10,362,0.13122640584957898,15.5390625,1.2411473379240006,0.563596002036144,1.3802160262909897,2.9169295334965297,1.901920877431865,6.24613259079736,1.0619600855762763,1.6245411752276415,4.574829791249551,7.190428146776966
19,571,10,384,0.127297097472735,15.625,0.8623717382702389,0.5453821320513609,1.0846238804804202,2.0388190503666803,1.718384035390398,4.792412974418989,0.6263903760844056,1.500002118136185,2.7959471653532346,5.16412732369966
19,572,10,368,0.13295373801828997,15.4765625,0.8535486502618616,0.3637568599687074,1.2323510459038998,2.3984951818753575,1.4380033057379522,5.851763612148561,0.48755404346526765,0.836915662926019,1.6177482421357898,6.462255595391512
19,573,9,351,0.12092266820426437,15.46875,1.0566154277973525,0.35105125381025176,1.232095505424215,2.459142562558154,1.479456054077145,5.703383538949907,0.6399264471413706,0.9502904884415605,3.0201070421867944,7.032556875777458
19,574,9,346,0.13367908034621198,15.80078125,0.8026963403187289,0.45896135073040983,1.4143929867896614,2.4075933353814425,1.4554353802623492,5.49685304877179,0.6147495900251667,1.2172559973544252,3.0620636918287047,6.569652747666107
19,575,10,357,0.126457804914478,16.78125,0.9114927197086298,0.5597331366228244,1.289824538277548,2.255913177518858,1.7927474482466397,4.652967571979074,0.8584582694489125,1.2139083130190271,3.7334243806341965,5.596074107449358
19,576,10,358,0.12170392228956699,17.03125,0.8027647269008416,0.4663469391955589,1.0756735406613107,1.7129629682540002,1.240966765999098,3.599679864545277,0.4779746829798896,0.9172856946435117,2.929859353688247,4.358091076789357
19,577,10,370,0.13235205418267973,16.625,0.7877706164507838,0.4105928807228034,0.9069220617003149,1.4508174522109316,1.1736680795317556,3.511217415487448,0.49453150768590914,0.7593650024025903,2.5005025365240874,4.12288797417206
19,578,10,367,0.12216035159538473,16.84375,0.5339127958655601,0.3591478052758108,1.0763094378489309,1.5892185000578443,1.3205228063900418,3.86428133882394,0.31945002071436573,0.6420645374899412,2.5464988125300616,2.4582296464428035
19,579,11,352,0.14139935957596436,16.859375,1.0364134202449802,0.5857059088402845,1.206819947353674,3.028049485618964,1.4705935259782164,4.963616117467826,0.7398009493526854,1.0985288356782645,3.784344859322472,3.760662801636263
19,580,9,346,0.13315504282774682,16.0078125,1.2288402500115856,0.6502384107028215,1.031319331924841,2.7464448645762864,1.7422141382950507,4.652559159630712,0.491514135756077,1.5363223737542817,4.093920232135601,4.543690285789477
19,581,10,359,0.12781262366887278,16.359375,0.9799906260337651,0.45568858012449753,1.1438681411443805,2.504255168855528,1.2766433238627561,5.140928998348135,0.3401067970313465,0.8662353312651403,3.7367756931516514,3.7715982058994104
19,582,8,362,0.13327891693364563,16.609375,0.7223967701737897,0.4823119835406159,1.0736906127046963,1.5601545684031053,1.6764070285212915,5.021622442846514,0.7461381618537785,1.7230069082189312,3.033269626285363,3.4381431091154138
19,583,9,382,0.11837599606668789,16.171875,0.4897892642691186,0.36191011515909943,1.0205074866284882,2.2565140662907464,0.7118402449985817,5.53549522827743,0.4096143100142435,0.814445270696012,1.038181841779673,4.618392753057626
19,584,9,416,0.1289897658249249,15.35546875,0.6452822697712616,0.4342961186028622,1.0532139362779909,2.2285005675820155,0.953578530704476,5.8051205321644215,0.5519055140353522,1.260768821360647,1.72902954575313,4.815296217924499
19,585,10,417,0.11587137837711109,15.2578125,0.5936216958495366,0.4244667270146905,0.8859795745519043,2.376745261777943,0.8478839074619704,5.481297981155484,0.6656099887280508,1.6877873528718597,2.01341291841768,3.610489851081079
19,586,8,411,0.1214311271301024,15.34375,0.6239896740185114,0.41010063909595884,1.1159623355891979,2.272383161275098,0.9132522994131592,5.803415908763035,0.694073218668283,1.6000834938637807,0.9515287861266244,5.524106611768321
19,587,9,412,0.13432628610976438,15.375,0.7603863560261903,0.2294347749470972,1.4727123399824014,2.5233561240754314,0.9927743979556044,7.1869310459456655,0.24347669697125504,0.6208105861976377,1.3041659281074023,7.672965836265371
19,588,9,399,0.11921639680655521,15.703125,0.5836158382866194,0.2708590023165794,0.8920984829097023,2.007433920389786,0.7125000340045671,6.002144297257212,0.12173336770799982,0.4791295882983718,0.7277063047895632,6.265845480197702
19,589,12,400,0.12573923685628888,15.84765625,0.9203661153712048,0.28587237279541194,0.7626018737888862,2.5055473701300306,0.5597260783522499,4.783918612712293,0.24736225188097405,1.1070085164776116,1.2898690209378105,6.273806928274169
19,590,12,395,0.11481204457450038,15.65625,0.6477123865065676,0.4024471070587149,0.8784956536140072,2.028303155589902,1.1809088437615562,4.587506372069203,0.44247915500609397,0.6262269189437997,2.76975450692499,3.2588407524247534
19,591,12,390,0.11009030384010887,15.234375,0.5902436675308427,0.3982799873945503,0.762104637894758,1.2050607346668791,1.107428489497464,3.270422356665029,0.6593744165723485,1.645581948885697,2.3991909221366123,3.891053776620912
19,592,10,382,0.1249322460262762,14.93359375,0.5508758145229127,0.35650262871863636,0.6463289702078313,0.9464902037791671,1.2139210662782136,3.863230575368016,0.36574759716212313,1.8823609537557098,2.721080454240318,4.072577437636031
19,593,10,384,0.11729830038649128,15.01171875,0.678590769440033,0.38361854047837174,0.45548801196378885,0.8048249601188655,1.06422515040961,2.9512830806904935,0.4461734440593469,1.1186101451491095,2.2360468412626044,3.2454035717374223
19,594,10,399,0.12121703888250675,15.171875,0.5081115369468718,0.3154273120609246,0.6108793360721712,0.9422967775214894,1.3390999338608298,3.7653465876576333,0.2791679042358456,0.60705973879848,2.5814930180288562,4.181195704676227
19,595,11,389,0.13014495391752615,14.8828125,0.826767006753364,0.3748176843632542,0.8236744436097329,1.1062708188873736,0.7337689938421833,4.461597655228279,0.30924424789668753,1.1539728417112762,1.9886702848608122,5.243929845918617
19,596,10,422,0.12029107543724901,14.90234375,0.7815507572824991,0.2522437047614392,0.8584256803506313,0.97073575185827,1.5635754385095535,4.353585888835596,0.13462461875608195,0.8260226656303383,2.999865275099946,4.179584062267894
19,597,10,406,0.140205116773051,14.6796875,1.162412113628069,0.5474822021765333,0.9593622577626457,1.1081549282357752,1.73544088464496,4.274900206781192,0.6660418229430148,0.8346465143360917,3.3006608586893256,5.74549822163463
19,598,8,410,0.12995640537039546,14.515625,0.9217432154428031,0.5400491932237834,0.7416758605579925,0.9375556790537685,0.8660134802640287,4.103173123699741,0.5782985467420833,1.2259930834955388,1.4401100097999144,4.245344749141529
19,599,10,404,0.13047167040408506,14.296875,1.3896462685499729,0.5633449675143749,0.9379774374501795,0.9968574293456429,1.1011948655225,3.7927904214766404,0.6212957940116345,0.8308695847992569,1.8122538281009324,4.879237567329504
19,600,9,424,0.14460298252298762,13.59765625,1.4472962847174928,0.2893451432358972,0.9690988230461781,0.9729693242655469,1.2880001449559375,4.327989981221265,0.18259281663444243,0.9599365862200643,1.6590091224762769,5.799397148194434
19,601,9,406,0.14998188317015793,13.5078125,2.2627004743015546,0.5551515776485674,1.7769443612530555,1.3964974815728861,2.1719080338024765,4.889101369737692,0.4488251897508578,1.0979507716361632,4.159230627683846,7.880136784635612
19,602,9,411,0.1573092001218708,13.375,2.516780949639975,0.27612634502248107,1.6385690147687801,1.079473270977824,1.8256886439953366,3.6019381704994524,0.11864783755641074,1.1754235937107027,3.254247904678253,8.069226131994172
19,603,9,412,0.14160552657943679,13.1640625,1.9669407992220131,0.6368737174546542,1.3887718838720897,1.0035080487303811,1.9283692473760614,4.761605135359965,0.6892225945136135,1.79270344589864,2.7966514189332035,6.60018312123387
19,604,9,419,0.13929457523802427,13.1953125,1.5407168874847113,0.6479821303030895,1.0325151023676318,1.0543360203998955,1.3637557726265606,4.358506642757614,0.8831023073498477,1.0700083122946302,1.7556749888226304,6.2743525867612755
19,605,9,399,0.15637971328091269,13.7421875,1.9512018013698944,0.5933959876241129,1.3544583319510064,1.161613293148802,1.5443218352837864,4.979446847088755,0.6077720762584415,1.4349855709241741,2.4896635427500846,8.227196697773259
19,606,8,397,0.13554210106127895,13.578125,1.5215097286600916,0.5740975522132015,1.4856595576639102,1.5303116840572089,1.4948047414530585,6.043610504828494,0.4699920559109231,0.7460610364563254,2.620659299116528,7.085397677551257
19,607,9,389,0.1545807936768379,13.625,1.840716222919187,0.26473046641936804,1.5661770724491844,1.6563017255058408,2.0543587858459174,6.761649533568882,0.23859837541341128,1.3130909661659278,3.5976705736168957,9.072139529146519
19,608,8,392,0.13504095853519626,13.21875,1.5160354988561697,0.4256603226234916,1.1459274758293372,0.9608831647521008,1.533635575697629,5.0630629223993555,0.2949449320713708,1.034151749571662,2.642818543368519,7.180253734597914
19,609,9,384,0.1221989288775162,13.015625,1.0192885946287693,0.4946034915592953,0.9588951452973463,0.886088290577842,0.9772808188992587,5.028228642219023,0.5831222862662438,2.0789323353058045,1.1402786572974057,5.666529092618813
19,610,10,385,0.11720288482877954,12.703125,1.3406399150534933,0.4252883083489617,1.0276965504309952,1.9599286315552584,1.1199859529801643,4.8590728638316945,0.43558051794838154,0.6878980162071311,1.8096220934133773,6.835742108642271
19,611,10,377,0.09733969936245757,12.9375,1.046168153405864,0.40647274919241794,0.8417234501028317,1.3754349330222655,0.9989556359261259,4.299537460712333,0.45468575697390634,0.9648694206566734,2.1449426987167124,5.114490350975379
19,612,10,368,0.0841026382542104,13.6328125,0.772761221689058,0.2693089088483035,0.7975922078462567,1.3824311218242114,0.6662673535635932,4.425062987747948,0.3074286128638007,0.7962499408613618,2.3514443191567604,4.4395803382242995
19,613,12,399,0.07909668201187516,14.6484375,0.5595348192054861,0.20515384272558082,0.4052242522223426,1.5283169160034256,0.39246601951130533,3.9348508565638425,0.1216326077203729,1.2947056070349985,1.502509371086243,5.079674270515757
19,614,12,398,0.06393750418329938,14.62109375,0.45055256115595743,0.20820477955609673,0.3830528616264306,1.0020060188815425,0.49750740150033873,2.7336240411157866,0.16732254970523652,0.7892141732954723,1.3060617265858736,3.481063101978461
19,615,11,384,0.05744371586630191,14.05859375,0.7932874507477482,0.2584173412251626,0.49602805819306434,0.876760287407048,0.5921647595533055,1.7145712689949462,0.30134376662676493,1.1781022204964766,1.6314865466846729,3.038810555045575
19,653,8,382,0.057312896846200403,12.27734375,1.1635371355060378,0.4690668422393556,0.5641751501201406,1.1116107961010409,0.7975461485143833,1.3914570464856593,0.8962577275107129,0.9734855581819952,3.0823060701790137,2.8637171748339787
19,654,8,383,0.061082027569024706,12.234375,1.3109742992062352,0.528840475588852,0.5948869924254421,1.177939433523616,1.0279734218857361,1.2421441006913632,1.1166558730815375,1.141593837241614,3.334948255148559,3.236603691826248
19,655,9,385,0.08415632763876969,12.21875,1.7699461719083986,0.5936790400006219,0.7330879702833776,2.1101854691972064,1.5161774152983332,1.729628141755166,0.7958199809139697,0.6021551687097827,4.495797068107986,4.343277490093586
19,657,9,383,0.05909062093587327,12.28125,1.3199401471608134,0.5258685417862794,0.5583122809634428,1.5806460964396012,1.0814166767990727,1.3238776093232087,0.9061297628131483,0.935029715655645,3.2542229036948296,3.15598046441629
19,659,8,420,0.0652204641139058,12.3828125,1.333781582737686,0.5418072597606105,0.7581445117514372,1.239804358994607,1.0904345593437648,1.7768301098043149,1.0293411843300877,0.9725581456818728,3.4266717597503007,3.2177093285661797
19,711,7,294,0.06107226235108716,13.19921875,0.8133677161917631,0.2106650982518603,0.4795046441851477,0.9320416919104482,0.8046862969968299,1.0845241045349139,0.28470802008880236,0.32381593420724925,1.07699491470829,1.7060022608966503
19,712,6,298,0.08574579758206029,13.3359375,0.7227699711522728,0.27743846072459,0.3817040487702026,0.5424560382442494,0.658008072842976,2.042725553929489,0.31985319332497314,0.3774071711301112,1.162811470450504,1.7892141212165922
19,713,7,296,0.09659799104414404,13.12109375,1.0487187530048883,0.27993799803425606,0.6002344472635974,0.6800483268106051,1.0403494056797777,1.7176799773257387,0.312058538674105,0.5096121467753699,1.0346166070801661,1.9616751762897868
19,714,6,313,0.12659780779166643,13.5625,0.8268781181510169,0.2893342517115704,0.5592185750893022,0.6102185401991367,0.8326793632900223,2.310960334786175,0.23063588645089966,0.5588251164346599,0.7136688924487502,3.474572475094277
19,715,6,329,0.1338842535898285,12.7109375,0.8947322697125777,0.4807594807916369,0.6046022523999186,0.623536912703331,0.9175038874903749,2.2457599903371497,0.5625921091586645,0.7456017332322221,0.8661352561091975,1.5192102451864795
19,716,7,326,0.1515740320911188,12.859375,1.076058626754191,0.5309178784887498,0.9061712617686071,0.937128586630289,1.115986278226731,2.6403109351364367,0.581610350931102,0.7534810129280859,0.6608602667626099,2.9608316890697837
19,717,7,348,0.18153575195459704,11.85546875,1.6742259954675232,0.7996385808114437,1.3156064848608073,1.3261899684546379,1.6714730754695424,3.0711798288701124,1.007350664539053,0.7061564429912922,2.357570283159004,3.2008181438426324
19,718,7,346,0.1811506615658612,12.05859375,1.5072898321619168,0.6802295946650729,1.2820207957289027,1.368775977829095,1.645893876272912,2.1314380912533633,0.6436005779624852,1.2686275512761511,1.118414827471487,2.5996785511700833
19,719,7,316,0.21146597698636194,12.79296875,1.7420127754467707,0.7649772898012829,1.4812924865004957,1.6342394127809832,1.6261737923994193,3.9041356030823278,1.0908892397771714,1.6524168433242226,1.1646104496942513,4.150075065955202
19,720,8,316,0.20524953736693424,12.9609375,1.4761260461828514,0.5931460959714538,1.3883909676556598,1.643597020388142,1.3372157847205939,3.875667797064576,0.7406542022508784,1.2881077624968384,1.660315122823351,2.8624895081883706
19,721,9,353,0.21436152984602408,13.09375,1.533254412408711,0.6906830606687862,1.5987317919619062,2.7472290468640708,1.4611440425747326,4.744696642262559,0.819858686013729,1.1946618019150361,1.4639132822567074,3.962779012162754
19,722,9,354,0.24298475202232572,13.078125,1.7818486636918887,0.8106138746018237,2.1155156415425105,2.9808402186522396,1.8782489941057952,5.542710081929757,0.931664065534151,4.1939764205995225,1.3979042080656188,8.396728387740858
19,723,9,352,0.22476975450548278,13.15625,1.4507238867665762,0.47072227010826906,1.9572119626243891,2.8361501325478944,1.5188282286272743,6.061232975905716,0.37187017192147204,1.2500554779550508,2.183723475418098,5.407893913923734
19,724,9,360,0.2454911619211608,13.3984375,1.7423369251416652,0.7053793382357345,2.2189662393448106,3.156698613785358,1.6168428498793603,7.4590929992107124,0.9277007132341131,2.061020262449219,2.8636732327839147,5.807033979645944
19,725,9,330,0.2237982820503256,13.31640625,1.3411140327727777,0.5880026444319868,2.1857361759959817,3.3424335988545284,1.3198730924607673,7.218501520465148,1.1946206425989494,3.131468246300662,1.3352783999492648,5.529384469881322
19,726,8,344,0.2162524088841717,13.51953125,1.6508533917006285,0.6998823812021154,1.9426222300025415,2.252822298408957,1.5738460878104288,8.06409061310947,0.8965400505649439,4.112470222144075,2.1821997464469427,7.199164569304826
19,727,9,350,0.22133908894345805,13.19921875,1.798481643499978,0.6313839509001213,1.5951093522005684,3.089544575843425,1.712383185050753,6.705585430605437,0.8525019276543111,2.9315202317463442,1.824411234337943,8.556806010896851
19,728,9,378,0.17254336944738258,12.6015625,1.444517392984724,0.6145551306484142,1.5015419170866793,3.086933886286334,1.4382362094890482,7.923181262733311,0.6807615283438129,3.3169690753103827,2.021320902370516,7.818568139600519
19,729,9,351,0.1481730191201682,11.8359375,1.3704711685706876,0.2055953019264334,1.1751714669755444,2.459691321817098,1.2985855731272955,5.333544107781295,0.10687476474616014,1.6430859904065234,1.823948165386372,4.551641414708708
19,730,8,315,0.13649872599946983,11.7734375,1.273884586990834,0.5261046798596709,1.5459538957335153,2.255486983414901,1.2312948284866057,5.771324849094919,0.6132458861772492,2.010167788413814,1.4216274163911984,6.592867255672564
19,731,8,318,0.1053961152533794,11.75390625,1.0313783047860792,0.41970143816916455,1.3579657466055859,2.046655449614494,1.0932752606596137,5.1397711002150555,0.697773531676837,1.9197459618211699,1.5195755237405508,4.755462616364775
19,732,8,321,0.11253588043201282,11.8671875,1.2426590366743069,0.42846923495440575,1.3715857015381,1.9558598489032515,1.253359631803784,5.262100878000866,0.5676412816334397,0.9125170414653796,1.9177237427712786,5.827707816942577
19,733,9,325,0.10400856153153383,11.7578125,1.008813390925271,0.20960241432104462,0.9492668162697127,1.8289021631524285,1.0040997632232624,4.75101295654513,0.21712153403919918,1.171799774146777,0.9422728582692884,3.8421768571425297
19,734,8,367,0.10697877146383268,11.78125,0.9665800849878668,0.3723983880468648,1.3033600251926827,2.2203067599921056,0.8584639091781949,5.08918413995504,0.5002023592541042,1.8935108427307974,1.0814474030420846,3.6423012816150306
19,735,8,354,0.11876248362830537,11.62890625,1.25024288065186,0.2989381665780766,1.502314230403531,2.6866394674511715,1.1235714040285392,5.387653160571112,0.23461160175094065,1.2119060580752745,2.7709451637497464,4.940183608497291
19,736,8,350,0.10905979588489922,11.4375,1.2500447201187295,0.35094147095469724,1.4034557828070686,2.394420764750083,1.10631666378382,4.674030795627383,0.4410186911697112,1.46321301908991,1.7349858794206,4.567714167546218
19,737,8,309,0.12260331806748212,11.9921875,1.2485022920231463,0.5202859654366435,1.72441835513595,2.932075987073676,1.2398052060161966,6.297206719399251,0.7473819696790975,3.1575216495421734,3.408934091085351,6.388284619030202
19,738,8,362,0.11215499436662187,12.58984375,1.0598826068031992,0.4244816287624688,1.583680665404737,2.843397947793232,1.1263610399728166,5.840061635137838,0.528699584061698,1.3454503207746726,3.2002796033859826,8.439665183767096
19,739,8,372,0.113052632492726,12.5390625,1.1392009070933522,0.37513573331261363,1.615887348483749,2.82006974726607,1.1346460579187767,5.657068442937473,0.44322266988303216,2.0184690676828176,2.3813742958562703,5.813911016460709
19,740,8,376,0.12296700686843372,11.66796875,1.4149082773949182,0.3536813946902352,1.7447314277707817,3.0515655528316477,1.4129170908781499,5.639285582390732,0.33744269245696423,1.2149929276289388,3.732419431346637,7.381264864201114
19,741,8,383,0.11819049876303454,11.9453125,1.4105566763019868,0.5143760191161276,1.936268378417922,3.1181921092510647,1.5309061417767573,6.0386785009787385,0.6010927933884042,3.3383762257450775,1.40772394182243,7.061948995553401
19,742,8,389,0.13097097735160843,12.15625,1.288124880423188,0.5959197393824723,2.0569548999421783,3.644113324536919,1.2627471610945695,9.222544667699944,0.7540094156001629,3.271592862835952,1.314143990713685,6.671765854135503
19,743,8,386,0.15949099365124317,12.296875,1.4191270127036764,0.629690301212928,2.5995938570488004,4.635894474806355,1.5449266421497974,11.433440058214513,0.5853672861831895,6.421670597797846,3.241221589805076,8.749234102947863
19,744,7,349,0.16085670499335245,12.90625,1.2143169827058868,0.470648334692047,2.140169150551553,2.6991816427641417,1.156789778606098,11.558407415493974,0.6558521768293922,3.0471450873425496,0.8752563087318247,11.389277706250775
19,745,7,363,0.1927420584360766,12.4453125,1.4645381745013106,0.6535836436020416,2.7131427546568925,3.179155614548261,1.566273468599989,14.739220937880024,0.7999803849062663,3.3433950615877297,0.843693847439257,15.24822157345848
19,746,7,349,0.18768360338084547,12.7890625,1.334128496415564,0.6354205841723392,2.387135856095105,2.8897688704522713,1.2897439031777524,14.783960319152278,0.9830698177953416,4.9043927098968965,1.1898250099803835,13.168397997957422
19,747,7,355,0.20121167444223037,12.78125,1.5913845795331298,0.6254154490706509,2.667936921762117,3.260329758372936,1.7118331134314575,15.621432343470005,0.8807288493379244,4.273786634880772,1.4263580360719066,14.611394979481618
19,748,6,387,0.2360604996117596,12.75,1.7163095851212575,0.7751571299555373,2.782193285943319,3.9071326046578996,1.4110188361791063,21.20227289669934,0.6844274974777067,4.07404792988469,1.3299987911380142,18.528872788076374
19,749,6,402,0.22630180971106975,12.40625,1.5712240208719754,0.6814719978927242,2.66937732141147,3.8213341191455408,1.1669929487664048,22.535351161343584,0.6345794672732451,6.5763285896812445,2.040390361296905,16.505106284348685
19,750,6,347,0.26348269461486723,12.2109375,1.7451941508894095,0.9013509796222672,3.2326320812140987,4.912506929859188,1.408938050438136,30.40751398006898,1.0653655227440137,9.828243236178443,1.6956798828110204,25.617019743742116
19,751,5,378,0.24875795845258433,11.65234375,1.284822783558392,0.9087720122960816,1.5526591332148012,2.1326537525959903,1.0213024620158984,8.15620453177931,0.7936446180421465,0.6811444518336913,1.144260674397825,5.637183117922629
19,752,5,402,0.25312362961698814,11.77734375,1.4485349381125157,0.9129433215164804,1.5400957224162313,2.179748077028355,1.717071152658267,6.185763753938051,1.1560817385686761,0.5260597532146465,1.4017600571296727,4.534463509239536
19,753,4,444,0.27475455034920593,11.16015625,1.947147159798067,0.7795437716510765,1.62930588192207,1.599291299736413,1.625807199751078,7.218797169648523,0.28504929318341343,0.2807875646250688,1.7846786247085669,5.692735122600084
19,754,4,427,0.24779571126401242,11.140625,1.3492790852219467,0.7725514213346205,1.4718478831179516,1.4384358932424979,1.1814034927740815,8.010268663044394,0.4268480302681453,0.4621802536122467,2.114230440107688,4.639164402067224
19,755,4,427,0.24832917492556145,11.15625,1.633060118336226,0.9901259020785114,1.4856597070365498,1.4413326289148176,1.4695991219449267,7.9089086554126045,1.186495016098958,0.7492318978336212,1.5606153523826523,6.394793906049904
19,756,4,434,0.2706330461290392,11.27734375,1.8292536997397157,0.8105957664170458,1.4687587512718434,1.452242384745368,1.4353564836487882,10.464411421379806,0.05014773253005256,0.185843019262335,1.3175011405581674,7.758147670092112
19,757,4,440,0.24472782658733364,11.28125,1.776903626739641,0.7007227848320134,1.16760017397569,1.2063468535397073,1.4954284688623496,8.465861413634519,0.5561267340029343,0.3056212484677553,2.478370584105786,5.354634144100082
19,758,4,434,0.26850313445181606,10.8671875,2.5036926811176423,0.9799693059289065,1.245191948621006,1.3169147384552224,1.9580405730714592,7.9654512222699045,1.1779299295850727,0.9505355238268854,2.0321969994631646,7.806739923864235
19,759,4,400,0.24600167558093478,10.30859375,1.6381996085329464,0.6857693111928824,1.1291359087951207,1.2294060083360823,1.6113408847205464,8.537779366819219,0.029416990911625734,0.08589694982769717,2.0558635875713085,6.014322858093567
19,760,3,367,0.24682474490429795,10.1953125,1.6581213163437833,0.5339919808652327,1.1291291450323953,1.1215301296959415,1.8106393024961946,9.361847414032425,0.03534787148529938,0.4535362762634871,4.212202811075811,4.975352309227041
19,761,4,365,0.270724263841339,10.234375,2.2376810973900545,0.7037917775382515,1.2493753668225487,1.4521241819134045,2.1581605350915574,10.644868683100098,0.19105017801910634,1.2238843720583135,2.671067172869714,10.670696958363258
19,762,3,358,0.2520200543975605,9.91015625,2.0533546822589064,0.8321451474576306,1.1657140413424913,1.160809052439669,1.9095663467022173,10.669366675690283,1.3012576728600924,1.4146950950826354,1.5193193322631948,8.154641744263921
19,763,3,361,0.2871765010011433,9.8359375,2.277531217408463,0.7581602197004962,1.33576079060303,1.3319674157663064,2.6316215438960624,12.295586941475877,0.07892137351166731,0.9587974539455378,1.3971420332267097,12.001843405677551
19,764,3,350,0.26931316449561266,10.42578125,2.0180895461167063,0.6362463815118575,1.2596112909764468,1.2561996309935115,2.358718003157198,12.382213876778707,0.42836766107668695,2.0011784520124585,3.1486733912095617,6.647690477307382
19,765,3,360,0.27656917402296954,10.6015625,2.3548972093106997,0.8089264621512466,1.3465715245623047,1.3454455215829226,2.288289360454728,14.722359952523098,0.6168747506884734,2.087963454732771,0.8911863104081693,13.250297520003713
19,766,3,360,0.3150295726204477,10.40625,2.640472218843701,1.1203136012623132,1.4975931105764548,1.497157400701997,2.5699314277004843,16.376301955777073,0.4298145216953073,3.5244521713346764,2.2379427093566138,14.610494731922428
19,767,3,370,0.29099202598612267,10.24609375,2.763060679362501,0.9366274998118181,1.4832486816058381,1.4832339155572216,1.6626307161593663,18.462490653948343,1.2940806862983445,4.113441946403613,1.475468918606685,16.782877831410243
19,768,3,351,0.3132600090175215,9.8984375,2.763121023322223,0.9842522495013387,1.7196364034455056,1.7192941450844277,2.1685103319053796,21.404878930581752,1.1679890179410128,7.829303981332493,1.8896458067919428,20.59003687175889
19,769,3,294,0.29269188574862487,10.375,2.4998753706866155,0.3955968583183931,1.5836168161037716,1.5817406761408446,1.573933619394722,25.9152879442203,0.26203119312105266,3.123042243843321,3.43714778591336,13.704594718801774
19,770,3,280,0.29855784912570676,10.41796875,2.474229706554648,0.4608172175155745,1.6287473601337161,1.62112906952875,1.4194325182163647,28.039959815939664,0.243014577943172,3.680934781974082,2.91877878417572,18.477110854621138
19,771,3,264,0.33794435550013385,10.4296875,2.772923833986641,0.6320037715902107,1.9627924809273154,1.9428857196536415,2.3830620683130697,33.52360349641642,0.5002721537443137,6.8261932269159615,3.6446555968477368,26.988948728366385
19,772,3,287,0.31443105874620797,10.4140625,2.4611536688150633,0.722193505126667,2.0035548183552963,1.9654515600096867,3.7499037436565326,36.737551902257145,1.0987731970360337,7.042319971915103,4.905164122534563,35.759706236589736
19,937,3,489,0.06812507434766225,15.5859375,0.3990584838900902,0.26157667178799077,0.192653947304881,0.1924482320735964,1.3247179048051416,1.8863333681914147,0.07519192832325766,1.1056598878531885,0.8525761890551203,2.0535225902888308
19,938,3,379,0.06412531558633493,13.0234375,0.42398863727115194,0.37574504046654833,0.17526349626886487,0.17497744767191442,1.0226206631347798,1.7885608983046493,0.9587518552471279,1.3693710252621016,0.8197426599817244,1.8729021294622374
19,939,3,361,0.05759369294333884,11.9453125,0.46362756882172607,0.31913794469459505,0.16207049673877705,0.16167602270911735,0.6540528420755134,1.7543192217554255,0.41541639778864137,0.325424670440417,0.8887337722289013,1.957627069361159
19,957,4,333,0.052722737648838294,12.0625,0.5737507076005646,0.43161851807142476,0.3010079494782549,0.30785639175489643,0.8543562012717514,0.7196264034732008,0.18378762706822172,0.23648643267633457,1.4744024152492674,1.1730503124886078
19,959,4,351,0.056951228033423715,12.0859375,0.5649438358760913,0.38835313054124954,0.2720286984351874,0.4401651233211631,0.8093144535244163,0.8194253636562537,0.42370585942669825,0.5289581344449237,1.4063721643889817,1.3198537659434897
19,960,4,378,0.054278817298586184,12.0234375,0.4993289659976482,0.31089640131943663,0.25169237124461113,0.3971593526118154,0.7003629197003829,0.9107122077518061,0.2734876841202263,0.13470122884957755,1.3419838438971103,1.223697703169929
19,961,4,369,0.05830358629688378,12.6484375,0.6193302612683251,0.28396278786610246,0.27363162451455014,0.40441050859374705,0.7586592315830369,0.7310055851815669,0.2282763307826482,0.2449712551477351,1.1292995203239196,1.2579032038843414
19,962,4,309,0.07016329452154328,13.34375,0.4801036271349016,0.2824633621024139,0.3829700115587704,0.5147191790963065,0.9307801609464149,1.064385771107032,0.7123051968432283,0.5566439691325847,1.4814119480737342,1.848234655583049
19,963,4,293,0.06949233932651416,13.2109375,0.49444120276554215,0.30271131098277543,0.41340122962403103,0.5403508349207125,0.9558472699402585,1.197020697811144,0.6795945472759095,0.5641127440092032,1.2927956709619393,1.3673773231563535
19,964,4,311,0.07468024582003899,13.0,0.5950714895144711,0.3748194620314699,0.4706029574904704,0.6302700340707827,0.9929173053683775,1.2818027041059326,0.5260750792064579,0.49453138215774445,1.684344349143745,1.5999059643949045
19,965,4,325,0.08531488412196268,12.703125,0.636172632615834,0.38635965128692007,0.6178028743702355,0.7759093873132544,1.358650256884021,2.001048525763353,0.3232802404844424,0.5207486433692836,1.664355506425887,2.5675565720184386
19,966,4,330,0.078610644464423,13.1875,0.6043303728600744,0.29370973879792683,0.6717555469795499,0.8346501219537008,1.2770672769555942,1.6671820434417168,0.35499718288053883,0.4965319772098762,1.6900310321937448,2.5517602561486994
19,967,4,309,0.08715552736021007,13.9296875,0.6718422776809087,0.3351271970181245,0.8374644081371029,1.0885109505787351,1.7346101180793103,2.2566237050744045,0.8876134466180323,0.9572506745962898,2.513438354920389,3.8187060802146107
19,968,4,308,0.08203066125809186,13.91796875,0.6040753181816387,0.3643635562405485,0.877458131827468,1.1150329104007728,1.7544618388804611,2.251164803059271,1.2393638825272126,1.1095455067450564,2.3901946225585378,3.4847910582644426
19,969,3,321,0.08709778224233779,13.453125,0.6142642497522591,0.38852068412931945,0.15349731594165247,0.15279506189720343,2.3623038666729195,2.0490663556784465,1.160801798235603,0.9831889523487933,3.13956286734047,2.092127698230161
19,970,3,326,0.1016975678307783,13.14453125,0.669406830357528,0.3310341639997754,0.1916707281908904,0.19095371789225496,3.0064492543202945,2.648020468400662,0.6347000583364444,0.5945037103619897,3.833639871496734,2.910727508264004
19,971,3,343,0.0948896489405221,13.5546875,0.6009644956488535,0.25358610637993495,0.21180070974874196,0.2111666706776503,3.127874752572909,2.6774121620430105,0.9252331943176232,0.5890727737757724,3.488831950011038,2.368269926983407
19,972,3,284,0.10654142669397523,13.296875,0.6948463081150431,0.48723992467552174,0.25662757637852873,0.25595976689822675,4.088188040621023,3.222266366991649,2.4889615823314193,1.9764680293963395,5.102397011351418,3.545395333787478
19,973,3,227,0.09918644461482168,12.7890625,0.5381816968218114,0.29648236399542943,0.2533170526035675,0.2527378812014617,4.989057920669897,3.352336353228184,1.4268033439601373,1.3360998792742818,5.369948797107901,3.4538678928939937
19,974,4,235,0.10073885746803851,12.734375,0.5166965579212842,0.3012578332742639,1.6961208754005648,1.6164123377461488,4.532594361041623,3.80779426418273,1.4380170032989767,1.4151430837245809,5.1443991563148455,3.9448131599630436
19,975,3,313,0.1118088517194136,12.828125,0.7375817878803551,0.34891005744224457,0.4328252049539537,0.432039322996875,5.937828231988378,4.5893380996702975,2.058621596637987,1.919831211900354,7.211166897615425,5.059801296631872
19,976,3,295,0.10391600745871164,13.28125,0.5955396909154034,0.17418666458679644,0.46649663681464326,0.46565589474809344,6.209273134673434,4.705391557216939,1.2496448468534769,0.5959582845678517,7.179664413494887,5.127607438806355
19,977,3,276,0.10690573679733632,12.7734375,0.6785237170810207,0.29965899049428785,2.5882957227598102,1.6602220832752386,4.410546397616529,6.9941016961591025,1.1976128887725968,1.8871569994082895,5.711302291947346,7.209296816304832
19,978,3,315,0.12014342445494179,12.875,0.7827146753291014,0.3330245651104663,1.9783036973358765,1.2102517462867222,5.105523482345865,8.87476449428549,1.154198635966001,0.9225311997405898,6.546986366432627,9.352216528663117
19,979,3,308,0.10523786851835346,13.1953125,0.522397248073814,0.3258437074234531,1.8947231374689202,1.290334410889769,5.223913696399258,9.37407255314313,1.3384453726782952,2.3894022389673353,6.00791249574346,9.474440486087746
20,1,11,430,0.37823667662575355,14.8203125,3.773409226012026,0.681102679426228,1.6141188952993142,3.531636953835444,2.1337224559074097,7.582781826307071,0.27002138079494004,0.9004284904237306,0.5197026668584332,16.662901868228897
20,2,10,434,0.34132611346323255,14.90234375,3.275133051718411,0.6858190975986209,1.3161733770220487,3.0018849176485167,1.769222792963405,8.92501461935031,0.5421331714912843,1.5498429880474367,0.6256700959661454,14.278880070787432
20,3,9,431,0.3386523186559687,14.9140625,3.6187212136001303,0.5511115107999393,0.7631861453115316,0.9820594376279528,2.0013468827531544,3.3078413425371185,0.32181282412127427,0.40257851385088983,0.6195830786311634,3.3409619141131524
20,4,9,429,0.3700465559168155,15.3828125,3.6043071868507197,0.6760743301527952,0.8528230442720532,1.1269015621858096,1.8049120765344653,2.2943460035665617,0.2025207398778205,0.4996507963030637,0.6274447844632713,3.793319592566851
20,5,9,445,0.3338225464802724,15.375,3.279535489488968,0.627517073961503,0.7673499665638597,1.0675053948074829,1.693074681772615,1.48053580786998,0.4302150447537735,1.313987191943438,0.48404136324654096,3.683696806233436
20,6,9,443,0.3309980374236148,15.109375,3.527724957947233,0.5816222925671787,0.7925828925919711,1.1344093181269006,1.99154264366203,1.9794499207187222,0.15909725453160287,0.3393228385317323,0.47812371977398505,3.4902499849105464
20,7,10,444,0.3601053117622295,14.8515625,3.5741834605455995,0.822676318376355,0.815360235909083,1.3409642474511536,1.8893206188612623,2.274252243656206,0.8043695013202062,2.4405899219024194,0.6297718268154903,4.769236089316698
20,8,10,443,0.324650714021706,14.890625,3.3371114536954902,0.5378393421239527,0.7433303655962971,1.23539023179923,1.843822754561178,1.6568496707156015,0.22123535448763515,0.2781087370243165,0.4568087065854679,4.050745712788984
20,9,10,439,0.35317919182516605,15.1015625,3.6807837612541436,0.5772411194045451,0.8187545176461043,1.358468637966875,1.9512054759645217,1.724227910808049,0.4426632204803742,0.30718098510919034,0.6327819331968996,4.818604481611727
20,10,10,450,0.3176198617823168,15.01953125,3.4290783308050483,0.6686663720551924,0.7422912176752763,1.2823897253346628,1.7714238875429213,1.4619774025988996,0.5296938907549786,1.2715775446901767,0.39580938712688074,4.094501837429062
20,11,10,438,0.3146792790745248,15.05078125,3.451256140707508,0.7029271719361743,0.7548738782701271,1.3189362823676394,1.736070528091369,1.8922568892589329,0.5367725273240904,1.1986257509466662,0.438034034934179,4.2678492135708925
20,12,10,438,0.3427689349365428,14.91015625,3.888128224813756,0.5569204144363294,0.8233070870956373,1.462532986770511,1.9256006090988333,2.064303413568029,0.17571352147972596,0.291681883533101,0.5184349641823149,4.185959135266357
20,13,10,440,0.3076567875617774,15.28515625,3.1243659196610536,0.6091328139435657,0.7478874368964048,1.337687420830062,1.542717121320441,2.0581969455030276,0.36469863348021325,1.0343211450846144,0.4164373317953414,4.151849054789279
20,14,10,438,0.30410996292367637,15.44140625,3.6303380007744916,0.7010718702141292,0.7584857735752872,1.3608415601974322,1.8709080031748644,1.6471428626361933,0.6193215760211328,1.1437111979110661,0.5802310439060605,3.4424771709993065
20,15,10,443,0.3313419487406476,14.6328125,3.5992411287758284,0.7184963224256432,0.8244423343034433,1.4792448865937096,1.8058683808920675,2.331439374059033,0.5244056027311532,1.4464995191854282,0.5028659270693081,4.659184345531588
20,16,10,443,0.29789051660318966,15.1484375,3.1070617969841208,0.6559346889459691,0.7502219574970017,1.3425446827388663,1.5673228521162228,2.1701322420828,0.578335979827578,1.241304714378979,0.4853230377365385,4.328390531143191
20,17,10,449,0.2945655200487474,15.15625,3.1038229946100913,0.5874446262583031,0.7569923916505775,1.3477028230055883,1.5055548118043058,1.4492989542014034,0.5402396318260232,1.577971252957242,0.5356340980183264,3.459971055222389
20,18,10,446,0.32115208312333804,15.3515625,3.7409803835781803,0.6716040106972992,0.8386485635294859,1.5079337534024915,1.9327718031665007,1.3130157929554223,0.4945315893557521,1.2396780770586222,0.44440781318544376,4.8069617752133045
20,19,10,457,0.2886481947714115,14.9375,3.2694554831203373,0.5577052879324317,0.7497620423294233,1.381776740270706,1.6719928744280461,1.0808522333766397,0.23991280864494377,0.5308999549061972,0.3895833412833214,4.230574398755218
20,20,10,455,0.31453306609644105,15.078125,3.3650414619062907,0.7859730020685916,0.8201186910807222,1.5037051076562944,1.5771160239565412,1.571855399756651,0.7720220350620455,2.3648650978476797,0.43629157271716146,4.67237193457094
20,21,10,448,0.2823932294944316,15.03125,3.16642846569041,0.5127396164659975,0.7392867970703576,1.331297967106939,1.5094145587316556,1.1894107969479584,0.27653028241992494,0.7393595653002614,0.42818526287862574,4.222432569775152
20,22,10,448,0.27948175523609703,15.10546875,3.211746386536066,0.5120599103589443,0.7442010577042969,1.3340023546164879,1.4989629276608938,1.1729550028116762,0.2794773680864003,0.7647228001629567,0.4478319446548351,4.28805444950585
20,23,10,447,0.303194638737684,15.0078125,3.6066113456437314,0.6297103437298537,0.809668617356935,1.4472446400576184,1.8910242621567712,1.0896857193998206,0.5045498439317596,1.3370096961269362,0.5835990740243582,5.038224896470109
20,24,10,443,0.27314948892075513,14.9609375,2.9742362484283715,0.5796357478315738,0.7145445190059156,1.2878530616655512,1.4344609272451367,1.2187619772130172,0.466988996402967,1.101675610508131,0.41348211565125953,4.003486853334116
20,25,10,436,0.27048164139582664,15.06640625,2.9087451403533455,0.54722510839137,0.7079186732268459,1.26358369136169,1.4361306848274196,1.5341142575695286,0.4485782310348898,1.6218669632025215,0.4836834702440301,4.745103442206961
20,26,11,436,0.2936043824892928,14.8359375,3.2523844849911687,0.5019188702746469,0.7606381187800357,1.6271948177658453,1.8206675525830631,2.864064990468667,0.38960807453122814,0.8442454461513444,0.2380152266643113,5.552108727828957
20,27,11,424,0.2640737066685917,14.99609375,2.9222292539733186,0.5155432493041419,0.7012684240986226,1.4415134972010377,1.566896388300187,1.4655123643232975,0.40806055839948785,0.8077325915198121,0.22530059208076023,4.850367319065973
20,28,11,427,0.26147805842145605,15.25,2.9155584001120114,0.5345291543313693,0.7015387778062669,1.4373068492305143,1.4594238145472687,2.1025361137404888,0.38384969727776197,1.277153846658361,0.2572042092368645,5.031451534459305
20,29,11,428,0.2853369196525535,15.25,3.0026473485311436,0.43638275758916567,0.7643552375356968,1.6486502417546254,1.5924691051139717,1.4042612349355137,0.1805943718254106,0.607230327569127,0.2715879856240138,6.204804312697194
20,30,10,425,0.2555688003752604,15.0234375,2.5977982388322447,0.44557672390192693,0.7230585135524024,1.4261131640461653,1.4536634847899423,2.0905611685387395,0.37152343517378267,0.7737049130001294,0.40599183557447105,5.504446580249154
20,31,10,415,0.27853767054784484,15.1484375,2.6036629092004913,0.42829844432664127,0.7920001267187395,1.6109907411243598,1.557817888979082,3.2678003354552008,0.21274266127746339,0.37340597548463117,0.46422942835647,5.550206260070837
20,32,10,415,0.25100290551717747,15.1875,2.3675528155654226,0.3861777771433162,0.7120511127407688,1.4679340379870185,1.4118152631550558,2.9655360722165085,0.20425463348449766,0.4755734500988191,0.3429542636704467,5.9165677777490435
20,33,11,416,0.2494575614066287,14.90625,2.3881404238648978,0.3846510053007409,0.7613138541708082,1.5804576625649818,1.5177742718279803,2.3864130506650834,0.1292305832701522,0.5923964325285006,0.5243449406516113,4.842768555941803
20,34,10,416,0.2759297753787948,14.83203125,2.7130137254839135,0.42866885530473336,0.8252174646809917,1.717366050692682,1.7062852953757344,2.919346770251666,0.20050197942586148,0.631222112127899,0.48388782877380326,7.545550016076202
20,35,10,422,0.25446225012140244,15.421875,2.3993590856408717,0.5807363791651284,0.7769574631228651,1.6345517574164012,1.4225660880279387,3.5533116753814022,0.6073453845867889,0.9029422365934422,0.3894939183624667,6.49135246494335
20,36,10,416,0.25880425274542596,15.59375,2.4888809569035812,0.5131480514819041,0.8158611489535913,1.7169344905380126,1.5133170013553063,3.493091299362968,0.6334314675053639,1.2617881679347063,0.28245336250473585,7.419624279362348
20,37,11,416,0.29080408771854505,15.53125,2.859325276833563,0.5951682853480631,0.9590229847865049,2.052437776812062,1.8203914491510538,3.8102308758230414,0.6414532245767779,1.2380565159632673,0.2882945670221232,8.580173309228364
20,38,11,416,0.2699336193466857,15.51171875,2.6416818918034597,0.5297606584675281,0.9597878815810336,1.9631251716969573,1.6620178145754783,3.7594426453272822,0.6064722015820831,1.1852976727391227,0.29182327687460147,8.334414814645802
20,39,11,418,0.2767266991780699,15.6171875,2.9469360574938,0.5264030084059493,1.0266189879446692,2.0601696844200292,1.7193995069656764,2.2868366164180074,0.5929667029673091,0.9189713056777769,0.24426321808102253,9.138401967275088
20,40,10,413,0.3126172235140518,15.59375,3.0578559985712093,0.5817671587955798,1.1870306616239177,2.2791799025767565,1.8487711064918906,3.2839458193281272,0.6057699071086184,1.4754040144023415,0.44994003399288335,11.125607009020738
20,41,10,405,0.29320376998644077,15.6796875,2.7061474972071875,0.5441937626108837,1.1561635946251112,2.1795048019629064,1.7569944549981253,5.081133230243172,0.5800857117530303,1.2178893302985565,0.42373797661992685,10.98716406480693
20,42,10,407,0.3330790816195131,15.546875,3.1500579575098473,0.7066666210095208,1.3231405484374952,2.5391672721800695,2.05449004310314,5.739210022771495,0.8512318707543902,1.3188289289915147,0.517808367663788,12.396581889074092
20,43,9,402,0.313812326355943,15.87109375,2.876505533994633,0.6367195705859712,1.2389025211597253,2.1853172601100614,1.8882735265040738,5.564074577816214,0.6942310787789454,0.8106342627676273,0.5668265103831673,12.818304633886019
20,44,10,403,0.3245205390424195,15.8046875,2.910793668302407,0.7283190846652926,1.460309899558483,2.649637727159635,1.909317722190651,7.304205626365681,0.7372434319641438,1.420206100218631,0.36556247205307213,13.918096676191496
20,45,10,423,0.37046759048966754,16.453125,4.109591376716146,0.9631009299203399,1.7420132374162323,3.136893525658784,2.2844282463716725,4.068429061599473,0.9299418567375479,1.6793987782969682,0.4824765496622294,17.027242389945393
20,46,10,422,0.3499891428208203,16.7421875,3.295555786924448,0.6450509188491067,0.9830300437078495,2.8223529640836524,1.8904094010851433,3.468837094433247,0.450088373147529,1.0375660248602303,0.6234995007912119,6.51506667216457
20,47,9,417,0.36253368954141824,17.125,3.1606911921480196,0.6333789366790857,1.0492881088925106,2.97822859112539,1.9154188776320273,5.25030747222578,0.11786480135684745,0.6438104445914642,0.3926890123994559,8.031827161027467
20,48,9,404,0.4145417320304339,16.765625,3.8944599997049325,0.7761043870659018,1.2544166820259386,3.602436494158577,2.3869549585663226,4.893903055060784,0.3433452682721406,1.1647776413167876,0.409106429069834,9.707458691565948
20,49,10,408,0.3894064728076428,16.65625,3.627492428335514,0.9826942552736175,1.0059435428528556,4.291349080958288,2.2249318124589745,4.973495564112809,0.8124513602563735,1.4311222375502972,1.1469352694630746,8.16565545820864
20,50,10,414,0.4030189689828297,17.28125,3.4996551534606093,0.8063860412262154,1.0778692101063805,4.617613724426989,1.9884566793437752,6.8166266835478195,0.5308144630692803,1.3019570864175132,0.543653738862313,10.080431366353592
20,51,10,416,0.4583044973406231,17.328125,3.921417677516021,0.9806985972142297,1.2756241471460537,5.483279396248502,2.271614275210779,8.670761429429223,0.9474550773380561,2.45436694037099,0.5834931394381158,12.519225178494816
20,52,10,393,0.43032800205206423,17.890625,3.7839912475477684,0.8876878825470773,1.2937134251285516,5.46678547434835,2.3497657543053663,8.384574321702349,0.4403658796744601,1.3165658750798779,0.5226783015902128,12.62814741968941
20,53,10,405,0.48799379582094,17.875,4.297434713169707,1.0329916327774042,1.6802287248779009,6.658729841408256,2.4300323525525167,10.255020670785605,0.16763809320653944,1.1438169030825986,0.9276251340328597,16.382981496416008
20,54,10,399,0.4577603958996645,18.15625,3.850652651452286,1.0812107556642598,1.7484850102472835,6.566927642845574,2.353804915776738,11.030082097390817,0.9572324527591091,2.58963911914097,0.7214925296429606,14.528280001866284
20,55,10,382,0.47169526167721937,18.1953125,4.016680499781252,0.9805499753005769,1.9687104664221007,7.071159252900422,2.6405056446161828,12.267168204076146,0.6319128810489119,1.935542910354765,0.9641374443595196,17.86241134771068
20,56,9,392,0.5329548519028267,17.8984375,4.428454911199067,1.1997051028542918,3.006685452841812,6.962076180792576,2.8086941753876706,15.654481206883988,0.7459686817813107,1.707477082498602,0.9785851383080646,22.161612752363038
20,57,9,383,0.49857560246471927,17.859375,3.6609015675915924,0.9979617170057563,3.131827948277071,6.95309471361458,2.233278278839942,17.581533765650054,0.1338299197693444,2.5082387410453344,0.7220916468316453,22.484331056258938
20,58,9,380,0.5105592311170418,17.953125,4.135821979293613,1.1161038578552196,3.5385769599668504,7.641133124063691,2.6450371017385823,19.159194912269548,1.2430796328015,3.163602469424876,0.7905831864445851,25.66587119007866
20,59,9,379,0.5772784791259579,18.28125,5.027615187824262,1.3793305908052282,4.459021106179227,9.2873070635025,3.321351317123371,24.009668751301273,1.0622939281857577,5.7063951899062095,1.152556250281173,33.065064933141876
20,60,9,386,0.5380705017612228,18.3671875,4.921720170246828,1.0890579291169145,4.552006034114904,9.09710273397791,3.308954658019777,24.6390493549307,1.0763203164998145,3.8968820941417226,0.7672446625420687,34.14873579723293
20,61,9,386,0.5506541149405191,18.4140625,4.888267078151399,1.1309276269803994,5.2054313158092445,9.921553576014206,3.3327883506857408,29.77445438256052,1.07473898672243,4.635308315848319,0.9157190045633385,39.28451312908546
20,62,8,395,0.6186475497311975,17.6875,5.830353767886375,1.2017414445056247,1.0348465527018522,1.7167009942030764,3.443329117890468,1.950665006300416,0.9977615206274328,2.058431681589213,0.7977260665253632,4.919515823481692
20,63,9,395,0.5757606147805565,17.859375,5.4389963313120395,1.0556825595623578,1.0723224326124607,2.3232579429182816,3.318185859683645,2.1220969082793326,0.23966240591158475,0.6364968849484086,1.0517232334273052,9.090196314507608
20,64,9,397,0.6419456467697736,17.984375,4.90783421363402,1.5832966836267706,1.263216626653861,2.7661274613485483,2.9012631270701705,5.177408581265973,0.39857942881349545,1.446079690936317,1.0320652592566648,10.374030891905381
20,65,9,402,0.5858827060296514,17.59375,4.8740828914348455,1.0735588948806507,1.2167132802330687,2.662969598856896,2.7600164959159272,4.202412502022221,0.23728509347878257,0.4930442561210815,1.1652085344506287,10.234380368305152
20,66,9,402,0.5845356535102457,17.3828125,5.575474533067397,1.0042335784290315,1.2889553884607625,2.799273653356671,3.3580947456071693,3.2071414537640903,0.2406504134870925,0.7288189212827976,0.9323336526316358,10.609235174566043
20,67,9,405,0.6409803945662451,16.84375,5.630941456414224,1.0412411235727737,1.5027502764249554,3.27552751130082,3.4066426244867984,4.962359062787565,0.3088390468581464,0.6403042533579141,0.9102348832685961,11.798856636777499
20,68,9,410,0.5797537249639729,16.3125,5.584639733142424,0.985456031050205,1.4320714832965955,3.1440803384778704,3.0452868634890993,3.1467262468858364,0.4240716134855528,1.4240113238637793,0.8797782864005782,11.593500091163188
20,69,9,410,0.5779828819615608,15.8671875,5.531219249373549,0.8985832682978308,1.5318677899147295,3.325391580075034,3.0254411288286422,3.1711922829818384,0.22579013556120547,1.0777105961495437,0.9119654692416785,12.335237968073944
20,70,9,428,0.6339170452099485,15.6640625,7.059389293790579,0.9738901227809961,1.8143800807373316,3.912046649908762,3.598643654859443,2.948174824167,0.4945012038469223,1.4028987181783208,1.2860130742770584,15.29580140277251
20,71,9,425,0.574506993090787,14.34375,5.966067221841488,0.7384998650386096,1.6914799615896234,3.7778966800736273,3.3766201883319793,5.010136600979813,0.685180668000857,2.039028068805339,1.0553679172201453,14.478543601213048
20,72,9,440,0.5730247037235944,14.48046875,5.652969890004357,0.9843430111136775,1.7397823758900255,3.9886128437585655,3.319701516171284,5.973674550546888,0.15578771802902397,1.5749514305317198,0.6083078565147779,13.716950485206617
20,73,10,424,0.6274491559890841,14.49609375,7.34018142527105,0.8624126175760214,1.8388486609542651,4.347471324285959,5.525109274996563,7.314886350140921,0.32245263517664957,0.9663242926103695,0.8619751988010871,17.462298237484053
20,74,10,424,0.567642534197278,14.484375,6.429907442286357,0.8278907461054043,1.7734711954726974,4.217403866034834,5.099447629989237,6.909498095319643,0.24040906149430238,1.1289993436942356,0.8599746894164364,17.426990889605282
20,75,10,415,0.6212420192660706,15.25,6.315737109130244,1.0707279266974183,2.062645181289168,4.951152443113274,3.9056078734583743,9.28948767798269,0.25249910385957197,1.0896216623233597,1.2344445799030437,21.474901100260812
20,76,10,415,0.562295451186784,15.2265625,5.677975084084096,0.8632294632828919,1.9872002403086224,4.723307305646661,3.496274116937924,8.625124060442875,0.2582938659332192,0.8926776226270632,1.1856916022210855,19.59361109637137
20,77,10,409,0.5586116936617379,15.2890625,5.434539617601166,0.969082045286568,2.1623594552980467,5.02384247308506,3.459972958631592,10.814094914818945,0.9445914133497066,2.774783928958916,1.0240958288914201,21.21748624623331
20,78,10,404,0.6108251572867952,15.140625,6.9157992183124986,0.9614902672501235,2.5647318835018855,5.9272836937009155,4.040592678066294,5.237739461872031,0.22663850819902853,1.7364525737997607,1.1663604610856932,25.20855432874915
20,79,9,395,0.5522761214029369,15.484375,5.250613005708038,1.1193445223492458,2.6374927421306253,5.35415634122549,3.519843535371593,13.584041761385306,0.19433068315274266,3.0332865683344505,1.3787001072655234,23.41902036606855
20,80,9,394,0.5491687857784862,15.65234375,5.10956211720581,0.9359271284107433,2.648904627218585,5.693725373381341,3.303597993532811,14.899667015052495,0.35128059102667114,2.076780228037479,1.5747753875649775,25.3548843084612
20,81,10,389,0.5993387797715115,15.3125,5.4707145424724,1.005511605147551,2.983986523617438,7.144518598253764,3.725607413359681,18.480515325333286,0.47178972402085795,1.8486865364255867,1.2642408196916535,30.753274947367387
20,82,9,375,0.5425742185877094,16.015625,4.834812622165032,1.267637519499599,2.098358764281329,6.760280003105218,3.2650085224442567,11.94722671827548,1.0440406069185932,2.379674659542684,0.43627892870117047,18.604111417306495
20,83,9,370,0.5936121094564158,16.3359375,5.73222920649247,1.2095699074049877,2.4485895655469454,8.058069530979955,4.000864605622859,13.810462504443642,0.32536552402531055,1.8559164110397406,0.4927138081764884,23.169210424045918
20,84,9,377,0.5365838712115178,16.015625,5.2695000916370764,1.128575942222491,2.4667382698178564,7.8842135363428545,3.553931987413534,13.538648372612938,1.4294960105036887,2.6176075055901666,0.28433327134426767,22.820328150237422
20,85,10,371,0.5341973444370812,16.125,5.733590564782282,1.0298657704605998,2.712348089504447,8.843279522122318,3.7598435036845785,14.16116134296435,0.5351241137642572,3.736231433719191,0.8181136262959536,25.437563831926376
20,86,9,369,0.5864421890853213,16.15625,6.551882224265186,1.1018119620698275,3.8507897913047677,10.15973608690565,4.312614992134997,18.14512589216361,0.2294959196246923,3.404891606333167,1.5031685102262493,32.03670253711882
20,87,10,373,0.5311698195403367,16.21875,5.466371772923969,0.9825433546399813,3.587580558660369,10.184568189630502,3.532275361474301,20.69261683560015,0.4043327026763221,3.1764463925380726,0.7374739139656602,32.1412122807062
20,88,9,370,0.529484056847781,15.08203125,4.592430926114459,1.0676410283630036,4.394579070504677,10.475739766850303,2.5971950520889258,29.14024482409902,0.9885265678816901,4.13154452381961,1.2291434152015943,36.81430539813644
20,89,9,376,0.5801718590200223,16.32421875,5.474988142510487,1.1448712882724268,1.0819730445633133,2.95209282457438,3.2973089354056744,2.5427859495732874,0.1730516500153569,0.3315565426395999,0.4470678974280442,7.4757024485831485
20,90,8,384,0.5258004916941857,16.984375,4.551784293083571,0.9847825756105156,0.9907660700975076,2.876229271391851,2.7775386711556407,2.699290677703623,0.4313765637166255,1.0852572802301435,0.8517462945143363,6.688799245807247
20,91,10,391,0.5241436663202362,17.0,4.14052989024912,0.9449887159437149,1.090466117819175,2.6773138128661564,2.7381392192686698,3.0976987378010756,0.26821802653488913,0.5157606464098448,0.8018602129732575,8.107990259166575
20,92,9,394,0.5742887728222341,16.90625,5.309734469181302,1.2543074545107578,1.2942049406781904,3.143856467826168,3.286959256134901,2.2289651247375724,0.2660810144549057,1.8393326849603193,2.024204620722209,10.344878350137483
20,93,9,402,0.5206318499591993,17.0859375,5.1468840027046205,0.870028164924556,1.20840871036696,3.0687232957217887,3.1670446059358492,2.108987182436158,0.36665603509516564,0.45171318320892895,1.7582633276541726,9.607928106866776
20,94,9,402,0.569857256095947,16.96875,4.957216523483414,1.0635081996270532,1.4188339032834132,3.6886655402012694,2.891721860891118,4.544512135422524,0.8742551221235365,2.249963291682833,1.4294562757284701,10.455742167016368
20,95,9,398,0.5156422767149025,16.8359375,3.913161569231163,0.885423591744572,1.338683271624349,3.612162016873916,2.2043306616839606,5.857138094183096,0.49064036499053315,0.8007760761061443,1.832185025828209,10.987954231561572
20,96,9,402,0.5136703309340683,16.9140625,4.066112125790394,1.0249866861139814,1.382289159199301,3.8925566990993583,2.3417937228411416,5.4111398926011045,0.2303460744431632,1.4915237924770564,1.6988188425896051,11.355944616566633
20,97,9,409,0.5629018334451356,16.515625,4.736112593426667,1.1268965077149051,1.7282068837271465,4.703043195303741,2.5993485044997358,6.733573865308513,0.3318201714653505,0.6160781915872144,2.2852570965627876,13.965432939431816
20,98,9,405,0.5085702608735897,15.703125,4.24249238305777,0.8934432862282249,1.7178034043250912,4.529479928636674,2.4755158901521197,6.880994507640484,0.3178361721281721,1.000416350147511,1.494092679721588,12.210729091095825
20,99,9,417,0.5074164553112152,14.875,4.436502292188304,0.8459407711653737,1.9336520185111294,4.952157526989125,2.684855664824442,5.7452371812455585,0.18443655635679615,1.0061798805149382,1.7798831376021103,13.41443935811801
20,100,8,406,0.5549231788221708,15.984375,5.03964227054291,0.9530006744033193,2.1024356553832915,6.521239890036527,3.094235361536187,7.133793931298094,0.33255585127082876,0.6405518827414096,1.341468778281798,16.602941342485114
20,101,8,395,0.5019194260364649,16.03125,4.3919529179678385,1.1257261968206052,2.098995242810859,6.286103645074176,2.868121702090571,8.954200074641001,1.0353801349937573,2.1484740981589563,1.136370900793341,16.337035990359993
20,102,8,381,0.5490544528036275,16.75,4.099817492036041,1.1954278213003147,2.5545923676992452,7.494850932432769,2.663997753776891,12.59743312591873,0.24662813644548187,2.359627720235706,1.3612557728522556,20.4241237766668
20,103,8,374,0.4966750658067634,16.875,3.817941007542573,1.054601620062663,2.499277661112986,7.141952086543061,2.712850645102443,12.104380751151233,0.9971995556875948,2.6312104166311374,1.0340795760297896,19.475233045780666
20,104,8,388,0.4937180166350719,16.421875,3.832350518538483,0.7659720021080642,2.7081664563944488,7.505647784640667,2.6733429245335305,12.92165863025413,0.22523303080218365,2.4978797664733445,1.0791384036983367,21.34314803692524
20,105,8,387,0.5394948586556904,16.375,4.9653758581042515,0.9241061066114229,3.2973034352603547,8.837025898824455,3.3367127331753528,15.435034965674658,0.7335116565747885,2.2922256335287274,1.1045620663023052,26.286655139077414
20,106,8,387,0.4876404987934582,16.375,4.502122675363509,0.9100901429075138,3.2454659301070894,8.500506151286448,3.018988381438959,15.920372097782117,0.17047568788331058,3.4638889037667173,0.9314306291084873,25.901117795827215
20,107,8,387,0.4858746226274425,16.5625,4.408910120972498,0.8239121940686902,3.5203301792757506,8.92229662406248,2.981876152360674,18.268362602499792,0.1655312731491287,3.873092832775949,0.9066541143207706,28.534129155803196
20,108,8,393,0.531102551146995,16.890625,4.1024566740839115,0.8163845580599888,4.244509752843328,10.365486494836883,2.7641478857718234,25.332519090957668,0.13674463285000038,4.637925226429594,1.0224257788879019,35.48191323852815
20,109,7,392,0.4800061725983376,16.859375,3.846188272607371,0.9601288272788777,0.48491832376078287,0.650466981533226,2.5195959729465955,0.6048329382395532,0.9316031251569802,2.825088447482141,0.7448804224529497,4.272482639889088
20,110,7,409,0.47666722691955454,16.890625,4.195235581034408,0.9619904211151482,0.5007679815597063,0.6974841723274358,2.8752989975287253,0.9561352059074646,0.949401632020753,1.2008780290641416,0.8462857489182377,4.334220479539449
20,111,7,408,0.5214407503421562,16.75,3.9891992496442636,1.0286617690770754,0.5570132114672351,0.7950999985074072,2.500216566551164,0.791160056094796,0.21035902213955007,0.5961825603446766,0.8289697617839071,5.124950262131684
20,112,7,405,0.47233876728309365,16.6875,4.398502342674145,1.0236724077411683,0.5080326084106781,0.7420748753544455,3.084680482591529,1.3881464863701898,1.2672752745136344,2.1837239575917544,0.6728997401133361,4.386377273484047
20,113,7,411,0.5163648425263939,16.71875,3.888061689062987,1.0270062275084901,0.5599276055769905,0.8500204562805527,2.390661707736622,0.7967089499324485,0.23551703796209839,1.270528414712481,0.8827121353921226,5.364120496553523
20,114,7,424,0.46614108871765814,16.3359375,3.7627452678448376,0.8159440617084478,0.5007714176170723,0.8062155292022537,2.4158293527262,0.653265039464423,0.5113603135769871,0.5095200662552227,0.5138514448133605,4.516275263020059
20,115,7,422,0.46393604735285054,16.328125,3.837454843531012,0.8645283405336187,0.5192734766010818,0.8351299596085155,2.1799571128464783,0.6852545239867025,0.44247030088149397,0.6433043810332167,0.48194750070793113,4.600594028062048
20,116,7,425,0.5072321575495274,16.609375,4.170697555803664,1.0023154176907136,0.5906722912325625,0.9356602360165733,2.4277783726658835,0.7082042587703055,0.3295578548342058,0.4274381098870127,0.7691482293825083,5.718457987328647
20,117,7,438,0.45805658115202025,16.2734375,3.7706939662691172,0.8544708320113981,0.5497968297685956,0.8787499212574779,2.058167269258576,0.6631379882180775,0.7737890396179588,0.9398086941502044,0.5856569794424991,5.141547456048894
20,118,7,439,0.4549634699152839,16.765625,4.00784743650063,0.8703866777588176,0.5520643150275404,0.9154732829764411,2.194779704138084,1.0676137377742778,0.3236924577267461,0.4826344961332276,0.4019903590994728,4.27983422046171
20,119,7,457,0.4963310455415048,16.125,4.415611067108626,0.9470703915749845,0.5997488996912886,1.0262138796816809,2.4782904950210516,0.9926154861680467,0.22666340777912927,0.26646777742944755,0.4508217490044597,5.94523219363114
20,120,7,464,0.4475074415245768,16.171875,3.7490398057226413,0.818486817254994,0.5522844990223235,0.9453913037199746,1.75598627551339,0.8193825324869466,0.20817085835445298,0.7746755445901763,0.5312583681419688,5.577847241497029
20,121,7,482,0.4441251310362879,15.96484375,3.8535674226553223,0.9584528369819318,0.5668356847448075,0.9736764967185585,2.212545382714493,0.9592048298804243,0.5097757196047361,0.6948478765312777,0.5016288010789886,5.574425127538741
20,122,7,486,0.48481341077988815,15.23046875,4.191226156961479,1.0188734160217952,0.6361014081054507,1.108026660505961,2.0780954391703195,1.183621406347521,0.5244281396476381,0.5267425042227576,0.4483487501267648,6.33754853816817
20,123,7,484,0.43570858303765764,14.16796875,4.012769877345496,0.6356835835159598,0.5769524919091731,1.0223285802962578,2.123388872555418,1.1024466176987693,0.1579684821385394,0.5224217396845136,0.31327123820737335,4.155914530052529
20,124,7,491,0.474840467256941,14.1796875,4.764753685805065,0.9651802740445341,0.6318642771794806,1.1617205117901512,2.703812269479913,0.9290170970906284,0.7016466691006537,0.917950122307605,0.5341188487164746,7.088557259328635
20,125,7,491,0.42557525120550926,14.046875,4.342871312203218,0.9077857812506562,0.584094534766764,1.079202384491697,2.4131456926793,0.9009485394655294,0.5234718664521862,0.7990693255752835,0.6652400553097595,5.259651327989714
20,126,7,490,0.4211278291107424,13.94921875,3.8367197719050443,0.8185084017902955,0.6006379980293353,1.1115483074706283,2.133262460632562,1.0429810060553286,0.2508593681793211,0.48894972753317445,0.6199115525356579,6.3485813101200925
20,127,7,491,0.45926380606450673,14.046875,4.6987917463284345,0.9693428615793833,0.6807748436407458,1.2685308996753657,2.523501493429567,1.179567883919705,0.40400030206852544,0.8134189204037877,0.5729752148925649,7.5164007366844965
20,128,8,490,0.41356985625822534,13.97265625,3.866372616398575,0.7798244939928622,0.8454839788188049,0.8944579994286318,2.002038822813658,1.0020518903679416,0.2607913613223792,0.5003800607821873,0.3669822776276471,6.474269950376134
20,129,8,488,0.4092202931373436,14.1328125,3.8199361526792215,0.6126557099736549,0.8511172606689676,0.9092304226812578,2.029903645542202,0.9536928841272918,0.18926931646173475,0.30635489229970125,0.8267367172272041,2.93161559129783
20,130,8,477,0.4452296598815699,13.8359375,4.392576020350285,0.6575653693556694,0.9481057833423563,1.0250937016138042,3.6527054576697697,3.4747701048539352,0.12788424033569612,0.918959599787295,0.5847328267400932,7.720492387497118
20,131,8,476,0.4009949268210714,13.98046875,3.796192166055657,0.6360184313759636,0.887756715241671,0.944924938938845,2.079394678343284,1.0739235060715215,0.5703722405323197,0.402477821806617,0.5730666801705859,7.234874988121245
20,132,8,479,0.4370327103496887,14.0390625,4.1197740751133685,0.645436593644874,0.9906613533029491,1.0535885037944897,2.2365927164778574,1.2666037977194613,0.1453518929057354,1.025490239917874,0.5206144407230399,7.983748781646453
20,133,8,474,0.3935415156586811,14.046875,3.5111180035785328,0.5635766349253868,0.9005087315346274,0.9617729482254909,2.005128241113522,1.1198767025170293,0.1270312523203203,0.8932072845285473,0.7855385236437705,7.361310730225558
20,134,8,476,0.38886811418103834,14.72265625,3.8853067416460467,0.7470865384318477,0.8994450148223719,0.971248865079266,3.327945389065984,2.840597209351071,0.6870949116907381,0.8171986429043407,0.29750592969325,7.158147509146317
20,135,8,470,0.4247914255638198,14.0,4.19120252727025,0.6257273573658468,0.9996736130358184,1.0854198758666287,2.3065651471543216,0.863660672606108,0.16481379185137562,1.0900121189100327,0.30835132093614626,8.89469159349758
20,136,8,465,0.38083876322005467,13.8515625,3.585414441881619,0.6654357529807355,0.9134478857858603,0.9846494788684665,2.071997956879723,0.6510004237675495,0.28898576380192087,0.3491890895308084,0.34417237803709155,7.4571928007429955
20,137,8,464,0.3768938777500153,13.7578125,3.6736388952768815,0.7191052051486666,0.9104447553385218,0.9927798549850545,2.440864758973745,1.6764560919201952,0.597100795272133,0.9219361174070402,0.37676208512301407,8.188326510084199
20,138,8,460,0.41011769514653806,13.828125,3.8244994286790925,0.5772860104155866,1.0244863496207006,1.0971858233886287,2.204431298770075,1.550799868400644,0.4483213797589666,0.6322211737849468,0.3717143674071207,9.380908869469831
20,139,8,461,0.3703717594456682,13.9765625,3.674454403656807,0.5295393988920034,0.92184198717004,0.9951629330000822,1.9645729157168792,0.9324992342006102,0.11318995220885257,1.3733663865895633,0.2258522587363912,8.335293882351097
20,140,8,455,0.3672108256366966,13.1953125,3.3724664519836383,0.6014244679031301,0.9360123564183037,1.0143232032477973,3.5918502301097885,3.6117822843038843,0.3354733987546592,0.44142357021904083,0.4025843041919131,8.567163508619604
20,141,8,456,0.3986091858414323,13.234375,4.075211107097474,0.5973274845942239,1.0430784269383286,1.1255133585326216,2.308234350862033,0.818356623403913,0.18955646989814048,0.8929263626767514,0.2585436344385773,10.389431926540492
20,142,8,457,0.3596367954782738,13.5234375,3.4270925180621883,0.7321093963720352,0.9212925223879034,1.0250785560922662,1.952531605364137,1.199853549661864,0.4120505034183977,0.5193377370776218,0.29161880364551374,8.637723442283848
20,143,8,456,0.3918724590031474,13.0078125,3.508470644977959,0.5872642757782414,1.0243853114661698,1.1348929533817982,3.6663834794441925,3.630069873591661,0.21227270073919569,0.8212928469283917,0.33110431679302244,10.36890464433715
20,144,8,452,0.3531018966753098,13.6328125,3.3025606975912867,0.5198246824188121,0.9347624043992913,1.0329101007257608,3.44143863186463,3.043611657189741,0.19463347379542245,1.5829709089752766,0.2826211086144774,9.358115349112287
20,145,8,450,0.35202372008758354,13.4140625,3.7254824535082376,0.7420862166646972,0.95113373546779,1.0448294607397752,2.032264681830444,1.8759616638506402,0.5678083460151919,0.6792964979698671,0.3823406583382186,9.643434608213578
20,146,7,449,0.38705415722155295,13.7421875,4.3415140021477985,0.6164806282976776,1.0399812480488513,1.3257516624968142,2.2263965914443515,0.6157913245998863,0.44962216176180736,1.0626536834095202,0.3690520894573263,11.595028581962879
20,147,8,445,0.3526893715543257,13.2734375,4.259602105279468,0.5893657085863128,1.022501154835905,1.7749351344858624,2.1603189381446235,1.4242884181232092,0.1913056580344118,1.285613439124775,0.23503275497235726,10.000452165159565
20,148,8,445,0.35368275336983535,14.25,3.8577182922996265,0.7869966544220847,1.054203611210736,1.8339616347206902,2.0831487098953665,2.875166958473172,0.531699625503532,1.2531581213736414,0.3093170520258063,10.328753753122099
20,149,8,444,0.38912987374500524,14.234375,3.8453483331903033,0.5819582770811235,1.196338286077635,2.082537648624796,2.21214875881105,4.447151961308616,0.2627906799902473,1.6424796021141255,0.39717555375568003,11.954047660176238
20,150,8,445,0.3545499204503522,14.828125,3.748344149303408,0.5296435428682341,1.1257789107504157,1.9535549221583262,2.2273158495768888,1.7515439330343814,0.17658568234515123,1.3279575216084678,0.29737471564612306,11.021693691007084
20,151,8,441,0.3550367861611201,15.0625,3.225051914273824,0.7671492995365555,1.1498864784836336,2.0173275178495946,1.9926277655492854,5.2487847739014715,0.6509852964782944,1.337448682406825,0.25020690057807615,11.67227054410624
20,152,8,441,0.3927015526754489,14.8359375,3.4880565231644782,0.7357090581009345,1.3116214022172326,2.3267860550518193,2.241065153573869,5.737773030006534,0.6478352889253258,1.248131012270208,0.36209751923630057,13.294949221280293
20,153,8,434,0.35962542048261725,14.8203125,3.105350496802475,0.7527767152027233,1.1969547312406252,2.1764862241721716,2.0378790864000207,3.3751877099299916,1.0090488765994428,1.6995388570297707,0.4516609000295214,11.338461404743308
20,154,7,400,0.3980270836155016,16.546875,3.045413739290243,0.6662797985330711,1.1510539810046567,1.5331760247149702,2.0004473846935595,8.843071813436975,0.5364350289882437,0.5373054443676875,0.41727839232763725,14.417182055111212
20,155,7,357,0.3637944239815308,18.0625,2.4150709506056582,0.4945398575631595,1.0603936527577356,1.419156135661891,1.4065349104436975,10.76893000906263,0.17751518342635456,0.8871191489135959,0.3574406243588529,13.654391207759828
20,156,7,332,0.3664734804025517,18.6015625,2.192473038986062,0.6827660327591099,1.1119955929360688,1.4777792611305902,1.1795697902236013,12.198401502699895,1.0482213540603322,2.193263249612702,0.6841118682014555,11.854473856575263
20,157,6,304,0.4080161738370584,20.9765625,3.4654251661457174,0.8287176539961814,1.6923694900214605,1.1530009795169596,2.9922715719167927,1.5886224493156562,0.6933309080257588,0.9871560098163584,0.42539141415333837,8.148847203196164
20,158,6,284,0.37826229741326695,21.2265625,1.7547176134164957,0.7831478822900294,1.593681538860831,1.0846360417835963,0.9677102596279011,7.064469710226034,0.8361197451629541,1.0248762279000443,0.3120196155307694,7.995576016377046
20,159,7,284,0.38534478928611926,21.4375,1.8142675015983576,0.7923073001637195,1.4327093626875647,1.3138172025659722,0.8586255425447955,7.252166214903857,0.7427120292679237,1.042474529028448,0.4844459517190031,8.057795061645535
20,160,7,268,0.4346808645846233,21.5625,2.1050311992599733,0.8159650278047156,1.6938547770195351,1.5124827759319244,0.9792126297907389,8.63594007676339,0.9496030399900759,1.3176727512321307,0.6667665343864735,8.725873813233262
20,161,9,264,0.403329482992842,21.3125,2.11137642773748,0.7604270085237319,1.7028290119126548,4.298599428183425,1.5217196248635978,16.92847272819831,1.0963003096622204,2.0219067489572162,0.5667267035294921,20.575517955793835
20,162,8,226,0.45432593232780494,21.140625,2.2168725325381384,0.7969658779660154,1.8271549486158178,3.4117273768813483,1.0245387800178558,16.130120532604312,0.8677188807438526,3.89064964559025,0.7115300800956341,18.45797243558777
20,163,9,274,0.42432353357100394,18.5234375,2.5240935301874234,0.7956273713130316,1.5321456885786504,3.9704491641750677,1.4016818427079367,9.876592984428399,1.1952423678135742,2.192398495495686,1.088223146532701,13.494147635007797
20,164,9,295,0.4352698779574103,18.390625,2.82525727302127,0.8635948307714273,1.473793908497672,4.264256321998768,1.6900377589092745,9.635440848060556,1.1625739323187152,2.516102102103562,0.9605334710487324,11.148960665239807
20,165,9,310,0.4924338334061465,17.640625,3.3531136734613023,0.8356452809322108,1.749006460559092,5.417991113473821,2.0444937021456564,11.430165699175102,0.684384073427483,0.9571801252723392,0.844958376982943,16.653420781411967
20,166,9,328,0.46020785507286444,17.8984375,3.1937561930840586,0.9167372879254045,1.7781216772797646,5.531528922820917,1.8958075387483468,12.29198352833179,1.3726265776164823,3.4989799813946876,0.7250843670487434,16.791496393272627
20,167,9,321,0.47265152941485244,16.765625,3.9258077557273947,0.9644013087180733,2.104467333544834,6.465673085615377,2.413866185519062,12.158745169153601,1.5942117737413835,4.124692554893972,0.9031947609012475,19.015484728902717
20,168,9,337,0.5366327478349795,16.03125,4.201559600635008,1.1907096657149294,2.52541479828358,8.368542605358565,2.484723476134853,16.822074496695603,1.3490692818769139,2.6340975489527363,1.6184293089091637,24.335851958676564
20,169,9,346,0.5038879375018669,15.02734375,4.353660650937865,1.1225811973841782,2.573798057578089,8.65835605248325,2.6648918789123575,17.061523818206695,1.3825084836922499,3.833611784213821,1.275527802699723,24.100341449645327
20,170,9,361,0.5167978615231396,14.71875,4.341561654861266,1.436215216540801,2.9471016045258915,9.763939327447055,2.466712855891562,21.270525337471607,0.6717606806857326,2.2484810495172822,1.4487128483556908,26.929601885549253
20,171,9,380,0.5836760213228134,14.7265625,4.919970556470497,1.1906692641937255,3.9747010551443513,12.301654906726382,2.9786793130849345,26.22134753273862,0.8419774997019743,5.995645340600189,2.9943045246295283,37.2685461202858
20,172,9,395,0.5437404599109108,14.5625,4.618014908853997,1.144407686250149,4.1795869158003045,12.44285261605103,3.7175873664523,24.639680034169622,2.1785700915984827,3.7759933913761916,1.7374623458170804,37.92613617491046
20,173,8,394,0.6133160498979399,13.6328125,5.292922273333565,2.188954435539184,0.9878616291493109,2.198429606596055,4.696049357096344,4.365578806037236,0.3480772294212565,0.7788856519425122,1.7926975041951654,6.914871654039896
20,174,8,403,0.5711488240573807,13.6875,4.947224929078625,1.8200424827552912,0.9754924772072351,2.345225143372118,2.8741481239751785,1.5522477214079187,0.2868993149385778,0.5346905733517083,1.8391138148025568,7.699178042745888
20,175,8,414,0.5838529683839077,12.6171875,4.806900687286218,1.3169849294375662,1.0714938138349763,2.76494433204212,5.29135429268055,5.557732828311608,0.35628451428369223,0.5357655193913344,1.5391504562823515,8.60074647910111
20,176,8,424,0.6543106896435626,12.69921875,5.417280888059905,2.401215557821045,1.4889782849365505,3.6605041326450367,5.624059280289428,5.322756171205013,0.4081157859361154,1.660530619358335,1.6849877818788972,11.848678814272592
20,177,9,434,0.606464617347048,12.4296875,5.382492026472968,2.0504329708004287,2.1087176880753193,4.4303354403181014,3.5259013192656194,2.200899887404946,0.6315267868873413,1.773519083314144,1.8122134820548077,12.223158652229943
20,178,9,431,0.6166132493582098,11.7734375,5.42637616214495,2.2496394193981275,2.3587961334409813,5.109021212998317,7.465856195552244,7.110085924744229,0.5937926576048929,1.8570132749547277,1.6164126859644856,14.1111407304734
20,179,9,434,0.6891348033707907,11.54296875,5.941650437539279,2.426754461540466,2.9995211461045392,6.5536442639898285,10.665357383246912,11.027335129896025,0.642613670303206,1.525852913262135,2.246206150252632,19.842186102083303
20,180,9,427,0.6366114466572657,11.6484375,5.285780061002747,1.8549021589701136,3.121144102626521,6.924846524387929,8.906749531093302,9.158189845975341,0.5490183543111492,2.073405671842174,1.3019509939336777,19.719669273751755
20,181,8,436,0.6450091710401898,11.1640625,5.400737767692677,2.0446286846749544,3.894984280872118,5.801081977538942,5.515455462357252,4.244244424085487,0.31727123222359516,2.121192976810131,1.9941921926065689,18.24885385009159
20,182,8,444,0.7200600627192393,11.4765625,6.084051916678289,2.7118985418216575,4.804961073072145,7.1363512634225765,6.130120057958887,7.314044344242452,0.5293589817773218,3.080753431077504,2.306710306460224,25.73396112179253
20,183,8,440,0.6642760606672311,11.5546875,5.39303137110581,3.008145617760846,4.77898662188647,7.031006320768435,9.08645798462792,9.520848966180626,0.37128257959330674,3.4276534516825867,1.8939634869693813,36.554430920400314
20,184,8,433,0.7423493956093261,11.0625,5.992913702652501,4.381642364575451,6.307852554358991,8.533806854041881,10.07991184112575,9.536115803229926,0.6378924585635126,5.040639801895304,4.205435833113027,47.49596077644048
20,185,7,438,0.6838965752315728,10.8359375,5.149809592552713,3.9670487015229257,3.160559625118091,4.219723148480333,10.641190635724987,10.47778066805823,0.5610531465579163,1.5062432775637724,2.7833386151244004,14.088025981908112
20,186,7,457,0.6934753368718484,10.859375,5.568454895393376,2.0148840520638718,3.5316224334843653,4.55803847992414,10.656407573293619,11.136550001974443,0.5245166720196207,0.8917532322206713,3.0691583331923984,16.576038376838607
20,187,7,455,0.7745089843390834,10.5859375,7.783278047433298,3.8195249034452696,4.1369099952477,5.223934613357198,4.763525188081257,6.794913683261545,0.6466863084036251,2.309277493501341,1.9617815173761857,13.357202473980808
20,188,7,468,0.7151924488778031,10.81640625,5.801463309025744,3.221405021904375,3.9870903181678146,4.919506708779086,9.576268191629797,12.105259520899324,0.6582004420195384,2.128567713754089,1.5616895997729483,13.162814606950933
20,189,7,465,0.7249521483693169,10.9921875,6.210024378923409,4.176507470076052,4.354301568422754,5.227436577721495,8.533785259141467,12.035648440256317,0.9914224478642029,3.305553994066426,3.019357524053688,26.08666343665705
20,190,8,460,0.8083604750609628,11.08203125,7.514667980363433,5.590084339065891,4.453208646810145,8.203790141328543,12.813950983707198,19.106277304622044,1.1262913009243447,3.5389328674307854,2.6787228899291744,33.82031695714117
20,191,9,463,0.7461323704990426,11.109375,7.1588042796334195,4.4308851380319725,4.4907978133493565,8.094315490588077,12.738340157543371,18.921805116111614,0.5386626722651455,3.683743339478576,2.611897717387709,27.966192599617205
20,192,8,460,0.7557983041330635,11.19921875,7.307627378517859,4.3005866752297095,1.8393610016772026,4.147502563826997,13.053784685591207,15.933653690631754,0.39804319735699795,1.742135729106164,3.9646733354378116,10.182172992385855
20,193,9,472,0.8417758537467118,11.21484375,8.473096032825605,4.652661051291794,2.3958590607643226,4.557284782044505,16.017889687454648,20.828569159960438,1.3676871511178994,2.573990261009741,2.108935266091245,5.991265373068334
20,194,9,478,0.7734500309449941,11.08203125,8.10030116897646,4.556502176979871,2.3024414050278255,4.335308342835567,14.969369740059307,21.200433734299434,0.35118360182640423,2.3144134576799993,2.493895884804509,6.86823614264461
20,195,9,479,0.854087514426153,10.6328125,8.38453667496504,4.686708447027346,2.716622251898605,5.0174700164211234,14.910585077377618,19.486492258841498,0.6156140320551268,2.5807493728797466,2.6358582921604623,7.753805582020157
20,196,8,490,0.7761081104697619,10.90625,7.970657647363122,4.752555203298153,2.465738783568603,5.190968593784539,9.479274345883642,12.7744465759456,0.5155900314463331,1.8022903068961207,4.5229018792626245,15.592425988893615
20,197,9,479,0.7743253330980058,10.515625,7.391326078595488,4.612537398686152,2.455759935552756,7.17176703691896,16.77531699033377,23.379499196917855,0.5077445243872559,2.6340851026620054,2.7323280443525224,16.94785986539856
20,198,10,477,0.8495174075001356,10.4765625,7.650587953979669,5.110001165894317,2.754015336290851,8.700019660362141,16.293208835142917,23.881479665317546,0.420735774455136,2.942708296804867,5.382790017490713,22.273185230758564
20,199,10,471,0.768033114209531,10.3046875,7.56937441943066,4.536920662706293,2.6278086434826697,8.790848273031186,16.40338593487921,24.96072340850869,0.2538497586233698,3.2505022740888903,1.6177890136893822,14.261854077566523
20,200,9,477,0.7660530691378739,10.265625,7.374663450884768,4.477329407585192,2.695280277007497,9.363340520470736,13.414063859337707,22.13125845368417,0.38542674159463014,2.9585593475188614,1.7654646858279306,16.766309378055276
20,201,9,470,0.840375784001685,10.65625,8.125572157553261,4.4108689636337814,3.1127856650402954,11.844283427206742,16.77494941845451,28.10224093733159,0.5324409317864514,2.636883538208771,1.749985820841806,24.193505855722588
20,202,7,470,0.761733376543528,10.6640625,8.051578687921225,3.1175659515778333,1.6508931900069628,2.3549365358672243,10.732676826675368,17.873421585144747,0.6665007140496793,1.6616494505262147,1.5951471959318333,3.068672422285528
20,203,8,466,0.7599213480507839,10.79296875,7.511399995676155,3.889325139894036,1.6915317553286393,2.5243043442401545,11.448449785344971,16.583405874219423,0.7775982801397561,2.544291108291813,3.854329356566039,9.812692533615607
20,204,8,471,0.8319478049077581,10.734375,8.661293376202961,4.86822630257923,1.9150391682482224,3.01116737833951,16.195200033517636,26.064212637669456,0.4332510009112751,1.326053292213901,4.4958320408358325,12.62334359778651
20,205,8,464,0.7534494102225948,10.99609375,7.412116873854023,4.513998000154389,1.7836852541941917,2.9251987168173934,14.22035339867211,21.07908833216062,0.5095632764798599,0.9888862496820374,2.788340423088731,10.787437420689614
20,206,8,470,0.8241165929776881,11.28125,7.518298065691168,4.715408757503646,1.9888051439354868,3.49978580541599,14.706529817162064,20.89615712947529,0.9891673338764924,2.0679968208670085,4.659716953360468,13.948417810048193
20,207,8,472,0.7457562844181945,11.2890625,6.145236716272315,4.2113819786511275,1.884898922512955,3.453328062855514,10.005088465559712,13.621521699767893,0.4781935693169063,1.639214768784312,4.535016783321533,12.810390902849553
20,208,8,469,0.7412487014402155,11.3359375,5.196116572396424,4.415112356110761,2.0092246312844377,3.7480821507287447,12.782088611972773,17.06940297972655,0.6689239922935409,1.345003174208545,5.205485611729168,13.68721745487779
20,209,8,463,0.811793661292817,11.0625,5.8647202426215355,5.17048561986374,2.377100494219242,4.4844785925198805,13.849673732943412,19.266639674640842,1.0835268941790221,2.6064313393094,5.236089846058499,16.695786609742022
20,210,7,463,0.7336248808713668,11.109375,5.203798120637539,2.9835070488744404,2.9634563211644327,4.467696640506295,12.121563044119364,17.8353372917279,0.4326055014634049,0.9035102321103926,4.934911386621627,16.023904842217593
20,211,7,455,0.7304368349359616,10.8515625,5.286831043500791,3.870490606456533,3.14164444931194,4.942172734744016,13.215820711230728,19.622239028350876,1.2200040509085013,2.5328507957133293,5.638876672758202,17.12121262167052
20,212,7,457,0.800152354707058,10.703125,6.088367265645296,2.8726711490844647,3.6964007687818636,6.032296826483763,16.062844883799723,23.881132812554547,0.6973543032836084,1.012578342055223,5.582806137285314,21.504649732875375
20,213,7,443,0.7241404420283114,10.328125,5.7385085454811975,3.1217137999844717,3.5744140816680097,5.963292501635715,14.152703913497014,21.88815531336315,0.665255013392996,2.6603358187687856,5.488651149158777,20.317306797032572
20,214,6,437,0.7944819499055625,10.203125,6.714038603103307,5.737035737594578,4.663466300942032,7.021970657756327,12.592320299861335,23.180821947524585,0.5987295407234894,1.8062064504092377,4.154943477862958,23.786362084414066
20,215,6,434,0.7193396038634301,10.59375,6.5859120014468555,4.844138561598199,4.556245527129603,7.470556163394355,11.431000359899922,20.62513455620451,0.9263516026325008,2.7525921649896112,4.010977781710206,24.504395260970366
20,216,6,425,0.7184110762387784,10.4609375,6.564864554120111,4.417098823707069,4.948126159144574,8.781555192273853,10.95974070092651,20.82413059718939,0.6671901226471945,2.2149376888630883,3.7885325069674636,27.673379515175647
20,217,6,418,0.7941427244965876,11.4140625,7.766433337579922,6.2801926284504646,6.021992180841387,11.534642394510023,12.250840154173034,24.042933330109896,0.6957661886453832,3.1272351821944646,5.154675317377335,37.05736749232852
20,218,6,404,0.7258976343849997,11.890625,8.446520801501721,2.6810255904870766,3.0552955792552705,10.72881234619324,5.353647108157416,8.032402367833217,4.3023407140255525,19.573295310220395,3.6512895079088645,20.75290540232032
20,219,6,400,0.7306246473320263,12.6171875,7.455270200374878,2.521582152250236,3.3605745838363847,12.048407831047339,9.174238261895507,22.6563255992257,4.47887700640665,21.12655204186134,4.0734490279360855,23.76547033063217
20,220,6,393,0.8081448095404161,12.859375,7.890325329191551,6.385715231318282,4.179134758742592,15.144337552897973,7.423244896394022,11.266837577814819,0.5712460431879294,3.4384189839195916,4.67335361831565,30.369162340262037
20,221,5,392,0.7393174392066367,13.39453125,7.114310793126983,1.8052307876570521,5.741182650542245,7.76845793647491,5.465231776824316,19.307675789810204,1.0608372021020898,20.070614850856707,2.3532442796066153,32.341532605767426
20,222,5,377,0.7453126974488947,13.3359375,6.118351822743621,1.8253467211515668,6.5822862982130985,8.297865643676326,5.446313881663995,12.487362172080527,0.9179383745501954,21.48055335138698,1.9363778383905323,37.35229402175169
20,223,5,384,0.8259407644743257,13.375,6.681201297715347,2.4044933806045288,8.581049564115713,9.98742804784063,5.485558378183516,21.32517013936416,1.742520537343057,32.666392341453495,2.5095943980008633,50.35222781019015
20,224,6,390,0.7572096977990426,12.73046875,7.075495596360456,2.0389788629519314,9.26794155836377,6.372186027704212,4.7633327854317,35.26473248866922,0.9349449398622887,38.58162433236863,1.4612308123611135,53.75694482688337
20,225,5,389,0.8389371472528635,12.3984375,6.3478553520240935,2.4822302633046975,2.9836642444827577,4.531812785934544,7.62838362664941,8.800707218972637,1.0673557291208449,7.131058110946226,1.1679867537010917,11.653999163275437
20,226,5,386,0.7691097139329622,12.1015625,5.005237450895523,2.2648567272366344,3.014300317538793,4.510015591143258,6.711708103224171,7.8296344964301605,1.1819246825381318,1.2548596639634133,1.2555339335333116,11.929511033161162
20,227,5,391,0.7754627399884361,11.953125,5.498163934892417,6.593119437757153,3.3768049037538947,4.946836339172224,6.894820500051486,8.407231870965667,0.2668339335002424,1.3855964430135754,1.823245203372601,13.962275635676361
20,228,5,392,0.861664173775624,11.66015625,6.235481135597055,3.073632171315279,4.254535208417173,6.066839314711379,9.411852244376062,12.000524344128978,2.9296798651027127,20.78477792217915,1.8891301616016212,16.882543381328556
20,229,5,399,0.7903576617749101,11.609375,7.5489420476379445,4.260746548726294,4.347831577665223,5.959510344926061,5.163266002480963,3.9303857866249294,0.4201973837765594,2.137601627459921,1.9070278363564868,17.24541576856248
20,230,6,412,0.7979528471051716,11.69140625,5.829186119904048,6.303837767457918,4.6448097961086585,5.2770450487756335,7.061024256842579,10.586851653936542,0.8330922655111483,5.07918348731963,2.6718381157857367,35.41315362737354
20,231,5,408,0.8853017007265824,11.5546875,6.55242943576673,4.402754842682335,6.001889109450367,7.716320047301929,8.087327993020978,13.261240804420167,1.6107491661203857,6.5936317784566025,2.2470069359523004,24.310254640750028
20,232,5,412,0.8124565164597436,11.390625,5.260970271562101,3.4234376036893623,6.039780337783975,7.424603879471205,6.986136222145522,13.393499077654857,0.6625919749587074,4.50035299245264,2.6247375811477713,25.662334373450864
20,233,5,411,0.9011423244067694,11.3125,6.342849858159394,4.929043591004663,7.63650001867728,8.935860286523775,10.134141511659381,17.90807182434908,1.0982497318554383,4.0848123536796574,2.7083609894515233,32.5718378879574
20,234,5,395,0.827396325763465,10.90625,5.190195074852266,3.683474741764348,7.796997521122484,8.642949999243786,7.262805238005169,14.117587878284933,1.040193434812236,6.429261543084695,3.1949668845762034,34.783462802277974
20,235,5,383,0.8336893391370003,10.765625,5.316277471931154,3.663342369507364,8.933070956073244,9.370585058259978,7.3970028076719485,12.979838824107926,0.7507928020703667,6.543692424747524,2.979349637302343,40.450352372405845
20,236,5,384,0.9258991190960714,10.609375,6.411928976007282,4.5111723624369375,11.514043902173539,11.304229545555009,11.960013408991776,15.054344222994208,1.5853152371853967,9.971441756649684,4.208442918958947,54.65273704062186
20,237,5,397,0.849548154524313,10.296875,6.121360993935967,8.033415217729456,12.119680214061189,11.335226033192678,13.802839413447975,16.495466408817883,1.0698641820755952,6.822871417841016,3.873608987342381,59.89232229950028
20,238,4,392,0.8564631717409955,10.1640625,6.94895615595069,5.3318440899285005,1.1944481063032004,1.0555674656479546,13.860584026144304,17.616645261418512,0.45918056561063963,0.5166863276185207,2.3199284419181376,9.487996970335377
20,239,4,392,0.951183347084225,9.89453125,8.504671542371455,9.355397620788821,1.4584567836514335,1.4305086477492344,17.197561589097123,22.58923850262855,1.1530121668650084,2.0100948491911965,2.6655330775925843,11.30115523625027
20,240,4,383,0.8709666501774561,10.0703125,8.36508314676684,5.543252410686263,1.4725994209060604,1.5828138530458165,16.959565634931533,21.667754539317087,0.6691363935756026,1.8196360901500415,2.9164918954555468,9.66818243798141
20,241,4,388,0.8785375590546292,10.10546875,7.4686953946400125,7.541171530439366,1.6396692204043652,1.9440837340097454,14.672413266752036,18.1588776877158,0.669283901439883,0.7041254103050638,3.5943887697482944,13.105497675930035
20,242,4,387,0.9721504834412534,9.8828125,7.524310671796527,7.5847503879043625,2.062363428441012,2.6645573795366286,16.228627656748827,18.61159096192398,1.0404291587656478,2.57042550867017,2.162280592025853,3.0635026522265036
20,243,4,392,0.8902774247517529,9.1796875,6.761250495724348,5.8459736978347046,2.101226674952891,2.940783712567935,14.723491479750265,18.57814981972385,1.2348291404381633,3.268183815787034,1.2580921271974135,7.271907073534165
20,244,4,400,0.9836681032695214,8.98828125,7.419621681855865,8.081759722198804,2.686505614615146,4.037735375718289,16.90204930292325,20.475563777682645,0.9808907318737609,1.7135138862889,1.2729484827087325,11.209910067229893
20,245,4,389,0.8992144329605626,8.5859375,7.393945447726176,5.785042110040325,2.7998950641259044,4.50550380542033,16.813947794955013,20.939907759303516,0.8345162085392669,1.6841878989560668,2.5619221356012973,6.389486272809653
20,246,4,392,0.9034723251467975,8.65625,7.939944770518605,6.335341173247626,3.2820302225991584,5.633957100235471,15.892791303136734,21.85004306754794,1.5188755095439281,4.5420692115484,2.752583283050104,8.295802148753037
20,247,4,374,0.9994494676230113,8.625,9.782440082125563,7.41057079310459,4.319352817319361,7.920887539391435,16.548352296133448,22.414763722226787,0.6072297436673322,4.407291193053888,1.782860626577178,21.586339599741788
20,248,3,377,0.9130090521391873,9.40625,8.451576572751343,8.743046970406608,0.920500597101835,0.9067175369503374,7.534978235099415,14.371032255689729,0.285352739098186,1.3257892518971204,1.0603389752512125,1.7615151854059432
20,249,3,370,0.9169067199467689,10.55078125,6.022948044336715,8.241936395933573,0.9969043889870152,0.9825130961129238,8.405752132833834,13.290530230382343,0.24934246050416617,1.6265683907519153,1.532506169229909,1.0113964421966237
20,250,3,387,1.0107225116123615,10.2734375,6.454953320883999,8.365241237463424,1.1985730191253987,1.1829799043133309,9.84922781413955,15.712359420085473,0.48455181977130646,2.8197444306499344,2.300374471552962,3.272688890842237
20,251,3,390,0.919768256185824,9.5703125,6.206112779204989,7.666393409940565,1.168995538724313,1.1553513019009347,9.17268773737409,17.882939878405722,0.5855086283149425,2.3564964111519253,1.5903514251496889,1.92120792483135
20,252,3,397,1.0133648392431,9.1484375,8.085659847651948,9.766188550253686,1.4374603512295927,1.4224832413028026,9.523704204825991,23.13085918973918,0.9470076832265092,4.253277967623902,0.702168041000881,24.90705556065948
20,253,3,402,0.9205490813018073,9.0078125,7.73821321168352,8.68766638029165,1.414873710960362,1.4017875319563604,8.268626626738468,21.67112180073528,1.2023156353903752,2.8990959762600754,0.17765610047013014,25.147292338801005
20,254,3,399,0.9209619031411836,8.9765625,8.006794967737882,5.238430551957745,1.610119669406767,1.5961659966201913,9.152516863821651,17.51558511015726,0.3529506992460827,61.86774921869985,1.5161394681695577,3.0642398037892695
20,255,3,381,1.0125752946245752,9.109375,7.653945128385036,6.623242512847159,2.0104490287475154,1.9941488801166716,11.691036136337607,17.401274722526047,0.63730403792237,90.88701495232542,4.349611637425136,3.1118470888156446
20,256,3,366,0.9214813351041913,9.01953125,6.792775939223329,10.148645846059445,2.038640059197577,2.02391199747827,10.944785481331085,16.244214170338697,0.4365162423501362,5.7427754524575745,4.172763682709076,1.7041629075844487
20,263,3,334,1.0073742677359272,9.18359375,7.189446695677201,3.5881157854660417,0.591548174339033,0.5858548156842105,11.520340413985082,19.743710780305776,0.9364862540851717,16.546041731117384,0.6779448914090848,3.658874674857635
20,264,3,349,0.915442417707741,9.171875,7.1279086289099896,3.2433489903968518,0.5841606135648612,0.578699020109658,10.534130860925371,21.403685217553726,1.0955376593712063,17.687270321627555,1.2671682328930094,1.3706966686043707
20,265,3,346,0.914172075581525,9.20703125,7.279364124181223,3.217935893734512,0.6360726622977082,0.6303092086124844,9.697474831494496,18.918735911788982,0.8865768360102283,18.16048787781257,1.2494119424805188,1.5017520797767805
20,266,3,358,1.0039869101644325,9.53125,7.704371698209124,3.2039678883940645,0.7672517216166672,0.7605144078386814,9.83682759447337,18.583631291024474,1.0881978925190003,21.186199285976905,1.517425336705314,2.4410197608382456
20,267,3,357,0.9107319059933572,9.3828125,6.97420706428115,2.844293518487007,0.7616545297744491,0.7551502900195494,8.791539961972186,17.13474342870593,0.9610572653975367,21.20645976222723,0.6557714709182196,5.447752997143028
20,268,3,373,0.9092890518459902,9.2265625,7.564933456610256,4.259577963193552,0.8323198459882287,0.8254265431377001,7.471524781362048,15.99639637755973,0.4024022162131874,19.254232605360603,1.4518415661211543,3.441078369262697
20,269,3,380,0.9989709473960643,9.3203125,9.261114743000347,9.251447194630689,1.0090838223654004,1.0009438291832704,7.363482422589607,16.35367709456719,0.49106068505028644,2.9332677138583136,1.8025627305542895,0.9683475488279012
20,270,3,392,0.9047887573312111,9.23046875,8.305835720313208,3.7656569749623676,1.0019539968390245,0.9946480020700991,7.998205717608412,17.940980425821156,1.0961303193289944,28.987354505683186,0.2698896979468985,11.504356527459436
20,271,3,423,0.9009852092252985,9.71875,8.117705251861173,3.7036161015602453,1.0941314968744573,1.086949755843765,7.52948599417398,15.77688181033729,1.525786827498384,35.423194131646284,0.4089708470898141,13.6221920374129
20,272,3,427,0.9868710323899751,9.7734375,8.558972284024401,3.719673410050714,1.3247412877667777,1.3157310447475277,10.736273973013873,20.868455027061067,1.5674770651410015,40.51152589726493,0.9971135016080197,17.25114742988852
20,273,3,428,0.89633431451321,9.64453125,7.914120994471186,9.48724809489087,1.3330280539022334,1.323704919436379,9.414103127107694,19.811399300010287,1.1101934861817264,3.1647048818801604,0.8787761091299499,17.521598222115426
20,274,3,435,0.9828768447076175,9.796875,8.743049793531037,8.906612366408405,1.6430454569423432,1.6325440219424068,10.016997374139473,17.025773470603497,0.8642621388596456,4.897841198905657,0.8262690062696613,23.301973576880016
20,275,3,414,0.8906848863720842,9.4375,7.491567544766118,6.841273724911511,1.6574080232602153,1.647772655559047,8.611714303753116,17.202847446634884,0.761018014764715,4.878955787761487,0.6394909945070572,24.078495004765298
20,276,3,404,0.8858424894948929,9.0546875,7.029627803341464,8.778061921586286,1.8571932661920523,1.8474249380020002,10.664245522264965,17.369869383973402,0.5982967488830676,3.2477460625099646,1.6757549509969694,2.4632772038524893
20,277,3,388,0.9696053027459395,8.8984375,8.299434216368144,9.042050965505911,2.374947954133334,2.3636729921068893,13.79242847405507,23.46863707942091,0.6202079706041115,3.2760909582347773,0.8917473264658515,37.94837399140229
20,278,3,370,0.871933488101235,8.7109375,6.660050515528624,2.9606106305797266,2.409718138742361,2.3994593896530825,12.504671704108256,14.373784085047951,2.191518849701944,92.18724326613255,0.6512379950965,40.140109073294546
20,286,3,334,0.8263103254809234,9.703125,5.985145020391748,2.109571315420874,0.07418947295378392,0.07406810190687857,12.173398464253147,14.863682316725223,2.3343637411759626,8.39396380868196,0.2864363423578674,0.05436994865114586
20,287,4,342,0.8175176870812284,9.53515625,5.956140242278155,2.188678944817451,4.476650100430292,5.312117372944963,11.468298774011771,15.508766562093921,4.293578806580059,23.076473086823402,0.7080151150473214,17.3455437437228
20,288,4,348,0.887767158791553,9.7734375,6.79110773862402,2.6209107582852873,5.514728902621357,6.8121101445340155,7.704727369398724,14.317264713965653,8.052489121285568,37.07050910454816,2.698082643122026,24.860068844172567
20,289,4,348,0.7946953821430741,10.10546875,5.230144356174016,2.712258406975449,5.480867930481575,7.026384961179482,6.762436512417176,12.19080156860533,9.16765080773999,41.61751234270122,1.4490111271783066,24.212223928828976
20,290,4,346,0.782783615757813,10.06640625,6.594754291908747,2.2740761552263846,6.096697695810448,8.104056860124732,7.3062987466031935,16.31548570217023,6.821742182075166,42.49720412714073,2.462488492576075,29.434497510782208
20,291,4,342,0.8516497460436114,10.078125,6.396496663947403,2.6002478106530384,7.595444663697656,10.468089985573862,8.972481948035227,19.239914994885893,8.303202342757046,56.79417836301087,2.959112985971685,39.30269722375934
20,292,4,342,0.7693569721357119,10.0703125,5.138957199997382,5.39874004804207,7.730062346645455,11.054728579009458,9.35475185399736,12.051541111941397,0.76889063288141,6.391437127017319,2.6050209841741,41.95677962481682
20,293,4,336,0.8430316622193897,9.74609375,5.674586068727366,4.072567384473494,9.741562573010501,14.38914071595621,12.484215369760438,16.134333674764562,0.6091694958707151,11.334146021583566,3.6105772572654793,57.9322715890123
20,294,3,390,0.763934808407325,10.19921875,7.589990432424488,3.754471297114093,0.007342868724887121,0.007342865168558247,4.417087042950652,5.157426528285174,0.6037068841279531,0.5513529908351344,1.852125150942113,2.7600942703473694
20,323,3,304,0.6320158477714787,10.53125,4.635510463239724,1.5251238046553526,0.4682202337316497,0.39758208502870945,8.310795827924792,3.4710716047383396,1.6316059036957185,3.040106121623951,2.635947809409763,1.6316226730814265
20,324,3,304,0.5715879983049502,10.625,4.038883230156608,1.4157076407176237,0.44897988242630743,0.3820631465224515,7.577432116719852,3.1948457655389886,1.3576692412987925,2.918817309381469,3.2662371348169557,1.7291978200718028
20,325,3,304,0.5682618913598405,10.4375,4.043321320426145,1.3452082852457679,0.4476937070185956,0.38156596647290064,7.578633376125676,3.2657393557017693,1.0813886008846159,2.7609602760408802,3.1952561958039367,1.8146699489007667
20,326,3,304,0.6212577697948023,10.66015625,4.470445924125159,1.490276580933335,0.5147983927232166,0.43950793464180565,8.502116978758691,3.687445811966996,1.470367304643258,3.6524870239420792,1.9228647498388614,1.5711084728800944
20,327,3,320,0.5625307692551837,10.7265625,3.838195832058831,1.4265814265470207,0.49759561729224283,0.4256043151495666,6.729258292819135,2.9512460024801657,1.3519376621410706,3.7315553545478393,2.0804330977913272,1.4420548674888527
20,328,3,320,0.5598618844515594,10.86328125,4.2995009675429365,1.2966237739759994,0.5137538191561233,0.4402925391098866,8.157051762417783,4.041453645083923,1.2253273748944244,4.0765280084449635,2.1321377891850686,1.5769704148029222
20,329,3,320,0.6127387615376935,10.5390625,4.844670576365493,1.8012661145160889,0.5954146050245536,0.5102541573896303,9.140295877106245,4.597822561754067,2.9219872723978857,6.655387842773001,2.822849132564656,1.8407514702034868
20,330,3,320,0.5548176968694597,10.75,3.824325790800235,1.6478336373501852,0.5623592103840644,0.48174274031701403,6.79597024103565,2.7761840182789657,1.6841043367217925,5.197784096526706,4.146969855359412,2.5126034899988965
20,331,4,320,0.6078070407612863,10.93359375,4.373026834309304,1.755005668754522,0.8563368892906156,0.28371654819793324,8.278778486116813,3.8971994192261112,0.9837961947307514,4.432943595934955,3.647448128631073,2.211218991595545
20,332,5,320,0.5497955666389334,10.75,3.8488377507262044,1.3673407800032846,0.7413180040309784,0.5032346373599701,7.824850275072513,3.5728498204461268,1.783238736411198,6.439055827883448,3.812555422377238,2.453587923118813
20,333,6,334,0.5473669507176443,10.97265625,3.7522328687837048,1.4253193841545229,0.7020985226480017,2.200959018061338,7.589848673059775,6.972856922533121,3.8235947979959164,8.998732793464036,1.1442301636053067,2.112489778321725
20,334,5,334,0.5997181926704898,10.98046875,3.953601130775467,1.1828688911975545,0.9352569919527214,0.6390519986321073,6.599680128701198,3.1642806351324317,0.5156108490310435,0.56008880877875,4.677672714097032,3.2752682180058152
20,335,5,334,0.5429004398063454,11.19140625,3.5785400906149403,0.9836798591532386,0.8826987826837499,0.6533829454432813,5.682322216749908,2.716737628930242,0.5717324375183506,0.46957767145556784,0.7702686940510002,3.015971836561399
20,336,5,346,0.5397818885285367,11.05859375,3.7751786814985993,1.582430438802394,0.9516121851369093,0.7522319864027074,5.204073512317064,2.4519532751941324,1.393749957942956,8.210137623299595,0.5231647254585395,4.759564548876318
20,337,5,344,0.5915251164588251,11.078125,3.982702947472569,1.1280723419418563,1.1328304430655465,0.9567677271163945,5.566048077509603,2.3532759741918086,2.224568641043123,11.307690948129553,1.3995584591656949,7.639436085481504
20,338,5,356,0.5362002535088977,11.29296875,3.9225151036211576,1.2630169578890622,1.104500152009607,0.9886685529249363,4.910203226807188,2.2104260161690563,1.167070641306492,9.605238400500307,0.7536678189980371,6.812249154643775
20,339,5,353,0.5335047703182352,11.3515625,3.900826929034991,1.0996770334417467,1.2383085718557991,1.1365719683083644,4.796110104172976,2.4819436586104136,0.42564304431134825,7.650080669484648,0.8811780217331805,8.019008132118628
20,340,5,366,0.5859264011164613,11.8125,4.447058286962788,1.3489425188708544,1.5765026361006504,1.4594930252028635,4.921084020681621,3.0958655060310702,1.3030968932884994,12.9129176547662,1.480414773833041,10.57848337060764
20,341,5,374,0.5345862244039725,11.22265625,3.7927672864602417,1.3433718948575466,1.6372481672797057,1.5209564209492865,5.778713487883965,3.357402426659344,1.4412959496303732,13.205004853025413,1.2142305244739355,11.077412133084838
20,342,5,391,0.5884431473485302,11.53125,4.381286573433697,1.2710960722953941,1.9815641915805,1.9481252060484322,5.342565701521621,4.217314914359896,0.6533407304645588,15.08922535682093,1.763222539287161,14.551986930242215
20,343,6,401,0.5369726454096038,11.9375,5.385140845299865,1.1795016697110425,1.7620517763619787,2.657416618079588,3.814505921296753,7.953548694204945,1.358174415798143,30.32511275896885,2.859746337894764,25.468462915881783
20,344,5,403,0.5377749638612774,12.21875,4.965918843476631,1.2680401352649044,2.1202205377731342,2.353904845699268,2.741065305773188,6.934873990802394,1.5756806264379772,20.72037043593572,2.227033566667547,17.190360899205544
20,345,5,399,0.5943944019936407,12.1015625,4.463874873441608,1.4675998267758583,2.641264741876519,3.0976507960554884,5.7697840464438235,2.5567059646813557,0.8165971207787395,13.513071509166572,2.3595249307022965,23.8356346750665
20,346,6,394,0.5416418192042165,11.91015625,4.509514309213723,1.202846551300353,2.9236402438768563,8.74445847795153,3.239209888747781,10.534990484393072,0.6872594107521239,19.455495162961682,1.6480746429639088,25.316795614716195
20,347,6,393,0.5446271485084931,11.4921875,4.354076173882685,1.2169029345905467,3.7723670459055674,10.014051770999151,5.267229268785927,8.6395661509999,1.0046460701915805,22.972559368618203,2.0752299187826972,30.434222624881418
20,348,5,397,0.6034329283418766,11.640625,5.617401503429611,1.5269492525561081,1.13268243937967,3.8743253413221024,3.9375357645538425,6.806122877420471,1.9097853238127196,7.107821982779789,1.2763499172448458,7.3314905491859195
20,349,6,400,0.5532753382902773,11.3359375,4.817318061595026,1.348096989314051,0.8752940831081113,3.4431930879271753,4.276600512437174,7.366834881195665,2.253099231193211,9.788154600414487,1.9604303853820393,7.296231028255564
20,350,5,397,0.5576447249327532,11.4609375,4.675335746358153,1.4949391067395896,1.1913130795551832,2.5904909570964083,3.806872563953499,5.459879928239681,2.013658945941872,11.171611413366591,2.8247685605638937,8.025032368794987
20,351,5,399,0.619305996630928,11.0546875,5.952097350558294,1.9007327016205529,1.4131831036615892,3.3119866752015112,4.697051604342531,7.674660937667575,4.527276764512585,17.76691154303433,3.8645061521356334,10.484303356784325
20,352,5,405,0.5692453163498336,11.015625,6.992714334158914,1.6867600521597652,1.3468841974053856,3.415445788311063,4.286442731286519,4.874202509737436,3.4252780598287416,15.632078866157869,3.616611431117352,10.833212474003036
20,353,4,418,0.6333678029870794,11.58984375,6.975757892923073,2.071965675163865,1.8804286332976243,0.8901439476871689,4.870325805511955,6.664989181547046,2.666394942238355,15.972471410490686,3.220798089638038,13.904944696131906
20,354,4,420,0.5828534933888102,11.109375,7.655690810126234,2.1802918854137388,1.9494317125410745,1.046574242770525,5.257585778960603,5.362489191619067,1.9311168930148792,14.588417732161174,2.4831797207471644,15.048178782147236
20,355,4,427,0.5905687129954196,11.140625,6.260567241088216,2.081031089834868,2.207478464300656,1.4003776817610314,3.7132605261726024,2.5909010817528366,2.2247540189376602,16.65831205975538,2.7285760036545468,17.23001027464945
20,356,4,411,0.6589827401872203,11.1015625,8.405328972993454,1.9612220506299112,2.790169556310153,2.0906528396755006,5.628731884384641,10.49316087559638,2.02449503184313,18.836443443265956,3.364413250411869,23.765576949907096
20,357,4,392,0.6077790391599777,11.125,6.864887309663965,1.9687468178600271,2.9140395977655085,2.447663547039583,5.289166703187672,14.3518311312707,2.5599153338056593,25.21349490838155,3.2221165554336313,25.812534071173175
20,358,4,392,0.6173399164537268,11.36328125,6.930787848309366,1.87727071584982,3.456005731692559,3.251207495592538,5.470686774935539,19.688869431899615,3.241936212633357,33.4417378834779,3.770129717355661,32.37227469390794
20,359,5,387,0.6900697734762413,11.0703125,6.364582242794325,1.7297060322640114,3.492136671934304,5.284583922808874,8.297393087765736,7.52808589619607,1.0585239276379703,36.92658074240421,1.3466272408173363,46.733833720324895
20,360,5,399,0.6366742594046894,11.609375,6.669644566144627,1.7429592567936651,1.20069655698662,3.60568137558709,3.877815580077775,8.73493621323585,0.6529647474792555,5.043916594104249,1.395819166758949,7.467882713401682
20,361,5,397,0.6467144301893486,11.640625,6.949513748151987,1.7810258002914683,1.2386190029513804,3.9826742003426867,5.742318464986944,12.554335900343974,0.8746084018229556,7.735173616427879,1.4939357706949192,8.177820943759233
20,362,4,398,0.7237688255773117,11.16015625,6.845268646299373,2.0450654640296917,1.3593354091640735,0.8506314391177624,5.36692497779921,2.2025565182837363,0.6362782743256714,7.280906808770215,1.8374974920439318,10.691740822278241
20,363,5,393,0.6689913236988604,10.9140625,6.476271446157139,1.9463325848646973,1.2678028027031711,1.5287508681416382,3.97362127288504,1.5707283448611067,0.3717796698217001,11.041321867939061,1.4015669127455623,11.146023478418583
20,364,6,394,0.7500397780111651,10.53125,7.059191820461074,2.15915672441511,1.5914801810814374,1.9600471187363055,8.852878268570125,11.433910083603848,0.7931300258919368,40.83865398843037,2.1188699443539125,27.634361265429945
20,365,6,392,0.6916198542560912,10.30078125,6.067243054163163,1.9072933386288962,1.6162507724721884,2.054942100194772,8.083563125326094,9.725574958405595,1.038965714138891,47.571256677940625,2.3517179183030112,27.866723410562063
20,366,7,399,0.7023204274735381,10.8984375,8.144039599094253,2.274068186854446,1.035169398326626,5.910664413712467,4.177831594794217,3.56748878417116,1.836442779713717,51.44694145231224,1.990119294264925,33.264184253055255
20,367,7,398,0.7844959321561865,10.91796875,9.473394540121507,2.6314510857278455,1.401291375671676,7.1870696656203785,6.121532035523763,6.4079527587027405,1.3286185395060863,57.99410799369432,2.6156568543404193,40.84336867655256
20,368,6,382,0.7239163581667181,10.703125,6.6495862758727835,2.359475006017615,3.213734382704091,7.365968656621059,6.426768667168637,8.312411099920775,2.853727374398852,31.45352111071251,1.9106112927534822,25.648872504481115
20,369,6,382,0.7348223378908577,10.7890625,7.365756830734348,2.1881691538015176,3.587014397703209,8.581289503998867,6.748846424290434,7.393428241463643,0.9830714550048458,23.513142010127538,1.7222728528295093,31.076587763839562
20,370,7,381,0.8196839231665383,11.4375,8.956324482970576,2.699449557093864,8.307654045151924,12.295597600473483,4.508836032656868,26.31800378878159,0.48687995395325895,18.458939448664328,1.9458984311795409,44.397472350889466
20,371,8,381,0.755267400905372,11.6171875,8.6586355507756,2.118832995212627,6.0451975800566675,13.90219517045285,4.192590361523047,32.452180746856854,1.3021090448872756,43.820265408858255,1.3750264382359414,50.31415619674582
20,372,8,394,0.7654265911245591,11.984375,8.621950433914364,3.3939946530421983,1.1200855740547548,2.684359507981923,4.171475128822724,3.42514424672945,0.9792103340269963,0.779602048047336,1.123766498041309,8.02121813264925
20,373,8,392,0.8527782853044358,12.09375,9.59196692542266,6.077959781569347,1.39489561339215,3.3091070538193317,6.318027100695876,11.403057172639484,0.36950258511819845,2.6390542279683995,2.3244293977529855,10.521031536254686
20,374,8,407,0.7835365613103806,12.3203125,7.559183305464789,1.9641081608357902,1.35664619408829,3.2529436269715823,3.821063536772229,3.3217867073610434,0.644279409939914,4.701284056834804,1.447782170060821,9.971055846497249
20,375,8,416,0.8686691410434493,12.33984375,7.991214599883506,4.362427983414352,1.597256205285511,4.000011216132001,4.823803561722526,7.678505352548747,0.439969043319564,2.3883775112582795,2.4717262356871683,12.996449259989145
20,376,8,436,0.7930821812226141,11.7421875,7.153381273221871,5.9584081780795,1.5410326005669237,3.9882152968998446,6.903220330848068,12.011528906953421,0.6591557026841175,1.813086368011314,2.237416915177301,12.450625918470482
20,377,8,463,0.7945426740771642,11.796875,8.904896281872519,5.063602249138555,1.681441957702225,4.414129254409939,3.713419481341459,4.967503907434024,0.5705700283039941,1.6344818375432315,2.2521594341030085,13.274743297208353
20,378,8,490,0.8757280404995698,11.484375,9.53656136494578,5.586383385823716,2.0202559973781304,5.427486532941551,4.665908988472157,8.045027389004245,0.970394393464107,2.8205078147272493,2.9307488836332354,16.859334980229043
20,379,8,476,0.7961239630859079,11.3046875,7.193468757528195,3.86209424954069,1.9988669994669594,5.420799767925583,7.869014010279866,14.170114430821386,0.2671049319066841,0.6911769043808909,1.5133787080288186,16.588642760543788
20,380,8,476,0.797268648969845,11.26953125,6.889412585565273,2.790525280812641,2.138662332084128,5.914955943879237,7.8182946024750395,14.281344402325372,0.33781961135554806,1.2074035203055566,2.2313284820144013,19.082528935570934
20,381,7,459,0.8788212389706346,10.9609375,7.2467052565184815,4.180023012013746,1.500520675597223,5.002797459791252,9.329559185797201,11.965461467104648,0.8007507974359148,2.6970017962812682,2.106099458338487,24.20263574947375
20,382,7,453,0.8018010322851448,10.65625,6.824058367334884,5.01204154527025,1.3714734216876876,5.035997796591054,10.26541554334608,13.343434032938951,0.3689292167837971,1.1754762650802317,1.5952104254722712,23.403271665037703
20,383,7,456,0.8062438292513121,9.953125,6.899948189969648,2.8547885998963096,1.3795247024195219,5.744365626523675,9.856014659289576,14.301301055353369,1.8267876675040073,3.625515481390561,2.138422201478927,27.636398847225728
20,384,8,445,0.8941157009079919,10.0703125,8.086668942220157,6.749509935255338,2.8798231667067107,9.637241890882908,11.515861391972857,28.560404953816892,0.3261524209151445,1.1647960017988328,5.469717858580182,35.10178759704153
20,385,8,436,0.81895407616898,10.234375,7.659875661176823,2.744878227401859,2.8618647813134075,9.796460223530422,7.937360347543932,20.988302518037845,3.6283175891559174,42.5853991274542,5.125895623049167,36.03984199621448
20,386,8,441,0.910852357718215,10.125,8.983240509632289,7.797540510946215,3.543569747427579,12.692411101112633,9.278867479071607,25.925141527798086,0.940292722438848,2.525042065671654,6.655543565085873,46.805227147612115
20,387,7,432,0.8349487049155293,10.84765625,9.372287548216622,5.572427250299473,1.4256694132171777,5.511696564659834,7.56962359392082,23.179113214131096,0.22056869984830882,0.7352016539348345,2.841359051840178,12.716034011968837
20,388,7,439,0.844552880913832,10.7265625,10.280059349256204,2.843540077018643,1.591330513348204,6.257436973938702,4.914008561599018,14.00656253309169,1.8092778003284111,7.191617888544774,3.4139057543727103,14.170696702616432
20,389,7,444,0.9379657445780697,11.125,11.792792639614436,5.678349227814305,1.9210977646552145,7.696683703866183,6.566903512205686,22.532308979865142,0.4084102349069292,1.0182640844829274,3.8664457266035708,18.661268571577864
20,390,7,437,0.8625482468360198,11.640625,8.953038789454531,2.7740266318391873,1.8930956313781864,7.906485020248597,9.472621374461665,23.298676895867224,1.469721564996669,4.701059946325627,3.7475984849745236,18.520510640070846
20,391,6,410,0.8727561652609435,12.02734375,7.280413557915411,2.189879697501827,2.1636948401643448,8.279356481853615,8.75108754860315,22.32893141353768,1.2171556641217116,28.273077069989366,3.0738116568695095,20.778554581148818
20,392,6,430,0.9714306115869398,11.73046875,8.199766497230172,2.6565218961128623,2.8543604572599985,11.048007312140783,11.737828482565071,30.116505559822734,1.2441762424018648,35.79398798732651,3.522796320354255,27.971140091485243
20,393,5,409,0.8931810240435925,11.7734375,7.6527018964813385,2.7956330181297298,2.569853542864574,3.6429564060399118,7.530268103079451,8.105019545844751,0.9858139909846173,19.703920171139643,1.5716612591275454,29.062102776571717
20,394,5,391,0.9930415668988856,11.6953125,10.290808164001842,3.0246082748924197,3.1687524828855493,4.846062194719149,5.212733874265351,19.087378243662435,1.5324922150371558,31.40537553261623,2.168106582356365,39.48458132463665
20,395,5,379,0.9132012087413441,11.6484375,7.8747355512612565,2.5316970607970424,3.0971030888614646,5.1156892446791495,6.908610456260388,9.927055664665936,0.8226176300314539,41.12346312593456,1.9674615012787613,42.641463859768834
20,396,6,379,0.9211642012636915,11.828125,8.008995854100183,1.9397660963790475,6.436723727059232,15.81740059717823,7.646225551926289,17.0660847189316,1.6326331586514826,40.63566149781067,3.6127769149987614,52.722632572867255
20,397,6,379,1.0195527299842522,11.5078125,9.416428146350837,3.6582136045851015,8.978689937087552,22.001303210116042,8.223131296747166,32.17006220799108,2.5630306987523737,60.956310238852765,3.9648481986443453,75.14103158454311
20,398,5,392,0.9302770820067896,11.59765625,8.756086467394391,3.8436339909370636,0.7473395168859664,1.0337596943963927,7.361110090529684,11.011170681072752,0.8636392566929717,11.950002490881705,2.1955843047208186,7.1372002887635615
20,399,5,389,0.9338612311759842,11.6171875,7.973805786837976,2.83609742272581,0.8096324698897822,1.095213506645933,8.120150069431695,10.812720227179467,0.8731089417729567,11.690102651486937,2.038457718875737,7.920269267613793
20,400,5,401,1.0308738876452554,11.46875,10.184416459926775,3.035647322071746,0.969375513669285,1.280091606536584,6.645463657081277,8.497760931521405,1.3640066387513068,15.785126705249906,2.393421181321622,10.128065362824422
20,401,6,401,0.9395915955968792,11.4453125,8.30270674259023,2.6238933603593946,1.616740118993849,4.074945411755163,6.711844008511119,8.173090771219409,7.4824738018230805,62.434228025323314,5.9969998477169835,26.085658621757396
20,402,6,422,0.9409084899812408,11.32421875,8.877278136812297,3.0512594720686224,1.8556925202065275,5.243374909008224,6.783481499126008,8.86916760328485,7.651240508413439,71.57738966071028,5.522132258754643,32.13499760260174
20,403,6,445,1.0390838159327973,11.34375,9.683129371843023,4.372684195420367,2.410546868996452,7.181569315020375,11.053863200609698,16.681964052533257,0.7015224808824283,6.035123276188904,6.40735140188192,44.51991475984891
20,404,5,451,0.948922452251808,10.7109375,8.302764735755124,5.228193057239545,1.3158569413797507,1.453752790391499,9.76229242862938,16.197219488810205,0.7241021401431885,2.3235235990904473,2.2934968589493128,15.013480998558244
20,405,5,461,1.0490083115975617,10.3984375,10.027689967790998,4.297587398727144,1.6077882155438006,1.6557587989824234,11.09048783677869,20.20435791005044,0.7468062036716439,0.6360088178590101,2.288500330539498,19.57581803869909
20,406,5,457,0.9562395929512186,10.5625,9.533416173501625,4.99742918282204,1.608928753570724,1.5663116426559105,8.34456936379137,12.36277524786637,0.24788002842791837,1.7226938606585478,2.8014411657226788,20.23733424825783
20,407,6,452,0.9589902368200466,10.6484375,10.350152915429488,5.180571446609317,1.8883498724390857,4.3062829233246935,7.592126495196627,8.467610826621685,0.3567207439485113,1.8430973244490445,1.948401880450586,24.0894671620655
20,408,6,445,1.0579452380192718,10.7890625,10.89419496399943,5.723647941602739,2.2186884117540764,5.416768676336198,14.475723222862424,19.145397478672376,0.3551048401100998,2.7458202961616722,2.860554371735541,33.00533152134788
20,409,6,441,0.9646027787765777,11.2265625,9.640024351315702,5.528184068068732,2.1101536580934996,5.577319134804,12.24447717765981,13.998490030704545,0.6286579297925137,1.1543177628592907,2.387812983875232,35.11955535481643
20,410,5,434,0.9679639487515024,11.32421875,10.262328626580603,5.67843029059431,1.6930953440648173,3.0495516512303227,7.626515163641101,4.258758389381299,0.5286136882573924,8.600246394290627,3.3168444775503025,43.12862463089405
20,411,5,422,1.0711439113877637,12.0390625,11.444641970330764,5.670038321789969,4.073678194820598,8.127726566927475,7.127014036760015,10.57045869603495,0.6847712858731241,2.7943386226180817,4.364275585461265,26.757639469141516
20,412,5,420,0.9777884658181625,12.03125,10.783644861247705,5.284792387431912,4.423132528997392,8.945516575910393,6.16489276322912,5.192305749775102,0.40309771858696847,6.247867734381875,3.8299135183196205,28.52694751308182
20,413,6,412,0.9812904813696857,12.98046875,10.17382051895397,5.292405495948234,6.907903591084299,9.37134535266399,10.396571642228771,16.24668220210033,1.1382645775467308,8.0870512262826,3.1950607254367136,34.56213441922156
20,414,6,405,1.0839257712714836,13.03125,11.768017388839525,7.505110067581641,5.609379279084736,14.0192859970225,6.495582492725651,30.070213707312888,0.7409286367727173,7.720483909839175,3.390730242739412,48.95035855343029
20,415,6,408,0.9928921864218261,13.1953125,9.90271808034911,4.997489717219677,6.304123730218905,14.926415682862316,5.336914079085902,36.75215624888358,3.292846792316852,58.87245263352339,3.0246641500250226,55.103685319644306
20,416,6,408,1.1039056346498393,13.4296875,10.544280360380712,8.223584521950938,9.128252099328456,20.581083063083387,5.910155716439103,57.400494245511084,0.43172620616304835,11.117719171055947,3.9520794639915047,80.54691521585792
20,417,6,409,1.0129377640615582,13.421875,9.979216808722242,3.7725394534203756,1.0153790396212226,1.5905870567329248,5.193927932295022,2.8127504055814665,0.5345785581790179,1.359561781510523,1.9306666727579977,7.936006137980919
20,418,6,419,1.0157924171595274,12.4921875,9.856508297136834,4.04556622308255,1.1317406773145264,1.8459825579194264,5.979727011451718,4.134391298269398,0.9540897914732187,3.647995638472361,2.730318610525811,6.871265038405096
20,419,6,432,1.1208595279376936,12.77734375,9.26610948633003,5.857052031367972,1.4074341945537419,2.3662522429023136,10.848790778075042,11.268515128045514,0.5117209077104856,0.7607396254555915,3.9267625183993595,8.918310409756078
20,420,6,443,1.023918270689177,12.234375,10.962621809829269,4.604222753857676,1.8263818169619004,1.6335267254744674,6.506238096599223,5.190747141371784,0.9374492767689181,5.006485321719269,5.792471086048966,27.5227915314965
20,421,5,468,1.0316025106407893,12.00390625,10.262085533076704,5.189022495994332,1.7310311356456183,2.5856530319887767,7.018381553945533,7.434611982776822,0.551803642700297,1.1446155761857595,1.8814893124183658,12.043915177169081
20,422,5,494,1.1465317173315313,12.19921875,13.262235269952011,5.564921286322185,2.0873254033590727,3.2134815295998926,6.812606066157522,4.892439159309606,0.3228167750604222,0.6934865904774417,3.6493517706068155,16.918129715367435
20,423,6,502,1.0541541961993142,12.21484375,11.79007533952835,4.850315149496675,2.8783028779020547,5.676685592926058,5.527824761827976,9.065720444101709,0.2933964066488679,1.2462401174187856,4.276416836725516,17.163919778909182
20,424,6,485,1.0661230927286443,11.9453125,12.559957424812593,4.466165351361685,3.2078030363335897,6.568080750250378,6.676290817850277,11.786790198075531,0.6356879628698233,1.1803138759052085,4.420982425840066,19.7521781276643
20,425,6,481,1.1869314881287498,12.140625,12.866271191043035,6.499250169354362,3.9833994743173426,8.60286590301654,6.447617562216965,14.06961479397648,0.4788604269167067,2.085314699353645,6.546251003625001,26.936355834576844
20,426,6,463,1.0934307182746976,11.84375,11.02415729904841,6.212875689661158,3.9737147356119262,9.309867765482775,11.457285431594158,24.360136531966102,1.8321806713395468,2.7014223067264007,5.839749683216651,28.490885738440525
20,427,6,438,1.2155431673515682,11.76171875,11.39655858544433,8.005947133258449,4.953769668339943,12.873515271609731,17.178313212176434,33.051508183400045,1.3763134539965132,3.7750515500515767,8.198896393520105,38.442640010728155
20,428,7,422,1.1166523739072163,12.63671875,12.171434283848363,5.696950774678514,4.203931267388245,12.650945267321992,8.42709720091409,10.802262103252417,1.723176581631669,15.087872540475662,4.765488283052352,41.698827139971904
20,429,7,404,1.125382568302283,13.59375,13.115728620306825,4.954201368001492,5.2583708085965695,16.1451524253619,7.564161041714399,20.21752631538361,1.1280681926229295,14.169756526342987,5.141644003623685,50.29629970881162
20,430,7,401,1.2516143542130806,13.625,13.233033500888915,7.991150987946056,7.580244291980262,23.978663995450805,10.376556928543895,28.340614362654605,1.701051477408245,17.956342601118777,6.225165388611664,71.87215066328963
20,431,6,426,1.1497709695026261,14.95703125,13.241602139248293,4.6924499427530995,1.0522604345909272,1.704183074612883,7.3715497874228735,9.46571850175529,0.9289240704174496,3.011312733430175,1.3801970479915115,4.6311858281695155
20,432,7,420,1.1622766608664596,14.99609375,10.512225904417551,6.485505317951267,2.065416123378744,5.129465937566439,5.68904451918392,3.0691914893652275,0.5092311912415336,2.4865236146384615,5.980189592898372,21.36543005123348
20,433,7,433,1.2915398451256221,14.265625,12.39456019190249,4.856054143150597,2.942688197004103,7.06289162104159,7.020023037214297,8.659784169574522,2.2024278569533218,9.623400711726568,7.686702164500432,28.089765985501273
20,434,7,434,1.1861816365196964,14.04296875,9.113808253185939,5.442946168173375,3.4164999256539916,7.894094033375025,11.12205631526252,15.497884853712234,9.122940316070087,39.238273564903935,7.3076711274247295,30.39035827190955
20,435,7,448,1.1970709570666118,13.46484375,9.360170266052872,3.8885890455042977,4.645369378701026,9.631946174540367,13.397928801093558,18.65912806993387,1.1836000006216032,4.088687557535025,8.122636195005578,39.149267326547935
20,436,7,463,1.328739503119828,12.4609375,11.377391834160708,4.554995865616817,6.875214653507293,13.260630084603303,17.05863276658909,24.732823910015327,0.452817679925331,4.065006977229647,10.442999675465543,56.832134370119434
20,437,8,454,1.2217587996238153,12.13671875,10.05347483173047,5.695759901467676,7.051504868103273,13.76313936372096,18.973389911117856,26.27060873405279,0.7470969023697065,5.60945925896035,6.583639031280526,63.666217232266604
20,438,7,463,1.3570773842871064,11.6484375,12.31163121723349,9.541421380978257,4.702556658987355,6.142034568143943,22.63590810384725,32.25280463573799,1.0323606507722187,1.570290859665446,4.544428071709417,27.558014277975857
20,439,7,467,1.245452293157381,11.59375,11.10672610422104,7.797489313880187,5.011369045073513,7.259697318816966,18.37956010967061,28.48116434007934,1.2645833942649636,3.8805865259717005,5.290470974999695,29.430896012682425
20,440,8,467,1.255058283742887,12.0546875,11.003267728772066,7.332616524578093,5.145376180503812,9.857129151226088,17.05352707863819,27.764230154252676,0.4885904152804902,3.186196488402217,4.974101654850645,37.42213822956954
20,441,8,449,1.3937080861115139,11.7265625,15.272947595796683,11.534914226959817,7.183195223610615,14.829453818530045,8.378520713888545,16.080396397395624,1.8252092512860882,6.778659392294114,6.19402718890538,54.61707958233465
20,442,7,433,1.2787907810380057,11.6953125,13.039180818235273,10.889012373112774,3.1189099746186684,11.93300479039963,9.05989857060473,12.764932720815924,1.5297780831759218,5.345051795948492,5.5456661921183965,62.88040231258406
20,443,7,417,1.2916266111807981,12.234375,13.735315434257341,5.825224915950116,8.479572820127823,16.056054993528544,7.835204794854945,16.78662585895439,0.9870009063013152,11.143487446786452,6.251850121300792,53.690171383531876
20,444,7,411,1.4340886519306997,12.59375,13.735758168218048,6.513715863151022,13.148706276251065,22.617536225198037,13.4135932014487,20.75633459514522,0.7249033310306136,11.182479268211393,8.93184631855536,84.03265047068562
20,445,6,419,1.316188266823416,12.53125,10.67235346158708,5.16166744993968,1.9666935916553263,2.4733251466232526,18.388550253589933,19.616814872886756,0.7813877403380933,1.2292129838409604,5.737099632886094,20.982403414630536
20,446,6,414,1.326858006132575,11.94140625,10.835699939464885,6.321388970795676,2.308856046792223,3.4219169158323233,19.65451316792469,20.95840007549514,0.5621616459472623,1.4751586956695533,6.578876431894841,26.33624328598967
20,447,6,411,1.470822223930054,12.171875,15.448224268621798,7.67254056326044,3.0056899705053057,5.3365475825483,9.57835814722441,6.6294234514004575,0.557373231247879,0.934643334782179,9.015391130487089,38.048284635280794
20,448,6,417,1.3480545138794187,11.890625,11.399319989994336,4.134052483178,3.300135558755314,6.716129543442902,22.738771928370483,22.225215707100524,1.039872997265108,3.7591253819303825,6.073099686159148,35.99802150342894
20,449,5,419,1.3586421222528724,12.0390625,13.655792092190817,5.1849395113396675,2.6595245612000284,4.091948860903795,9.01721525577306,7.638038752226429,0.558491442588726,7.852824769647703,3.3760276201453694,54.04058057370374
20,450,4,418,1.506712838428268,13.4765625,12.716885255014496,5.142981336385741,3.605727018865595,1.2204393853229458,10.34651180294961,5.201962669881946,0.5921863458352324,2.949060866575524,3.3866855604042874,23.553825953183665
20,451,4,409,1.3798083746518117,13.6640625,11.101862464888496,6.02893734324851,3.9020372656230005,1.6349806501754118,8.53977225323602,2.327330755549414,1.3071288576843973,4.362910900206037,2.9941824990678176,26.137458378523895
20,452,4,377,1.530267649102389,13.2109375,14.821346978393656,7.707639768822395,5.373113228088233,2.7463259557286177,22.678058264746603,12.538912450057664,1.2937164633962885,5.275672894344243,2.0608072818575778,35.1654599087691
20,453,4,347,1.4013257282928961,12.9296875,9.24380588206357,9.845800142142854,5.9916750740376035,3.681016182158028,12.714747361462727,8.414585966202408,1.3310306152240627,4.306966605363397,1.8399912015900282,41.18187106824328
20,454,4,348,1.4105911705458372,12.37109375,8.82424691905642,4.709853377143764,7.687367702939737,5.562627934158364,16.804764900963335,8.850715503485482,0.7303120347207116,11.108984587586802,2.095169166943108,59.20381658633164
20,455,3,365,1.563309556649763,11.546875,11.210563926106765,7.5827510793762265,1.5011116454034603,1.4681933788527264,19.25603786806385,10.937449974108846,1.4321903505232423,2.1044738473030447,1.0116021958830264,4.528776846151326
20,456,4,380,1.43039724173946,11.11328125,11.343590482162822,8.422245608183806,2.152670264919956,4.1068362728919325,17.973003566636457,28.777513019192774,0.6664488001758209,0.8561896759421463,2.6531837800105684,3.2946942217733426
20,457,6,396,1.4387957876711663,11.0703125,14.036386014295903,6.980913250416378,2.8656256631127333,5.836395351352828,16.724692125839653,27.93424761424791,1.168120869692136,1.7425196352878052,2.77011919168529,7.589885307017893
20,458,6,403,1.5904577865651108,11.5859375,15.718554002005153,8.778880830410102,3.628015135534489,7.993071236706367,15.773331677671898,23.62302290512681,1.284595564122887,1.97218306188936,1.377462888723739,15.851921732833983
20,459,7,437,1.4566909097881702,11.90625,14.46945680681733,8.664421377536632,5.242517527598724,8.805774599325387,8.664615527018675,12.946382877749205,2.0314374348784443,4.709074367739944,5.511806936778156,9.486614402325074
20,460,8,455,1.610797997067924,12.4140625,16.96180027030478,10.357854093170882,6.378089181484423,12.728135821894144,18.042140812029388,29.692441907379532,1.900687685017837,4.575484835630235,7.688331445025197,38.155733012290845
20,461,8,440,1.4715215637160397,12.69921875,13.69765366733364,9.278688954846224,7.350761637992925,14.808011078438488,22.14925544387555,31.861684014169114,1.6772179647915135,5.45163709006151,4.863470718023259,47.20892871353737
20,462,8,419,1.4755790778080273,13.328125,15.318642806358062,8.581619766477845,9.299165808121018,18.837632682687275,12.632498921788862,22.981032152710746,1.3567958002579479,5.474464682077871,5.94644352491928,64.96279361668307
20,463,6,417,1.6287828803156628,14.078125,17.534634520516562,14.455007068495771,8.406659774603757,16.349391542959356,9.508222887918656,25.146484385171263,1.200501386356705,4.004974499013802,4.923983623675458,58.10803041157505
20,464,6,410,1.4856366456224808,14.328125,12.818863728418556,10.127290584303005,10.774126252819137,19.6028151164461,11.797821905581241,25.94538426272174,1.7390040366911497,9.432035748904461,5.113798446816639,72.2533897423027
20,465,6,418,1.4904737033128403,13.8984375,15.42605288448215,9.394354327474938,15.098930247397305,25.901756646016374,8.872169875758665,69.40333532987185,1.239135997306567,12.198663729231235,5.587716764631482,108.8651456854947
20,466,6,426,1.6426076899417674,13.8046875,14.570937308475823,11.063229591635007,3.705230451933404,7.292773592724155,15.786722085993297,14.888887950705836,2.0062777211599436,7.0317067887891795,8.702934128614128,41.921615749919695
20,467,7,437,1.4938427199577429,12.953125,14.15970136712169,9.287285689491872,4.296879273822749,10.725816906317128,17.842122643496914,29.565020038882906,3.554599543744099,11.450311553256896,10.909460627762956,46.72325371995035
20,468,6,445,1.4910730354085713,11.7109375,14.062241012681397,8.323169567166664,4.157083685767676,13.065446507990192,9.658692134732288,16.52606427494025,0.3482271913579492,2.712683819678009,14.495325361592876,60.07597232376568
20,469,6,452,1.636328278924395,11.5234375,16.618286914991142,9.939846234341463,6.0356810871710636,20.98353884769875,21.50577088495492,43.019303867158584,3.577039019539107,12.316183118204192,20.21229695248786,91.35790820449598
20,470,5,460,1.485584836637414,11.21484375,20.073758858150445,6.083988596513969,5.0054061949997,12.077986356718814,17.824673440147055,42.277620981053545,1.0982928410693038,3.055339319628728,8.289642913047206,36.5690037642786
20,471,5,438,1.4832524865788117,13.0,14.758829399852168,9.348080848494874,6.289738453142626,16.627979692908823,11.619410676549032,7.2994381878732035,1.0607529831534939,3.297965464122985,10.575624308113868,46.760068416417
20,472,4,420,1.6280588877370836,12.78125,16.433973835385867,11.60517645244766,10.47486348962883,5.728208632444644,10.31019790811681,25.751547154169856,2.1712567782924785,8.50669977649076,9.613139284397244,74.23134592567634
20,473,5,415,1.4780486526867704,12.734375,13.751088618569797,10.34392207962762,14.752099686181323,30.709519437837976,14.405045935103074,33.36070170135019,1.9774338567262855,9.223768177800165,11.750737928859023,94.7498276195086
20,474,4,424,1.623123140033417,12.65625,17.637446968365296,11.524249893587818,2.8628646946504412,5.525583225276239,10.770498991788667,16.909667239926996,0.5176720720524093,1.7522548055821008,12.085905124229768,19.545255005975207
20,475,5,429,1.4740038223686174,12.8671875,14.864179133440201,10.412684703825223,3.7525833165762097,11.138642314099203,19.25922674365813,30.72805041531251,0.7561657782219072,2.7912599586093374,17.139095313531165,48.75560346100958
20,476,6,432,1.4725752279630329,12.95703125,16.789407540889606,8.26698070571172,4.659947901053121,17.827339482519555,9.728355276044798,12.685633999128608,2.698013122890351,10.551339632134084,13.374530286099674,62.912913391353634
20,477,6,445,1.6183275289995505,12.671875,16.979989100201486,6.5019393491084765,4.649300032891748,16.164272272358247,15.253165347266123,28.256759225123567,3.456921323480284,17.66437773278567,7.752798831697119,38.801765908264464
20,478,7,442,1.469335752099343,13.16796875,14.179177830000995,8.064169221843278,3.5182057985507833,19.637189549524873,9.29714991578836,9.788448508785649,0.9384979873657646,4.41552858417427,6.318414927046999,45.17655007801048
20,479,6,423,1.4652759936002278,14.0859375,13.773666396397015,4.034070228679812,7.663770345993749,17.777051013067673,14.711772551840543,14.541855148737943,1.8524032065211062,15.887404348983099,4.752185936149542,62.29386266426903
20,480,6,418,1.60927564969033,13.5234375,16.27591252011193,5.861188784937351,12.958472515789126,28.607356177118234,9.94561442294632,59.28730014713142,1.9086753154416436,21.138735307494763,3.350513981205972,92.0448069318205
20,481,6,423,1.4612283689849945,12.734375,14.154883757239025,3.107470989606603,1.806294727699325,5.074815312411389,9.328519493807121,9.067760290667309,0.990790715987149,2.171670583039452,4.281285566526631,16.64300542738952
20,482,7,432,1.4597638128605526,13.01171875,14.989600612048594,6.638224205188402,1.78558189354232,4.8148697650458985,13.685743213437052,8.74073413812608,1.2386168768812207,25.344489070029326,2.855625763125999,50.10608793511145
20,483,7,448,1.6026716162242813,13.10546875,18.977811630256056,4.430833617365791,2.587454120396852,6.721024440370133,10.323467944255412,6.975019689885652,0.8456429667212654,13.707014148211888,3.42339458140592,73.78223269428621
20,484,6,466,1.454983109790661,13.859375,15.878787008921165,3.77763688954322,4.461756374281025,5.4361160294113064,12.054357280619364,9.581398479980626,0.38527383246293445,3.966035938029489,2.2850188245055567,33.846332590213684
20,485,6,447,1.451348983559353,13.9921875,14.634460014227077,4.234251807389338,5.569738160252239,7.602970550339647,8.315637432057049,23.024660656473753,0.46174760633872747,8.136932757802596,1.9172102273983942,45.38251443561508
20,486,6,417,1.5941163350910774,14.9453125,14.120430229635963,4.346211486530878,7.979784943555748,12.061262557169034,9.009576119483924,42.73916457426084,0.5628811221372185,14.814229953285947,2.435947683950438,70.12600786049596
20,487,6,417,1.4470718210801576,15.109375,13.07275592103747,4.131004796332995,9.211642817366245,16.264005060174014,8.179852949037445,62.09686203299426,0.5445582099160761,14.174134167004324,3.037650373492008,72.8777487964095
20,488,6,423,1.5912865628900423,15.0234375,15.197974705005675,4.554416714818835,3.1431188194666966,7.557658891657189,9.67970545276641,3.0911595605431312,1.172338168778742,5.640875993696598,3.04437656393119,14.331716675885337
20,489,8,422,1.4451603355148568,14.48046875,13.03805825954597,4.506369877892519,2.1779658676972566,10.203964702312888,8.115437162115978,10.88332836912491,1.1402039149644743,18.107249505730923,3.4403722537253607,24.826590337946875
20,490,8,428,1.441352903802611,14.00390625,13.858589599742736,4.159836325304614,2.6862810193017017,13.062179138640497,8.928126549136094,20.40979920529498,0.48831403396414225,9.296713894251473,3.7849555070994243,64.26153798499847
20,491,7,428,1.5817179765419902,13.76953125,16.23436761928396,4.22662352560713,3.8225163785157656,16.5277516243611,10.897503107197023,15.044580545849204,0.34275527156223884,7.987634198018637,3.7393086279500967,39.94989408719308
20,492,8,400,1.4341695852476832,13.4453125,12.476014089423256,3.0782742902952327,6.593255458628933,22.053254308132797,12.440399387967695,21.16964026612771,1.0426773011011266,13.071942235103913,4.504191688088289,43.957956360713034
20,493,7,402,1.4303133550928595,13.3203125,12.342480284541882,3.7288331260289462,7.272423949982385,29.658197173963032,10.78979686400192,50.844366847858296,0.9293117147806544,13.108992448278808,3.669917195069196,70.89697367393408
20,494,6,403,1.567840948461598,14.3046875,13.35344534177284,4.187436864453746,1.7423749868611123,4.578721171296076,9.021363435549858,2.318535845234168,0.9965650096476584,11.406211933783037,3.9753396770546443,4.62650714654419
20,495,6,392,1.4178265166227082,13.91796875,11.164506872815142,3.4559525444386745,1.8064788161287455,4.4009937051123424,8.451001190708208,5.730785424378835,0.950422380827294,8.170906217946122,4.016940165419249,5.343248221817184
20,496,6,396,1.4079911174909499,12.9453125,10.280834239355684,2.8646472060283434,2.1601126258850263,5.500497766890421,11.611198256420998,4.0230168510689825,0.7247991039149632,5.897194067781627,8.018533006732238,9.526257844688212
20,497,5,365,1.5361257071614287,12.3359375,11.528383480089888,4.605637719155719,3.3601860496665856,3.0807506124186554,19.049152525665917,8.691753917709422,0.7512661482924984,3.2506948570372916,2.221304300921257,19.98854261736161
20,498,5,337,1.3839644971978224,11.421875,10.663330967473271,3.493189422322499,3.287401381688409,3.470782549791278,16.69754112402217,8.684326260255485,0.4918677076077207,3.869415395481183,2.576101765302371,13.309826765828534
20,499,5,326,1.5106477075498714,10.96875,13.843593046659443,3.4535661281691743,4.104482111389794,4.89401624877018,18.191464579742924,10.739530397064721,0.7231852562106996,5.620811313018808,0.9667289662996752,27.804181987001364
20,500,6,344,1.3675610398740061,11.78515625,11.116629622592551,2.4620390698472816,5.843153361800728,9.643442320100098,16.659681574216364,14.907590701762205,0.32220243128458115,3.8597196485963186,0.7508287650417282,30.987962457602677
20,501,6,343,1.3631585206502599,10.2109375,14.726533963544902,2.3564965003899982,7.003545240494069,11.447443820250554,17.692667337411777,14.059843487335135,0.5691764317160948,5.828008688462551,1.4551018774543074,38.52119415147427
20,502,6,360,1.4964505842006333,13.8359375,11.619496621929454,2.95137543339093,9.685339138467183,15.511747902347013,18.21389240517715,17.124425143834824,1.2778893653762662,12.029627984948844,1.3263409319348451,68.3593996258122
20,503,7,358,1.358041280060828,13.47265625,9.590165078650035,2.5346311634650003,10.656030760766365,18.79202422645461,15.284271642679872,38.59569023474701,0.3937762753569516,16.5939638960924,1.1034442390457546,82.86449343653112
20,504,7,374,1.3549669875856043,13.5546875,9.624576832483395,2.535253399664402,1.695434839956449,2.5281033835511755,13.801719228211812,10.565794644820459,0.7460613425265614,2.145588364955359,1.2036759155626517,6.3095795532254275
20,505,7,391,1.483879936078304,13.515625,11.795730489330918,3.410185535857908,2.186601395034013,3.607783631355166,15.584959103273087,12.403702466989246,0.64086173353791,4.48413813698222,1.110715816613259,13.465195351384702
20,506,7,418,1.3450760682800131,14.140625,9.569791581937695,2.7247873176111206,2.2964559699393714,4.138104497092094,10.799047438998858,9.281429512973347,0.6024687082717877,2.034981659130769,2.63810451183626,5.592391796336397
20,507,8,432,1.3419372621637757,13.40625,10.819554688160583,2.658636262318683,3.3973671065571165,7.3636713599374914,9.927101636126245,14.221745297999615,0.6590826841855135,0.7136046032258476,1.415236631345217,17.085677164011045
20,508,8,455,1.4671040860730693,12.984375,13.879452678918918,4.361444633300707,4.749341196119836,10.335541917602242,9.577633089722898,14.830858119519592,0.9698338413437284,3.563073232249832,2.157753101095414,25.284489719257735
20,509,8,455,1.3247769260635827,12.84375,12.917962337476892,3.9513847910364728,5.138437109424739,11.501648219709747,14.115754316275456,22.609317542722287,0.41363990727765054,2.616157663697281,4.656986177445848,10.49193716665402
20,510,7,446,1.4478352059003552,12.8359375,14.791987018229806,6.736891162690427,3.3262822860048673,11.163392791929864,19.1889652752693,20.879563363302644,0.9935667934669,2.4207580942916618,5.184560665158288,21.662596237545987
20,511,8,433,1.3053580241527543,12.734375,12.105217706689393,3.8873577693279056,6.542820571752905,15.66524864933742,12.326299301766726,19.716024340717766,0.7048075817053682,6.610725557744281,6.6355440975839315,65.26352524949465
20,512,7,425,1.2932412293115592,12.6328125,10.943753676867535,4.415834789252973,3.0419071219156657,13.216356278351869,12.142372823553844,16.111927009478237,0.9701056476609513,8.958670476250722,4.948025837619729,34.15022599604524
20,513,6,411,1.4106251995935892,12.46875,11.689161390486461,4.7435279985609515,6.206255424810964,14.389377584033932,10.139660625359255,9.484080388697503,1.573439194123393,9.655445224607428,1.9164538706675966,39.86929381375412
20,514,6,384,1.2710652741008583,12.16796875,9.148292897896338,3.3544791854262455,7.178513414389144,16.283195676343617,11.797967198828132,12.017748211772567,1.393565125774094,11.60223555408222,1.5449028100445232,43.68676634301006
20,515,6,390,1.2583484879650348,11.55078125,9.962732145694018,4.9325752369280425,9.629420499882567,21.21275398123661,12.199302111338739,21.3710679495589,1.758078687113251,11.39407119515623,1.9943166328280846,61.24620474185079
20,516,5,390,1.3693449033787062,11.2734375,13.577417932251763,7.996476365885265,1.6297630125919762,1.7477520332685934,12.954606706212045,16.14381908388067,0.8513966061075228,1.260842984860026,1.0909318270982649,10.354663196044964
20,517,5,407,1.2385008006152296,10.71875,13.899505855869084,5.746533517146275,1.5980888073948345,1.791973166081238,9.985012608976607,13.919912974032165,0.6772345578423875,1.321929565454122,2.3329823967680694,3.547142870153349
20,518,5,431,1.2354116206884684,11.15625,13.810545402225245,3.0398597298010115,1.743716214197969,2.0646725453296053,8.907105445336462,5.108416704320824,1.1235070978367176,3.577804897140797,2.0727624649941983,8.58233825868504
20,519,6,447,1.3555825717646135,11.3671875,16.02688727721452,6.516452558245218,2.6443247086398944,2.5010148862935755,13.301772139221068,26.16141077410472,0.7552012058817668,1.6350175595125136,3.740027465425159,10.290399494454698
20,520,6,456,1.2304561293503533,11.1875,11.92517791021717,4.97322752255023,2.695238688697605,2.848752043875735,17.81736712852682,33.93269571563218,3.0762464062601973,12.984003731057005,3.8168388907799358,10.105713260613049
20,521,5,452,1.3490376622102718,11.37890625,13.752686822964685,3.7668089287676674,2.4683060856351355,3.7094455578901937,20.990106547289095,21.217339418595614,1.2267169108349196,5.595558063888728,2.0906532983478097,20.30310944103276
20,522,5,449,1.22008052718655,11.40625,12.092372857318598,4.032765318479219,2.4375877191472224,3.936315772007417,18.95400082721158,16.632252043511922,1.9372247467532364,7.484889319740517,2.8430485408871977,21.087036457326672
20,523,5,435,1.2103175397285166,12.6484375,14.797524539409311,4.76945300349832,2.6629582439039288,4.676841553519062,8.890066865791953,4.260530781162836,1.3404692671520115,5.294851130892354,2.854865658319733,16.904795210046668
20,524,5,423,1.3177544126830552,13.5546875,16.053579025645544,4.084085618168674,4.04337029310356,4.404444210024427,9.43379559377341,3.222619546583699,0.9830429334705585,4.934217069680974,2.9494792550882067,14.757063091285778
20,525,6,415,1.1840952699939058,14.390625,11.045442933184411,4.50346009083588,4.8105741902306,10.395945560867531,7.367689727554946,22.76767319921017,0.7233323727497243,5.091106779666606,3.3796455803928396,12.51688166503564
20,526,6,392,1.1720190981699954,15.125,10.768100311507748,2.746144644170628,6.1289972086572835,13.643185730174121,7.511325848625088,29.73089038673697,1.1572222674262245,8.925500065496665,1.968357967757868,37.71422910376376
20,527,6,388,1.2724682422456048,15.05859375,11.938181650708591,3.1331936061091747,8.975145906101535,20.507309964509616,8.497075373064913,44.445816458146524,1.342725817683073,10.09709765404807,2.7381041842797877,56.57679756798633
20,528,6,394,1.1412996577275296,14.328125,9.345862245138777,2.5214526685287653,10.656416521755512,23.592160651390987,11.14182253020634,38.84942463579023,1.45078089933814,9.663775856906627,6.84639064670551,83.8892661206823
20,529,5,389,1.2400173662935527,14.875,10.697715421757762,3.3534485636861997,1.9580766590764704,2.2111827437799563,7.9785775426070265,2.5072644242976097,0.8199252945262309,2.8933190003031672,3.3988786351317186,16.409110243336166
20,530,5,404,1.1201721861430756,14.109375,7.692951832869468,1.9212242090005112,2.0010619529428664,2.251693021453717,14.065910792188197,10.64326323536943,0.5422764388606145,1.6527788730412498,3.1828621604428515,16.87655502942898
20,531,5,419,1.117082938608257,14.1796875,8.884768358370836,2.107868960651762,2.265111562904185,2.5408869804878975,15.274318223917824,12.541620357234128,1.0817072713296016,3.0696986504204022,3.43282352465733,19.220657390221888
20,532,5,429,1.2265023459066542,13.0546875,11.100833248144932,2.671536476983748,2.8817040027803507,3.223539409126891,17.731112692074113,15.818127957551829,0.6587406622355393,1.763601908885797,4.574532692198592,25.378930856601713
20,533,4,412,1.1129252428118834,12.33984375,10.506796190733589,1.953163651045507,3.220255892851707,1.1635862992263504,11.771400105756777,6.334755663371827,0.5546944874747886,1.480683987512892,3.175918999849822,20.291622881955078
20,534,4,391,1.1089670537721639,12.46875,9.52961828213611,2.1732834962706034,3.768152162423675,1.6228420123667142,15.285533625799083,8.248418064520623,0.689499300936139,2.6359768199861087,1.445640038927097,21.343310621774005
20,535,5,353,1.2174313908913912,12.578125,8.699458288508264,2.6064759990190685,4.103361854986282,4.343324256802502,14.060983195553865,6.935171115632356,0.47738748713368573,7.118318749384205,3.110384678811994,24.072508048376363
20,536,5,334,1.1039365419585039,13.046875,7.4491311973509795,4.112824406658468,4.045693903261492,4.945644264040264,12.784328008866082,5.300876896042052,0.604973364589235,2.995783955769368,0.9364825835886886,34.69627189319383
20,537,7,334,1.101853392251503,13.16796875,7.506073229103579,2.3848847090641643,3.959819281024143,12.113756737281323,12.756089251057942,10.580958739116248,1.182937709648712,6.431117719303458,0.8712147641263095,45.11456644859761
20,538,5,347,1.2099104333104052,12.859375,9.596539834678698,2.7993205276857696,1.5733709532281404,1.3560657763415336,14.590226127029435,6.339044137305592,0.4887454990460491,0.8599996770491467,1.0883048226422014,4.53878404294286
20,539,5,347,1.0956773219394988,12.875,8.78098841726561,2.043783684273749,1.6035005354947738,1.2906336610683105,12.92460999300489,5.693115927887259,0.4492967364851115,0.9568530892283571,1.302252538124963,3.801429656365727
20,540,6,362,1.0918595172521448,12.91015625,7.2790941016133885,1.9894949629529983,1.6389287777648796,2.3749977942390887,10.591707246090898,9.384376718272678,0.4593758810038382,1.8567332556899432,2.198334333817181,3.5091890255369926
20,541,6,373,1.1949638287800082,13.2734375,10.776314137786287,3.405272510244826,1.9299179808192934,2.947863257678999,13.43531744084513,13.517627566583958,0.7838663133102646,1.8699655318273478,2.6176129471386416,4.6033101989568745
20,542,6,382,1.0879219064204217,12.51171875,7.641936143520635,2.374381258517142,1.9260527101239586,3.0358517922511288,11.054556383542048,10.284625724976035,0.49606852406419477,1.2273469478795052,3.2648220070776555,13.769890401328153
20,543,6,402,1.1868939698369307,11.69921875,9.116222820691336,1.8215500716762376,2.3275511753253006,3.776095384595763,14.408529759999421,15.260735562058967,0.5606550008068976,1.7393232712289666,3.720080422463865,5.513114057038293
20,544,6,436,1.074966004985827,11.40234375,10.067444776132884,2.3188590115806305,2.382419028965036,3.8249642717099572,13.560776395324169,16.61838280460824,0.7190486644120446,2.1337053803373087,3.4299060706136575,19.243482150694565
20,545,6,446,1.0668382580219506,11.76171875,10.871299313515626,2.4463535859537853,2.6910199800096937,4.283005777210715,14.396811341196727,17.29307872106979,0.6044386092348084,1.0045274679537146,3.6487154891965834,21.60071324775858
20,546,6,437,1.1649227024390794,12.8984375,11.998488369791312,3.7834337547946086,3.4422909853061934,5.429138646455475,15.876430387223014,15.395754659229418,0.5053412349120383,1.3929373204210285,4.407230634269095,28.940343006021184
20,547,6,419,1.0464427606571933,12.859375,8.92779174388466,2.5223259072632525,3.553008651502798,5.602880286120566,14.55862715233958,11.976239779658467,0.42377250751141804,1.8147070091459483,5.883509735090753,6.063108767679586
20,548,6,397,1.0338495991992163,12.7421875,9.99714698435261,3.1637341694645946,4.1475426821828485,7.170408860006382,6.938616343590898,12.9602150141116,1.0807591521272124,2.109041204907429,4.2559107396962865,34.649333821354176
20,549,5,374,1.1228133234131312,12.86328125,9.034975277495287,3.168250793896827,6.356029787192955,7.0971925131800635,10.550939871825243,9.236170167542715,0.427591744339912,6.4830975810166835,2.6768654447819213,45.30781298341156
20,550,6,378,1.008711472990978,12.73828125,7.597807334339067,3.3494899855942357,7.731223950171371,12.181281380028029,11.825682962959565,11.539039446808989,0.6703244067454017,4.642623569768909,2.852532627323402,52.00667985675314
20,551,7,378,1.0041199644262195,12.5390625,7.6288375103948916,3.3852760405198463,9.609313334437864,20.56168456094136,11.910319755967606,23.50611939971959,0.6888409503372812,5.332154580117205,2.22644179977215,68.08511142018617
20,552,6,394,1.100988618749099,12.49609375,10.106946800445563,3.638297882422626,1.468624725070785,5.450409892650554,7.489404479843664,10.066840666351426,0.6863900003544207,0.791063846404023,3.0078520955557315,9.519358157906673
20,553,7,391,1.0000741580354404,12.3671875,9.464975752584133,2.3002429595167944,3.9580277696539574,3.867062737950272,12.5688146508083,19.089014201799444,0.4805283360497246,0.972452848856052,3.215780531334259,14.928797483559748
20,554,7,402,1.0960042122861806,12.4609375,10.169626300320129,2.4994051515407545,4.631130371027862,4.92395624948859,14.65209569758258,21.951959939862537,0.4758567735148002,1.694190547604923,4.021251905153264,18.662701624576975
20,555,7,429,0.9941644304619687,12.4140625,9.496722121170414,2.2939037063051098,4.401976999030611,5.110878604873239,12.417375083449732,19.453718765541858,0.46598517818028795,0.9801256748795355,3.513620012122045,18.245182321211722
20,556,6,437,0.9905659130593013,12.3671875,10.76291966607668,2.3835980588795582,2.5453270065214255,5.323048285413149,7.116868800537102,7.444999531997242,0.7810487219926701,2.073753872813747,3.215045077513009,20.377361748391237
20,557,7,451,1.0847362155319307,12.015625,11.102570832596696,2.6057349724341705,3.05408892537284,6.842705486460745,14.724322850688472,19.264147270322695,1.3302900039903451,3.0001763283770577,3.1661378153121897,26.48917985497823
20,558,7,431,0.9811104421819566,11.875,10.985520583981454,2.0426963252946475,3.219078720781721,6.772621291599788,7.051403777268943,8.470226143301973,0.8241162363394314,3.0987963877010185,2.9953173098179886,27.085871174803795
20,559,8,428,0.9746215583770705,12.16796875,11.554727572834217,1.9547239069845381,4.772062795347466,6.483541953688663,6.937007276340161,6.715189669420136,1.2907327778799331,3.38032235029577,3.853798652495265,30.870709332306717
20,560,8,417,1.0630106805522932,12.8515625,11.844040259106368,2.3642665069585713,5.9151724842810545,8.933647792880313,11.212366042752471,15.159333103356788,0.6131241805588452,2.1544802760345143,4.552497737440273,39.3645734752036
20,561,8,394,0.9558746854511595,13.51171875,10.047667219472789,2.182832732512428,6.272389479916687,10.823584683443306,8.481181425389355,8.461165056459077,0.7882703781841766,2.379929837195629,4.18358174535345,39.39754647581704
20,562,7,382,1.0374686909261088,14.046875,10.641284390978093,2.2690326150166586,10.748048128722067,15.549444632118462,6.83271023673836,28.415208484986298,0.5433062565916101,5.059661209099728,2.9436261811105684,51.081730127947594
20,563,7,393,0.9308863764880322,14.1015625,8.029050242684045,2.0216162687751438,12.744242900793267,16.06834486440819,6.2760723539113235,35.40939169607709,0.7632847195292491,8.833166403438591,3.2169962204410845,59.406633945593455
20,564,6,393,0.9191467439567024,14.2109375,7.33417402387208,2.5624376243873437,1.4325115243722406,2.7286022059415282,7.808305890478106,8.152577207812854,0.8894575315914135,1.3361629422908052,2.5395582091456177,6.013170909451828
20,565,7,403,0.9985233433379078,14.25,7.945454331279258,2.0053652119103242,1.3717152327351572,3.8043737274351703,9.699011929499544,13.445690657990387,1.026242460401345,3.1345343615781265,4.074328736791985,12.222970444308874
20,566,7,418,0.9026538922074523,14.203125,8.464221869790023,1.4916820168255644,1.194574417578524,3.743108257165908,7.640431285898809,5.784652705497403,1.112422563493685,2.0568749596646763,2.783552174178489,10.285902998167892
20,567,7,425,0.9006595013602032,14.0078125,7.7446673511644075,1.5513888458122245,1.1717709506911085,4.092115970028189,7.557902617638192,10.635027822400243,1.3912930122485374,1.8168266654558443,2.8506247136295344,10.228324364791522
20,568,7,450,0.9899206255085227,13.6875,9.98787554853973,1.968427995950119,1.429880329253748,4.985704248618384,7.890012827215977,7.052408788128234,1.8293578734622629,3.9150594823977194,4.375686155097956,14.966373520381971
20,569,8,456,0.8995132693090417,12.68359375,8.443622823367168,1.525910934052138,1.3965555576138342,5.053191428955081,8.804797228271461,15.830349225594595,1.0094233401037278,1.1676294033713936,4.026489035997242,14.480655488860542
20,570,8,453,0.8977187805104616,12.6171875,8.64946471973005,1.8164137921076073,1.4892073953165645,5.609387588045725,11.420309915224301,21.173194697634365,0.7062122024523951,2.3334827650310275,3.8991052908919466,16.552207590656124
20,571,8,452,0.9840576364435828,13.06640625,9.396351187087271,1.5595868939287558,1.7817227008709646,6.957435603713161,12.709932223522053,23.410387837482087,1.0073388177282663,0.7061879917651815,4.856106142404185,20.36083047788636
20,572,6,444,0.8919365360932577,13.0234375,8.64088268185683,1.3142360020549155,1.859060718221377,6.677826865465657,5.858046614549852,6.309060471036255,1.0364739371511744,0.9066377293971462,4.245543169076546,19.632512819407186
20,573,6,438,0.9782506827188788,13.09375,9.266595636314001,1.733681696811317,2.3732888710231297,8.411154625454978,6.549262051354222,8.254125611443708,1.5674570377097385,2.895262385700915,5.07091057978405,24.835689626609174
20,574,6,430,0.890066145877091,12.8125,8.22025072166512,1.7845484646335894,2.4559015838427465,8.783327111030424,11.872774273277852,24.35264065994525,1.1173094946311464,3.321392126590532,4.507062861727439,24.22798192761899
20,575,5,416,0.88721422965051,12.234375,7.773444936019601,1.832346567493123,3.4567994121385546,9.86117764368406,9.1483062603275,21.099450070664595,1.0809588729591812,2.1246525658868545,3.112319732128349,25.851328209134554
20,576,5,404,0.9735592285557787,12.828125,9.167657731218533,2.1749168078203276,4.782067082635485,12.429805204714066,8.021612682301702,22.19630261107759,0.7488048814344554,2.5794414127589365,3.5565273521804666,35.50495149877287
20,577,5,386,0.8832401615714167,13.58984375,9.313112299975312,1.8605260627917217,5.436546799695879,12.745349760991134,8.87804841789717,14.694455073660066,0.45907801414552446,4.064305835049951,3.511890837878312,37.112259128691306
20,578,5,380,0.8828741423167373,13.48828125,6.46017628997625,2.026255086130181,5.359689009407081,16.345997220345975,10.649313514725206,16.305346346418162,0.5851121660379706,2.992166669474639,4.659675699825437,42.47072219552872
20,579,5,384,0.9698638255785198,13.640625,6.633359665353874,3.095398395335428,7.930053631510281,21.227571383883195,11.016539778805562,20.227521172898204,0.8581914098780409,3.1315278746653528,7.313617799452404,62.41818151676403
20,580,4,384,0.8799202769517318,12.95703125,6.468458510887501,1.9570695818922688,2.12544406942657,2.3764693337000726,9.654923306199949,20.099920418797325,0.8823098393312717,1.4096378863656114,5.51059142245747,9.867894447481849
20,581,4,391,0.8791814207330333,12.828125,6.914778731467882,1.8436183521696272,2.398621502161195,2.9083067091090244,8.054566901831233,17.10802921182534,0.5017049300898924,0.7564551333272183,4.0075170994926275,9.216053859052657
20,582,4,397,0.9673819032803184,12.6796875,7.380187453808924,1.85780791400699,3.044250935554088,3.9620347280749515,9.354015320878151,21.599578644086158,0.9357608578339462,1.1311536736588084,7.848202390972734,16.036658415695623
20,583,5,404,0.8767365904802811,12.62109375,6.995919020734556,1.6233238213676615,2.3040135885502644,4.678486068239832,6.11627649625062,19.68936554651311,0.5145714994260522,1.5784743394192684,2.6280170866826813,15.923194124709294
20,584,5,406,0.9672935028091462,12.51953125,8.19880279327424,1.8200848389943163,2.9784633271963687,6.263325985863505,6.120306721160728,14.900959985622517,0.5702131722368525,2.1925872735020007,3.215565717602269,20.915951339437232
20,585,5,404,0.8757121735433091,12.22265625,7.459686898918298,1.5741148434248513,2.9844734731789684,6.852173425221707,6.382541080995772,21.793222006542035,0.54074560691055,1.541833886553451,2.7911700114794122,21.52143068662125
20,586,5,389,0.8698942180309975,12.5234375,7.090399354795642,1.5984250284468924,3.2235913235923426,8.563460318045976,5.521410169783699,19.04034748393801,1.264705530388444,1.846380601547796,2.476861173995921,26.43288984545474
20,587,4,362,0.9617468751162901,12.2265625,9.90736476618191,2.4422747087001273,2.8164467433582288,3.5238765914411196,11.436602449667372,12.526803594946678,0.40049158321644934,3.0763718801339897,2.3580373253747546,23.74016424659887
20,588,4,347,0.8770255364630264,12.34375,7.455208595644323,1.856629753903282,2.9703174241623906,3.881090575137252,7.9772815078945225,10.311616103750117,0.6242119779599655,1.889541370124718,1.9371196429001682,40.42975534122533
20,589,4,366,0.8799475170226206,12.59765625,7.0932522188530704,1.6206389732646467,3.4992652717162187,4.659287539922042,7.928079221299589,16.842040054211108,1.4034546605903313,9.713046609225701,1.7438660465844418,52.68780595896787
20,590,3,357,0.971911273544685,12.5546875,8.51365467933288,1.5330063916423953,0.5590959199574794,0.5210754739239596,7.30709301222829,3.034577124822852,0.6516749727807478,1.1916352363849156,1.2539049369544164,2.266350184153117
20,591,3,361,0.8846283165172385,12.890625,7.191026456921022,1.3271686439121522,0.4922238462969975,0.46159818345403136,5.698114691632533,3.092885977244646,0.3698351665999723,0.4366077128337083,4.010989254459753,6.920641709813495
20,592,3,363,0.8918236177803095,13.09375,6.1981235994105806,1.4975877806994424,0.4967235619164669,0.4683870101118358,6.187424952237457,2.3877197014623626,0.41335073977001174,0.37072076442217816,1.653846989107394,1.6274722922290432
20,593,5,359,0.9872714145930221,13.0,8.045363803062358,1.5730360681917142,3.6980183580404677,6.711125358664636,9.30423814518403,12.170838281276083,0.387115560608685,1.3264788428294094,1.593965034970004,29.48530177089451
20,594,5,350,0.902242168226365,12.73828125,7.39997581030411,1.414584811332122,3.791802980034961,7.109004987521724,8.036218368278055,11.641122047518301,0.3768441558131741,2.2582546922509676,1.6382274186294459,30.00467403910544
20,595,4,340,0.9999911354217876,12.5,8.33419250005375,1.6599302323688534,1.1665606122187966,1.9706157082232905,9.259086751981279,11.15653628329715,0.39697624888972305,0.8703594325093482,1.9799464743376376,2.5139646741413477
20,596,4,320,0.9156140263513916,12.78515625,7.061379023496992,1.6399743623455407,1.0726304980062848,1.7958347571480442,8.138207557536825,6.852057228445133,0.39916639195348746,0.26638354353183324,1.3317234275714354,2.3106897365524177
20,597,4,310,0.9233678968580097,12.91796875,7.418005472957105,1.4806773860059543,1.089632169760978,1.8070154850608775,8.620585178579525,7.129881784436052,0.3305635010617881,0.738744586974249,1.4553646111353948,2.3541538382634064
20,598,4,312,1.0235628695074048,13.44921875,7.227251213348593,2.1624064996259236,1.215063445603079,1.974457105484047,9.01805050004085,7.219731862353837,0.31389335861159906,0.7786248583169508,1.557015083307895,1.7264213843951284
20,599,4,317,0.938699625432328,13.9453125,6.714460594891312,1.6115116242910947,1.1549736978232659,1.8831457990012823,8.914403905843253,6.086970941786911,0.29808651853365736,0.8376411733066412,2.288657704393457,2.6947756686000925
20,600,3,317,0.9474629722838328,14.3046875,6.106678734947954,1.8925552308265199,1.1655060123797096,1.1197558048160485,6.6426327703533135,5.894813402101939,0.4412725021252028,0.33487288952867394,1.306444641843943,1.1188748314354338
20,601,3,331,1.0494352612751998,14.546875,7.006147592808634,2.1957708644265166,1.3304477501960015,1.2858428222687803,7.606665158731279,6.639120084785314,0.563608488316712,0.32003596524524186,1.970982140278165,1.4309626833461537
20,602,3,334,0.9627776988091016,14.67578125,6.788999054769032,2.1810351090614133,1.2296312489688455,1.1945371872927428,7.334268245446499,6.287014586661353,0.5771516405167616,0.38990210914550155,1.264178829383019,0.8825474663295927
20,603,4,351,1.0688229579181598,14.375,7.599180908311483,2.2396194415240487,1.4985354530990382,2.4359239457628914,10.334080380343439,7.114967317508775,0.7454846433530541,0.6468349293066351,1.644675887918699,2.8300036223523146
20,604,5,348,0.9860654278650538,14.53125,6.549860517862735,1.6430818680335386,2.4514033228105103,2.79500641784246,11.335606925659318,7.13143610234477,0.4995108281537591,0.7646331544800558,1.835827106010123,4.277957219234699
20,605,5,364,0.9991840939495319,13.8828125,6.78011103722242,1.8603196301169023,2.7390912693835627,3.013334326866735,10.58316562114657,7.706518976154073,0.7018558501965378,0.543508378636439,2.1323636177659115,4.800061915858356
20,606,5,363,1.1149734977165082,13.59375,7.895126627796293,3.3323745990886793,3.3729397426072367,3.6810850088426914,11.25776788816056,9.453722197849345,0.46282005362187195,0.7584723777463172,3.3681760877030555,6.154284840713914
20,607,5,386,1.0277498043638431,13.8125,7.242770102118919,1.7648268276233623,3.5957290688672265,3.7707234947415813,8.865251746999379,9.462062990458145,0.7938910354627848,1.3167035994083087,2.8037928048741447,13.887013810292208
20,608,5,398,1.0410098290796834,14.1953125,7.706045853334621,1.6519660832564336,4.229679714703035,4.602374479335403,9.396561722342978,9.902001926951876,0.5853847158844816,1.4921604291682629,4.091603888623079,13.821929522959213
20,609,5,415,1.1602989988622006,14.1171875,8.39889068399517,1.773701730151953,5.008742994217928,6.360648642638679,10.530447753217235,11.50477835669596,0.6426224444916778,1.689861555705182,3.0810750132144955,25.897355783707543
20,610,5,453,1.068716436235087,14.2421875,8.94209412136764,2.052732213210398,5.040762820467517,7.322929171738255,9.028572835416599,11.852785417394195,0.7845694739396452,2.1081360742432094,4.725214467944526,22.311201674530622
20,611,5,445,1.081649589429655,14.625,9.690432151219019,1.957410592429405,5.934578748006643,9.723770831129547,11.896776572630928,11.528462157963407,0.7732075393113426,1.7713813735170711,3.0954294951457437,35.82475605780293
20,612,4,447,1.2055645392588916,14.9140625,11.900650836006239,2.3127231135465447,8.949840102553576,13.718865101892378,12.128986412958488,16.46553722985007,1.6907965919992733,1.596157935150128,6.1880515145228046,46.62088289135198
20,613,5,448,1.108838561335206,15.04296875,9.681345765563162,1.8432151084372776,12.607920810189563,22.88056713798697,13.192311932809153,17.932868543250418,0.8336312575498144,1.5655716901770589,9.200059399108696,57.777874732397166
20,614,4,449,1.230116894851255,14.578125,11.796088357676842,2.1711334780675795,1.7717833329695538,2.9286035762033356,7.384779664783009,8.941032759052437,1.0814564833197187,2.238271382625359,9.080207638230409,16.005230571750214
20,615,4,467,1.1326728584950916,15.015625,11.01887173859573,2.3514054047605213,1.6336173868059543,2.822168501085555,5.957593729447979,8.184661144841431,0.8005501524305136,2.9945813342400096,7.7100869725703145,5.993767318852501
20,616,4,471,1.1451722843549317,14.5,11.17813343701988,1.9914900305652503,1.8398138616795852,3.0528487619375544,5.736883732541799,7.700852440946497,0.982750182621094,2.502308343798525,11.28865191005463,25.01643420842371
20,617,4,464,1.2737784420146394,14.79296875,12.222240786735057,3.017349065017206,2.48904821914228,3.1016372816367968,12.669035780149057,6.380608792124323,0.6175927697433277,9.095740119405855,15.49366131039704,37.36706965775505
20,618,3,470,1.167591851816196,14.69140625,10.943384612743777,2.073163542816914,3.49281768555104,3.480457703862462,12.335823750648776,6.09769634297796,0.7730725375294759,1.879903632096239,2.8980044947923984,27.283938698469633
20,619,5,459,1.1814262177819972,14.8828125,10.527200273779167,1.764350048930372,11.051883560547395,18.520547766265924,12.721935506246453,11.60992394439076,0.7214865020525008,3.180956960802374,3.8696184640346183,32.4444163040793
20,620,4,462,1.3183562680236551,15.03125,11.556393495881697,3.1502638394217475,11.054034631521418,21.448950863478792,13.989008113543402,19.592243258871143,1.080622207939514,1.7741482146867256,3.3388378966951233,51.645112820600026
20,621,4,469,1.2111216325053602,15.375,11.68293351461848,1.5848900850955951,1.5886337270521584,3.0785234850277474,15.188487200107739,13.475397917765163,0.8888949730915674,0.42606286331967924,4.282383108218029,3.6553132186870956
20,622,5,472,1.2220837957267825,14.7265625,10.71818983143735,1.8817399924787117,1.139548061268289,3.300331338613645,16.10816552157898,11.361943004860105,0.6821339641644718,0.7200206527871593,1.6364129609635354,4.15267616128546
20,623,5,468,1.3589532243990676,14.875,12.742431232292972,1.8498541979300664,1.3630676572777218,3.6976929283245283,19.78045613766601,14.714069373096613,1.6234324249089032,1.7626148441709908,4.33525533718956,9.288974495061575
20,624,4,465,1.250484511907323,15.4375,10.191985596483796,1.4519820253576237,1.547566524576764,1.499603654887263,14.986614046531216,13.423793729983288,0.7264349810440425,0.5393697919628031,6.053323339517709,7.148924010483964
20,625,4,462,1.3890567416233575,15.6484375,10.944871134906428,2.1245107809256263,1.808902366393501,1.5329277322407429,15.618062911089892,13.400553724273152,0.551542473293119,1.0530306168267602,1.8663499762617026,2.6440310474060142
20,626,4,464,1.2742488307348432,15.2734375,10.552244761967978,1.8323023210344074,1.728744601933435,1.2291267680263849,17.36524095103396,16.110391663835806,0.8998043866122238,1.7972398535845704,7.120054382617697,8.204643129091604
20,627,5,468,1.2858052915765252,16.125,9.242290915241473,2.2709567482621873,1.7836513673117258,3.721652997045432,15.406691159978463,11.460292032808326,1.1401677064426363,2.5753659747755258,5.794569798971128,9.779662934266355
20,628,5,483,1.4296599442817417,15.9765625,10.3183861788857,2.502504478133556,2.195221072421487,4.2217373925939325,18.828300942563047,13.389535934600321,1.071957831595316,1.320450617713892,4.079892379638863,8.761394041870657
20,629,5,499,1.310902080383589,15.59375,10.115165288105183,2.4572676052750393,2.238645172653878,3.9677302668090464,18.18719779860669,12.779643473986079,1.125948044712552,1.8723310801622497,2.081201967356578,6.599858026124036
20,630,5,516,1.3187764474288266,15.9140625,9.821194501381582,2.24822546373601,2.577181632854508,4.199282257298741,15.982451787314602,12.139774826090923,1.7140594595909948,1.4904546967108978,3.112072547942668,6.535915374873273
20,631,5,534,1.4699005544512254,16.71875,12.236597352938306,2.439737742568462,3.2803926171494497,4.705313788600701,17.97167223127431,13.977624472737016,2.4415239585795265,3.1186836701754075,4.6046742052385055,7.509062741875082
20,632,5,543,1.3547733830537434,16.421875,10.921063027906742,2.096567253408225,3.4305406969403087,4.3558418949838265,13.79406369135749,11.897470985730013,0.7884275269337633,5.510071387179452,2.7962685586426725,6.247621745608502
20,633,4,547,1.3672250633369285,15.4609375,11.022791879994328,2.89740623743477,3.168946605286828,1.4922070408664214,13.128967036685374,13.737098033633693,3.5994031692963793,6.434622869751216,3.7815354692498646,4.956485730662919
20,634,5,550,1.5127917937489157,15.9765625,12.561050696489863,3.131777975796301,5.254342298582659,4.912871070923911,16.675102244285107,16.115100669327454,2.368295478307118,7.442890849761206,4.977382477554009,11.805146032071917
20,635,4,548,1.383966488784909,17.5390625,9.147987046488526,2.6268116315617203,2.2286089087835315,4.363973307265469,12.370406870455348,10.416661088918676,0.6823803016989236,6.816324346017815,2.6207585687043418,4.775949561467541
20,636,4,553,1.528783016776492,17.84375,9.907753684581657,3.181273276570842,2.491709075876169,4.890603727233312,13.09811443307277,11.287176513224356,0.6328425218168305,11.267662794538913,7.918101980911983,13.657396992488938
20,637,3,558,1.3944900467697168,17.21875,11.474291198720898,3.54559365587727,0.6327320735134339,0.6142111835375437,13.331880112995306,11.130187678131582,1.4401425740195692,0.7219758651249168,11.282913581027898,10.805455031334052
20,638,3,564,1.395113490253498,15.375,10.332202585711695,4.317165683432696,0.6240542110948768,0.601603340778055,12.129702541549843,10.78337910129418,2.123670807847701,0.9230864356764232,9.151370088221944,9.512475863608188
20,639,3,564,1.5379589444304234,14.0,13.474394003632945,3.784772966761002,0.7616765900144186,0.7293672971382679,13.506835622024864,11.908048886343183,0.5338506673141242,0.12835384864796062,5.11424029947765,8.020882681917673
20,640,3,562,1.4015859777696744,13.58203125,12.812119789244246,3.6638285408224265,0.755402821156634,0.7144108602871919,10.86279529849302,10.242558710377853,0.2880190913970834,0.24706595710268264,4.981685062370173,7.192194708874638
20,641,3,564,1.4069773728765138,13.06640625,15.28596174659181,4.2392533826156065,0.8239443613477933,0.7656673941952823,12.619939621456837,10.554248080453402,0.6992902343763118,0.040308059115910844,8.689621080564073,8.43874924176853
20,642,3,566,1.5501061268682605,12.953125,17.834332395443,5.663784986410786,0.9994877418663813,0.9137308581209115,11.587508747352302,10.500732408476384,0.24735979214341083,0.44598379078168116,5.809727385608415,7.4644900975046795
20,643,3,566,1.4135758896050383,13.140625,15.261519808925662,5.24984228579415,0.9758206287145893,0.872638102426543,10.563298281007057,8.66419451128776,0.7564702975447816,0.34563382039242396,11.096105099292588,8.261460612267403
20,644,3,566,1.4144831193232412,13.1015625,14.637945461849853,4.324739096310023,1.0141704214176377,0.8837011052059007,10.628314676305877,7.829498805294977,0.8501214182986214,0.5759330827016311,2.8224393444159803,2.0863044650869993
20,645,3,566,1.5563752212159303,13.03125,16.666307343724313,5.3337767630532085,1.183685040518486,0.9908103558879161,11.47736032737321,7.683613190788652,0.24426739027279212,0.24917970998766253,2.5108412765602734,2.3748220869564567
20,646,3,566,1.415612577228167,13.03125,14.841625916510523,4.7786237130849685,1.126988594272133,0.8845991375248045,9.16569089436818,6.005623945723739,0.39741774880967506,0.0753964381533262,3.41963604108282,5.411876132824184
20,647,3,570,1.5568209187060547,13.1328125,16.461582131245382,5.2856331832520596,1.2586099079090538,0.8991710948758969,10.50749927595703,5.745073358417626,1.3859949425860911,0.6722436733096708,7.855184150112737,6.062417020513211
20,659,3,569,1.4342110822531347,12.2578125,17.627796033774473,5.574504236685166,0.15892801713810642,0.15889913371473802,5.704563335324248,0.614300165123085,0.23323418748946576,0.8376106589134085,4.00960120896882,0.3996687071668017
20,660,3,566,1.436146448642366,11.890625,17.231734876084655,6.269566795568847,0.17406863678323117,0.1739718712097579,6.11329315076162,1.3441073117846978,0.24017543263776028,0.672940528380639,4.132530277439897,0.5918213805009604
20,661,3,569,1.582126025549218,12.2265625,19.676077669393173,6.837431638467165,0.20584390685070508,0.20572654952453276,7.736631176332294,2.872983946224232,0.4237601356203457,0.881087798955029,1.377552819557971,0.17718462328856632
20,662,3,569,1.43640086694832,12.1640625,17.056529705799004,5.839852360654347,0.20056100785999048,0.20038355815681408,7.349213707389968,3.6835800898517332,0.34150404670244294,0.7436996982140829,2.3624314752537168,0.5031543334330513
20,663,3,567,1.4362641411221346,12.0703125,15.935118687856113,5.372061669847893,0.19921358253667948,0.19890668028627756,7.7498731323438035,4.089490492209043,0.1873205940688371,0.28329405439020994,2.326068786691821,0.5496444925887287
20,664,3,569,1.5789563257229382,11.921875,18.49610202351464,6.826230688438178,0.2226412748573027,0.22220434884614154,10.23213967964432,6.491046115841262,0.25295262792912765,0.6344976520881704,3.47406816424534,1.790837083327855
20,665,3,567,1.435066022149722,11.90625,17.35623840246097,5.8461891783766,0.19677939484299511,0.19644097324885426,9.30030822142491,6.533334053457008,0.3643217813746898,0.33554879036706486,3.0467348791952635,2.3365044706484053
20,666,3,566,1.43624633475429,12.203125,15.51115067557757,6.513705323303302,0.19104057063259997,0.1906788213149613,9.375495543273457,6.267678169559547,0.20069248849081975,0.2767812003860143,10.27989631447234,4.524408142466889
20,667,3,572,1.5827231048810035,11.90234375,17.374249953508663,6.004664556339484,0.2032987059256287,0.20320154243646404,11.040458141211227,7.5533589854643095,0.4224879882353062,0.2260278267955258,2.920373729986175,0.6818936583181805
20,668,3,566,1.435597337048137,11.73828125,14.386761540796499,5.74273347273728,0.1739326459162242,0.17392402596670448,8.933524875946114,6.214787706922303,0.3324842374535518,0.28418335139430906,3.293540559655,0.9596688636376149
20,669,3,566,1.4325029490848722,11.92578125,14.108118048176852,6.149238486925663,0.1738846188222062,0.1738827130276594,9.072613954738163,6.795180825076508,0.3547339004180833,0.20107647203137632,3.5015731330288027,1.959018850124162
20,670,3,566,1.5727646702671805,11.9609375,18.19532274455697,6.854193841193091,0.19126118075361725,0.19126112991977504,13.732799602821393,11.086243695051806,0.193606534156438,0.08135319801068341,4.071031848010869,1.7994371544164753
20,671,3,566,1.4275714657110512,12.1484375,15.81281398087399,5.31916657080547,0.1745100597547313,0.17450808225654887,13.030681246131167,10.619474998464241,0.33916871950111166,0.24001536424323072,3.758320903065832,3.990862534015303
20,676,3,568,1.5596821107629348,12.01171875,16.21234551783324,7.195582914432132,0.17009570044736871,0.17008876175803048,16.736038883733134,14.123101218652417,0.1179223351632402,0.21569484358366617,1.4529594556328578,2.780315484272218
20,677,3,570,1.4163297596971636,12.34375,13.69861946766267,4.563297109417395,0.15203011993567123,0.15200816214503615,12.6435496674922,11.514887185946066,0.40385987904177983,0.6840266889593325,1.8795009396785087,2.9561377168255576
20,678,3,570,1.559816907273796,12.57421875,15.7750722908992,6.271093718886556,0.1701815887282848,0.169952009019365,13.628085942837368,12.740438854487472,0.4671985666500387,0.9142973374957521,2.6788199034406492,3.3173470997741425
20,679,3,568,1.4171054440278021,12.48046875,13.063197833038613,6.171346633253052,0.15301811614487407,0.15286555197115018,13.798350107236818,12.67873119304253,0.24580093580409487,0.5603175282723436,2.2739649664694284,3.6776201686116745
20,685,3,567,1.4128852418385445,13.296875,12.443857908695007,5.024310362610589,0.11990414357945497,0.1198901301685882,15.024804447129295,15.26910727225569,0.455421081400058,0.4481829836548529,5.584044325240362,6.993901027949656
20,689,3,563,1.4087213637013645,12.84375,10.938498027051091,4.581823242088022,0.12475393746945919,0.12469642064218063,16.300950006371163,16.529101122724153,1.4272113032140328,1.9912262132064504,6.107768798079359,12.88199573460402
20,690,3,563,1.54602844801687,12.484375,13.563454356663998,6.226832200688695,0.14601236504072962,0.14591739118924404,19.528230411635903,20.243021970965643,0.295270466841002,0.35736169488139974,7.25242768705188,14.367441570417895
20,691,3,563,1.4015276745042333,12.359375,11.99436994077867,5.595016328993597,0.12402094160242197,0.12401314629576742,18.66610978894113,18.643649033891236,0.12215946048244257,0.3326737728335121,8.148706768863926,14.327047214690612
20,692,3,567,1.403731032757224,12.46875,10.81002201974024,5.129273578043081,0.14136941908026754,0.14134151663703048,19.065581972255835,18.933945230209403,0.32283342662300674,0.3033367973163102,11.804184635026296,10.328012006933596
20,693,3,567,1.5437046578955427,12.3203125,12.272607118774369,5.258632704134268,0.17041042822691221,0.17035495123357336,21.90487670458351,21.46677586371115,0.5635841512258806,0.6974078814710046,14.68669586342744,12.20276164262463
20,694,3,567,1.4029234066659493,12.1171875,11.18956048844519,4.636886501658471,0.16474063122823587,0.16471550100589805,19.82598550072086,19.783492659409397,0.8142128988066727,0.3881029820625705,13.844056969047989,13.157519670426835
20,695,3,567,1.3970057443649893,11.9296875,12.962426291483032,5.016407428518087,0.17834191384105028,0.17833327591361398,20.654239520048638,20.50092314045297,0.1478130163899829,0.21840068938691903,17.086949004242133,13.642896551627137
20,696,3,564,1.5326007983804533,12.28125,16.673812696469728,5.622515767162341,0.211205208517249,0.21120422551616516,24.260228072271296,23.44256647804258,0.3669394863575998,0.38128412598929734,1.4245549574841994,3.836611848732416
20,699,3,564,1.3930543221252674,13.08203125,16.351384589529346,3.5874752034192077,0.24261047671223068,0.24257523640507797,21.88553911721124,20.82400941511606,1.134359015482918,1.0007507645995675,3.3574581375780133,2.340413609462552
20,700,3,565,1.391755200012607,14.1484375,14.189851496841532,2.8416462393189925,0.2622347237608668,0.26215056427747774,12.119632499651212,14.216761408128562,2.321679742215003,1.3198575712304315,3.9198539977251174,2.7110733911849514
20,701,3,567,1.5274203106508675,14.9609375,15.829075120383882,2.575557532313796,0.3113121298512594,0.31113574871295735,9.834884158796271,11.873691918193039,1.8191808807985734,1.5237788340478369,2.9747104751064417,1.3509845767536324
20,707,3,566,1.5179962133387581,14.6171875,15.808846635144452,3.158607818644254,0.4219343042526176,0.42060599854543473,12.542777260241385,13.495520691610837,0.39978122240947234,0.8417667065175919,1.6067977264268465,2.4989734707987212
20,710,3,564,1.5179896462551936,14.171875,19.60247922370761,3.6212409574897286,0.4998041777191345,0.4971270335210828,24.718024113461727,20.718834099498224,0.14571299754605957,0.5021441695097234,2.9682999120214686,1.0898488534521449
20,711,3,566,1.3767140626774201,14.23046875,14.7621184934302,3.081490213820487,0.476648488864922,0.473887953623031,11.067608346603961,10.7652163219498,0.3534470320141793,0.7533388649928578,3.4081304761288562,6.330547560620599
20,712,3,565,1.376804097899654,14.1875,14.285949468164082,2.8042803060659782,0.5085976193299079,0.5058743081977226,10.700556341003717,9.680370270615384,0.39491846835552197,0.6719139821457947,3.0397161613222696,6.754679245230625
20,713,3,567,1.5138455838612659,14.3515625,17.513746911681437,3.8096223972076366,0.5814931552444016,0.5774497090277791,19.051137780842595,15.882714217969292,0.8741455534322576,0.884637088889449,5.047539784679671,1.7694441125839644
20,714,3,567,1.3769832693762984,14.2265625,15.565241519525388,3.6464393945884677,0.5442346604628151,0.539403101940499,17.329761145257965,13.843466781976915,0.1931934995081376,0.3943092052638882,1.2432054382501714,4.387516683229133
20,715,3,567,1.369389173692322,14.375,14.463752049790584,3.1481373649056046,0.5598956449513193,0.5536266022321025,7.740200303152745,5.86409541593167,1.1317244993805275,1.2766917861890126,4.798208682705946,1.7889805550304052
20,716,3,569,1.5026622168638895,14.4375,16.649317073141983,3.296473505817398,0.6435347006711675,0.6354172356131174,12.108726332127913,9.787903083387938,0.23981220312560614,0.3532848161252316,1.6779605230445391,3.99793189514362
20,717,3,565,1.3666759215158235,14.5703125,15.0923122485744,3.462598672816526,0.6231128684794501,0.614766222058742,8.109533496174379,5.618320148205924,0.23818469293805453,0.687670932526081,5.69067914034043,1.632099087792378
20,718,3,565,1.503371793985788,14.703125,16.2868268486477,3.648186709161474,0.6812697217228609,0.6730423493229414,11.960396491764635,8.660988645394363,0.4249931480335629,0.5879474346734379,1.3123725704280609,1.5123567110803742
20,719,3,562,1.3659932788171376,14.65234375,16.395651117742844,3.8297465063262353,0.6237998189489531,0.6165079438262644,14.583758108187101,10.35560871053779,0.22401445757312716,0.19681882643140597,4.8029923359295115,1.454864139308743
20,720,3,560,1.363323254829739,14.625,14.768414786123131,3.252072090258205,0.614423457008911,0.6057497772156442,10.038232355397676,6.774933560079826,0.2112324282150323,0.22698207854929972,1.9787843103026423,1.4979685882686489
20,721,3,562,1.4969953212534495,14.7109375,16.690331385147232,4.1351843495323335,0.6727688672196699,0.6612923526469747,7.768411086046367,3.2321041922601603,0.38249379266723244,0.33744402852275196,2.228893191221344,2.175499587859126
20,722,3,566,1.3597487602890015,14.41796875,14.479513638262922,3.295519585932972,0.6179515239783756,0.6045829609988975,7.7917215575718926,4.308816023551246,0.2650469213739791,0.4154449139670746,5.589119772070839,1.545121012601122
20,723,3,567,1.357152281087309,14.8828125,14.585481143054066,3.4798606632641436,0.5976946146710874,0.5849853979843018,8.860150887679525,4.9876199666838446,0.30790954730210596,0.24103270792595224,2.8314491546170912,2.1039485081477576
20,724,3,568,1.4843500675344592,14.8359375,15.934680472529491,3.703253146930311,0.6500406598344178,0.6363330797903415,7.2107602277763805,1.3022051312135963,1.070945807868699,0.875741933613539,3.6803948620426166,1.4861535445973315
20,725,3,568,1.3332824187185894,14.875,15.064247660014374,2.2365461798461483,0.5475036420973487,0.5360424002967161,6.781356135933045,0.9102565318655422,0.42994210069289673,0.47446496507945146,3.2089148618173704,1.20782110801363
20,726,3,565,1.3170562477184427,14.6015625,14.458723875599913,2.6132451907417242,0.5338336004443074,0.5227153564298801,6.997867186748237,1.9762714892789912,0.12728090943002654,0.21582882148398302,3.478202579950973,1.1391677660623105
20,727,3,565,1.428923838483458,14.4375,15.512981703675852,2.888179163404836,0.5578401686338798,0.5472640860114817,7.1797102245944355,1.2996908716149145,0.3979482397961876,0.3520550384650788,1.6478505982858813,1.2501482070856038
20,733,3,567,1.1755878790727778,14.9453125,13.712602539529076,2.2213519861636497,0.27228228248789244,0.22659724235394552,5.696102779047744,2.430342777148689,0.19110854065401647,0.16929707350262768,0.4751146543209719,0.9269087564053704
20,734,3,564,1.1540348232637858,14.98828125,14.474865092816593,2.016991354760722,0.19187029192625518,0.1574186993718747,6.478739941923824,1.6190242179211118,0.22761775537162862,0.04045452370284022,0.7866766257382081,0.9914862169322207
20,735,3,568,1.2460115403515521,15.234375,14.379871428970901,2.4258215449860963,0.1498825937231544,0.12075704153850512,6.685667123796606,2.493484593419808,0.14213557465498036,0.06169110876150398,0.9310558913935544,0.8476710548487014
20,739,3,566,1.0611736193192258,15.38671875,12.512512413010246,2.243433733625188,0.13900251727076113,0.10838010215605152,5.311740456767694,1.6655992387358722,0.14934715859235986,0.0398696521212944,0.4293329030396595,0.35897939005515606
20,740,3,567,1.0437032618737259,15.8515625,10.229966046580008,2.5663954468086785,0.14282114074208907,0.1085474172868342,5.343190990118907,1.6287179411069097,0.20500960419231404,0.2193710240460162,0.4974502481272023,0.5302381816521143
20,741,3,566,1.1237637355012373,15.87890625,12.525264208097367,2.7455900039363494,0.1651327396213165,0.12425951314625602,6.069953061395142,1.9097363802669918,0.18484822320420724,0.20500957733242792,0.5906581776095545,0.33008203667938923
20,742,3,564,0.996576904383767,16.01171875,12.403387041274193,2.1965880693139757,0.16147928211212487,0.11618879015342579,5.3448696673815475,1.4246973693032388,0.26159841499752273,0.15158454644568467,0.5862278778520935,0.7287761393080624
20,743,3,565,1.0639397064829976,16.140625,11.337962864354228,2.822274373917248,0.194314951476615,0.13809903058802542,5.9520707461128515,1.783360153546071,0.3594360380199894,0.050011170190993215,0.9277954337909624,0.7121733132857422
20,744,3,561,0.9387762822652141,15.828125,8.865263086492787,1.9502336397527602,0.19015036520888634,0.13664691097264828,5.260667088081543,1.5026805211372123,0.27702175520790434,0.2140659603082877,0.5607873440905254,0.46279859744985646
20,745,3,563,0.9115706736354173,15.7578125,9.171375144593938,2.344323979014766,0.20974832089097592,0.15232535799251898,5.376328430405769,1.5068387922739213,0.3312075053323132,0.10636603882597284,0.446502867904214,0.5239921975305333
20,746,3,562,0.9705015969533904,15.58203125,9.865809949210949,2.3955572627231065,0.21668464538563062,0.16031283998737514,5.932545391682734,1.6997347287612046,0.475401294216642,0.05649818909413573,0.3624228432714533,0.4659272139996376
20,747,3,562,0.8537866515322683,15.5234375,8.1675183652262,1.7121939157855257,0.20963595809787536,0.15690069439050114,5.158908557764098,1.471879595080102,0.5319762959713447,0.05227558080203498,0.4763553552948471,0.4157076544628935
20,748,3,561,0.828191634489199,15.5078125,7.643669715004514,1.6000190157034382,0.19909094091629453,0.1527876773839158,4.614524534871547,1.332037499337725,0.32266737128669487,0.18266813552843494,0.426511196472563,0.44129644851931304
20,749,3,560,0.8880616792738267,15.62890625,8.962635121140181,1.901270064812031,0.23181844982458766,0.1778256329498858,5.281680675389324,1.5196880702741158,0.3573266869455348,0.1922822096218269,0.5092187177242603,0.29566684900652385
20,750,3,558,0.7900576554280403,15.796875,10.990225004092874,1.7854776266501702,0.204224694905731,0.15648470635827838,4.45365536528392,0.840461853027282,0.2357221333711519,0.11631956704750387,0.4721439442927884,0.1830059284477369
20,751,3,558,0.7788544352612966,15.98828125,10.791495752099145,1.6628271242020038,0.1934706969737882,0.14753673591283095,4.3593773952780115,0.7726542798362486,0.3004107001717416,0.12509703317792478,0.5219050789267858,0.41575332771101026
20,752,3,559,0.8473608774769993,16.265625,8.122236404767634,1.8220101935720414,0.2096040288086274,0.16164424047801446,4.753003880460184,1.3604019849006161,0.18673946146821394,0.06376596970348113,0.5875729293076642,0.7807657957579942
20,753,3,556,0.7639447084083798,16.9296875,10.326767325548387,1.6102399182270926,0.169967025644057,0.1292455087314685,4.213165773158945,0.5799280283817421,0.16459613022083835,0.004928842660456234,0.7140389423585826,0.278391723351501
20,756,3,559,0.7365607088673591,16.734375,6.571698829354411,1.8872185423473837,0.13402502045359385,0.1105068131905347,3.9880399015790826,1.256262694745736,0.3385464229092619,0.16195215593806986,0.9432416821411773,0.7194440601681433
20,763,3,554,0.6781631850958454,16.1328125,5.808599738892967,1.4452566940552891,0.2907370856020137,0.28197713128191476,3.491254055346348,2.3158897541558616,0.13260662795932388,0.04412582222574786,1.0549949399789527,0.762179417061885
20,764,3,556,0.5978721639876906,16.4140625,5.753212819826686,1.3027196462112198,0.29804563896739955,0.2839431377353793,3.0161020790052597,2.0103352212268684,0.10921364381689523,0.03320068290343821,0.9207301757114931,0.49501531167984336
20,765,3,554,0.6347426260468059,16.1015625,5.2266175284458605,1.2561791675431782,0.36385935031949845,0.33984189772499446,3.065003229071739,2.6834578717261963,0.27900700543315216,0.14330834452697605,1.2162955323282838,0.5124654524825641
20,766,3,554,0.5567238011519196,16.21875,4.659465663684134,1.0670040540168952,0.3655139362341281,0.3355869992651407,2.7107659002018027,2.419067326653023,0.2522563371492959,0.14239556014056223,1.1023928376968863,0.5434330448763812
