sequence,frame,n_obj,trans_m,oracle_med,oracle_spread,sim_med,sim_spread,hom_med,hom_spread
0.000000,1.000000,3.000000,0.341975,1.969076,1.888445,3.627816,2.874513,3.800183,6.696551
0.000000,2.000000,3.000000,0.319319,1.712581,1.648688,3.668586,1.559375,4.452897,5.391914
0.000000,3.000000,3.000000,0.329943,2.068627,1.998264,4.516263,1.499168,5.130198,5.897065
0.000000,4.000000,3.000000,0.348290,2.430471,2.355048,5.366183,1.620510,4.944851,7.325442
0.000000,11.000000,3.000000,0.304321,0.525981,0.490732,0.805426,8.473661,2.267381,9.524803
0.000000,12.000000,3.000000,0.313279,0.523157,0.487700,0.792971,7.808975,2.416436,9.151789
0.000000,13.000000,3.000000,0.346782,1.077220,1.003057,1.224485,9.617337,2.848547,10.870444
0.000000,14.000000,3.000000,0.299681,1.261187,1.172627,0.933238,8.945535,2.015620,10.046166
0.000000,15.000000,3.000000,0.291744,1.462611,1.357455,1.091607,8.948800,1.865033,10.030214
0.000000,16.000000,3.000000,0.346040,1.506967,1.391725,0.866596,9.563090,1.972095,10.926935
0.000000,17.000000,3.000000,0.313663,1.548393,1.436479,1.090577,8.883141,2.022227,9.681261
0.000000,18.000000,3.000000,0.310467,1.631053,1.497019,1.077005,8.653766,1.763203,9.376921
0.000000,19.000000,3.000000,0.307997,1.746666,1.593796,1.241017,8.337003,1.532967,9.240447
0.000000,20.000000,3.000000,0.337708,1.877499,1.702775,1.411298,8.392503,1.385335,9.545124
0.000000,21.000000,3.000000,0.317824,1.516975,1.368737,1.221924,6.405277,0.912935,7.879748
0.000000,22.000000,3.000000,0.355322,1.797178,1.606661,1.637428,6.997734,0.836672,8.818582
0.000000,23.000000,3.000000,0.323816,1.947806,1.726265,1.895553,7.129090,0.960248,8.741265
0.000000,24.000000,3.000000,0.320962,1.892836,1.659172,1.900127,6.786844,0.961039,8.194309
0.000000,25.000000,3.000000,0.328858,1.724169,1.479655,1.744869,6.164350,0.787812,7.590304
0.000000,26.000000,3.000000,0.364336,2.001201,1.680508,2.421313,6.289758,0.841544,8.342894
0.000000,27.000000,3.000000,0.330848,1.762032,1.490344,2.013706,5.313833,0.789097,7.034596
0.000000,28.000000,3.000000,0.327922,1.670312,1.401869,1.765091,4.594329,0.663237,6.014718
0.000000,29.000000,3.000000,0.351081,2.087515,1.714543,2.375599,4.810719,0.674026,6.476699
0.000000,30.000000,3.000000,0.321182,1.821534,1.460063,2.242194,3.503647,0.374334,5.189217
0.000000,31.000000,3.000000,0.354967,2.519669,1.942421,2.965579,4.170198,0.707527,6.349908
0.000000,32.000000,3.000000,0.329431,2.341278,1.738083,2.799775,3.434533,0.640301,5.460725
0.000000,33.000000,3.000000,0.345489,1.966986,1.388314,2.538766,2.760918,0.323659,4.430279
0.000000,38.000000,3.000000,0.428879,2.226325,1.298070,3.581845,2.323236,0.802254,4.324368
0.000000,39.000000,3.000000,0.398336,1.950749,1.156878,3.368541,2.160527,0.865941,4.068632
0.000000,40.000000,3.000000,0.409280,1.701550,1.004863,3.562805,2.099482,0.901883,3.930707
0.000000,41.000000,3.000000,0.457976,1.818419,1.041086,4.118504,2.473526,1.054761,4.564963
0.000000,42.000000,3.000000,0.416975,1.795221,1.091362,3.858820,1.769185,1.176063,4.098474
0.000000,43.000000,3.000000,0.414907,2.198168,1.391189,4.181057,1.396411,1.527708,4.737076
0.000000,44.000000,3.000000,0.465988,2.629843,1.703833,4.708553,1.632450,1.777718,5.573829
0.000000,45.000000,3.000000,0.443484,1.381980,0.881766,3.243150,1.076593,1.554654,2.773737
0.000000,56.000000,3.000000,0.443319,2.234431,2.006036,2.095058,5.590114,1.135921,7.663534
0.000000,57.000000,3.000000,0.391524,2.148832,1.944354,1.406453,5.941222,0.841663,7.641748
0.000000,58.000000,3.000000,0.386448,2.252804,2.053704,1.093227,6.328746,0.626563,8.267144
0.000000,59.000000,3.000000,0.391147,2.037757,1.870817,1.014882,5.882899,0.344932,7.746750
0.000000,64.000000,3.000000,0.375806,2.110628,1.957351,0.811323,8.193701,0.820932,8.486972
0.000000,65.000000,3.000000,0.370866,2.179728,2.021843,1.161430,8.638489,1.120333,8.824503
0.000000,66.000000,3.000000,0.411718,2.280098,2.115331,1.729778,8.332317,1.519069,9.167211
0.000000,67.000000,3.000000,0.355574,2.536146,2.348002,2.442633,8.999366,1.955706,10.527445
0.000000,96.000000,3.000000,0.448399,4.102792,2.986242,1.657783,7.012202,6.300925,7.911077
0.000000,97.000000,3.000000,0.447863,4.428261,3.347190,2.882218,6.075330,7.909032,8.024369
0.000000,110.000000,3.000000,0.553282,1.741846,1.300065,1.588524,3.692193,2.072281,0.725211
0.000000,111.000000,3.000000,0.610050,1.903489,1.497083,2.151352,4.244849,2.160870,0.856582
0.000000,112.000000,3.000000,0.553757,1.706048,1.395664,2.176920,3.942661,1.856213,0.797134
0.000000,113.000000,3.000000,0.615224,1.836757,1.548158,2.699553,4.362367,1.925104,0.967910
0.000000,114.000000,4.000000,0.556584,2.385891,3.026309,3.346526,13.138266,1.850229,7.682784
0.000000,115.000000,4.000000,0.548801,2.506865,3.040816,3.301239,15.927496,1.714008,10.003993
0.000000,116.000000,4.000000,0.543928,2.776909,3.193157,3.386111,19.644501,1.559690,12.866959
0.000000,117.000000,3.000000,0.595174,1.395408,1.265866,3.626536,3.583060,1.472702,0.789745
0.000000,118.000000,3.000000,0.548347,1.123997,1.031478,3.463336,2.724823,0.564415,2.166132
0.000000,119.000000,3.000000,0.546613,0.986821,0.915915,3.754752,2.398580,0.712472,1.872674
0.000000,120.000000,3.000000,0.601089,1.011864,0.948793,4.449456,2.406396,1.033736,1.861775
0.000000,121.000000,4.000000,0.536586,0.797662,1.120444,3.368616,1.809775,0.871775,1.240333
0.000000,122.000000,5.000000,0.547283,0.698447,0.977054,3.794242,1.953922,0.825774,2.046249
0.000000,123.000000,5.000000,0.602620,0.937365,0.767474,4.244837,1.932653,1.196499,1.861703
0.000000,124.000000,5.000000,0.552427,0.744484,0.854858,3.868897,1.995283,1.414827,1.477517
0.000000,125.000000,6.000000,0.548551,0.669370,1.426203,3.523594,2.593130,0.909599,2.037599
0.000000,126.000000,6.000000,0.605685,0.823312,1.813145,3.599974,3.349322,0.947301,2.316248
0.000000,127.000000,6.000000,0.557110,0.789584,1.831348,3.057936,4.250594,1.560329,3.250344
0.000000,128.000000,5.000000,0.559146,0.989056,1.892944,2.410105,3.159877,1.891257,2.746774
0.000000,129.000000,5.000000,0.623256,1.143735,2.125319,2.452673,3.213598,2.092190,3.304127
0.000000,130.000000,5.000000,0.551475,1.183579,1.721468,2.536039,3.348746,1.962094,3.360025
0.000000,131.000000,6.000000,0.562214,1.176454,1.791381,2.074006,4.767609,1.965734,4.947886
0.000000,132.000000,5.000000,0.569200,1.740409,1.847733,2.164195,4.699390,2.187549,4.693709
0.000000,133.000000,5.000000,0.631642,2.299179,1.998317,2.372705,6.124029,2.554871,6.281318
0.000000,134.000000,5.000000,0.583395,2.447381,1.731502,2.433199,6.612613,2.440092,6.991810
0.000000,135.000000,6.000000,0.569300,2.555349,1.761419,2.114008,7.856337,2.088217,9.913813
0.000000,136.000000,6.000000,0.644526,3.239173,2.292050,2.642858,11.839083,2.594449,14.035841
0.000000,137.000000,6.000000,0.585742,3.770585,3.153528,2.744236,14.258662,2.636997,15.958020
0.000000,138.000000,6.000000,0.595633,5.300898,5.524316,2.912002,20.410907,2.899117,21.347518
0.000000,139.000000,6.000000,0.648242,7.809500,8.957889,3.293325,31.816999,3.641206,31.747284
0.000000,140.000000,6.000000,0.593642,9.232570,10.986630,3.426980,39.119454,3.827545,37.939888
0.000000,141.000000,5.000000,0.600406,2.313593,1.846534,3.157160,5.524859,2.618162,7.746851
0.000000,142.000000,5.000000,0.665184,2.094004,2.472103,3.088231,7.206901,2.539349,9.422126
0.000000,143.000000,5.000000,0.612229,2.241507,2.771734,2.665504,9.083401,2.261059,10.867973
0.000000,144.000000,5.000000,0.610954,2.812089,4.535116,2.650738,12.538346,2.132526,14.326162
0.000000,145.000000,5.000000,0.622598,3.495123,6.351355,2.472980,18.162902,2.172831,19.422299
0.000000,146.000000,5.000000,0.690534,5.788413,9.868069,2.565538,29.342047,2.317920,30.469665
0.000000,147.000000,4.000000,0.634779,1.784232,2.239418,1.939307,14.423238,1.438908,18.973938
0.000000,148.000000,3.000000,0.700866,0.591546,0.497672,1.194926,1.244286,1.815457,1.911076
0.000000,149.000000,6.000000,0.642061,2.245139,1.721399,2.080424,5.394714,2.664674,6.041814
0.000000,150.000000,4.000000,0.644397,1.053937,0.791113,2.254450,9.062474,2.640931,9.296878
0.000000,151.000000,6.000000,0.646903,2.801127,4.589321,3.230150,14.337658,2.982935,13.971260
0.000000,152.000000,5.000000,0.712150,3.835908,2.390145,6.762728,23.756319,7.283234,22.653893
0.000000,153.000000,7.000000,0.653056,5.142987,5.093641,3.408957,31.364932,4.143239,29.735033
1.000000,1.000000,5.000000,1.174519,14.120523,14.093210,2.843632,64.107446,2.867747,64.047050
1.000000,2.000000,4.000000,1.074119,2.254712,4.065278,2.022091,9.447818,2.041821,9.460389
1.000000,3.000000,5.000000,1.073249,3.341994,3.920754,1.972372,11.984431,1.933545,12.028112
1.000000,4.000000,5.000000,1.179373,5.136816,5.207081,2.600111,17.700752,2.623616,17.772961
1.000000,5.000000,5.000000,1.068641,6.479847,5.911327,2.884591,21.721685,2.906748,21.763507
1.000000,6.000000,5.000000,1.172770,10.748810,9.676282,7.257415,43.018433,7.232845,43.063368
1.000000,7.000000,5.000000,1.069033,13.605044,13.017082,7.573874,57.748033,7.555306,57.739340
1.000000,8.000000,4.000000,1.075491,3.145154,4.653945,6.447963,15.652707,6.436207,15.689941
1.000000,9.000000,5.000000,1.182691,8.427167,8.874958,1.258509,22.314315,1.255509,22.382496
1.000000,10.000000,4.000000,1.070911,4.347241,7.138364,9.712670,25.886136,9.708559,25.920824
1.000000,11.000000,4.000000,1.073061,5.287707,8.396217,12.427433,33.933386,12.437800,33.963915
1.000000,12.000000,4.000000,1.167402,7.246011,12.277354,17.048010,54.682043,17.040810,54.655023
1.000000,13.000000,4.000000,1.060007,8.304954,13.962510,19.482517,71.868882,19.475005,71.841233
1.000000,14.000000,3.000000,1.055403,7.113313,7.030998,0.865919,48.534065,0.840174,48.607691
1.000000,15.000000,4.000000,1.155719,10.110679,7.672583,0.893150,72.854944,0.894102,72.985631
1.000000,16.000000,4.000000,1.044599,0.468656,0.924410,0.453834,1.010924,0.465005,0.968337
1.000000,17.000000,5.000000,1.041484,0.299640,1.251454,0.261273,1.390478,0.249686,1.381402
1.000000,18.000000,6.000000,1.139293,0.326514,1.567250,0.289483,1.662602,0.281741,1.673628
1.000000,19.000000,6.000000,1.029375,0.840301,1.177795,0.433904,2.087125,0.457185,1.909370
1.000000,20.000000,5.000000,1.025057,1.070714,1.296972,0.602871,1.914769,0.653427,1.839299
1.000000,21.000000,5.000000,1.128198,1.404292,1.469126,0.801806,2.143466,0.780411,2.231777
1.000000,22.000000,5.000000,1.024769,1.405449,1.542351,0.808694,2.077886,0.782795,2.162837
1.000000,23.000000,6.000000,1.020158,1.216368,2.004629,0.693208,2.652623,0.693856,2.676167
1.000000,24.000000,6.000000,1.121889,1.544716,2.496262,0.852896,3.151170,0.845895,3.214587
1.000000,25.000000,5.000000,1.029200,1.728539,2.941063,1.217395,3.703312,1.249282,3.633191
1.000000,26.000000,5.000000,1.025417,2.091372,3.039585,1.175733,3.642476,1.269685,3.632844
1.000000,27.000000,5.000000,1.130449,2.682196,3.875706,1.507600,4.657416,1.573771,4.672676
1.000000,28.000000,5.000000,1.031060,2.752736,3.932003,1.461407,4.905475,1.548075,4.943491
1.000000,29.000000,5.000000,1.059414,3.105279,4.975848,2.072514,7.783681,2.041017,7.736418
1.000000,30.000000,4.000000,1.143077,3.030919,2.262250,2.149604,9.484829,2.167815,9.322184
1.000000,31.000000,5.000000,1.034904,2.584314,3.447711,3.067505,13.704476,3.192551,13.588678
1.000000,32.000000,5.000000,1.141088,3.687425,4.463060,2.875884,15.030988,3.042818,15.173618
1.000000,33.000000,5.000000,1.061854,4.508507,5.033449,3.193863,18.689756,3.282777,18.788085
1.000000,34.000000,5.000000,1.058623,5.916357,5.883055,4.071715,23.786348,4.149856,23.917112
1.000000,35.000000,6.000000,1.170441,8.583190,12.340693,5.721544,45.918360,5.729802,45.833227
1.000000,36.000000,7.000000,1.062350,9.639859,13.407579,2.374204,57.952537,2.520465,57.570605
1.000000,37.000000,8.000000,1.064722,4.628912,6.212435,1.756566,17.506138,1.765646,17.786794
1.000000,38.000000,7.000000,1.170512,6.487557,7.591843,2.356694,24.548372,2.263918,24.272639
1.000000,39.000000,7.000000,1.056485,6.523278,8.995487,2.343903,28.194237,2.209264,27.661435
1.000000,40.000000,7.000000,1.064842,8.544393,12.596879,0.954544,44.426830,0.971539,44.277404
1.000000,41.000000,7.000000,1.186490,11.516718,20.520940,1.119758,68.888638,1.190016,69.265791
1.000000,42.000000,5.000000,1.075134,3.440425,4.573264,0.500742,12.461103,0.755820,12.965272
1.000000,43.000000,6.000000,1.082726,3.730841,5.998741,0.918992,15.291651,0.910256,15.707947
1.000000,44.000000,6.000000,1.201325,4.968108,7.846307,1.123825,21.474638,1.104982,21.824576
1.000000,45.000000,6.000000,1.098153,5.300857,8.140064,0.644100,25.802238,0.860501,25.857294
1.000000,46.000000,5.000000,1.100682,7.012156,8.196164,0.273204,36.297036,0.402462,36.103495
1.000000,47.000000,5.000000,1.214145,9.280147,11.418507,0.408551,52.425788,0.558725,52.040936
1.000000,48.000000,5.000000,1.106612,10.300311,13.328880,0.454844,60.718160,0.594452,60.478554
1.000000,49.000000,5.000000,1.106108,4.186819,5.555410,0.616110,18.715184,0.717478,18.694552
1.000000,50.000000,5.000000,1.214110,5.401139,7.324744,0.782106,24.949113,0.909527,24.852936
1.000000,51.000000,5.000000,1.107593,5.788466,7.865302,0.880280,27.845070,1.023104,27.753432
1.000000,52.000000,5.000000,1.108070,7.244098,9.799253,1.919509,37.918329,2.047481,38.091509
1.000000,53.000000,5.000000,1.214367,10.182050,13.507506,2.521684,53.527834,2.530473,53.555480
1.000000,54.000000,5.000000,1.106797,12.256688,15.687160,2.883417,64.556024,2.852557,64.633825
1.000000,55.000000,4.000000,1.211374,1.292172,0.204585,2.220791,9.118884,2.119678,9.192346
1.000000,56.000000,4.000000,1.104607,1.333902,0.099330,2.454708,8.889456,2.302917,9.007112
1.000000,57.000000,4.000000,1.106722,1.504998,0.226670,3.214628,11.797296,3.009744,11.982994
1.000000,58.000000,4.000000,1.107757,1.733298,0.377105,3.988496,14.173667,3.759834,14.432513
1.000000,59.000000,4.000000,1.219616,2.240174,0.796956,5.564574,19.621959,5.341658,19.927997
1.000000,60.000000,4.000000,1.110547,2.345388,1.037299,6.245653,21.747727,6.099351,22.032121
1.000000,61.000000,5.000000,1.108851,4.733858,6.883126,2.764904,27.269003,2.556148,27.669864
1.000000,62.000000,5.000000,1.225411,6.269322,9.573909,3.767396,39.050973,3.510863,39.638654
1.000000,63.000000,4.000000,1.115328,6.574461,6.571496,2.799195,28.450924,2.517920,28.607207
1.000000,64.000000,4.000000,1.116089,9.565217,10.393869,3.489861,42.538518,3.233691,42.737733
1.000000,65.000000,4.000000,1.231719,3.163547,5.387995,2.151095,8.724139,2.287482,8.610226
1.000000,66.000000,5.000000,1.120272,2.827266,6.987703,2.366789,11.970698,2.239882,12.117844
1.000000,67.000000,6.000000,1.120909,5.551281,9.930486,2.052449,18.347052,2.183489,18.502698
1.000000,68.000000,5.000000,1.228054,4.688623,11.813282,2.908291,28.893402,3.184434,29.156917
1.000000,69.000000,6.000000,1.117336,10.690424,15.504988,2.973880,42.214047,3.257736,42.509004
1.000000,70.000000,5.000000,1.117552,8.414080,19.130435,1.914302,67.483208,2.155385,67.904578
1.000000,71.000000,6.000000,1.229860,4.475241,4.219044,1.477841,15.851590,1.732836,15.942727
1.000000,72.000000,5.000000,1.121222,5.145226,5.136760,2.480249,17.948039,2.684750,17.947645
1.000000,73.000000,5.000000,1.235893,7.305660,8.090611,3.847660,22.653930,4.140738,22.675784
1.000000,74.000000,5.000000,1.126887,8.129881,9.565096,3.634495,29.118928,3.892787,28.582124
1.000000,75.000000,5.000000,1.126981,9.562696,11.697611,3.233074,22.979964,3.442641,23.570335
1.000000,76.000000,5.000000,1.238989,14.063043,16.456636,4.456402,35.731329,4.691524,36.575911
1.000000,77.000000,5.000000,1.128089,16.477540,18.737390,3.505895,48.613984,3.693390,48.911698
1.000000,78.000000,4.000000,1.130272,1.458603,1.421506,3.350195,6.133321,3.449271,6.168482
1.000000,79.000000,4.000000,1.249180,1.916765,1.628020,3.576488,7.959162,3.774088,8.404402
1.000000,80.000000,4.000000,1.138952,2.138896,1.481915,6.559409,7.805614,6.733204,7.704536
1.000000,81.000000,4.000000,1.137688,2.720874,1.199949,17.425436,32.091594,17.437766,32.049993
1.000000,82.000000,5.000000,1.250976,15.292260,25.497407,22.508322,50.986771,22.500337,50.899530
1.000000,83.000000,5.000000,1.130389,10.411874,22.572512,2.642653,42.986702,2.619352,43.052698
1.000000,84.000000,4.000000,1.128804,22.027544,30.147352,17.392843,65.205349,17.408045,65.257206
1.000000,85.000000,3.000000,1.238154,14.595294,14.488054,3.848130,44.491746,3.896524,44.522347
1.000000,86.000000,3.000000,1.124825,17.178472,17.040230,5.248737,60.175342,5.393128,59.593314
1.000000,87.000000,4.000000,1.122318,2.205345,2.880209,1.109870,5.968145,1.176088,6.392446
1.000000,88.000000,4.000000,1.230879,2.929382,3.669349,1.246733,8.000961,1.436142,8.464137
1.000000,89.000000,6.000000,1.114902,1.753347,4.846300,1.487312,9.515400,1.751766,9.587520
1.000000,90.000000,4.000000,1.224191,3.944643,3.805075,3.099907,12.463406,3.030449,12.798509
1.000000,91.000000,4.000000,1.109904,4.349968,3.818623,3.236473,13.959029,3.148888,14.180416
1.000000,92.000000,4.000000,1.112720,5.379640,4.183156,3.793668,17.700820,3.704867,17.884375
1.000000,93.000000,5.000000,1.224318,7.913347,9.634223,2.216537,26.096968,1.839653,26.419552
1.000000,94.000000,4.000000,1.110612,8.460278,6.724140,5.474402,31.501743,5.444232,31.698320
1.000000,95.000000,5.000000,1.109198,8.508757,14.276906,2.350116,42.830800,2.256081,42.505432
1.000000,96.000000,5.000000,1.219199,14.303559,21.303318,4.084277,67.799265,4.057110,67.440489
1.000000,97.000000,6.000000,1.108175,3.776345,7.372701,3.005969,17.634911,3.016126,17.636391
1.000000,98.000000,5.000000,1.111813,5.995037,8.602610,5.110027,21.893402,5.108229,22.023496
1.000000,99.000000,5.000000,1.225062,8.829454,11.931804,6.869244,32.800837,6.844855,32.989463
1.000000,100.000000,5.000000,1.117957,10.385579,12.972825,7.790936,39.649001,7.746717,39.876467
1.000000,101.000000,5.000000,1.117100,3.474603,5.175002,2.996749,11.104252,3.054993,11.141535
1.000000,102.000000,5.000000,1.230188,5.040452,7.160371,3.804620,16.127039,3.910866,16.220622
1.000000,103.000000,5.000000,1.115524,6.120864,8.398629,4.111194,19.463193,4.194719,19.558002
1.000000,104.000000,5.000000,1.116907,8.585414,11.011852,4.631700,27.722587,4.712348,27.933052
1.000000,105.000000,4.000000,1.227148,14.599922,4.680384,3.857904,44.898901,3.889219,45.187255
1.000000,106.000000,3.000000,1.104299,3.728426,3.681663,4.002093,5.168109,4.010262,5.226741
1.000000,107.000000,3.000000,1.099589,4.558041,4.493589,5.206893,6.328300,5.197148,6.336215
1.000000,108.000000,3.000000,1.207679,6.383976,6.281715,5.365830,10.833148,5.362907,10.808871
1.000000,109.000000,5.000000,1.097070,8.848703,7.981058,5.516078,19.983131,5.525728,19.943406
1.000000,110.000000,8.000000,1.093637,8.190339,13.447965,2.788006,42.857621,2.780836,42.797201
1.000000,111.000000,9.000000,1.199646,4.158309,11.101626,2.772875,26.307703,2.779018,26.337942
1.000000,112.000000,9.000000,1.088002,4.846683,13.387306,2.086019,33.794734,2.108551,33.845912
1.000000,113.000000,9.000000,1.084119,7.036299,18.785541,2.467434,49.840498,2.426353,49.841218
1.000000,114.000000,8.000000,1.171325,5.341475,6.185503,2.475465,19.310988,2.465943,19.341832
1.000000,115.000000,8.000000,1.065472,5.831294,6.569658,1.967009,24.840022,1.892342,24.848438
1.000000,116.000000,8.000000,1.167721,8.565264,8.853495,2.510195,36.882639,2.416771,36.914166
1.000000,117.000000,8.000000,1.055780,10.217821,9.631329,2.683347,45.124454,2.595690,45.161524
1.000000,118.000000,7.000000,1.052285,6.272812,16.962041,2.601865,46.888597,2.527173,47.067463
1.000000,119.000000,6.000000,1.161567,5.052908,4.991919,3.096010,18.074149,3.070357,18.153826
1.000000,120.000000,5.000000,1.053151,6.359505,5.001081,2.646645,20.294317,2.605174,20.236271
1.000000,121.000000,5.000000,1.047433,8.029567,5.874976,2.560913,31.716967,2.569586,31.647631
1.000000,122.000000,5.000000,1.149854,11.058173,8.319116,3.871563,41.661598,3.827482,41.552058
1.000000,123.000000,5.000000,1.046290,3.069123,4.566645,2.296572,9.076202,2.419511,9.139751
1.000000,124.000000,5.000000,1.041169,4.099969,5.860094,2.710198,15.163212,2.665246,15.108628
1.000000,125.000000,5.000000,1.141045,6.414089,8.336982,3.596316,22.868512,3.633542,22.908218
1.000000,126.000000,5.000000,1.041435,8.219835,9.389459,6.426940,34.320597,6.473815,34.381692
1.000000,127.000000,5.000000,1.040381,12.126910,11.847623,8.136468,49.045236,8.108832,49.123313
1.000000,128.000000,5.000000,1.133389,21.017958,17.485017,11.010854,81.261626,10.981206,81.467536
1.000000,129.000000,4.000000,1.035027,5.470218,7.297738,7.785099,22.537202,7.759079,22.626070
1.000000,130.000000,4.000000,1.025371,6.709113,9.296431,9.914422,29.856011,9.875181,29.875068
1.000000,131.000000,4.000000,1.115222,9.385717,13.418638,16.875568,54.779055,16.820948,54.669830
1.000000,132.000000,3.000000,1.000175,8.557998,8.325061,2.715666,36.300730,2.655533,36.276385
1.000000,133.000000,3.000000,0.994251,11.204681,10.868394,3.320816,52.660038,3.272976,52.543199
1.000000,139.000000,3.000000,1.065387,1.196556,1.178704,5.638368,21.682546,5.721161,21.752519
1.000000,140.000000,3.000000,0.961465,1.135560,1.117055,6.156926,25.852964,6.214512,25.932795
1.000000,141.000000,3.000000,0.950048,1.184501,1.164407,7.862596,36.266295,7.842072,36.308629
1.000000,142.000000,3.000000,1.034632,1.490703,1.466404,10.933118,57.981442,10.851492,58.150774
1.000000,143.000000,4.000000,0.928039,5.032110,1.828603,5.597980,12.112260,5.630323,12.111664
1.000000,144.000000,3.000000,0.917531,4.860624,4.778614,11.678553,15.684529,11.541558,15.628823
1.000000,145.000000,3.000000,0.995731,6.843200,6.718470,17.182881,23.261739,17.126884,23.133587
1.000000,146.000000,3.000000,0.891821,7.794238,7.625114,20.982257,28.335004,21.035201,28.080339
1.000000,147.000000,3.000000,0.878544,10.417552,9.982572,0.435892,28.709040,0.285199,29.009266
1.000000,148.000000,4.000000,0.948430,12.699774,21.737735,8.725919,47.682341,8.491690,47.967987
1.000000,149.000000,3.000000,0.847491,7.698041,7.255005,0.681593,16.543230,0.444209,16.588007
1.000000,150.000000,3.000000,0.916259,9.599636,9.054796,10.567383,9.067360,10.214601,9.094889
1.000000,151.000000,3.000000,0.817820,9.706864,9.155319,12.663786,8.001043,12.250290,8.015381
1.000000,152.000000,3.000000,0.803879,10.889391,10.243382,16.761248,7.322480,16.237751,7.310977
1.000000,156.000000,4.000000,0.809739,5.467613,10.524423,9.816247,20.552788,9.787855,20.472596
1.000000,157.000000,4.000000,0.716456,5.374740,10.354784,9.968883,20.968852,9.939372,20.928606
1.000000,158.000000,4.000000,0.696216,5.827051,11.235296,11.212833,23.786095,11.188086,23.770081
1.000000,159.000000,4.000000,0.746438,7.034096,13.564318,14.436064,34.584843,14.494898,34.708689
1.000000,160.000000,4.000000,0.657808,6.926163,13.358590,14.966824,35.990595,15.079112,36.211863
1.000000,161.000000,6.000000,0.640433,14.418295,16.939109,1.156329,42.513234,1.098576,42.911018
1.000000,162.000000,5.000000,0.683494,19.095996,15.463864,0.265325,54.496392,0.157347,55.065751
1.000000,163.000000,4.000000,0.602009,15.356749,18.296011,0.271170,46.042865,0.149829,46.431286
1.000000,164.000000,4.000000,0.585326,17.886397,19.480232,0.373502,54.027581,0.173390,54.548445
1.000000,165.000000,3.000000,0.624216,0.329181,0.329164,0.519413,0.462578,0.072369,0.352797
1.000000,166.000000,3.000000,0.548672,0.308849,0.308835,0.495191,0.505937,0.090967,0.352098
1.000000,167.000000,4.000000,0.592938,1.066464,1.805905,0.723525,2.524690,0.273681,2.682963
1.000000,168.000000,3.000000,0.530200,0.364980,0.364944,0.505811,0.837261,0.035309,0.553464
1.000000,169.000000,3.000000,0.522862,0.390049,0.390019,0.556726,1.013511,0.043662,0.642888
1.000000,170.000000,3.000000,0.539199,0.437876,0.437851,0.571100,1.237466,0.073787,0.837359
1.000000,171.000000,4.000000,0.467362,1.153525,1.997108,0.962220,2.392426,0.472271,2.676577
1.000000,172.000000,4.000000,0.452406,1.259252,2.190185,1.110729,2.564192,0.547218,2.839627
1.000000,173.000000,4.000000,0.487914,1.547866,2.718468,1.421625,3.091233,0.713543,3.420200
1.000000,174.000000,4.000000,0.442170,1.321867,2.493965,1.117967,2.787370,0.694350,3.079246
1.000000,175.000000,4.000000,0.425817,1.308475,2.562975,1.078870,2.868692,0.739611,3.083966
1.000000,176.000000,4.000000,0.450133,1.468339,2.908893,1.197253,3.268917,0.878967,3.469539
1.000000,199.000000,3.000000,0.156463,0.278298,0.275610,1.671981,2.655105,0.023121,2.725502
1.000000,200.000000,3.000000,0.143574,0.293037,0.290415,1.374361,2.212615,0.024568,2.738983
1.000000,201.000000,3.000000,0.148245,0.228266,0.226377,1.306064,2.615758,0.017718,2.334781
1.000000,202.000000,3.000000,0.172322,0.299922,0.297334,1.245771,2.303036,0.014934,2.971835
1.000000,203.000000,3.000000,0.162881,0.198539,0.196747,0.894261,2.134528,0.003351,2.260490
1.000000,204.000000,3.000000,0.173576,0.166356,0.164783,1.126861,2.345661,0.003419,2.208017
1.000000,205.000000,3.000000,0.215013,0.165098,0.163609,1.779545,2.992417,0.007539,2.444435
1.000000,206.000000,3.000000,0.224326,0.221383,0.219474,2.175486,2.090723,0.014407,2.850890
1.000000,207.000000,3.000000,0.237426,0.140992,0.139754,2.338005,1.945765,0.022060,2.322440
1.000000,208.000000,3.000000,0.281857,0.196397,0.194574,1.688152,2.308876,0.040493,2.924488
1.000000,209.000000,3.000000,0.271131,0.116994,0.115986,2.378790,3.164490,0.028044,2.236826
1.000000,210.000000,3.000000,0.286697,0.115658,0.114642,3.027183,4.385896,0.258318,1.674178
1.000000,211.000000,4.000000,0.331608,1.388704,2.425453,5.368137,11.492663,1.146180,2.284832
1.000000,212.000000,4.000000,0.312911,1.294485,2.210922,5.687102,7.659830,0.960807,2.017582
1.000000,213.000000,4.000000,0.325496,1.293179,2.111712,6.396539,4.947732,0.842405,1.854363
1.000000,214.000000,4.000000,0.371446,1.384508,2.052569,7.041540,4.246716,0.761364,1.626612
1.000000,215.000000,5.000000,0.351388,1.379763,2.572616,4.703941,3.735645,1.283142,1.493130
1.000000,216.000000,5.000000,0.370052,1.368614,2.448475,5.558377,5.639891,1.187814,1.504832
1.000000,217.000000,5.000000,0.420727,1.501242,2.470173,6.797524,7.992828,1.079895,1.609794
1.000000,218.000000,6.000000,0.400343,4.485090,5.203119,6.793126,19.940127,1.031679,5.231047
1.000000,219.000000,6.000000,0.412911,4.316320,5.258674,6.506827,15.096992,0.945322,5.320526
1.000000,220.000000,6.000000,0.471400,4.698510,5.855254,6.741977,12.364267,1.064335,6.129939
1.000000,221.000000,7.000000,0.443396,3.856934,5.442746,4.266925,7.449361,1.092521,5.505382
1.000000,222.000000,8.000000,0.459363,4.790871,6.080874,5.044451,15.149199,2.014408,3.401798
1.000000,223.000000,8.000000,0.524555,5.541553,7.399170,6.221265,14.844310,2.735305,4.158317
1.000000,224.000000,8.000000,0.497874,5.604160,7.382282,5.193876,11.386482,2.844557,5.344151
1.000000,225.000000,7.000000,0.515011,7.239584,7.109278,6.937205,8.395708,3.818735,7.132761
1.000000,226.000000,7.000000,0.576498,8.302835,9.135171,7.505616,11.567109,3.137699,7.671034
1.000000,227.000000,7.000000,0.542121,7.252677,9.242011,7.076913,9.948119,3.642590,9.720489
1.000000,228.000000,7.000000,0.550947,6.613841,10.315623,8.635478,17.170045,4.958492,13.131335
1.000000,229.000000,6.000000,0.626977,9.682389,12.543088,7.916063,18.236020,4.073791,20.614878
1.000000,230.000000,6.000000,0.591754,10.768152,13.524921,4.977454,37.130602,1.585875,37.238287
1.000000,231.000000,5.000000,0.668764,1.643837,1.958665,4.059438,5.308114,1.150484,4.142144
1.000000,232.000000,5.000000,0.629763,1.644095,2.248795,3.582276,4.087244,0.852337,4.944196
1.000000,233.000000,5.000000,0.642428,2.127336,2.876889,3.903298,3.657727,0.773297,6.411259
1.000000,234.000000,5.000000,0.728026,2.664227,4.107178,4.551110,5.051414,0.768002,9.340843
1.000000,235.000000,6.000000,0.676778,2.541626,6.243956,4.565518,6.416966,0.616836,10.857817
1.000000,236.000000,5.000000,0.688728,3.289377,5.869371,4.467018,10.418489,0.939078,14.153708
1.000000,237.000000,6.000000,0.761702,5.511706,7.753563,4.573881,25.473783,1.281967,31.129228
1.000000,238.000000,6.000000,0.704987,5.752193,9.206300,3.749745,27.991888,1.281761,32.340985
1.000000,239.000000,5.000000,0.712834,6.526804,12.661531,2.866700,30.756773,1.259089,31.588977
1.000000,240.000000,5.000000,0.797645,9.838258,19.044832,2.563270,48.445243,1.484335,48.524652
1.000000,241.000000,4.000000,0.734946,1.429942,1.090550,2.154607,2.473376,1.293383,1.775910
1.000000,242.000000,4.000000,0.821671,1.614656,1.564435,2.309830,2.802357,1.611570,2.331237
1.000000,243.000000,4.000000,0.761811,1.560487,1.776149,1.879314,3.246256,1.623380,2.569134
1.000000,244.000000,4.000000,0.771104,1.635715,1.940600,1.635401,5.356084,1.517785,4.013600
1.000000,245.000000,4.000000,0.852720,1.938806,2.239660,1.920039,8.686618,1.811223,7.130812
1.000000,246.000000,4.000000,0.780248,1.928975,2.243129,1.941458,9.609386,1.859261,8.073577
1.000000,247.000000,5.000000,0.784860,3.159697,3.950372,1.928540,11.410241,1.777675,10.385534
1.000000,248.000000,3.000000,0.868730,2.153950,1.986773,2.667689,1.945787,2.201227,1.614031
1.000000,249.000000,3.000000,0.796026,2.224825,2.052084,2.826889,1.970782,2.308188,1.925542
1.000000,250.000000,4.000000,0.809824,2.859456,2.815187,3.579845,4.554041,3.501225,4.311033
1.000000,251.000000,5.000000,0.905620,2.962270,4.873398,3.663706,6.357330,3.463541,6.381101
1.000000,252.000000,4.000000,0.832256,3.068419,3.840212,4.624663,8.648571,4.617159,8.642278
1.000000,253.000000,3.000000,0.927086,4.111291,3.753207,2.703977,12.233374,2.758083,12.247377
1.000000,254.000000,3.000000,0.848877,3.974996,3.630921,2.306876,13.150882,2.535395,13.263763
1.000000,255.000000,4.000000,0.851984,5.552008,2.606919,3.677499,22.078289,3.733544,21.905657
1.000000,256.000000,4.000000,0.938316,7.523822,2.545567,4.680022,31.268600,4.753646,31.143755
1.000000,257.000000,4.000000,0.861844,8.548863,1.939778,5.015299,37.390106,5.083356,37.311550
1.000000,258.000000,4.000000,0.860763,11.025564,1.581712,5.768139,50.061374,5.818514,49.923701
1.000000,259.000000,3.000000,0.951370,3.773972,3.479891,1.181481,12.541072,1.426906,12.093635
1.000000,260.000000,3.000000,0.878256,3.994951,3.680271,1.230030,14.168406,1.464123,13.741939
1.000000,261.000000,3.000000,0.882910,4.569813,4.203623,1.549875,17.696053,1.749992,17.350267
1.000000,262.000000,3.000000,0.976536,5.882020,5.384013,2.127758,25.774264,2.395230,25.365013
1.000000,263.000000,4.000000,0.898190,9.271883,9.329443,1.872326,31.580088,2.111720,31.884750
1.000000,264.000000,3.000000,0.984920,8.542414,7.752146,3.074946,46.785976,3.339853,46.450231
1.000000,269.000000,3.000000,0.936369,3.180729,3.163977,1.986976,8.761303,2.277396,8.652010
1.000000,270.000000,3.000000,1.035355,4.339684,4.317952,2.574508,12.342559,2.840974,12.187296
1.000000,271.000000,4.000000,0.944984,4.725612,1.950429,3.034759,19.768384,3.155228,19.836907
1.000000,272.000000,5.000000,0.953712,5.641777,6.633998,1.132090,28.628443,0.842113,28.406794
1.000000,273.000000,5.000000,1.055090,8.273858,10.395451,1.384603,43.418884,1.050134,43.149411
1.000000,274.000000,5.000000,0.966179,9.975960,13.319357,1.397360,54.542859,1.070756,54.039112
1.000000,275.000000,5.000000,0.969507,4.049585,4.629184,0.749732,13.320071,1.183298,13.875593
1.000000,276.000000,4.000000,1.065269,3.969382,3.458463,1.538175,19.071639,1.504763,19.289798
1.000000,277.000000,5.000000,0.972565,5.854880,5.475642,2.046550,22.880165,1.534017,22.943026
1.000000,278.000000,5.000000,0.976965,7.836441,7.517800,2.303482,31.926448,1.828604,31.775586
1.000000,279.000000,6.000000,1.077764,12.733314,15.912854,1.849385,55.710236,1.756697,54.877574
1.000000,280.000000,5.000000,0.979283,3.602194,3.825805,1.561051,11.245208,1.842324,11.168868
1.000000,281.000000,5.000000,0.980630,4.546705,4.734287,2.830073,22.166965,2.420738,22.300323
1.000000,282.000000,5.000000,1.082911,6.975633,6.684773,3.496459,33.153743,2.963482,33.546553
1.000000,283.000000,5.000000,0.993627,8.389118,7.814822,3.574017,40.652076,3.172249,41.063411
1.000000,284.000000,5.000000,1.100784,13.443742,12.083347,5.762042,69.225056,5.370023,69.668065
1.000000,285.000000,4.000000,0.992568,3.539696,3.444206,3.636740,18.953205,3.410705,19.216629
1.000000,286.000000,4.000000,0.981511,4.535886,4.037004,4.687772,26.399569,4.291290,26.733810
1.000000,287.000000,4.000000,1.077058,6.514210,5.485591,6.226477,39.605384,5.776553,39.721301
1.000000,288.000000,4.000000,0.982704,7.625419,6.118550,7.185075,51.250867,6.798165,51.158627
1.000000,289.000000,3.000000,0.985495,1.544330,1.497770,1.262119,15.134820,0.856074,15.272409
1.000000,290.000000,3.000000,1.083801,2.088134,2.023552,1.456400,21.689838,1.055414,21.830375
1.000000,291.000000,3.000000,0.991372,2.320122,2.251132,1.514178,25.606569,1.086210,25.771123
1.000000,292.000000,3.000000,0.995176,2.951822,2.870378,1.610061,34.854335,1.238865,35.135518
1.000000,293.000000,3.000000,1.099994,4.276814,4.160506,1.456009,58.340073,1.057294,59.179695
1.000000,295.000000,3.000000,1.116865,1.757763,1.691514,2.056656,15.086043,1.708927,15.314880
1.000000,296.000000,3.000000,0.998405,1.737992,1.673661,1.221869,20.872154,0.813767,21.063152
1.000000,297.000000,4.000000,1.009838,4.613606,7.184713,4.318318,27.926649,3.990498,28.100796
1.000000,298.000000,4.000000,1.118522,6.912415,11.182053,5.584316,42.016279,5.213307,42.310843
1.000000,299.000000,5.000000,1.023510,12.374376,13.450648,3.023710,54.689551,2.643626,55.125331
1.000000,300.000000,4.000000,1.024322,2.297874,3.741969,2.560599,12.838558,2.162394,12.694444
1.000000,301.000000,4.000000,1.126783,3.279538,5.376117,3.304525,18.145251,2.838904,17.963208
1.000000,302.000000,4.000000,1.030069,3.938755,6.383737,3.427874,21.543599,3.028870,21.358958
1.000000,303.000000,4.000000,1.025358,5.396049,8.656037,4.176072,29.254529,3.788723,29.084441
1.000000,304.000000,4.000000,1.127788,8.507718,13.902833,5.576725,46.044038,5.168297,45.889361
1.000000,305.000000,6.000000,1.025614,11.736118,20.340188,2.303213,63.297497,2.220451,63.992752
1.000000,306.000000,5.000000,1.023564,1.836154,4.581115,3.773607,16.700837,3.443507,16.851025
1.000000,307.000000,5.000000,1.122557,2.588597,7.259319,4.975313,24.695000,4.657396,24.880395
1.000000,308.000000,5.000000,1.019876,2.999675,9.164939,5.315186,29.793650,5.060716,29.979777
1.000000,309.000000,5.000000,1.017305,4.006808,13.212345,6.458546,41.959809,6.221334,42.223116
1.000000,310.000000,5.000000,1.115689,6.228006,22.029667,8.920594,70.008790,8.699879,70.353809
1.000000,311.000000,4.000000,1.011779,4.266223,3.126501,7.887921,16.953004,7.631725,16.726903
1.000000,312.000000,4.000000,1.107890,5.975666,4.373425,11.150253,25.353770,10.996086,25.222037
1.000000,313.000000,6.000000,1.004514,8.522298,11.040730,3.508615,32.751979,3.391870,32.699927
1.000000,314.000000,6.000000,0.999456,12.049412,14.613953,4.254743,47.419758,4.118878,47.127194
1.000000,315.000000,5.000000,1.097319,5.192905,19.535445,8.179178,58.572363,7.917695,58.999532
1.000000,316.000000,4.000000,0.991706,3.835475,3.041123,6.681786,12.847594,6.419812,13.033715
1.000000,317.000000,4.000000,0.990641,4.762758,3.689749,8.376596,17.006761,8.091123,17.133823
1.000000,318.000000,4.000000,1.088445,6.899922,5.134286,13.590897,29.098141,13.507319,29.033399
1.000000,319.000000,5.000000,0.983618,11.655427,8.345467,4.278810,37.084693,4.411899,37.072701
1.000000,320.000000,4.000000,0.977545,6.817927,12.816349,5.166206,35.263629,5.032846,35.594556
1.000000,321.000000,3.000000,1.068752,3.791063,3.603631,10.770038,9.455761,10.560476,9.793784
1.000000,322.000000,3.000000,0.969642,3.892342,3.675475,12.355415,11.520856,12.208837,11.730020
1.000000,323.000000,3.000000,0.963938,4.781595,4.496835,16.169635,16.326113,16.061864,16.461719
1.000000,324.000000,3.000000,1.056584,6.540511,6.121199,30.313830,36.986008,30.282749,36.969320
1.000000,325.000000,3.000000,0.956001,10.411456,10.205333,4.183586,33.624149,3.953213,34.005284
1.000000,326.000000,3.000000,0.951775,14.524259,14.206543,8.459414,61.237387,8.260482,61.749802
1.000000,327.000000,3.000000,1.044743,0.226847,0.224635,4.191919,8.500423,3.804856,8.634742
1.000000,329.000000,3.000000,1.033696,7.310502,7.166283,2.803851,22.001533,2.445502,22.266485
1.000000,330.000000,3.000000,0.933656,8.574093,8.392176,2.946867,27.211784,2.674591,27.474186
1.000000,331.000000,4.000000,0.929584,7.632857,14.964706,4.352881,47.514570,4.032428,47.368611
1.000000,335.000000,3.000000,1.004984,1.862338,1.838236,5.427184,17.140358,4.849506,16.717513
1.000000,336.000000,6.000000,0.908046,7.632298,9.595776,4.489335,24.441424,4.518982,24.635755
1.000000,337.000000,7.000000,0.901941,10.150804,15.121037,5.245117,40.722779,4.518824,41.134911
1.000000,338.000000,6.000000,0.988711,5.457735,6.797767,4.431761,16.077172,4.433841,15.951503
1.000000,339.000000,6.000000,0.894619,6.266440,7.038018,4.427336,19.406267,4.440522,18.964153
1.000000,340.000000,6.000000,0.891738,7.809777,8.441984,7.568787,46.136747,7.250645,44.831291
1.000000,341.000000,6.000000,0.974464,6.879422,8.174945,0.993869,33.383273,0.540988,33.165745
1.000000,342.000000,6.000000,0.883612,7.388761,8.837870,0.816649,39.383696,0.479196,39.435768
1.000000,343.000000,7.000000,0.960348,13.436310,13.605540,0.955150,57.592031,0.774554,57.760337
1.000000,344.000000,6.000000,0.867377,6.714273,13.428731,0.721044,42.068613,0.411349,41.404811
1.000000,345.000000,6.000000,0.859124,7.932748,15.865162,0.694560,53.471100,0.439460,52.563005
1.000000,346.000000,5.000000,0.937508,0.494046,0.353667,0.577365,1.154518,0.428019,1.268398
1.000000,347.000000,6.000000,0.840886,1.045951,1.984027,0.657844,5.847338,0.501795,5.428657
1.000000,348.000000,4.000000,0.831689,0.329095,0.548701,0.701046,0.520495,0.460601,0.238233
1.000000,349.000000,5.000000,0.899627,0.595234,0.367415,0.581569,0.946992,0.525874,1.119822
1.000000,350.000000,6.000000,0.804149,0.596931,1.009981,0.783151,1.154123,0.632957,1.190309
1.000000,351.000000,6.000000,0.793058,0.627600,1.212283,0.662178,1.332133,0.663603,1.389006
1.000000,352.000000,6.000000,0.854235,0.730532,1.653064,0.774537,1.870608,0.769661,1.847736
1.000000,353.000000,6.000000,0.759600,0.694656,1.767995,0.740696,1.976502,0.729261,1.944972
1.000000,354.000000,6.000000,0.742102,0.741181,2.170287,0.790464,2.398591,0.781544,2.362931
1.000000,355.000000,5.000000,0.799322,1.025346,1.472366,0.863874,3.153513,0.663583,3.131201
1.000000,356.000000,4.000000,0.715795,0.870521,1.513824,1.155264,4.417358,1.143797,4.152106
1.000000,357.000000,4.000000,0.704740,0.979772,1.777614,1.282266,5.659278,1.265497,5.334561
1.000000,358.000000,4.000000,0.761044,1.222586,2.271087,1.568855,8.053679,1.548559,7.718803
1.000000,359.000000,5.000000,0.678684,1.498333,5.764636,0.692571,9.597685,0.382831,9.608378
1.000000,360.000000,5.000000,0.730292,2.001281,8.290035,0.916535,14.418173,0.401120,14.456071
1.000000,361.000000,7.000000,0.649868,2.035518,12.785636,2.563724,17.858815,2.225269,18.109584
1.000000,362.000000,6.000000,0.639365,3.190461,13.533331,2.035615,26.188205,1.488361,26.658261
1.000000,363.000000,5.000000,0.689974,2.398477,2.005277,1.181361,4.580897,0.480181,5.202751
1.000000,364.000000,5.000000,0.618442,2.314740,2.187966,1.052832,4.987992,0.447141,5.441503
1.000000,365.000000,5.000000,0.606021,2.634415,2.634847,1.042494,6.006890,0.460606,6.385943
1.000000,366.000000,5.000000,0.649810,3.231060,3.578452,1.058650,8.260405,1.015458,8.787589
1.000000,367.000000,6.000000,0.576043,3.686330,5.432632,2.055592,8.830680,1.902100,9.179808
1.000000,368.000000,5.000000,0.560911,4.210441,6.103009,3.377781,10.532411,3.100833,10.809238
1.000000,369.000000,5.000000,0.598303,4.920590,8.435562,3.983196,13.895523,3.610914,14.101091
1.000000,370.000000,5.000000,0.528283,5.458966,9.814521,3.909198,15.824867,3.465912,16.441049
1.000000,371.000000,5.000000,0.511395,6.115639,12.445547,4.160175,23.217352,3.635821,24.028129
1.000000,372.000000,4.000000,0.539745,7.013078,4.964150,2.785640,21.999488,2.396981,22.196058
1.000000,373.000000,4.000000,0.471673,7.147259,4.627883,2.514210,23.240157,2.216375,23.306558
1.000000,374.000000,4.000000,0.449675,7.986727,4.707197,2.386598,27.274848,2.263158,27.242448
1.000000,375.000000,4.000000,0.472926,9.947445,5.307277,2.323140,36.090638,2.538457,36.181958
1.000000,376.000000,3.000000,0.405711,0.417078,0.416183,0.197396,2.475506,0.415248,3.179887
1.000000,379.000000,3.000000,0.340877,0.089080,0.087216,0.619054,0.068426,0.108558,0.175949
1.000000,380.000000,3.000000,0.352881,0.117363,0.113337,0.668558,0.243938,0.120815,0.138419
1.000000,384.000000,3.000000,0.236819,0.041410,0.041072,0.479957,0.362398,0.055933,0.286149
1.000000,385.000000,3.000000,0.218396,0.040683,0.040429,0.321284,0.354049,0.062962,0.312341
1.000000,386.000000,3.000000,0.220866,0.024103,0.023981,0.386862,0.354216,0.071978,0.346975
1.000000,387.000000,3.000000,0.184957,0.026321,0.026223,0.355860,0.239211,0.058759,0.272588
1.000000,388.000000,3.000000,0.168629,0.044938,0.044808,0.280725,0.152257,0.068586,0.212204
1.000000,389.000000,3.000000,0.160719,0.130238,0.129927,0.152817,0.356401,0.117384,0.124212
1.000000,390.000000,3.000000,0.129076,0.136885,0.136542,0.102476,0.336467,0.040238,0.114223
1.000000,391.000000,3.000000,0.126837,0.148819,0.148416,0.122168,0.298387,0.031285,0.126707
1.000000,392.000000,3.000000,0.104850,0.142103,0.141729,0.175535,0.219454,0.057823,0.084485
1.000000,393.000000,3.000000,0.091981,0.174014,0.173557,0.246726,0.152643,0.070907,0.137227
1.000000,394.000000,3.000000,0.093030,0.245698,0.245040,0.295176,0.155784,0.111126,0.226905
2.000000,1.000000,3.000000,1.192131,0.379859,0.379832,2.971362,6.995527,3.048879,6.229071
2.000000,2.000000,3.000000,1.190629,0.458113,0.458050,3.419063,8.396738,3.580143,7.488725
2.000000,53.000000,3.000000,1.092196,0.679687,0.679095,0.874420,1.602506,0.277084,2.491585
2.000000,54.000000,4.000000,1.092005,0.848252,0.621273,1.102158,1.215326,0.654583,1.462114
2.000000,55.000000,4.000000,1.204463,1.042886,0.519323,1.232761,0.894832,0.878583,1.600284
2.000000,56.000000,4.000000,1.091957,1.055569,0.395633,1.142506,0.499892,0.941231,1.508226
2.000000,57.000000,4.000000,1.100644,1.207952,0.267336,1.242247,0.265608,1.039021,1.773721
2.000000,58.000000,4.000000,1.201538,1.528158,0.134164,1.522510,0.548775,1.180179,2.462841
2.000000,59.000000,5.000000,1.081382,1.624592,1.173035,0.995934,2.718533,0.812899,3.567972
2.000000,60.000000,5.000000,1.178565,1.991533,1.432857,1.098093,4.036889,0.912046,4.828136
2.000000,61.000000,5.000000,1.061085,1.986255,1.564270,0.955973,4.671144,0.849502,5.309397
2.000000,62.000000,5.000000,1.056970,2.214790,1.949685,1.010710,6.074273,0.871442,6.606163
2.000000,63.000000,6.000000,1.149844,3.216098,3.576685,1.024633,9.432592,0.676060,9.578381
2.000000,64.000000,6.000000,1.029001,3.300814,3.579905,0.842296,10.678537,0.640770,10.700146
2.000000,65.000000,6.000000,1.117854,4.255176,4.827136,0.885169,15.219287,0.718011,15.198730
2.000000,66.000000,6.000000,0.995313,4.588539,5.275406,0.813909,17.526537,0.675455,17.319490
2.000000,67.000000,6.000000,0.983254,5.533602,6.454601,0.755080,22.825537,0.702350,22.346214
2.000000,68.000000,6.000000,0.962577,6.408325,7.937237,0.737235,29.951625,0.729846,29.233353
2.000000,69.000000,5.000000,1.037770,0.345074,1.276174,0.633769,1.489312,0.824807,1.223313
2.000000,70.000000,5.000000,0.925477,0.358374,1.278830,0.674823,1.467219,0.780656,1.253146
2.000000,71.000000,5.000000,0.909504,0.392309,1.366529,0.218502,1.917147,0.283446,1.679808
2.000000,72.000000,5.000000,0.991589,0.467149,1.607860,0.291700,2.142776,0.316592,1.964477
2.000000,73.000000,6.000000,0.890668,0.823980,1.153775,1.044018,1.761629,0.890792,1.503420
2.000000,74.000000,6.000000,0.974769,0.949764,1.341627,1.188166,2.086872,1.025663,1.762002
2.000000,75.000000,6.000000,0.879492,0.888135,1.278953,1.038942,2.019754,0.952304,1.695238
2.000000,76.000000,6.000000,0.962613,1.052551,1.531626,1.109565,2.489287,1.092231,2.098474
2.000000,77.000000,6.000000,0.856558,1.014776,1.491922,1.034754,2.457927,1.011259,2.103619
2.000000,78.000000,6.000000,0.847511,1.143358,1.751938,1.162743,2.819369,1.073446,2.516438
2.000000,79.000000,7.000000,0.826048,0.892293,1.916282,0.533399,3.252628,0.364235,3.001125
2.000000,80.000000,7.000000,0.895460,1.070624,2.276309,0.636188,3.788140,0.422290,3.550296
2.000000,81.000000,7.000000,0.801672,1.036079,2.298398,0.455004,3.751748,0.394518,3.551197
2.000000,82.000000,7.000000,0.785589,1.083605,2.376282,0.412551,3.777732,0.386424,3.620306
2.000000,83.000000,9.000000,0.842482,1.118247,3.220756,0.345534,4.597283,0.267660,4.439843
2.000000,84.000000,9.000000,0.751204,1.069155,3.148519,0.351954,4.494970,0.266446,4.329740
2.000000,85.000000,10.000000,0.802011,1.075774,3.886238,0.293982,5.267895,0.236239,5.048616
2.000000,86.000000,10.000000,0.706181,1.056962,3.817265,0.307681,5.171184,0.224344,4.966246
2.000000,87.000000,10.000000,0.680596,1.113682,4.073674,0.341351,5.507205,0.234422,5.313113
2.000000,88.000000,10.000000,0.729210,1.297495,4.895609,0.325175,6.588006,0.257199,6.409169
2.000000,89.000000,11.000000,0.648005,1.135365,5.038496,0.403305,6.461580,0.311609,6.301435
2.000000,90.000000,11.000000,0.629835,1.207939,5.369851,0.397317,6.901155,0.347002,6.738773
2.000000,91.000000,11.000000,0.669091,1.393428,6.293742,0.419532,8.067073,0.395736,7.910251
2.000000,92.000000,11.000000,0.588783,1.311159,6.230765,0.352009,7.957578,0.334458,7.818536
2.000000,93.000000,10.000000,0.570830,1.476641,6.644959,0.308266,8.692783,0.320335,8.574658
2.000000,94.000000,10.000000,0.612682,1.698325,8.229526,0.307281,10.744236,0.312338,10.649166
2.000000,95.000000,9.000000,0.540645,1.688575,7.830453,0.330678,10.405881,0.223946,10.351240
2.000000,96.000000,9.000000,0.522620,1.778045,8.339880,0.267249,11.167535,0.183622,11.150083
2.000000,97.000000,9.000000,0.556072,2.051107,9.816723,0.228066,13.283275,0.142545,13.303052
2.000000,98.000000,9.000000,0.489918,1.804584,9.798729,0.184799,13.364450,0.117214,13.355257
2.000000,99.000000,9.000000,0.474804,1.705940,10.577562,0.196236,14.846809,0.159316,14.804193
2.000000,100.000000,9.000000,0.502244,1.628133,12.822071,0.161272,18.056169,0.213649,18.030973
2.000000,101.000000,10.000000,0.437712,1.383464,12.845393,0.264661,17.791433,0.235976,17.800780
2.000000,102.000000,10.000000,0.427912,1.515262,14.220959,0.257850,19.977352,0.213068,20.028004
2.000000,103.000000,11.000000,0.454868,1.266825,17.787360,0.288041,24.576979,0.228703,24.669872
2.000000,104.000000,10.000000,0.394318,1.881985,16.733469,0.298216,23.835160,0.156352,23.964965
2.000000,105.000000,9.000000,0.416263,0.697944,4.499063,0.248184,6.091789,0.091515,6.112063
2.000000,106.000000,9.000000,0.361644,0.804319,3.920469,0.179907,5.501022,0.143043,5.530996
2.000000,107.000000,9.000000,0.349550,0.881391,3.973933,0.146139,5.668732,0.123682,5.689696
2.000000,108.000000,8.000000,0.365221,1.039571,4.173898,0.136132,6.238882,0.135742,6.243069
2.000000,109.000000,8.000000,0.312968,0.913552,3.781039,0.128144,5.725547,0.122611,5.740037
2.000000,110.000000,8.000000,0.304153,1.039348,3.635600,0.167630,5.625138,0.156839,5.632901
2.000000,111.000000,7.000000,0.321763,1.007787,3.779187,0.352831,6.173786,0.385355,6.193238
2.000000,112.000000,7.000000,0.273293,1.009120,3.396527,0.344711,5.566066,0.347275,5.566145
2.000000,113.000000,8.000000,0.261935,1.417428,3.175219,0.273687,5.612234,0.255356,5.624833
2.000000,114.000000,8.000000,0.275924,1.706216,3.495930,0.255009,6.266285,0.253714,6.271372
2.000000,115.000000,8.000000,0.239775,1.627152,2.802559,0.160211,5.729855,0.156247,5.724867
2.000000,116.000000,8.000000,0.247951,2.017841,3.135305,0.154458,7.815847,0.153838,7.797430
2.000000,117.000000,7.000000,0.216041,1.068321,3.225759,0.084314,5.797915,0.108445,5.823624
2.000000,118.000000,7.000000,0.201436,1.042448,3.087968,0.072824,5.778761,0.102902,5.819707
2.000000,119.000000,8.000000,0.206186,0.880304,3.245152,0.080767,6.419164,0.084825,6.432996
2.000000,120.000000,8.000000,0.174746,0.805782,2.823474,0.064524,5.761600,0.082111,5.799742
2.000000,121.000000,8.000000,0.167573,0.800128,2.639526,0.103230,5.642580,0.103607,5.705879
2.000000,122.000000,9.000000,0.175312,0.779674,2.800084,0.117248,6.200129,0.124739,6.197579
2.000000,123.000000,9.000000,0.147834,0.691296,2.329732,0.092805,5.274891,0.099258,5.320902
2.000000,124.000000,7.000000,0.136379,0.525103,2.217621,0.083197,5.095885,0.067690,5.117074
2.000000,125.000000,7.000000,0.139469,0.596201,2.286089,0.071756,5.449945,0.048268,5.475421
2.000000,126.000000,7.000000,0.117983,0.549022,1.937380,0.051445,4.786556,0.037365,4.809530
2.000000,127.000000,7.000000,0.108787,0.545525,1.801337,0.060584,4.649849,0.050699,4.636317
2.000000,128.000000,8.000000,0.116494,0.500969,1.963389,0.041010,4.983436,0.047481,4.967796
2.000000,129.000000,9.000000,0.093640,0.361592,1.427767,0.082846,4.058884,0.065230,4.103821
2.000000,130.000000,9.000000,0.100522,0.436527,1.552018,0.054793,4.589444,0.069802,4.535528
2.000000,131.000000,8.000000,0.084553,0.437640,1.251019,0.090729,3.925017,0.086828,3.913296
2.000000,132.000000,8.000000,0.088073,0.424553,1.245276,0.093204,4.113202,0.091131,4.125483
2.000000,133.000000,8.000000,0.096279,0.490340,1.388786,0.101984,4.487083,0.101876,4.465212
2.000000,134.000000,7.000000,0.089351,0.760958,1.325559,0.112069,4.106579,0.123809,4.128872
2.000000,135.000000,7.000000,0.086871,0.711632,1.064635,0.092647,4.006798,0.109578,4.029339
2.000000,136.000000,5.000000,0.086332,0.177952,0.448613,0.169120,1.085690,0.122207,1.122111
2.000000,137.000000,5.000000,0.078303,0.163255,0.339059,0.097765,0.820519,0.085711,0.834015
2.000000,138.000000,5.000000,0.088987,0.197678,0.405579,0.069977,0.862603,0.109991,0.946842
2.000000,139.000000,6.000000,0.082798,0.168953,0.353680,0.090149,0.734854,0.086466,0.819537
2.000000,140.000000,6.000000,0.081645,0.172669,0.374014,0.105785,0.825961,0.103475,0.852449
2.000000,141.000000,7.000000,0.084234,0.180007,0.593415,0.112853,0.780993,0.094473,0.868343
2.000000,142.000000,8.000000,0.092198,0.226971,0.731288,0.144242,0.904399,0.120446,0.991928
2.000000,143.000000,8.000000,0.081088,0.226912,0.643864,0.149311,0.850205,0.125247,0.927339
2.000000,144.000000,8.000000,0.087444,0.246785,0.677141,0.152517,0.949144,0.136164,1.019882
2.000000,145.000000,8.000000,0.076157,0.200957,0.533912,0.118405,0.824398,0.108782,0.865768
2.000000,146.000000,8.000000,0.073138,0.205114,0.497668,0.117154,0.769657,0.099789,0.827826
2.000000,147.000000,8.000000,0.074712,0.315541,0.642428,0.195304,0.982825,0.133661,1.052148
2.000000,148.000000,8.000000,0.062017,0.265453,0.498084,0.094052,0.939343,0.088685,0.951155
2.000000,149.000000,8.000000,0.055468,0.289875,0.414504,0.102004,0.813674,0.088551,0.846806
2.000000,150.000000,7.000000,0.056212,0.291414,0.376506,0.092214,0.793514,0.088343,0.806352
2.000000,153.000000,7.000000,0.057183,0.350618,0.578334,0.085026,1.499218,0.072888,1.428361
3.000000,7.000000,3.000000,1.158462,1.093771,1.091114,0.741659,75.769564,0.731418,75.711471
3.000000,13.000000,3.000000,1.252511,0.619963,0.618214,1.348318,42.981911,1.249457,43.416251
3.000000,14.000000,3.000000,1.137323,0.457214,0.455999,1.350135,34.285162,1.248915,34.715175
3.000000,15.000000,3.000000,1.247506,0.418351,0.417318,1.687702,34.111698,1.535803,34.610069
3.000000,16.000000,3.000000,1.134858,0.317059,0.316278,1.620547,27.904625,1.531688,28.279281
3.000000,17.000000,3.000000,1.135271,0.327907,0.327330,1.758731,24.739829,1.699194,25.071197
3.000000,18.000000,3.000000,1.129864,0.338251,0.337643,1.877383,22.739942,1.818122,23.022749
3.000000,19.000000,3.000000,1.238013,0.409438,0.408728,2.346698,22.647860,2.218614,23.031878
3.000000,20.000000,3.000000,1.120735,0.446010,0.445266,2.329051,18.259606,2.196437,18.623907
3.000000,21.000000,3.000000,1.115555,0.539702,0.538837,2.599745,16.460486,2.404606,16.931481
3.000000,22.000000,3.000000,1.220507,0.809563,0.808304,3.159920,15.853877,2.975107,16.275086
3.000000,23.000000,3.000000,1.104225,0.951746,0.950809,10.502316,3.206429,10.174718,2.887285
3.000000,56.000000,3.000000,1.084757,2.930606,2.872800,5.400520,8.959686,5.535674,9.187800
3.000000,57.000000,3.000000,1.088966,2.733210,2.681358,4.907154,8.540694,5.087852,8.923172
3.000000,58.000000,3.000000,1.199046,2.814975,2.763701,4.896744,8.969190,5.150747,9.578090
3.000000,59.000000,3.000000,1.090503,2.481361,2.435276,4.134251,7.337798,4.487338,8.063075
3.000000,60.000000,3.000000,1.087630,2.222118,2.180072,3.636158,7.315385,3.915978,7.993123
3.000000,61.000000,3.000000,1.200558,2.339550,2.294489,3.849409,7.849101,4.128048,8.477980
3.000000,62.000000,3.000000,1.095349,1.890627,1.852827,3.029471,8.017778,3.166869,8.427645
3.000000,63.000000,3.000000,1.098300,1.734647,1.701641,2.849274,7.902470,2.934607,8.159418
3.000000,64.000000,3.000000,1.212302,1.774321,1.742129,2.907786,8.403138,2.992267,8.662880
3.000000,65.000000,3.000000,1.100893,1.443086,1.418027,2.814195,2.492190,2.683626,2.724084
3.000000,101.000000,3.000000,1.148534,0.374245,0.373773,0.685571,1.392877,0.712152,1.358227
3.000000,107.000000,4.000000,1.185777,0.625479,0.848749,0.825811,0.805838,0.825834,0.814019
3.000000,108.000000,3.000000,1.192385,0.579766,0.579477,0.662840,0.408235,0.698325,0.369189
3.000000,109.000000,3.000000,1.322305,0.695930,0.695611,0.831734,0.337457,0.841777,0.287179
3.000000,110.000000,3.000000,1.209634,0.679532,0.679104,0.786459,0.204464,0.782123,0.200985
3.000000,111.000000,4.000000,1.340750,0.948750,1.224407,0.900980,1.165686,0.908216,1.202449
3.000000,112.000000,4.000000,1.226824,0.935889,1.182668,0.863330,1.227125,0.894508,1.269932
3.000000,113.000000,4.000000,1.235984,1.021120,1.260584,0.946653,1.474313,0.985933,1.496660
3.000000,114.000000,4.000000,1.246310,1.121068,1.349702,1.049585,1.695411,1.092685,1.750125
3.000000,115.000000,4.000000,1.383253,1.368034,1.583241,1.296332,2.125205,1.354295,2.233908
3.000000,116.000000,4.000000,1.269582,1.378095,1.558985,1.327666,2.200805,1.367615,2.349755
3.000000,117.000000,4.000000,1.407416,1.700072,1.878500,1.647352,2.800950,1.697489,2.990049
3.000000,118.000000,3.000000,1.285500,1.479634,1.478448,1.533523,1.424542,1.409899,1.785447
3.000000,119.000000,3.000000,1.293157,1.657791,1.657312,1.659532,1.786326,1.443475,2.298728
3.000000,120.000000,3.000000,1.432242,2.078554,2.078430,1.554110,3.000706,1.281934,3.663648
3.000000,121.000000,4.000000,1.314101,2.489267,2.377967,2.265640,4.091171,2.151451,4.516319
3.000000,125.000000,3.000000,1.482748,2.337062,2.335547,2.256623,2.984872,2.070773,3.495973
3.000000,126.000000,3.000000,1.355505,2.398522,2.397058,1.213209,4.484650,1.042286,5.009923
4.000000,1.000000,5.000000,0.760206,1.976080,3.766849,1.855368,3.210899,1.010801,4.606028
4.000000,2.000000,3.000000,0.817637,0.965487,0.961693,3.966586,1.937786,2.499270,2.598944
4.000000,3.000000,3.000000,0.725239,1.635597,1.629796,5.048233,7.625166,4.812513,6.173002
4.000000,8.000000,3.000000,0.695974,1.562943,1.554832,4.625079,4.583695,3.409970,6.434961
4.000000,9.000000,3.000000,0.620916,0.154233,0.153675,2.752122,7.787211,4.546516,5.313209
4.000000,10.000000,3.000000,0.604847,1.847612,1.841878,0.822158,13.116204,6.249236,5.258337
4.000000,18.000000,3.000000,0.562199,1.500226,1.492361,5.316134,8.910101,1.325827,4.358783
4.000000,19.000000,4.000000,0.619989,2.639585,5.043190,7.119799,8.600360,3.565694,3.858449
4.000000,20.000000,4.000000,0.562396,2.701867,5.316704,4.984323,3.539784,4.135280,6.084818
4.000000,21.000000,4.000000,0.609564,5.003870,9.920919,7.286174,6.891280,3.781598,10.224082
4.000000,22.000000,5.000000,0.557526,6.099419,10.932593,8.523099,18.274469,3.142796,14.303547
4.000000,23.000000,4.000000,0.609538,1.555224,2.834466,7.300608,7.451998,2.503898,4.536810
4.000000,24.000000,4.000000,0.565871,1.314162,2.155314,3.725354,4.544124,1.301230,5.714165
4.000000,25.000000,6.000000,0.572520,3.303950,5.033177,4.726892,13.850232,1.098771,7.108970
4.000000,26.000000,6.000000,0.582454,3.720315,6.151570,3.352767,11.511319,0.938236,6.511574
4.000000,27.000000,6.000000,0.650282,4.512113,7.097142,3.773171,9.606625,0.867940,7.722506
4.000000,28.000000,6.000000,0.588817,5.238126,7.946257,6.044131,6.839376,0.622627,11.359815
4.000000,29.000000,7.000000,0.662084,6.812759,11.410214,4.732619,20.756316,0.820239,22.009603
4.000000,30.000000,5.000000,0.608749,6.585251,13.057070,7.691727,38.020868,1.054764,33.506393
4.000000,31.000000,5.000000,0.617749,0.709060,0.982858,6.875227,3.263469,0.673274,2.742484
4.000000,32.000000,5.000000,0.620026,1.400718,1.737414,7.283638,3.515062,0.275008,3.579553
4.000000,33.000000,5.000000,0.689601,2.212575,2.366914,9.083078,7.222446,0.269492,6.382348
4.000000,34.000000,5.000000,0.633714,2.739733,2.879260,8.816615,5.405346,0.269702,8.197677
4.000000,35.000000,5.000000,0.706750,3.794845,4.609518,9.884126,4.689524,0.469585,14.334270
4.000000,36.000000,4.000000,0.652602,5.545884,2.931319,7.728360,17.800185,0.558156,20.641357
4.000000,37.000000,4.000000,0.662137,7.355108,5.054123,6.739421,41.314364,0.667170,35.052419
4.000000,38.000000,3.000000,0.742400,0.990497,0.983049,6.321969,3.333996,0.377630,1.520950
4.000000,39.000000,4.000000,0.687134,1.294105,0.409821,4.608569,4.660784,0.416872,2.779636
4.000000,40.000000,4.000000,0.703415,1.552863,0.421020,3.759954,2.568701,0.440707,3.608101
4.000000,41.000000,5.000000,0.789512,1.887721,1.125086,4.153310,2.129713,1.063921,5.435272
4.000000,42.000000,5.000000,0.733493,2.024859,1.207568,2.479428,7.384500,0.925896,7.936568
4.000000,43.000000,5.000000,0.750408,2.371341,1.638833,1.669760,11.238963,1.142677,11.074289
4.000000,44.000000,5.000000,0.925497,3.604017,2.905370,1.764956,18.518075,1.430192,18.747316
4.000000,45.000000,5.000000,0.712862,3.373921,2.952571,1.409999,18.952379,1.098393,18.847137
4.000000,46.000000,5.000000,0.808326,4.547899,4.671957,1.455147,30.172101,1.284740,29.985772
4.000000,47.000000,5.000000,0.828195,1.565364,1.202176,1.346692,4.372198,1.296227,4.397232
4.000000,48.000000,5.000000,0.931325,1.990674,1.283605,1.160038,6.822798,1.220925,6.887929
4.000000,49.000000,5.000000,0.865909,2.120064,1.203635,1.213453,8.397916,1.119742,8.588386
4.000000,50.000000,5.000000,0.879234,2.518569,1.545108,1.397455,11.524461,1.505587,11.701665
4.000000,51.000000,5.000000,0.984568,3.338046,2.500741,1.469145,17.523481,1.587945,17.765392
4.000000,52.000000,5.000000,0.913510,4.122972,3.345850,1.226347,22.315540,1.355423,22.580951
4.000000,53.000000,5.000000,0.931100,5.432556,5.002418,1.180286,31.823322,1.354445,32.318184
4.000000,54.000000,4.000000,1.039795,2.320120,0.435605,0.856863,6.999450,0.926536,7.086480
4.000000,55.000000,4.000000,0.956856,2.524701,0.210565,0.914394,8.074267,0.981849,8.176795
4.000000,56.000000,4.000000,0.967810,3.111699,0.127501,1.170375,12.259783,1.184531,12.267229
4.000000,57.000000,4.000000,1.079948,4.236411,0.651803,1.506483,18.234473,1.546625,18.470144
4.000000,58.000000,4.000000,0.994729,4.797381,1.338475,1.651621,22.951785,1.699199,23.287779
4.000000,59.000000,4.000000,1.110704,6.906164,2.980696,2.226712,37.263519,2.311102,38.064396
4.000000,60.000000,3.000000,1.022047,1.408046,1.394270,1.119583,3.517427,1.421784,3.499900
4.000000,61.000000,3.000000,1.027319,1.629340,1.612934,1.330002,4.392430,1.663860,4.406630
4.000000,62.000000,3.000000,1.136825,2.103174,2.081467,0.486779,10.368585,0.163561,10.731622
4.000000,63.000000,3.000000,1.040564,2.196954,2.175410,0.548005,12.072918,0.211059,12.564602
4.000000,64.000000,3.000000,1.043357,2.741474,2.717426,0.573708,16.193106,0.286828,16.781179
4.000000,65.000000,3.000000,1.150208,4.133582,4.106993,0.734949,24.694677,0.443567,25.516277
4.000000,66.000000,3.000000,1.051068,5.122273,5.098787,0.728928,31.377807,0.500228,32.395816
4.000000,115.000000,4.000000,1.324047,2.834235,5.613854,0.484354,23.173116,0.525018,23.265207
4.000000,116.000000,4.000000,1.458075,4.317789,8.533114,0.486748,41.073206,0.558242,41.164173
4.000000,117.000000,4.000000,1.328664,5.589510,11.029836,0.389642,64.570525,0.470777,64.673849
4.000000,118.000000,3.000000,1.329077,13.598987,13.408696,0.093774,134.676124,0.129385,134.826064
4.000000,120.000000,3.000000,1.314612,0.544188,0.534733,0.624095,0.553689,0.477678,0.892716
4.000000,121.000000,3.000000,1.449182,0.660037,0.650157,0.859970,0.706260,0.774033,1.036527
4.000000,122.000000,3.000000,1.321222,0.661484,0.648181,0.831122,0.966135,1.001266,0.993998
4.000000,123.000000,3.000000,1.326185,0.727549,0.715106,0.802256,1.377318,1.031175,1.383878
4.000000,124.000000,3.000000,1.457723,0.907948,0.894532,0.895741,2.158964,1.179944,2.178210
4.000000,125.000000,3.000000,1.321342,0.936333,0.922323,0.910867,2.740540,1.105499,2.791676
4.000000,126.000000,3.000000,1.326719,1.050301,1.033707,0.919052,3.900528,1.126677,3.927183
4.000000,127.000000,3.000000,1.466281,1.465482,1.444058,0.910556,6.077858,1.244760,6.152866
4.000000,128.000000,3.000000,1.334182,1.774280,1.754371,0.906908,8.102047,1.159705,8.179972
4.000000,129.000000,3.000000,1.335940,2.386592,2.366436,0.940697,12.136394,1.171152,12.244770
4.000000,130.000000,3.000000,1.473668,3.744778,3.721815,1.083091,21.593311,1.347217,21.798107
4.000000,131.000000,3.000000,1.341071,4.959634,4.936720,1.082406,33.011128,1.315162,33.350940
4.000000,132.000000,3.000000,1.350862,1.896869,1.893852,1.382215,7.922583,1.607662,8.072356
4.000000,133.000000,3.000000,1.486783,2.864765,2.860933,0.287521,19.201874,0.104419,19.605618
4.000000,134.000000,3.000000,1.351055,3.560633,3.556121,0.283116,25.133667,0.146636,25.615525
4.000000,137.000000,3.000000,1.366999,1.056887,1.045071,0.696895,3.800286,0.746898,3.833295
4.000000,138.000000,3.000000,1.513524,1.342975,1.326295,0.604194,6.042919,0.706552,6.102298
4.000000,139.000000,3.000000,1.377800,1.486608,1.469571,0.397613,7.798887,0.499046,7.872913
4.000000,140.000000,3.000000,1.384205,2.017568,1.998622,0.282615,11.483572,0.343636,11.519653
4.000000,141.000000,3.000000,1.526004,3.121195,3.096539,0.136079,19.225619,0.153598,19.246894
4.000000,142.000000,3.000000,1.382706,4.025917,3.999977,0.079924,26.848603,0.022137,26.936396
4.000000,143.000000,3.000000,1.386849,5.995583,5.969086,0.079712,44.217029,0.078209,44.428618
4.000000,150.000000,3.000000,1.509614,1.764461,1.752125,0.257477,9.153009,0.061081,9.271182
4.000000,151.000000,3.000000,1.374416,1.929985,1.917500,0.104486,11.552760,0.126518,11.595747
4.000000,152.000000,3.000000,1.514775,3.026565,3.008895,0.162349,18.345297,0.209319,18.424407
4.000000,153.000000,3.000000,1.368263,4.058984,4.036437,0.241829,25.289685,0.245138,25.315001
4.000000,154.000000,4.000000,1.360522,6.511107,4.676302,1.432050,45.486817,1.446116,45.652611
4.000000,155.000000,3.000000,1.495747,1.322423,1.310878,1.526204,2.309456,1.685647,2.221289
4.000000,156.000000,3.000000,1.355517,1.349077,1.338052,0.284841,4.972267,0.396111,4.999652
4.000000,157.000000,3.000000,1.351379,1.538800,1.527423,0.427183,6.911001,0.179373,6.899885
4.000000,158.000000,4.000000,1.483330,1.920204,3.664233,0.310976,10.579583,0.278979,10.768958
4.000000,159.000000,4.000000,1.349707,2.115667,4.214123,0.327431,13.334111,0.331158,13.467933
4.000000,160.000000,4.000000,1.346080,2.731139,5.442736,0.457305,19.818266,0.463931,20.033440
4.000000,161.000000,4.000000,1.484080,3.997901,7.961036,0.673415,34.331298,0.687375,34.728927
4.000000,162.000000,4.000000,1.343455,4.881191,9.715211,0.796644,50.488505,0.814424,50.946453
4.000000,163.000000,4.000000,1.472202,0.924705,1.614911,0.490527,2.772974,0.623850,2.879498
4.000000,164.000000,4.000000,1.337021,0.975025,1.764032,0.193937,4.203690,0.222942,4.114271
4.000000,165.000000,4.000000,1.336254,1.154442,2.173890,0.150097,5.501095,0.195433,5.413687
4.000000,166.000000,4.000000,1.465076,1.542834,2.994586,0.127103,8.035177,0.178742,8.005647
4.000000,167.000000,4.000000,1.329566,1.696493,3.347910,0.098716,9.845635,0.117518,9.807059
4.000000,168.000000,4.000000,1.328643,2.085610,4.138821,0.134544,13.558752,0.088537,13.572540
4.000000,169.000000,4.000000,1.458670,2.935025,5.836721,0.226888,21.732962,0.193213,21.771102
4.000000,170.000000,4.000000,1.321700,3.424926,6.819360,0.279869,29.399452,0.280920,29.419682
4.000000,171.000000,4.000000,1.319557,4.632001,9.232327,0.400033,47.347405,0.405986,47.320950
4.000000,172.000000,4.000000,1.444296,0.686167,1.363705,0.641566,1.680384,0.607993,1.761022
4.000000,173.000000,4.000000,1.312858,0.727136,1.445777,0.539322,2.259063,0.528824,2.304643
4.000000,174.000000,4.000000,1.318603,0.857761,1.708319,0.535385,3.171713,0.536318,3.146341
4.000000,175.000000,4.000000,1.455123,1.119222,2.229643,0.580630,4.781554,0.585799,4.715942
4.000000,176.000000,4.000000,1.325229,1.220629,2.430059,0.526340,5.880951,0.527240,5.832745
4.000000,177.000000,4.000000,1.326043,1.495837,2.972342,0.517591,8.032059,0.515739,8.043490
4.000000,178.000000,4.000000,1.461052,2.061583,4.101117,0.547266,12.488591,0.547531,12.531518
4.000000,179.000000,4.000000,1.330692,2.321067,4.612946,0.501408,15.755584,0.496042,15.756322
4.000000,180.000000,4.000000,1.461885,3.319287,6.607911,0.573934,25.187796,0.558294,25.230535
4.000000,181.000000,4.000000,1.330541,3.966835,7.904410,0.526984,34.721995,0.509470,34.733470
4.000000,182.000000,3.000000,1.472472,0.389124,0.385904,0.498826,0.187084,0.473097,0.363696
4.000000,183.000000,3.000000,1.342434,0.373527,0.370482,0.533808,0.107746,0.542560,0.333845
4.000000,184.000000,3.000000,1.348012,0.394587,0.391275,0.557697,0.575135,0.504698,0.603906
4.000000,185.000000,4.000000,1.347545,0.322959,0.445911,0.724805,0.541784,0.649079,0.601833
4.000000,186.000000,5.000000,1.485052,1.174787,3.219312,1.453354,2.651077,1.165299,3.230290
4.000000,187.000000,5.000000,1.348017,1.050771,3.455024,1.548041,3.499896,1.211396,3.841754
4.000000,188.000000,5.000000,1.345118,0.988883,4.432911,1.789108,5.562354,1.418211,6.054282
4.000000,189.000000,5.000000,1.483100,1.696397,6.663883,2.224353,10.140717,1.849921,10.734088
4.000000,190.000000,5.000000,1.345839,2.615033,8.603083,2.257166,14.968516,1.950903,15.619910
4.000000,191.000000,6.000000,1.485512,5.470366,13.468269,2.027083,30.723841,1.912151,31.145308
4.000000,192.000000,5.000000,1.352268,1.307923,2.905564,0.900162,3.849844,0.944980,3.870587
4.000000,193.000000,4.000000,1.351523,1.792814,3.172278,2.242104,4.177109,2.272542,3.867363
4.000000,194.000000,5.000000,1.480892,1.687801,5.223596,1.102069,6.154486,1.103200,5.994630
4.000000,195.000000,6.000000,1.346696,1.469216,5.812005,1.092376,7.148659,0.967788,7.204830
4.000000,196.000000,6.000000,1.349754,1.775662,7.096153,0.791938,9.476623,0.715618,9.594447
4.000000,197.000000,6.000000,1.501915,2.277092,9.532345,1.524948,14.072704,1.367061,14.318446
4.000000,198.000000,5.000000,1.362914,1.592228,4.137212,1.450178,18.535658,1.288132,18.816815
4.000000,199.000000,5.000000,1.359840,2.513080,6.123799,1.709134,29.706758,1.886205,30.027463
4.000000,200.000000,5.000000,1.494389,4.569064,11.290392,2.802842,56.597243,2.647926,56.947448
4.000000,201.000000,4.000000,1.360207,1.748267,1.460725,2.816432,3.426250,2.558116,4.190727
4.000000,202.000000,4.000000,1.369706,2.654298,2.114509,3.970215,5.780689,3.667212,6.600570
4.000000,203.000000,7.000000,1.502661,11.786495,18.333638,10.778745,25.120713,11.099578,25.156715
4.000000,204.000000,6.000000,1.363588,12.262089,17.678244,15.284673,31.473632,15.283644,31.436505
4.000000,205.000000,5.000000,1.362036,25.076017,22.619678,21.953422,75.455593,21.728569,74.881348
4.000000,206.000000,4.000000,1.508211,26.060247,6.463095,27.912110,47.308102,27.666729,47.159806
4.000000,207.000000,4.000000,1.370232,48.563279,12.770503,42.323768,92.931320,42.382056,94.366924
4.000000,208.000000,3.000000,1.505954,32.693558,30.111207,1.120163,192.046685,1.165984,192.702392
4.000000,209.000000,3.000000,1.364721,72.962648,67.744277,3.945923,479.430139,3.949525,479.422231
4.000000,210.000000,3.000000,1.369049,2.867899,2.845363,1.878252,13.736309,1.792829,13.706085
4.000000,211.000000,4.000000,1.509406,5.767616,2.456890,4.183838,23.926383,4.129121,23.826611
4.000000,212.000000,4.000000,1.373054,7.658635,4.554200,5.384313,35.020781,5.286195,34.779660
4.000000,213.000000,3.000000,1.380807,2.956890,2.946973,2.401569,12.928919,2.228666,12.675422
4.000000,214.000000,3.000000,1.520334,4.586210,4.573293,0.186165,32.198532,0.126133,32.194179
4.000000,221.000000,3.000000,1.389766,1.212389,1.203169,0.802852,4.094962,0.797148,4.162783
4.000000,222.000000,3.000000,1.526422,1.358182,1.344987,1.140649,4.345909,1.111231,4.435776
4.000000,223.000000,3.000000,1.384656,1.230961,1.218397,1.381120,3.307499,1.317355,3.444052
4.000000,224.000000,4.000000,1.383728,2.007720,3.014653,7.967950,21.162540,7.935608,21.114536
4.000000,225.000000,3.000000,1.534980,3.313492,3.310584,2.860122,19.006207,2.789760,18.961753
4.000000,226.000000,3.000000,1.398607,3.590957,3.586137,0.949590,28.752382,0.870253,28.821652
4.000000,227.000000,4.000000,1.398143,3.661036,7.298193,0.439953,39.251090,0.410017,39.255552
4.000000,228.000000,4.000000,1.535208,5.073243,10.103316,0.456834,58.839213,0.405253,58.783087
4.000000,229.000000,4.000000,1.404735,5.821232,11.592222,0.344272,74.134694,0.296475,74.215203
4.000000,230.000000,3.000000,1.411368,0.015529,0.015525,0.234681,0.126845,0.183515,0.183401
4.000000,231.000000,4.000000,1.553902,0.294219,0.582388,0.051819,1.098051,0.023908,1.103980
4.000000,232.000000,4.000000,1.412011,0.317680,0.630463,0.071367,1.091340,0.080543,1.086840
4.000000,233.000000,4.000000,1.410960,0.395561,0.785211,0.329753,1.147730,0.324238,1.140798
4.000000,234.000000,4.000000,1.564730,0.531028,1.053993,0.752553,1.272339,0.726179,1.261227
4.000000,235.000000,4.000000,1.419945,0.602869,1.196186,1.111737,1.154745,1.118650,1.163919
4.000000,236.000000,4.000000,1.573869,0.848346,1.684967,1.657072,1.866433,1.661958,1.924375
4.000000,237.000000,4.000000,1.436154,0.993290,1.964363,1.968959,2.708705,1.964266,2.742633
4.000000,238.000000,4.000000,1.729296,1.625251,2.766487,3.232400,5.275701,3.224207,5.290354
4.000000,239.000000,4.000000,1.302512,1.635719,2.293007,3.217512,6.085259,3.220029,6.071149
4.000000,240.000000,3.000000,1.451127,2.434739,2.415407,1.626315,10.842270,1.643743,10.829001
4.000000,241.000000,3.000000,1.455264,3.673723,3.651620,2.065053,17.675125,2.052968,17.665350
4.000000,242.000000,3.000000,1.605638,6.541012,6.510861,3.003568,35.261981,2.962997,35.225533
4.000000,300.000000,3.000000,1.484047,1.141309,1.141304,0.395023,2.599617,0.322681,2.674575
4.000000,301.000000,3.000000,1.631610,1.484772,1.484769,0.530045,3.356542,0.462735,3.493709
4.000000,302.000000,3.000000,1.483946,1.610831,1.610824,0.570229,3.680053,0.535599,3.828253
4.000000,303.000000,3.000000,1.483915,1.944217,1.944204,0.683643,4.415450,0.621079,4.684482
4.000000,304.000000,3.000000,1.631723,2.669496,2.669470,0.881415,6.143487,0.813851,6.510103
4.000000,305.000000,3.000000,1.483965,2.945583,2.945583,0.964440,6.964390,0.923647,7.284267
4.000000,306.000000,3.000000,1.487560,3.680673,3.680621,1.095916,9.076668,1.093790,9.242041
5.000000,1.000000,3.000000,1.762092,0.997654,0.994929,0.691467,1.904956,0.549910,2.080658
5.000000,2.000000,3.000000,1.758177,1.097916,1.095282,0.618544,2.192625,0.497775,2.297714
5.000000,3.000000,3.000000,1.931153,1.333818,1.331022,0.606139,2.679162,0.474798,2.813515
5.000000,4.000000,3.000000,1.752267,1.324386,1.323274,0.481394,2.695940,0.366196,2.806333
5.000000,5.000000,3.000000,1.748371,1.455170,1.452114,0.419044,3.010283,0.301795,3.109663
5.000000,6.000000,3.000000,1.918424,1.797748,1.794299,0.390408,3.746952,0.249512,3.869267
5.000000,7.000000,3.000000,1.739830,1.812888,1.810203,0.314808,3.791579,0.143383,3.939650
5.000000,8.000000,3.000000,1.736553,2.046752,2.044214,0.206007,4.341313,0.046287,4.476574
5.000000,9.000000,3.000000,1.907408,2.568425,2.565590,0.594597,4.880696,0.826064,5.067469
5.000000,10.000000,3.000000,1.731030,2.635623,2.633263,2.096109,4.011171,2.326462,4.192220
5.000000,11.000000,4.000000,1.726970,3.765167,1.742513,3.565127,6.520281,3.577697,6.905457
5.000000,12.000000,4.000000,1.896322,4.779901,1.726007,3.974045,9.673889,3.995564,10.078265
5.000000,13.000000,4.000000,1.721143,4.952635,1.286800,3.571530,11.482349,3.600174,11.828778
5.000000,14.000000,3.000000,1.718695,2.139145,2.125020,0.736810,6.164932,0.719736,6.337209
5.000000,15.000000,3.000000,1.885291,2.562494,2.546714,0.059690,7.350798,0.036824,7.393759
5.000000,16.000000,3.000000,1.711522,2.530247,2.514704,1.105081,6.922383,1.077037,6.949763
5.000000,17.000000,3.000000,1.707124,2.869308,2.853798,2.880521,7.034699,2.876400,7.037282
5.000000,18.000000,3.000000,1.875404,3.715343,3.695368,5.755020,7.859244,5.728574,7.922274
5.000000,19.000000,3.000000,1.698886,3.876237,3.858784,7.208832,7.678059,7.202820,7.848823
5.000000,27.000000,3.000000,1.779352,2.481495,2.460808,0.911229,5.255166,0.869481,5.309936
5.000000,28.000000,3.000000,1.601759,2.359692,2.339066,0.755183,5.048607,0.710672,5.113489
5.000000,29.000000,4.000000,1.587564,2.339488,1.601432,1.706667,3.475344,1.778514,3.526453
5.000000,30.000000,4.000000,1.726959,2.815297,1.772754,2.010705,4.450404,2.095149,4.517550
5.000000,31.000000,4.000000,1.551005,2.777789,1.588637,1.961170,4.632066,2.026210,4.716116
5.000000,32.000000,4.000000,1.532852,3.023631,1.570642,2.128375,5.298136,2.159745,5.397172
5.000000,33.000000,4.000000,1.662628,3.648145,1.684891,2.564059,6.647109,2.552865,6.853629
5.000000,34.000000,4.000000,1.496188,3.606318,1.511089,2.450891,6.851239,2.485998,7.149550
5.000000,35.000000,4.000000,1.627824,4.349654,1.862132,2.876932,8.791198,2.935403,9.126473
5.000000,36.000000,4.000000,1.465295,4.304907,1.878045,2.797170,9.181951,2.848236,9.506686
5.000000,37.000000,4.000000,1.451646,4.738894,2.111921,2.869548,10.959157,2.934866,11.282824
5.000000,38.000000,4.000000,1.580738,5.822986,2.637927,3.282566,14.472751,3.307709,14.978472
5.000000,39.000000,3.000000,1.423217,0.137248,0.137218,2.575712,2.571851,2.613347,2.600532
5.000000,40.000000,3.000000,1.414691,0.140847,0.140821,0.306128,1.284537,0.258823,1.260229
5.000000,41.000000,3.000000,1.545464,0.162851,0.162828,0.399575,1.412369,0.314028,1.364512
5.000000,42.000000,3.000000,1.396146,0.152507,0.152488,0.399277,1.236193,0.312439,1.187084
5.000000,43.000000,3.000000,1.390556,0.159569,0.159554,0.418397,1.200421,0.345269,1.159183
5.000000,44.000000,3.000000,1.521798,0.185288,0.185274,0.487101,1.332061,0.402536,1.290729
5.000000,45.000000,4.000000,1.375474,0.285198,0.449002,0.484333,1.091720,0.442554,1.023818
5.000000,46.000000,4.000000,1.364143,0.307976,0.510501,0.583724,1.075470,0.500631,0.972452
5.000000,47.000000,4.000000,1.492202,0.372174,0.647199,0.727669,1.150503,0.628025,1.035373
5.000000,48.000000,4.000000,1.349891,0.366822,0.660192,0.711043,0.962649,0.641370,0.869249
5.000000,49.000000,4.000000,1.343865,0.422840,0.784540,0.741176,1.025613,0.644107,1.064946
5.000000,50.000000,4.000000,1.469043,0.492330,0.919782,0.813769,1.257009,0.706118,1.234741
5.000000,51.000000,4.000000,1.324461,0.467996,0.883960,0.722775,1.259182,0.614623,1.171452
5.000000,52.000000,4.000000,1.317758,0.488429,0.927821,0.743694,1.369792,0.600186,1.240606
5.000000,53.000000,4.000000,1.439945,0.574596,1.100383,0.839934,1.662044,0.649026,1.494530
5.000000,54.000000,5.000000,1.299053,1.405748,2.425678,0.940221,2.855602,1.066451,3.028722
5.000000,55.000000,5.000000,1.419563,1.690953,2.891995,1.015105,3.361468,1.256875,3.578778
5.000000,56.000000,6.000000,1.276682,2.244795,2.652471,2.315117,3.689078,2.547569,3.904597
5.000000,57.000000,5.000000,1.259609,2.632485,2.788536,2.885022,3.929626,3.078825,4.155940
5.000000,58.000000,5.000000,1.370437,3.047564,3.220707,3.640247,4.553349,3.914488,4.837452
5.000000,59.000000,5.000000,1.230422,2.875590,3.028461,2.884873,6.025402,2.995716,6.336872
5.000000,60.000000,5.000000,1.214901,3.000365,3.143420,3.089002,6.840325,3.233915,7.157222
5.000000,61.000000,6.000000,1.317204,3.677319,4.653139,3.640324,8.557545,3.786534,8.976745
5.000000,62.000000,5.000000,1.178345,2.196961,1.755486,3.452238,2.750444,3.535571,2.962726
5.000000,63.000000,5.000000,1.159719,2.351816,1.851149,3.681073,3.081325,3.746451,3.355032
5.000000,64.000000,6.000000,1.253318,3.188954,4.444346,1.545716,11.055608,1.572408,11.574298
5.000000,65.000000,6.000000,1.124891,3.113971,4.325022,1.405642,10.998874,1.433564,11.513375
5.000000,66.000000,5.000000,1.110900,1.604127,0.971185,1.338575,2.344876,1.320230,2.756013
5.000000,67.000000,5.000000,1.207258,1.913649,1.235453,1.429325,2.904337,1.412127,3.327629
5.000000,68.000000,5.000000,1.083625,1.827744,1.255559,0.523376,6.059922,0.608287,6.380605
5.000000,69.000000,5.000000,1.179337,2.152277,1.535351,0.380841,7.483514,0.464903,8.004503
5.000000,70.000000,5.000000,1.060127,2.073574,1.561372,0.341627,7.313449,0.409111,7.832967
5.000000,71.000000,5.000000,1.051743,0.615082,0.744533,0.400908,1.070465,0.398447,1.240489
5.000000,72.000000,5.000000,1.147737,0.717348,0.812367,0.498436,1.198554,0.455227,1.354124
5.000000,73.000000,5.000000,1.033975,0.668353,0.726389,0.428927,1.400797,0.511182,1.445642
5.000000,74.000000,5.000000,1.023563,0.685381,0.663452,0.425208,1.304365,0.517787,1.362968
5.000000,75.000000,5.000000,1.114040,0.788546,0.714542,0.476129,1.405667,0.601106,1.479123
5.000000,76.000000,5.000000,0.999860,0.749309,0.620282,0.473689,1.244963,0.571546,1.299430
5.000000,77.000000,5.000000,0.990602,0.787267,0.603345,0.503234,1.244541,0.591096,1.292404
5.000000,78.000000,5.000000,1.080597,0.906206,0.643183,0.608967,1.345410,0.674268,1.381136
5.000000,79.000000,5.000000,0.977242,0.820710,0.623508,0.599597,1.223002,0.637696,1.242305
5.000000,80.000000,5.000000,0.972906,0.795692,0.666306,0.632274,1.276171,0.670078,1.311685
5.000000,81.000000,5.000000,1.065584,0.861240,0.784510,0.734980,1.504730,0.778793,1.541531
5.000000,82.000000,5.000000,0.963371,0.776616,0.753779,0.706437,1.428232,0.754270,1.469818
5.000000,83.000000,5.000000,1.053969,0.853216,0.886262,0.844398,1.656793,0.890240,1.711676
5.000000,84.000000,5.000000,0.952591,0.745949,0.856784,0.817514,1.575685,0.857295,1.627603
5.000000,85.000000,5.000000,0.947629,0.730072,0.909705,0.864635,1.683119,0.902826,1.729925
5.000000,86.000000,5.000000,1.037238,0.797652,1.067790,1.017866,1.997092,1.059613,2.047759
5.000000,87.000000,5.000000,0.938884,0.690299,1.026573,0.984798,1.924140,1.003086,1.978765
5.000000,88.000000,5.000000,0.933165,0.691290,1.092485,0.979820,2.049884,0.980470,2.120190
5.000000,89.000000,5.000000,1.021715,0.796990,1.274813,1.047053,2.469985,1.045488,2.533321
5.000000,90.000000,5.000000,0.922657,0.736074,1.209558,0.924183,2.393390,0.913207,2.488367
5.000000,91.000000,5.000000,0.913855,0.785416,1.293377,0.903436,2.644117,0.895594,2.695598
5.000000,92.000000,5.000000,0.993987,0.938810,1.607119,0.970838,3.219901,0.972014,3.229743
5.000000,93.000000,5.000000,0.891506,0.916379,1.651647,0.851248,3.233297,0.851058,3.171773
5.000000,94.000000,5.000000,0.879312,0.953941,1.856992,0.791220,3.496938,0.831870,3.431307
5.000000,95.000000,5.000000,0.954903,1.109232,2.254135,0.905450,4.138062,0.990663,4.061367
5.000000,96.000000,5.000000,0.856562,1.071011,2.186133,0.942260,3.955871,0.980891,3.920285
5.000000,97.000000,5.000000,0.926893,1.251961,2.655704,1.113048,4.718782,1.147050,4.686176
5.000000,98.000000,5.000000,0.831328,1.233487,2.621306,1.072877,4.642912,1.114943,4.593826
5.000000,99.000000,4.000000,0.817748,0.837075,0.644489,0.844585,1.840008,0.887978,1.978198
5.000000,100.000000,4.000000,0.888340,0.971926,0.739039,1.013427,2.273444,1.034714,2.297184
5.000000,101.000000,4.000000,0.797368,0.906661,0.749608,0.932472,0.869474,0.949407,0.817282
5.000000,102.000000,4.000000,0.870118,1.063133,0.871934,0.755109,3.209910,0.785990,3.184602
5.000000,103.000000,4.000000,0.782366,1.018010,0.855194,0.709197,3.110010,0.738582,3.073908
5.000000,104.000000,4.000000,0.776482,1.094433,0.944218,0.715259,3.379085,0.760000,3.296210
5.000000,105.000000,4.000000,0.847113,1.274449,1.160927,0.819616,3.967759,0.847030,3.915274
5.000000,106.000000,4.000000,0.765081,1.240348,1.162058,0.782720,3.901477,0.814048,3.841493
5.000000,107.000000,4.000000,0.758008,1.354418,1.288500,1.229441,5.839312,1.189935,5.595263
5.000000,108.000000,3.000000,0.820314,0.548533,0.546427,0.891234,1.368214,0.917081,1.120674
5.000000,109.000000,4.000000,0.735855,1.279221,1.865495,1.348167,2.057176,1.223047,1.851177
5.000000,110.000000,4.000000,0.725088,1.320995,1.963965,1.187750,3.305290,1.223682,2.825871
5.000000,111.000000,5.000000,0.787378,0.845545,2.178539,0.985191,3.939164,1.016450,3.637652
5.000000,112.000000,5.000000,0.703607,0.827568,2.089847,0.877850,3.677454,0.915909,3.469725
5.000000,113.000000,5.000000,0.693882,0.897543,2.245988,0.845354,3.828501,0.890916,3.682675
5.000000,114.000000,5.000000,0.752076,1.074270,2.695733,0.877540,4.526537,0.940191,4.325407
5.000000,115.000000,5.000000,0.677443,1.058258,2.649759,0.743075,4.344517,0.804760,4.177881
5.000000,116.000000,4.000000,0.674456,0.784869,0.858194,0.557249,1.591085,0.659194,1.924011
5.000000,117.000000,4.000000,0.739441,0.887728,0.967659,1.078483,1.336757,1.070956,1.036055
5.000000,118.000000,3.000000,0.670205,0.485737,0.482956,0.917638,0.911712,0.929567,0.905556
5.000000,119.000000,3.000000,0.666606,0.484634,0.481569,0.916243,0.879015,0.909253,0.879055
5.000000,120.000000,3.000000,0.731644,0.542362,0.539126,1.038007,0.988387,0.971402,1.014765
5.000000,121.000000,3.000000,0.663728,0.508081,0.505110,1.019214,0.826013,0.866593,0.864350
5.000000,122.000000,3.000000,0.725899,0.571374,0.568102,0.566855,0.945347,0.202672,1.099200
5.000000,123.000000,3.000000,0.657975,0.500613,0.497824,0.397208,0.850218,0.069448,1.000655
5.000000,124.000000,3.000000,0.653929,0.495606,0.492907,0.377772,0.840779,0.014462,0.985649
5.000000,125.000000,3.000000,0.715055,0.513883,0.511149,0.411132,0.848680,0.018576,1.019503
5.000000,126.000000,3.000000,0.647793,0.436303,0.434112,0.293845,0.732702,0.052359,0.898412
5.000000,127.000000,3.000000,0.649492,0.445205,0.443098,0.319522,0.710922,0.090510,0.918435
5.000000,128.000000,3.000000,0.717952,0.465509,0.463450,0.287685,0.837425,0.143081,0.999131
5.000000,129.000000,3.000000,0.656376,0.407884,0.406202,0.248350,0.788967,0.171786,0.891311
5.000000,130.000000,3.000000,0.661659,0.422769,0.421147,0.286518,0.855663,0.215635,0.921135
5.000000,131.000000,3.000000,0.731051,0.460817,0.459131,0.340878,0.956349,0.285448,1.003485
5.000000,140.000000,3.000000,0.701672,0.707350,0.656077,0.827270,0.489172,0.866667,0.510348
5.000000,141.000000,3.000000,0.705120,0.699030,0.650038,0.657156,0.945460,0.723133,0.984464
5.000000,142.000000,4.000000,0.782359,0.592120,0.935478,0.924986,1.069938,0.949991,1.010038
5.000000,143.000000,4.000000,0.713036,0.542104,0.851743,0.826898,0.964292,0.862489,0.875501
5.000000,144.000000,4.000000,0.788720,0.615489,0.960137,0.906920,1.156681,0.958712,1.024575
5.000000,145.000000,4.000000,0.718635,0.568055,0.901975,0.833442,1.065108,0.869939,0.968356
5.000000,146.000000,4.000000,0.718139,0.566863,0.874910,0.838753,1.054670,0.871976,0.967511
5.000000,147.000000,4.000000,0.790678,0.630645,0.941763,0.926397,1.204556,0.966381,1.100783
5.000000,148.000000,4.000000,0.719287,0.575274,0.853747,0.841536,1.075132,0.871832,0.994560
5.000000,149.000000,4.000000,0.720049,0.586014,0.840922,0.731744,1.423405,0.699372,1.442608
5.000000,150.000000,4.000000,0.792556,0.661960,0.923734,0.763601,1.491045,0.808180,1.494987
5.000000,151.000000,4.000000,0.720924,0.645561,0.809790,0.684879,1.305157,0.775801,1.337451
5.000000,152.000000,4.000000,0.721847,0.675940,0.792218,0.661011,1.162096,0.816536,1.300876
5.000000,153.000000,4.000000,0.797319,0.748906,0.771654,0.806019,1.165616,0.964492,1.322650
5.000000,154.000000,4.000000,0.730874,0.727915,0.649528,0.748463,0.975890,0.932745,1.147039
5.000000,155.000000,4.000000,0.734332,0.748733,0.591062,0.825419,0.917389,0.992993,1.070942
5.000000,156.000000,4.000000,0.812912,0.854844,0.580493,0.938601,1.041102,0.962901,1.497688
5.000000,157.000000,4.000000,0.745193,0.805018,0.404968,0.761557,1.422273,0.703067,1.714817
5.000000,158.000000,4.000000,0.750340,0.824917,0.261341,0.668830,2.042318,0.497024,2.137003
5.000000,159.000000,5.000000,0.832868,0.871486,0.689270,1.005198,2.609999,0.764295,2.732043
5.000000,160.000000,5.000000,0.765666,0.820792,0.638968,0.857522,2.418007,0.679134,2.519360
5.000000,161.000000,5.000000,0.773896,0.926618,0.667880,0.824357,2.497989,0.652998,2.590792
5.000000,162.000000,5.000000,0.864302,1.212085,1.018462,1.365299,2.856829,1.122975,2.968640
5.000000,163.000000,5.000000,0.794975,1.373142,1.585499,1.856709,2.650352,1.691397,2.735067
5.000000,164.000000,5.000000,0.889991,1.771858,2.712193,2.882049,3.036754,2.859707,3.149891
5.000000,165.000000,5.000000,0.821773,1.709246,3.510699,2.665423,4.296434,2.632375,4.288126
5.000000,166.000000,6.000000,0.835720,1.700300,5.658145,1.056279,7.717602,1.117093,7.330632
5.000000,167.000000,6.000000,0.933245,2.643478,9.343409,1.209795,14.452253,1.267646,14.091712
5.000000,168.000000,5.000000,0.863749,6.298229,8.973215,1.017039,25.054263,0.916973,24.927989
5.000000,169.000000,4.000000,0.876719,0.898151,0.902417,0.658445,1.651410,0.676510,1.701736
5.000000,170.000000,4.000000,0.979947,0.994014,1.055151,0.690423,1.886044,0.729843,1.946285
5.000000,171.000000,8.000000,0.904997,0.536530,1.462623,0.307518,2.176389,0.439552,2.490618
5.000000,172.000000,8.000000,0.918565,0.550719,1.458376,0.864484,2.630108,0.780254,2.533271
5.000000,173.000000,9.000000,1.024453,0.540526,1.559053,1.016132,2.965637,0.840487,2.858119
5.000000,174.000000,9.000000,0.943346,0.492885,1.418519,0.951455,2.706327,0.833929,2.626082
5.000000,175.000000,10.000000,1.053097,0.945100,1.703842,1.190674,3.131093,0.975367,3.027771
5.000000,176.000000,10.000000,0.971269,0.916025,1.575507,1.186682,2.934822,0.983102,2.852509
5.000000,177.000000,10.000000,0.984981,0.971952,1.617487,1.243407,3.011399,1.096981,2.958596
5.000000,178.000000,8.000000,1.097467,1.039901,1.744179,1.148256,3.436892,1.032871,3.377605
5.000000,179.000000,8.000000,1.009306,1.054828,1.571162,1.134856,3.277441,0.996581,3.181915
5.000000,180.000000,7.000000,1.017946,1.342643,1.448277,0.802218,3.412079,0.790397,3.303918
5.000000,181.000000,8.000000,1.127554,1.465077,1.694248,1.557025,3.682694,1.412654,3.607661
5.000000,182.000000,8.000000,1.032390,1.515543,1.695174,1.674984,3.412095,1.453649,3.659135
5.000000,183.000000,8.000000,1.038454,1.557031,1.684233,1.683695,3.794060,1.489728,3.934626
5.000000,184.000000,8.000000,1.151678,1.785192,2.263073,1.872915,5.288917,1.973230,5.482259
5.000000,185.000000,8.000000,1.054248,2.039371,2.430693,2.256500,4.078158,2.324515,4.167074
5.000000,186.000000,7.000000,1.062021,1.922863,2.704337,1.600634,4.235326,1.435704,4.346464
5.000000,187.000000,7.000000,1.172146,2.161167,3.650747,3.182444,5.229299,3.085619,5.276968
5.000000,188.000000,8.000000,1.073218,2.153250,5.056533,2.197468,4.936924,2.222430,5.139340
5.000000,189.000000,8.000000,1.188033,2.597045,8.466776,2.201346,8.427237,2.272525,8.383518
5.000000,190.000000,8.000000,1.086724,2.359256,11.501876,2.255309,12.594118,2.316470,12.562154
5.000000,191.000000,8.000000,1.095667,2.783751,18.808967,2.498588,23.008120,2.389094,23.005069
5.000000,192.000000,6.000000,1.216104,6.412357,32.200643,1.411154,53.776245,1.405386,53.823213
5.000000,193.000000,4.000000,1.114219,0.590162,1.167370,0.645789,9.683196,0.683975,9.632983
5.000000,194.000000,6.000000,1.121367,3.237462,2.358324,1.249038,10.752914,1.214956,10.810418
5.000000,195.000000,6.000000,1.244874,4.105702,2.844311,1.236001,14.082357,1.242711,14.117736
5.000000,196.000000,6.000000,1.144097,4.207760,2.765211,1.588667,14.231845,1.596976,14.224072
5.000000,197.000000,6.000000,1.154066,4.594766,3.266468,2.149297,15.935168,2.163264,15.919288
5.000000,198.000000,5.000000,1.278770,5.128988,6.207355,1.300590,22.018850,1.328157,22.011432
5.000000,199.000000,5.000000,1.172153,4.901383,8.141051,1.177830,22.919123,1.177617,22.885420
5.000000,200.000000,6.000000,1.183205,4.036814,15.099740,1.197305,25.848385,1.183523,25.851079
5.000000,201.000000,6.000000,1.316070,4.656672,35.084707,1.438325,56.615832,1.458284,56.668017
5.000000,202.000000,3.000000,1.207772,0.245877,0.222025,1.275693,1.238120,1.290923,1.236550
5.000000,203.000000,3.000000,1.338715,0.310534,0.281368,0.968171,1.315296,0.988157,1.351167
5.000000,204.000000,3.000000,1.221736,0.323853,0.294631,0.224336,0.682111,0.312439,0.805054
5.000000,205.000000,3.000000,1.226194,0.380717,0.347917,0.597266,0.774770,0.590009,0.643628
5.000000,206.000000,3.000000,1.356723,0.476499,0.437557,0.575271,1.150196,0.543035,0.935454
5.000000,207.000000,4.000000,1.236663,0.659700,0.130655,0.524511,1.565253,0.559660,1.369081
5.000000,208.000000,4.000000,1.236065,0.788397,0.243734,0.512644,2.284524,0.554951,2.176519
5.000000,209.000000,4.000000,1.362081,1.087857,0.446773,0.597923,3.849789,0.626748,3.787661
5.000000,210.000000,4.000000,1.244798,1.234080,0.643230,0.472603,6.337639,0.519757,6.367696
5.000000,211.000000,4.000000,1.250791,1.622060,1.053217,0.510260,9.625582,0.531460,9.642928
5.000000,212.000000,4.000000,1.383486,2.482598,1.937072,0.561514,17.546670,0.590006,17.606832
5.000000,213.000000,4.000000,1.261832,3.244528,2.995341,0.516943,28.710581,0.536425,28.800840
5.000000,214.000000,5.000000,1.391332,13.831794,24.838752,1.136269,71.993365,1.181082,72.067853
5.000000,215.000000,4.000000,1.270007,0.972672,1.696796,0.947098,5.328943,0.948735,5.419401
5.000000,216.000000,5.000000,1.275214,1.073334,3.023954,0.663785,3.823573,0.664314,3.842926
5.000000,217.000000,5.000000,1.410570,1.357350,4.620463,0.656270,5.910838,0.659673,5.925751
5.000000,218.000000,5.000000,1.287648,1.384113,5.759498,0.526071,7.750204,0.537842,7.763378
5.000000,219.000000,5.000000,1.293792,1.496391,7.731842,0.594501,12.039131,0.633949,12.058231
5.000000,220.000000,5.000000,1.431217,2.738047,11.760807,0.729919,22.581324,0.811329,22.621634
5.000000,221.000000,5.000000,1.308940,5.916001,18.129852,0.797439,38.510822,0.860809,38.578236
5.000000,222.000000,5.000000,1.446956,16.037535,37.695806,1.065690,101.299978,1.128155,101.493247
5.000000,223.000000,4.000000,1.323069,0.700335,1.092668,0.619069,5.391197,0.619413,5.511498
5.000000,224.000000,4.000000,1.329308,0.812629,1.391737,1.256031,1.880888,1.267753,1.808361
5.000000,225.000000,4.000000,1.469821,1.137699,2.066715,1.428331,3.007436,1.451344,2.851739
5.000000,226.000000,4.000000,1.343469,1.364439,2.540869,1.350786,3.815928,1.371172,3.686712
5.000000,227.000000,4.000000,1.348387,1.948220,3.643342,1.442109,5.478219,1.437759,5.516793
5.000000,228.000000,4.000000,1.487054,3.256558,5.982680,1.770938,9.234103,1.674295,9.475586
5.000000,229.000000,5.000000,1.357976,2.079072,9.360968,0.654284,14.797945,0.602430,15.109572
5.000000,230.000000,5.000000,1.364891,2.679614,13.740985,0.752398,25.131742,0.563693,25.443085
5.000000,231.000000,5.000000,1.505344,6.434592,24.392872,0.966051,54.871920,0.756412,55.136372
5.000000,232.000000,5.000000,1.374932,16.103259,48.595106,1.036803,120.047006,0.826758,119.928130
5.000000,233.000000,4.000000,1.382941,0.487194,0.562994,0.683807,3.327817,0.550044,3.482538
5.000000,234.000000,4.000000,1.531753,0.566090,0.832315,0.818430,1.536049,0.803542,1.676510
5.000000,235.000000,4.000000,1.396415,0.588427,1.002894,0.963099,1.420971,0.953293,1.502519
5.000000,236.000000,4.000000,1.401596,0.726498,1.366493,1.271637,1.419801,1.265289,1.440826
5.000000,237.000000,4.000000,1.550445,1.060072,2.059461,1.399844,2.566344,1.349215,2.646918
5.000000,238.000000,4.000000,1.417106,1.313408,2.564822,1.155739,3.768206,1.149198,3.818567
5.000000,239.000000,4.000000,1.496470,1.999340,3.882613,1.112422,6.375583,1.110859,6.377655
5.000000,240.000000,5.000000,1.496471,2.216423,8.177086,0.853293,10.724137,0.849740,10.727789
5.000000,241.000000,5.000000,1.435272,3.472907,11.656411,0.860588,16.881104,0.868479,16.885117
5.000000,242.000000,6.000000,1.585369,7.052607,24.007452,2.303868,36.727880,2.309831,36.718032
5.000000,243.000000,6.000000,1.448442,10.938111,39.920769,2.273432,69.559233,2.269741,69.560011
5.000000,244.000000,5.000000,1.454135,1.644903,3.942864,0.880114,4.657819,0.892936,4.673806
5.000000,245.000000,5.000000,1.606438,2.007663,4.825432,1.042973,6.223280,1.069231,6.260168
5.000000,246.000000,5.000000,1.467994,1.934636,4.822584,0.957031,7.745093,0.957179,7.728257
5.000000,247.000000,5.000000,1.472495,2.072121,5.394052,1.147837,8.467470,1.136333,8.472771
5.000000,248.000000,4.000000,1.624669,0.892647,1.588214,0.949141,5.651370,0.949167,5.628958
5.000000,249.000000,4.000000,1.482545,1.043943,1.931239,1.281565,2.367740,1.277099,2.372088
5.000000,250.000000,4.000000,1.491175,1.373031,2.600252,1.334190,3.470245,1.342505,3.418418
5.000000,251.000000,4.000000,1.643770,2.107114,4.010792,1.550749,5.638877,1.560590,5.570570
5.000000,252.000000,4.000000,1.498280,2.716187,5.115843,1.468813,7.527998,1.475704,7.486232
5.000000,253.000000,4.000000,1.502198,4.069627,7.439944,1.535999,11.685808,1.568112,11.650938
5.000000,254.000000,3.000000,1.658259,2.949882,2.839951,0.363305,21.624367,0.416384,21.616547
5.000000,255.000000,4.000000,1.509403,3.135342,3.788541,0.493376,37.264798,0.522528,37.324145
5.000000,256.000000,3.000000,1.511380,0.339793,0.304280,0.356111,0.610306,0.344036,0.737969
5.000000,257.000000,5.000000,1.666165,0.448468,0.722629,0.671607,0.941753,0.583168,0.943784
5.000000,258.000000,6.000000,1.517688,0.698179,1.015123,0.547982,1.631587,0.573317,1.897576
5.000000,259.000000,6.000000,1.666856,0.796617,1.345527,0.714828,1.894932,0.632683,1.704171
5.000000,260.000000,7.000000,1.507600,1.241545,1.934856,0.685045,2.115556,0.792466,2.181354
5.000000,261.000000,7.000000,1.511346,1.404870,2.472271,0.510204,2.695660,0.537411,2.710994
5.000000,262.000000,7.000000,1.665603,1.568085,3.635256,0.571051,4.023975,0.645882,4.032505
5.000000,263.000000,7.000000,1.516307,1.360900,4.377484,0.596625,4.927017,0.665517,4.932626
5.000000,264.000000,7.000000,1.514363,1.544303,6.154655,0.752226,7.033438,0.698788,7.109087
5.000000,265.000000,8.000000,1.662515,1.812229,10.918302,1.327780,12.800992,1.366746,13.111128
5.000000,266.000000,8.000000,1.509425,2.122308,14.823234,1.496734,18.361875,1.512496,18.506470
5.000000,267.000000,6.000000,1.509253,3.299353,19.653990,1.174339,32.118939,1.170906,32.138011
5.000000,268.000000,6.000000,1.658662,5.756986,39.595659,1.641429,73.520390,1.641348,73.515652
5.000000,269.000000,6.000000,1.507759,0.841468,3.209582,1.785234,2.919624,1.866365,2.990012
5.000000,270.000000,7.000000,1.507771,3.222195,3.790319,3.043177,4.162924,3.106685,4.075655
5.000000,271.000000,7.000000,1.656289,3.742991,5.841962,2.892007,7.053674,2.923856,7.099376
5.000000,272.000000,7.000000,1.505730,3.350825,7.640890,3.394488,9.257689,3.416247,9.310613
5.000000,273.000000,7.000000,1.505230,2.886325,11.691517,3.870568,14.753230,3.884570,14.815537
5.000000,274.000000,7.000000,1.656104,3.322316,22.551994,4.006085,29.245982,4.013449,29.325338
5.000000,275.000000,6.000000,1.506438,11.614739,31.926494,2.328679,51.769465,2.303979,51.815805
5.000000,276.000000,6.000000,1.658827,32.366099,58.359224,2.171681,138.987330,2.163654,139.006887
5.000000,277.000000,5.000000,1.510303,1.418262,3.441580,1.125764,3.962706,1.123426,3.945325
5.000000,278.000000,5.000000,1.510670,1.842172,5.271661,0.383682,6.457919,0.404840,6.445159
5.000000,279.000000,5.000000,1.663338,2.780170,8.396875,0.415441,10.777036,0.440104,10.765361
5.000000,280.000000,5.000000,1.512816,3.523746,10.876911,0.314426,15.199883,0.373367,15.205669
5.000000,281.000000,5.000000,1.516056,5.346968,16.802963,0.707382,27.309437,0.738520,27.326940
5.000000,282.000000,4.000000,1.669728,18.221819,32.169204,0.665140,62.543879,0.687582,62.558683
5.000000,283.000000,3.000000,1.522796,0.095748,0.095724,0.228415,0.220685,0.245954,0.252412
5.000000,284.000000,4.000000,1.523996,1.417131,2.492404,0.345923,4.458791,0.329249,4.490796
5.000000,285.000000,4.000000,1.675552,2.025170,3.151125,2.216366,3.591941,2.206529,3.618919
5.000000,286.000000,4.000000,1.525525,2.404605,3.184230,2.766695,3.866191,2.769074,3.856405
5.000000,287.000000,3.000000,1.677551,2.928841,2.899193,3.749373,4.617212,3.760366,4.607513
5.000000,288.000000,3.000000,1.523771,4.248358,4.175473,0.451587,9.797093,0.456352,9.821245
5.000000,289.000000,3.000000,1.524279,7.065174,6.850045,0.596229,17.483717,0.602379,17.510360
7.000000,41.000000,3.000000,0.420925,0.257154,0.256710,6.036061,9.855825,1.259558,1.412483
7.000000,43.000000,3.000000,0.439171,0.574069,0.552846,4.073075,8.301179,0.820705,1.649893
7.000000,45.000000,3.000000,0.461185,2.033420,1.914286,2.821803,5.072103,1.400227,15.370861
7.000000,46.000000,4.000000,0.468237,3.264151,4.259010,4.206518,4.599193,0.982778,16.366158
7.000000,47.000000,4.000000,0.478389,3.076001,4.298742,5.680463,7.402715,0.852204,16.471440
7.000000,48.000000,4.000000,0.538883,3.128154,4.766922,6.649061,9.649205,0.704308,18.044155
7.000000,49.000000,4.000000,0.498665,2.749896,4.629458,5.986469,9.802399,0.504435,16.671834
7.000000,50.000000,5.000000,0.518808,3.214054,4.605710,5.149657,12.097048,0.745446,18.345351
7.000000,51.000000,5.000000,0.576460,3.931113,5.765214,5.168733,16.310211,0.741817,22.374105
7.000000,52.000000,5.000000,0.530964,3.642094,5.686305,4.275180,17.414533,0.805641,22.570303
7.000000,53.000000,5.000000,0.594664,4.419853,7.162367,3.927119,23.269202,0.958297,28.580818
7.000000,54.000000,5.000000,0.551246,4.324696,7.278631,2.926077,25.539080,0.739600,30.160271
7.000000,55.000000,4.000000,0.560343,0.525958,0.660077,2.718442,1.321438,0.356450,1.612150
7.000000,56.000000,4.000000,0.621103,0.451527,0.597738,2.489213,1.516141,0.522887,1.649825
7.000000,57.000000,4.000000,0.576790,0.905407,0.219820,2.190254,2.233664,0.684695,2.259075
7.000000,58.000000,4.000000,0.627963,1.023417,0.512191,1.944028,0.739693,0.434564,3.071031
7.000000,59.000000,4.000000,0.591028,1.311943,0.657601,1.664138,2.003084,0.334991,4.090290
7.000000,60.000000,4.000000,0.586957,1.514580,0.807573,1.209682,3.767073,0.544026,4.985148
7.000000,61.000000,5.000000,0.661681,2.035600,1.645557,1.281624,6.026465,0.977484,6.900450
7.000000,62.000000,4.000000,0.613024,2.738439,0.841841,1.888925,7.897346,1.590181,8.563629
7.000000,63.000000,4.000000,0.624600,2.724794,1.092266,1.514133,8.927134,1.243528,9.416491
7.000000,64.000000,4.000000,0.697524,3.676587,1.351898,2.047035,12.551747,1.703349,13.145470
7.000000,65.000000,5.000000,0.644511,3.493423,2.725594,1.923570,13.630676,1.893611,14.029933
7.000000,66.000000,5.000000,0.658241,4.557136,3.135119,2.702479,18.293124,2.783153,18.388779
7.000000,67.000000,5.000000,0.739914,6.638319,4.489352,3.826538,26.789445,3.798147,26.851266
7.000000,68.000000,5.000000,0.679338,7.636031,5.479421,2.916803,29.654251,2.942778,29.776897
7.000000,69.000000,5.000000,0.762208,11.623444,8.914616,4.984553,47.505775,4.998471,47.582881
7.000000,70.000000,4.000000,0.695624,2.810619,0.549534,3.452803,4.525304,3.444096,4.424662
7.000000,71.000000,4.000000,0.709293,3.625324,0.539986,4.594114,5.628564,4.561066,5.581872
7.000000,72.000000,4.000000,0.782886,3.364476,1.074214,3.556382,6.966987,3.542430,6.802319
7.000000,73.000000,5.000000,0.732845,4.100609,2.650990,4.082703,9.624752,4.137546,9.703854
7.000000,74.000000,5.000000,0.741188,4.107537,3.084852,3.343379,15.017350,3.290050,15.011505
7.000000,75.000000,5.000000,0.825733,6.334282,3.704234,4.884967,22.430751,4.884399,22.522297
7.000000,76.000000,5.000000,0.755629,6.201556,5.473392,4.647034,26.055903,4.705292,26.159427
7.000000,77.000000,7.000000,0.760493,6.723095,8.771857,2.698204,42.658356,2.742110,42.655073
7.000000,78.000000,7.000000,0.847066,9.737520,15.469701,2.833047,69.085538,2.929389,68.889593
7.000000,79.000000,6.000000,0.773914,4.633106,4.126161,2.040657,19.070319,2.032147,19.053541
7.000000,80.000000,6.000000,0.850935,5.964612,7.325020,1.868669,26.853981,1.852127,26.747991
7.000000,81.000000,6.000000,0.780435,6.332971,8.360691,1.814471,30.951461,1.807610,30.886733
7.000000,82.000000,6.000000,0.787478,7.836411,10.948416,1.898965,45.512780,1.908304,45.544218
7.000000,83.000000,5.000000,0.873297,8.453368,9.692498,1.680746,42.769824,1.647198,42.881005
7.000000,84.000000,4.000000,0.800653,1.197569,2.175783,1.271732,2.062881,1.240387,2.141925
7.000000,85.000000,4.000000,0.805396,1.438641,2.423169,1.784645,2.145949,1.738665,2.340948
7.000000,86.000000,4.000000,0.889569,1.800274,3.058312,2.229950,2.702961,2.256227,2.658913
7.000000,87.000000,4.000000,0.812313,1.760098,3.063389,1.979451,5.568103,1.972089,5.639301
7.000000,88.000000,4.000000,0.815395,1.951515,3.432368,2.108705,6.861056,2.117335,6.895465
7.000000,89.000000,4.000000,0.900998,2.793183,4.995705,3.058135,19.321295,3.072162,19.318398
7.000000,90.000000,4.000000,0.824637,3.052896,5.234436,3.384167,21.862300,3.416490,21.861288
7.000000,91.000000,4.000000,0.912794,4.343147,7.170660,4.606877,31.657556,4.652477,31.676933
7.000000,92.000000,4.000000,0.834350,4.923182,7.760691,5.239510,37.393049,5.301667,37.413392
7.000000,93.000000,3.000000,0.668775,1.787613,1.744167,1.618782,7.606717,1.671285,7.700555
7.000000,94.000000,3.000000,1.088535,3.449290,3.353454,2.585491,15.847350,2.711543,15.996468
7.000000,95.000000,3.000000,0.847642,2.988967,2.910960,2.106793,14.638491,2.251822,14.787352
7.000000,96.000000,3.000000,0.857453,3.818617,3.718196,1.967435,20.365692,2.212546,20.692752
7.000000,97.000000,3.000000,0.945272,5.286729,5.159512,2.405205,31.440313,2.590118,31.691825
7.000000,98.000000,3.000000,0.860344,5.974191,5.860160,2.039849,40.018654,2.207247,40.153792
7.000000,135.000000,3.000000,0.931157,4.135474,4.036324,3.215844,17.937507,3.114539,17.981558
7.000000,136.000000,3.000000,1.025378,5.995908,5.849380,4.386963,27.149678,4.272042,27.236584
7.000000,137.000000,3.000000,0.934883,6.986329,6.803165,4.658075,33.468368,4.600077,33.523281
7.000000,138.000000,3.000000,1.024334,10.551435,10.257224,6.759186,55.115025,6.719679,55.033438
7.000000,139.000000,3.000000,0.931771,2.166217,1.893804,1.303138,7.622090,1.219993,7.735589
7.000000,141.000000,4.000000,1.028661,5.520501,3.219646,1.374333,16.706475,1.317169,16.849234
7.000000,142.000000,4.000000,0.934130,6.572530,3.169690,1.519949,20.516558,1.411602,20.741352
7.000000,143.000000,5.000000,0.929277,7.747590,6.463266,2.152983,31.947729,2.234920,32.086608
7.000000,144.000000,5.000000,1.016964,12.530726,9.500919,4.573197,56.385485,4.639579,56.445971
7.000000,145.000000,4.000000,0.921348,1.138066,1.147840,3.051671,7.316150,3.045618,7.338288
7.000000,146.000000,4.000000,0.921716,1.330028,1.312410,3.704744,9.034495,3.707219,9.050271
7.000000,147.000000,5.000000,1.008579,2.835664,3.691813,1.323749,12.682886,1.287104,12.725890
7.000000,148.000000,5.000000,0.912211,3.116469,4.548195,1.046644,14.485466,1.176585,14.695513
7.000000,149.000000,5.000000,0.999672,4.506090,6.471296,1.266770,20.770940,1.552632,21.173039
7.000000,150.000000,6.000000,0.905043,5.997527,7.225896,1.865868,26.380452,1.849468,26.541056
7.000000,151.000000,6.000000,0.900736,7.341326,9.590628,1.933947,35.750784,1.921518,35.815908
7.000000,152.000000,6.000000,0.987972,11.154429,16.844021,2.468168,59.626145,2.447125,59.491994
7.000000,153.000000,5.000000,0.896780,12.081255,12.124122,2.810355,55.635113,2.780376,55.426895
7.000000,154.000000,4.000000,0.895394,1.866471,1.828967,3.012427,2.313664,2.990735,2.279696
7.000000,155.000000,5.000000,0.989889,3.986639,2.866287,4.697896,3.184822,4.633669,3.396038
7.000000,156.000000,5.000000,0.898764,3.838466,3.327088,4.607671,3.606599,4.824255,3.969779
7.000000,157.000000,5.000000,0.897214,4.359681,4.152749,2.982604,9.425210,3.189935,9.795340
7.000000,158.000000,6.000000,0.978237,5.138429,6.283772,2.486764,14.590078,2.797878,15.140753
7.000000,159.000000,6.000000,0.889929,5.383880,7.940251,2.226395,17.837526,2.544744,18.374905
7.000000,160.000000,6.000000,0.885342,6.655171,10.332424,2.545137,24.452606,2.850684,24.877554
7.000000,161.000000,6.000000,0.972642,9.430516,15.191639,3.307981,39.298445,3.625426,39.615183
7.000000,162.000000,6.000000,0.882474,10.683159,18.150386,3.488202,51.419923,3.900261,51.780836
7.000000,163.000000,4.000000,0.972525,3.191463,2.822781,2.921855,4.469931,3.133467,5.304660
7.000000,164.000000,4.000000,0.884505,3.323492,3.353317,2.821961,4.475924,3.070930,5.271979
7.000000,165.000000,4.000000,0.882217,4.077764,4.411483,3.793553,6.934893,4.159534,7.374194
7.000000,166.000000,4.000000,0.963805,5.735265,6.515302,4.991425,10.530912,5.407623,11.029794
7.000000,167.000000,4.000000,0.872825,6.480176,7.888470,3.168898,19.250899,3.341401,18.908025
7.000000,168.000000,4.000000,0.873156,8.564719,10.425495,4.283528,34.770093,4.594672,35.032337
7.000000,169.000000,4.000000,0.961412,12.547563,16.421945,6.074371,54.169494,6.510413,54.916704
7.000000,170.000000,4.000000,0.880937,15.102774,21.006591,7.069277,70.482147,7.432339,71.556867
7.000000,171.000000,3.000000,0.877838,2.580804,2.366727,3.970803,20.669281,3.844669,20.409509
7.000000,172.000000,3.000000,0.962191,4.089429,3.739098,8.525190,35.539434,8.416242,35.077762
7.000000,173.000000,4.000000,0.875024,8.245956,3.890564,7.343620,53.156561,7.315728,53.008693
7.000000,174.000000,3.000000,0.964998,1.157239,1.156183,0.428868,18.310367,0.473526,18.316586
7.000000,175.000000,3.000000,0.878457,1.178759,1.178198,0.349659,19.718608,0.473539,19.808476
7.000000,176.000000,3.000000,0.877449,1.391244,1.390688,0.657571,22.608948,0.782393,22.682769
7.000000,177.000000,3.000000,0.968178,1.774328,1.773704,0.926626,32.253433,0.981512,32.273215
7.000000,178.000000,3.000000,0.880279,1.815656,1.815098,0.828212,36.794141,0.892276,36.854479
7.000000,179.000000,4.000000,0.877081,4.763554,5.383967,0.865231,54.824212,0.772619,54.820244
7.000000,181.000000,3.000000,0.878925,0.029358,0.028903,0.569434,0.636004,0.402132,0.331734
7.000000,182.000000,3.000000,0.971547,0.029723,0.029234,0.637604,0.691861,0.504078,0.378944
7.000000,183.000000,3.000000,0.890455,0.038752,0.038108,0.496351,0.260934,0.265667,0.281543
7.000000,184.000000,4.000000,0.898376,2.411149,4.694162,0.446641,15.046773,0.302866,15.162705
7.000000,185.000000,4.000000,0.988216,3.098518,6.028950,0.527241,20.748663,0.374011,20.852233
7.000000,186.000000,4.000000,0.900670,3.141078,6.097164,0.518947,22.800346,0.337802,22.872822
7.000000,187.000000,5.000000,0.901704,5.830286,5.191935,0.555055,29.003746,0.347935,29.161373
7.000000,188.000000,5.000000,0.990718,7.489601,7.460729,0.681215,41.500284,0.457577,41.732559
7.000000,189.000000,5.000000,0.896883,8.684874,8.926740,0.701034,51.072509,0.454414,51.325583
7.000000,190.000000,4.000000,0.898247,1.379590,2.683561,0.778885,6.457794,0.553782,6.523053
7.000000,191.000000,4.000000,0.902309,1.715934,3.259235,0.740366,8.236067,0.496371,8.338224
7.000000,192.000000,4.000000,0.990132,2.131276,4.107976,0.927394,10.620608,0.694220,10.749690
7.000000,193.000000,4.000000,0.890155,2.524261,4.862631,0.785925,13.024175,0.584325,13.115251
7.000000,194.000000,4.000000,0.977642,3.425163,6.576642,1.052116,18.571445,0.834335,18.626359
7.000000,195.000000,4.000000,0.882364,3.764110,7.350642,0.620577,22.496347,0.488559,22.532640
7.000000,196.000000,4.000000,0.973993,5.169615,10.122297,0.755243,33.267536,0.623729,33.322362
7.000000,197.000000,4.000000,0.882179,5.819552,11.323124,0.674064,40.835809,0.595131,40.942348
7.000000,198.000000,4.000000,0.879087,7.368210,14.254803,0.717581,56.985569,0.653214,57.166825
7.000000,199.000000,3.000000,0.963363,0.273359,0.266826,0.700112,1.308364,0.676324,1.300804
7.000000,200.000000,3.000000,0.869750,0.284305,0.278782,0.772605,1.315538,0.675273,1.320727
7.000000,201.000000,3.000000,0.869566,0.281070,0.275232,0.834103,1.411658,0.740156,1.406397
7.000000,202.000000,3.000000,0.947981,0.309261,0.302428,0.815979,1.817899,0.812647,1.803928
7.000000,203.000000,3.000000,0.856413,0.342418,0.334407,0.992316,1.809288,0.897022,1.808442
7.000000,204.000000,3.000000,0.846685,0.395721,0.385096,0.707398,2.800615,0.763198,2.780673
7.000000,205.000000,3.000000,0.923073,0.410405,0.397313,0.862580,3.509209,0.937447,3.515790
7.000000,206.000000,3.000000,0.828268,0.355244,0.342032,0.873993,3.746765,0.908870,3.748074
7.000000,207.000000,3.000000,0.901194,0.448589,0.431211,1.085789,4.884476,1.135848,4.885937
7.000000,208.000000,4.000000,0.806674,1.493284,2.408117,0.874318,5.284612,0.898780,5.173910
7.000000,209.000000,4.000000,0.796140,1.693467,2.844037,0.927153,6.277037,0.977013,6.271943
7.000000,210.000000,4.000000,0.860268,2.121313,3.631433,1.146462,8.095928,1.204035,8.104722
7.000000,211.000000,4.000000,0.765084,2.191122,3.822366,1.159625,8.600545,1.204384,8.615170
7.000000,212.000000,4.000000,0.750408,2.563671,4.527925,1.707738,12.828239,1.705110,12.825048
7.000000,213.000000,4.000000,0.808154,3.575653,6.310652,2.504671,18.608390,2.519692,18.575745
7.000000,214.000000,4.000000,0.729601,4.197806,7.265357,2.553411,21.588821,2.577284,21.569538
7.000000,215.000000,5.000000,0.726416,3.522149,9.399041,0.425334,28.340911,0.635342,28.368148
7.000000,216.000000,5.000000,0.796050,4.739486,13.096664,0.513733,40.207239,0.751868,40.140548
7.000000,217.000000,6.000000,0.717065,9.421819,16.897104,0.896524,47.338425,0.908653,47.216887
7.000000,218.000000,4.000000,0.711613,2.587096,2.047697,0.631841,8.040966,0.762195,7.936113
7.000000,219.000000,4.000000,0.775281,3.485627,2.612497,0.850174,10.786981,0.931919,10.695917
7.000000,220.000000,4.000000,0.696995,3.748526,2.767378,0.876730,11.755826,0.916908,11.706116
7.000000,221.000000,5.000000,0.758038,4.267290,7.503445,1.301744,15.990798,1.292345,16.004551
7.000000,222.000000,5.000000,0.678499,4.533858,7.827348,1.377721,17.206626,1.329291,17.268248
7.000000,223.000000,5.000000,0.667266,5.719714,9.162640,0.291549,24.335225,0.373873,24.533262
7.000000,224.000000,5.000000,0.719081,7.668264,11.516018,0.426511,33.038323,0.481776,33.295386
7.000000,225.000000,4.000000,0.642861,1.067492,2.046934,0.420565,3.081821,0.359284,3.253014
7.000000,226.000000,3.000000,0.627199,0.472995,0.472611,0.536182,3.389510,0.253351,3.614075
7.000000,227.000000,3.000000,0.677023,0.571965,0.571471,0.663990,4.256685,0.287859,4.588304
7.000000,228.000000,3.000000,0.607404,0.576129,0.575597,0.648681,4.482994,0.260680,4.856975
7.000000,229.000000,3.000000,0.664385,0.680740,0.680065,1.004580,5.798812,0.311940,6.330191
7.000000,230.000000,3.000000,0.596178,0.616269,0.615615,1.202317,5.845463,0.292164,6.410879
7.000000,231.000000,3.000000,0.588885,0.632748,0.632117,1.423058,6.538505,0.353663,7.171295
7.000000,232.000000,3.000000,0.640585,0.751965,0.751130,1.635259,8.766136,0.236951,9.174574
7.000000,233.000000,3.000000,0.575632,0.765885,0.765294,1.517541,9.302533,0.256984,9.668980
7.000000,234.000000,3.000000,0.578064,0.982741,0.981991,1.471293,11.662035,0.314498,12.081106
7.000000,235.000000,3.000000,0.632106,1.299958,1.298276,1.661872,15.732457,0.358919,16.601868
7.000000,236.000000,3.000000,0.571005,1.283416,1.281099,1.538232,16.032026,0.340917,17.796577
7.000000,237.000000,3.000000,0.565778,1.504148,1.501061,1.507991,18.796343,0.307558,22.035454
7.000000,352.000000,3.000000,0.637152,1.432833,1.304885,3.673777,5.236284,1.106645,6.732347
7.000000,353.000000,3.000000,0.706490,1.488217,1.375325,4.397199,5.720394,1.111770,7.387225
7.000000,354.000000,3.000000,0.643704,1.315581,1.218481,4.158623,5.550290,1.005259,7.036792
7.000000,355.000000,3.000000,0.646590,1.256622,1.169630,4.187767,5.695241,0.939040,7.152590
7.000000,356.000000,3.000000,0.716758,1.343751,1.260361,4.623775,6.486872,0.953792,7.969961
7.000000,357.000000,3.000000,0.657820,1.157309,1.088013,4.174038,6.101071,0.813354,7.484454
7.000000,358.000000,3.000000,0.659471,1.217027,1.147636,4.206765,7.101000,0.552790,8.388137
7.000000,359.000000,4.000000,0.665071,2.390815,3.388930,3.560220,8.500789,0.442282,8.833463
7.000000,360.000000,3.000000,0.741904,0.219752,0.216280,3.431794,1.789361,0.413571,0.332657
7.000000,361.000000,3.000000,0.682012,0.175556,0.172701,3.037595,1.426987,0.375886,0.278256
7.000000,362.000000,3.000000,0.763528,0.183411,0.180169,3.259732,1.356253,0.412508,0.260968
7.000000,363.000000,4.000000,0.709791,2.797315,4.872316,2.683931,13.319638,0.392708,14.007448
7.000000,364.000000,4.000000,0.716582,2.927517,5.206065,2.197988,15.047841,0.362473,15.677300
7.000000,365.000000,4.000000,0.790137,3.470064,6.361248,2.010876,19.985317,0.388925,20.605616
7.000000,366.000000,4.000000,0.725710,3.469065,6.429256,1.538997,21.922215,0.365289,22.418376
7.000000,367.000000,4.000000,0.735036,3.943764,7.356888,1.455879,26.716067,0.362345,27.283526
7.000000,368.000000,4.000000,0.820103,5.066120,9.493653,1.671031,36.843384,0.404467,37.785531
7.000000,369.000000,4.000000,0.756128,5.316732,9.985981,1.571049,43.039752,0.382265,44.372620
7.000000,370.000000,3.000000,0.839320,0.286149,0.277523,1.774608,0.692962,0.392432,0.213968
7.000000,371.000000,3.000000,0.775354,0.267980,0.260369,1.820983,0.674363,0.370981,0.243401
7.000000,372.000000,3.000000,0.783117,0.339100,0.329829,1.997730,0.777351,0.462257,0.212399
7.000000,373.000000,3.000000,0.787401,0.466937,0.454714,1.949426,0.898080,0.455644,0.230139
7.000000,374.000000,3.000000,0.869098,0.550770,0.535017,2.064515,1.149392,0.522317,0.337548
7.000000,375.000000,3.000000,0.787118,0.650422,0.633493,2.264675,1.596992,0.290864,1.593258
7.000000,376.000000,3.000000,0.869287,0.825112,0.801893,2.422115,1.902105,0.371883,2.053097
7.000000,377.000000,3.000000,0.788464,0.970676,0.939232,2.189375,1.650583,0.484231,2.449464
7.000000,378.000000,3.000000,0.796099,1.083512,1.047787,2.022299,1.130541,0.537969,2.773330
7.000000,379.000000,3.000000,0.875910,1.310789,1.261160,2.126512,0.775721,0.287858,3.980902
7.000000,380.000000,3.000000,0.797332,1.274245,1.220022,1.617871,1.804483,0.275018,4.145409
7.000000,381.000000,3.000000,0.795386,1.480092,1.415133,1.412638,3.257547,0.327262,5.099458
7.000000,382.000000,3.000000,0.876895,1.995499,1.899227,1.348249,5.614802,0.446773,7.062240
7.000000,383.000000,3.000000,0.801109,1.871721,1.781480,0.787229,6.620986,0.406347,7.164017
7.000000,384.000000,3.000000,0.800969,2.032032,1.919423,0.632060,7.909885,0.428797,8.141201
7.000000,385.000000,3.000000,0.886370,2.394437,2.258486,0.420470,10.644435,0.494390,10.430684
7.000000,386.000000,3.000000,0.810435,2.494204,2.344650,0.378474,11.707893,0.520317,11.522845
7.000000,387.000000,3.000000,0.903356,2.972642,2.783007,0.398627,15.271456,0.585617,14.884963
7.000000,388.000000,3.000000,0.825768,3.016723,2.817423,0.465854,16.810296,0.592934,16.435916
7.000000,389.000000,4.000000,0.826511,2.891556,5.558674,0.701920,20.053471,0.618497,19.894779
7.000000,390.000000,3.000000,0.827910,4.351128,4.101702,0.514312,24.932029,0.715751,24.597211
7.000000,391.000000,3.000000,0.909765,6.145833,5.792888,0.579459,35.662796,0.914777,35.320978
7.000000,392.000000,3.000000,0.831850,7.048205,6.665082,0.629107,41.928383,1.015648,41.798585
7.000000,401.000000,3.000000,0.941843,3.730580,3.210200,2.783908,16.744342,2.758081,16.812657
7.000000,402.000000,4.000000,0.858996,5.431176,1.084494,2.223733,20.296444,2.288403,20.255840
7.000000,403.000000,5.000000,0.860067,6.260862,4.789173,3.316604,28.026490,3.451219,27.850711
7.000000,404.000000,5.000000,0.860310,8.912264,6.164230,3.864742,39.080593,4.087539,38.772663
7.000000,405.000000,5.000000,0.946688,2.546916,2.747836,1.996560,4.259009,2.120123,4.128477
7.000000,406.000000,4.000000,0.861926,1.577086,1.125601,3.883105,5.205984,3.911691,5.130803
7.000000,407.000000,5.000000,0.951693,1.681040,2.545757,2.012786,8.650621,2.338694,9.178960
7.000000,408.000000,5.000000,0.861524,1.911898,2.658322,1.765641,10.343891,2.052826,10.800342
7.000000,409.000000,6.000000,0.862101,3.667543,5.980390,2.655676,13.280811,2.653373,13.648748
7.000000,410.000000,6.000000,0.947395,5.348150,8.317140,3.360484,19.722449,3.357805,20.011226
7.000000,411.000000,6.000000,0.861818,6.483624,8.980155,3.019428,29.331761,3.044885,29.516363
7.000000,412.000000,6.000000,0.861911,8.323979,11.960567,4.358190,47.456041,4.386084,47.668374
7.000000,413.000000,5.000000,0.949104,3.657851,3.275944,1.569511,10.233946,1.763245,10.304199
7.000000,414.000000,5.000000,0.864328,3.754051,3.627348,1.488478,11.481294,1.675021,11.578563
7.000000,415.000000,5.000000,0.949001,4.792338,5.063187,1.751062,16.395362,1.967218,16.544947
7.000000,416.000000,5.000000,0.858399,5.083944,5.766234,1.737038,19.345450,1.884175,19.412629
7.000000,417.000000,5.000000,0.853115,6.371342,7.739677,1.550036,28.542741,1.661510,28.230008
7.000000,418.000000,5.000000,0.937759,9.163353,11.647870,2.473196,47.958152,2.573346,47.725733
7.000000,419.000000,4.000000,0.853600,7.735433,14.962252,2.171363,54.895487,2.231724,54.809110
7.000000,420.000000,3.000000,0.853520,0.589227,0.553541,1.945736,3.310742,1.930067,3.315940
7.000000,421.000000,3.000000,0.936427,0.727155,0.682397,2.475354,4.351488,2.450650,4.358834
7.000000,422.000000,3.000000,0.848378,0.650778,0.609938,2.466215,4.719048,2.382950,4.744648
7.000000,423.000000,4.000000,0.848175,1.949419,3.028948,1.837116,5.736370,1.832376,5.764613
7.000000,424.000000,4.000000,0.928513,2.564474,4.225307,2.122075,10.432426,2.126568,10.498713
7.000000,425.000000,4.000000,0.836877,2.749790,4.668158,2.190555,12.125313,2.189389,12.135634
7.000000,426.000000,4.000000,0.832374,3.272919,5.855405,2.466688,15.843767,2.462673,15.837491
7.000000,427.000000,4.000000,0.914088,4.472001,8.197589,3.377817,23.158179,3.353100,23.262353
7.000000,428.000000,5.000000,0.827593,5.904836,6.390270,4.356882,36.707453,4.368257,36.639801
7.000000,429.000000,5.000000,0.905566,9.219096,10.707689,6.178196,59.564021,6.150534,59.289741
7.000000,430.000000,4.000000,0.826520,2.445678,4.229229,3.809747,14.198977,3.846229,14.233613
7.000000,431.000000,4.000000,0.824882,2.820284,4.976365,4.615313,17.778458,4.708892,17.859691
7.000000,432.000000,4.000000,0.907223,4.359635,7.969571,7.218310,33.708778,7.265290,33.970065
7.000000,433.000000,4.000000,0.824484,4.260980,7.685596,8.801955,38.117897,8.837309,38.289696
7.000000,434.000000,3.000000,0.819156,3.625634,3.346867,0.417141,21.539151,0.493289,21.406799
7.000000,435.000000,3.000000,0.903532,5.045755,4.672498,0.685193,30.975769,0.597456,31.103993
7.000000,436.000000,3.000000,0.821533,5.787960,5.393862,0.676581,37.509310,0.647617,37.534637
7.000000,437.000000,3.000000,0.818352,7.602320,7.132121,0.953740,52.270007,0.785256,52.293358
7.000000,453.000000,3.000000,0.861437,3.453107,3.384551,3.457680,14.727319,3.576744,14.674220
7.000000,454.000000,3.000000,0.951202,4.778493,4.680433,5.515897,23.121503,5.710750,23.086974
7.000000,455.000000,3.000000,0.865462,5.362448,5.249053,5.957071,26.944484,6.103719,26.940425
7.000000,456.000000,3.000000,0.866347,6.961497,6.816005,7.362592,36.781648,7.497869,36.758871
7.000000,457.000000,5.000000,0.958490,10.312372,10.083085,1.599658,62.110890,1.416142,62.224950
7.000000,458.000000,4.000000,0.871217,2.175463,4.067228,0.847778,13.957218,0.813153,14.030232
7.000000,459.000000,5.000000,0.874460,2.375523,6.149660,0.544959,17.935297,0.568323,17.938314
7.000000,460.000000,5.000000,0.958771,3.053169,7.770862,0.944830,24.757389,0.930885,24.718245
7.000000,461.000000,6.000000,0.876818,5.856425,6.963078,0.724126,30.232503,0.704183,30.209837
7.000000,462.000000,5.000000,0.878328,7.546003,5.654909,0.869963,42.666025,1.021176,42.929956
7.000000,463.000000,5.000000,0.964833,2.498956,2.757650,0.968685,7.553235,1.115773,7.615143
7.000000,464.000000,5.000000,0.877126,2.696067,2.710353,0.918093,8.130052,1.052839,8.213074
7.000000,465.000000,5.000000,0.966927,3.470216,3.287957,1.193662,10.872040,1.138569,10.933179
7.000000,466.000000,5.000000,0.881976,3.910592,3.415214,1.125160,12.542903,1.247675,12.585464
7.000000,467.000000,6.000000,0.883680,3.845497,4.422711,1.318225,15.814411,1.312122,15.861664
7.000000,468.000000,6.000000,0.975228,5.218156,5.906402,1.145113,24.799803,1.064354,24.905543
7.000000,469.000000,6.000000,0.886697,5.758658,6.419397,1.189215,29.341955,1.076246,29.510768
7.000000,470.000000,6.000000,0.886449,7.290408,8.973521,1.359957,40.686667,1.208239,40.911626
7.000000,471.000000,5.000000,0.970265,4.037132,3.558030,1.608264,10.218613,1.471025,10.437987
7.000000,472.000000,5.000000,0.881275,4.280430,3.513706,1.585987,11.451993,1.496948,11.657895
7.000000,473.000000,5.000000,0.877010,5.307512,3.818323,1.809919,15.096034,1.682679,15.195341
7.000000,474.000000,5.000000,0.959772,7.109802,4.495599,1.376177,25.979232,1.234706,26.163352
7.000000,475.000000,5.000000,0.870886,8.094558,5.365263,1.359195,31.518820,1.235451,31.592750
7.000000,476.000000,5.000000,0.956566,11.689905,8.434924,1.639090,49.190893,1.564737,49.186188
7.000000,477.000000,4.000000,0.867605,1.849356,3.426290,1.061185,8.434147,1.052660,8.236042
7.000000,478.000000,4.000000,0.865820,2.154458,3.949078,1.293464,10.140318,1.289635,10.039886
7.000000,479.000000,4.000000,0.948362,2.836702,5.149616,1.748301,14.158335,1.740750,14.018217
7.000000,480.000000,4.000000,0.860508,3.023273,5.524132,1.881782,16.129368,1.873347,16.019777
7.000000,481.000000,4.000000,0.861149,3.697849,6.825886,2.515443,25.311446,2.542921,25.358607
7.000000,482.000000,4.000000,0.942931,5.375838,10.033263,3.261406,38.783183,3.304932,38.764230
7.000000,483.000000,4.000000,0.856255,6.799795,12.771646,3.526051,49.750014,3.569454,49.770097
7.000000,484.000000,3.000000,0.855733,2.524231,2.442392,0.161051,8.405525,0.174384,8.423229
7.000000,485.000000,5.000000,0.942304,3.713078,3.137015,1.502854,11.118883,1.492470,11.171235
7.000000,486.000000,5.000000,0.854486,4.157789,3.148638,1.447503,12.436203,1.489737,12.511266
7.000000,487.000000,4.000000,0.938528,5.388869,1.360850,1.781553,20.664412,1.772640,20.734178
7.000000,488.000000,4.000000,0.847600,6.176242,0.993119,1.849794,24.575813,1.850121,24.602564
7.000000,489.000000,4.000000,0.843942,8.196697,1.246932,3.416630,37.227292,3.420315,37.189278
7.000000,490.000000,4.000000,0.927576,11.041973,2.972649,4.208175,52.820881,4.211952,52.771515
7.000000,491.000000,3.000000,0.841119,1.303175,1.250612,4.060084,4.895448,4.072540,4.899589
7.000000,492.000000,3.000000,0.836353,1.499296,1.434040,4.923589,5.736312,4.879841,5.821255
7.000000,493.000000,3.000000,0.915233,2.191808,2.088137,6.219678,8.332981,6.195199,8.381324
7.000000,494.000000,3.000000,0.828768,2.245589,2.129891,6.853797,8.975625,6.818073,9.041641
7.000000,495.000000,4.000000,0.832760,2.926864,2.942721,4.836361,11.043416,4.839258,11.075733
7.000000,496.000000,4.000000,0.914984,3.849748,4.243196,6.583905,15.636771,6.593407,15.661785
7.000000,497.000000,6.000000,0.828576,5.080341,2.981026,1.650272,18.469184,1.659302,18.489817
7.000000,498.000000,6.000000,0.913749,6.964784,4.975182,2.003220,27.156004,2.012882,27.301594
7.000000,499.000000,6.000000,0.821595,7.933097,6.521674,2.081039,33.436537,2.069789,33.466316
7.000000,500.000000,6.000000,0.819354,9.360111,8.538494,2.255005,45.197276,2.225302,45.128652
7.000000,501.000000,4.000000,0.899893,1.637285,1.038639,1.443253,2.695185,1.443436,2.690926
7.000000,502.000000,4.000000,0.822567,1.678881,1.149976,1.508002,2.732087,1.527170,2.742171
7.000000,503.000000,4.000000,0.820574,1.948617,1.163614,1.587552,3.382850,1.611363,3.430367
7.000000,504.000000,4.000000,0.889196,2.538127,1.900437,2.337899,4.223640,2.307484,4.262101
7.000000,505.000000,4.000000,0.807351,2.566992,1.837387,3.557673,5.171887,3.466402,4.700373
7.000000,506.000000,4.000000,0.806477,3.001475,2.354880,4.145597,6.468733,4.118374,6.182297
7.000000,507.000000,4.000000,0.890364,4.135282,3.649723,6.758030,16.404131,6.815682,16.506696
7.000000,508.000000,4.000000,0.799529,4.575367,4.388509,7.781219,19.372924,7.772440,19.345781
7.000000,509.000000,4.000000,0.873180,6.135383,5.437876,11.616319,26.780452,11.527733,26.452362
7.000000,510.000000,4.000000,0.791804,6.794771,6.393989,13.574239,31.732738,13.472025,31.479369
7.000000,511.000000,4.000000,0.796666,8.665813,8.521358,18.460078,43.605942,18.524618,43.810268
7.000000,517.000000,3.000000,0.771472,4.286005,3.655135,4.705610,1.058805,4.809976,0.772010
7.000000,518.000000,3.000000,0.848974,5.391580,4.303909,6.553086,2.537423,6.658829,2.153024
7.000000,519.000000,3.000000,0.769430,5.252869,4.283743,7.189999,3.511270,7.249269,3.247958
7.000000,520.000000,3.000000,0.843473,6.325176,5.296837,9.978097,6.114661,10.047112,5.865395
7.000000,521.000000,4.000000,0.764832,4.464918,5.175788,8.022934,13.219385,8.106831,13.318908
7.000000,522.000000,3.000000,0.759416,4.702650,4.423490,14.060327,16.625270,14.156462,16.736781
7.000000,523.000000,3.000000,0.825156,6.498230,6.089111,20.014362,23.881788,20.142827,24.056976
7.000000,524.000000,3.000000,0.741258,7.317585,6.825370,23.520540,28.151285,23.608356,28.261043
7.000000,525.000000,3.000000,0.718115,0.737372,0.711281,2.861764,31.470758,2.846045,31.531220
7.000000,531.000000,3.000000,0.580564,1.608248,1.606424,2.796745,5.513984,2.944567,5.289387
7.000000,532.000000,3.000000,0.605115,2.209121,2.202370,1.786183,15.565914,1.953015,15.687918
7.000000,533.000000,3.000000,0.521937,2.444142,2.431437,1.736361,16.630293,1.884296,16.739598
7.000000,534.000000,3.000000,0.545701,3.440823,3.415491,2.316200,23.279751,2.495232,23.414987
7.000000,624.000000,3.000000,0.547972,0.043521,0.043122,2.672018,0.433630,0.048434,0.203988
7.000000,625.000000,3.000000,0.508649,0.057753,0.057044,1.861480,0.444612,0.042021,0.210288
7.000000,626.000000,3.000000,0.514656,0.075362,0.074419,1.360032,0.474660,0.038530,0.247135
7.000000,627.000000,3.000000,0.586920,0.101978,0.100528,1.022417,0.504052,0.032090,0.311344
7.000000,628.000000,3.000000,0.530246,0.111236,0.109730,0.582692,0.424286,0.020013,0.321294
7.000000,629.000000,3.000000,0.526724,0.187661,0.185043,0.362631,0.486115,0.062040,0.469360
7.000000,630.000000,3.000000,0.571070,0.243050,0.239441,0.321329,0.647718,0.059795,0.625858
7.000000,631.000000,3.000000,0.537598,0.255022,0.250980,0.346589,0.745517,0.042807,0.697008
7.000000,632.000000,3.000000,0.579156,0.406612,0.399670,0.426203,1.077926,0.086769,1.090296
7.000000,634.000000,3.000000,0.530790,0.476862,0.467561,0.327596,1.453072,0.051456,1.390514
7.000000,635.000000,3.000000,0.599110,0.618636,0.605682,0.344914,1.899840,0.042677,1.846535
7.000000,636.000000,3.000000,0.525885,0.626241,0.612087,0.344150,1.877309,0.029382,1.904608
7.000000,637.000000,3.000000,0.520416,0.778290,0.759193,0.080244,2.318085,0.019730,2.357826
7.000000,638.000000,3.000000,0.574462,1.075879,1.046598,0.031265,3.321072,0.004416,3.350425
7.000000,639.000000,3.000000,0.516957,1.204309,1.167721,0.166444,3.856651,0.064739,3.909812
7.000000,640.000000,3.000000,0.530944,1.560100,1.506835,0.215596,5.146210,0.160230,5.159948
7.000000,641.000000,3.000000,0.563493,2.033347,1.959591,0.319918,6.574516,0.326983,6.898285
7.000000,642.000000,3.000000,0.516916,2.271076,2.176140,0.370926,8.180275,0.447656,8.331266
7.000000,643.000000,3.000000,0.501640,2.995228,2.850910,0.550714,11.906118,0.577201,11.963112
7.000000,644.000000,3.000000,0.552362,4.435601,4.192043,0.790342,19.875534,0.823489,19.963504
7.000000,645.000000,3.000000,0.501338,5.328089,4.992657,0.913024,28.564631,0.947786,28.665964
8.000000,1.000000,3.000000,1.487367,3.865738,3.847396,3.578859,20.159642,2.849633,20.153771
8.000000,3.000000,4.000000,1.648134,0.753959,0.669813,1.487816,1.984594,0.813950,1.872230
8.000000,4.000000,4.000000,1.501166,0.818524,0.659230,1.062053,1.588970,0.825899,1.121717
8.000000,5.000000,4.000000,1.656724,1.096094,0.818197,1.300827,1.753696,1.129455,1.468846
8.000000,6.000000,4.000000,1.512780,1.210243,0.806148,1.358404,1.605479,1.290075,1.581200
8.000000,7.000000,4.000000,1.514871,1.513254,0.870492,1.614991,2.747680,0.925096,3.749425
8.000000,8.000000,4.000000,1.669111,2.134394,0.955693,2.067110,4.585996,1.281821,5.602761
8.000000,9.000000,4.000000,1.519460,2.471511,0.756749,1.457557,8.351334,1.386189,9.288514
8.000000,10.000000,4.000000,1.522200,3.244840,0.539210,1.840317,12.396557,1.754753,13.124484
8.000000,11.000000,4.000000,1.678158,4.924223,0.140691,2.631077,21.095122,2.514742,21.610266
8.000000,12.000000,3.000000,1.526164,1.636635,1.631366,1.034511,6.170270,0.455985,6.825061
8.000000,13.000000,3.000000,1.526623,2.029153,2.021956,1.073846,8.911718,0.598875,9.345217
8.000000,14.000000,3.000000,1.679626,2.773903,2.766798,1.326533,14.119833,0.851244,14.413510
8.000000,15.000000,3.000000,1.527168,3.144005,3.138418,2.740495,23.497631,2.945328,23.706407
8.000000,87.000000,3.000000,1.705398,0.456649,0.450683,0.049223,1.513919,0.024648,1.573693
8.000000,88.000000,3.000000,1.706440,0.521320,0.511939,0.102312,1.843103,0.062319,1.924225
8.000000,89.000000,3.000000,1.877914,0.667691,0.658083,0.153723,2.570581,0.114047,2.656031
8.000000,90.000000,3.000000,1.702534,0.706840,0.698844,0.191058,2.955260,0.150738,3.049571
8.000000,91.000000,3.000000,1.702019,0.847058,0.839726,0.287428,3.809322,0.209128,3.977255
8.000000,92.000000,3.000000,1.872221,1.149421,1.141182,0.345693,5.865624,0.317661,5.932960
8.000000,93.000000,3.000000,1.701906,1.274107,1.268511,0.294318,7.478044,0.351827,7.499734
8.000000,94.000000,3.000000,1.872050,1.915574,1.908252,0.400631,11.930488,0.523805,12.005742
8.000000,95.000000,3.000000,1.695256,2.652023,2.642185,0.454850,16.727186,0.556686,16.832700
8.000000,96.000000,3.000000,1.699616,4.303831,4.295563,0.568625,28.434337,0.667874,28.598533
8.000000,112.000000,3.000000,1.691019,1.140593,1.134591,0.073381,7.337996,0.078176,7.342267
8.000000,113.000000,3.000000,1.686977,1.502062,1.495382,0.107710,10.123058,0.113459,10.125289
8.000000,114.000000,3.000000,1.856007,2.270082,2.259957,0.168093,16.293856,0.179396,16.310175
8.000000,115.000000,3.000000,1.684472,2.861082,2.852411,0.209216,22.488011,0.216640,22.507796
8.000000,116.000000,3.000000,1.682978,4.215396,4.207158,0.255406,37.563445,0.282750,37.631381
8.000000,193.000000,3.000000,1.177002,0.239955,0.239954,0.722317,0.604612,0.739113,0.247378
8.000000,194.000000,3.000000,1.288037,0.250893,0.250863,0.703837,0.697032,0.723418,0.314066
8.000000,195.000000,3.000000,1.171407,0.209973,0.209917,0.631789,0.620144,0.637864,0.306492
8.000000,196.000000,3.000000,1.167950,0.190788,0.190703,0.626705,0.621941,0.626723,0.312925
8.000000,197.000000,3.000000,1.289342,0.209155,0.209015,0.801137,0.616332,0.622455,0.484353
8.000000,198.000000,3.000000,1.163983,0.164121,0.163971,0.580633,0.487021,0.442534,0.419076
8.000000,199.000000,3.000000,1.160488,0.158742,0.158557,0.422842,0.394237,0.273079,0.463691
8.000000,200.000000,3.000000,1.273631,0.193387,0.193115,0.285071,0.427359,0.010601,0.559390
8.000000,201.000000,3.000000,1.153574,0.217373,0.217018,0.341423,0.191091,0.368260,0.332641
8.000000,202.000000,3.000000,1.277683,0.366733,0.366059,0.547100,0.422597,0.498244,0.766713
8.000000,203.000000,4.000000,1.151371,1.293246,2.446809,1.610662,2.770736,1.493818,3.109329
8.000000,204.000000,4.000000,1.148438,1.597145,3.046560,1.568767,4.822025,1.480177,5.087007
8.000000,205.000000,4.000000,1.254971,2.220063,4.302837,1.663934,8.867460,1.589669,9.057600
8.000000,206.000000,4.000000,1.144741,2.499013,4.880327,1.437353,12.702335,1.369080,12.764706
8.000000,207.000000,4.000000,1.148392,3.146352,6.173639,1.341397,19.652888,1.298161,19.610608
8.000000,208.000000,4.000000,1.260401,4.450665,8.796160,1.276878,34.163623,1.254795,34.054276
8.000000,209.000000,3.000000,1.135319,0.217900,0.217647,0.671918,1.083211,0.679893,1.160675
8.000000,210.000000,3.000000,1.243471,0.263723,0.262706,0.413553,0.797894,0.357058,0.757136
8.000000,211.000000,4.000000,1.126430,0.913298,1.653425,0.393243,3.113705,0.394023,3.078684
8.000000,212.000000,4.000000,1.125673,1.041949,1.893756,0.698111,3.129460,0.727186,3.127916
8.000000,213.000000,4.000000,1.234696,1.346912,2.479498,1.333746,3.446377,1.365050,3.448823
8.000000,214.000000,4.000000,1.115301,1.408151,2.636818,1.846460,3.077335,1.866069,3.082486
8.000000,215.000000,4.000000,1.115159,1.639008,3.080930,1.955671,4.667236,1.939752,4.709822
8.000000,216.000000,5.000000,1.218988,3.233159,2.288991,1.612938,11.193869,1.576960,11.110345
8.000000,217.000000,5.000000,1.113328,3.689159,2.567289,1.470056,14.403699,1.477505,14.295043
8.000000,218.000000,5.000000,1.106227,4.678432,3.208857,1.384944,20.754428,1.401817,20.547457
8.000000,219.000000,5.000000,1.216270,6.252337,4.504048,1.474825,34.022609,1.492937,33.721371
8.000000,220.000000,4.000000,1.099214,0.608280,0.516184,1.150774,1.576398,1.135736,1.415193
8.000000,221.000000,4.000000,1.207958,0.711264,0.683061,1.248875,1.584044,1.253349,1.735098
8.000000,222.000000,4.000000,1.094083,0.661619,0.765248,1.007824,1.537469,1.103483,1.505942
8.000000,223.000000,4.000000,1.090332,0.688422,0.913312,0.872908,1.750273,0.954724,1.716558
8.000000,224.000000,4.000000,1.195603,0.803213,1.165059,0.800437,2.209631,0.892426,2.166901
8.000000,225.000000,4.000000,1.078141,0.775362,1.183179,0.554969,2.279237,0.645997,2.237039
8.000000,226.000000,4.000000,1.079464,0.873187,1.314883,0.565684,2.693804,0.552698,2.619520
8.000000,227.000000,4.000000,1.179819,1.098665,1.768211,0.827495,2.793699,0.905801,2.865190
8.000000,228.000000,4.000000,1.072761,1.202722,2.016246,1.415215,2.274179,1.437889,2.389204
8.000000,229.000000,4.000000,1.067703,1.454959,2.558052,1.562605,3.329786,1.541770,3.488035
8.000000,230.000000,4.000000,1.172465,1.979402,3.595685,1.544640,6.131591,1.526898,6.269888
8.000000,231.000000,4.000000,1.067723,2.206417,4.141352,1.170944,8.677199,1.173691,8.702926
8.000000,232.000000,4.000000,1.174908,3.094813,6.005697,0.943596,14.954713,0.967711,14.845319
8.000000,233.000000,4.000000,1.060221,3.563773,7.048579,0.553966,20.461542,0.494852,20.067248
8.000000,234.000000,3.000000,1.162438,0.466151,0.463646,0.513458,0.705312,0.289834,0.866691
8.000000,235.000000,3.000000,1.056040,0.484589,0.482589,0.655406,0.693535,0.754251,0.894564
8.000000,236.000000,3.000000,1.058485,0.587994,0.585555,0.638391,1.617226,0.677858,1.719564
8.000000,237.000000,3.000000,1.059087,0.707723,0.704809,0.777758,3.181073,0.578985,2.972817
8.000000,238.000000,3.000000,1.157961,0.923632,0.919914,0.736250,6.716454,0.625693,6.538742
8.000000,239.000000,5.000000,1.053157,2.867838,3.592885,1.225425,15.588088,1.185068,15.745474
8.000000,240.000000,5.000000,1.053071,3.651074,4.398797,1.247985,21.552404,1.148838,21.991620
8.000000,241.000000,4.000000,1.167657,0.442880,0.382291,0.858172,1.553261,0.697536,1.586675
8.000000,242.000000,4.000000,1.060830,0.369574,0.326375,0.839556,1.280786,0.592431,1.309735
8.000000,243.000000,4.000000,1.167574,0.388990,0.372083,0.998498,1.292787,0.614047,1.362171
8.000000,244.000000,4.000000,1.059100,0.329223,0.325786,0.937981,1.058154,0.516451,1.124764
8.000000,245.000000,4.000000,1.060721,0.326370,0.331104,0.898140,0.986515,0.483641,1.068492
8.000000,246.000000,4.000000,1.175726,0.370815,0.389646,0.923220,1.058418,0.498854,1.154143
8.000000,247.000000,4.000000,1.071672,0.327290,0.322792,0.724691,0.906088,0.410286,0.935504
8.000000,248.000000,4.000000,1.077742,0.319780,0.316171,0.678963,0.854993,0.371314,0.842627
8.000000,249.000000,4.000000,1.188117,0.355910,0.366016,0.676507,0.959130,0.364318,0.879721
8.000000,250.000000,4.000000,1.093431,0.358428,0.330029,0.366736,1.078984,0.306379,0.850907
8.000000,251.000000,4.000000,1.209863,0.393733,0.328959,0.438208,1.219270,0.345554,0.850066
8.000000,252.000000,4.000000,1.105584,0.376822,0.320944,0.365982,1.074416,0.402604,0.730921
8.000000,253.000000,4.000000,1.102172,0.377201,0.315584,0.324797,0.933144,0.438103,0.695789
8.000000,254.000000,4.000000,1.220449,0.445113,0.336812,0.392251,0.903314,0.513146,0.855124
8.000000,255.000000,4.000000,1.123635,0.442284,0.291648,0.466855,0.673154,0.507120,0.864379
8.000000,256.000000,4.000000,1.131043,0.464359,0.247675,0.496939,0.664347,0.503554,0.960409
8.000000,257.000000,4.000000,1.248721,0.555037,0.281978,0.595682,0.833561,0.592738,1.173014
8.000000,258.000000,4.000000,1.139164,0.533103,0.262169,0.572581,0.819173,0.555884,1.166703
8.000000,259.000000,4.000000,1.147399,0.583357,0.268194,0.791895,1.166327,0.809356,1.639173
8.000000,260.000000,4.000000,1.268372,0.713411,0.282695,1.592951,2.485955,1.561215,3.019447
8.000000,261.000000,4.000000,1.159858,0.710863,0.266111,2.235969,3.588139,2.146940,4.038143
8.000000,262.000000,3.000000,1.272502,0.837823,0.837601,0.772917,5.766771,1.167787,6.160200
8.000000,263.000000,3.000000,1.162168,0.826279,0.826107,0.736963,7.181227,1.045538,7.441672
8.000000,264.000000,4.000000,1.164132,1.049124,0.718241,5.316881,9.874317,5.270877,9.677151
8.000000,265.000000,3.000000,1.290369,1.137818,1.137691,0.777816,14.047276,1.164492,14.146952
8.000000,266.000000,3.000000,1.172343,1.144119,1.144072,0.743331,20.177189,0.430768,19.484719
8.000000,267.000000,3.000000,1.174055,1.277976,1.277968,0.732342,25.309966,0.426792,24.454583
8.000000,291.000000,3.000000,1.319408,0.221408,0.221403,0.808586,0.253092,0.540593,0.935975
8.000000,292.000000,3.000000,1.324770,0.207478,0.207477,0.796398,0.194615,0.533554,0.832280
8.000000,293.000000,3.000000,1.466302,0.214232,0.214202,0.753927,0.105089,0.526580,0.773924
8.000000,294.000000,3.000000,1.348976,0.181435,0.181370,0.582966,0.153010,0.532879,0.540525
8.000000,295.000000,3.000000,1.487461,0.176783,0.176723,0.531871,0.150729,0.537161,0.384927
8.000000,296.000000,3.000000,1.358206,0.141592,0.141536,0.486292,0.212578,0.462868,0.314458
8.000000,297.000000,3.000000,1.358219,0.128471,0.128388,0.412845,0.248089,0.420758,0.272857
8.000000,298.000000,3.000000,1.502102,0.139115,0.138983,0.348262,0.281661,0.319641,0.343214
8.000000,299.000000,3.000000,1.377842,0.132362,0.132072,0.060560,0.356586,0.080476,0.352251
8.000000,300.000000,3.000000,1.383719,0.146771,0.146687,0.256842,0.295927,0.212480,0.259327
8.000000,301.000000,3.000000,1.525056,0.201953,0.201524,0.289762,0.549492,0.271413,0.545616
8.000000,302.000000,3.000000,1.385426,0.247270,0.246899,0.193278,1.075836,0.229807,1.072982
8.000000,303.000000,3.000000,1.390998,0.349689,0.349336,0.253463,2.482485,0.243825,2.465015
8.000000,304.000000,3.000000,1.534108,0.505021,0.504618,0.260257,5.004452,0.256834,4.907176
8.000000,305.000000,3.000000,1.399377,0.601665,0.601276,0.202815,7.355025,0.224470,7.285506
8.000000,306.000000,3.000000,1.532636,0.865594,0.865160,0.199955,12.708341,0.231528,12.742197
8.000000,307.000000,3.000000,1.391914,1.022603,1.021343,0.195278,17.963933,0.204400,18.067290
8.000000,332.000000,3.000000,1.485714,10.020420,9.860894,0.343910,116.563994,0.028446,116.797690
8.000000,333.000000,3.000000,1.488338,9.400153,9.228982,0.365357,102.238627,0.013364,102.550160
8.000000,334.000000,3.000000,1.640210,10.104394,9.893856,0.431115,102.991533,0.002852,103.320952
8.000000,335.000000,3.000000,1.490036,8.394862,8.209840,0.359214,80.829814,0.024434,81.108890
8.000000,336.000000,3.000000,1.489633,7.985723,7.803202,0.296366,72.935489,0.055452,73.085415
8.000000,337.000000,4.000000,1.640233,12.413593,14.889970,1.246136,75.423934,1.175732,75.430395
8.000000,338.000000,4.000000,1.640153,12.378297,15.101648,1.128761,68.088474,1.119248,68.165202
8.000000,339.000000,4.000000,1.490119,10.942396,13.533620,0.929653,54.430812,0.928155,54.470837
8.000000,340.000000,4.000000,1.494634,10.885866,13.569025,0.816026,49.242153,0.817801,49.267164
8.000000,341.000000,4.000000,1.497211,10.750261,13.287144,0.674745,44.741666,0.672557,44.769195
8.000000,342.000000,3.000000,1.648453,6.379613,6.225228,0.583393,46.011726,0.546112,46.015751
8.000000,343.000000,3.000000,1.496372,5.389446,5.241084,0.500961,37.554456,0.503546,37.501545
8.000000,344.000000,3.000000,1.656015,5.685632,5.508518,0.295435,37.671138,0.227144,37.630443
8.000000,345.000000,3.000000,1.512012,4.759409,4.585266,0.183813,30.490657,0.302942,30.653818
8.000000,346.000000,3.000000,1.511557,4.474581,4.280380,0.260274,27.982339,0.333359,28.053955
8.000000,347.000000,4.000000,1.514939,7.373202,11.978199,2.202142,26.424360,2.198453,26.370130
8.000000,348.000000,5.000000,1.662679,5.208506,14.301053,0.747777,26.978697,0.700089,26.893322
8.000000,349.000000,6.000000,1.515986,3.027451,14.871762,0.684907,21.808161,0.667397,21.813564
8.000000,350.000000,6.000000,1.677054,3.502459,12.677228,1.685297,22.541653,1.632788,22.692175
8.000000,351.000000,6.000000,1.532867,5.108034,11.295033,2.784624,31.548820,2.709965,31.462224
8.000000,352.000000,5.000000,1.535596,3.671814,9.277675,0.897957,16.994711,0.782826,17.232724
8.000000,353.000000,5.000000,1.689446,2.579478,8.941321,1.066786,20.194538,1.157521,20.172628
8.000000,354.000000,3.000000,1.539395,1.257234,1.250071,0.622099,15.910957,0.543648,16.042826
8.000000,355.000000,4.000000,1.544542,4.837820,8.165466,0.180491,16.589510,0.207479,16.555141
8.000000,356.000000,4.000000,1.707205,4.979356,8.762861,0.310570,17.213309,0.443083,17.105413
8.000000,357.000000,4.000000,1.559170,3.950235,7.174670,0.408612,13.784299,0.596360,13.671876
8.000000,358.000000,4.000000,1.564549,3.469175,6.453924,0.669060,12.177528,0.838539,12.051934
8.000000,359.000000,4.000000,1.726589,3.309586,6.229923,0.837205,11.656750,1.147022,11.492634
8.000000,360.000000,4.000000,1.572220,2.575016,4.890103,0.838976,8.718646,1.261974,8.194330
8.000000,361.000000,4.000000,1.571700,2.263459,4.334236,2.268929,7.897821,2.779050,7.143129
8.000000,362.000000,3.000000,1.735019,1.446406,1.427304,1.243061,7.933572,1.782359,7.128733
8.000000,363.000000,4.000000,1.582471,1.455504,2.731941,4.217110,15.350530,4.259011,16.162787
8.000000,364.000000,3.000000,1.740974,1.419252,1.398653,0.507973,9.949438,0.717453,9.155801
8.000000,365.000000,3.000000,1.580544,1.271335,1.242444,0.457880,8.456920,0.665461,7.788743
8.000000,366.000000,3.000000,1.581397,1.258549,1.227414,0.497343,8.011391,0.704380,7.400196
8.000000,367.000000,3.000000,1.740802,1.376044,1.339039,0.568496,8.389172,0.808498,7.788237
8.000000,368.000000,3.000000,1.580852,1.196382,1.161458,0.482902,6.952260,0.736330,6.515714
8.000000,369.000000,4.000000,1.740919,1.701350,2.462540,2.981117,7.195413,3.002109,6.808411
8.000000,370.000000,5.000000,1.582040,1.432923,2.183638,0.685687,7.975527,0.932128,8.014519
8.000000,371.000000,5.000000,1.584286,1.468955,1.992044,0.650838,8.206488,0.916708,8.297640
8.000000,372.000000,5.000000,1.739055,1.659710,2.185508,0.595311,9.903910,0.945180,9.995264
8.000000,373.000000,5.000000,1.575067,1.578374,2.253282,0.514383,9.619218,0.801266,9.772836
8.000000,374.000000,5.000000,1.580176,1.637265,2.339362,0.515423,10.558240,0.717206,10.592132
8.000000,375.000000,5.000000,1.742745,1.550896,2.604395,0.513217,13.010192,0.752850,12.995544
8.000000,376.000000,5.000000,1.576367,1.130129,2.253719,0.338193,12.833759,0.637697,12.924480
8.000000,377.000000,5.000000,1.568780,0.912814,2.237171,0.352953,14.193476,0.604790,14.313048
8.000000,378.000000,5.000000,1.721631,0.796573,2.606021,0.383903,17.460221,0.609940,17.577143
8.000000,379.000000,4.000000,1.563601,0.943903,1.014347,2.966686,17.211671,2.707001,17.403361
8.000000,380.000000,4.000000,1.566565,1.110555,1.112156,2.857878,19.111557,2.590613,19.312345
8.000000,381.000000,4.000000,1.723688,1.455001,1.394948,3.061666,23.926012,2.806218,24.149431
8.000000,382.000000,4.000000,1.568345,1.526125,1.467740,2.661793,24.579017,2.394799,24.832453
8.000000,383.000000,4.000000,1.565444,1.717335,1.694046,2.522686,27.764784,2.262675,28.036169
8.000000,384.000000,4.000000,1.719106,2.152264,2.206839,2.558320,35.305667,2.387992,35.538551
8.000000,385.000000,5.000000,1.562612,3.235972,8.082066,1.572263,37.017854,1.666702,37.130973
8.000000,386.000000,5.000000,1.561774,3.567835,8.964134,1.715238,43.414259,1.695716,43.407351
8.000000,387.000000,5.000000,1.717888,4.407269,11.184620,1.968690,57.385578,1.896681,57.378029
8.000000,388.000000,5.000000,1.558093,4.305630,11.226017,1.855081,61.135055,1.726071,61.148328
8.000000,389.000000,5.000000,1.712225,5.382199,14.419290,2.126082,83.519766,1.928032,83.454409
9.000000,8.000000,3.000000,0.658734,1.927474,1.925151,1.502839,15.285951,0.728970,15.941050
9.000000,9.000000,3.000000,0.664358,2.090370,2.087921,1.851032,17.429892,0.778438,18.492839
9.000000,10.000000,3.000000,0.735005,2.560673,2.557279,2.427796,22.033034,0.970556,23.740005
9.000000,11.000000,4.000000,0.672675,5.057405,8.248989,1.953670,24.343471,0.480469,25.793899
9.000000,12.000000,3.000000,0.676056,0.130242,0.129186,1.782351,1.131761,0.219976,0.716957
9.000000,13.000000,3.000000,0.748826,0.168278,0.166782,2.071408,1.345551,0.233451,0.896970
9.000000,14.000000,3.000000,0.681355,0.179171,0.177346,1.829316,1.264439,0.210090,0.885066
9.000000,15.000000,4.000000,0.682220,0.278714,0.477884,1.593860,0.873471,0.388995,0.823746
9.000000,16.000000,4.000000,0.753043,0.325115,0.577516,1.643326,1.029073,0.455289,0.964519
9.000000,17.000000,4.000000,0.687552,0.325817,0.580810,1.364447,0.983490,0.445580,0.941164
9.000000,18.000000,4.000000,0.687843,0.372849,0.647928,1.298521,1.109463,0.495038,1.027567
9.000000,19.000000,4.000000,0.754176,0.445783,0.756483,1.313962,1.325373,0.580827,1.191659
9.000000,20.000000,5.000000,0.683655,0.702986,1.228046,1.218706,1.414060,0.542423,1.236636
9.000000,21.000000,6.000000,0.684510,1.373281,1.776753,1.334312,1.878107,0.784527,1.742499
9.000000,22.000000,6.000000,0.752663,1.538163,1.996318,1.413574,3.328483,0.946224,2.288773
9.000000,23.000000,7.000000,0.681511,1.820623,1.963227,1.646838,4.314201,1.549727,3.043398
9.000000,24.000000,7.000000,0.679054,1.848234,1.896252,1.694688,4.573988,1.689629,3.295262
9.000000,25.000000,5.000000,0.743054,0.749976,2.399291,1.247461,4.232981,1.005937,2.986075
9.000000,26.000000,9.000000,0.670228,1.200700,2.592582,0.786867,5.883073,1.067941,4.988927
9.000000,27.000000,8.000000,0.669233,1.415863,3.030864,0.850501,6.377396,0.705513,5.406021
9.000000,28.000000,7.000000,0.732329,0.736218,1.530178,0.637179,1.374190,0.309033,1.560556
9.000000,29.000000,7.000000,0.661135,0.643958,1.536366,0.441507,1.345499,0.274184,1.505991
9.000000,30.000000,7.000000,0.655488,0.593504,1.697681,0.290891,1.588013,0.286940,1.617744
9.000000,31.000000,8.000000,0.719372,0.498888,2.162820,0.318170,2.217709,0.404792,2.005915
9.000000,32.000000,9.000000,0.650623,0.898550,1.999285,0.478834,3.602157,0.486097,4.411233
9.000000,33.000000,7.000000,0.652171,0.245782,2.061653,0.425557,2.415367,0.371416,2.111617
9.000000,34.000000,7.000000,0.717211,0.283716,2.548636,0.615072,2.902264,0.423187,2.547315
9.000000,35.000000,8.000000,0.649234,0.463700,2.556037,0.624145,2.790016,0.595636,2.467674
9.000000,36.000000,8.000000,0.646890,0.470378,2.707667,0.587364,3.006257,0.626771,2.667797
9.000000,37.000000,8.000000,0.703361,0.523395,3.154498,0.620257,3.472770,0.723338,3.072318
9.000000,38.000000,8.000000,0.635791,0.483560,2.982759,0.449020,3.195401,0.694535,2.994221
9.000000,39.000000,8.000000,0.633546,0.480588,3.152389,0.608859,3.433946,0.828310,3.397359
9.000000,40.000000,10.000000,0.696803,0.282694,3.821267,0.571610,4.136180,0.515118,4.125852
9.000000,41.000000,10.000000,0.633912,0.262025,3.610684,0.485885,4.059404,0.505274,3.972786
9.000000,42.000000,10.000000,0.631788,0.287756,3.954659,0.502989,4.489182,0.542294,4.400902
9.000000,43.000000,10.000000,0.688027,0.348195,4.768231,0.615830,5.296107,0.637437,5.261345
9.000000,44.000000,10.000000,0.623218,0.339876,4.671905,0.567513,5.209084,0.603907,5.166849
9.000000,45.000000,10.000000,0.623110,0.374255,5.108009,0.634940,5.679096,0.651578,5.622992
9.000000,46.000000,9.000000,0.682884,0.801891,5.488168,0.450908,6.925277,0.247187,6.857246
9.000000,47.000000,9.000000,0.619679,0.764401,5.480687,0.443396,6.897747,0.246515,6.840658
9.000000,48.000000,8.000000,0.620242,0.766454,5.362851,0.236763,7.569051,0.255091,7.612349
9.000000,49.000000,8.000000,0.682362,0.876747,6.439129,0.356925,9.249511,0.333570,9.301699
9.000000,50.000000,8.000000,0.621294,0.847949,6.415706,0.560605,9.188852,0.358176,9.436903
9.000000,51.000000,7.000000,0.622000,1.258623,7.336177,0.729249,10.209329,0.434958,10.491427
9.000000,52.000000,8.000000,0.684798,1.285670,9.334702,0.907190,13.719702,0.746720,14.007600
9.000000,53.000000,7.000000,0.622198,1.884736,5.328022,0.660978,14.562644,0.649929,14.728795
9.000000,54.000000,7.000000,0.622644,2.383584,6.165608,0.690940,17.146819,0.643160,17.253533
9.000000,55.000000,6.000000,0.681062,3.338469,8.468994,1.304694,22.403557,1.089541,22.460900
9.000000,56.000000,7.000000,0.615541,2.382832,12.894401,2.019175,23.966873,1.725100,23.936135
9.000000,57.000000,8.000000,0.612092,2.832137,15.429448,0.903568,30.663552,1.014968,30.225118
9.000000,58.000000,8.000000,0.666969,3.937492,19.580863,1.111177,42.400383,1.185232,41.862002
9.000000,59.000000,8.000000,0.604330,4.565728,20.316300,1.087409,46.675696,1.130372,45.913505
9.000000,60.000000,7.000000,0.604578,1.553085,2.526523,0.374832,6.758720,0.109388,6.627487
9.000000,61.000000,7.000000,0.664411,2.146020,3.466838,0.733853,9.512868,0.833354,9.316409
9.000000,62.000000,9.000000,0.606554,2.118906,6.854331,0.466376,12.687410,0.112419,12.656581
9.000000,63.000000,11.000000,0.609329,2.575765,10.894378,0.659931,18.552896,0.170689,18.622858
9.000000,64.000000,10.000000,0.612463,0.355665,2.326871,0.690787,2.589842,0.117084,3.039144
9.000000,65.000000,10.000000,0.680687,0.755675,2.580806,0.809721,3.191340,0.242608,3.710830
9.000000,66.000000,9.000000,0.625623,1.909169,4.787925,0.768942,9.130028,0.264458,9.482599
9.000000,67.000000,9.000000,0.629245,2.168330,5.257015,0.843139,10.251617,0.304331,10.630133
9.000000,68.000000,10.000000,0.697760,2.666059,7.732306,0.943463,13.437492,0.418235,13.635691
9.000000,69.000000,11.000000,0.639393,2.137994,8.000487,0.842334,14.197699,0.415333,14.496899
9.000000,70.000000,11.000000,0.708194,2.954864,10.335381,0.963781,18.535553,0.553075,18.820888
9.000000,71.000000,12.000000,0.650009,2.577682,11.088192,1.069297,19.680690,0.666551,19.970080
9.000000,72.000000,10.000000,0.655465,2.994069,10.164924,0.912186,23.414146,0.445148,23.753526
9.000000,73.000000,11.000000,0.663744,3.843044,12.310910,0.808135,29.598681,0.379650,29.783244
9.000000,74.000000,11.000000,0.737587,5.986344,16.879683,0.869633,41.569501,0.412871,41.856867
9.000000,75.000000,10.000000,0.678312,2.279242,2.588814,0.889276,12.238625,0.562065,11.970851
9.000000,76.000000,10.000000,0.687103,2.331785,2.899842,0.664616,15.617772,0.540144,15.001940
9.000000,77.000000,9.000000,0.765241,2.479077,5.233533,0.684235,11.685508,0.608218,11.484183
9.000000,78.000000,9.000000,0.703627,2.411907,4.457636,0.939171,13.505669,0.645959,13.482480
9.000000,79.000000,9.000000,0.713799,2.961943,5.223312,0.872491,16.246488,0.674930,16.194885
9.000000,80.000000,9.000000,0.796196,4.010406,7.194376,0.985437,21.113760,0.839509,21.036035
9.000000,81.000000,10.000000,0.733601,3.930648,9.468239,0.684248,24.533086,0.658470,24.524491
9.000000,82.000000,10.000000,0.742976,5.216832,11.552750,0.763038,32.033219,0.759496,32.126810
9.000000,83.000000,10.000000,0.824960,7.886237,16.240073,0.968410,46.301122,0.973477,46.386031
9.000000,84.000000,7.000000,0.755346,1.697540,3.319862,0.696464,9.178681,0.820487,9.363980
9.000000,85.000000,8.000000,0.759504,2.314692,4.424005,1.119473,11.155852,1.203710,11.273810
9.000000,86.000000,8.000000,0.846473,3.061545,6.145303,1.242472,15.529830,1.349403,15.697196
9.000000,87.000000,8.000000,0.769857,3.330898,6.396953,1.324108,16.907977,1.385130,16.971285
9.000000,88.000000,9.000000,0.768396,3.445123,8.047500,1.842545,20.805725,1.925604,20.852265
9.000000,89.000000,8.000000,0.847775,5.526222,10.433599,2.114199,27.475586,2.174787,27.548847
9.000000,90.000000,8.000000,0.770206,6.192815,11.275604,1.757176,33.065113,1.809138,33.279984
9.000000,91.000000,8.000000,0.846755,8.962901,15.908343,2.215668,48.607322,2.293591,48.836240
9.000000,92.000000,8.000000,0.766395,4.228149,8.865302,1.716861,11.747339,1.595949,11.797252
9.000000,93.000000,9.000000,0.874400,5.225584,11.681140,2.037033,19.082839,1.744474,19.277404
9.000000,94.000000,9.000000,0.874400,6.468358,12.589433,2.197050,23.979385,1.906960,24.087373
9.000000,95.000000,9.000000,0.602102,5.231103,8.275683,1.679083,19.568351,1.464283,19.625577
9.000000,96.000000,9.000000,0.752239,6.908413,10.117680,2.293596,32.144890,2.070356,32.102846
9.000000,97.000000,9.000000,0.748482,8.714030,17.007745,3.784881,44.119227,3.537807,43.543555
9.000000,98.000000,8.000000,0.819853,7.047613,19.805645,3.390412,35.089181,3.162070,35.102344
9.000000,99.000000,8.000000,0.739914,8.252892,21.218334,3.093642,40.662016,3.067364,40.514643
9.000000,100.000000,7.000000,0.737247,3.008528,5.147590,1.609717,5.880961,1.607740,5.432503
9.000000,101.000000,7.000000,0.808241,3.605327,6.779474,1.952351,7.671101,1.955154,7.306119
9.000000,102.000000,7.000000,0.731747,3.560413,6.944216,2.081836,8.375743,2.023627,7.903438
9.000000,103.000000,8.000000,0.733663,4.000551,8.175106,2.916843,12.657748,2.946873,12.782144
9.000000,104.000000,8.000000,0.805833,5.200023,9.583297,3.582024,16.953701,3.637317,17.150690
9.000000,105.000000,8.000000,0.727013,5.585166,9.955669,3.656463,18.998634,3.688353,19.156154
9.000000,106.000000,8.000000,0.719960,6.336420,12.159485,2.876477,25.324697,2.926351,25.413213
9.000000,107.000000,8.000000,0.789315,8.103818,16.862915,3.497732,36.102112,3.513405,36.127778
9.000000,108.000000,7.000000,0.713817,9.201611,13.189479,5.398992,42.647625,5.358112,42.559107
9.000000,109.000000,6.000000,0.710873,4.361740,9.793442,3.852918,12.211820,3.824677,12.257671
9.000000,110.000000,7.000000,0.778550,4.910606,13.808753,2.622448,16.463558,2.859002,16.675861
9.000000,111.000000,7.000000,0.702211,5.500172,15.186301,2.580612,18.021749,2.772533,18.364066
9.000000,112.000000,7.000000,0.693854,7.178360,18.496645,3.156556,22.488653,3.106057,23.032993
9.000000,113.000000,6.000000,0.763588,4.961777,9.825637,3.987832,23.377918,3.805357,24.433047
9.000000,114.000000,6.000000,0.685715,5.185509,10.112687,4.393125,27.311458,3.869339,28.156453
9.000000,115.000000,4.000000,0.675168,0.904666,1.352900,2.899599,8.081193,3.709567,7.052270
9.000000,116.000000,4.000000,0.728260,1.192036,1.818806,3.473942,9.715244,4.491938,8.134796
9.000000,117.000000,5.000000,0.649412,4.548871,14.023228,4.718673,16.738091,5.773690,16.715707
9.000000,118.000000,4.000000,0.639826,8.850008,15.020231,6.734453,20.010828,6.379542,20.113618
9.000000,119.000000,4.000000,0.691356,11.292332,18.271620,7.843361,25.867970,7.390953,26.526186
9.000000,120.000000,4.000000,0.624604,11.824574,17.859666,9.573862,23.966975,9.165786,27.782280
9.000000,121.000000,3.000000,0.620772,2.638095,2.634398,3.532109,15.217821,5.141161,14.316294
9.000000,122.000000,3.000000,0.661320,3.367730,3.362667,5.958474,9.316099,6.786382,5.122908
9.000000,124.000000,4.000000,0.648430,4.902828,2.886095,5.943762,15.960361,6.390101,20.189747
9.000000,125.000000,5.000000,0.579615,7.875126,8.061054,7.103419,15.052374,8.569908,19.996693
9.000000,126.000000,6.000000,0.575596,8.043214,10.376730,9.600614,16.589858,8.965760,22.356905
9.000000,127.000000,5.000000,0.631793,9.835439,12.768842,6.065806,33.502785,6.021840,32.171234
9.000000,128.000000,5.000000,0.573899,6.061146,8.642122,4.516096,12.253726,4.714017,9.784509
9.000000,129.000000,5.000000,0.570810,6.802598,10.693823,5.122761,14.999385,4.690306,12.821601
9.000000,130.000000,5.000000,0.625880,8.290272,14.301974,6.065131,25.387264,4.830712,19.084971
9.000000,131.000000,5.000000,0.566903,7.967021,15.362649,6.017007,35.787070,3.389386,25.588260
9.000000,132.000000,4.000000,0.562242,1.699528,2.040130,3.352377,9.210503,2.034833,3.279732
9.000000,133.000000,4.000000,0.615301,1.857484,1.981165,4.274708,6.300773,1.646358,1.487564
9.000000,134.000000,4.000000,0.555803,1.738648,1.557951,3.875416,6.287283,1.928468,3.127912
9.000000,135.000000,4.000000,0.550167,1.888964,1.333956,4.179866,4.526960,1.979848,3.075799
9.000000,136.000000,3.000000,0.604675,2.186040,2.184162,6.384867,6.505830,1.540461,4.294796
9.000000,137.000000,3.000000,0.555512,2.057513,2.055309,5.284541,3.993708,1.509538,3.613328
9.000000,138.000000,3.000000,0.617391,2.375512,2.371614,4.036100,1.342609,3.117298,3.774103
9.000000,139.000000,3.000000,0.566868,2.311477,2.310786,3.060148,2.870454,2.673789,4.565387
9.000000,140.000000,4.000000,0.570841,3.924573,3.926550,4.137321,8.449733,1.382697,6.082669
9.000000,141.000000,4.000000,0.634028,4.994548,4.735454,5.882284,7.622989,1.512146,9.000584
9.000000,142.000000,5.000000,0.580703,3.388948,6.202664,6.168224,7.163756,2.188425,17.773780
9.000000,143.000000,5.000000,0.586730,4.453692,6.238244,6.294946,11.352653,1.925301,18.626460
9.000000,144.000000,5.000000,0.650134,6.556348,9.856300,7.292050,21.613996,1.577492,23.815597
9.000000,145.000000,5.000000,0.597516,7.692985,10.339741,6.705542,31.843324,1.249050,29.532644
9.000000,146.000000,4.000000,0.605031,4.197113,7.537135,5.831568,13.634712,0.785184,24.675385
9.000000,147.000000,4.000000,0.672341,4.662635,8.627937,6.541198,19.747697,1.380905,31.434228
9.000000,148.000000,4.000000,0.617381,4.297033,8.090445,5.830801,20.292542,1.437730,31.800098
9.000000,149.000000,3.000000,0.622959,1.232565,1.196142,4.842163,3.497394,1.287951,1.849931
9.000000,150.000000,4.000000,0.691645,1.715543,2.116853,4.360331,4.475552,1.949934,3.785255
9.000000,151.000000,5.000000,0.633558,1.879313,2.168431,4.763933,2.945676,0.844991,4.979195
9.000000,152.000000,5.000000,0.642243,1.922686,2.533734,4.492694,2.428600,0.821951,6.314868
9.000000,153.000000,5.000000,0.715162,2.414717,3.232147,4.746614,4.204288,0.943104,9.254318
9.000000,154.000000,6.000000,0.663779,2.374071,3.737704,3.477113,7.339623,1.234427,10.599489
9.000000,155.000000,7.000000,0.674748,2.881426,3.476676,3.037407,11.097810,0.960310,13.363793
9.000000,156.000000,7.000000,0.752860,3.734553,4.480048,2.803558,17.623387,1.171497,19.032201
9.000000,157.000000,8.000000,0.694258,4.311035,6.921410,1.908348,20.645856,1.046055,21.319546
9.000000,158.000000,7.000000,0.698701,4.608804,6.177625,1.788736,28.950748,0.794708,28.538550
9.000000,159.000000,7.000000,0.707932,5.845915,7.995666,1.325707,40.095395,1.107459,39.805960
9.000000,160.000000,6.000000,0.786776,2.373991,2.963572,1.239500,9.484578,0.973509,9.584692
9.000000,161.000000,6.000000,0.868908,3.073321,3.973859,1.245277,12.781180,1.174124,12.728016
9.000000,162.000000,6.000000,0.588087,2.248589,2.930096,0.850761,9.781650,0.827642,9.766646
9.000000,163.000000,7.000000,0.814901,3.094402,6.098739,1.328723,17.089056,1.501892,17.026736
9.000000,164.000000,7.000000,0.747797,3.612938,6.606033,1.303145,18.955203,1.452071,18.849435
9.000000,165.000000,7.000000,0.832861,5.434941,9.177666,1.597351,27.368434,1.683202,27.290009
9.000000,166.000000,8.000000,0.769381,5.109311,13.490924,2.827751,33.262859,2.969897,33.326890
9.000000,167.000000,8.000000,0.778119,6.823511,18.015455,3.332505,45.794688,3.459529,45.951947
9.000000,168.000000,7.000000,0.789540,3.483077,4.398631,1.764453,15.815702,1.944136,16.192825
9.000000,169.000000,7.000000,0.802436,4.580886,5.942336,1.909979,21.448249,2.175244,21.890136
9.000000,170.000000,8.000000,0.802431,4.470389,7.866624,2.123079,29.128212,2.145286,29.700310
9.000000,171.000000,8.000000,0.802426,5.676756,10.746483,2.378093,40.844512,2.401471,41.607060
9.000000,172.000000,8.000000,0.969402,7.826190,7.736496,3.194288,28.105358,3.236760,28.632136
9.000000,173.000000,8.000000,0.806513,8.130927,7.668883,3.096195,40.155501,3.185420,40.772511
9.000000,174.000000,7.000000,0.804270,6.541581,11.480680,1.175627,39.172537,1.578539,39.173958
9.000000,175.000000,6.000000,0.882490,2.986116,1.021438,1.325445,8.284748,1.340112,8.788775
9.000000,176.000000,6.000000,0.795752,3.161805,1.407341,1.227523,9.638603,1.233206,10.053328
9.000000,177.000000,6.000000,0.792752,3.858488,2.112248,1.344330,12.253752,1.342152,12.620264
9.000000,178.000000,6.000000,0.787455,4.767827,3.123884,1.472855,15.727739,1.458830,16.045855
9.000000,179.000000,7.000000,1.015475,8.058555,8.570308,2.107850,28.233204,2.458959,28.473157
9.000000,180.000000,7.000000,0.624197,5.648164,6.568999,1.313359,23.948428,1.306860,23.544239
9.000000,181.000000,8.000000,0.854595,14.128509,21.955601,4.123196,50.467549,4.085809,50.551178
9.000000,182.000000,8.000000,0.772797,4.550878,29.210723,4.557933,41.654900,4.516749,42.546289
9.000000,183.000000,7.000000,0.768730,3.555579,4.927014,5.079291,6.960137,4.605581,7.436550
9.000000,184.000000,7.000000,0.843178,4.494510,5.835239,6.385063,8.315489,5.875447,8.878105
9.000000,185.000000,7.000000,0.763354,4.698283,5.763609,6.643083,8.172962,6.240387,9.039407
9.000000,186.000000,7.000000,0.759353,5.523601,6.434111,7.861157,10.720547,7.698229,11.662513
9.000000,187.000000,7.000000,0.826527,7.250183,8.389626,9.579464,15.409215,9.665496,16.297824
9.000000,188.000000,7.000000,0.745697,7.836887,8.596119,9.360022,18.195205,9.410777,18.778564
9.000000,189.000000,7.000000,0.744797,10.403482,10.040451,4.796104,31.511587,4.868416,31.218065
9.000000,190.000000,7.000000,0.817935,15.693606,13.034371,5.708115,47.799010,5.830365,47.120383
9.000000,191.000000,6.000000,0.740055,7.114799,21.553159,4.011023,32.679094,4.109988,34.057912
9.000000,192.000000,6.000000,0.737251,8.904139,27.361494,4.781702,42.578367,4.795731,44.189349
9.000000,193.000000,5.000000,0.809717,4.640088,6.909306,6.352926,8.423361,5.562397,8.605826
9.000000,194.000000,5.000000,0.736137,4.687491,7.043596,6.362011,8.987171,5.500741,9.309529
9.000000,195.000000,5.000000,0.737146,5.632710,8.077676,4.169424,12.726525,3.128738,13.656479
9.000000,196.000000,6.000000,0.810843,7.211669,12.701486,2.667714,20.031872,1.940809,20.385500
9.000000,197.000000,6.000000,0.742748,8.144591,12.437095,2.702787,24.413825,1.819785,24.422935
9.000000,198.000000,7.000000,0.742913,9.194489,17.210810,1.763793,34.379414,1.271782,34.572200
9.000000,199.000000,7.000000,0.815747,12.803089,21.916112,1.768624,54.050339,1.236135,52.703320
9.000000,200.000000,5.000000,0.744129,0.714638,0.731574,1.446649,1.558859,0.859381,2.398077
9.000000,201.000000,6.000000,0.745339,2.569161,9.152310,2.017663,11.840212,1.066628,11.264794
9.000000,202.000000,6.000000,0.823307,3.201530,11.737184,2.426150,15.614160,1.273551,14.857938
9.000000,203.000000,7.000000,0.748219,2.999563,13.510903,2.348333,16.724351,0.822396,16.211862
9.000000,204.000000,7.000000,0.749885,3.478742,15.841641,2.579675,20.300164,0.909051,19.652540
9.000000,205.000000,6.000000,0.824803,5.312990,19.216520,2.669775,27.681479,1.579563,27.359160
9.000000,206.000000,6.000000,0.753200,6.056958,21.537154,2.668438,31.640810,1.453389,31.861399
9.000000,207.000000,7.000000,0.757617,5.502617,29.609022,3.398228,42.867064,0.800949,43.792829
9.000000,208.000000,6.000000,0.838965,4.521313,9.624385,2.776827,15.289699,2.077462,13.778295
9.000000,209.000000,8.000000,0.768854,4.339479,11.899642,3.718578,19.301682,3.828859,18.648146
9.000000,210.000000,8.000000,0.927111,6.276609,16.938207,4.671092,28.269741,4.908683,28.051390
9.000000,211.000000,8.000000,0.464448,3.462955,9.118974,2.575509,16.602928,2.702360,16.472814
9.000000,212.000000,6.000000,1.006439,10.609042,28.021826,2.302558,49.208382,1.892263,49.127032
9.000000,213.000000,7.000000,0.772832,10.680731,28.747700,0.980167,49.740216,1.294736,50.182792
9.000000,214.000000,5.000000,0.851516,0.566985,1.034291,0.559193,1.855233,0.678582,1.066231
9.000000,215.000000,7.000000,0.774983,1.128092,2.907042,0.953462,5.413709,0.811332,6.233657
9.000000,216.000000,7.000000,0.776376,3.706881,4.943117,1.165059,14.476522,0.876383,15.568200
9.000000,217.000000,8.000000,0.861983,4.719289,9.195474,1.244066,19.647806,1.064536,20.628093
9.000000,218.000000,8.000000,0.787019,5.105898,9.794501,1.251560,21.995886,1.156986,22.642869
9.000000,219.000000,7.000000,0.790841,1.998903,5.907267,1.105934,14.361925,0.992480,14.481312
9.000000,220.000000,7.000000,0.863217,2.635604,7.892031,1.745497,20.461806,1.699161,20.576309
9.000000,221.000000,8.000000,0.783352,2.477807,8.822456,2.055131,22.930475,2.050162,22.926443
9.000000,222.000000,7.000000,0.783577,3.445724,10.494985,2.793512,30.225179,2.827495,30.100020
9.000000,223.000000,7.000000,0.862883,4.896225,14.838585,3.527793,44.239691,3.540437,44.161416
9.000000,224.000000,6.000000,0.706803,1.610512,3.072577,2.875588,8.827124,2.895957,8.910106
9.000000,225.000000,6.000000,0.864107,2.290505,4.540068,4.240585,13.324472,4.242001,13.442485
9.000000,226.000000,6.000000,0.706321,2.157614,4.271838,3.974292,12.839489,3.937900,13.019908
9.000000,227.000000,6.000000,0.938981,3.467079,7.067926,6.414083,21.762494,6.301418,22.088617
9.000000,228.000000,5.000000,0.779985,3.382395,7.751917,3.287309,22.230642,3.255534,22.506295
9.000000,229.000000,6.000000,0.855818,4.870774,11.175433,3.564509,32.095263,3.656060,32.283361
9.000000,230.000000,6.000000,0.775860,5.414429,13.298592,5.267148,38.765795,5.307935,39.282447
9.000000,231.000000,6.000000,0.774102,1.788057,5.672877,3.345139,18.076505,3.424340,17.527379
9.000000,232.000000,5.000000,0.770058,2.267236,3.487657,2.458662,8.727986,2.347277,8.294373
9.000000,233.000000,5.000000,0.840482,3.000207,4.083975,5.754009,14.634507,5.619947,14.453958
9.000000,234.000000,4.000000,0.758716,3.189697,4.435431,9.090359,15.377105,9.068632,15.163587
9.000000,235.000000,4.000000,0.755369,3.920362,5.444963,11.065642,18.762165,11.000223,18.493168
9.000000,236.000000,5.000000,0.828658,3.878491,9.505957,4.400936,19.059951,4.299718,19.183234
9.000000,237.000000,6.000000,0.752425,3.408729,11.966824,4.035635,22.203855,4.082755,22.201457
9.000000,238.000000,6.000000,0.751812,4.576403,15.626694,6.170841,30.606512,6.173893,30.604793
9.000000,239.000000,5.000000,0.748732,2.559816,12.773406,5.561714,40.493564,5.334151,40.565931
9.000000,240.000000,3.000000,0.790784,2.944455,2.858130,7.127711,9.328822,6.606658,9.258392
9.000000,241.000000,4.000000,0.790768,5.473630,2.029988,5.974840,11.912867,6.025772,11.709791
9.000000,242.000000,4.000000,0.790753,6.734919,0.946634,6.558978,17.590847,6.645190,17.918070
9.000000,243.000000,5.000000,0.737383,8.476234,5.991269,3.578750,21.733147,5.184686,22.195310
9.000000,244.000000,6.000000,0.762751,8.788123,9.835924,3.362083,31.968732,4.904359,31.937345
9.000000,245.000000,5.000000,0.762642,5.795894,13.963925,4.118694,20.687692,4.978637,19.593683
9.000000,246.000000,4.000000,0.713930,7.330666,13.433168,7.435979,24.131696,8.995488,23.012949
9.000000,247.000000,4.000000,0.780282,10.741436,19.159920,10.218137,35.538971,11.835094,34.645795
9.000000,248.000000,3.000000,0.711245,4.654516,4.593807,2.491932,9.304211,3.188003,10.500404
9.000000,249.000000,5.000000,0.709295,1.949679,5.777084,2.359178,12.721028,3.313179,13.557926
9.000000,250.000000,5.000000,0.774780,2.634915,8.606137,3.274699,19.170588,4.019736,19.627554
9.000000,251.000000,5.000000,0.698404,2.886536,10.553466,3.287639,25.044679,3.790087,23.889729
9.000000,252.000000,5.000000,0.691764,3.854092,3.067641,2.734022,7.040483,2.951553,9.435242
9.000000,253.000000,5.000000,0.686409,4.560879,3.851076,3.301730,8.946650,3.363703,11.226161
9.000000,254.000000,4.000000,0.748774,3.434257,3.866779,3.049274,5.553244,3.134552,5.391416
9.000000,255.000000,4.000000,0.674980,3.606760,3.824205,3.147851,5.925600,3.249282,5.760123
9.000000,256.000000,4.000000,0.680147,4.423825,4.971696,3.804457,7.861096,3.946379,7.721976
9.000000,257.000000,4.000000,0.744122,5.865181,6.795526,6.527694,18.051699,6.681747,17.984891
9.000000,258.000000,4.000000,0.667792,6.338780,7.701195,7.578725,20.632320,7.843640,20.563155
9.000000,260.000000,3.000000,0.738692,1.337389,1.299751,1.327930,1.954812,1.422471,2.146466
9.000000,261.000000,3.000000,0.666822,1.449003,1.404989,2.823558,2.887755,2.994421,3.058763
9.000000,262.000000,3.000000,0.666781,1.827231,1.767631,3.468189,3.710255,3.606872,3.901714
9.000000,263.000000,3.000000,0.714451,2.086634,2.013963,3.788796,4.923206,3.870920,5.084279
9.000000,264.000000,3.000000,0.648099,2.594541,2.501491,4.633005,5.972569,4.541135,5.793937
9.000000,387.000000,3.000000,1.100673,0.520449,0.518217,0.410946,0.671399,0.174260,1.081375
9.000000,388.000000,3.000000,1.006828,0.518158,0.515734,0.349153,0.686396,0.120408,1.090396
9.000000,389.000000,3.000000,1.014502,0.589821,0.586841,0.326771,0.846997,0.090201,1.250982
9.000000,390.000000,3.000000,1.121851,0.741206,0.737414,0.398886,1.100680,0.059128,1.587192
9.000000,391.000000,3.000000,1.027459,0.782270,0.778268,0.292329,1.349611,0.009927,1.684061
9.000000,392.000000,3.000000,1.028657,0.880826,0.876342,0.449613,1.269185,0.375122,1.614972
9.000000,393.000000,3.000000,1.137063,1.125909,1.119825,1.119453,1.340469,1.082253,1.634640
9.000000,394.000000,3.000000,1.039072,1.186569,1.181522,1.257722,1.653594,1.307701,1.751819
9.000000,395.000000,3.000000,1.042326,1.386942,1.381303,1.048919,2.616315,1.106722,2.754439
9.000000,396.000000,3.000000,1.152234,1.819118,1.812059,0.887677,4.274154,0.947145,4.541904
9.000000,397.000000,3.000000,1.052705,1.960087,1.952861,0.516953,5.673336,0.532126,5.906270
9.000000,398.000000,3.000000,1.060016,2.385682,2.375968,0.142588,8.393098,0.120422,8.403142
9.000000,399.000000,3.000000,1.176820,3.255485,3.241114,0.101282,12.738419,0.036474,12.668251
9.000000,628.000000,3.000000,1.461982,0.289640,0.289477,0.329386,0.602613,0.196254,0.591544
9.000000,629.000000,3.000000,1.325232,0.282225,0.282147,0.243492,0.571525,0.177345,0.577553
9.000000,630.000000,3.000000,1.320252,0.309899,0.309761,0.261182,0.641830,0.165002,0.628424
9.000000,631.000000,3.000000,1.447157,0.368755,0.368515,0.291402,0.763706,0.165293,0.746310
9.000000,632.000000,3.000000,1.309648,0.361990,0.361725,0.214629,0.742245,0.132790,0.731235
9.000000,633.000000,4.000000,1.302879,0.454416,0.671503,0.431320,0.851494,0.420943,0.854094
9.000000,634.000000,4.000000,1.426428,0.553367,0.809036,0.530981,0.957734,0.509818,1.068850
9.000000,635.000000,4.000000,1.286485,0.539670,0.780795,0.517382,0.951509,0.496329,1.062932
9.000000,636.000000,4.000000,1.275445,0.594966,0.854150,0.567313,1.124666,0.544842,1.209179
9.000000,637.000000,4.000000,1.391273,0.716748,1.016520,0.694310,1.218708,0.664018,1.372725
9.000000,638.000000,4.000000,1.252437,0.706011,0.988883,0.693645,1.090777,0.661864,1.258558
9.000000,639.000000,4.000000,1.240497,0.779779,1.077291,0.803709,1.157156,0.734556,1.280054
9.000000,640.000000,4.000000,1.347436,0.947303,1.290195,1.068442,1.510235,0.790233,1.629089
9.000000,641.000000,4.000000,1.213528,0.964141,1.297324,1.048142,1.893390,0.659478,1.824615
9.000000,642.000000,4.000000,1.201537,1.070586,1.411452,1.077098,2.229547,0.722841,2.157895
9.000000,643.000000,4.000000,1.197677,1.210185,1.564325,1.077264,2.569925,0.814371,2.602484
9.000000,644.000000,7.000000,1.315380,1.952660,2.761077,1.882389,5.645606,1.431494,5.524453
9.000000,645.000000,7.000000,1.199787,1.976867,2.820012,1.824367,5.998414,1.437474,5.661625
9.000000,646.000000,7.000000,1.200640,2.173550,3.158304,1.899645,6.961116,1.575844,6.377837
9.000000,647.000000,7.000000,1.321800,2.668948,3.978868,2.232282,8.923364,1.915759,8.009674
9.000000,648.000000,7.000000,1.201042,2.701271,4.104181,2.002615,9.470190,1.741288,8.620349
9.000000,649.000000,6.000000,1.200227,2.042251,3.576600,1.452400,4.477925,1.238825,4.501125
9.000000,650.000000,6.000000,1.312506,2.578353,4.396910,1.735948,6.517683,1.435058,6.202128
9.000000,651.000000,6.000000,1.190733,2.639723,4.355960,1.786013,7.720043,1.490729,6.889190
9.000000,652.000000,6.000000,1.187022,2.992624,4.746140,2.025493,9.583284,1.706501,8.386104
9.000000,653.000000,6.000000,1.303263,3.715298,5.789986,2.288234,12.554653,2.017973,11.041838
9.000000,654.000000,7.000000,1.183301,2.034849,2.837376,1.743845,4.966835,1.320053,4.262518
9.000000,655.000000,7.000000,1.175515,2.248724,3.188667,2.153905,5.972739,1.679546,5.074834
9.000000,656.000000,7.000000,1.288697,2.751865,4.015027,2.517056,8.038305,2.195212,6.872084
9.000000,657.000000,7.000000,1.170792,2.810619,4.207533,2.295507,8.623750,2.052843,7.430687
9.000000,658.000000,7.000000,1.173663,3.173659,4.910599,2.054745,11.087713,1.957249,9.230445
9.000000,659.000000,6.000000,1.290959,2.522264,3.898101,2.259675,7.159919,1.705693,5.247307
9.000000,660.000000,6.000000,1.169341,2.638189,4.013564,2.114026,8.030079,1.809495,5.999432
9.000000,661.000000,6.000000,1.165029,3.061327,4.598433,2.118953,9.536996,1.998136,7.394339
9.000000,662.000000,5.000000,1.279457,2.151328,3.664552,2.106355,5.256784,1.721837,3.704014
9.000000,663.000000,5.000000,1.157891,2.239405,3.824103,1.968190,7.641085,1.327492,4.949129
9.000000,664.000000,6.000000,1.152986,3.092692,4.226832,2.787132,9.354116,2.011052,6.690099
9.000000,665.000000,6.000000,1.151404,2.268806,3.437000,2.170398,5.017658,2.143508,3.488603
9.000000,666.000000,6.000000,1.268359,2.861055,4.281026,2.556315,8.440405,1.849464,5.499918
9.000000,667.000000,5.000000,1.146023,1.531864,2.459196,1.518054,2.808297,1.683887,3.103995
9.000000,668.000000,4.000000,1.138474,1.406821,1.871194,1.257123,2.957951,1.233253,2.159554
9.000000,669.000000,4.000000,1.246417,1.656009,2.135494,1.222908,3.567446,1.143405,3.227885
9.000000,670.000000,3.000000,1.126308,1.062905,1.062348,0.968598,1.080810,0.899414,1.301027
9.000000,671.000000,4.000000,1.118617,1.305861,1.522666,1.217509,2.068620,1.362716,2.269481
9.000000,672.000000,6.000000,1.221610,1.818975,2.796578,1.796453,2.752717,1.464167,4.312115
9.000000,673.000000,6.000000,1.106731,1.674012,2.554480,1.922279,2.189713,1.393042,4.269203
9.000000,674.000000,6.000000,1.100004,1.737075,2.638380,1.915051,2.045529,1.465677,4.693775
9.000000,675.000000,6.000000,1.202395,1.936064,2.966915,2.221450,2.112536,1.695508,5.513193
9.000000,676.000000,5.000000,1.079817,0.835828,1.637440,2.168437,2.004076,1.354948,2.446948
9.000000,677.000000,4.000000,1.069913,0.481699,0.818851,2.397879,1.047965,1.416001,2.513711
9.000000,678.000000,5.000000,1.062094,0.912385,1.709516,2.090225,2.243756,1.723031,2.538038
9.000000,679.000000,5.000000,1.156327,1.070996,1.949572,2.123819,2.629472,1.978722,2.800545
9.000000,680.000000,5.000000,1.042176,1.057129,1.865412,1.542669,1.147106,1.109432,3.120660
9.000000,681.000000,6.000000,1.034437,1.495268,2.540377,1.510765,2.107198,1.140888,3.939045
9.000000,682.000000,5.000000,1.134452,0.876118,1.340374,1.272806,2.137784,0.826845,2.203358
9.000000,683.000000,5.000000,1.029482,0.871514,1.365789,1.080110,2.134508,0.824050,2.149168
9.000000,684.000000,5.000000,1.029789,0.923321,1.499515,1.031232,2.038058,0.902606,2.275128
9.000000,685.000000,5.000000,1.133340,1.103457,1.766160,1.127165,2.268084,1.045596,2.696884
9.000000,686.000000,5.000000,1.030800,1.090100,1.733857,0.922826,2.268337,1.093359,2.598315
9.000000,687.000000,5.000000,1.028118,1.209730,1.895786,1.092306,2.493976,1.364468,2.690863
9.000000,688.000000,5.000000,1.130179,1.475290,2.277403,1.850885,2.589920,1.819373,2.702760
9.000000,689.000000,5.000000,1.024793,1.450821,2.227355,1.835740,2.525681,1.785867,2.639423
9.000000,690.000000,4.000000,1.022730,1.014565,1.118767,1.054782,2.754992,0.984032,2.852566
9.000000,691.000000,4.000000,1.124281,1.227367,1.329805,1.198076,3.349877,1.167029,3.402097
9.000000,692.000000,5.000000,1.018704,1.310620,2.236723,1.684281,2.610256,1.637427,2.629302
9.000000,693.000000,5.000000,1.016678,1.451743,2.438294,2.128982,2.706382,1.996872,2.747074
9.000000,694.000000,5.000000,1.111755,1.739689,2.863867,1.653942,3.724342,1.674280,3.669128
9.000000,695.000000,5.000000,1.006621,1.726994,2.773785,1.563046,3.756421,1.641026,3.662367
9.000000,696.000000,5.000000,0.999223,1.877940,2.937481,1.691035,4.112258,1.773565,4.041333
9.000000,697.000000,4.000000,0.986015,1.006514,1.186295,0.973292,2.673243,0.980296,2.833123
9.000000,698.000000,4.000000,1.069756,1.217151,1.412637,1.284019,2.037504,1.235655,2.114165
9.000000,699.000000,4.000000,0.957287,1.177955,1.341886,1.238739,2.023613,1.205868,2.076760
9.000000,700.000000,4.000000,0.945262,1.271181,1.419727,1.354993,2.024124,1.316755,2.137314
9.000000,701.000000,3.000000,1.022025,0.795885,0.795299,0.187642,1.439076,0.178783,1.591827
9.000000,702.000000,3.000000,0.916054,0.788925,0.788473,0.157798,1.373508,0.139655,1.579573
9.000000,703.000000,3.000000,0.903822,0.855745,0.855373,0.120896,1.572902,0.110836,1.726169
9.000000,704.000000,3.000000,0.973952,1.012722,1.012381,0.151809,1.812754,0.098562,2.033333
9.000000,705.000000,3.000000,0.866959,0.966531,0.966279,0.064014,1.859511,0.061354,1.954902
9.000000,706.000000,3.000000,0.847028,1.015012,1.014812,0.039788,2.065250,0.031783,2.075685
9.000000,707.000000,3.000000,0.910716,1.161533,1.161220,0.146521,2.403059,0.008291,2.402137
10.000000,1.000000,3.000000,1.339499,0.289050,0.287922,1.483851,0.938158,2.171190,1.171860
10.000000,2.000000,3.000000,1.225209,0.257887,0.257216,0.422782,1.423877,0.168929,2.037513
10.000000,3.000000,3.000000,1.232114,0.250706,0.250171,0.438065,1.377770,0.094613,1.868644
10.000000,4.000000,3.000000,1.365907,0.278152,0.277767,0.658670,1.434745,0.034483,1.874537
10.000000,5.000000,3.000000,1.253076,0.269112,0.268930,0.595391,1.446224,0.281196,1.455277
10.000000,6.000000,3.000000,1.388983,0.378752,0.378640,0.621970,1.000124,0.698420,1.331529
10.000000,7.000000,3.000000,1.269776,0.517733,0.517730,1.118059,0.681514,0.872749,1.221696
10.000000,8.000000,3.000000,1.277809,0.856485,0.856140,1.035778,1.743029,0.445826,2.140838
10.000000,9.000000,3.000000,1.284638,1.469157,1.466608,0.940070,2.687494,0.391040,3.166527
10.000000,67.000000,3.000000,1.393311,0.500061,0.374061,0.190394,2.343362,0.233000,2.361539
10.000000,68.000000,3.000000,1.394848,0.483649,0.358172,0.169792,2.227407,0.252448,2.261945
10.000000,69.000000,3.000000,1.532661,0.513155,0.393363,0.188904,2.300077,0.301178,2.324996
10.000000,70.000000,4.000000,1.393604,0.759305,0.690604,1.012083,1.314073,1.027619,1.137172
10.000000,71.000000,4.000000,1.392785,0.774929,0.691676,1.011115,1.320507,1.036850,1.157478
10.000000,72.000000,4.000000,1.539759,0.939510,0.835285,1.190880,1.466900,1.215809,1.399704
10.000000,73.000000,4.000000,1.408829,0.880524,0.773383,1.046905,1.708725,1.093709,1.396428
10.000000,74.000000,4.000000,1.407381,0.910190,0.786548,1.024772,1.881460,1.072435,1.545070
10.000000,75.000000,4.000000,1.543332,1.063944,0.894527,1.140214,1.966175,1.155565,1.904241
10.000000,76.000000,4.000000,1.406878,0.982373,0.796893,1.002586,1.949981,1.017759,1.953647
10.000000,77.000000,4.000000,1.412335,1.030519,0.793622,1.091606,2.471580,1.148681,2.500378
10.000000,78.000000,4.000000,1.552455,1.262538,0.929114,1.320778,3.759496,1.353998,3.831588
10.000000,79.000000,4.000000,1.409568,1.305774,0.950959,1.142225,5.072143,1.185784,5.182923
10.000000,80.000000,4.000000,1.423497,1.461680,1.031020,0.906769,7.539188,0.972429,7.675490
10.000000,81.000000,4.000000,1.565740,1.865015,1.286408,1.420495,11.911787,1.455755,12.178715
10.000000,82.000000,4.000000,1.425153,2.015247,1.387520,2.189020,15.796039,2.212274,15.949796
10.000000,83.000000,3.000000,1.428942,1.505307,1.499571,0.084986,9.976301,0.121054,10.020442
10.000000,84.000000,3.000000,1.578944,2.639229,2.634952,0.765557,20.828983,0.733660,20.858716
10.000000,85.000000,4.000000,1.440724,11.082873,3.337555,5.838311,42.591743,5.838279,42.733273
10.000000,86.000000,3.000000,1.441565,3.240420,3.235577,7.999500,8.448324,7.939895,8.476644
10.000000,87.000000,3.000000,1.590300,5.596905,5.573778,2.956745,25.303232,2.868951,25.259584
10.000000,88.000000,3.000000,1.449427,8.731922,8.661531,2.656271,49.712988,2.651574,49.704935
10.000000,92.000000,3.000000,1.464683,0.730621,0.728504,1.189252,0.898398,1.137850,0.846314
10.000000,93.000000,3.000000,1.613038,0.887540,0.885124,1.406694,0.816824,1.395637,0.811771
10.000000,94.000000,3.000000,1.470866,0.880196,0.878329,1.362775,0.576926,1.394732,0.620993
10.000000,95.000000,3.000000,1.477628,1.161515,1.153716,1.517959,0.528619,1.554957,0.497422
10.000000,96.000000,4.000000,1.633407,1.343609,1.051311,1.717964,1.177329,1.743446,1.200020
10.000000,97.000000,3.000000,1.490313,0.600247,0.597871,1.331031,1.156913,1.366474,1.174505
10.000000,98.000000,4.000000,1.495887,1.504982,1.090880,1.740433,1.233543,1.760389,1.268042
10.000000,99.000000,5.000000,1.654662,1.943091,2.207116,1.726239,4.840004,1.862060,4.926890
10.000000,100.000000,5.000000,1.508863,1.957749,2.136834,1.815246,4.950137,1.839427,5.035217
10.000000,101.000000,5.000000,1.659122,2.503628,2.595065,2.326293,6.254580,2.258372,6.488777
10.000000,102.000000,5.000000,1.511273,2.621268,2.511744,2.308957,6.700390,2.245382,6.798071
10.000000,103.000000,4.000000,1.514094,3.396628,0.537420,2.801304,6.805453,2.761138,6.740338
10.000000,104.000000,6.000000,1.664457,4.286671,5.705848,1.976240,12.955895,1.898292,12.650380
10.000000,105.000000,6.000000,1.512238,4.444430,5.699033,1.863694,13.954106,1.797813,13.632249
10.000000,106.000000,6.000000,1.512425,5.190045,6.393173,2.013795,16.977726,1.960485,16.643225
10.000000,107.000000,5.000000,1.514454,1.805314,2.288391,1.788642,1.977933,1.731841,2.007069
10.000000,108.000000,5.000000,1.662820,2.272261,3.121896,2.228129,2.907186,2.160536,2.928336
10.000000,109.000000,5.000000,1.508686,2.376151,3.427554,2.218425,3.431382,2.199110,3.404423
10.000000,110.000000,5.000000,1.502106,2.800258,4.042034,1.383662,8.842625,1.316854,8.687470
10.000000,111.000000,5.000000,1.651005,3.722860,5.376052,1.487695,11.703140,1.546809,11.422472
10.000000,112.000000,5.000000,1.496314,4.019742,5.680395,1.306135,12.454182,1.489464,12.238331
10.000000,113.000000,6.000000,1.493778,3.717149,6.671797,1.390476,16.271135,1.414398,15.997128
10.000000,114.000000,5.000000,1.642382,1.593614,1.152659,1.411344,0.736068,1.362449,0.564562
10.000000,115.000000,5.000000,1.493585,1.581518,1.312713,1.285643,1.026919,1.385039,0.875829
10.000000,116.000000,5.000000,1.492387,1.564875,1.676971,1.487338,1.466005,1.595101,1.349308
10.000000,117.000000,5.000000,1.631446,1.709233,2.354835,1.353231,5.708106,1.234161,5.574434
10.000000,118.000000,5.000000,1.477429,1.464588,2.727310,1.078285,6.057439,0.977407,5.993497
10.000000,119.000000,5.000000,1.469698,1.603798,3.453786,0.830876,7.094224,0.811738,7.179888
10.000000,120.000000,5.000000,1.620779,2.113364,4.410753,1.446763,7.639486,1.415986,7.763402
10.000000,121.000000,3.000000,1.478853,1.267688,1.155643,0.151723,3.084447,0.041886,3.154529
10.000000,122.000000,4.000000,1.469975,1.636918,3.005146,2.348974,3.123385,2.408270,3.327489
10.000000,123.000000,4.000000,1.613730,3.231746,4.145771,2.115534,7.092204,2.294853,7.177759
10.000000,124.000000,5.000000,1.463286,3.057335,6.880427,2.021475,14.607070,1.874435,14.686628
10.000000,125.000000,4.000000,1.457210,4.476678,7.992034,2.454487,32.497067,2.426872,32.499431
10.000000,126.000000,4.000000,1.603200,8.204154,14.375239,2.697275,92.669261,2.661092,92.519545
10.000000,127.000000,3.000000,1.460375,0.710361,0.634382,0.790691,1.249287,0.812553,1.332203
10.000000,128.000000,3.000000,1.461827,0.657617,0.605849,0.852323,0.961549,0.949488,1.092992
10.000000,129.000000,3.000000,1.609908,0.655684,0.619235,0.864458,1.185976,0.852256,1.282833
10.000000,130.000000,3.000000,1.460520,0.564146,0.539190,0.444437,1.258407,0.438195,1.369960
10.000000,131.000000,3.000000,1.455586,0.653717,0.631226,0.060154,1.767722,0.060162,1.851315
10.000000,132.000000,3.000000,1.596736,0.872107,0.849416,2.069762,2.871853,2.052863,2.904097
10.000000,133.000000,4.000000,1.448381,3.764990,1.081137,2.181089,15.405065,2.165138,15.419274
10.000000,134.000000,4.000000,1.588724,6.113092,2.579579,2.413212,28.925334,2.431877,28.848464
10.000000,135.000000,5.000000,1.440487,7.405681,5.860923,0.714063,53.124766,0.684238,53.037977
10.000000,136.000000,4.000000,1.441833,0.584060,0.876738,0.519747,2.224930,0.514138,2.238820
10.000000,137.000000,4.000000,1.584833,0.667851,0.966359,0.610806,2.499740,0.613786,2.539449
10.000000,138.000000,4.000000,1.436460,0.584523,0.787879,0.452346,2.146420,0.445318,2.139665
10.000000,139.000000,4.000000,1.430440,0.578120,0.744207,0.446433,2.053606,0.472317,2.023814
10.000000,140.000000,4.000000,1.425806,0.579087,0.697298,0.558699,1.914561,0.505905,1.939559
10.000000,141.000000,4.000000,1.565957,0.629664,0.682266,0.772645,1.885567,0.605373,1.996694
10.000000,142.000000,4.000000,1.418080,0.581410,0.586464,0.761997,1.690655,0.593146,1.781490
10.000000,143.000000,4.000000,1.419476,0.560691,0.427176,0.790883,1.466782,0.658312,1.532218
10.000000,144.000000,4.000000,1.556772,0.680717,0.495008,0.913150,1.827185,0.801689,1.887343
10.000000,145.000000,4.000000,1.414372,0.625423,0.325507,0.877696,1.578845,0.807156,1.596461
10.000000,146.000000,4.000000,1.410315,0.661961,0.302760,0.901641,1.671563,0.882284,1.622417
10.000000,147.000000,4.000000,1.548365,0.760516,0.227049,1.091381,1.741635,1.082853,1.718969
10.000000,148.000000,4.000000,1.403749,0.737031,0.222553,1.001849,1.665515,1.003579,1.656140
10.000000,149.000000,4.000000,1.400080,0.772400,0.327940,1.027322,1.874758,1.018680,1.843787
10.000000,150.000000,4.000000,1.534934,0.892295,0.528047,1.160183,2.450232,1.126812,2.289486
10.000000,151.000000,4.000000,1.398498,0.812009,0.626098,0.944637,2.049161,0.954775,2.287592
10.000000,152.000000,4.000000,1.400417,0.857007,0.809824,0.914847,2.324769,0.975933,2.582388
10.000000,153.000000,4.000000,1.528683,1.024816,1.067454,1.083827,3.291532,1.093165,3.147855
10.000000,154.000000,4.000000,1.385702,0.983355,1.215930,0.985352,3.405583,0.966831,3.210853
10.000000,155.000000,4.000000,1.384134,1.065463,1.504432,0.998137,3.735721,0.969046,3.663716
10.000000,156.000000,4.000000,1.522775,1.316443,2.086953,1.121016,4.666353,1.092672,4.698098
10.000000,157.000000,4.000000,1.381822,1.342046,2.279391,1.025534,4.808240,0.998563,4.862211
10.000000,158.000000,4.000000,1.379859,1.548789,2.706801,1.081132,5.538825,1.022043,5.613321
10.000000,159.000000,4.000000,1.516421,2.028933,3.553476,1.394147,7.495450,1.313227,7.524023
10.000000,160.000000,5.000000,1.373754,1.588192,3.517586,1.538639,8.458940,1.547360,8.423220
10.000000,161.000000,4.000000,1.371491,1.639239,1.769683,2.001056,7.670495,1.987631,7.607645
10.000000,162.000000,4.000000,1.508937,2.392721,2.527917,2.968364,10.084215,2.806224,9.815861
10.000000,163.000000,4.000000,1.372940,2.844141,2.921267,3.640327,10.327613,3.446279,9.923699
10.000000,164.000000,4.000000,1.509789,4.302193,4.230380,6.116236,11.928759,5.874184,11.209019
10.000000,165.000000,3.000000,1.371588,2.204325,2.041420,6.046905,9.240972,5.848949,9.004119
10.000000,166.000000,3.000000,1.372463,3.179842,2.911468,8.343095,13.274922,8.135224,13.006109
10.000000,167.000000,3.000000,1.513809,5.453248,5.091084,5.492763,11.096279,5.671222,11.190472
10.000000,168.000000,3.000000,1.378131,7.790259,7.395244,6.543195,16.780827,6.720224,16.944420
10.000000,169.000000,3.000000,1.378418,14.137288,13.598983,9.015864,32.842948,9.158296,33.063048
10.000000,170.000000,3.000000,1.517085,36.074281,35.065785,14.489865,95.079682,14.585844,95.307941
10.000000,270.000000,3.000000,1.432974,0.397871,0.343597,0.450871,2.005609,0.038382,2.244744
10.000000,271.000000,3.000000,1.434234,0.378237,0.340849,0.472942,1.972133,0.052760,2.212743
10.000000,272.000000,3.000000,1.580438,0.388555,0.361815,0.548599,2.087605,0.078904,2.346999
10.000000,273.000000,3.000000,1.436735,0.308224,0.292672,0.508195,1.659136,0.093162,1.870117
10.000000,274.000000,3.000000,1.437200,0.290991,0.280722,0.552417,1.566358,0.129780,1.781203
10.000000,275.000000,3.000000,1.580233,0.268019,0.261787,0.640770,1.382262,0.191561,1.572369
10.000000,276.000000,3.000000,1.434495,0.234315,0.231349,0.618935,1.196671,0.245453,1.354778
10.000000,277.000000,3.000000,1.433919,0.237383,0.235993,0.742969,1.163578,0.346155,1.343140
10.000000,278.000000,3.000000,1.574210,0.257827,0.257313,0.963366,1.066578,0.518147,1.261453
10.000000,279.000000,3.000000,1.430403,0.245478,0.245367,1.047348,0.730219,0.644740,0.891526
10.000000,280.000000,3.000000,1.426745,0.296845,0.296835,0.888346,0.860227,0.583622,0.907888
10.000000,281.000000,3.000000,1.567762,0.467088,0.466559,0.670414,1.416698,0.191935,1.484700
10.000000,282.000000,3.000000,1.421904,0.666155,0.663553,0.477727,0.771774,0.831135,0.900070
10.000000,283.000000,3.000000,1.421995,1.115591,1.107243,0.405055,1.820116,0.202124,2.449045
11.000000,1.000000,6.000000,0.549899,3.609983,11.422425,2.374278,17.046050,2.417955,17.039133
11.000000,2.000000,5.000000,0.594033,5.897294,6.334538,2.182819,22.986092,2.140412,22.918116
11.000000,3.000000,6.000000,0.530914,5.699793,5.910947,1.286505,26.901411,1.283908,26.757783
11.000000,4.000000,6.000000,0.575441,7.432065,7.455328,1.449968,36.402547,1.451808,36.242122
11.000000,5.000000,8.000000,0.514269,5.764497,20.886611,3.223533,40.983987,3.257557,40.776516
11.000000,6.000000,6.000000,0.506326,2.013614,7.450719,1.515463,10.619809,1.521954,10.640626
11.000000,7.000000,5.000000,0.546820,3.889247,5.267159,1.678579,13.209951,1.568049,13.275800
11.000000,8.000000,5.000000,0.486235,4.096841,5.215558,1.668928,13.851801,1.618024,13.925290
11.000000,9.000000,5.000000,0.471018,4.948997,5.673615,1.620847,16.921392,1.707329,16.922569
11.000000,10.000000,5.000000,0.503107,6.304099,7.032547,1.932480,21.673494,1.941094,21.633001
11.000000,11.000000,5.000000,0.444139,6.608183,7.103369,1.850093,22.867131,1.873020,22.894362
11.000000,12.000000,5.000000,0.430824,7.518275,7.872911,1.672263,27.263298,1.703766,27.384451
11.000000,13.000000,4.000000,0.456320,1.120507,1.570863,1.055723,1.996220,1.077008,2.027519
11.000000,14.000000,4.000000,0.403289,1.066012,1.548876,0.984253,1.883970,0.986499,1.904704
11.000000,15.000000,5.000000,0.398616,1.811175,3.963899,2.002967,8.558649,2.000414,8.557266
11.000000,16.000000,4.000000,0.435125,2.877199,4.878991,2.348541,11.156764,2.338484,11.211831
11.000000,17.000000,4.000000,0.392803,2.838014,4.842900,2.198901,11.780870,2.197876,11.885241
11.000000,18.000000,4.000000,0.428123,3.491514,6.183968,1.357607,24.164682,1.340311,24.253814
11.000000,19.000000,5.000000,0.384414,7.593840,6.286114,1.485088,25.157139,1.485522,25.153139
11.000000,20.000000,4.000000,0.378840,3.918832,6.824729,1.219843,29.294356,1.213813,29.303908
11.000000,21.000000,3.000000,0.413330,0.879492,0.731877,0.944769,1.530510,0.924308,1.542329
11.000000,22.000000,3.000000,0.371414,0.853304,0.718824,0.901941,1.470427,0.882189,1.482314
11.000000,23.000000,4.000000,0.367727,0.604308,1.068409,0.633763,1.704798,0.616412,1.723808
11.000000,24.000000,3.000000,0.398896,0.818362,0.705352,0.860581,1.246371,0.856232,1.238861
11.000000,25.000000,4.000000,0.359840,2.931756,5.039484,1.176373,15.458690,1.172820,15.438929
11.000000,26.000000,4.000000,0.395643,3.578328,6.103668,1.243303,19.193440,1.213750,19.280268
11.000000,27.000000,5.000000,0.353459,4.099270,7.468868,0.872096,19.407173,0.830125,19.438568
11.000000,28.000000,7.000000,0.349723,4.652585,14.383855,1.608410,22.426705,1.601938,22.484905
11.000000,29.000000,7.000000,0.347201,5.412163,15.905834,1.504810,25.213222,1.490702,25.342258
11.000000,30.000000,7.000000,0.380386,7.114023,19.599464,1.420890,31.592450,1.410232,31.727311
11.000000,31.000000,7.000000,0.349119,0.765711,1.369707,0.996874,2.260714,0.891574,2.381623
11.000000,32.000000,6.000000,0.350716,0.416935,0.854159,0.923749,2.326640,0.813087,2.511357
11.000000,33.000000,7.000000,0.387592,0.968796,1.674501,1.144636,2.682679,1.050083,2.918723
11.000000,34.000000,6.000000,0.353029,1.035662,1.404074,1.036026,2.607967,0.977432,2.692904
11.000000,35.000000,6.000000,0.355554,1.084353,1.437783,1.031588,2.805532,0.986956,2.862016
11.000000,36.000000,6.000000,0.396183,1.209547,1.703992,1.161385,2.562243,1.085392,2.635824
11.000000,37.000000,6.000000,0.363204,1.114423,1.668702,1.110633,2.505758,1.024418,2.608559
11.000000,38.000000,6.000000,0.368041,1.162441,1.762684,1.133884,2.752340,1.070575,2.834788
11.000000,39.000000,5.000000,0.409313,0.887424,1.462615,1.222858,3.259118,1.191486,3.204483
11.000000,40.000000,5.000000,0.380728,0.867587,1.513330,1.130880,3.160700,1.114855,3.123008
11.000000,41.000000,6.000000,0.428015,1.112566,2.706070,0.888774,3.744624,0.951158,3.694176
11.000000,42.000000,6.000000,0.398412,1.054466,2.675844,0.853657,3.686970,0.901318,3.649076
11.000000,43.000000,5.000000,0.408593,1.607850,2.696674,1.304908,3.809375,1.303507,3.745206
11.000000,44.000000,7.000000,0.464678,0.912901,3.486061,1.199465,5.263962,1.174750,5.391043
11.000000,45.000000,8.000000,0.437888,1.450168,4.095753,2.032553,2.730158,2.021933,2.759005
11.000000,46.000000,8.000000,0.451704,1.337540,2.828107,2.008908,4.417398,1.956903,4.479538
11.000000,47.000000,8.000000,0.514071,1.659893,3.451073,1.649007,6.053270,1.629185,6.042280
11.000000,48.000000,8.000000,0.483034,1.679824,3.568903,1.754788,6.112249,1.733583,6.137158
11.000000,49.000000,7.000000,0.500822,1.658462,4.187190,1.751196,7.171367,1.861653,7.142803
11.000000,50.000000,7.000000,0.568962,2.221836,5.322547,2.209183,9.480099,2.284559,9.425702
11.000000,51.000000,7.000000,0.536498,2.699867,5.545194,2.145339,10.209744,2.167312,10.153934
11.000000,52.000000,7.000000,0.551394,3.422290,6.484098,2.126761,12.341719,2.225621,12.197482
11.000000,53.000000,6.000000,0.626494,3.024219,4.213729,2.547345,16.569170,2.679154,16.368124
11.000000,54.000000,7.000000,0.589098,5.746954,9.943263,2.243077,18.050640,2.343674,17.926755
11.000000,55.000000,6.000000,0.603707,6.785378,10.878740,1.720240,22.115869,1.759215,22.414653
11.000000,56.000000,4.000000,0.683563,0.627052,0.700488,1.878607,2.564141,1.885961,2.822363
11.000000,57.000000,4.000000,0.635999,0.577005,0.572352,1.829473,2.827148,1.835649,2.944214
11.000000,58.000000,4.000000,0.716741,0.614548,0.534046,0.540437,1.034650,0.525490,1.096090
11.000000,59.000000,4.000000,0.666166,0.563054,0.430179,0.468368,0.947080,0.475830,1.031131
11.000000,60.000000,4.000000,0.683238,0.603720,0.451018,0.512949,1.040812,0.517944,1.089082
11.000000,61.000000,4.000000,0.700317,0.607097,0.372804,0.560205,0.997009,0.566660,1.035951
11.000000,62.000000,4.000000,0.787367,0.678008,0.378297,0.670563,1.147680,0.670243,1.114584
11.000000,63.000000,4.000000,0.730445,0.598772,0.362562,0.664185,1.017131,0.663262,0.988449
11.000000,64.000000,4.000000,0.819036,0.652724,0.392455,0.752811,0.942752,0.765328,1.023061
11.000000,65.000000,4.000000,0.762304,0.528826,0.338596,0.659566,0.878141,0.689455,0.881762
11.000000,66.000000,4.000000,0.770444,0.607595,0.420489,0.694513,1.881709,0.664812,1.903846
11.000000,67.000000,4.000000,0.864497,0.743834,0.495327,0.839070,2.241823,0.802127,2.258605
11.000000,68.000000,4.000000,0.802220,0.651393,0.431335,0.688318,2.149273,0.688876,2.149076
11.000000,69.000000,4.000000,0.818972,0.697522,0.450399,0.737709,2.293399,0.725369,2.304088
11.000000,70.000000,4.000000,0.912012,0.726525,0.592539,0.744245,2.738444,0.711785,2.767107
11.000000,71.000000,4.000000,0.832015,0.770536,0.576844,0.789074,2.599487,0.778562,2.734907
11.000000,72.000000,4.000000,0.836891,0.692255,0.773426,0.561828,2.760062,0.553709,2.890298
11.000000,73.000000,4.000000,0.929269,0.813874,0.908003,0.640783,3.352657,0.631428,3.429599
11.000000,74.000000,4.000000,0.855184,0.768534,0.985791,0.557119,3.413592,0.560440,3.422345
11.000000,75.000000,4.000000,0.869197,0.827679,1.076834,0.611564,3.805293,0.601533,3.782846
11.000000,76.000000,4.000000,0.962479,0.977185,1.400414,0.667822,4.657662,0.656463,4.686655
11.000000,77.000000,5.000000,0.872714,1.431656,1.142632,0.272148,4.612766,0.262600,4.597047
11.000000,78.000000,5.000000,0.879931,1.580409,1.389016,0.295824,5.055888,0.269888,5.076164
11.000000,79.000000,5.000000,0.967634,1.910833,1.672955,0.349258,6.078082,0.313341,6.146072
11.000000,80.000000,4.000000,0.893551,1.199295,2.226537,0.397327,6.200426,0.421688,6.221321
11.000000,81.000000,4.000000,0.979723,1.431433,2.704800,0.438647,7.546158,0.444967,7.545439
11.000000,82.000000,4.000000,0.898467,1.411687,2.737981,0.382247,7.557146,0.369057,7.580451
11.000000,83.000000,5.000000,0.892933,2.474168,2.013306,0.349508,8.325863,0.353161,8.300808
11.000000,84.000000,5.000000,0.900555,2.759363,2.158762,0.350559,9.317053,0.385262,9.358115
11.000000,85.000000,5.000000,0.990686,3.363021,2.532181,0.358622,11.359451,0.451772,11.588581
11.000000,86.000000,5.000000,0.899568,3.306223,2.407657,0.275941,11.327037,0.427254,11.654536
11.000000,87.000000,5.000000,0.996947,4.018640,2.938438,0.343159,14.290286,0.357734,14.648735
11.000000,88.000000,5.000000,0.912726,3.933819,2.964474,0.341787,14.822626,0.324065,15.113858
11.000000,89.000000,5.000000,0.924693,4.368072,3.350546,0.305640,17.462739,0.249384,17.697275
11.000000,90.000000,5.000000,1.015447,5.252897,4.170851,0.310257,22.304082,0.295064,22.547620
11.000000,91.000000,5.000000,0.930460,5.213812,4.238248,0.330778,24.002959,0.272017,24.345160
11.000000,92.000000,4.000000,0.934289,0.261610,0.318327,0.279650,0.360342,0.262255,0.491573
11.000000,93.000000,4.000000,1.039340,0.281722,0.423937,0.352236,0.315570,0.262122,0.588463
11.000000,94.000000,4.000000,0.955316,0.272648,0.430477,0.302685,0.431269,0.250315,0.581778
11.000000,95.000000,4.000000,0.957636,0.287111,0.478441,0.341276,0.371899,0.252977,0.633497
11.000000,96.000000,4.000000,1.060080,0.331327,0.614757,0.263034,0.846828,0.280536,0.753477
11.000000,97.000000,4.000000,0.966800,0.321713,0.615075,0.252711,0.857826,0.282359,0.770544
11.000000,98.000000,4.000000,1.069641,0.388904,0.766507,0.299653,1.012255,0.349533,0.987642
11.000000,99.000000,4.000000,0.979573,0.394400,0.786808,0.212064,1.509739,0.255172,1.488611
11.000000,100.000000,4.000000,0.987859,0.430966,0.854905,0.243807,1.754223,0.269586,1.716011
11.000000,101.000000,4.000000,0.993565,0.475780,0.917770,0.293763,2.027489,0.297241,1.971485
11.000000,102.000000,4.000000,1.099236,0.607653,1.137800,0.346195,2.501279,0.371475,2.487593
11.000000,103.000000,4.000000,1.004631,0.642900,1.150558,0.375249,2.673437,0.377958,2.698452
11.000000,104.000000,4.000000,1.009483,0.724515,1.308527,0.421979,3.064974,0.436918,3.087250
11.000000,105.000000,4.000000,1.122124,0.938082,1.627190,0.575765,3.899645,0.600170,3.940882
11.000000,106.000000,4.000000,1.023297,0.976188,1.658638,0.625363,4.063219,0.646070,4.095282
11.000000,107.000000,4.000000,1.029671,1.134718,1.918189,1.177256,5.520589,1.187967,5.536747
11.000000,108.000000,4.000000,1.140618,1.460583,2.498263,1.509452,7.201602,1.521810,7.223186
11.000000,109.000000,4.000000,1.046030,1.554316,2.637179,1.607435,7.679902,1.610844,7.689348
11.000000,110.000000,5.000000,1.047310,3.002550,2.072048,3.056404,11.929739,3.049673,11.937304
11.000000,111.000000,6.000000,1.156226,3.212810,3.150533,3.991621,17.552837,3.987054,17.544241
11.000000,112.000000,6.000000,1.053258,3.192323,3.443767,4.421494,20.588469,4.442406,20.646751
11.000000,113.000000,6.000000,1.168733,4.100755,4.780694,6.147982,30.215622,6.136719,30.193031
11.000000,114.000000,6.000000,1.061467,2.348432,3.097112,2.155368,10.471347,2.190398,10.473163
11.000000,115.000000,6.000000,1.060338,2.932414,3.993188,2.318699,13.010886,2.329644,13.018843
11.000000,116.000000,8.000000,1.168586,3.484740,5.422590,3.416889,19.466694,3.403484,19.460413
11.000000,117.000000,8.000000,1.063118,3.740144,6.879197,3.445556,22.425100,3.472603,22.439995
11.000000,118.000000,8.000000,1.068332,4.316853,9.563459,4.050937,29.501982,4.016291,29.506048
11.000000,119.000000,7.000000,1.170485,8.102541,12.808124,3.800939,45.140960,3.794209,45.144002
11.000000,120.000000,7.000000,1.064549,9.887750,16.490694,3.420281,58.961317,3.394885,58.984970
11.000000,121.000000,9.000000,1.058835,13.252185,26.623930,3.242686,94.204583,3.213890,94.232859
11.000000,122.000000,8.000000,1.162140,6.871744,12.390289,3.250505,47.756174,3.170189,47.850822
11.000000,123.000000,8.000000,1.054883,8.285434,13.717730,3.069070,58.647441,2.995849,58.869170
11.000000,124.000000,8.000000,1.049840,12.446395,17.625258,3.040294,85.774803,2.939132,86.126419
11.000000,125.000000,7.000000,1.150080,6.414651,10.805873,2.940729,40.784740,2.851059,40.874610
11.000000,126.000000,8.000000,1.034562,7.410001,13.733947,1.768942,52.363746,1.715195,52.423245
11.000000,127.000000,8.000000,1.032589,9.350320,17.378864,1.889500,73.966103,1.804329,74.140619
11.000000,128.000000,6.000000,1.133138,7.010035,12.517674,1.439078,37.092771,1.336318,37.090542
11.000000,129.000000,6.000000,1.025766,7.809885,14.050655,1.245579,45.180868,1.142800,45.204530
11.000000,130.000000,6.000000,1.019669,9.653333,18.143432,1.006219,64.818620,0.899884,64.940468
11.000000,131.000000,8.000000,1.117163,17.118664,30.215360,2.667004,109.481772,2.567870,109.747859
11.000000,132.000000,7.000000,1.012916,5.786810,11.101662,1.756288,38.219475,1.669435,38.325949
11.000000,133.000000,8.000000,1.108944,8.610514,17.405038,2.496409,58.995694,2.414687,59.103912
11.000000,134.000000,8.000000,0.999621,9.828309,20.824170,2.311714,76.076569,2.209312,76.148329
11.000000,135.000000,7.000000,0.995151,5.733556,12.404674,1.888951,35.048652,1.877681,35.112899
11.000000,136.000000,8.000000,0.995140,7.103045,16.143408,3.018572,48.016604,3.007803,48.233150
11.000000,137.000000,10.000000,1.091239,9.875548,27.209754,3.204124,77.058114,3.196754,77.331839
11.000000,138.000000,11.000000,0.986287,12.900070,34.278120,2.354266,101.371888,2.348460,101.505297
11.000000,139.000000,10.000000,1.075078,6.118910,13.822755,2.608652,44.999023,2.652398,44.983472
11.000000,140.000000,10.000000,0.972619,7.219438,15.646747,2.594740,54.437289,2.599647,54.374955
11.000000,141.000000,10.000000,0.965623,11.121236,21.037341,2.016020,81.683654,2.028920,81.522695
11.000000,142.000000,8.000000,1.059746,6.675596,12.000258,1.887662,38.834374,1.938789,38.822672
11.000000,143.000000,8.000000,0.959046,7.506215,13.080462,1.192521,48.189088,1.275470,48.203439
11.000000,144.000000,8.000000,0.955479,9.556891,15.947021,0.951310,66.770593,0.981123,66.797281
11.000000,145.000000,8.000000,1.044105,14.077066,25.277628,1.260668,106.138852,1.270867,106.166647
11.000000,146.000000,8.000000,0.946312,1.634074,2.736588,0.885793,8.122051,0.979144,8.111005
11.000000,147.000000,8.000000,0.942525,1.911558,3.089004,0.954485,9.390399,1.051537,9.368483
11.000000,148.000000,8.000000,1.028092,2.426143,3.831023,1.086434,12.480906,1.203881,12.439872
11.000000,149.000000,8.000000,0.929718,2.266524,4.501563,0.879271,13.275377,0.970573,13.225626
11.000000,150.000000,8.000000,0.923978,2.792639,5.408224,0.937478,16.199397,1.021737,16.156084
11.000000,151.000000,10.000000,1.010635,3.394270,7.566222,0.968087,22.992106,1.057902,23.080467
11.000000,152.000000,10.000000,0.913235,3.946526,8.097961,0.899553,25.838580,0.994409,25.887386
11.000000,153.000000,11.000000,0.906476,5.204800,14.010032,0.997740,32.709949,1.003040,32.685657
11.000000,154.000000,11.000000,0.992453,7.911791,18.959118,1.147525,47.353704,1.185085,47.312294
11.000000,155.000000,11.000000,0.898653,8.944153,24.600484,1.043047,57.528670,1.089642,57.551139
11.000000,156.000000,10.000000,0.984322,10.773289,36.474942,1.140640,90.482280,1.163737,90.604737
11.000000,157.000000,9.000000,0.891075,1.498951,7.106018,0.839652,13.492201,0.885707,13.577045
11.000000,158.000000,9.000000,0.885607,1.772523,8.396567,0.909813,16.266301,0.948291,16.326928
11.000000,159.000000,9.000000,0.965793,2.515230,11.418205,1.244350,22.853842,1.280232,22.894511
11.000000,160.000000,8.000000,0.865027,2.772425,8.694293,1.233372,25.258808,1.243124,25.292590
11.000000,161.000000,8.000000,0.847296,3.819968,11.053669,1.284879,32.210570,1.312649,32.261792
11.000000,162.000000,8.000000,0.910098,6.026401,15.410615,1.564617,45.648142,1.522502,45.643387
11.000000,163.000000,8.000000,0.803327,7.779829,17.580278,1.455409,53.546366,1.458061,53.492639
11.000000,164.000000,8.000000,0.783358,10.411505,23.059321,1.588663,72.326996,1.547641,72.381177
11.000000,165.000000,8.000000,0.834679,4.351582,12.073311,1.495147,28.776223,1.447505,28.819729
11.000000,166.000000,8.000000,0.736782,3.893662,11.818916,1.459124,32.734074,1.437059,32.762386
11.000000,167.000000,8.000000,0.786808,5.841137,15.973696,1.818313,46.262389,1.808454,46.343989
11.000000,168.000000,8.000000,0.690545,7.065407,17.518236,1.712683,51.289654,1.703934,51.394892
11.000000,169.000000,8.000000,0.666220,8.891448,21.679275,1.810163,64.803832,1.794691,64.954453
11.000000,170.000000,6.000000,0.641476,3.668444,6.383389,1.672266,21.925989,1.662975,21.958788
11.000000,171.000000,9.000000,0.680220,2.385565,8.441815,1.786672,28.404136,1.723915,28.470104
11.000000,172.000000,8.000000,0.591582,3.263377,8.407702,1.509589,29.933044,1.454331,29.900472
11.000000,173.000000,7.000000,0.627249,6.077728,10.261946,1.699848,39.070339,1.657620,39.044914
11.000000,174.000000,8.000000,0.547750,6.540897,14.063374,1.605427,41.901310,1.601515,41.911531
11.000000,175.000000,9.000000,0.530610,1.540803,1.304373,1.473352,5.575644,1.469860,5.567336
11.000000,176.000000,9.000000,0.569180,2.264491,4.614977,1.474214,7.336256,1.525270,7.314397
11.000000,177.000000,9.000000,0.507808,1.933878,4.064252,1.413101,7.429716,1.486231,7.356745
11.000000,178.000000,9.000000,0.502844,2.358807,4.812184,1.300464,8.388456,1.395063,8.284523
11.000000,179.000000,10.000000,0.547551,3.031012,7.759510,1.205078,13.687900,1.322927,13.976171
11.000000,180.000000,9.000000,0.494542,0.814862,7.428333,0.859165,10.725476,1.008556,11.014664
11.000000,181.000000,11.000000,0.487936,0.769653,8.482204,1.124465,12.617228,1.244722,12.573538
11.000000,182.000000,12.000000,0.526682,1.720355,9.746633,1.363942,15.601711,1.488865,15.545371
11.000000,183.000000,12.000000,0.467881,1.631537,9.860894,1.130392,16.578172,1.210848,16.628187
11.000000,184.000000,11.000000,0.455702,2.464239,6.675371,1.105133,18.619096,1.191992,18.653258
11.000000,185.000000,11.000000,0.490441,3.209392,8.807751,1.236231,24.042499,1.243016,24.070956
11.000000,186.000000,10.000000,0.428843,3.159469,9.136022,1.091164,24.283459,1.114876,24.297495
11.000000,187.000000,10.000000,0.453033,4.024555,10.902667,1.168584,29.767778,1.168483,29.807765
11.000000,188.000000,10.000000,0.395895,4.063752,10.503536,0.895276,30.464084,0.850233,30.515427
11.000000,189.000000,9.000000,0.381171,0.874161,2.020270,0.804564,4.191524,0.761931,4.108830
11.000000,190.000000,9.000000,0.396291,1.028686,2.238281,0.910365,4.629720,0.861621,4.547589
11.000000,191.000000,10.000000,0.340714,0.844155,1.947981,0.732835,4.686461,0.671969,4.726979
11.000000,192.000000,10.000000,0.318729,0.883110,1.911930,0.734661,4.537801,0.674900,4.582096
11.000000,193.000000,10.000000,0.331855,0.957658,2.096315,0.793393,5.033693,0.722101,5.089378
11.000000,194.000000,10.000000,0.288858,0.871826,1.879283,0.439994,4.941164,0.393730,4.961890
11.000000,195.000000,10.000000,0.281904,0.882254,1.948087,0.455018,5.074135,0.389881,5.093031
11.000000,196.000000,10.000000,0.304351,0.981079,2.284403,0.382321,6.514030,0.331438,6.530964
11.000000,197.000000,10.000000,0.273273,0.956447,2.145541,0.339592,6.217164,0.306549,6.229081
11.000000,198.000000,10.000000,0.271002,0.956086,2.338266,0.317888,6.663265,0.309465,6.667735
11.000000,199.000000,10.000000,0.293389,1.148808,2.618943,0.326611,7.671627,0.347802,7.679811
11.000000,200.000000,10.000000,0.265645,1.032752,2.553588,0.302815,7.332501,0.316256,7.336065
11.000000,201.000000,10.000000,0.261854,1.016560,2.749279,0.308401,7.877855,0.319863,7.887897
11.000000,202.000000,10.000000,0.284779,1.118019,3.257223,0.339680,9.256514,0.356343,9.263824
11.000000,203.000000,10.000000,0.253852,1.043484,3.027936,0.305197,8.896719,0.329389,8.869260
11.000000,204.000000,10.000000,0.250395,1.069738,3.155386,0.315464,9.462751,0.335160,9.434475
11.000000,205.000000,10.000000,0.273305,1.161016,3.748830,0.353770,11.102485,0.371135,11.079620
11.000000,206.000000,9.000000,0.245736,0.884727,3.263922,0.252184,10.619132,0.280485,10.593814
11.000000,207.000000,9.000000,0.266517,1.027197,3.748848,0.262265,12.324482,0.315002,12.292197
11.000000,208.000000,9.000000,0.237571,0.993401,3.560145,0.250915,11.856278,0.284162,11.813960
11.000000,209.000000,9.000000,0.233786,1.052423,3.718358,0.265711,12.495663,0.281561,12.486335
11.000000,210.000000,9.000000,0.250107,1.365473,4.331945,0.259550,14.581902,0.308901,14.530535
11.000000,211.000000,9.000000,0.220843,1.356827,4.078899,0.238606,13.917651,0.257818,13.905105
11.000000,212.000000,9.000000,0.213117,1.516065,4.239044,0.232428,14.546916,0.254966,14.546184
11.000000,213.000000,9.000000,0.226055,1.814297,4.816040,0.264686,16.686882,0.277175,16.704873
11.000000,214.000000,9.000000,0.194759,1.758538,4.427153,0.237649,15.490492,0.246242,15.521164
11.000000,215.000000,10.000000,0.200866,2.365658,4.777609,0.215108,17.374661,0.239574,17.403898
11.000000,216.000000,9.000000,0.166837,0.373072,0.744969,0.141809,1.944263,0.175125,1.987268
11.000000,217.000000,9.000000,0.152581,0.347438,0.681786,0.165189,1.826821,0.152424,1.824137
11.000000,218.000000,9.000000,0.136966,0.296537,0.616787,0.113533,1.614660,0.132826,1.639778
11.000000,219.000000,9.000000,0.132223,0.294766,0.623922,0.114118,1.595305,0.142356,1.632478
11.000000,220.000000,9.000000,0.106433,0.238928,0.589068,0.147291,1.337754,0.139295,1.335936
11.000000,221.000000,9.000000,0.105565,0.237147,0.588645,0.110445,1.324519,0.133560,1.349854
11.000000,222.000000,9.000000,0.090913,0.185459,0.501367,0.107557,1.141709,0.123181,1.159336
11.000000,223.000000,9.000000,0.085479,0.205527,0.484186,0.118758,1.139120,0.107819,1.136435
11.000000,224.000000,9.000000,0.094056,0.250697,0.635904,0.149354,1.325712,0.166617,1.354765
11.000000,225.000000,9.000000,0.075837,0.210328,0.488848,0.115494,1.092010,0.133477,1.120169
11.000000,226.000000,9.000000,0.069149,0.190246,0.430739,0.109444,1.014400,0.113425,1.021849
11.000000,227.000000,9.000000,0.070512,0.175184,0.429571,0.104639,1.001822,0.097910,0.998739
11.000000,228.000000,9.000000,0.057374,0.131153,0.315359,0.051521,0.775497,0.066789,0.795512
11.000000,229.000000,9.000000,0.056311,0.127998,0.302631,0.074049,0.823782,0.082090,0.825890
11.000000,230.000000,9.000000,0.055492,0.128159,0.375422,0.085529,0.854664,0.077565,0.833393
11.000000,231.000000,9.000000,0.050497,0.136582,0.234769,0.069845,0.659139,0.064263,0.678806
11.000000,255.000000,10.000000,0.055348,0.132019,0.361715,0.088168,0.837684,0.091326,0.840364
11.000000,256.000000,10.000000,0.062139,0.121013,0.438539,0.094671,0.969065,0.081145,0.961217
11.000000,257.000000,8.000000,0.073919,0.195232,0.412294,0.147127,1.173028,0.143456,1.152613
11.000000,258.000000,9.000000,0.096668,0.264543,0.655807,0.144352,1.663554,0.145531,1.660932
11.000000,259.000000,9.000000,0.101725,0.285670,0.697673,0.162457,1.769531,0.153082,1.763512
11.000000,260.000000,10.000000,0.116586,0.323217,0.825665,0.163496,2.055512,0.149423,2.013750
11.000000,261.000000,10.000000,0.145558,0.440778,0.988040,0.219391,2.679761,0.189624,2.594309
11.000000,262.000000,11.000000,0.148174,0.524563,1.018899,0.167703,2.999361,0.179684,2.976195
11.000000,263.000000,10.000000,0.165004,0.654342,0.828114,0.186716,3.486384,0.171148,3.443470
11.000000,264.000000,10.000000,0.201752,0.843428,1.148641,0.240769,4.427040,0.214918,4.362459
11.000000,265.000000,11.000000,0.204379,0.518704,1.756868,0.244268,5.264652,0.178182,5.261198
11.000000,266.000000,12.000000,0.221986,1.090493,3.868953,0.253705,8.023155,0.194358,7.977187
11.000000,267.000000,11.000000,0.267156,0.207606,0.427624,0.302850,1.173719,0.236821,1.168991
11.000000,268.000000,12.000000,0.263087,0.826457,2.826046,0.314421,6.610430,0.238977,6.537549
11.000000,269.000000,11.000000,0.283601,0.814772,2.970497,0.356723,7.467833,0.278849,7.393373
11.000000,270.000000,11.000000,0.334501,1.029353,3.655357,0.388576,9.265043,0.331237,9.121600
11.000000,271.000000,11.000000,0.321653,1.025731,3.642988,0.346708,9.314798,0.321352,9.120301
11.000000,272.000000,10.000000,0.341274,0.263456,0.663218,0.327094,1.844036,0.296287,1.704839
11.000000,273.000000,10.000000,0.397430,0.294558,0.793681,0.398252,2.111444,0.366607,1.933313
11.000000,274.000000,9.000000,0.382185,0.237547,0.765395,0.333461,2.067762,0.305496,1.922669
11.000000,275.000000,8.000000,0.440110,0.280828,0.936780,0.417670,2.442275,0.397683,2.425461
11.000000,276.000000,9.000000,0.420632,0.327180,0.924245,0.445128,2.447219,0.526728,2.475638
11.000000,277.000000,9.000000,0.437394,0.466813,0.988492,0.708096,2.703644,0.685685,2.737550
11.000000,278.000000,9.000000,0.500997,0.688497,1.179814,0.803196,3.353557,0.741138,3.389743
11.000000,279.000000,9.000000,0.474412,0.693627,1.116143,0.792439,3.782305,0.725636,3.824985
11.000000,280.000000,8.000000,0.490040,0.989482,1.326611,0.743329,4.234784,0.637800,4.283512
11.000000,281.000000,10.000000,0.552078,1.136318,2.124292,0.833003,5.735018,0.704596,5.595761
11.000000,282.000000,10.000000,0.513096,1.315017,2.801460,0.741569,5.815794,0.658464,5.685206
11.000000,283.000000,10.000000,0.528576,1.828072,4.041013,0.772651,7.961605,0.684537,7.882717
11.000000,284.000000,9.000000,0.597375,1.682030,5.117741,0.768556,12.796798,0.674536,12.736093
11.000000,285.000000,10.000000,0.560265,2.612270,7.435176,0.672317,17.362494,0.635631,17.291123
11.000000,286.000000,10.000000,0.574632,1.462595,4.622409,0.593287,9.822596,0.575787,9.833912
11.000000,287.000000,10.000000,0.649810,1.929688,6.089152,0.729810,12.944180,0.661656,12.973567
11.000000,288.000000,11.000000,0.607207,1.605201,6.870914,0.733886,13.948007,0.788976,13.926544
11.000000,289.000000,11.000000,0.681880,2.203148,9.364187,0.996329,18.423185,1.129582,18.432569
11.000000,290.000000,10.000000,0.631051,2.289731,9.147679,1.165815,19.906190,1.091499,19.905083
11.000000,291.000000,9.000000,0.641301,3.500131,9.293079,1.251963,24.563897,1.214363,24.633557
11.000000,292.000000,9.000000,0.650232,4.255904,11.052548,1.582535,29.786695,1.526512,29.884885
11.000000,293.000000,10.000000,0.724628,6.277044,15.690881,1.467100,41.667873,1.426401,41.706918
11.000000,294.000000,10.000000,0.669209,6.857915,17.263711,1.353528,48.290551,1.287447,48.534977
11.000000,295.000000,9.000000,0.746631,2.803257,9.758403,0.825070,18.195141,0.892347,18.268600
11.000000,296.000000,9.000000,0.684562,4.043299,12.303107,1.017000,27.227526,1.009106,27.299949
11.000000,297.000000,8.000000,0.688797,1.807997,2.920379,1.057520,9.009969,1.054032,9.028456
11.000000,298.000000,8.000000,0.761395,2.265919,3.651136,1.293610,11.705100,1.289055,11.752191
11.000000,299.000000,10.000000,0.697662,2.297318,4.414017,1.204435,14.183884,1.206772,14.217442
11.000000,300.000000,8.000000,0.701114,1.189266,2.937609,1.157072,6.575850,1.139274,6.563252
11.000000,301.000000,8.000000,0.777582,1.571158,3.698860,1.412680,8.842751,1.409358,8.847123
11.000000,302.000000,8.000000,0.712977,1.847958,3.758554,1.427404,9.628468,1.427464,9.626092
11.000000,303.000000,9.000000,0.718688,2.785710,4.269832,1.356167,11.813417,1.348519,11.806507
11.000000,304.000000,8.000000,0.800297,4.244944,6.668568,1.563006,16.337144,1.547878,16.331254
11.000000,305.000000,8.000000,0.731360,5.212156,8.486193,0.968874,21.203833,0.962622,21.226422
11.000000,306.000000,7.000000,0.735414,5.357354,7.937020,0.536048,24.235313,0.698828,24.091137
11.000000,307.000000,8.000000,0.812916,6.724676,15.413679,0.557694,34.331066,0.748733,34.453324
11.000000,308.000000,11.000000,0.740269,6.335083,18.326408,1.271427,40.660321,0.895584,40.664187
11.000000,309.000000,10.000000,0.742074,9.526080,23.088651,1.586866,54.842758,1.232074,54.635425
11.000000,310.000000,8.000000,0.816937,2.594996,4.990047,2.064840,8.059862,2.018650,8.570038
11.000000,311.000000,6.000000,0.742719,2.639924,3.853868,2.083025,8.734674,2.033821,9.321616
11.000000,312.000000,6.000000,0.813541,3.372586,4.874703,2.452037,12.483815,2.379301,13.176907
11.000000,313.000000,6.000000,0.738728,3.408828,4.787239,2.344660,14.391382,2.267723,15.120294
11.000000,314.000000,7.000000,0.736612,5.344629,8.888384,1.890549,22.699327,2.406974,23.756027
11.000000,315.000000,6.000000,0.735047,6.217591,8.940749,1.467747,24.841732,2.016119,24.709460
11.000000,316.000000,6.000000,0.807385,9.030748,12.751346,1.683655,36.561347,2.295352,36.360587
11.000000,317.000000,6.000000,0.730605,10.596087,14.781441,1.754191,45.273087,2.223056,44.951762
11.000000,318.000000,6.000000,0.800061,16.073118,21.794093,2.271818,70.565182,2.895452,69.238110
11.000000,319.000000,5.000000,0.723578,2.275013,1.897092,1.309701,4.210057,2.151339,3.926123
11.000000,320.000000,4.000000,0.719408,1.906701,1.062591,2.758485,4.462737,2.370018,5.047632
11.000000,321.000000,4.000000,0.928290,2.797896,1.437051,3.958590,7.076003,2.809141,9.071670
11.000000,322.000000,4.000000,0.568344,1.833189,0.865266,2.654104,4.426502,1.924480,5.893345
11.000000,323.000000,4.000000,0.706206,2.523910,1.102645,3.741981,7.411811,2.982715,9.515779
11.000000,324.000000,4.000000,0.772502,2.962961,1.254268,4.946364,10.298337,4.206196,12.865374
11.000000,325.000000,4.000000,0.693430,2.800710,1.283106,5.472188,11.645147,5.028003,13.872459
11.000000,326.000000,5.000000,0.693394,3.856838,5.934891,6.252793,14.853895,5.916709,17.027138
11.000000,327.000000,4.000000,0.758719,5.789290,4.976689,3.930145,16.163525,4.013538,16.802574
11.000000,328.000000,4.000000,0.685810,7.999489,9.054465,3.603375,27.758767,3.681667,28.754483
11.000000,329.000000,3.000000,0.680726,1.406714,1.397259,0.542985,6.387741,0.685273,6.676458
11.000000,330.000000,3.000000,0.706352,1.560463,1.552291,0.366199,7.000368,0.496376,7.246072
11.000000,331.000000,3.000000,0.706337,1.578825,1.573426,0.219223,6.839787,0.146553,7.023645
11.000000,332.000000,3.000000,0.666560,1.548613,1.544593,0.146868,7.003482,0.009961,7.182073
11.000000,333.000000,3.000000,0.728832,1.759822,1.756467,0.308515,8.067732,0.276283,8.103313
11.000000,334.000000,3.000000,0.659686,1.619788,1.617546,0.531771,7.436023,0.564892,7.391804
11.000000,335.000000,3.000000,0.654524,1.650943,1.649374,0.841584,7.517933,0.917029,7.439671
11.000000,336.000000,3.000000,0.676922,1.816298,1.815207,1.181020,8.064913,1.370094,7.771761
11.000000,337.000000,3.000000,0.676919,1.847078,1.846583,1.748812,8.116050,1.925829,7.712148
13.000000,13.000000,3.000000,0.687971,0.116221,0.116220,0.174330,2.018949,0.160199,2.036382
13.000000,14.000000,3.000000,0.686379,0.146945,0.146945,0.151767,2.435754,0.178384,2.361303
13.000000,15.000000,3.000000,0.756434,0.193263,0.193263,0.208926,3.202792,0.225380,3.052228
13.000000,16.000000,3.000000,0.688563,0.193085,0.193085,0.130645,3.238174,0.230186,3.214470
13.000000,17.000000,3.000000,0.762628,0.253027,0.253027,0.175792,4.099055,0.294585,4.075033
13.000000,18.000000,3.000000,0.694581,0.247619,0.247610,0.263335,4.321636,0.293030,4.320301
13.000000,19.000000,3.000000,0.695877,0.303400,0.303398,0.258781,5.536618,0.327577,5.471034
13.000000,20.000000,3.000000,0.768580,0.368285,0.368280,0.410386,7.025429,0.413911,7.066807
13.000000,21.000000,3.000000,0.694297,0.360380,0.360372,0.456820,7.153729,0.423668,7.401391
13.000000,22.000000,3.000000,0.760777,0.491079,0.491074,0.528088,9.743783,0.534477,9.686516
13.000000,23.000000,3.000000,0.686828,0.570142,0.570128,0.642241,11.041515,0.611989,10.941613
13.000000,28.000000,3.000000,0.701705,1.760790,1.759882,2.653796,11.775327,2.726877,11.858946
13.000000,29.000000,3.000000,0.768686,2.663479,2.662645,4.680616,14.742162,4.335961,15.002364
13.000000,42.000000,3.000000,0.771085,1.757321,1.705430,1.532738,3.836254,1.300224,3.984964
13.000000,43.000000,3.000000,0.698586,1.790573,1.733983,1.552430,3.870584,1.303242,4.027861
13.000000,44.000000,3.000000,0.767148,2.243834,2.167999,1.849883,4.837679,1.598533,5.025556
13.000000,45.000000,3.000000,0.696373,2.336178,2.256735,1.898477,4.986510,1.649357,5.198981
13.000000,46.000000,3.000000,0.682634,2.539037,2.451833,1.827764,5.481060,1.693866,5.620816
13.000000,47.000000,3.000000,0.682724,3.017831,2.917933,2.204026,6.374039,1.977347,6.635895
13.000000,48.000000,3.000000,0.748362,3.884915,3.757406,2.669131,8.146180,2.411544,8.498209
13.000000,49.000000,3.000000,0.680366,4.265036,4.114633,2.772990,8.892867,2.571101,9.179884
13.000000,50.000000,3.000000,0.679770,5.195407,4.991197,3.314537,10.666661,3.063272,11.051277
13.000000,60.000000,3.000000,0.751058,0.359276,0.357032,0.827126,4.722430,1.296231,5.213595
13.000000,61.000000,4.000000,0.684349,0.764333,1.349163,1.242970,7.337766,0.887826,6.984179
13.000000,62.000000,4.000000,0.750936,0.998509,1.758048,1.508637,9.743206,1.161510,9.214173
13.000000,63.000000,4.000000,0.683687,1.026267,1.867660,1.414028,10.554660,1.078084,9.952902
13.000000,64.000000,4.000000,0.681109,1.168046,2.114314,1.543194,12.558870,1.248280,11.805126
13.000000,65.000000,4.000000,0.751624,1.494001,2.790756,1.766062,17.111987,1.375063,16.058494
13.000000,66.000000,5.000000,0.681555,2.084506,4.764447,1.482476,19.042121,1.286177,18.657862
13.000000,67.000000,5.000000,0.674840,2.586801,6.496882,1.628988,24.232357,1.167898,23.354434
13.000000,68.000000,6.000000,0.737326,5.845019,13.992270,1.926886,36.033521,1.656045,34.124588
13.000000,69.000000,6.000000,0.668769,3.021889,4.078417,1.886109,10.932007,1.726803,11.334339
13.000000,70.000000,8.000000,0.666017,2.735940,6.401428,2.109678,14.335570,1.853712,15.249182
13.000000,71.000000,8.000000,0.732317,3.838166,8.611003,2.623981,19.486816,2.428626,20.534130
13.000000,72.000000,7.000000,0.666281,1.294613,4.390586,2.650907,7.014978,2.485587,6.852168
13.000000,73.000000,8.000000,0.727391,1.313292,5.621222,2.672979,10.224317,2.041829,10.589964
13.000000,74.000000,8.000000,0.660275,1.307042,6.008952,2.622198,11.065197,2.139774,11.539653
13.000000,75.000000,8.000000,0.655837,1.789664,7.498066,2.696710,14.046403,2.237633,14.549386
13.000000,76.000000,8.000000,0.654487,2.419802,9.353348,2.789418,18.079840,2.429451,18.728928
13.000000,77.000000,9.000000,0.715955,4.123237,13.735836,3.358680,31.034605,3.007936,31.436323
13.000000,78.000000,8.000000,0.650297,5.383719,14.719457,2.893992,35.940727,2.640943,36.225263
13.000000,79.000000,9.000000,0.711940,8.189633,23.958864,3.118222,53.362859,2.527617,54.588048
13.000000,80.000000,8.000000,0.646138,2.696842,5.014628,2.407524,17.022845,2.191137,18.228827
13.000000,81.000000,7.000000,0.648020,2.470586,2.441863,2.071449,5.974182,2.138586,5.443931
13.000000,82.000000,7.000000,0.712669,3.187421,3.457795,2.674059,8.870679,2.805924,9.390949
13.000000,83.000000,9.000000,0.646148,4.071760,7.036394,3.739179,10.574255,3.179413,11.096388
13.000000,84.000000,10.000000,0.644553,4.200113,9.168148,4.333698,14.450471,3.921152,15.236167
13.000000,85.000000,12.000000,0.706972,5.682632,12.111137,7.773345,30.806117,7.437247,30.618086
13.000000,86.000000,9.000000,0.642690,6.701936,18.917282,2.041305,45.932061,1.630007,46.468357
13.000000,87.000000,10.000000,0.640937,4.137491,31.865385,3.109651,63.228154,2.982912,64.031753
13.000000,88.000000,9.000000,0.702357,10.395806,49.556140,2.772314,104.661084,2.384903,105.784587
13.000000,89.000000,8.000000,0.634784,7.999767,21.433128,3.105452,36.182885,2.529381,36.813550
13.000000,90.000000,9.000000,0.630919,10.887198,28.831149,3.969305,51.418922,3.116885,52.165074
13.000000,91.000000,9.000000,0.690381,10.595313,43.512380,2.428910,84.808665,2.633514,85.326977
13.000000,92.000000,7.000000,0.624403,1.875138,5.067721,1.326459,9.566676,0.991476,9.392863
13.000000,93.000000,6.000000,0.683364,2.328329,4.516822,1.556138,14.573381,1.295389,14.577263
13.000000,94.000000,6.000000,0.622925,2.502207,4.551559,1.509050,16.924197,1.312196,16.870375
13.000000,95.000000,7.000000,0.619176,3.749234,10.402762,1.969996,22.568913,2.015459,22.301685
13.000000,96.000000,7.000000,0.676877,5.423611,13.787259,2.483782,33.765019,2.562970,33.266927
13.000000,97.000000,7.000000,0.614198,6.957290,14.589087,2.610965,41.819344,2.741658,40.984077
13.000000,98.000000,6.000000,0.611303,4.779454,9.171382,2.444076,23.582366,2.271749,22.980169
13.000000,99.000000,6.000000,0.671507,7.022494,12.543916,2.911229,35.263469,2.743118,34.370738
13.000000,100.000000,5.000000,0.606258,2.261914,1.602259,1.909705,5.743158,1.880233,5.928058
13.000000,101.000000,5.000000,0.667401,2.602775,2.122159,3.065316,9.539322,2.771781,10.387456
13.000000,102.000000,5.000000,0.603255,2.690554,2.229248,2.986713,9.688246,2.799800,10.367190
13.000000,103.000000,5.000000,0.600592,3.037507,2.609245,3.291073,10.882194,3.120232,11.642795
13.000000,104.000000,4.000000,0.597591,2.568910,1.009449,2.294310,12.502984,2.465500,13.409467
13.000000,105.000000,5.000000,0.650787,3.745990,4.869602,0.374461,16.196612,0.657495,17.218622
13.000000,106.000000,6.000000,0.591672,3.134990,4.761844,0.406719,17.609077,0.592535,18.696700
13.000000,107.000000,5.000000,0.592049,0.989807,1.905862,0.382194,5.645517,0.604276,6.016036
13.000000,108.000000,5.000000,0.650210,1.182361,2.342776,0.461056,7.314392,0.555071,7.454442
13.000000,109.000000,5.000000,0.595665,1.211987,2.353822,0.577166,7.187230,0.599678,7.300154
13.000000,110.000000,5.000000,0.657490,1.439101,2.906925,0.808861,8.717228,0.748797,8.968579
13.000000,111.000000,6.000000,0.591680,1.044144,2.876992,1.061768,8.557365,0.951370,9.795143
13.000000,112.000000,6.000000,0.582122,1.125345,3.074856,1.146792,8.956919,1.023017,10.413398
13.000000,113.000000,6.000000,0.640550,1.503213,3.829952,1.442280,11.016714,1.307221,12.549630
13.000000,114.000000,6.000000,0.579328,1.409177,3.547430,1.598805,10.048700,1.429536,12.195849
13.000000,115.000000,6.000000,0.587870,1.679591,4.179162,1.919128,11.434405,1.642421,13.990872
13.000000,116.000000,4.000000,0.639077,1.393268,2.152568,1.841827,0.967656,1.980109,2.429342
13.000000,117.000000,4.000000,0.579588,1.494920,2.144738,3.387770,8.019834,3.582510,6.947920
13.000000,118.000000,3.000000,0.573825,1.825163,1.819318,0.691817,8.525749,1.089925,8.473567
13.000000,119.000000,3.000000,0.631256,2.296175,2.291772,1.160507,11.841613,1.561293,11.453229
13.000000,120.000000,3.000000,0.567722,2.396569,2.391970,1.276949,13.081413,1.705804,12.430943
13.000000,121.000000,3.000000,0.565317,2.757204,2.752021,1.667326,16.194133,2.111084,15.273014
13.000000,122.000000,3.000000,0.621203,3.527818,3.521596,2.488319,22.354116,2.911598,21.013481
13.000000,233.000000,3.000000,0.520615,1.066415,1.050040,3.460855,4.407095,4.077556,4.308958
13.000000,234.000000,4.000000,0.521349,1.012220,0.722482,13.214918,35.126850,12.835560,36.298654
13.000000,235.000000,6.000000,0.577713,8.495667,9.924872,0.987051,63.060729,0.727856,64.225680
13.000000,236.000000,6.000000,0.528475,9.353045,10.213563,0.928751,73.686081,0.679935,75.415868
13.000000,237.000000,5.000000,0.585994,14.468821,7.783119,1.102923,92.300502,0.723855,94.266069
13.000000,238.000000,6.000000,0.532251,1.497086,2.249297,1.668260,4.802581,1.925541,6.084754
13.000000,239.000000,6.000000,0.535119,1.596916,2.415664,1.452547,9.167094,1.053392,10.720353
13.000000,240.000000,6.000000,0.590192,1.930672,2.915189,1.444392,12.398025,0.834109,14.305459
13.000000,241.000000,6.000000,0.539682,1.915544,2.887272,1.296889,12.521468,0.791098,14.405158
13.000000,242.000000,6.000000,0.540717,2.119151,3.220903,1.273554,14.171604,0.834125,16.234419
13.000000,243.000000,6.000000,0.598854,2.621999,4.008504,1.273382,17.995926,0.954969,20.309897
13.000000,244.000000,6.000000,0.546382,2.535946,3.862758,1.250785,17.842951,0.866502,20.528391
13.000000,245.000000,6.000000,0.605046,3.147269,4.669766,1.297749,22.815355,0.990170,25.999594
13.000000,246.000000,5.000000,0.553539,2.801604,1.753586,0.587586,19.255382,0.866428,21.686196
13.000000,247.000000,4.000000,0.557308,0.453252,0.887919,0.504834,1.210242,0.947290,0.585423
13.000000,248.000000,4.000000,0.560607,0.530017,1.045032,0.927086,0.642173,0.362952,2.033813
13.000000,249.000000,5.000000,0.619766,0.433069,1.260222,0.723513,1.660306,0.407483,2.796309
13.000000,250.000000,5.000000,0.566494,0.481638,1.369049,0.658057,2.083547,0.343516,3.185774
13.000000,251.000000,5.000000,0.568450,0.580843,1.580957,0.606845,3.155259,0.327736,3.876590
13.000000,252.000000,5.000000,0.627494,0.785406,2.011142,0.399815,4.855493,0.348020,5.250939
13.000000,253.000000,5.000000,0.573693,0.869841,2.088391,0.225890,5.516143,0.295471,5.740034
13.000000,254.000000,5.000000,0.571329,1.097692,2.565752,0.147848,7.228033,0.231660,7.375726
13.000000,255.000000,5.000000,0.632285,1.558785,3.360036,0.245980,10.225709,0.205781,10.246324
13.000000,256.000000,6.000000,0.578679,1.336169,4.031644,1.805411,8.592599,1.625543,8.471914
13.000000,257.000000,6.000000,0.579913,1.820779,4.927210,2.265448,11.139464,1.955521,11.015627
13.000000,258.000000,7.000000,0.643417,2.640272,8.099104,1.830071,17.582114,1.134140,18.379293
13.000000,259.000000,7.000000,0.589577,3.257908,9.035817,1.995255,20.402038,1.316695,21.679768
13.000000,260.000000,7.000000,0.593598,4.598009,11.244231,2.305975,27.110807,1.582745,29.021280
13.000000,261.000000,7.000000,0.655708,8.011567,15.978936,2.954742,42.245340,2.146918,45.415628
13.000000,262.000000,7.000000,0.594210,11.535013,18.252952,2.980915,55.323212,2.266332,58.677537
13.000000,263.000000,6.000000,0.593645,3.403547,5.400642,1.908821,12.274292,1.530180,12.441449
13.000000,264.000000,6.000000,0.655970,4.481078,7.605259,2.212269,17.542265,2.250142,18.557627
13.000000,265.000000,6.000000,0.596274,5.433569,9.730299,2.368053,22.094425,2.503448,23.105938
13.000000,266.000000,6.000000,0.667808,9.266043,20.353193,3.488898,39.437458,3.689975,40.950475
13.000000,267.000000,6.000000,0.607028,12.282792,24.507357,4.004563,53.514302,4.228409,55.894763
13.000000,268.000000,5.000000,0.666425,9.077469,14.859671,4.569753,33.640773,4.594646,35.683581
13.000000,269.000000,4.000000,0.605705,4.041791,7.757420,3.437997,9.857915,3.436950,10.244893
13.000000,270.000000,4.000000,0.607259,5.730032,10.933947,4.887478,14.169693,4.685039,15.095371
13.000000,271.000000,4.000000,0.606727,8.028809,15.215567,6.578068,20.800755,6.034135,22.703363
13.000000,272.000000,3.000000,0.667268,22.332725,20.597903,17.719645,40.011555,18.223796,43.409810
13.000000,275.000000,3.000000,0.686087,1.393667,1.329606,0.721210,17.251727,0.080374,17.621188
13.000000,276.000000,3.000000,0.629481,1.322610,1.267838,0.583974,17.870470,0.072122,18.273894
13.000000,277.000000,3.000000,0.701380,1.590791,1.540630,0.781034,23.327673,0.075579,24.111306
13.000000,278.000000,4.000000,0.644835,6.867245,1.624354,1.001874,24.242626,0.299385,25.088262
13.000000,279.000000,4.000000,0.649671,8.319181,1.666002,0.969499,30.369485,0.340710,31.230660
13.000000,280.000000,4.000000,0.650781,9.652057,1.863013,1.169163,37.313355,0.395730,38.313505
13.000000,281.000000,4.000000,0.721358,13.238849,2.812339,1.288897,54.427070,0.461100,55.555748
13.000000,282.000000,4.000000,0.662545,14.176876,3.893918,1.213115,63.795901,0.496979,65.036014
13.000000,283.000000,5.000000,0.739365,26.119832,34.575424,2.061460,98.855910,1.237362,101.155373
13.000000,284.000000,4.000000,0.677628,2.301389,4.579622,1.374124,18.811852,0.817495,17.465460
13.000000,285.000000,3.000000,0.751602,0.130491,0.130351,0.698330,2.048424,0.213925,1.826404
13.000000,286.000000,4.000000,0.685428,1.146305,2.154483,2.345301,1.150883,2.194737,1.810792
13.000000,287.000000,4.000000,0.711886,1.350312,2.542324,2.743491,1.474075,2.692953,2.034482
13.000000,288.000000,4.000000,0.711876,1.586060,2.990812,3.193226,1.874705,3.250088,2.285393
13.000000,289.000000,4.000000,0.711866,1.867942,3.514109,3.762892,2.362576,3.935293,2.626392
13.000000,290.000000,6.000000,0.711855,2.689887,2.643964,1.330906,11.673163,1.758341,11.151452
13.000000,291.000000,7.000000,0.696287,3.593912,4.272891,0.554758,16.596324,1.031654,17.103290
13.000000,292.000000,7.000000,0.763932,4.804739,5.955703,0.783605,23.048964,1.264227,23.596544
13.000000,293.000000,7.000000,0.693968,4.986220,6.486666,0.724043,25.408321,1.187209,26.083649
13.000000,294.000000,7.000000,0.694813,6.005542,8.283477,0.874462,32.646804,1.330005,33.508768
13.000000,295.000000,7.000000,0.762651,8.133072,12.032310,1.078370,47.894243,1.613079,49.141425
13.000000,296.000000,7.000000,0.690701,9.020417,14.378156,1.188337,58.296200,1.568932,59.469672
13.000000,297.000000,7.000000,0.688484,11.473725,19.737826,1.223407,82.509812,1.690926,84.390785
13.000000,298.000000,5.000000,0.756441,1.084687,1.308009,1.150215,17.494202,1.442969,17.334943
13.000000,299.000000,5.000000,0.686170,1.286317,1.465720,0.769051,22.843526,0.966196,23.079552
13.000000,300.000000,5.000000,0.756459,1.948216,2.076350,1.073101,33.448821,1.251897,33.649736
13.000000,301.000000,5.000000,0.691359,2.456929,2.587290,1.294823,40.935472,1.480504,41.049846
13.000000,302.000000,5.000000,0.692173,3.727856,4.205862,1.523031,58.568966,1.755441,58.670067
13.000000,303.000000,5.000000,0.763011,6.543169,7.678773,2.290452,100.530980,2.476835,100.488727
13.000000,304.000000,6.000000,0.693558,2.361835,1.400733,0.668545,14.792749,0.488391,14.954622
13.000000,305.000000,6.000000,0.694096,2.907906,1.625778,0.634470,18.923146,0.510841,19.060307
13.000000,306.000000,6.000000,0.763740,4.197849,2.127059,0.790383,27.326896,0.620285,27.529541
13.000000,307.000000,6.000000,0.691798,4.997188,2.252374,0.772065,32.761986,0.626695,33.000331
13.000000,308.000000,6.000000,0.693294,6.830698,2.725823,0.911930,46.239601,0.675846,46.680029
13.000000,309.000000,6.000000,0.761282,10.234542,5.400145,0.960603,77.017831,0.775165,77.297713
13.000000,310.000000,5.000000,0.690779,4.941008,3.809617,0.869568,28.136566,0.669103,28.268174
13.000000,311.000000,6.000000,0.688985,10.662466,12.955680,1.062693,42.797436,0.824594,42.981461
13.000000,312.000000,6.000000,0.760042,18.338578,20.571147,1.118655,78.480977,0.959382,79.127805
13.000000,313.000000,5.000000,0.688579,1.210726,0.975925,1.142868,4.941773,0.902328,5.286634
13.000000,314.000000,5.000000,0.750079,1.452271,1.170383,1.110858,6.680002,0.986665,6.830775
13.000000,315.000000,5.000000,0.681555,1.524756,1.203687,1.028106,7.327904,0.910570,7.514699
13.000000,316.000000,5.000000,0.745607,1.967287,1.521774,1.214406,9.801423,1.036087,9.998273
13.000000,317.000000,5.000000,0.672698,2.105023,1.592713,1.180404,10.955864,1.086728,10.996874
13.000000,318.000000,5.000000,0.668363,2.517649,1.871713,1.284137,13.445563,1.158273,13.419508
13.000000,319.000000,5.000000,0.665085,3.070430,2.217552,1.439903,16.694597,1.227633,16.615379
13.000000,320.000000,5.000000,0.732936,4.242884,2.939944,1.807992,23.838371,1.580166,23.748375
13.000000,321.000000,5.000000,0.667738,4.885039,3.257419,1.961274,28.154695,1.759000,28.042251
13.000000,322.000000,4.000000,0.664532,0.187319,0.038159,1.294966,2.393761,1.029635,2.405617
13.000000,323.000000,4.000000,0.727072,0.225262,0.041660,1.863517,1.742568,1.621979,1.795669
13.000000,324.000000,4.000000,0.654962,0.221266,0.023957,1.752682,1.565428,1.575714,1.619879
13.000000,325.000000,4.000000,0.648547,0.235150,0.010602,1.854277,1.731408,1.705351,1.778937
13.000000,326.000000,5.000000,0.702884,1.271208,2.486111,0.899975,4.364243,0.727708,4.357661
13.000000,327.000000,6.000000,0.635835,1.305220,1.709388,1.354509,4.722716,1.288000,4.754197
13.000000,328.000000,6.000000,0.690489,1.614070,2.276506,1.499932,6.076189,1.496243,6.075973
13.000000,329.000000,6.000000,0.620886,1.618846,2.374234,1.372361,6.189600,1.443611,6.160383
13.000000,330.000000,6.000000,0.608738,1.805860,2.737169,1.390506,6.924881,1.535523,6.876708
13.000000,331.000000,6.000000,0.660995,2.298583,3.584476,1.631565,8.688189,1.830857,8.600234
13.000000,332.000000,7.000000,0.596703,2.573934,4.041766,1.859931,9.647014,2.045907,10.155507
13.000000,333.000000,7.000000,0.590737,2.769293,4.742944,2.167406,11.288874,2.286488,11.565466
13.000000,334.000000,7.000000,0.644146,3.391397,6.192753,2.613695,14.543108,2.740559,14.870621
13.000000,335.000000,6.000000,0.576813,2.296604,3.726246,3.500824,15.186593,3.554101,15.342720
13.000000,336.000000,6.000000,0.572568,2.457119,4.206134,3.846817,17.842408,3.893682,18.086741
13.000000,337.000000,6.000000,0.624785,2.956640,5.233389,4.843955,23.885521,4.854694,24.066276
13.000000,338.000000,6.000000,0.560926,2.976847,5.249275,4.914395,25.695923,4.902030,25.772326
13.000000,339.000000,6.000000,0.610730,3.763975,6.489233,6.251992,35.771851,6.179487,35.783947
14.000000,7.000000,5.000000,0.051229,0.033357,0.041188,0.243653,0.225190,0.178769,0.256590
14.000000,8.000000,5.000000,0.071304,0.051602,0.067004,0.339485,0.338335,0.253233,0.353238
14.000000,9.000000,6.000000,0.080151,0.038095,0.067180,0.271931,0.375905,0.179931,0.410037
14.000000,10.000000,5.000000,0.094247,0.046340,0.060775,0.488828,0.465566,0.348851,0.466502
14.000000,11.000000,5.000000,0.118302,0.062244,0.083037,0.608584,0.592559,0.440529,0.570508
14.000000,12.000000,4.000000,0.120377,0.045268,0.036593,0.439857,0.627514,0.279649,0.590056
14.000000,13.000000,4.000000,0.143986,0.058558,0.043572,0.578983,0.793375,0.337141,0.726461
14.000000,14.000000,4.000000,0.142400,0.058128,0.062162,0.610626,0.851791,0.331502,0.722300
14.000000,15.000000,5.000000,0.153404,0.082062,0.056378,0.806355,1.018043,0.636075,0.753428
14.000000,16.000000,5.000000,0.180679,0.115752,0.064690,0.943553,1.314742,0.773480,0.875077
14.000000,17.000000,5.000000,0.172911,0.121097,0.075301,0.908619,1.311117,0.757123,0.829431
14.000000,18.000000,4.000000,0.180857,0.139362,0.108234,0.989098,1.457240,0.876045,0.880318
14.000000,19.000000,3.000000,0.209498,0.156630,0.156465,1.167930,1.808527,0.997130,1.034297
14.000000,20.000000,3.000000,0.199578,0.148551,0.148394,1.140629,1.807066,0.988142,0.994279
14.000000,21.000000,5.000000,0.229302,0.197688,0.154167,1.003205,2.238677,0.114008,1.155340
14.000000,22.000000,3.000000,0.216579,0.168807,0.167817,0.932383,0.461512,0.097125,1.070002
14.000000,23.000000,4.000000,0.222150,0.097140,0.191438,1.145308,0.524935,0.620284,1.092805
14.000000,24.000000,4.000000,0.250506,0.113346,0.225040,1.062237,0.505272,0.142439,1.191732
14.000000,25.000000,4.000000,0.236273,0.105927,0.209765,0.950560,0.534485,0.115771,1.106448
14.000000,26.000000,4.000000,0.244079,0.108917,0.214497,0.825815,0.704862,0.099746,1.163602
14.000000,27.000000,4.000000,0.277360,0.121503,0.240358,1.268946,1.032587,0.771222,1.333796
14.000000,28.000000,4.000000,0.257764,0.087045,0.170907,0.946000,1.081268,0.682903,1.174555
14.000000,29.000000,4.000000,0.263344,0.082066,0.103911,0.694054,1.212089,0.658573,1.173086
14.000000,30.000000,4.000000,0.293114,0.062250,0.006938,0.782907,0.621205,0.704194,1.227238
14.000000,31.000000,4.000000,0.274229,0.050883,0.025579,0.893683,0.248016,0.609606,1.039000
14.000000,32.000000,4.000000,0.309724,0.098953,0.056511,1.145336,1.070831,0.674285,1.043998
14.000000,33.000000,3.000000,0.287957,0.177382,0.175741,1.645311,1.273272,0.333831,0.848172
14.000000,34.000000,3.000000,0.293287,0.286308,0.283032,1.937710,1.797521,0.523550,0.730589
14.000000,35.000000,4.000000,0.328383,0.282990,0.439947,1.524444,2.823985,0.820039,0.675397
14.000000,36.000000,4.000000,0.303323,0.331420,0.532922,1.562037,3.150567,0.686063,0.708686
14.000000,37.000000,4.000000,0.311171,0.417555,0.686838,1.748718,3.598502,0.589298,0.940349
14.000000,38.000000,3.000000,0.353182,0.136982,0.136980,0.940351,2.607027,0.546004,0.299943
14.000000,39.000000,3.000000,0.330457,0.141294,0.141291,1.086625,2.218920,0.440916,0.220085
14.000000,40.000000,3.000000,0.369524,0.131499,0.131499,1.417040,2.246027,0.365728,0.184009
14.000000,41.000000,4.000000,0.340145,0.774242,1.426043,2.287999,4.299199,0.229964,2.059390
14.000000,42.000000,3.000000,0.343427,0.161849,0.161775,2.058013,1.214913,0.093463,0.063475
14.000000,43.000000,4.000000,0.383586,3.700596,1.236499,3.072635,7.586392,0.052070,0.065995
14.000000,44.000000,4.000000,0.354174,3.794385,1.318971,3.286126,6.905698,0.086335,0.334646
14.000000,45.000000,5.000000,0.359531,4.187824,4.597891,4.254940,7.453030,0.126584,1.690469
14.000000,46.000000,4.000000,0.400165,5.505081,2.014556,5.750540,7.466799,0.125314,1.755466
14.000000,47.000000,4.000000,0.368477,5.507539,2.198711,6.053021,2.545894,0.123203,2.583334
14.000000,48.000000,4.000000,0.410269,6.905647,2.919785,7.766135,3.453545,0.159497,4.413944
14.000000,49.000000,5.000000,0.382889,6.363738,4.610258,7.785975,10.743273,0.226008,6.961456
14.000000,50.000000,4.000000,0.386760,7.937271,4.030508,8.235439,19.946152,0.200991,8.598585
14.000000,51.000000,4.000000,0.430522,9.750287,5.283271,8.962401,31.746464,0.293311,13.586618
14.000000,52.000000,3.000000,0.393053,0.195866,0.195807,8.087733,5.905621,0.120198,0.525837
14.000000,53.000000,3.000000,0.397087,0.209115,0.208962,7.631533,4.136981,0.167485,0.488989
14.000000,54.000000,3.000000,0.440547,0.289116,0.289003,7.499877,2.376096,0.241728,0.439158
14.000000,55.000000,3.000000,0.407049,0.315709,0.315652,6.092344,0.791369,0.266360,0.335425
14.000000,56.000000,4.000000,0.410805,4.622894,9.242084,5.373357,19.176581,1.378188,5.948169
14.000000,57.000000,4.000000,0.460290,5.463707,10.924676,4.995448,17.617973,2.077662,6.303793
14.000000,58.000000,4.000000,0.425120,5.167049,10.331901,6.714334,9.913077,2.523442,5.375195
14.000000,59.000000,4.000000,0.480740,6.508201,13.013497,10.113407,3.534721,4.082848,5.159149
14.000000,60.000000,4.000000,0.447099,6.588993,13.175606,10.796433,7.873757,1.370158,6.396287
14.000000,61.000000,3.000000,0.459806,8.421032,8.419387,11.744882,15.410951,2.464341,5.730520
14.000000,62.000000,3.000000,0.516863,1.310225,1.276782,9.656996,9.749153,2.875157,6.158082
14.000000,63.000000,3.000000,0.476972,1.479590,1.442575,7.355764,4.241470,2.340961,4.723364
14.000000,64.000000,4.000000,0.493903,2.715846,3.942967,5.681976,3.010007,2.721590,4.412554
14.000000,65.000000,4.000000,0.553754,3.115228,5.951255,4.272362,5.843123,2.447200,3.841039
14.000000,66.000000,4.000000,0.518510,3.022793,6.005752,1.391357,7.814495,2.541060,3.754183
14.000000,67.000000,4.000000,0.531524,3.113584,6.168430,3.739929,8.780465,3.171345,3.629837
14.000000,68.000000,4.000000,0.600618,3.624585,7.169241,6.837641,10.598781,4.024574,5.032127
14.000000,69.000000,4.000000,0.560065,3.543982,7.016319,6.659801,14.536005,3.978600,6.920193
14.000000,70.000000,3.000000,0.630050,2.768104,2.659022,6.994899,6.672713,2.801722,3.929004
14.000000,71.000000,3.000000,0.584796,2.605114,2.508241,4.918962,7.842437,0.894339,10.278806
14.000000,72.000000,4.000000,0.593273,2.710185,2.357959,4.902050,9.068506,2.227932,11.211936
14.000000,73.000000,4.000000,0.673506,3.426740,2.956863,5.296452,12.037880,2.733147,14.209321
14.000000,74.000000,4.000000,0.627184,3.778815,3.116477,4.547745,14.027065,2.778552,15.617675
14.000000,75.000000,4.000000,0.643281,4.405111,3.517946,4.596776,16.730075,3.047210,18.076681
14.000000,76.000000,4.000000,0.718520,5.928625,4.439944,5.275730,22.733549,3.663544,24.157505
14.000000,77.000000,4.000000,0.666600,6.478361,4.645423,5.036455,25.054479,3.671528,26.315602
14.000000,78.000000,5.000000,0.672961,7.245662,10.418799,2.740467,31.782904,1.043321,33.024951
14.000000,79.000000,5.000000,0.752387,11.070857,14.765466,2.856334,45.836278,1.366274,47.181332
14.000000,80.000000,4.000000,0.698808,2.045740,3.407370,1.898058,10.218712,1.001566,9.854259
14.000000,81.000000,4.000000,0.711618,2.380152,3.948091,1.909207,11.651140,1.090940,11.185124
14.000000,82.000000,4.000000,0.798738,3.129546,5.243318,2.320429,14.991088,1.365573,14.622268
14.000000,83.000000,4.000000,0.736870,3.533679,5.833023,2.092102,16.047107,1.429382,16.123233
14.000000,84.000000,4.000000,0.747308,4.310489,7.234735,2.622108,19.747768,2.190447,20.268284
14.000000,85.000000,4.000000,0.832012,6.484574,10.158018,3.302855,28.966661,3.027342,29.345102
14.000000,86.000000,4.000000,0.765819,7.689656,11.539762,4.342823,35.367801,4.149891,35.559279
14.000000,87.000000,3.000000,0.851735,2.041833,2.013043,2.474484,7.300686,2.313274,7.222278
14.000000,88.000000,3.000000,0.782999,2.321354,2.290086,2.389935,9.372103,2.310681,9.286575
14.000000,94.000000,3.000000,0.856381,2.331454,2.301546,2.808203,6.102487,2.692987,6.106288
14.000000,95.000000,3.000000,0.955902,3.289715,3.243969,3.809171,9.179507,3.671546,9.186534
14.000000,96.000000,3.000000,0.876900,3.765034,3.710056,4.140646,11.038655,4.041738,11.050582
14.000000,97.000000,4.000000,0.884336,4.838937,5.060738,3.775860,16.404333,3.701138,16.438678
14.000000,98.000000,4.000000,0.992712,7.193071,7.052518,4.946819,24.464099,4.845598,24.554892
14.000000,99.000000,4.000000,0.908071,8.691839,7.832817,5.254588,29.737322,5.167303,29.884084
14.000000,100.000000,4.000000,0.926606,12.313398,9.937704,6.275469,42.431792,6.236267,42.559416
14.000000,101.000000,4.000000,1.035902,21.002059,14.094985,8.537017,73.472386,8.504440,73.846005
14.000000,102.000000,4.000000,0.950918,4.770532,3.680147,2.177816,16.287097,2.135265,16.353779
14.000000,103.000000,5.000000,0.956011,5.020169,8.225315,1.321028,23.092954,1.141901,23.199234
14.000000,104.000000,5.000000,1.057313,8.156882,12.562932,1.691037,35.532226,1.535634,35.577318
14.000000,105.000000,5.000000,0.968644,10.875588,15.697979,1.944253,45.049550,1.759853,45.107536
15.000000,6.000000,3.000000,1.138426,5.742913,5.700829,0.199519,35.874625,0.147205,36.001123
15.000000,7.000000,3.000000,1.248555,7.838028,7.789827,0.204987,50.848951,0.171381,50.966813
15.000000,15.000000,3.000000,1.231956,0.253792,0.253732,0.129131,1.906910,0.099224,1.874184
15.000000,17.000000,3.000000,1.115603,0.013830,0.013773,0.124030,0.061551,0.014371,0.067207
15.000000,18.000000,3.000000,1.223017,0.015492,0.015479,0.131484,0.069590,0.015817,0.081021
15.000000,19.000000,5.000000,1.108960,0.325243,0.477126,0.084093,2.531712,0.014880,2.575120
15.000000,20.000000,5.000000,1.109394,0.381661,0.516041,0.070779,2.733460,0.017997,2.797476
15.000000,21.000000,4.000000,1.218102,0.206209,0.269936,0.082048,3.262843,0.072278,3.330392
15.000000,22.000000,4.000000,1.104282,0.202237,0.263197,0.083965,3.234457,0.066774,3.262373
15.000000,23.000000,4.000000,1.106449,0.225494,0.287363,0.122073,3.577142,0.073385,3.580003
15.000000,24.000000,4.000000,1.210176,0.272871,0.336879,0.115587,4.281039,0.078912,4.300152
15.000000,25.000000,5.000000,1.091530,0.469668,0.795140,0.076943,4.166316,0.013154,4.221132
15.000000,26.000000,6.000000,1.194817,0.500206,1.053274,0.071474,4.916566,0.029922,5.123960
15.000000,27.000000,5.000000,1.092654,0.479019,0.908404,0.130400,5.013565,0.040497,5.158578
15.000000,28.000000,6.000000,1.095831,0.479455,1.091831,0.153159,5.717985,0.024644,5.724069
15.000000,29.000000,6.000000,1.202323,0.622881,1.333438,0.098194,7.047871,0.028298,7.005570
15.000000,30.000000,6.000000,1.079738,0.650348,1.297847,0.034930,6.873478,0.029022,6.907034
15.000000,31.000000,7.000000,1.075239,0.881081,1.583203,0.091317,7.600018,0.042221,7.636203
15.000000,32.000000,7.000000,1.178799,1.216599,2.049839,0.055872,9.593322,0.060282,9.529121
15.000000,33.000000,7.000000,1.060648,1.306422,2.121817,0.067705,9.593455,0.067690,9.588778
15.000000,34.000000,6.000000,1.054332,1.557274,2.468790,0.213358,9.908817,0.198667,9.963627
15.000000,35.000000,6.000000,1.154475,2.023505,3.154426,0.244820,12.545622,0.236824,12.568512
15.000000,36.000000,6.000000,1.049807,2.125410,3.285697,0.216575,13.044475,0.233334,12.971717
15.000000,37.000000,6.000000,1.139010,2.493285,8.288090,0.644759,16.735011,0.606375,16.658011
15.000000,38.000000,6.000000,1.027180,2.731080,8.281558,0.583715,17.339791,0.541416,17.332935
15.000000,39.000000,6.000000,1.011700,3.353448,9.115547,0.618186,20.202328,0.530489,20.081881
15.000000,40.000000,7.000000,1.101933,0.749157,1.220082,0.299629,3.024848,0.225744,2.982882
15.000000,41.000000,7.000000,0.981483,0.674437,1.062741,0.334711,2.993905,0.223304,2.841234
15.000000,42.000000,7.000000,0.969683,0.638184,1.073433,0.390984,3.132956,0.265066,3.033815
15.000000,43.000000,6.000000,1.053796,1.037900,1.414044,0.599822,3.024039,0.578418,3.132127
15.000000,44.000000,7.000000,0.940586,0.667226,1.331964,0.401195,2.792190,0.371064,2.980568
15.000000,45.000000,9.000000,1.014934,0.602876,1.757564,0.420954,3.636035,0.337949,3.780086
15.000000,46.000000,9.000000,0.904021,0.587583,1.753156,0.434349,3.565238,0.352043,3.624957
15.000000,47.000000,9.000000,0.891265,0.675311,1.892525,0.542836,3.773984,0.444768,3.868459
15.000000,48.000000,9.000000,0.957339,0.753520,2.234358,0.683859,4.295471,0.570393,4.519367
15.000000,49.000000,9.000000,0.853014,0.677573,2.177764,0.731365,3.828359,0.580541,4.073767
15.000000,50.000000,9.000000,0.826750,0.741078,2.395094,0.795135,4.173203,0.709474,4.234668
15.000000,51.000000,10.000000,0.882019,0.779939,2.854172,0.894227,4.531422,0.742611,4.634886
15.000000,52.000000,11.000000,0.777893,0.754805,2.868984,0.810558,4.073800,0.787946,4.230238
15.000000,53.000000,11.000000,0.757352,0.789933,3.134718,0.835159,4.266809,0.823591,4.451595
15.000000,54.000000,12.000000,0.810570,1.103363,4.311125,1.656256,4.637161,1.616729,4.808087
15.000000,55.000000,11.000000,0.712732,1.203501,4.208653,1.785956,4.157002,1.745980,4.451908
15.000000,56.000000,12.000000,0.757701,1.291701,5.091210,1.783853,4.926594,1.754217,5.144881
15.000000,57.000000,13.000000,0.663649,1.132849,5.026182,1.682707,4.788075,1.672328,4.894556
15.000000,58.000000,14.000000,0.640073,0.990631,5.606030,1.298289,5.054585,1.285295,5.220724
15.000000,59.000000,14.000000,0.677569,1.049558,6.764601,1.383327,6.024519,1.379791,6.090779
15.000000,60.000000,14.000000,0.593184,1.123285,6.702304,1.302742,5.551874,1.301019,5.660933
15.000000,61.000000,13.000000,0.571794,1.490117,6.639281,1.231672,6.402653,1.252016,6.297097
15.000000,62.000000,12.000000,0.605771,2.073157,7.914311,1.514532,7.887736,1.514593,7.854579
15.000000,63.000000,9.000000,0.527671,1.624870,3.396230,1.466534,5.016659,1.483004,5.058450
15.000000,64.000000,10.000000,0.508767,1.302923,3.942880,1.141689,5.566953,1.142028,5.558031
15.000000,65.000000,10.000000,0.538987,1.658496,5.002454,1.558020,6.923292,1.571020,6.910768
15.000000,66.000000,8.000000,0.468710,1.157329,4.895163,2.410413,6.924960,2.415661,6.927706
15.000000,67.000000,10.000000,0.491219,1.318923,6.616044,1.732307,8.658788,1.754422,8.654420
15.000000,68.000000,10.000000,0.425763,1.634663,7.050730,1.630674,8.357822,1.643018,8.368614
15.000000,69.000000,10.000000,0.405089,1.766408,7.647857,1.608173,8.984675,1.651149,9.070135
15.000000,70.000000,8.000000,0.422417,2.224407,8.807601,2.077093,10.824569,2.076432,10.824652
15.000000,71.000000,8.000000,0.362909,2.181857,8.007776,1.868037,10.763726,1.873062,10.726197
15.000000,72.000000,8.000000,0.342196,2.362923,8.712359,1.879708,11.802195,1.880326,11.818790
15.000000,73.000000,8.000000,0.353796,2.875201,10.463808,1.996661,13.629330,2.006921,13.652175
15.000000,74.000000,7.000000,0.297013,3.251522,7.922782,2.084277,13.429697,2.103978,13.444131
15.000000,75.000000,6.000000,0.276468,1.351706,1.737156,1.699955,4.699174,1.704561,4.721556
15.000000,76.000000,6.000000,0.277880,1.454384,1.685518,1.755573,5.077787,1.759516,5.094760
15.000000,77.000000,5.000000,0.230910,1.353834,1.664625,1.696635,4.441416,1.749637,4.477377
15.000000,78.000000,4.000000,0.230948,1.150560,1.489454,1.897112,4.735742,1.907129,4.730512
15.000000,79.000000,3.000000,0.186526,1.028411,1.025744,1.156101,3.998347,1.159672,4.006485
15.000000,80.000000,3.000000,0.165621,0.386102,0.373796,0.613428,0.930700,0.615676,0.932383
15.000000,81.000000,4.000000,0.162703,0.705270,0.914953,0.936742,1.156684,0.937372,1.140963
15.000000,82.000000,4.000000,0.128259,0.636765,0.801508,0.716900,1.159322,0.721388,1.199349
15.000000,83.000000,5.000000,0.112007,0.463103,0.850619,0.572087,1.036664,0.567673,1.050138
15.000000,84.000000,5.000000,0.104191,0.496940,0.836669,0.524890,1.178220,0.518058,1.202334
15.000000,85.000000,5.000000,0.078399,0.361217,0.562622,0.396147,0.830917,0.383312,0.874030
15.000000,86.000000,7.000000,0.066934,0.590457,0.733465,0.363474,1.084448,0.363132,1.090310
15.000000,87.000000,7.000000,0.059004,0.572910,0.851058,0.416997,1.020143,0.416013,1.018189
15.000000,158.000000,3.000000,0.071900,0.992727,0.936594,1.162836,3.046114,1.161131,3.050759
15.000000,159.000000,3.000000,0.080797,1.083771,1.022697,1.310648,3.436599,1.314041,3.424150
15.000000,160.000000,3.000000,0.050620,0.654408,0.617595,0.809441,2.131128,0.808524,2.131719
15.000000,161.000000,3.000000,0.056252,0.709620,0.669707,0.909718,2.342739,0.907055,2.365826
18.000000,69.000000,3.000000,1.477385,0.105014,0.098501,0.268766,0.063349,0.086019,0.459893
18.000000,70.000000,3.000000,1.333197,0.105179,0.098748,0.174701,0.261845,0.091438,0.463718
18.000000,71.000000,4.000000,1.320874,0.191373,0.353568,0.224172,0.199207,0.063322,0.513481
18.000000,72.000000,4.000000,1.435855,0.202761,0.366850,0.264738,0.215982,0.071476,0.564163
18.000000,73.000000,4.000000,1.290137,0.172568,0.282518,0.215752,0.303634,0.134294,0.453548
18.000000,74.000000,4.000000,1.271187,0.145042,0.169387,0.237806,0.228655,0.214846,0.379947
18.000000,75.000000,4.000000,1.383289,0.176825,0.204961,0.325466,0.261958,0.364734,0.455878
18.000000,76.000000,4.000000,1.239362,0.189461,0.189111,0.475687,0.872473,0.427461,1.535301
18.000000,77.000000,4.000000,1.343589,0.308471,0.223743,0.498827,2.341129,0.472563,2.842923
18.000000,78.000000,4.000000,1.200991,0.442661,0.310803,0.459003,3.856791,0.443372,4.261499
18.000000,79.000000,4.000000,1.183057,0.684014,0.748672,0.470368,6.908896,0.464993,7.273184
18.000000,80.000000,4.000000,1.278677,1.166320,1.621272,0.547325,14.209166,0.544316,14.491328
18.000000,81.000000,4.000000,1.146266,1.659759,2.642500,0.548688,26.131179,0.534554,26.371907
18.000000,82.000000,4.000000,1.131265,2.746662,4.678378,0.582413,62.532560,0.571995,62.441592
18.000000,83.000000,3.000000,1.222611,0.276780,0.256299,0.478355,0.668329,0.225339,1.178529
18.000000,84.000000,3.000000,1.095121,0.269677,0.250050,0.424617,0.732412,0.222031,1.147995
18.000000,85.000000,3.000000,1.191747,0.315125,0.290863,0.436490,0.981975,0.253362,1.364075
18.000000,86.000000,3.000000,1.069521,0.284508,0.262225,0.399838,0.878775,0.195119,1.260914
18.000000,87.000000,3.000000,1.056876,0.297344,0.273674,0.329790,1.117261,0.174000,1.444643
18.000000,88.000000,3.000000,1.155756,0.376201,0.345791,0.428037,1.394246,0.253660,1.803654
18.000000,89.000000,4.000000,1.040836,0.599074,0.977178,0.334404,1.379010,0.183182,1.707042
18.000000,90.000000,4.000000,1.133865,0.625714,1.032568,0.335251,1.479372,0.143525,1.854314
18.000000,91.000000,5.000000,1.022214,0.402491,0.925514,0.186955,1.462310,0.197079,1.665848
18.000000,92.000000,5.000000,1.011851,0.412251,0.794751,0.454681,1.500818,0.295701,1.791539
18.000000,93.000000,5.000000,1.104096,0.459877,0.723061,0.502685,1.699571,0.298433,2.045722
18.000000,94.000000,5.000000,1.000050,0.505031,0.673116,0.397094,2.938221,0.232796,3.176480
18.000000,95.000000,5.000000,1.097374,0.420883,0.990868,0.550065,6.370614,0.341600,6.668796
18.000000,96.000000,5.000000,0.993564,0.744119,1.333624,0.485269,11.164304,0.352124,11.344235
18.000000,97.000000,5.000000,0.990239,1.955202,2.368110,0.534653,22.952163,0.393658,23.069667
18.000000,98.000000,5.000000,1.084780,3.213944,4.338404,0.585597,58.730385,0.448922,58.652346
18.000000,99.000000,4.000000,0.982649,0.816856,0.493449,0.383932,2.693461,0.321695,2.944712
18.000000,100.000000,4.000000,1.074182,0.946258,0.592399,0.345047,3.663328,0.321999,3.845949
18.000000,101.000000,4.000000,0.973147,0.893053,0.582965,0.310037,3.594446,0.305581,3.693979
18.000000,102.000000,4.000000,0.969517,0.967700,0.638481,0.354205,3.984125,0.352156,4.059836
18.000000,103.000000,4.000000,1.059735,1.148089,0.794999,0.435755,4.820101,0.437854,4.878717
18.000000,104.000000,4.000000,0.958436,1.130767,0.808974,0.450385,4.772018,0.451833,4.863835
18.000000,105.000000,4.000000,1.041248,1.271796,0.994679,0.445909,5.580917,0.445354,5.612740
18.000000,106.000000,4.000000,0.937137,1.201552,0.968452,0.438553,5.285074,0.427700,5.421741
18.000000,107.000000,4.000000,0.926325,1.269108,1.064716,0.472448,5.681382,0.463884,5.835740
18.000000,108.000000,4.000000,1.006753,1.499276,1.269012,0.581762,6.816241,0.574632,6.990114
18.000000,109.000000,4.000000,0.900207,1.403674,1.237720,0.545632,6.512907,0.536940,6.703299
18.000000,110.000000,4.000000,0.972655,1.606618,1.460232,0.603418,7.646894,0.588753,7.891654
18.000000,111.000000,4.000000,0.868790,1.506562,1.421895,0.558912,7.353577,0.550611,7.543086
18.000000,112.000000,4.000000,0.854774,1.561216,1.515562,0.578206,7.830253,0.571748,7.986718
18.000000,113.000000,4.000000,0.922937,1.793195,1.793450,0.654767,9.225419,0.647739,9.383678
18.000000,114.000000,4.000000,0.822835,1.658826,1.731979,0.592447,8.798939,0.592675,8.861245
18.000000,115.000000,4.000000,0.886409,1.902905,2.090601,0.667722,10.316611,0.668767,10.402680
18.000000,116.000000,4.000000,0.785477,1.754774,1.996130,0.596024,9.755417,0.597440,9.816059
18.000000,117.000000,4.000000,0.767202,1.801269,2.095540,0.614185,10.189211,0.616463,10.239471
18.000000,118.000000,4.000000,0.817940,2.039145,2.425989,0.692801,11.751962,0.694951,11.802569
18.000000,119.000000,4.000000,0.729475,1.878452,2.267675,0.648301,11.118167,0.652301,11.180018
18.000000,120.000000,4.000000,0.776540,2.114708,2.618966,0.700088,12.811151,0.702170,12.874102
18.000000,121.000000,4.000000,0.688730,1.947733,2.506491,0.654564,12.103405,0.660846,12.144530
18.000000,122.000000,4.000000,0.665224,1.924402,2.497597,0.642676,12.102331,0.646385,12.141220
18.000000,123.000000,4.000000,0.712188,2.129808,2.829411,0.711795,13.473948,0.716406,13.538000
18.000000,124.000000,4.000000,0.626398,1.904037,2.568233,0.638993,12.147881,0.643068,12.209227
18.000000,125.000000,4.000000,0.670344,2.187854,2.932500,0.804360,13.966507,0.800945,14.129175
18.000000,126.000000,4.000000,0.585430,1.912495,2.554769,0.682446,12.347617,0.679908,12.460448
18.000000,127.000000,4.000000,0.630156,2.130263,2.866237,0.762648,13.818920,0.760517,13.931076
18.000000,128.000000,4.000000,0.558891,1.892558,2.556021,0.660582,12.375560,0.658422,12.452829
18.000000,129.000000,4.000000,0.551266,1.935792,2.594627,0.693143,12.749104,0.687678,12.839211
18.000000,130.000000,4.000000,0.599835,2.178387,2.897967,0.763849,14.517679,0.757111,14.586640
18.000000,131.000000,4.000000,0.541943,1.972410,2.629700,0.684899,13.295710,0.675918,13.382169
18.000000,132.000000,4.000000,0.595500,2.202886,2.971690,0.739242,14.937526,0.720193,15.108133
18.000000,133.000000,4.000000,0.537377,1.997119,2.725166,0.658987,13.719700,0.645396,13.827181
18.000000,134.000000,4.000000,0.539745,2.077546,2.889933,0.713015,14.476418,0.710606,14.519937
18.000000,135.000000,4.000000,0.586634,2.314710,3.219657,0.769429,16.285142,0.759857,16.378799
18.000000,136.000000,4.000000,0.530778,2.158143,3.031532,0.701080,15.351800,0.688725,15.448826
18.000000,137.000000,4.000000,0.577681,2.444624,3.462727,0.786887,17.606221,0.777610,17.654154
18.000000,138.000000,4.000000,0.526167,2.255281,3.246522,0.725431,16.415469,0.720980,16.458790
18.000000,139.000000,4.000000,0.523589,2.316347,3.349534,0.748206,17.003898,0.741004,17.058121
18.000000,140.000000,4.000000,0.574045,2.630357,3.838808,0.822357,19.507970,0.813907,19.531358
18.000000,141.000000,4.000000,0.518968,2.413458,3.533827,0.749518,18.097894,0.740889,18.120659
18.000000,142.000000,4.000000,0.570109,2.746806,4.094373,0.835908,20.796417,0.828599,20.828401
18.000000,143.000000,4.000000,0.518023,2.553177,3.864465,0.792449,19.524284,0.790006,19.539870
18.000000,144.000000,4.000000,0.514668,2.612117,3.976037,0.810112,20.244963,0.808813,20.266289
18.000000,145.000000,4.000000,0.562350,2.991700,4.580749,0.940505,23.566239,0.939714,23.574695
18.000000,146.000000,4.000000,0.507371,2.743673,4.209294,0.860423,21.980169,0.858788,21.973100
18.000000,147.000000,5.000000,0.555268,3.714050,4.557892,1.211337,27.594487,1.145271,27.660993
18.000000,148.000000,5.000000,0.500957,3.550855,4.133476,1.083895,25.461402,0.997919,25.533000
18.000000,149.000000,5.000000,0.502726,3.825499,4.213878,1.007451,26.616749,0.974491,26.646781
18.000000,150.000000,5.000000,0.546822,4.652877,4.773898,1.124782,30.814263,1.086989,30.831216
18.000000,151.000000,5.000000,0.497630,4.578380,4.382345,1.017189,29.004915,0.973148,29.072943
18.000000,152.000000,4.000000,0.541391,3.352848,5.389888,1.114077,32.613591,1.111835,32.694925
18.000000,153.000000,3.000000,0.492180,0.401782,0.372314,0.351446,1.711296,0.306256,1.813462
18.000000,154.000000,3.000000,0.487560,0.400728,0.371741,0.337416,1.737471,0.302711,1.810697
18.000000,155.000000,3.000000,0.534887,0.438619,0.407589,0.375531,1.883666,0.322031,1.997938
18.000000,156.000000,3.000000,0.483346,0.399701,0.371446,0.274401,1.817760,0.291915,1.827996
18.000000,157.000000,3.000000,0.533340,0.451824,0.422518,0.271581,2.018485,0.339064,2.065373
18.000000,158.000000,3.000000,0.484379,0.409890,0.382203,0.258619,1.855924,0.300412,1.885786
18.000000,159.000000,3.000000,0.532697,0.448692,0.420770,0.278556,2.057940,0.326004,2.081170
18.000000,160.000000,4.000000,0.483709,0.635051,1.097981,0.191627,1.798979,0.189160,1.796545
18.000000,161.000000,5.000000,0.484111,0.450080,1.028539,0.360308,1.638563,0.373199,1.631795
18.000000,162.000000,5.000000,0.534940,0.613430,1.106539,0.832563,1.587740,0.859275,1.633904
18.000000,163.000000,5.000000,0.488801,0.704848,1.327812,1.409737,1.241431,1.384295,1.255025
18.000000,164.000000,4.000000,0.542345,1.016540,1.247811,1.101886,1.375656,1.101671,1.394479
18.000000,165.000000,4.000000,0.494758,0.944974,1.150939,1.010730,1.302319,1.010988,1.278388
18.000000,166.000000,4.000000,0.497634,0.987682,1.176571,1.055966,1.325602,1.054598,1.294259
18.000000,167.000000,3.000000,0.550826,0.516197,0.478650,0.793576,1.089832,0.771842,1.111320
18.000000,168.000000,3.000000,0.510439,0.467020,0.431358,0.317830,2.205807,0.320723,2.206733
18.000000,169.000000,4.000000,0.559985,1.042116,1.272935,0.566343,2.680651,0.550802,2.718146
18.000000,170.000000,4.000000,0.512012,0.980379,1.205408,0.534319,2.440194,0.504108,2.508076
18.000000,171.000000,3.000000,0.512207,0.451019,0.415931,0.143474,2.396435,0.131892,2.423728
18.000000,172.000000,3.000000,0.567771,0.515574,0.474562,0.194106,2.638859,0.202127,2.644670
18.000000,173.000000,3.000000,0.513996,0.478315,0.439409,0.265097,2.316293,0.254303,2.349231
18.000000,174.000000,3.000000,0.562700,0.530128,0.485841,0.387385,2.361898,0.353186,2.415457
18.000000,175.000000,4.000000,0.507214,0.653562,1.114523,0.435856,1.921347,0.436030,1.919327
18.000000,176.000000,4.000000,0.504405,0.559648,0.832118,0.774474,1.629400,0.773245,1.633770
18.000000,177.000000,4.000000,0.558120,0.595758,0.566671,1.263027,1.854104,1.265580,1.858911
18.000000,178.000000,4.000000,0.501364,0.518600,0.590158,1.109802,3.624918,1.106910,3.612603
18.000000,179.000000,3.000000,0.547814,0.559232,0.517008,0.898295,1.138683,0.735258,1.289715
18.000000,180.000000,4.000000,0.493457,0.979535,1.159458,0.870131,2.034337,0.709007,2.284659
18.000000,181.000000,5.000000,0.492692,0.552027,1.379807,0.646620,1.768098,0.518360,1.979661
18.000000,182.000000,5.000000,0.536426,0.724754,1.433175,1.034698,2.054576,0.847473,1.927908
18.000000,183.000000,5.000000,0.483219,0.861058,1.659056,0.768704,2.374148,0.787668,2.220815
18.000000,184.000000,5.000000,0.528887,0.844419,1.967766,1.720980,3.616553,1.839278,3.604448
18.000000,185.000000,4.000000,0.479999,1.135995,1.379279,1.236798,1.507018,1.177642,1.417895
18.000000,186.000000,4.000000,0.479593,1.163103,1.382657,1.263658,1.503773,1.187645,1.477159
18.000000,187.000000,3.000000,0.527854,0.630499,0.586621,0.872944,1.569312,0.750973,1.659755
18.000000,188.000000,3.000000,0.474714,0.587461,0.548840,0.365841,2.792593,0.214551,3.119432
18.000000,189.000000,3.000000,0.519022,0.647011,0.605952,0.397062,3.099695,0.221956,3.476765
18.000000,190.000000,3.000000,0.464329,0.573368,0.540311,0.333895,2.803066,0.183977,3.110788
18.000000,191.000000,3.000000,0.505743,0.637531,0.602442,0.327364,3.220102,0.219407,3.424734
18.000000,192.000000,3.000000,0.453035,0.586571,0.555745,0.478869,2.501827,0.361265,2.631915
18.000000,193.000000,4.000000,0.446847,0.866924,1.437352,0.515069,2.196980,0.444345,2.370650
18.000000,194.000000,5.000000,0.482524,0.775413,1.471021,1.444403,2.665981,1.333630,2.761951
18.000000,195.000000,5.000000,0.430047,0.875613,1.619838,1.425935,2.228291,1.324558,2.245942
18.000000,196.000000,5.000000,0.464627,0.970319,1.850724,1.719922,4.472924,1.577852,4.433430
18.000000,197.000000,5.000000,0.412430,0.676314,2.210834,1.482386,8.219482,1.362147,8.117381
18.000000,198.000000,3.000000,0.401592,0.556773,0.531072,0.655360,1.750911,0.563755,1.816175
18.000000,199.000000,3.000000,0.431238,0.610553,0.582424,0.701760,1.963587,0.610316,2.035353
18.000000,200.000000,3.000000,0.387088,0.537307,0.511784,0.216101,2.969844,0.126953,3.132686
18.000000,201.000000,3.000000,0.421610,0.584955,0.557961,0.282322,3.153805,0.155491,3.383449
18.000000,202.000000,3.000000,0.379102,0.530611,0.503689,0.360528,2.565055,0.265641,2.670441
18.000000,203.000000,3.000000,0.373648,0.516751,0.490485,0.450511,2.116350,0.389669,2.164109
18.000000,204.000000,3.000000,0.406574,0.544685,0.515995,0.699530,1.582395,0.568862,1.678845
18.000000,205.000000,4.000000,0.365853,0.587464,0.775040,0.648242,1.155114,0.603373,1.274644
18.000000,206.000000,4.000000,0.401977,0.574215,0.475194,0.686228,1.240665,0.738760,1.163099
18.000000,207.000000,4.000000,0.363521,0.419201,0.511889,0.816697,1.116626,0.823489,1.125982
18.000000,208.000000,3.000000,0.359002,0.452684,0.429863,0.821560,1.058380,0.865224,1.070646
18.000000,209.000000,4.000000,0.389460,0.833984,1.007519,0.856685,1.554548,0.725391,1.632240
18.000000,210.000000,4.000000,0.355175,0.770988,0.972422,0.408926,2.343148,0.310954,2.533528
18.000000,211.000000,4.000000,0.391324,0.856249,1.100977,0.496500,2.400359,0.330027,2.718495
18.000000,212.000000,4.000000,0.358475,0.838021,1.082250,0.433454,2.343928,0.313642,2.544498
18.000000,213.000000,4.000000,0.368077,0.845700,1.080656,0.413779,2.311238,0.290937,2.528640
18.000000,214.000000,3.000000,0.416209,0.478237,0.450575,0.328322,2.537541,0.166769,2.837044
18.000000,215.000000,3.000000,0.394631,0.435939,0.409204,0.291313,2.360234,0.171039,2.623118
18.000000,216.000000,3.000000,0.446205,0.501898,0.471889,0.313014,2.753636,0.200432,2.996483
18.000000,217.000000,3.000000,0.418767,0.458863,0.432168,0.321600,2.456318,0.199263,2.715321
18.000000,218.000000,3.000000,0.427483,0.456583,0.430131,0.411441,2.178179,0.277737,2.377914
18.000000,219.000000,3.000000,0.483858,0.478034,0.448997,0.514644,1.952606,0.402602,2.060559
18.000000,220.000000,4.000000,0.453921,0.639006,1.036358,0.467471,1.552055,0.432901,1.697544
18.000000,221.000000,4.000000,0.512709,0.631693,0.936439,0.789270,1.216670,0.734914,1.400493
18.000000,222.000000,4.000000,0.476826,0.479283,0.450927,0.625349,1.102733,0.669962,1.036357
18.000000,223.000000,5.000000,0.485653,0.418591,1.160326,1.230971,4.342309,1.111943,4.356291
18.000000,224.000000,4.000000,0.545486,0.919204,1.180233,1.076028,1.673204,0.979789,1.764627
18.000000,225.000000,4.000000,0.507116,0.837315,1.114509,0.934440,1.519943,0.861760,1.579843
18.000000,226.000000,4.000000,0.568770,0.931304,1.273670,0.523597,3.000339,0.464544,3.140317
18.000000,227.000000,4.000000,0.522457,0.872121,1.213569,0.454967,2.756553,0.415696,2.845393
18.000000,228.000000,4.000000,0.581078,0.968394,1.357195,0.462493,3.025390,0.432111,3.095379
18.000000,229.000000,3.000000,0.531477,0.466988,0.440346,0.271162,2.801581,0.244758,2.861723
18.000000,230.000000,3.000000,0.537394,0.446071,0.418928,0.266545,2.711492,0.235086,2.790992
18.000000,231.000000,3.000000,0.591991,0.491651,0.461419,0.321370,2.912055,0.258109,3.063439
18.000000,232.000000,3.000000,0.539359,0.448752,0.419365,0.289378,2.695701,0.254409,2.798476
18.000000,233.000000,3.000000,0.597523,0.507792,0.474714,0.321267,3.039808,0.277678,3.144313
18.000000,234.000000,3.000000,0.549428,0.438990,0.409778,0.263044,2.657306,0.274903,2.656395
18.000000,235.000000,3.000000,0.557169,0.465560,0.435060,0.437490,2.358679,0.400283,2.402055
18.000000,236.000000,3.000000,0.619530,0.495931,0.464126,0.581936,2.090724,0.563005,2.108974
18.000000,237.000000,4.000000,0.570700,0.687541,1.084683,0.543905,1.740582,0.533034,1.780710
18.000000,238.000000,4.000000,0.636686,0.658770,0.952442,0.833753,1.354261,0.806197,1.429976
18.000000,239.000000,4.000000,0.594573,0.493099,0.473768,1.461620,2.199789,1.455075,2.293430
18.000000,240.000000,4.000000,0.606125,0.420040,0.513299,1.461402,4.203229,1.453036,4.269698
18.000000,241.000000,4.000000,0.680572,0.680087,0.640298,1.759517,9.372794,1.746221,9.397125
18.000000,242.000000,3.000000,0.629796,0.570733,0.531645,0.917410,1.957176,0.819965,2.084027
18.000000,243.000000,3.000000,0.707903,0.648907,0.601926,1.089556,2.248489,0.958300,2.420753
18.000000,244.000000,3.000000,0.655363,0.599160,0.555718,0.524861,3.931894,0.421410,4.172993
18.000000,245.000000,3.000000,0.662804,0.600585,0.558517,0.325209,4.625483,0.244996,4.853389
18.000000,246.000000,3.000000,0.734923,0.666523,0.620783,0.365509,5.341170,0.242884,5.586617
18.000000,247.000000,3.000000,0.670413,0.594312,0.556488,0.289359,4.979482,0.228655,5.163432
18.000000,248.000000,3.000000,0.730866,0.668812,0.626725,0.350470,5.765296,0.242721,5.958273
18.000000,249.000000,3.000000,0.668631,0.553184,0.519950,0.286827,5.146825,0.225599,5.355254
18.000000,250.000000,3.000000,0.663073,0.591543,0.555596,0.298307,5.501321,0.224069,5.657129
18.000000,251.000000,4.000000,0.725605,1.159648,1.880534,0.605475,7.236829,0.546732,7.484672
18.000000,252.000000,3.000000,0.654864,1.455615,1.199535,0.755254,6.584991,0.611943,6.643857
18.000000,253.000000,3.000000,0.719099,1.692096,1.387495,0.844512,7.650148,0.668148,7.731685
18.000000,254.000000,3.000000,0.652272,1.628100,1.342913,0.770301,7.262457,0.619649,7.321718
18.000000,255.000000,4.000000,0.647770,1.497420,2.645451,0.597705,7.970799,0.550481,8.134136
18.000000,256.000000,4.000000,0.710335,1.783196,3.154480,0.658052,9.260776,0.607960,9.430863
18.000000,257.000000,4.000000,0.641846,1.726661,3.056625,0.596051,8.642075,0.537682,8.854597
18.000000,258.000000,4.000000,0.704640,2.077206,3.672401,0.626971,10.275983,0.592781,10.363610
18.000000,259.000000,4.000000,0.638198,1.994795,3.534946,0.536884,9.575781,0.508666,9.671565
18.000000,260.000000,4.000000,0.636836,2.122771,3.731839,0.488088,9.968972,0.465102,10.049317
18.000000,261.000000,4.000000,0.819669,3.014604,5.258039,0.549704,13.857166,0.536844,13.898085
18.000000,262.000000,4.000000,0.502268,1.884560,3.271639,0.267977,8.395953,0.268282,8.445616
18.000000,263.000000,4.000000,0.686801,2.846372,4.805595,0.344235,12.292554,0.358931,12.381550
18.000000,264.000000,3.000000,0.622980,0.835983,0.834020,0.385296,11.303877,0.413602,11.302730
18.000000,265.000000,3.000000,0.615497,0.875795,0.873866,0.299110,11.460055,0.285400,11.418016
18.000000,266.000000,3.000000,0.672824,1.027995,1.026346,0.422931,12.883109,0.420666,12.871113
18.000000,267.000000,3.000000,0.601164,0.968774,0.967505,0.315538,12.690379,0.340037,12.717703
18.000000,268.000000,3.000000,0.646335,1.114661,1.113340,0.367486,14.521449,0.390940,14.568009
18.000000,269.000000,3.000000,0.566652,1.027115,1.026332,0.359273,13.570187,0.361537,13.598747
18.000000,270.000000,3.000000,0.600096,1.164151,1.163294,0.386778,15.199478,0.403337,15.196673
18.000000,271.000000,4.000000,0.524410,2.155432,3.915503,5.894121,13.648756,5.895633,13.653069
18.000000,272.000000,5.000000,0.503597,1.825058,2.798544,1.065603,18.739942,1.167492,18.997247
18.000000,273.000000,4.000000,0.531929,2.216127,3.578004,0.793515,15.115019,0.817858,15.227877
18.000000,274.000000,4.000000,0.459937,2.038063,3.270140,0.642046,14.651899,0.660698,14.756494
18.000000,275.000000,4.000000,0.480638,2.283563,3.746082,0.701920,15.824089,0.722071,15.951584
18.000000,276.000000,4.000000,0.413660,2.080030,3.467636,0.610798,13.813282,0.629136,13.942593
18.000000,277.000000,4.000000,0.393155,2.099434,3.501198,0.559615,13.335933,0.568557,13.385725
18.000000,278.000000,4.000000,0.411262,2.314965,3.882177,0.545781,14.024586,0.557603,14.110728
18.000000,279.000000,4.000000,0.354043,2.110368,3.573988,0.454234,12.239070,0.464129,12.325919
18.000000,280.000000,4.000000,0.363881,2.295336,3.953702,0.429100,12.580411,0.434357,12.696440
18.000000,281.000000,4.000000,0.310599,2.048212,3.528082,0.323472,10.606445,0.319881,10.681203
18.000000,282.000000,4.000000,0.292191,2.015442,3.456668,0.290537,9.941810,0.239359,9.885745
18.000000,283.000000,4.000000,0.307619,2.222361,3.786930,0.355669,10.064680,0.291730,10.041369
18.000000,284.000000,4.000000,0.271216,2.021931,3.344630,0.329199,8.428154,0.239617,8.384773
18.000000,285.000000,4.000000,0.297048,2.240231,3.557433,0.355490,8.573411,0.239757,8.566099
18.000000,286.000000,4.000000,0.269030,1.194408,1.850172,0.434494,7.582092,0.442083,7.634792
18.000000,287.000000,4.000000,0.268557,1.214009,1.897725,0.432681,7.322596,0.439405,7.396819
18.000000,288.000000,4.000000,0.294470,1.364433,2.136126,0.466766,7.842111,0.470618,7.873370
18.000000,289.000000,5.000000,0.263567,1.723103,2.743331,0.568851,6.920837,0.632549,6.956511
18.000000,290.000000,5.000000,0.285803,1.089818,2.318202,0.663834,7.344292,0.648360,7.313576
18.000000,291.000000,4.000000,0.258938,1.358418,2.221076,0.411853,6.571963,0.407142,6.551688
18.000000,292.000000,4.000000,0.284122,1.581018,2.632173,0.449004,7.291834,0.450154,7.297217
18.000000,293.000000,4.000000,0.255030,1.500625,2.513051,0.332379,7.220112,0.324705,7.218222
18.000000,294.000000,4.000000,0.250847,1.560514,2.644029,0.303415,7.147488,0.296047,7.146286
18.000000,295.000000,4.000000,0.274808,1.769569,2.958813,0.254834,7.749300,0.263700,7.770109
18.000000,296.000000,4.000000,0.248116,1.659771,2.718697,0.230740,6.984172,0.242966,6.998975
18.000000,297.000000,4.000000,0.273532,1.312784,2.022740,0.491484,7.420914,0.482142,7.408512
18.000000,298.000000,4.000000,0.247408,1.280661,2.071532,0.493086,6.677110,0.488993,6.664358
18.000000,299.000000,4.000000,0.246544,1.324598,2.148918,0.453462,6.980823,0.449364,6.964934
18.000000,300.000000,4.000000,0.268923,1.489877,2.423935,0.471226,7.409853,0.457361,7.431971
18.000000,301.000000,4.000000,0.242194,1.382075,2.254574,0.394130,6.535502,0.380756,6.543520
18.000000,302.000000,4.000000,0.267076,1.591582,2.644653,0.408290,7.150832,0.401775,7.145065
18.000000,303.000000,5.000000,0.240259,0.994498,2.225350,0.350354,6.953677,0.372466,6.886660
18.000000,304.000000,4.000000,0.238631,1.530659,2.486861,0.266865,6.332348,0.263212,6.337897
18.000000,305.000000,3.000000,0.260825,0.668227,0.668227,0.369305,6.831253,0.390455,6.833927
18.000000,306.000000,3.000000,0.236310,0.606394,0.606393,0.307346,6.004193,0.334668,6.005690
18.000000,307.000000,3.000000,0.260383,0.662537,0.662534,0.311496,6.302516,0.322880,6.296587
18.000000,308.000000,3.000000,0.234260,0.593985,0.593984,0.258129,5.451273,0.243225,5.424766
18.000000,309.000000,3.000000,0.232761,0.591470,0.591469,0.254934,5.471137,0.254591,5.439791
18.000000,310.000000,3.000000,0.254188,0.647249,0.647242,0.213168,5.873895,0.243833,5.869203
18.000000,311.000000,5.000000,0.229926,1.038793,1.985021,0.527337,5.740120,0.503443,5.733659
18.000000,312.000000,5.000000,0.253032,1.038122,1.616193,0.539500,7.951239,0.535748,7.940353
18.000000,313.000000,4.000000,0.229966,1.140848,1.771817,0.438214,5.539872,0.431484,5.531966
18.000000,314.000000,4.000000,0.248696,1.302582,2.042987,0.451032,6.466031,0.444198,6.483384
18.000000,315.000000,4.000000,0.224709,1.218365,1.939541,0.379128,5.843989,0.377872,5.842937
18.000000,316.000000,4.000000,0.224144,1.283595,2.080824,0.364162,5.937225,0.363285,5.930923
18.000000,317.000000,4.000000,0.244249,1.498852,2.446184,0.374820,6.732675,0.373122,6.721759
18.000000,318.000000,4.000000,0.219398,1.371708,2.200794,0.279611,5.841445,0.278090,5.844478
18.000000,319.000000,4.000000,0.235635,1.495213,2.319428,0.234172,6.031223,0.240756,6.064908
18.000000,320.000000,3.000000,0.206414,0.547881,0.547798,0.318306,5.083945,0.322749,5.109054
18.000000,321.000000,3.000000,0.198705,0.532730,0.532687,0.251291,4.705895,0.259101,4.728123
18.000000,322.000000,3.000000,0.207156,0.564039,0.564037,0.194517,4.677047,0.219706,4.695604
18.000000,323.000000,3.000000,0.175390,0.478508,0.478502,0.201719,3.801217,0.206197,3.825276
18.000000,324.000000,3.000000,0.178323,0.498069,0.498069,0.217231,3.666501,0.250471,3.754259
18.000000,325.000000,3.000000,0.149690,0.421179,0.421168,0.228904,3.001933,0.258641,3.058564
18.000000,326.000000,4.000000,0.136733,0.571012,0.900989,1.053834,2.723229,1.061961,2.741537
18.000000,327.000000,3.000000,0.128958,0.372791,0.372766,0.200238,2.708482,0.226065,2.761752
18.000000,328.000000,3.000000,0.100857,0.294829,0.294817,0.190088,2.328792,0.188743,2.322657
18.000000,329.000000,3.000000,0.093476,0.279339,0.279299,0.165643,2.577229,0.167077,2.557965
18.000000,330.000000,3.000000,0.076572,0.223880,0.223879,0.127488,1.887459,0.132430,1.864653
18.000000,331.000000,3.000000,0.064800,0.189759,0.189688,0.129500,1.743510,0.133467,1.736196
18.000000,332.000000,3.000000,0.059893,0.173746,0.173677,0.139374,1.639804,0.141354,1.639410
19.000000,1.000000,5.000000,0.088342,0.085466,0.264331,0.163263,0.798284,0.100376,0.822213
19.000000,2.000000,5.000000,0.079495,0.108353,0.272428,0.091306,0.707645,0.077652,0.827238
19.000000,3.000000,5.000000,0.080705,0.090961,0.286904,0.067682,0.735596,0.082802,0.805736
19.000000,4.000000,4.000000,0.090696,0.047559,0.078179,0.124700,0.822495,0.122383,0.845884
19.000000,5.000000,4.000000,0.081755,0.032649,0.059161,0.160413,0.392511,0.138202,0.597134
19.000000,6.000000,4.000000,0.075313,0.046802,0.081907,0.214346,0.271755,0.108178,0.580420
19.000000,7.000000,5.000000,0.074550,0.151685,0.244891,0.166076,0.594192,0.038886,0.804387
19.000000,8.000000,4.000000,0.063483,0.135118,0.247925,0.370100,0.149147,0.037874,0.686764
19.000000,9.000000,5.000000,0.067258,0.214085,0.262404,0.527439,0.381850,0.054289,0.709268
19.000000,10.000000,4.000000,0.056922,0.115142,0.211430,0.420743,0.335024,0.075161,0.561217
19.000000,11.000000,5.000000,0.050857,0.271171,0.240679,0.485182,0.425914,0.049390,0.653091
19.000000,12.000000,4.000000,0.051304,0.205511,0.371960,0.452357,0.374323,0.106636,0.724820
19.000000,17.000000,4.000000,0.058513,0.193337,0.351636,0.537538,0.786187,0.144869,0.488467
19.000000,18.000000,4.000000,0.062199,0.192655,0.341629,0.669551,0.734034,0.118623,0.479593
19.000000,19.000000,4.000000,0.070066,0.201156,0.359858,0.691127,0.793563,0.148143,0.496934
19.000000,20.000000,4.000000,0.081025,0.275859,0.491774,0.760102,1.024476,0.206488,0.605061
19.000000,21.000000,4.000000,0.081471,0.335175,0.589117,0.754352,1.107100,0.279865,0.637081
19.000000,22.000000,4.000000,0.096147,0.334985,0.586173,0.782375,1.156514,0.324820,0.655764
19.000000,23.000000,5.000000,0.093106,0.473990,0.458190,0.770646,1.120296,0.360512,0.578884
19.000000,24.000000,6.000000,0.100273,0.329463,0.446441,1.070604,0.993183,0.190542,0.752347
19.000000,25.000000,6.000000,0.119769,0.356740,0.467116,1.145898,1.018958,0.220630,0.810933
19.000000,26.000000,5.000000,0.119507,0.258096,0.360970,0.927889,1.116235,0.255217,0.820070
19.000000,27.000000,5.000000,0.130406,0.306925,0.224006,0.917045,1.272059,0.330733,1.017958
19.000000,28.000000,5.000000,0.157349,0.293616,0.277977,0.969802,1.361844,0.442923,1.439566
19.000000,29.000000,6.000000,0.155673,0.455164,0.452978,1.020690,1.477627,0.440849,1.901629
19.000000,30.000000,5.000000,0.187012,0.344893,0.515611,1.324328,2.233771,0.743207,2.760615
19.000000,31.000000,5.000000,0.183305,0.484131,0.641449,1.116633,2.760350,0.932328,3.354662
19.000000,32.000000,5.000000,0.195083,0.518035,0.823173,1.250516,3.529867,1.179515,4.268251
19.000000,33.000000,5.000000,0.226901,0.616932,0.989813,1.453047,5.220351,1.690340,5.979271
19.000000,34.000000,5.000000,0.219294,0.669260,1.337033,1.533930,5.405616,1.719547,6.305660
19.000000,35.000000,6.000000,0.254863,1.278541,2.043981,1.666267,8.736484,1.384232,9.949778
19.000000,36.000000,5.000000,0.241018,1.230859,2.169390,1.775243,10.621184,1.951321,12.150083
19.000000,37.000000,5.000000,0.250089,1.517271,2.929448,1.976292,13.661639,2.187170,15.309633
19.000000,38.000000,5.000000,0.283138,2.303429,4.740280,2.474753,20.313087,2.867297,21.932046
19.000000,39.000000,5.000000,0.270083,0.869264,1.081171,2.401515,4.540533,1.232967,5.422523
19.000000,40.000000,4.000000,0.311886,0.824145,0.770270,2.916028,7.853002,2.455991,9.186093
19.000000,41.000000,4.000000,0.296554,1.062845,1.494745,2.625699,10.836990,2.225248,12.175983
19.000000,42.000000,4.000000,0.303038,1.684661,2.360617,3.543906,17.672052,3.154743,19.056346
19.000000,43.000000,4.000000,0.342123,2.553457,3.506701,4.360315,26.536763,3.936047,28.329441
19.000000,44.000000,3.000000,0.312618,0.980454,0.975634,1.466136,5.602608,0.832775,6.247289
19.000000,45.000000,3.000000,0.320566,1.041488,1.035427,1.263454,6.407122,0.871241,6.770016
19.000000,46.000000,3.000000,0.357707,1.204400,1.197438,1.217527,8.114004,1.046026,8.257546
19.000000,47.000000,3.000000,0.330035,1.158923,1.151123,0.968526,8.195673,1.061254,8.122307
19.000000,51.000000,3.000000,0.371998,1.433999,1.420978,1.215202,13.475160,0.365981,14.693419
19.000000,54.000000,3.000000,0.337344,1.442776,1.425916,1.184261,13.612591,0.339441,14.804383
19.000000,55.000000,4.000000,0.337021,2.079307,2.458459,1.660759,14.493991,0.807487,15.854818
19.000000,56.000000,4.000000,0.373954,2.538441,3.009851,1.844349,17.495176,0.974570,18.967266
19.000000,57.000000,4.000000,0.345729,2.478180,3.008810,1.501091,17.338521,0.873511,18.440369
19.000000,58.000000,3.000000,0.382790,2.082864,2.052409,1.224293,20.126003,0.587597,21.464784
19.000000,59.000000,3.000000,0.347768,1.976960,1.944729,1.064290,18.951203,0.531915,20.177492
19.000000,60.000000,3.000000,0.341721,2.066373,2.028894,0.977172,19.615009,0.532849,20.690996
19.000000,61.000000,3.000000,0.376567,2.459727,2.410196,0.878508,23.177199,0.556624,24.012742
19.000000,62.000000,3.000000,0.341344,2.389182,2.336518,0.808058,22.703058,0.580668,23.610615
19.000000,65.000000,3.000000,0.328587,0.395951,0.370937,0.724866,0.475949,0.567818,0.728688
19.000000,69.000000,3.000000,0.290650,0.277851,0.254974,0.805712,0.125765,0.040915,0.846286
19.000000,70.000000,3.000000,0.248245,0.223308,0.203133,0.585039,0.153370,0.132790,0.601740
19.000000,71.000000,3.000000,0.253581,0.239392,0.217500,0.495319,0.212406,0.255955,0.595106
19.000000,72.000000,3.000000,0.212413,0.225330,0.205375,1.215064,1.173073,1.184736,1.220783
19.000000,73.000000,4.000000,0.194867,0.614319,0.694797,1.205428,1.264279,0.802374,1.355761
19.000000,74.000000,4.000000,0.193690,0.693365,0.859563,1.209033,1.751324,0.822912,1.981685
19.000000,75.000000,4.000000,0.154286,0.599045,0.777817,1.066227,1.806339,0.655075,2.138967
19.000000,76.000000,4.000000,0.132797,0.640648,0.896450,0.948280,2.186871,0.565457,2.494156
19.000000,77.000000,4.000000,0.123858,0.620203,0.831463,0.866007,2.594686,0.544490,2.740089
19.000000,78.000000,4.000000,0.091938,0.528054,0.718422,0.734328,2.890147,0.550303,3.129160
19.000000,79.000000,5.000000,0.086542,0.740346,0.863129,0.269167,3.805688,0.066266,3.796660
19.000000,80.000000,4.000000,0.074705,0.138353,0.251062,0.260143,0.737235,0.049208,0.746604
19.000000,81.000000,4.000000,0.076211,0.145608,0.257705,0.149749,0.725911,0.052814,0.733832
19.000000,82.000000,5.000000,0.087587,0.134873,0.278895,0.088573,0.850694,0.053076,0.850490
19.000000,83.000000,5.000000,0.082472,0.136926,0.260512,0.028190,0.795204,0.051798,0.804530
19.000000,84.000000,5.000000,0.093268,0.187705,0.316533,0.187660,0.734520,0.054109,0.967385
19.000000,85.000000,5.000000,0.086529,0.192998,0.306947,0.349805,0.447937,0.050167,0.904534
19.000000,86.000000,6.000000,0.088598,0.231274,0.378802,0.406832,0.287163,0.080785,0.857982
19.000000,87.000000,6.000000,0.099772,0.302638,0.472176,0.512001,0.444097,0.092686,0.966746
19.000000,88.000000,6.000000,0.093224,0.302415,0.461676,0.510944,0.459913,0.085133,0.916685
19.000000,89.000000,5.000000,0.096346,0.362669,0.482461,0.598804,0.348364,0.057193,1.038988
19.000000,90.000000,5.000000,0.110543,0.451926,0.581991,0.691781,0.391929,0.083775,1.238467
19.000000,91.000000,5.000000,0.105410,0.448506,0.566794,0.682053,0.409479,0.087125,1.180424
19.000000,92.000000,5.000000,0.122434,0.525669,0.657488,0.804440,0.480575,0.104798,1.364532
19.000000,93.000000,5.000000,0.118852,0.522028,0.639359,0.804296,0.514390,0.104309,1.310362
19.000000,94.000000,5.000000,0.127468,0.558349,0.666748,0.843345,0.508650,0.114288,1.397998
19.000000,95.000000,6.000000,0.151704,0.579815,0.833147,1.019062,0.615942,0.147111,1.672496
19.000000,96.000000,6.000000,0.147038,0.617528,0.859440,1.010103,0.600766,0.166316,1.672819
19.000000,97.000000,6.000000,0.173349,0.720905,1.003703,1.233573,0.577298,0.202228,2.024519
19.000000,98.000000,6.000000,0.168370,0.666680,0.947819,1.268235,0.532365,0.194423,1.994512
19.000000,99.000000,6.000000,0.180068,0.714496,1.013134,1.377904,0.570544,0.222978,2.217088
19.000000,100.000000,6.000000,0.210879,0.828956,1.165079,1.553264,0.863642,0.283864,2.700127
19.000000,101.000000,6.000000,0.203329,0.767166,1.071378,1.347623,1.160616,0.288258,2.688002
19.000000,102.000000,7.000000,0.213351,0.553691,1.037328,1.217001,1.712102,0.228643,3.111597
19.000000,103.000000,7.000000,0.246544,0.735985,1.165445,1.291875,2.455666,0.279373,3.790934
19.000000,104.000000,7.000000,0.235526,0.797612,1.088366,1.166231,2.662339,0.279826,3.751323
19.000000,105.000000,7.000000,0.271967,1.081093,1.180796,1.101097,3.600322,0.327552,4.494178
19.000000,106.000000,7.000000,0.261262,1.020708,1.296859,0.638422,4.409345,0.354922,4.846368
19.000000,107.000000,7.000000,0.275246,1.097787,1.494487,0.465759,5.757162,0.410290,5.963014
19.000000,108.000000,7.000000,0.320192,1.643732,1.850751,0.596803,8.186493,0.530602,8.201240
19.000000,109.000000,7.000000,0.302722,1.851140,1.957198,0.577456,9.212920,0.577236,9.100385
19.000000,110.000000,7.000000,0.348850,2.478580,2.658462,0.698241,12.753785,0.730196,12.513948
19.000000,111.000000,7.000000,0.331612,2.634502,3.121104,0.599221,14.529580,0.702235,14.315046
19.000000,112.000000,7.000000,0.347010,3.151321,4.084373,0.722272,18.337418,0.813733,18.207134
19.000000,113.000000,8.000000,0.396502,2.309864,3.481472,0.384860,13.510919,0.539625,13.845919
19.000000,114.000000,8.000000,0.370791,2.284138,3.364776,0.279092,14.017544,0.387623,14.265696
19.000000,115.000000,8.000000,0.374624,2.450156,3.539148,0.286009,15.100374,0.383125,15.430809
19.000000,116.000000,7.000000,0.416542,3.618390,4.114280,0.338760,18.399199,0.455754,18.812281
19.000000,117.000000,7.000000,0.380718,3.425846,3.997020,0.307906,18.490955,0.409602,18.894849
19.000000,118.000000,7.000000,0.421962,4.000959,4.854441,0.371534,23.104107,0.441355,23.470092
19.000000,119.000000,7.000000,0.382402,3.796435,4.852655,0.350298,23.430672,0.419047,23.733168
19.000000,120.000000,7.000000,0.384425,4.019864,5.466188,0.367057,26.601180,0.470396,26.814663
19.000000,121.000000,8.000000,0.425229,3.702541,7.352803,0.331246,34.901457,0.409430,35.173653
19.000000,122.000000,8.000000,0.391163,3.587575,7.389475,0.330583,35.961169,0.382796,36.342124
19.000000,123.000000,7.000000,0.434867,1.577040,2.162828,0.335040,7.381550,0.432509,7.418486
19.000000,124.000000,7.000000,0.397560,1.583793,2.093581,0.343469,7.465434,0.415019,7.535223
19.000000,125.000000,7.000000,0.398626,1.915283,4.492579,0.619998,17.492401,0.507026,17.600391
19.000000,126.000000,6.000000,0.439352,2.158682,1.889475,0.709887,10.550544,0.376897,10.780983
19.000000,127.000000,6.000000,0.399115,2.158723,1.762813,0.584225,10.686588,0.344722,10.893115
19.000000,128.000000,6.000000,0.398246,2.342190,1.808315,0.625171,12.029597,0.355106,12.284426
19.000000,129.000000,6.000000,0.434875,2.863899,2.584029,0.755725,15.228182,0.389573,15.557460
19.000000,130.000000,5.000000,0.392423,0.533885,0.572189,0.571480,2.576503,0.255638,3.072648
19.000000,131.000000,5.000000,0.430173,0.614834,0.707017,0.612730,3.269041,0.324768,3.764578
19.000000,132.000000,6.000000,0.390736,0.609879,0.936446,0.552780,3.306600,0.388200,3.737309
19.000000,133.000000,6.000000,0.385496,0.669184,1.070488,0.634179,3.644407,0.408554,4.082446
19.000000,134.000000,6.000000,0.418341,0.794822,1.327423,0.786971,4.553894,0.506286,4.970534
19.000000,135.000000,6.000000,0.379086,0.770372,1.386601,0.758790,4.575652,0.507981,4.922514
19.000000,136.000000,6.000000,0.416874,0.918205,1.746739,0.922837,5.860904,0.611757,6.193589
19.000000,137.000000,6.000000,0.377335,1.730721,2.132388,0.674553,8.033050,0.539685,7.439991
19.000000,138.000000,5.000000,0.369340,0.871341,1.880112,0.717283,9.009638,0.505285,8.375649
19.000000,139.000000,5.000000,0.403689,1.076094,2.185198,0.749815,10.954850,0.553404,10.055141
19.000000,140.000000,5.000000,0.367381,1.043048,2.112770,0.589946,11.214820,0.603741,10.574744
19.000000,141.000000,6.000000,0.369891,2.688070,3.147469,0.626346,13.267040,0.674329,13.004817
19.000000,142.000000,7.000000,0.403830,2.798998,5.094586,0.835485,17.196984,0.708461,16.602917
19.000000,143.000000,7.000000,0.370432,2.818089,5.329344,0.780408,19.061269,0.592719,18.602249
19.000000,144.000000,6.000000,0.405442,0.766669,0.675365,1.233934,2.192067,1.084702,2.360911
19.000000,145.000000,7.000000,0.374041,0.820143,0.825657,0.696427,2.349642,0.532066,2.565233
19.000000,146.000000,7.000000,0.373058,0.920984,1.109365,0.657845,3.086350,0.486532,3.185448
19.000000,147.000000,8.000000,0.408906,1.280302,1.655877,0.939795,4.301413,0.993872,4.387792
19.000000,148.000000,7.000000,0.377736,1.303692,2.052136,0.731586,5.031654,0.555085,5.164579
19.000000,149.000000,7.000000,0.414684,1.669779,3.115377,0.751914,7.249284,0.619857,7.270024
19.000000,150.000000,7.000000,0.380196,1.832555,3.752443,0.695130,8.593016,0.757253,8.615726
19.000000,151.000000,6.000000,0.383537,2.352822,3.738098,0.746703,11.033876,0.760621,11.165787
19.000000,152.000000,6.000000,0.426400,3.305833,4.992761,0.883753,15.606439,0.901459,15.962308
19.000000,153.000000,6.000000,0.393550,3.915208,5.664542,0.917503,18.995021,0.937565,19.444788
19.000000,154.000000,7.000000,0.386315,4.654194,6.632543,0.743980,24.982254,0.745983,25.454277
19.000000,155.000000,8.000000,0.419326,6.124936,12.656716,1.288468,37.408058,1.296206,37.667499
19.000000,156.000000,7.000000,0.382387,2.370742,2.881466,0.898486,12.162762,0.803647,12.395703
19.000000,157.000000,7.000000,0.417321,2.998578,3.982171,1.097530,16.359875,1.000776,16.422411
19.000000,158.000000,7.000000,0.372231,3.100303,4.275664,1.220257,19.628195,1.112486,19.532750
19.000000,159.000000,8.000000,0.370907,3.755129,5.170219,0.992646,23.394331,1.015226,23.090368
19.000000,160.000000,7.000000,0.407686,5.021315,6.642239,1.437473,31.788139,1.314430,31.206482
19.000000,161.000000,7.000000,0.371279,5.710516,7.318693,2.518796,37.135356,2.218262,36.609018
19.000000,162.000000,6.000000,0.364168,2.468112,5.694350,1.633039,22.647072,1.306889,23.967225
19.000000,163.000000,6.000000,0.401173,2.374822,3.225663,0.621177,11.452827,0.348521,11.660076
19.000000,164.000000,5.000000,0.359736,3.129300,2.072235,0.908084,12.588424,0.505595,12.975584
19.000000,165.000000,6.000000,0.397228,3.385827,3.982070,1.083560,17.922808,0.612686,18.261441
19.000000,166.000000,6.000000,0.359544,3.707548,4.534760,0.962048,20.685989,0.519220,20.900823
19.000000,167.000000,6.000000,0.350250,4.468241,5.772662,0.961977,25.995472,0.518918,26.106104
19.000000,168.000000,6.000000,0.372858,6.137413,8.493176,1.024643,37.718052,0.617090,37.533072
19.000000,169.000000,6.000000,0.327902,0.593519,0.935178,1.061196,2.485431,0.603956,2.720457
19.000000,170.000000,5.000000,0.355862,0.540579,0.872109,1.793137,2.397388,1.256801,2.794984
19.000000,171.000000,5.000000,0.332251,0.945011,1.488621,2.072271,3.021234,1.703449,3.026030
19.000000,172.000000,5.000000,0.334328,1.193770,1.851093,1.988021,3.591379,1.753699,3.599004
19.000000,173.000000,7.000000,0.364263,1.538354,2.081061,2.001603,4.232385,1.795840,4.078120
19.000000,174.000000,7.000000,0.329468,1.174297,1.524400,1.361962,3.087207,1.295133,3.056261
19.000000,175.000000,7.000000,0.363235,1.499446,1.931535,1.558824,3.821259,1.507421,3.757801
19.000000,176.000000,8.000000,0.327802,1.247923,2.052749,1.881931,3.352305,1.806577,3.355028
19.000000,177.000000,8.000000,0.326594,1.458861,2.384621,2.125467,3.337280,2.063963,3.330266
19.000000,178.000000,8.000000,0.356492,1.303039,2.077368,1.879638,4.526611,1.825774,4.610902
19.000000,179.000000,8.000000,0.319971,1.421469,2.314060,2.063167,5.406542,2.025667,5.420692
19.000000,180.000000,9.000000,0.345271,1.294613,1.795756,1.913818,6.457129,1.972575,6.618139
19.000000,181.000000,9.000000,0.304424,1.337246,1.975730,1.959952,6.891423,2.059487,7.182389
19.000000,182.000000,9.000000,0.301339,1.214395,1.767913,2.127599,7.356495,2.076620,7.711714
19.000000,183.000000,9.000000,0.394625,2.206591,4.531866,2.872497,10.722033,2.734115,10.477294
19.000000,184.000000,9.000000,0.293056,1.734508,3.408632,2.318616,9.243104,2.217630,9.044381
19.000000,185.000000,10.000000,0.338852,3.459974,5.972765,2.757691,13.522123,2.760209,13.237157
19.000000,186.000000,10.000000,0.350022,2.820598,4.625758,3.415332,13.254504,3.738567,13.121433
19.000000,187.000000,10.000000,0.333368,3.579817,9.361400,2.151055,20.646705,2.523729,20.301173
19.000000,188.000000,10.000000,0.364714,4.696052,12.626617,2.568382,28.969907,2.908076,28.626308
19.000000,189.000000,9.000000,0.314728,4.320830,7.079622,0.791429,22.300006,1.037786,22.360686
19.000000,190.000000,11.000000,0.316725,3.491629,9.710214,0.845807,27.562892,1.085130,27.634824
19.000000,191.000000,11.000000,0.304858,3.712631,10.706217,0.662305,31.067813,0.863595,31.337876
19.000000,192.000000,11.000000,0.263213,6.275570,9.969668,0.538281,33.049755,0.686683,33.390436
19.000000,193.000000,9.000000,0.259723,0.455744,1.581739,0.469365,3.064925,0.645146,3.033034
19.000000,194.000000,8.000000,0.284534,0.630472,1.771650,0.518667,3.667478,0.714304,3.621705
19.000000,195.000000,9.000000,0.247327,0.494343,1.790746,0.336755,5.793706,0.256206,5.946067
19.000000,196.000000,9.000000,0.272584,0.645200,1.797782,0.464063,7.410534,0.207191,7.419068
19.000000,197.000000,9.000000,0.245865,0.653279,1.665460,0.574542,7.437345,0.246090,7.503559
19.000000,198.000000,9.000000,0.249701,0.637449,1.228992,0.635527,8.439456,0.101231,8.107833
19.000000,199.000000,11.000000,0.279109,0.922292,1.270875,0.816377,10.306556,0.133511,9.761264
19.000000,200.000000,10.000000,0.250975,0.892912,1.339498,0.797850,10.474714,0.158315,9.862757
19.000000,201.000000,10.000000,0.276093,1.046480,1.559513,0.876760,12.895596,0.200553,12.103328
19.000000,202.000000,10.000000,0.248936,1.058793,1.649966,0.751618,12.934912,0.217165,12.080062
19.000000,203.000000,10.000000,0.247963,1.232625,1.742109,0.796642,14.299230,0.248664,13.231853
19.000000,204.000000,9.000000,0.269888,1.177294,2.614539,0.822592,10.284718,0.288578,10.669754
19.000000,205.000000,9.000000,0.245884,1.190930,2.579397,0.768249,10.320276,0.282727,10.647510
19.000000,206.000000,9.000000,0.243616,1.289516,2.911976,0.696024,11.641743,0.330024,11.854292
19.000000,207.000000,9.000000,0.266677,1.706814,3.560502,0.704833,14.338159,0.410726,14.484792
19.000000,208.000000,9.000000,0.242859,1.806718,3.495118,0.520682,14.182351,0.441228,14.222647
19.000000,209.000000,9.000000,0.265816,2.176787,4.194593,0.436396,16.917752,0.502569,17.022011
19.000000,210.000000,9.000000,0.240848,2.025267,4.084258,0.282228,16.643116,0.451929,16.776943
19.000000,211.000000,9.000000,0.241753,2.129517,4.375462,0.409918,18.459780,0.471972,18.508656
19.000000,212.000000,8.000000,0.265196,2.606864,3.367523,0.343473,22.251253,0.351215,22.238420
19.000000,213.000000,8.000000,0.240732,2.507418,3.213534,0.309573,22.049629,0.333725,22.072007
19.000000,214.000000,8.000000,0.265282,3.052169,3.805265,0.342130,27.171174,0.376308,27.230163
19.000000,215.000000,8.000000,0.240533,3.043510,3.681736,0.384894,27.502449,0.335472,27.410462
19.000000,216.000000,7.000000,0.238938,0.225595,0.650667,0.509749,1.458659,0.195833,1.350947
19.000000,217.000000,7.000000,0.262460,0.239382,0.732568,0.622558,1.777983,0.227216,1.669810
19.000000,218.000000,8.000000,0.236823,1.985985,2.393183,0.520772,17.706909,0.299858,17.274965
19.000000,219.000000,8.000000,0.237534,2.115893,2.441911,0.556900,18.961064,0.300358,18.422312
19.000000,220.000000,7.000000,0.260456,2.402459,2.764090,0.619083,22.326779,0.416940,21.673016
19.000000,221.000000,7.000000,0.239048,2.313550,2.562555,0.503048,21.777062,0.362875,21.202593
19.000000,222.000000,6.000000,0.261308,0.427848,1.079364,0.443752,3.188694,0.309853,3.128654
19.000000,223.000000,6.000000,0.234652,0.418456,1.122287,0.330728,3.303573,0.288803,3.334690
19.000000,224.000000,6.000000,0.236857,0.466059,1.249404,0.299829,3.766820,0.297546,3.780663
19.000000,225.000000,6.000000,0.259145,0.555977,1.495712,0.329309,4.673706,0.327497,4.691692
19.000000,226.000000,7.000000,0.234883,1.126003,2.103828,0.222396,5.198381,0.335354,5.265088
19.000000,227.000000,10.000000,0.261032,1.372965,2.512198,0.348542,6.850762,0.330540,6.850778
19.000000,228.000000,11.000000,0.235991,1.482418,2.766583,0.396081,7.064147,0.300140,7.165867
19.000000,229.000000,11.000000,0.239588,1.701101,3.047751,0.449903,8.264455,0.306086,8.399749
19.000000,230.000000,12.000000,0.260664,1.817717,5.159688,0.642876,10.742882,0.382119,10.850326
19.000000,231.000000,12.000000,0.237075,1.885447,5.353007,0.655630,11.533476,0.352083,11.549814
19.000000,232.000000,12.000000,0.259930,2.418321,6.960143,0.779834,15.461333,0.399891,15.337716
19.000000,233.000000,11.000000,0.236021,2.442944,5.166270,0.775527,17.189853,0.296781,17.081796
19.000000,234.000000,11.000000,0.235884,2.946271,5.990009,0.874612,21.504983,0.296047,21.308654
19.000000,235.000000,11.000000,0.261169,3.874911,7.827542,0.984238,29.601049,0.338987,29.172051
19.000000,236.000000,11.000000,0.234430,4.145899,8.921195,0.866038,33.348771,0.308976,32.607871
19.000000,237.000000,10.000000,0.257264,3.531548,8.370968,0.845890,26.390835,0.328332,26.143816
19.000000,238.000000,10.000000,0.238365,3.875085,8.512660,0.708076,30.486321,0.295778,30.016350
19.000000,239.000000,10.000000,0.238272,4.638938,9.587846,0.580782,38.781235,0.295700,37.992728
19.000000,240.000000,10.000000,0.261729,0.211872,0.436976,0.418089,0.813557,0.180591,0.545567
19.000000,241.000000,10.000000,0.236336,0.198338,0.372742,0.238665,0.593821,0.172038,0.468835
19.000000,242.000000,10.000000,0.239944,0.212463,0.398904,0.183630,0.428568,0.190320,0.445292
19.000000,243.000000,10.000000,0.263449,0.245231,0.487394,0.235083,0.506321,0.145886,0.653964
19.000000,244.000000,8.000000,0.238983,0.278210,0.362937,0.283160,0.391795,0.110140,0.602695
19.000000,245.000000,8.000000,0.263645,0.305090,0.391778,0.387501,0.369413,0.124870,0.659692
19.000000,246.000000,8.000000,0.246862,0.284615,0.353973,0.450001,0.431478,0.113175,0.613513
19.000000,247.000000,8.000000,0.240732,0.309636,0.385016,0.641685,0.421186,0.120769,0.659245
19.000000,248.000000,8.000000,0.261506,0.318457,0.503186,0.787219,0.481464,0.140785,0.780508
19.000000,249.000000,9.000000,0.235827,0.270058,0.574073,0.714303,0.444524,0.125360,0.801494
19.000000,250.000000,8.000000,0.264327,0.291361,0.565125,0.717895,0.495753,0.153701,0.887511
19.000000,251.000000,9.000000,0.236810,0.288814,0.566268,0.613682,0.524506,0.185458,0.773815
19.000000,252.000000,9.000000,0.235231,0.303856,0.627172,0.522767,0.574168,0.225471,0.807075
19.000000,253.000000,9.000000,0.265067,0.335069,0.670666,0.414415,0.480249,0.158910,0.907482
19.000000,254.000000,9.000000,0.239517,0.307371,0.527342,0.273126,0.477031,0.123138,0.769704
19.000000,255.000000,9.000000,0.238296,0.293050,0.483304,0.211381,0.567905,0.085816,0.680289
19.000000,256.000000,9.000000,0.265406,0.325939,0.517862,0.097866,0.678242,0.105194,0.720432
19.000000,257.000000,10.000000,0.241513,0.267061,0.488263,0.140034,0.726559,0.089306,0.642155
19.000000,258.000000,10.000000,0.268990,0.332694,0.645540,0.201987,0.951878,0.151772,0.933171
19.000000,259.000000,11.000000,0.244140,0.229309,0.771432,0.277341,0.948916,0.220522,0.910655
19.000000,260.000000,11.000000,0.242261,0.259163,0.762241,0.283872,0.916870,0.224348,0.891073
19.000000,261.000000,11.000000,0.267177,0.314347,0.798888,0.343372,0.959123,0.297237,0.957823
19.000000,262.000000,11.000000,0.241878,0.307350,0.743252,0.343434,0.886464,0.299638,0.842437
19.000000,263.000000,11.000000,0.270670,0.402702,1.003762,0.371001,1.067187,0.405392,1.032617
19.000000,264.000000,9.000000,0.248154,0.201700,0.725863,0.306167,0.932720,0.358647,0.880562
19.000000,265.000000,9.000000,0.252592,0.248317,0.699119,0.368940,0.886425,0.400858,0.850147
19.000000,266.000000,9.000000,0.278058,0.310543,0.823450,0.464902,1.031485,0.505518,0.971787
19.000000,267.000000,9.000000,0.249046,0.302691,0.780135,0.452623,0.989688,0.520957,0.893690
19.000000,268.000000,8.000000,0.248358,0.362231,0.573279,0.447843,0.977873,0.438126,0.954132
19.000000,269.000000,9.000000,0.276567,0.321249,0.728632,0.529666,1.174927,0.439492,1.090815
19.000000,270.000000,9.000000,0.250728,0.379473,0.811248,0.547229,1.175137,0.502027,1.130066
19.000000,271.000000,9.000000,0.283436,0.543683,1.031506,0.667731,1.290847,0.709456,1.418882
19.000000,272.000000,9.000000,0.254960,0.527766,1.040795,0.713496,1.455393,0.699855,1.358983
19.000000,273.000000,9.000000,0.250662,0.611849,1.019290,0.686795,1.631242,0.667877,1.553497
19.000000,274.000000,9.000000,0.285104,0.726280,1.038146,0.686638,2.168268,0.690462,2.151596
19.000000,275.000000,9.000000,0.261245,0.800436,0.817759,0.633362,2.378313,0.669055,2.389256
19.000000,276.000000,9.000000,0.290233,0.962547,0.931391,0.838204,3.328938,0.926270,3.346748
19.000000,277.000000,9.000000,0.264571,1.069842,1.016321,1.462336,4.875727,1.494450,4.962140
19.000000,278.000000,9.000000,0.268131,1.332347,1.256030,1.890219,6.084009,1.876481,6.081427
19.000000,279.000000,10.000000,0.306117,1.669766,1.674234,2.029573,7.895882,2.098220,8.155301
19.000000,280.000000,10.000000,0.278878,1.740165,1.642272,1.863761,8.398173,2.029598,8.872858
19.000000,281.000000,9.000000,0.283378,1.543946,1.958952,2.489377,11.211645,2.653460,11.499106
19.000000,282.000000,8.000000,0.312902,2.631609,3.372088,3.784726,15.850815,4.043727,16.421989
19.000000,283.000000,7.000000,0.280307,1.810181,2.629659,2.962768,12.492682,3.128157,13.120896
19.000000,284.000000,7.000000,0.307858,2.299415,3.509683,3.517298,17.234211,3.496801,17.638722
19.000000,285.000000,7.000000,0.280042,1.294775,2.812089,1.937313,7.991478,1.785578,7.950874
19.000000,286.000000,7.000000,0.276958,1.282223,2.911275,1.471149,10.019021,1.338932,9.961074
19.000000,287.000000,8.000000,0.301046,1.704202,3.750395,1.263191,13.501773,1.157390,13.100111
19.000000,288.000000,7.000000,0.268753,1.931137,2.699265,0.733258,13.945536,0.726602,14.196916
19.000000,289.000000,8.000000,0.260100,1.844746,3.693191,1.115446,16.847989,1.014395,16.898665
19.000000,290.000000,8.000000,0.273041,2.301752,4.853386,1.203431,22.179648,1.154797,21.973669
19.000000,291.000000,8.000000,0.240553,2.389374,5.229115,1.235706,23.932293,1.037631,23.504348
19.000000,292.000000,7.000000,0.260366,1.562605,2.875295,0.974173,6.622928,0.808142,6.653866
19.000000,293.000000,7.000000,0.235828,1.530017,2.819003,0.782207,6.699189,0.784982,6.610975
19.000000,294.000000,7.000000,0.234011,1.585416,2.903617,0.937625,7.298048,0.893153,7.178589
19.000000,295.000000,9.000000,0.257337,1.729960,4.437971,1.286333,8.851936,1.262767,8.678260
19.000000,296.000000,7.000000,0.229480,2.068223,3.290636,0.649619,8.902072,0.686424,8.468425
19.000000,297.000000,7.000000,0.267603,2.559610,4.050321,0.758431,11.013397,0.907444,10.789639
19.000000,298.000000,7.000000,0.267594,2.742362,4.294253,0.800099,11.843734,0.960615,11.581208
19.000000,299.000000,7.000000,0.186368,1.976968,3.104600,0.555021,8.374222,0.780908,8.102042
19.000000,300.000000,6.000000,0.249752,2.513434,3.531740,1.139054,12.732043,1.318382,12.240347
19.000000,301.000000,8.000000,0.233032,2.259563,6.153559,0.689805,12.704323,1.032385,12.478528
19.000000,302.000000,8.000000,0.230239,2.424551,6.485667,0.674551,14.163461,1.052250,13.717825
19.000000,303.000000,8.000000,0.250650,2.841945,7.428708,0.871912,16.638617,1.207917,16.065272
19.000000,304.000000,7.000000,0.232526,3.319459,6.325690,0.996761,16.544613,1.065970,16.012484
19.000000,305.000000,8.000000,0.255942,3.190900,7.646460,1.173068,19.175139,1.170638,19.200781
19.000000,306.000000,8.000000,0.229068,2.940955,6.955407,1.046483,17.767816,1.115485,18.021617
19.000000,307.000000,9.000000,0.229903,3.456757,8.199220,1.403300,18.577808,1.172942,19.489232
19.000000,308.000000,9.000000,0.232678,3.690093,8.338769,1.529457,20.116654,1.276526,21.200068
19.000000,309.000000,9.000000,0.186278,3.011755,6.503489,1.350950,15.436255,1.213351,15.982590
19.000000,310.000000,9.000000,0.183251,2.902625,6.094818,1.827274,14.506559,1.381994,15.612513
19.000000,311.000000,9.000000,0.154196,2.424092,5.202192,1.551548,12.675458,1.189267,13.647649
19.000000,312.000000,8.000000,0.139364,0.869597,1.979219,1.020823,4.326903,0.892345,4.600398
19.000000,313.000000,8.000000,0.145588,0.890795,2.020035,1.193391,4.375124,0.931261,4.804247
19.000000,314.000000,8.000000,0.125067,0.742972,1.632640,1.042612,3.449099,0.802208,3.958329
19.000000,315.000000,8.000000,0.125386,0.750375,1.564858,0.923524,3.266432,0.833909,3.656916
19.000000,316.000000,8.000000,0.102722,1.359360,2.537631,1.149741,7.187793,0.941839,7.967932
19.000000,317.000000,9.000000,0.094014,1.317689,2.804606,0.846230,6.266495,0.764895,7.136150
19.000000,318.000000,8.000000,0.089877,1.088358,2.033423,1.024997,5.549782,0.840114,6.299448
19.000000,319.000000,9.000000,0.075278,1.047333,1.797557,0.555596,4.214452,0.520775,4.720867
19.000000,320.000000,9.000000,0.073661,0.928648,1.591566,0.542541,3.629828,0.505015,4.282160
19.000000,321.000000,9.000000,0.079172,0.931097,1.585051,0.574318,3.613365,0.520094,4.319305
19.000000,322.000000,9.000000,0.068645,0.737028,1.226038,0.511097,2.862021,0.428983,3.395759
19.000000,323.000000,9.000000,0.074920,0.727732,1.217910,0.641134,2.798970,0.441547,3.449099
19.000000,324.000000,9.000000,0.067053,0.608604,1.021703,0.604805,2.329475,0.382950,2.875414
19.000000,325.000000,9.000000,0.067626,0.582890,0.987418,0.572694,2.255798,0.378450,2.723487
19.000000,326.000000,9.000000,0.074125,0.587403,0.993416,0.653885,2.256163,0.408529,2.767057
19.000000,327.000000,9.000000,0.067211,0.489663,0.817787,0.632616,1.851203,0.367731,2.343833
19.000000,328.000000,8.000000,0.074273,0.433020,0.772873,0.633542,2.096958,0.318478,2.505231
19.000000,329.000000,9.000000,0.069826,0.344784,0.869134,0.583725,1.934322,0.215206,2.453533
19.000000,330.000000,9.000000,0.071842,0.345996,0.836964,0.622757,1.847528,0.224477,2.420898
19.000000,331.000000,9.000000,0.080114,0.390992,0.899530,0.658987,2.019387,0.259051,2.583461
19.000000,332.000000,9.000000,0.072533,0.375893,0.791358,0.658829,1.691382,0.256763,2.197151
19.000000,333.000000,9.000000,0.078316,0.389742,0.834686,0.722428,1.716365,0.283608,2.258180
19.000000,334.000000,8.000000,0.069454,0.380439,0.680348,0.641863,1.446172,0.311272,1.879054
19.000000,335.000000,8.000000,0.067965,0.387007,0.659327,0.631292,1.327992,0.319226,1.716775
19.000000,336.000000,8.000000,0.075379,0.435892,0.717532,0.686917,1.358488,0.360658,1.791390
19.000000,337.000000,9.000000,0.069581,0.376685,0.680823,0.566305,1.194741,0.285907,1.554551
19.000000,338.000000,9.000000,0.070139,0.392680,0.672180,0.541663,1.193567,0.299639,1.489573
19.000000,339.000000,8.000000,0.076908,0.442438,0.689403,0.483518,1.322443,0.386954,1.503200
19.000000,340.000000,8.000000,0.068446,0.392060,0.609446,0.405083,1.184072,0.353264,1.231590
19.000000,341.000000,8.000000,0.072707,0.395256,0.648132,0.421037,1.277617,0.388535,1.220521
19.000000,342.000000,8.000000,0.064890,0.328147,0.576572,0.403331,1.158534,0.346879,1.020504
19.000000,343.000000,9.000000,0.065495,0.300595,0.591452,0.380793,1.148173,0.248289,0.998587
19.000000,344.000000,8.000000,0.073805,0.272473,0.290960,0.418268,0.816484,0.242508,1.071429
19.000000,345.000000,8.000000,0.070578,0.255342,0.278512,0.417322,0.659487,0.229549,0.914468
19.000000,346.000000,7.000000,0.082285,0.301382,0.201836,0.501633,0.738465,0.366055,1.037781
19.000000,347.000000,7.000000,0.078789,0.283312,0.202375,0.497492,0.663589,0.345598,0.952869
19.000000,348.000000,7.000000,0.082591,0.294805,0.214771,0.515764,0.678590,0.352523,0.962116
19.000000,349.000000,7.000000,0.095032,0.350979,0.249219,0.596835,0.779502,0.397691,1.088402
19.000000,350.000000,7.000000,0.090241,0.340701,0.249819,0.564385,0.739424,0.377521,1.015814
19.000000,351.000000,9.000000,0.093879,0.284644,0.770839,0.627822,1.499529,0.395130,1.239725
19.000000,352.000000,8.000000,0.106835,0.391639,0.467591,0.645237,0.848476,0.324926,1.173064
19.000000,353.000000,7.000000,0.100448,0.416168,0.323563,0.636799,0.817983,0.428100,1.101310
19.000000,354.000000,8.000000,0.114203,0.457567,0.546864,0.678356,0.906308,0.365858,1.280306
19.000000,355.000000,7.000000,0.107106,0.451132,0.408740,0.549325,0.881196,0.228672,1.223368
19.000000,356.000000,6.000000,0.109936,0.466117,0.454795,0.605117,0.963434,0.192388,1.288009
19.000000,357.000000,6.000000,0.125613,0.559099,0.549189,0.714481,1.114545,0.223232,1.506656
19.000000,358.000000,6.000000,0.118921,0.548995,0.546978,0.693079,1.091741,0.216257,1.445724
19.000000,359.000000,7.000000,0.137732,0.779134,0.783263,0.820675,1.385839,0.328723,1.743212
19.000000,360.000000,6.000000,0.131892,0.632045,0.682581,0.671330,1.421735,0.249425,1.715402
19.000000,361.000000,6.000000,0.138524,0.749231,1.059276,0.808619,1.591818,0.649096,1.882257
19.000000,362.000000,6.000000,0.158872,0.882427,1.236043,0.928162,1.949122,0.755334,2.259410
19.000000,363.000000,6.000000,0.150843,0.828278,1.151476,0.816367,1.918247,0.724692,2.156825
19.000000,364.000000,7.000000,0.156145,0.791546,1.580023,0.849935,2.165391,0.582554,2.560307
19.000000,365.000000,7.000000,0.175756,0.925416,1.883660,0.867812,2.728829,0.648489,3.052787
19.000000,366.000000,6.000000,0.163894,1.012592,1.475359,1.269859,2.778504,1.105070,2.988580
19.000000,367.000000,8.000000,0.186222,1.442403,2.752500,1.765276,3.441204,1.625998,3.629872
19.000000,368.000000,8.000000,0.175160,1.240323,2.754027,1.361535,3.451140,1.265702,3.596455
19.000000,369.000000,8.000000,0.180084,1.229907,2.547752,1.325695,3.890802,1.295052,3.881575
19.000000,370.000000,7.000000,0.204799,1.544076,2.753545,1.894746,4.130070,1.902237,4.115235
19.000000,371.000000,8.000000,0.191922,1.448992,2.287833,1.901552,4.172055,1.970800,4.105078
19.000000,372.000000,9.000000,0.216636,1.843227,3.046972,2.268016,5.096406,2.372019,5.006265
19.000000,373.000000,10.000000,0.202006,1.572444,3.185443,1.957790,5.488471,2.092570,5.522113
19.000000,374.000000,9.000000,0.206469,1.323978,3.894039,1.902045,6.017226,2.057702,6.081018
19.000000,375.000000,9.000000,0.231141,1.527994,4.724175,2.227248,7.394789,2.413315,7.457454
19.000000,376.000000,9.000000,0.214085,1.432452,4.688673,2.049877,7.310809,2.329813,7.458146
19.000000,377.000000,9.000000,0.217981,1.474419,5.023052,2.079833,7.956004,2.380988,8.169039
19.000000,378.000000,9.000000,0.244372,1.688172,5.815293,2.384108,9.617541,2.639867,9.847258
19.000000,379.000000,10.000000,0.226142,2.261779,5.179346,2.407992,9.730409,2.508208,9.861491
19.000000,380.000000,10.000000,0.250785,2.362997,6.309054,3.109701,12.174169,3.158723,12.154666
19.000000,381.000000,11.000000,0.230404,2.401510,6.798376,2.978997,12.503706,2.881442,12.312302
19.000000,382.000000,9.000000,0.233627,2.283374,5.679571,3.609724,13.988618,3.302329,13.853280
19.000000,383.000000,8.000000,0.260118,3.081177,5.587888,3.009605,21.857597,2.810486,21.705823
19.000000,384.000000,8.000000,0.235975,3.450125,6.096479,3.079403,22.619292,2.735712,22.103988
19.000000,385.000000,9.000000,0.258829,4.342167,8.550676,3.697781,28.922918,2.844623,27.667915
19.000000,386.000000,8.000000,0.236367,2.270826,6.511533,2.829309,19.538111,1.861061,18.963862
19.000000,387.000000,8.000000,0.237448,2.540601,7.204854,3.178887,22.387935,2.094409,21.446209
19.000000,388.000000,8.000000,0.261034,3.166840,8.912191,3.343359,29.910199,2.059213,27.963008
19.000000,389.000000,8.000000,0.236831,3.394238,8.888845,2.951586,31.253042,1.737646,29.690362
19.000000,390.000000,7.000000,0.236528,2.152998,2.899548,2.489377,13.344183,1.336435,12.317553
19.000000,391.000000,8.000000,0.254418,3.226196,5.014258,2.747065,15.453394,1.745138,14.103723
19.000000,392.000000,8.000000,0.230078,2.918083,4.765246,2.436288,14.545050,1.690732,13.558989
19.000000,393.000000,8.000000,0.248596,3.246157,5.497376,2.646981,16.559500,2.031490,15.960162
19.000000,394.000000,8.000000,0.229171,3.082123,5.405752,2.547286,16.590175,2.104373,15.972014
19.000000,395.000000,7.000000,0.229936,2.641892,4.625060,1.585395,17.968445,1.402776,17.806482
19.000000,396.000000,7.000000,0.250766,3.151943,5.158816,1.671516,20.959220,1.580457,20.797519
19.000000,397.000000,6.000000,0.229731,3.108156,3.461244,2.684800,19.747607,2.730375,20.267150
19.000000,398.000000,5.000000,0.229122,1.721796,1.716394,0.739608,4.653397,1.163600,5.280702
19.000000,399.000000,5.000000,0.253323,2.195150,1.998027,0.868581,6.399372,1.353468,6.850295
19.000000,400.000000,5.000000,0.228041,2.273239,2.984851,0.495671,8.393963,0.584167,8.417206
19.000000,401.000000,5.000000,0.249614,2.883820,3.465873,0.928798,10.832689,0.605326,10.854900
19.000000,402.000000,5.000000,0.224679,3.147226,3.660730,0.941710,11.614850,0.526655,11.801335
19.000000,403.000000,5.000000,0.226059,3.875503,4.362673,1.120209,14.213714,0.537030,14.919420
19.000000,404.000000,5.000000,0.248565,5.198152,5.732484,1.487793,19.455862,0.626664,21.115414
19.000000,405.000000,4.000000,0.225192,0.266206,0.087847,1.462618,1.492014,0.530620,0.373769
19.000000,406.000000,4.000000,0.223494,0.330191,0.117300,1.666245,1.247826,0.484315,0.268164
19.000000,407.000000,4.000000,0.244940,0.445881,0.170466,1.930325,1.314809,0.581412,0.329972
19.000000,408.000000,4.000000,0.222559,0.449482,0.180330,1.801660,1.198921,0.547703,0.358235
19.000000,409.000000,4.000000,0.244415,0.535241,0.226137,2.340831,1.178940,0.087816,1.234974
19.000000,410.000000,5.000000,0.225345,1.547748,2.663674,2.540951,9.064504,0.079769,11.889173
19.000000,411.000000,5.000000,0.231711,1.441388,2.619199,2.608998,9.941496,0.062501,12.496342
19.000000,412.000000,4.000000,0.265445,0.817336,0.414464,2.600806,1.704657,0.050227,2.588030
19.000000,413.000000,4.000000,0.249886,0.860544,0.462541,2.468588,1.099520,0.039537,2.969566
19.000000,414.000000,4.000000,0.256095,0.963538,0.550049,2.630581,0.669281,0.037284,3.469705
19.000000,415.000000,4.000000,0.288809,1.144708,0.696812,3.113914,0.596188,0.035463,4.438886
19.000000,416.000000,4.000000,0.269650,1.111582,0.721100,2.609021,1.654538,0.029467,4.734496
19.000000,417.000000,4.000000,0.302923,1.339576,0.913810,2.596842,3.381976,0.030709,6.221573
19.000000,418.000000,4.000000,0.281233,1.268838,0.911397,1.923624,4.622709,0.028185,6.519474
19.000000,419.000000,4.000000,0.285944,1.319999,1.023290,1.466806,6.409856,0.028326,7.666490
19.000000,420.000000,4.000000,0.319223,1.490142,1.210621,1.067711,8.858127,0.029192,9.629769
19.000000,421.000000,4.000000,0.295061,1.397003,1.183505,0.574894,9.539858,0.026407,9.887114
19.000000,422.000000,4.000000,0.331821,1.655428,1.473631,0.418009,12.487388,0.029061,12.694513
19.000000,423.000000,4.000000,0.320740,1.724211,1.623297,0.299726,14.068418,0.029191,14.137514
19.000000,424.000000,4.000000,0.328240,1.844106,1.847817,0.038563,16.718849,0.030678,16.679779
19.000000,425.000000,4.000000,0.358029,2.113323,2.197801,0.318513,20.102045,0.032643,20.787867
19.000000,426.000000,4.000000,0.320566,1.977083,2.125251,0.454425,19.712985,0.028904,20.925552
19.000000,427.000000,4.000000,0.398800,2.949468,3.288633,0.761850,31.014125,0.047890,33.223429
19.000000,428.000000,3.000000,0.363066,0.015769,0.015769,0.753907,0.039089,0.036706,0.044237
19.000000,429.000000,3.000000,0.375961,0.013623,0.013623,0.579890,0.039102,0.038903,0.049419
19.000000,430.000000,3.000000,0.405568,0.016680,0.016680,0.682266,0.062316,0.020360,0.031557
19.000000,431.000000,3.000000,0.379435,0.015795,0.015795,0.688253,0.055349,0.021551,0.024318
19.000000,432.000000,3.000000,0.394321,0.018764,0.018764,0.698534,0.141092,0.000987,0.119227
19.000000,433.000000,3.000000,0.378979,0.017435,0.017434,0.705931,0.130811,0.001281,0.100924
19.000000,434.000000,3.000000,0.387895,0.017873,0.017872,0.748026,0.135187,0.001934,0.099257
19.000000,435.000000,3.000000,0.432842,0.018891,0.018891,0.765156,0.161248,0.001009,0.118099
19.000000,436.000000,3.000000,0.395394,0.017231,0.017230,0.702081,0.160506,0.000311,0.113649
19.000000,437.000000,3.000000,0.462330,0.018136,0.018134,0.756747,0.167017,0.002142,0.116112
19.000000,438.000000,3.000000,0.414405,0.015680,0.015679,0.625039,0.164418,0.003117,0.115279
19.000000,439.000000,3.000000,0.427538,0.015382,0.015381,0.606237,0.167698,0.004811,0.116445
19.000000,440.000000,3.000000,0.460717,0.016954,0.016953,0.620075,0.205217,0.005033,0.148984
19.000000,441.000000,3.000000,0.426124,0.017322,0.017320,0.639581,0.213838,0.005081,0.145437
19.000000,442.000000,3.000000,0.442076,0.017598,0.017597,0.584480,0.217377,0.005918,0.152421
19.000000,443.000000,3.000000,0.501481,0.019388,0.019387,0.565023,0.250345,0.007101,0.182905
19.000000,444.000000,3.000000,0.447322,0.016757,0.016756,0.418574,0.227909,0.006489,0.180228
19.000000,445.000000,3.000000,0.495610,0.019701,0.019700,0.508491,0.264445,0.010365,0.203223
19.000000,446.000000,3.000000,0.459077,0.017468,0.017467,0.398090,0.231229,0.012426,0.184501
19.000000,447.000000,3.000000,0.458569,0.015956,0.015955,0.285302,0.206677,0.015149,0.186581
19.000000,448.000000,3.000000,0.499942,0.014980,0.014979,0.093707,0.043229,0.020788,0.215275
19.000000,449.000000,4.000000,0.446794,0.202444,0.376064,0.128400,0.679179,0.120861,0.677802
19.000000,450.000000,4.000000,0.486732,0.197998,0.370010,0.184945,0.561543,0.130430,0.672387
19.000000,451.000000,4.000000,0.447282,0.200163,0.376244,0.167985,0.605992,0.124238,0.694611
19.000000,452.000000,4.000000,0.430844,0.170037,0.319176,0.165002,0.486945,0.117453,0.584881
19.000000,453.000000,4.000000,0.483154,0.242018,0.454781,0.228295,0.656220,0.144090,0.835865
19.000000,454.000000,4.000000,0.435809,0.225984,0.424188,0.191084,0.661770,0.132065,0.775038
19.000000,455.000000,4.000000,0.434462,0.233098,0.439831,0.137543,0.791920,0.125011,0.788060
19.000000,456.000000,4.000000,0.475649,0.272979,0.516704,0.254988,0.703521,0.132309,0.936183
19.000000,457.000000,4.000000,0.433537,0.284548,0.539512,0.232576,0.747366,0.119394,0.982788
19.000000,458.000000,4.000000,0.474394,0.326302,0.619429,0.297673,0.773151,0.126124,1.134373
19.000000,459.000000,6.000000,0.420090,0.633387,0.722304,0.616312,1.726996,0.657928,1.552399
19.000000,460.000000,6.000000,0.407716,0.608095,0.874168,0.870216,1.207207,0.879377,1.338989
19.000000,461.000000,6.000000,0.446795,0.678541,0.895626,0.952376,1.585270,0.950961,1.559441
19.000000,462.000000,6.000000,0.413630,0.690480,0.757877,0.728695,1.589824,0.732662,1.607935
19.000000,463.000000,6.000000,0.456396,0.891371,0.870133,0.780857,1.568576,0.770029,1.870694
19.000000,464.000000,6.000000,0.415268,0.885387,0.833968,0.925224,1.473417,0.724894,1.730720
19.000000,465.000000,6.000000,0.396336,0.719432,0.856946,1.083072,0.958090,0.840826,1.516569
19.000000,466.000000,6.000000,0.446290,1.036619,0.996446,1.371169,1.369103,0.883460,1.823777
19.000000,467.000000,6.000000,0.397691,1.035987,0.920511,1.399404,1.232634,0.762664,1.637665
19.000000,468.000000,6.000000,0.394693,1.160641,0.976008,1.551163,1.445745,0.765692,1.633324
19.000000,469.000000,6.000000,0.428446,1.379661,1.093378,1.726400,1.755095,0.882927,1.781095
19.000000,470.000000,6.000000,0.390538,1.250880,1.015220,1.553381,1.542410,0.815571,1.592027
19.000000,471.000000,6.000000,0.425305,1.275328,1.231169,1.684343,1.422570,0.842716,1.629648
19.000000,472.000000,6.000000,0.374211,1.170710,1.107303,1.500947,1.337532,0.770950,1.416749
19.000000,473.000000,6.000000,0.370266,1.219921,1.089068,1.481033,1.423819,0.818813,1.411643
19.000000,474.000000,7.000000,0.406576,1.444007,1.684293,1.840676,2.457504,1.041930,3.445392
19.000000,475.000000,7.000000,0.366685,1.346412,1.579690,1.584074,2.054431,0.982499,2.915808
19.000000,476.000000,7.000000,0.395527,1.215755,1.659674,1.766977,1.379768,0.996850,2.587802
19.000000,477.000000,7.000000,0.338991,1.030898,1.662143,1.429812,2.959809,1.028554,3.195357
19.000000,478.000000,7.000000,0.335590,1.120819,1.826463,1.502749,2.859711,1.154765,3.096360
19.000000,479.000000,8.000000,0.371818,1.703130,2.446763,1.717624,3.914776,1.366977,3.783503
19.000000,480.000000,7.000000,0.325208,0.934994,2.399175,1.511600,1.715245,1.582085,2.065248
19.000000,481.000000,7.000000,0.355110,1.169320,2.447979,1.588765,2.091260,1.626577,2.554503
19.000000,482.000000,7.000000,0.313480,0.969632,2.549785,1.886381,2.047412,1.679786,2.481609
19.000000,483.000000,7.000000,0.301442,1.179595,2.181883,1.701335,1.724290,1.388667,2.213008
19.000000,484.000000,7.000000,0.322469,1.406001,2.684256,1.743549,2.601132,1.495344,2.910128
19.000000,485.000000,7.000000,0.304170,2.775840,2.453234,2.085607,4.206092,1.972905,4.230307
19.000000,486.000000,6.000000,0.308166,3.261101,3.090137,2.833891,5.188301,2.813058,5.194409
19.000000,487.000000,6.000000,0.335450,3.752104,3.665796,3.558496,6.555307,3.620139,6.539458
19.000000,488.000000,7.000000,0.281838,2.385322,3.276690,1.403572,7.238736,1.253304,7.444131
19.000000,489.000000,8.000000,0.303352,2.878882,4.669271,1.380614,12.759310,1.410815,13.225828
19.000000,490.000000,7.000000,0.268758,2.066779,2.970457,0.546855,5.611808,0.718585,5.516248
19.000000,491.000000,7.000000,0.273544,3.227784,3.109112,0.455316,7.877686,0.338948,7.591053
19.000000,492.000000,7.000000,0.278441,1.254458,2.680225,0.641404,6.054052,0.502072,5.686759
19.000000,493.000000,7.000000,0.252045,2.163570,2.401376,1.430711,3.497853,2.006729,3.303714
19.000000,494.000000,8.000000,0.242918,1.754773,1.714747,2.159061,3.658947,2.281457,4.301131
19.000000,495.000000,8.000000,0.268098,2.291802,1.764031,2.405466,4.613744,2.699102,5.573279
19.000000,496.000000,8.000000,0.238654,2.094226,2.578830,1.862604,6.969267,2.243017,7.927150
19.000000,497.000000,8.000000,0.261214,3.060160,4.455279,1.970383,10.908815,2.232559,12.271984
19.000000,498.000000,7.000000,0.232996,1.572782,1.363990,0.959972,3.445905,1.331364,3.210162
19.000000,499.000000,8.000000,0.230157,1.588216,1.943583,1.105636,4.671753,1.368804,4.431757
19.000000,500.000000,7.000000,0.268234,3.404368,3.877012,0.641698,8.748297,1.331075,8.206748
19.000000,501.000000,7.000000,0.235368,1.723788,2.742981,0.545822,6.580590,0.376899,6.074561
19.000000,502.000000,7.000000,0.256390,2.656870,3.885176,3.233121,3.190116,2.995595,2.315613
19.000000,503.000000,8.000000,0.224533,2.151645,4.656930,2.990837,4.441271,3.027996,3.449805
19.000000,504.000000,7.000000,0.238931,5.675330,5.198105,4.605047,7.158926,5.316107,6.541291
19.000000,505.000000,7.000000,0.254983,3.552922,4.853530,4.372391,4.369520,4.669500,4.242736
19.000000,506.000000,6.000000,0.241508,5.170064,4.614495,5.099636,4.926772,5.575607,4.806880
19.000000,507.000000,6.000000,0.224040,3.820718,4.599042,4.599269,4.480182,4.492203,5.543717
19.000000,508.000000,6.000000,0.247005,5.335421,5.116962,4.770521,7.850256,5.394509,7.094157
19.000000,509.000000,6.000000,0.265009,7.271586,6.529254,6.192918,9.082839,6.730117,8.587390
19.000000,510.000000,5.000000,0.294735,6.228353,6.281601,6.933516,8.574263,7.568005,7.775685
19.000000,511.000000,5.000000,0.238603,4.241451,4.027634,5.425875,7.993678,4.714063,8.704717
19.000000,512.000000,6.000000,0.228816,5.092423,5.276064,5.480250,7.407944,4.945096,8.024213
19.000000,513.000000,6.000000,0.250059,5.860130,6.149179,6.356407,8.522846,5.796345,9.054900
19.000000,514.000000,6.000000,0.239400,6.480682,6.461635,6.889921,8.985965,6.447733,9.369204
19.000000,515.000000,7.000000,0.778262,17.939377,32.973770,28.408951,35.037191,28.048097,35.681471
19.000000,516.000000,5.000000,0.412160,7.225161,16.602725,11.190688,15.964965,10.865273,16.063096
19.000000,517.000000,5.000000,0.239844,3.370769,2.505016,4.543385,6.590615,4.210647,6.838558
19.000000,518.000000,5.000000,0.235795,2.344396,1.635243,2.526726,5.215196,2.579587,5.439184
19.000000,519.000000,5.000000,0.280924,7.197991,8.561752,11.769104,12.618317,11.554855,12.748865
19.000000,520.000000,6.000000,0.224436,5.139915,2.908577,5.198375,8.326169,5.163366,8.475506
19.000000,521.000000,6.000000,0.276189,9.135440,7.151584,8.427086,11.296448,8.449149,11.246111
19.000000,522.000000,6.000000,0.224075,2.860482,1.826878,3.934974,4.540873,3.941330,4.349223
19.000000,523.000000,7.000000,0.255953,4.817846,5.240251,4.308388,5.036433,4.444035,4.698508
19.000000,524.000000,7.000000,0.208602,2.741909,5.471934,2.848143,7.017262,3.101900,6.338685
19.000000,525.000000,7.000000,0.202154,2.304924,5.231322,3.112814,6.852164,2.930817,6.112943
19.000000,526.000000,7.000000,0.219186,2.707337,6.005666,3.154198,8.129046,3.274310,7.149948
19.000000,527.000000,7.000000,0.191957,1.131407,4.621083,4.068653,7.178537,4.027847,6.367634
19.000000,528.000000,7.000000,0.216500,2.614499,5.908217,4.875687,7.351582,5.309474,7.181066
19.000000,529.000000,6.000000,0.189875,2.865968,1.523922,5.309431,6.628473,5.347957,6.428285
19.000000,530.000000,7.000000,0.189260,2.197065,5.365277,5.613044,8.896505,5.281944,9.155572
19.000000,531.000000,7.000000,0.200871,3.067306,6.223633,5.808820,6.658916,5.468849,7.080536
19.000000,532.000000,7.000000,0.179268,2.586089,5.412156,5.063848,5.789778,4.784166,6.357805
19.000000,533.000000,8.000000,0.185824,3.167050,3.881535,4.038093,7.382130,3.875240,8.119039
19.000000,534.000000,7.000000,0.160491,2.721709,5.341170,5.867193,8.093813,5.582608,8.331342
19.000000,535.000000,7.000000,0.156028,2.182782,4.307255,5.904640,6.794631,5.618352,7.324072
19.000000,536.000000,8.000000,0.168564,2.939856,5.115442,4.121983,8.572126,4.017981,9.091669
19.000000,537.000000,8.000000,0.148114,2.227866,4.062397,3.496864,6.873570,3.275019,7.819794
19.000000,538.000000,7.000000,0.171143,4.462335,3.415921,2.380287,9.034710,2.295381,9.302898
19.000000,539.000000,7.000000,0.155010,3.051016,0.855129,2.293604,7.806861,2.119409,7.887067
19.000000,540.000000,6.000000,0.149283,2.539544,1.543677,4.382326,7.236467,4.257274,7.273001
19.000000,541.000000,7.000000,0.180125,4.613875,3.770534,10.586373,11.278859,10.286453,12.256114
19.000000,542.000000,7.000000,0.152496,3.564446,2.918084,8.453067,9.813944,8.251283,10.673948
19.000000,543.000000,7.000000,0.154492,3.045255,2.396475,7.485026,10.207624,7.465059,11.265437
19.000000,544.000000,7.000000,0.127890,0.714926,1.568688,3.627166,7.880506,3.473846,8.651300
19.000000,545.000000,8.000000,0.128708,1.264117,3.999484,1.905494,7.058586,1.632011,8.179004
19.000000,546.000000,7.000000,0.147410,2.392201,2.443233,1.832253,3.838180,1.674196,4.146453
19.000000,547.000000,8.000000,0.140816,2.364162,3.156313,1.551149,4.772462,1.600804,5.147528
19.000000,548.000000,8.000000,0.124107,2.230427,2.525218,0.926946,5.497908,1.039691,5.881767
19.000000,549.000000,7.000000,0.135765,2.711604,2.309525,1.231944,6.539491,1.468723,6.591602
19.000000,550.000000,7.000000,0.122920,2.124269,1.544934,0.948467,5.069168,1.211723,5.124179
19.000000,551.000000,7.000000,0.134553,2.316598,1.630673,1.075905,5.500315,1.310150,5.520283
19.000000,552.000000,7.000000,0.122219,1.855529,1.376811,1.014321,4.535426,1.128054,4.527378
19.000000,553.000000,7.000000,0.114234,1.754512,2.593589,1.758599,5.590809,1.811146,5.623667
19.000000,554.000000,9.000000,0.125489,1.518392,3.738184,1.419192,6.447729,1.485744,6.478121
19.000000,555.000000,9.000000,0.130364,2.361582,2.559153,1.695523,6.353926,1.698369,6.370029
19.000000,556.000000,9.000000,0.150312,2.990382,2.399065,1.843471,6.503812,1.847781,6.536418
19.000000,557.000000,12.000000,0.126516,1.490624,2.799620,1.009400,5.290381,1.009613,5.298693
19.000000,558.000000,10.000000,0.137849,3.104719,5.059914,2.461681,9.472983,2.440098,9.498675
19.000000,559.000000,11.000000,0.137597,2.113724,3.982765,1.833716,7.385751,1.757182,7.416546
19.000000,560.000000,9.000000,0.119451,1.376948,2.690222,1.494390,5.580476,1.496718,5.584490
19.000000,561.000000,10.000000,0.134837,1.096456,2.763017,1.269661,4.811649,1.268317,4.855729
19.000000,562.000000,9.000000,0.120137,1.358932,2.406187,1.233082,5.439270,1.152873,5.592490
19.000000,563.000000,10.000000,0.123968,1.600506,2.960856,1.193342,5.787913,1.182358,5.880646
19.000000,564.000000,10.000000,0.138894,1.291565,2.374871,0.581354,5.053112,0.587214,5.094822
19.000000,565.000000,8.000000,0.127220,1.139902,1.619865,0.881373,3.864294,0.884229,3.881127
19.000000,566.000000,8.000000,0.123056,1.087600,2.177673,0.978754,4.144374,0.981129,4.148017
19.000000,567.000000,10.000000,0.134236,0.877205,3.174459,0.891751,5.770390,0.890385,5.819244
19.000000,568.000000,8.000000,0.124010,1.178984,2.404459,1.260819,5.249341,1.233469,5.328522
19.000000,569.000000,9.000000,0.149429,2.465173,3.697783,2.051904,6.726540,2.039540,6.846461
19.000000,570.000000,10.000000,0.131226,1.380216,2.916930,1.583514,5.140184,1.574448,5.209944
19.000000,571.000000,10.000000,0.127297,1.084624,2.038819,1.448385,3.964396,1.423163,4.038570
19.000000,572.000000,10.000000,0.132954,1.232351,2.398495,1.303946,5.135090,1.311922,5.150656
19.000000,573.000000,9.000000,0.120923,1.232096,2.459143,1.514707,5.392760,1.520883,5.444478
19.000000,574.000000,9.000000,0.133679,1.414393,2.407593,1.433585,4.867278,1.441872,4.903322
19.000000,575.000000,10.000000,0.126458,1.289825,2.255913,1.505227,3.854960,1.498611,3.891279
19.000000,576.000000,10.000000,0.121704,1.075674,1.712963,1.211315,3.159741,1.229278,3.257446
19.000000,577.000000,10.000000,0.132352,0.906922,1.450817,0.978798,3.175906,0.992258,3.320246
19.000000,578.000000,10.000000,0.122160,1.076309,1.589219,1.090299,2.641840,0.964280,2.743915
19.000000,579.000000,11.000000,0.141399,1.206820,3.028049,1.481336,3.318817,1.504476,3.472164
19.000000,580.000000,9.000000,0.133155,1.031319,2.746445,1.301446,3.581296,1.696424,3.670391
19.000000,581.000000,10.000000,0.127813,1.143868,2.504255,1.226077,3.459422,1.210199,3.443082
19.000000,582.000000,8.000000,0.133279,1.073691,1.560155,1.637820,3.348769,1.628492,3.270370
19.000000,583.000000,9.000000,0.118376,1.020507,2.256514,1.185959,3.623433,1.035887,3.442613
19.000000,584.000000,9.000000,0.128990,1.053214,2.228501,1.505978,3.772958,1.218326,3.547144
19.000000,585.000000,10.000000,0.115871,0.885980,2.376745,1.280411,3.514915,1.072794,3.251055
19.000000,586.000000,8.000000,0.121431,1.115962,2.272383,1.072188,4.208832,0.995368,3.907593
19.000000,587.000000,9.000000,0.134326,1.472712,2.523356,1.448637,5.062563,1.324749,4.644048
19.000000,588.000000,9.000000,0.119216,0.892098,2.007434,1.084366,4.305606,0.764585,3.859101
19.000000,589.000000,12.000000,0.125739,0.762602,2.505547,1.011689,4.056748,0.752856,3.410759
19.000000,590.000000,12.000000,0.114812,0.878496,2.028303,1.208151,3.052642,1.201774,2.604501
19.000000,591.000000,12.000000,0.110090,0.762105,1.205061,0.898214,2.541027,1.060060,2.281721
19.000000,592.000000,10.000000,0.124932,0.646329,0.946490,0.661809,2.619308,0.792985,2.912860
19.000000,593.000000,10.000000,0.117298,0.455488,0.804825,0.698528,2.270479,0.675835,2.555340
19.000000,594.000000,10.000000,0.121217,0.610879,0.942297,0.867933,2.362903,0.869968,2.781250
19.000000,595.000000,11.000000,0.130145,0.823674,1.106271,0.998511,3.230328,1.164794,3.563082
19.000000,596.000000,10.000000,0.120291,0.858426,0.970736,1.095618,3.132522,1.201387,3.378777
19.000000,597.000000,10.000000,0.140205,0.959362,1.108155,1.328134,3.460651,1.425152,3.794680
19.000000,598.000000,8.000000,0.129956,0.741676,0.937556,1.155610,3.132474,1.168742,3.219955
19.000000,599.000000,10.000000,0.130472,0.937977,0.996857,1.013817,3.570302,1.015823,3.458942
19.000000,600.000000,9.000000,0.144603,0.969099,0.972969,1.168159,4.093232,1.198486,3.940148
19.000000,601.000000,9.000000,0.149982,1.776944,1.396497,2.354766,5.008142,2.414429,4.684985
19.000000,602.000000,9.000000,0.157309,1.638569,1.079473,2.049799,5.211144,2.169389,4.784060
19.000000,603.000000,9.000000,0.141606,1.388772,1.003508,1.793726,4.994924,1.847992,4.735587
19.000000,604.000000,9.000000,0.139295,1.032515,1.054336,1.313162,4.689872,1.463764,4.348227
19.000000,605.000000,9.000000,0.156380,1.354458,1.161613,1.634414,5.558829,1.808108,5.205118
19.000000,606.000000,8.000000,0.135542,1.485660,1.530312,1.695716,5.554744,1.697993,5.412156
19.000000,607.000000,9.000000,0.154581,1.566177,1.656302,2.164080,6.364120,2.188493,6.192439
19.000000,608.000000,8.000000,0.135041,1.145927,0.960883,1.584213,5.035839,1.530354,5.250052
19.000000,609.000000,9.000000,0.122199,0.958895,0.886088,1.168593,4.588429,1.097458,5.160937
19.000000,610.000000,10.000000,0.117203,1.027697,1.959929,0.903987,4.942708,0.957169,5.140277
19.000000,611.000000,10.000000,0.097340,0.841723,1.375435,0.935406,3.653843,0.963333,4.224880
19.000000,612.000000,10.000000,0.084103,0.797592,1.382431,0.712229,3.385026,0.894688,3.888779
19.000000,613.000000,12.000000,0.079097,0.405224,1.528317,0.364481,2.971955,0.469583,3.129820
19.000000,614.000000,12.000000,0.063938,0.383053,1.002006,0.451892,2.073282,0.409747,2.397694
19.000000,615.000000,11.000000,0.057444,0.496028,0.876760,0.567583,1.795831,0.403607,2.276258
19.000000,653.000000,8.000000,0.057313,0.564175,1.111611,0.156031,2.803345,0.146213,2.831506
19.000000,654.000000,8.000000,0.061082,0.594887,1.177939,0.185176,2.996500,0.172023,3.018289
19.000000,655.000000,9.000000,0.084156,0.733088,2.110185,0.303265,4.087330,0.296658,4.104399
19.000000,657.000000,9.000000,0.059091,0.558312,1.580646,0.349684,2.883056,0.345993,2.892426
19.000000,659.000000,8.000000,0.065220,0.758145,1.239804,0.386974,3.045473,0.390067,3.053385
19.000000,711.000000,7.000000,0.061072,0.479505,0.932042,0.635562,1.264928,0.632336,1.275827
19.000000,712.000000,6.000000,0.085746,0.381704,0.542456,0.661628,1.706031,0.654352,1.676385
19.000000,713.000000,7.000000,0.096598,0.600234,0.680048,0.479299,3.255411,0.429388,3.162739
19.000000,714.000000,6.000000,0.126598,0.559219,0.610219,0.418394,3.379613,0.386755,3.255389
19.000000,715.000000,6.000000,0.133884,0.604602,0.623537,0.478150,3.392890,0.459397,3.292595
19.000000,716.000000,7.000000,0.151574,0.906171,0.937129,0.550476,4.426133,0.529098,4.385977
19.000000,717.000000,7.000000,0.181536,1.315606,1.326190,0.933436,5.824815,0.783331,5.735171
19.000000,718.000000,7.000000,0.181151,1.282021,1.368776,0.949580,5.425652,0.665113,5.277720
19.000000,719.000000,7.000000,0.211466,1.481292,1.634239,1.084746,6.365997,0.735632,6.214189
19.000000,720.000000,8.000000,0.205250,1.388391,1.643597,0.641217,6.893671,0.460505,6.504141
19.000000,721.000000,9.000000,0.214362,1.598732,2.747229,0.724801,7.732222,0.567459,7.345922
19.000000,722.000000,9.000000,0.242985,2.115516,2.980840,1.089919,9.426038,0.638585,8.931080
19.000000,723.000000,9.000000,0.224770,1.957212,2.836150,1.006956,8.962492,0.552767,8.473324
19.000000,724.000000,9.000000,0.245491,2.218966,3.156699,1.042946,10.514067,0.610217,10.010149
19.000000,725.000000,9.000000,0.223798,2.185736,3.342434,0.785897,10.706108,0.285188,10.949371
19.000000,726.000000,8.000000,0.216252,1.942622,2.252822,0.774394,11.836947,0.320031,11.718168
19.000000,727.000000,9.000000,0.221339,1.595109,3.089545,0.640840,12.661397,0.377821,12.961258
19.000000,728.000000,9.000000,0.172543,1.501542,3.086934,0.823941,11.245792,0.381659,11.325266
19.000000,729.000000,9.000000,0.148173,1.175171,2.459691,0.504460,9.537469,0.267946,9.507674
19.000000,730.000000,8.000000,0.136499,1.545954,2.255487,0.826659,9.170691,0.776492,9.185799
19.000000,731.000000,8.000000,0.105396,1.357966,2.046655,0.811581,7.197373,0.716485,7.016670
19.000000,732.000000,8.000000,0.112536,1.371586,1.955860,0.910836,7.793487,0.854504,7.484041
19.000000,733.000000,9.000000,0.104009,0.949267,1.828902,0.415248,6.954699,0.230926,6.683392
19.000000,734.000000,8.000000,0.106979,1.303360,2.220307,0.898949,6.951318,0.872566,6.829503
19.000000,735.000000,8.000000,0.118762,1.502314,2.686639,1.027186,7.780928,1.033097,7.719896
19.000000,736.000000,8.000000,0.109060,1.403456,2.394421,0.985564,7.409614,1.023108,7.342828
19.000000,737.000000,8.000000,0.122603,1.724418,2.932076,1.114979,8.595847,1.195443,8.556329
19.000000,738.000000,8.000000,0.112155,1.583681,2.843398,1.006570,7.810571,1.124793,7.756433
19.000000,739.000000,8.000000,0.113053,1.615887,2.820070,1.124555,7.074099,0.958883,6.630202
19.000000,740.000000,8.000000,0.122967,1.744731,3.051566,1.303664,8.629479,1.560234,8.331514
19.000000,741.000000,8.000000,0.118190,1.936268,3.118192,1.295761,9.106860,1.532187,8.807610
19.000000,742.000000,8.000000,0.130971,2.056955,3.644113,1.315740,10.045783,1.634866,9.782693
19.000000,743.000000,8.000000,0.159491,2.599594,4.635894,1.550865,12.288070,2.100422,12.060562
19.000000,744.000000,7.000000,0.160857,2.140169,2.699182,1.374603,12.119928,0.275700,11.878868
19.000000,745.000000,7.000000,0.192742,2.713143,3.179156,1.475019,16.191859,0.320705,15.777556
19.000000,746.000000,7.000000,0.187684,2.387136,2.889769,1.366788,15.804852,0.286764,15.290416
19.000000,747.000000,7.000000,0.201212,2.667937,3.260330,1.525186,17.949677,0.311281,17.319607
19.000000,748.000000,6.000000,0.236060,2.782193,3.907133,1.454811,22.846314,0.306007,22.063822
19.000000,749.000000,6.000000,0.226302,2.669377,3.821334,1.344097,23.625388,0.211486,22.778703
19.000000,750.000000,6.000000,0.263483,3.232632,4.912507,1.799230,30.602167,0.308024,29.632367
19.000000,751.000000,5.000000,0.248758,1.552659,2.132654,1.359778,8.268985,0.215791,9.827290
19.000000,752.000000,5.000000,0.253124,1.540096,2.179748,0.975053,9.330260,0.270931,10.547778
19.000000,753.000000,4.000000,0.274755,1.629306,1.599291,0.790189,11.197710,0.218829,12.088472
19.000000,754.000000,4.000000,0.247796,1.471848,1.438436,0.358035,11.142184,0.212102,11.482236
19.000000,755.000000,4.000000,0.248329,1.485660,1.441333,0.298906,12.080434,0.230309,12.255431
19.000000,756.000000,4.000000,0.270633,1.468759,1.452242,0.299227,14.130637,0.307408,14.115879
19.000000,757.000000,4.000000,0.244728,1.167600,1.206347,0.343385,12.116838,0.305304,12.300459
19.000000,758.000000,4.000000,0.268503,1.245192,1.316915,0.553497,13.565735,0.383551,13.771824
19.000000,759.000000,4.000000,0.246002,1.129136,1.229406,0.374168,12.469915,0.400940,12.706047
19.000000,760.000000,3.000000,0.246825,1.129129,1.121530,0.283220,12.394558,0.166493,12.741880
19.000000,761.000000,4.000000,0.270724,1.249375,1.452124,0.688528,14.303887,0.386828,14.776989
19.000000,762.000000,3.000000,0.252020,1.165714,1.160809,0.345834,13.448531,0.298539,13.455995
19.000000,763.000000,3.000000,0.287177,1.335761,1.331967,0.519758,15.934007,0.426920,16.435015
19.000000,764.000000,3.000000,0.269313,1.259611,1.256200,0.623384,15.722109,0.496394,16.745780
19.000000,765.000000,3.000000,0.276569,1.346572,1.345446,0.824394,16.806505,0.420462,17.417216
19.000000,766.000000,3.000000,0.315030,1.497593,1.497157,1.157084,18.328777,0.639992,19.556579
19.000000,767.000000,3.000000,0.290992,1.483249,1.483234,1.051188,18.258346,0.782123,18.928041
19.000000,768.000000,3.000000,0.313260,1.719636,1.719294,1.162118,22.656613,0.964579,22.759126
19.000000,769.000000,3.000000,0.292692,1.583617,1.581741,1.163895,24.082392,1.110235,24.286943
19.000000,770.000000,3.000000,0.298558,1.628747,1.621129,1.267679,25.677760,1.368273,26.194942
19.000000,771.000000,3.000000,0.337944,1.962792,1.942886,2.022528,30.171292,2.172977,30.941209
19.000000,772.000000,3.000000,0.314431,2.003555,1.965452,2.528311,30.371990,2.631051,30.871989
19.000000,937.000000,3.000000,0.068125,0.192654,0.192448,0.089060,1.091213,0.080403,1.097035
19.000000,938.000000,3.000000,0.064125,0.175263,0.174977,0.102744,0.970840,0.065783,0.995870
19.000000,939.000000,3.000000,0.057594,0.162070,0.161676,0.068362,0.923753,0.045328,0.941106
19.000000,957.000000,4.000000,0.052723,0.301008,0.307856,0.293189,0.479134,0.285820,0.477223
19.000000,959.000000,4.000000,0.056951,0.272029,0.440165,0.268989,0.432169,0.282059,0.446836
19.000000,960.000000,4.000000,0.054279,0.251692,0.397159,0.263570,0.440133,0.256881,0.442865
19.000000,961.000000,4.000000,0.058304,0.273632,0.404411,0.273213,0.558771,0.261468,0.553410
19.000000,962.000000,4.000000,0.070163,0.382970,0.514719,0.278936,0.854683,0.319329,0.869583
19.000000,963.000000,4.000000,0.069492,0.413401,0.540351,0.273251,0.939467,0.318725,0.951665
19.000000,964.000000,4.000000,0.074680,0.470603,0.630270,0.325589,1.121208,0.351753,1.128139
19.000000,965.000000,4.000000,0.085315,0.617803,0.775909,0.373301,1.412307,0.418751,1.428565
19.000000,966.000000,4.000000,0.078611,0.671756,0.834650,0.404649,1.556579,0.408144,1.566182
19.000000,967.000000,4.000000,0.087156,0.837464,1.088511,0.514833,2.106090,0.477052,2.098467
19.000000,968.000000,4.000000,0.082031,0.877458,1.115033,0.476643,2.272196,0.458627,2.259315
19.000000,969.000000,3.000000,0.087098,0.153497,0.152795,0.277460,0.446645,0.307486,0.522985
19.000000,970.000000,3.000000,0.101698,0.191671,0.190954,0.317212,0.342975,0.403149,0.554684
19.000000,971.000000,3.000000,0.094890,0.211801,0.211167,0.765923,0.800301,0.798538,0.983610
19.000000,972.000000,3.000000,0.106541,0.256628,0.255960,0.967854,1.056515,0.971522,1.205311
19.000000,973.000000,3.000000,0.099186,0.253317,0.252738,0.536805,0.457294,0.518190,0.501658
19.000000,974.000000,4.000000,0.100739,1.696121,1.616412,0.693890,4.615285,0.672565,4.783854
19.000000,975.000000,3.000000,0.111809,0.432825,0.432039,0.797209,0.547194,0.767292,0.362753
19.000000,976.000000,3.000000,0.103916,0.466497,0.465656,0.639992,0.553829,0.690986,0.377304
19.000000,977.000000,3.000000,0.106906,2.588296,1.660222,1.037034,4.445929,0.942435,4.532424
19.000000,978.000000,3.000000,0.120143,1.978304,1.210252,1.313523,4.517036,1.261577,4.576239
19.000000,979.000000,3.000000,0.105238,1.894723,1.290334,1.429443,3.654457,1.338322,3.685515
20.000000,1.000000,11.000000,0.378237,1.614119,3.531637,0.350905,14.265150,0.342401,14.260964
20.000000,2.000000,10.000000,0.341326,1.316173,3.001885,0.323964,13.028141,0.335942,13.082523
20.000000,3.000000,9.000000,0.338652,0.763186,0.982059,0.286260,2.640475,0.267811,2.634262
20.000000,4.000000,9.000000,0.370047,0.852823,1.126902,0.292130,3.001276,0.291466,3.009403
20.000000,5.000000,9.000000,0.333823,0.767350,1.067505,0.296471,2.771756,0.265741,2.819353
20.000000,6.000000,9.000000,0.330998,0.792583,1.134409,0.261138,2.931419,0.275383,2.950098
20.000000,7.000000,10.000000,0.360105,0.815360,1.340964,0.299996,3.308795,0.284731,3.280227
20.000000,8.000000,10.000000,0.324651,0.743330,1.235390,0.298475,3.103209,0.254840,3.033802
20.000000,9.000000,10.000000,0.353179,0.818755,1.358469,0.335277,3.457973,0.276576,3.378034
20.000000,10.000000,10.000000,0.317620,0.742291,1.282390,0.272612,3.169774,0.247296,3.144024
20.000000,11.000000,10.000000,0.314679,0.754874,1.318936,0.295497,3.298560,0.250697,3.233258
20.000000,12.000000,10.000000,0.342769,0.823307,1.462533,0.336573,3.680349,0.275483,3.595633
20.000000,13.000000,10.000000,0.307657,0.747887,1.337687,0.313323,3.372210,0.249178,3.283354
20.000000,14.000000,10.000000,0.304110,0.758486,1.360842,0.318894,3.433503,0.250340,3.329021
20.000000,15.000000,10.000000,0.331342,0.824442,1.479245,0.340093,3.790615,0.277279,3.682148
20.000000,16.000000,10.000000,0.297891,0.750222,1.342545,0.283808,3.405163,0.251485,3.362377
20.000000,17.000000,10.000000,0.294566,0.756992,1.347703,0.287495,3.439190,0.252703,3.387391
20.000000,18.000000,10.000000,0.321152,0.838649,1.507934,0.324522,3.866332,0.281387,3.800560
20.000000,19.000000,10.000000,0.288648,0.749762,1.381777,0.261236,3.923438,0.280246,3.931916
20.000000,20.000000,10.000000,0.314533,0.820119,1.503705,0.280364,4.302261,0.298029,4.310392
20.000000,21.000000,10.000000,0.282393,0.739287,1.331298,0.231953,3.858918,0.262874,3.875911
20.000000,22.000000,10.000000,0.279482,0.744201,1.334002,0.261538,3.915637,0.258712,3.919784
20.000000,23.000000,10.000000,0.303195,0.809669,1.447245,0.285445,4.325121,0.279815,4.333336
20.000000,24.000000,10.000000,0.273149,0.714545,1.287853,0.235289,3.913322,0.245366,3.924014
20.000000,25.000000,10.000000,0.270482,0.707919,1.263584,0.237539,3.904391,0.235690,3.913759
20.000000,26.000000,11.000000,0.293604,0.760638,1.627195,0.265737,4.334584,0.276030,4.338904
20.000000,27.000000,11.000000,0.264074,0.701268,1.441513,0.250767,4.032537,0.250480,4.031574
20.000000,28.000000,11.000000,0.261478,0.701539,1.437307,0.260672,4.180543,0.244347,4.164865
20.000000,29.000000,11.000000,0.285337,0.764355,1.648650,0.307649,4.869867,0.293466,4.853817
20.000000,30.000000,10.000000,0.255569,0.723059,1.426113,0.320279,4.552050,0.293138,4.522770
20.000000,31.000000,10.000000,0.278538,0.792000,1.610991,0.343508,5.320950,0.299641,5.264377
20.000000,32.000000,10.000000,0.251003,0.712051,1.467934,0.278276,4.968705,0.269306,4.953505
20.000000,33.000000,11.000000,0.249458,0.761314,1.580458,0.268961,5.208289,0.234136,5.156761
20.000000,34.000000,10.000000,0.275930,0.825217,1.717366,0.317241,6.059352,0.300996,6.025004
20.000000,35.000000,10.000000,0.254462,0.776957,1.634552,0.273169,5.820918,0.277871,5.828410
20.000000,36.000000,10.000000,0.258804,0.815861,1.716934,0.280419,6.234431,0.284631,6.241198
20.000000,37.000000,11.000000,0.290804,0.959023,2.052438,0.238887,7.324042,0.280405,7.379410
20.000000,38.000000,11.000000,0.269934,0.959788,1.963125,0.240307,7.152722,0.257624,7.187289
20.000000,39.000000,11.000000,0.276727,1.026619,2.060170,0.225414,7.685436,0.264508,7.766425
20.000000,40.000000,10.000000,0.312617,1.187031,2.279180,0.286420,9.135338,0.340773,9.299591
20.000000,41.000000,10.000000,0.293204,1.156164,2.179505,0.289029,8.811457,0.341337,9.079824
20.000000,42.000000,10.000000,0.333079,1.323141,2.539167,0.331408,10.564134,0.384326,10.923211
20.000000,43.000000,9.000000,0.313812,1.238903,2.185317,0.272039,10.641438,0.373185,10.921741
20.000000,44.000000,10.000000,0.324521,1.460310,2.649638,0.322410,11.634769,0.369855,11.917619
20.000000,45.000000,10.000000,0.370468,1.742013,3.136894,0.352559,14.195614,0.405953,14.609785
20.000000,46.000000,10.000000,0.349989,0.983030,2.822353,0.284410,6.538251,0.266387,6.607635
20.000000,47.000000,9.000000,0.362534,1.049288,2.978229,0.330972,7.036957,0.337142,7.118794
20.000000,48.000000,9.000000,0.414542,1.254417,3.602436,0.331931,8.540295,0.393953,8.609443
20.000000,49.000000,10.000000,0.389406,1.005944,4.291349,0.309471,8.500103,0.309351,8.506668
20.000000,50.000000,10.000000,0.403019,1.077869,4.617614,0.325237,9.189958,0.324085,9.191610
20.000000,51.000000,10.000000,0.458304,1.275624,5.483279,0.374397,11.001305,0.375998,11.014017
20.000000,52.000000,10.000000,0.430328,1.293713,5.466785,0.365739,11.121806,0.368801,11.147174
20.000000,53.000000,10.000000,0.487994,1.680229,6.658730,0.434617,13.724896,0.430484,13.725705
20.000000,54.000000,10.000000,0.457760,1.748485,6.566928,0.414358,13.745448,0.405603,13.766492
20.000000,55.000000,10.000000,0.471695,1.968710,7.071159,0.411054,15.217538,0.412671,15.230169
20.000000,56.000000,9.000000,0.532955,3.006685,6.962076,0.423598,19.218474,0.475099,19.267018
20.000000,57.000000,9.000000,0.498576,3.131828,6.953095,0.453121,20.012068,0.447535,19.998395
20.000000,58.000000,9.000000,0.510559,3.538577,7.641133,0.492679,23.028876,0.460314,22.978315
20.000000,59.000000,9.000000,0.577278,4.459021,9.287307,0.507151,29.538524,0.521487,29.567348
20.000000,60.000000,9.000000,0.538071,4.552006,9.097103,0.293111,31.730256,0.344726,31.849044
20.000000,61.000000,9.000000,0.550654,5.205431,9.921554,0.349313,37.044789,0.336102,37.075866
20.000000,62.000000,8.000000,0.618648,1.034847,1.716701,0.325360,3.704732,0.321247,3.769629
20.000000,63.000000,9.000000,0.575761,1.072322,2.323258,0.288437,7.127139,0.331035,7.138038
20.000000,64.000000,9.000000,0.641946,1.263217,2.766127,0.340801,8.573833,0.365994,8.599390
20.000000,65.000000,9.000000,0.585883,1.216713,2.662970,0.337581,8.268317,0.342970,8.280822
20.000000,66.000000,9.000000,0.584536,1.288955,2.799274,0.293234,8.666853,0.347988,8.750185
20.000000,67.000000,9.000000,0.640980,1.502750,3.275528,0.327836,10.168641,0.390504,10.245594
20.000000,68.000000,9.000000,0.579754,1.432071,3.144080,0.354601,9.796155,0.360995,9.805160
20.000000,69.000000,9.000000,0.577983,1.531868,3.325392,0.314582,10.340888,0.369345,10.410380
20.000000,70.000000,9.000000,0.633917,1.814380,3.912047,0.361439,12.214115,0.421807,12.314933
20.000000,71.000000,9.000000,0.574507,1.691480,3.777897,0.368366,11.860577,0.390674,11.892756
20.000000,72.000000,9.000000,0.573025,1.739782,3.988613,0.275611,13.011742,0.299919,13.050735
20.000000,73.000000,10.000000,0.627449,1.838849,4.347471,0.453205,15.881244,0.455792,16.032386
20.000000,74.000000,10.000000,0.567643,1.773471,4.217404,0.445685,15.528921,0.449813,15.580247
20.000000,75.000000,10.000000,0.621242,2.062645,4.951152,0.524024,18.407610,0.527359,18.463173
20.000000,76.000000,10.000000,0.562295,1.987200,4.723307,0.515002,17.706103,0.507298,17.875156
20.000000,77.000000,10.000000,0.558612,2.162359,5.023842,0.532588,19.035618,0.538854,19.133117
20.000000,78.000000,10.000000,0.610825,2.564732,5.927284,0.629647,22.702949,0.632655,22.737276
20.000000,79.000000,9.000000,0.552276,2.637493,5.354156,0.963298,21.831942,0.926103,21.962288
20.000000,80.000000,9.000000,0.549169,2.648905,5.693725,1.009949,23.325494,0.958516,23.476504
20.000000,81.000000,10.000000,0.599339,2.983987,7.144519,0.698010,27.825146,0.701709,27.839641
20.000000,82.000000,9.000000,0.542574,2.098359,6.760280,0.265807,17.331634,0.288197,17.341281
20.000000,83.000000,9.000000,0.593612,2.448590,8.058070,0.282085,21.186219,0.319852,21.155485
20.000000,84.000000,9.000000,0.536584,2.466738,7.884214,0.272964,21.199681,0.298125,21.186564
20.000000,85.000000,10.000000,0.534197,2.712348,8.843280,0.441563,22.749520,0.441561,22.734238
20.000000,86.000000,9.000000,0.586442,3.850790,10.159736,0.499453,28.553322,0.509599,28.560771
20.000000,87.000000,10.000000,0.531170,3.587581,10.184568,0.458472,29.236663,0.459171,29.250741
20.000000,88.000000,9.000000,0.529484,4.394579,10.475740,0.554075,33.729108,0.490547,33.673726
20.000000,89.000000,9.000000,0.580172,1.081973,2.952093,0.540167,5.464832,0.538628,5.480345
20.000000,90.000000,8.000000,0.525800,0.990766,2.876229,0.505432,5.306571,0.505660,5.303562
20.000000,91.000000,10.000000,0.524144,1.090466,2.677314,0.598689,6.544267,0.596078,6.555585
20.000000,92.000000,9.000000,0.574289,1.294205,3.143856,0.616534,6.853499,0.627028,6.903050
20.000000,93.000000,9.000000,0.520632,1.208409,3.068723,0.597834,6.733292,0.588614,6.727943
20.000000,94.000000,9.000000,0.569857,1.418834,3.688666,0.671066,8.045336,0.680317,8.056144
20.000000,95.000000,9.000000,0.515642,1.338683,3.612162,0.602692,7.842682,0.640778,7.876410
20.000000,96.000000,9.000000,0.513670,1.382289,3.892557,0.629223,8.487932,0.655577,8.511730
20.000000,97.000000,9.000000,0.562902,1.728207,4.703043,0.750106,10.267387,0.749911,10.266648
20.000000,98.000000,9.000000,0.508570,1.717803,4.529480,0.675800,9.981385,0.686580,9.983950
20.000000,99.000000,9.000000,0.507416,1.933652,4.952158,1.078848,11.817582,1.115569,11.846144
20.000000,100.000000,8.000000,0.554923,2.102436,6.521240,0.898396,14.681425,0.897194,14.706605
20.000000,101.000000,8.000000,0.501919,2.098995,6.286104,0.747630,14.587130,0.778420,14.558736
20.000000,102.000000,8.000000,0.549054,2.554592,7.494851,0.803289,17.805778,0.809901,17.802669
20.000000,103.000000,8.000000,0.496675,2.499278,7.141952,0.665076,17.605060,0.690611,17.592111
20.000000,104.000000,8.000000,0.493718,2.708166,7.505648,0.594267,19.292212,0.644417,19.267475
20.000000,105.000000,8.000000,0.539495,3.297303,8.837026,0.613201,23.793081,0.670130,23.745556
20.000000,106.000000,8.000000,0.487640,3.245466,8.500506,0.520001,23.750296,0.571443,23.712103
20.000000,107.000000,8.000000,0.485875,3.520330,8.922297,0.483953,26.360142,0.539500,26.383301
20.000000,108.000000,8.000000,0.531103,4.244510,10.365486,0.542141,32.848471,0.572955,33.163317
20.000000,109.000000,7.000000,0.480006,0.484918,0.650467,0.372205,2.691390,0.299264,2.792259
20.000000,110.000000,7.000000,0.476667,0.500768,0.697484,0.345497,2.818523,0.310485,2.903087
20.000000,111.000000,7.000000,0.521441,0.557013,0.795100,0.346124,3.713899,0.218523,3.720308
20.000000,112.000000,7.000000,0.472339,0.508033,0.742075,0.340603,3.462199,0.205253,3.453880
20.000000,113.000000,7.000000,0.516365,0.559928,0.850020,0.399284,3.923697,0.237767,3.918745
20.000000,114.000000,7.000000,0.466141,0.500771,0.806216,0.326471,3.622986,0.215862,3.652090
20.000000,115.000000,7.000000,0.463936,0.519273,0.835130,0.336224,3.746304,0.219961,3.769732
20.000000,116.000000,7.000000,0.507232,0.590672,0.935660,0.353277,4.259191,0.258541,4.263069
20.000000,117.000000,7.000000,0.458057,0.549797,0.878750,0.290451,3.948709,0.238985,3.971837
20.000000,118.000000,7.000000,0.454963,0.552064,0.915473,0.249847,4.045169,0.239169,4.096756
20.000000,119.000000,7.000000,0.496331,0.599749,1.026214,0.297730,4.587376,0.266695,4.632745
20.000000,120.000000,7.000000,0.447507,0.552284,0.945391,0.299323,4.275863,0.228070,4.304364
20.000000,121.000000,7.000000,0.444125,0.566836,0.973676,0.289382,4.411005,0.234685,4.426255
20.000000,122.000000,7.000000,0.484813,0.636101,1.108027,0.267403,5.021400,0.265417,5.012388
20.000000,123.000000,7.000000,0.435709,0.576952,1.022329,0.249208,4.682288,0.234894,4.660519
20.000000,124.000000,7.000000,0.474840,0.631864,1.161721,0.270959,5.364450,0.243910,5.336386
20.000000,125.000000,7.000000,0.425575,0.584095,1.079202,0.268642,5.240681,0.221588,5.272121
20.000000,126.000000,7.000000,0.421128,0.600638,1.111548,0.242351,5.386341,0.222907,5.397118
20.000000,127.000000,7.000000,0.459264,0.680775,1.268531,0.224334,6.129709,0.236354,6.139625
20.000000,128.000000,8.000000,0.413570,0.845484,0.894458,0.254653,6.040399,0.256150,6.036065
20.000000,129.000000,8.000000,0.409220,0.851117,0.909230,0.252725,6.174847,0.252948,6.175233
20.000000,130.000000,8.000000,0.445230,0.948106,1.025094,0.273195,7.023569,0.269139,7.023651
20.000000,131.000000,8.000000,0.400995,0.887757,0.944925,0.252724,6.615887,0.243264,6.628558
20.000000,132.000000,8.000000,0.437033,0.990661,1.053589,0.266217,7.550358,0.262268,7.557363
20.000000,133.000000,8.000000,0.393542,0.900509,0.961773,0.228870,7.049176,0.230609,7.047986
20.000000,134.000000,8.000000,0.388868,0.899445,0.971249,0.224104,7.225300,0.224022,7.228976
20.000000,135.000000,8.000000,0.424791,0.999674,1.085420,0.235503,8.219630,0.238169,8.230191
20.000000,136.000000,8.000000,0.380839,0.913448,0.984649,0.212425,7.634102,0.214396,7.657102
20.000000,137.000000,8.000000,0.376894,0.910445,0.992780,0.214144,7.759294,0.213109,7.808445
20.000000,138.000000,8.000000,0.410118,1.024486,1.097186,0.239441,8.724183,0.239577,8.844012
20.000000,139.000000,8.000000,0.370372,0.921842,0.995163,0.208916,8.000229,0.211626,8.182836
20.000000,140.000000,8.000000,0.367211,0.936012,1.014323,0.211545,8.345779,0.215565,8.407988
20.000000,141.000000,8.000000,0.398609,1.043078,1.125513,0.242601,9.327937,0.242372,9.387948
20.000000,142.000000,8.000000,0.359637,0.921293,1.025079,0.208572,8.513209,0.209488,8.627951
20.000000,143.000000,8.000000,0.391872,1.024385,1.134893,0.227101,9.619189,0.228590,9.732223
20.000000,144.000000,8.000000,0.353102,0.934762,1.032910,0.215031,8.879487,0.212996,8.987569
20.000000,145.000000,8.000000,0.352024,0.951134,1.044829,0.214098,9.222152,0.214529,9.246141
20.000000,146.000000,7.000000,0.387054,1.039981,1.325752,0.282993,10.463974,0.284564,10.467017
20.000000,147.000000,8.000000,0.352689,1.022501,1.774935,0.198368,9.786275,0.195349,9.754666
20.000000,148.000000,8.000000,0.353683,1.054204,1.833962,0.205059,10.130469,0.203431,10.095949
20.000000,149.000000,8.000000,0.389130,1.196338,2.082538,0.233412,11.492718,0.231985,11.481990
20.000000,150.000000,8.000000,0.354550,1.125779,1.953555,0.225077,10.808209,0.221522,10.755784
20.000000,151.000000,8.000000,0.355037,1.149886,2.017328,0.230307,11.177728,0.226781,11.153697
20.000000,152.000000,8.000000,0.392702,1.311621,2.326786,0.304900,12.714490,0.288914,12.689249
20.000000,153.000000,8.000000,0.359625,1.196955,2.176486,0.383687,11.249965,0.382049,11.246807
20.000000,154.000000,7.000000,0.398027,1.151054,1.533176,0.447684,12.986580,0.448685,12.960544
20.000000,155.000000,7.000000,0.363794,1.060394,1.419156,0.411698,12.275402,0.419417,12.242386
20.000000,156.000000,7.000000,0.366473,1.111996,1.477779,0.401161,13.129081,0.453922,13.003796
20.000000,157.000000,6.000000,0.408016,1.692369,1.153001,0.341594,7.312989,0.432038,7.428716
20.000000,158.000000,6.000000,0.378262,1.593682,1.084636,0.334681,6.872774,0.406145,7.015380
20.000000,159.000000,7.000000,0.385345,1.432709,1.313817,0.427652,7.514839,0.426170,7.779902
20.000000,160.000000,7.000000,0.434681,1.693855,1.512483,0.518978,8.811344,0.534461,9.240235
20.000000,161.000000,9.000000,0.403329,1.702829,4.298599,0.809997,19.774852,0.535470,20.250873
20.000000,162.000000,8.000000,0.454326,1.827155,3.411727,1.207003,17.757895,0.710712,18.120119
20.000000,163.000000,9.000000,0.424324,1.532146,3.970449,0.933080,13.045911,0.764768,13.350137
20.000000,164.000000,9.000000,0.435270,1.473794,4.264256,0.952624,11.193831,0.798535,11.694313
20.000000,165.000000,9.000000,0.492434,1.749006,5.417991,1.105851,13.545249,0.917048,14.056833
20.000000,166.000000,9.000000,0.460208,1.778122,5.531529,1.141715,14.386581,0.852901,14.631890
20.000000,167.000000,9.000000,0.472652,2.104467,6.465673,1.289697,16.436840,0.959443,16.479812
20.000000,168.000000,9.000000,0.536633,2.525415,8.368543,1.692278,20.831125,1.185757,20.707819
20.000000,169.000000,9.000000,0.503888,2.573798,8.658356,1.784807,21.481398,1.215193,21.241960
20.000000,170.000000,9.000000,0.516798,2.947102,9.763939,1.911927,24.472166,1.325404,23.945193
20.000000,171.000000,9.000000,0.583676,3.974701,12.301655,2.307802,33.232651,1.291668,32.472883
20.000000,172.000000,9.000000,0.543740,4.179587,12.442853,2.151181,35.227040,1.273763,34.474630
20.000000,173.000000,8.000000,0.613316,0.987862,2.198430,2.264235,4.286491,1.508941,5.465806
20.000000,174.000000,8.000000,0.571149,0.975492,2.345225,2.072624,4.546981,1.540797,5.878260
20.000000,175.000000,8.000000,0.583853,1.071494,2.764944,2.076503,5.697817,1.720939,6.854860
20.000000,176.000000,8.000000,0.654311,1.488978,3.660504,2.490830,7.611685,2.026751,8.861516
20.000000,177.000000,9.000000,0.606465,2.108718,4.430335,2.013371,8.673718,1.653135,9.367931
20.000000,178.000000,9.000000,0.616613,2.358796,5.109021,2.025980,10.436595,1.386169,10.913448
20.000000,179.000000,9.000000,0.689135,2.999521,6.553644,2.282115,14.349297,1.506121,14.517480
20.000000,180.000000,9.000000,0.636611,3.121144,6.924847,2.167282,15.874266,1.462537,15.736065
20.000000,181.000000,8.000000,0.645009,3.894984,5.801082,2.068007,19.415152,1.311936,18.940207
20.000000,182.000000,8.000000,0.720060,4.804961,7.136351,2.372634,26.697549,1.588002,25.765867
20.000000,183.000000,8.000000,0.664276,4.778987,7.031006,2.141390,29.526006,1.558247,28.580155
20.000000,184.000000,8.000000,0.742349,6.307853,8.533807,2.191059,40.175046,1.835259,39.716260
20.000000,185.000000,7.000000,0.683897,3.160560,4.219723,1.791123,8.452311,1.574502,8.606283
20.000000,186.000000,7.000000,0.693475,3.531622,4.558038,1.846755,10.111681,1.715018,10.180246
20.000000,187.000000,7.000000,0.774509,4.136910,5.223935,1.929555,13.421741,1.958337,13.406018
20.000000,188.000000,7.000000,0.715192,3.987090,4.919507,1.824279,15.384401,1.809774,15.554890
20.000000,189.000000,7.000000,0.724952,4.354302,5.227437,1.294891,19.887934,1.463449,20.167580
20.000000,190.000000,8.000000,0.808360,4.453209,8.203790,1.905750,29.492456,1.909363,29.682887
20.000000,191.000000,9.000000,0.746132,4.490798,8.094315,1.441350,32.445893,1.508423,32.743201
20.000000,192.000000,8.000000,0.755798,1.839361,4.147503,1.468074,6.349059,1.468793,6.276528
20.000000,193.000000,9.000000,0.841776,2.395859,4.557285,1.999338,7.832340,1.834474,7.941214
20.000000,194.000000,9.000000,0.773450,2.302441,4.335308,1.970286,7.860439,1.736703,8.173227
20.000000,195.000000,9.000000,0.854088,2.716622,5.017470,2.298007,9.745229,1.999613,10.313597
20.000000,196.000000,8.000000,0.776108,2.465739,5.190969,1.812279,9.979055,1.740276,10.689064
20.000000,197.000000,9.000000,0.774325,2.455760,7.171767,1.506463,11.213535,1.627750,12.090317
20.000000,198.000000,10.000000,0.849517,2.754015,8.700020,1.966691,14.213329,2.082577,15.467875
20.000000,199.000000,10.000000,0.768033,2.627809,8.790848,1.775663,14.507381,1.946033,15.904889
20.000000,200.000000,9.000000,0.766053,2.695280,9.363341,1.823152,17.437717,2.032210,18.850907
20.000000,201.000000,9.000000,0.840376,3.112786,11.844283,1.881006,23.133568,2.623092,25.166767
20.000000,202.000000,7.000000,0.761733,1.650893,2.354937,1.711378,3.057695,2.395287,3.214344
20.000000,203.000000,8.000000,0.759921,1.691532,2.524304,1.629003,2.786323,2.224587,3.132049
20.000000,204.000000,8.000000,0.831948,1.915039,3.011167,2.126829,3.788149,2.684953,3.782408
20.000000,205.000000,8.000000,0.753449,1.783685,2.925199,2.006598,3.824294,2.364512,3.713232
20.000000,206.000000,8.000000,0.824117,1.988805,3.499786,2.136840,4.760870,2.522232,4.470622
20.000000,207.000000,8.000000,0.745756,1.884899,3.453328,1.386024,5.337629,1.980973,5.481200
20.000000,208.000000,8.000000,0.741249,2.009225,3.748082,1.223470,5.640422,1.891683,6.357444
20.000000,209.000000,8.000000,0.811794,2.377100,4.484479,1.448955,6.761636,2.129251,7.554956
20.000000,210.000000,7.000000,0.733625,2.963456,4.467697,1.502914,6.392206,2.118025,7.278473
20.000000,211.000000,7.000000,0.730437,3.141644,4.942173,1.647927,7.354757,2.208894,8.137916
20.000000,212.000000,7.000000,0.800152,3.696401,6.032297,1.979786,9.393475,2.547889,10.167679
20.000000,213.000000,7.000000,0.724140,3.574414,5.963293,1.984489,9.866784,2.425652,10.438995
20.000000,214.000000,6.000000,0.794482,4.663466,7.021971,2.194419,12.719761,2.451593,13.327188
20.000000,215.000000,6.000000,0.719340,4.556246,7.470556,2.168065,13.426580,2.309749,13.924651
20.000000,216.000000,6.000000,0.718411,4.948126,8.781555,2.367864,15.912679,2.441332,16.324299
20.000000,217.000000,6.000000,0.794143,6.021992,11.534642,2.841814,21.155025,2.900118,21.615955
20.000000,218.000000,6.000000,0.725898,3.055296,10.728812,2.281578,13.232892,2.342025,13.053960
20.000000,219.000000,6.000000,0.730625,3.360575,12.048408,1.919589,16.445239,1.958834,16.300160
20.000000,220.000000,6.000000,0.808145,4.179135,15.144338,2.257696,21.176558,2.302226,21.027413
20.000000,221.000000,5.000000,0.739317,5.741183,7.768458,2.319056,22.408561,2.220543,22.293172
20.000000,222.000000,5.000000,0.745313,6.582286,8.297866,2.539271,28.260231,2.687514,28.186484
20.000000,223.000000,5.000000,0.825941,8.581050,9.987428,1.411307,42.625620,1.618086,42.633026
20.000000,224.000000,6.000000,0.757210,9.267942,6.372186,1.092418,48.283402,1.273759,48.410153
20.000000,225.000000,5.000000,0.838937,2.983664,4.531813,1.233782,8.298317,1.437520,8.165438
20.000000,226.000000,5.000000,0.769110,3.014300,4.510016,1.202728,8.279835,1.368938,8.148033
20.000000,227.000000,5.000000,0.775463,3.376805,4.946836,1.185322,9.174908,1.402836,9.026308
20.000000,228.000000,5.000000,0.861664,4.254535,6.066839,1.428949,11.461533,1.643043,11.294094
20.000000,229.000000,5.000000,0.790358,4.347832,5.959510,1.356818,11.662740,1.575753,11.494425
20.000000,230.000000,6.000000,0.797953,4.644810,5.277045,1.608489,23.926555,1.868149,24.307499
20.000000,231.000000,5.000000,0.885302,6.001889,7.716320,1.551759,16.810072,1.902189,16.621131
20.000000,232.000000,5.000000,0.812457,6.039780,7.424604,1.246903,18.272774,1.652249,18.033072
20.000000,233.000000,5.000000,0.901142,7.636500,8.935860,1.398164,24.567452,1.812891,24.762682
20.000000,234.000000,5.000000,0.827396,7.796998,8.642950,1.349527,25.918251,1.718386,26.136522
20.000000,235.000000,5.000000,0.833689,8.933071,9.370585,1.100325,32.507506,1.358881,32.574183
20.000000,236.000000,5.000000,0.925899,11.514044,11.304230,1.309711,43.726850,1.709345,43.847086
20.000000,237.000000,5.000000,0.849548,12.119680,11.335226,1.295967,48.659891,1.642205,48.840978
20.000000,238.000000,4.000000,0.856463,1.194448,1.055567,1.425040,1.545277,1.670888,1.394480
20.000000,239.000000,4.000000,0.951183,1.458457,1.430509,1.582501,3.689470,1.812680,3.941788
20.000000,240.000000,4.000000,0.870967,1.472599,1.582814,1.611371,3.880021,1.797327,4.048814
20.000000,241.000000,4.000000,0.878538,1.639669,1.944084,1.697824,4.446861,1.914963,4.611193
20.000000,242.000000,4.000000,0.972150,2.062363,2.664557,2.123611,4.007724,2.344315,3.951785
20.000000,243.000000,4.000000,0.890277,2.101227,2.940784,2.100175,4.321128,2.331989,4.312882
20.000000,244.000000,4.000000,0.983668,2.686506,4.037735,2.263642,16.186853,2.363285,16.385747
20.000000,245.000000,4.000000,0.899214,2.799895,4.505504,2.319619,17.621056,2.425508,17.887173
20.000000,246.000000,4.000000,0.903472,3.282030,5.633957,2.665780,21.604689,2.775209,21.918508
20.000000,247.000000,4.000000,0.999449,4.319353,7.920888,3.398877,29.769528,3.533191,30.242596
20.000000,248.000000,3.000000,0.913009,0.920501,0.906718,0.922407,5.905778,1.168666,5.910983
20.000000,249.000000,3.000000,0.916907,0.996904,0.982513,0.968678,7.063671,1.186973,7.075779
20.000000,250.000000,3.000000,1.010723,1.198573,1.182980,1.140517,9.436070,1.353183,9.460801
20.000000,251.000000,3.000000,0.919768,1.168996,1.155351,1.064768,10.214931,1.246143,10.265220
20.000000,252.000000,3.000000,1.013365,1.437460,1.422483,1.333394,13.918113,1.462460,13.957932
20.000000,253.000000,3.000000,0.920549,1.414874,1.401788,1.285179,15.294025,1.337122,15.319413
20.000000,254.000000,3.000000,0.920962,1.610120,1.596166,1.103943,21.816414,1.097627,21.813016
20.000000,255.000000,3.000000,1.012575,2.010449,1.994149,1.233876,29.877906,1.240537,29.879258
20.000000,256.000000,3.000000,0.921481,2.038640,2.023912,1.192639,33.637505,1.173192,33.605840
20.000000,263.000000,3.000000,1.007374,0.591548,0.585855,0.709576,2.512294,0.689724,2.535427
20.000000,264.000000,3.000000,0.915442,0.584161,0.578699,0.678308,2.643798,0.654341,2.669186
20.000000,265.000000,3.000000,0.914172,0.636073,0.630309,0.701846,3.085867,0.680984,3.108760
20.000000,266.000000,3.000000,1.003987,0.767252,0.760514,0.947102,3.343903,0.937244,3.359207
20.000000,267.000000,3.000000,0.910732,0.761655,0.755150,1.023487,3.178172,0.970291,3.227432
20.000000,268.000000,3.000000,0.909289,0.832320,0.825427,1.064516,3.691191,1.044806,3.709128
20.000000,269.000000,3.000000,0.998971,1.009084,1.000944,1.303952,4.644188,1.274383,4.655983
20.000000,270.000000,3.000000,0.904789,1.001954,0.994648,1.232408,4.980631,1.231316,4.973536
20.000000,271.000000,3.000000,0.900985,1.094131,1.086950,1.276034,5.849954,1.292851,5.846282
20.000000,272.000000,3.000000,0.986871,1.324741,1.315731,1.512169,7.508753,1.530892,7.510691
20.000000,273.000000,3.000000,0.896334,1.333028,1.323705,1.529519,7.996771,1.531831,7.995084
20.000000,274.000000,3.000000,0.982877,1.643045,1.632544,1.816918,10.559755,1.823550,10.557562
20.000000,275.000000,3.000000,0.890685,1.657408,1.647773,1.651247,12.057535,1.668448,12.064061
20.000000,276.000000,3.000000,0.885842,1.857193,1.847425,1.543335,15.599305,1.621946,15.665285
20.000000,277.000000,3.000000,0.969605,2.374948,2.363673,1.974353,21.490423,2.013447,21.539914
20.000000,278.000000,3.000000,0.871933,2.409718,2.399459,1.865817,23.680337,1.929683,23.789442
20.000000,286.000000,3.000000,0.826310,0.074189,0.074068,0.184638,0.207290,0.130600,0.090948
20.000000,287.000000,4.000000,0.817518,4.476650,5.312117,0.221901,16.284015,0.138815,16.246362
20.000000,288.000000,4.000000,0.887767,5.514729,6.812110,0.201637,20.854743,0.137777,20.814845
20.000000,289.000000,4.000000,0.794695,5.480868,7.026385,0.180996,21.654127,0.112772,21.640141
20.000000,290.000000,4.000000,0.782784,6.096698,8.104057,0.134444,25.418012,0.096757,25.402298
20.000000,291.000000,4.000000,0.851650,7.595445,10.468090,0.135483,33.672129,0.088493,33.675461
20.000000,292.000000,4.000000,0.769357,7.730062,11.054729,0.055424,36.625406,0.052610,36.642583
20.000000,293.000000,4.000000,0.843032,9.741563,14.389141,0.052102,49.718162,0.038022,49.751057
20.000000,294.000000,3.000000,0.763935,0.007343,0.007343,0.058856,0.025270,0.017923,0.021464
20.000000,323.000000,3.000000,0.632016,0.468220,0.397582,0.191605,1.044566,0.148669,1.188735
20.000000,324.000000,3.000000,0.571588,0.448980,0.382063,0.109930,1.061256,0.074196,1.163917
20.000000,325.000000,3.000000,0.568262,0.447694,0.381566,0.058682,1.093823,0.009795,1.189321
20.000000,326.000000,3.000000,0.621258,0.514798,0.439508,0.190678,1.185678,0.136916,1.314831
20.000000,327.000000,3.000000,0.562531,0.497596,0.425604,0.350253,1.068869,0.292411,1.210352
20.000000,328.000000,3.000000,0.559862,0.513754,0.440293,0.538267,1.031548,0.477582,1.183838
20.000000,329.000000,3.000000,0.612739,0.595415,0.510254,0.842733,1.114291,0.775014,1.288122
20.000000,330.000000,3.000000,0.554818,0.562359,0.481743,1.003883,1.014992,0.954119,1.145633
20.000000,331.000000,4.000000,0.607807,0.856337,0.283717,0.769674,1.934021,0.817922,1.918412
20.000000,332.000000,5.000000,0.549796,0.741318,0.503235,0.540987,2.742651,0.514819,2.618245
20.000000,333.000000,6.000000,0.547367,0.702099,2.200959,0.586464,3.035017,0.587946,2.950060
20.000000,334.000000,5.000000,0.599718,0.935257,0.639052,0.652866,3.660487,0.612184,3.585685
20.000000,335.000000,5.000000,0.542900,0.882699,0.653383,0.618818,3.641869,0.582846,3.535756
20.000000,336.000000,5.000000,0.539782,0.951612,0.752232,0.496981,3.808137,0.491444,3.790311
20.000000,337.000000,5.000000,0.591525,1.132830,0.956768,0.591197,4.831355,0.577485,4.825014
20.000000,338.000000,5.000000,0.536200,1.104500,0.988669,0.640627,5.024388,0.607826,5.023713
20.000000,339.000000,5.000000,0.533505,1.238309,1.136572,0.738567,5.793557,0.702962,5.785550
20.000000,340.000000,5.000000,0.585926,1.576503,1.459493,0.944954,7.501293,0.910186,7.493492
20.000000,341.000000,5.000000,0.534586,1.637248,1.520956,0.928685,7.902813,0.952399,7.899908
20.000000,342.000000,5.000000,0.588443,1.981564,1.948125,1.014418,10.231736,1.050354,10.246138
20.000000,343.000000,6.000000,0.536973,1.762052,2.657417,1.153175,17.272717,1.157522,17.409289
20.000000,344.000000,5.000000,0.537775,2.120221,2.353905,0.882834,12.947097,0.907535,12.950260
20.000000,345.000000,5.000000,0.594394,2.641265,3.097651,0.995703,17.574594,1.045462,17.577059
20.000000,346.000000,6.000000,0.541642,2.923640,8.744458,1.668798,19.736777,1.675834,19.795784
20.000000,347.000000,6.000000,0.544627,3.772367,10.014052,1.876952,24.794050,1.917142,24.845848
20.000000,348.000000,5.000000,0.603433,1.132682,3.874325,0.865486,3.834065,0.950001,3.863139
20.000000,349.000000,6.000000,0.553275,0.875294,3.443193,1.148902,4.172509,1.190693,4.166746
20.000000,350.000000,5.000000,0.557645,1.191313,2.590491,0.768119,4.923784,0.870074,4.904460
20.000000,351.000000,5.000000,0.619306,1.413183,3.311987,0.853766,6.431754,0.986626,6.404866
20.000000,352.000000,5.000000,0.569245,1.346884,3.415446,0.764245,6.822333,0.895029,6.798377
20.000000,353.000000,4.000000,0.633368,1.880429,0.890144,0.823296,9.040120,0.829445,9.013445
20.000000,354.000000,4.000000,0.582853,1.949432,1.046574,0.874515,10.060697,0.880565,10.019864
20.000000,355.000000,4.000000,0.590569,2.207478,1.400378,0.978413,12.249473,0.986535,12.217321
20.000000,356.000000,4.000000,0.658983,2.790170,2.090653,1.196824,16.663452,1.207200,16.649182
20.000000,357.000000,4.000000,0.607779,2.914040,2.447664,1.459449,20.862326,1.465995,20.967933
20.000000,358.000000,4.000000,0.617340,3.456006,3.251207,1.703076,26.841376,1.712093,26.988259
20.000000,359.000000,5.000000,0.690070,3.492137,5.284584,0.826690,40.494289,0.901990,40.489913
20.000000,360.000000,5.000000,0.636674,1.200697,3.605681,0.846285,4.690032,0.874044,4.642995
20.000000,361.000000,5.000000,0.646714,1.238619,3.982674,0.869707,5.388775,0.907677,5.381841
20.000000,362.000000,4.000000,0.723769,1.359335,0.850631,0.635812,6.995045,0.618981,7.005491
20.000000,363.000000,5.000000,0.668991,1.267803,1.528751,0.994815,7.485566,0.962140,7.539782
20.000000,364.000000,6.000000,0.750040,1.591480,1.960047,1.213498,18.593033,1.179482,18.606773
20.000000,365.000000,6.000000,0.691620,1.616251,2.054942,1.159786,19.458786,1.119811,19.440074
20.000000,366.000000,7.000000,0.702320,1.035169,5.910664,1.256111,23.137004,1.200615,23.108330
20.000000,367.000000,7.000000,0.784496,1.401291,7.187070,1.348187,30.207581,1.280537,30.102196
20.000000,368.000000,6.000000,0.723916,3.213734,7.365969,1.217244,20.293117,1.162614,20.323326
20.000000,369.000000,6.000000,0.734822,3.587014,8.581290,1.240220,25.180775,1.179741,25.223354
20.000000,370.000000,7.000000,0.819684,8.307654,12.295598,1.280484,36.956894,1.228776,36.985938
20.000000,371.000000,8.000000,0.755267,6.045198,13.902195,1.134391,43.752089,1.074301,43.680077
20.000000,372.000000,8.000000,0.765427,1.120086,2.684360,1.110183,3.343139,1.071118,3.365571
20.000000,373.000000,8.000000,0.852778,1.394896,3.309107,1.253710,4.473709,1.254794,4.480709
20.000000,374.000000,8.000000,0.783537,1.356646,3.252944,1.127063,4.760484,1.153369,4.781643
20.000000,375.000000,8.000000,0.868669,1.597256,4.000011,1.231305,6.259156,1.254566,6.279061
20.000000,376.000000,8.000000,0.793082,1.541033,3.988215,1.070681,6.614325,1.123046,6.668318
20.000000,377.000000,8.000000,0.794543,1.681442,4.414129,0.995632,8.073721,1.078555,8.156586
20.000000,378.000000,8.000000,0.875728,2.020256,5.427487,1.128881,10.452294,1.214461,10.530638
20.000000,379.000000,8.000000,0.796124,1.998867,5.420800,0.906480,11.528938,1.000268,11.576608
20.000000,380.000000,8.000000,0.797269,2.138662,5.914956,1.013713,13.135719,1.033583,13.191454
20.000000,381.000000,7.000000,0.878821,1.500521,5.002797,1.020830,16.093988,1.071962,16.184656
20.000000,382.000000,7.000000,0.801801,1.371473,5.035998,1.178751,16.777657,1.167862,16.977214
20.000000,383.000000,7.000000,0.806244,1.379525,5.744366,1.179381,19.727243,1.275884,19.894690
20.000000,384.000000,8.000000,0.894116,2.879823,9.637242,1.862022,25.904476,1.893469,26.055562
20.000000,385.000000,8.000000,0.818954,2.861865,9.796460,1.908501,27.310552,1.955484,27.626574
20.000000,386.000000,8.000000,0.910852,3.543570,12.692411,2.383047,36.019278,2.429426,36.383611
20.000000,387.000000,7.000000,0.834949,1.425669,5.511697,1.237711,8.357332,1.374414,8.403392
20.000000,388.000000,7.000000,0.844553,1.591331,6.257437,1.370378,9.700686,1.498876,9.747706
20.000000,389.000000,7.000000,0.937966,1.921098,7.696684,1.529710,12.285669,1.663013,12.329668
20.000000,390.000000,7.000000,0.862548,1.893096,7.906485,1.482329,12.887791,1.627627,12.941093
20.000000,391.000000,6.000000,0.872756,2.163695,8.279356,1.278658,14.850978,1.422116,14.926980
20.000000,392.000000,6.000000,0.971431,2.854360,11.048007,1.595754,20.080317,1.754599,20.179571
20.000000,393.000000,5.000000,0.893181,2.569854,3.642956,0.879833,22.643125,1.046637,22.553516
20.000000,394.000000,5.000000,0.993042,3.168752,4.846062,1.090760,30.759080,1.273422,30.664013
20.000000,395.000000,5.000000,0.913201,3.097103,5.115689,1.029953,33.692615,1.241164,33.654055
20.000000,396.000000,6.000000,0.921164,6.436724,15.817401,1.056397,43.785830,1.068081,44.032623
20.000000,397.000000,6.000000,1.019553,8.978690,22.001303,1.253983,62.901016,1.267317,63.230837
20.000000,398.000000,5.000000,0.930277,0.747340,1.033760,1.062598,1.554877,1.108698,1.947114
20.000000,399.000000,5.000000,0.933861,0.809632,1.095214,1.337134,1.623141,1.232796,1.370904
20.000000,400.000000,5.000000,1.030874,0.969376,1.280092,1.259514,1.283879,1.528514,1.521120
20.000000,401.000000,6.000000,0.939592,1.616740,4.074945,1.686007,13.231406,1.755090,13.405823
20.000000,402.000000,6.000000,0.940908,1.855693,5.243375,1.805184,16.051374,1.861303,16.293131
20.000000,403.000000,6.000000,1.039084,2.410547,7.181569,2.209391,22.353034,2.221590,22.644153
20.000000,404.000000,5.000000,0.948922,1.315857,1.453753,1.873531,3.903714,2.064892,3.879922
20.000000,405.000000,5.000000,1.049008,1.607788,1.655759,1.789558,7.939432,1.944701,7.937957
20.000000,406.000000,5.000000,0.956240,1.608929,1.566312,1.759447,8.562820,1.897041,8.591135
20.000000,407.000000,6.000000,0.958990,1.888350,4.306283,2.066800,13.008146,2.179687,12.967616
20.000000,408.000000,6.000000,1.057945,2.218688,5.416769,2.538100,17.632643,2.629837,17.657236
20.000000,409.000000,6.000000,0.964603,2.110154,5.577319,2.516362,19.593404,2.593617,19.656227
20.000000,410.000000,5.000000,0.967964,1.693095,3.049552,1.954827,24.770704,2.057174,24.905964
20.000000,411.000000,5.000000,1.071144,4.073678,8.127727,1.492494,18.540370,1.472542,18.588569
20.000000,412.000000,5.000000,0.977788,4.423133,8.945517,0.693687,20.996222,0.666007,20.974435
20.000000,413.000000,6.000000,0.981290,6.907904,9.371345,1.313741,26.025992,1.248627,25.939464
20.000000,414.000000,6.000000,1.083926,5.609379,14.019286,1.417454,38.562382,1.412416,38.501764
20.000000,415.000000,6.000000,0.992892,6.304124,14.926416,1.407929,44.080462,1.398406,44.075391
20.000000,416.000000,6.000000,1.103906,9.128252,20.581083,1.751152,65.706795,1.738952,65.884521
20.000000,417.000000,6.000000,1.012938,1.015379,1.590587,1.777519,3.098317,1.768240,3.067268
20.000000,418.000000,6.000000,1.015792,1.131741,1.845983,1.779187,2.309296,1.626593,2.547871
20.000000,419.000000,6.000000,1.120860,1.407434,2.366252,1.270958,4.877943,1.070203,5.105082
20.000000,420.000000,6.000000,1.023918,1.826382,1.633527,3.395596,16.076078,3.363766,15.839390
20.000000,421.000000,5.000000,1.031603,1.731031,2.585653,1.735779,5.850558,1.531415,6.022621
20.000000,422.000000,5.000000,1.146532,2.087325,3.213482,2.070573,7.590316,1.867498,7.736640
20.000000,423.000000,6.000000,1.054154,2.878303,5.676686,2.223146,8.695095,2.122834,8.788319
20.000000,424.000000,6.000000,1.066123,3.207803,6.568081,1.675109,11.843131,1.589297,11.948665
20.000000,425.000000,6.000000,1.186931,3.983399,8.602866,2.004521,15.806840,1.923108,15.894358
20.000000,426.000000,6.000000,1.093431,3.973715,9.309868,1.924310,17.098155,1.874799,17.150739
20.000000,427.000000,6.000000,1.215543,4.953770,12.873515,2.276120,23.623263,2.253419,23.747657
20.000000,428.000000,7.000000,1.116652,4.203931,12.650945,1.696670,29.302931,1.783680,29.378357
20.000000,429.000000,7.000000,1.125383,5.258371,16.145152,1.784809,38.453596,1.949801,38.574155
20.000000,430.000000,7.000000,1.251614,7.580244,23.978664,2.172866,59.026533,2.390474,59.218752
20.000000,431.000000,6.000000,1.149771,1.052260,1.704183,1.884781,4.398290,2.021161,4.637991
20.000000,432.000000,7.000000,1.162277,2.065416,5.129466,2.470922,6.887562,2.635791,7.045070
20.000000,433.000000,7.000000,1.291540,2.942688,7.062892,2.699554,10.573134,2.864045,10.752055
20.000000,434.000000,7.000000,1.186182,3.416500,7.894094,2.516016,14.266414,2.556983,14.298284
20.000000,435.000000,7.000000,1.197071,4.645369,9.631946,2.952995,18.633272,2.967781,18.645849
20.000000,436.000000,7.000000,1.328740,6.875215,13.260630,3.812652,27.648220,3.865493,27.714001
20.000000,437.000000,8.000000,1.221759,7.051505,13.763139,1.896355,48.615038,1.965716,48.782575
20.000000,438.000000,7.000000,1.357077,4.702557,6.142035,1.798005,13.835332,1.980101,13.921735
20.000000,439.000000,7.000000,1.245452,5.011369,7.259697,1.733594,16.187154,1.900962,16.171519
20.000000,440.000000,8.000000,1.255058,5.145376,9.857129,1.717106,23.927664,1.875721,24.226420
20.000000,441.000000,8.000000,1.393708,7.183195,14.829454,2.118113,35.334775,2.331987,35.823905
20.000000,442.000000,7.000000,1.278791,3.118910,11.933005,1.883343,42.907721,2.067392,43.445003
20.000000,443.000000,7.000000,1.291627,8.479573,16.056055,2.153757,38.964746,2.372408,39.235828
20.000000,444.000000,7.000000,1.434089,13.148706,22.617536,2.804793,62.064542,3.044314,62.486167
20.000000,445.000000,6.000000,1.316188,1.966694,2.473325,1.725340,5.817095,1.917138,5.997042
20.000000,446.000000,6.000000,1.326858,2.308856,3.421917,2.075966,7.723148,2.239279,7.957061
20.000000,447.000000,6.000000,1.470822,3.005690,5.336548,2.769125,11.604710,2.941521,11.959696
20.000000,448.000000,6.000000,1.348055,3.300136,6.716130,3.024575,14.290909,3.178101,14.721361
20.000000,449.000000,5.000000,1.358642,2.659525,4.091949,4.035245,24.641623,4.279982,24.866707
20.000000,450.000000,4.000000,1.506713,3.605727,1.220439,5.392641,4.050301,5.451079,4.172515
20.000000,451.000000,4.000000,1.379808,3.902037,1.634981,6.106645,4.375353,6.169109,4.490685
20.000000,452.000000,4.000000,1.530268,5.373113,2.746326,8.920894,5.944207,9.017694,6.089171
20.000000,453.000000,4.000000,1.401326,5.991675,3.681016,1.533511,38.693764,1.546879,38.616372
20.000000,454.000000,4.000000,1.410591,7.687368,5.562628,2.164913,59.882850,2.052886,59.787456
20.000000,455.000000,3.000000,1.563310,1.501112,1.468193,0.527204,4.947929,0.593838,4.309609
20.000000,456.000000,4.000000,1.430397,2.152670,4.106836,1.778743,5.097471,1.897550,4.595210
20.000000,457.000000,6.000000,1.438796,2.865626,5.836395,2.218991,8.922132,2.352521,8.750509
20.000000,458.000000,6.000000,1.590458,3.628015,7.993071,2.878724,12.705921,2.973523,12.590977
20.000000,459.000000,7.000000,1.456691,5.242518,8.805775,3.257500,14.884267,3.354470,14.814998
20.000000,460.000000,8.000000,1.610798,6.378089,12.728136,1.909935,26.808788,1.972459,26.831666
20.000000,461.000000,8.000000,1.471522,7.350762,14.808011,1.275828,36.141724,1.343684,36.264813
20.000000,462.000000,8.000000,1.475579,9.299166,18.837633,1.425301,48.987526,1.515347,49.191882
20.000000,463.000000,6.000000,1.628783,8.406660,16.349392,1.840167,44.917098,1.924550,44.892398
20.000000,464.000000,6.000000,1.485637,10.774126,19.602815,2.748290,54.510417,2.810116,54.509448
20.000000,465.000000,6.000000,1.490474,15.098930,25.901757,2.216623,90.274125,2.289668,90.309844
20.000000,466.000000,6.000000,1.642608,3.705230,7.292774,1.990292,21.890364,2.102145,21.909463
20.000000,467.000000,7.000000,1.493843,4.296879,10.725817,2.268847,25.518343,2.345351,25.590345
20.000000,468.000000,6.000000,1.491073,4.157084,13.065447,3.033047,34.332520,3.130759,34.460751
20.000000,469.000000,6.000000,1.636328,6.035681,20.983539,5.285624,57.668499,5.473687,57.901079
20.000000,470.000000,5.000000,1.485585,5.005406,12.077986,3.642221,18.794989,3.767635,18.660649
20.000000,471.000000,5.000000,1.483252,6.289738,16.627980,4.302173,26.353959,4.441114,26.240328
20.000000,472.000000,4.000000,1.628059,10.474863,5.728209,3.086965,49.318972,3.202864,49.485015
20.000000,473.000000,5.000000,1.478049,14.752100,30.709519,3.805462,73.046010,3.717148,73.048714
20.000000,474.000000,4.000000,1.623123,2.862865,5.525583,0.854479,8.750779,0.863927,8.545473
20.000000,475.000000,5.000000,1.474004,3.752583,11.138642,1.019997,27.060497,1.082955,27.171920
20.000000,476.000000,6.000000,1.472575,4.659948,17.827339,2.179103,37.696218,2.303138,38.031337
20.000000,477.000000,6.000000,1.618328,4.649300,16.164272,2.883880,22.891608,3.034396,23.001606
20.000000,478.000000,7.000000,1.469336,3.518206,19.637190,2.628930,32.063139,2.598783,32.005880
20.000000,479.000000,6.000000,1.465276,7.663770,17.777051,1.957794,50.302106,2.126936,50.423718
20.000000,480.000000,6.000000,1.609276,12.958473,28.607356,2.440729,84.230040,2.622162,84.421723
20.000000,481.000000,6.000000,1.461228,1.806295,5.074815,1.529836,8.103115,1.625614,8.057469
20.000000,482.000000,7.000000,1.459764,1.785582,4.814870,2.981047,29.513155,3.135795,29.726663
20.000000,483.000000,7.000000,1.602672,2.587454,6.721024,3.612803,43.965607,3.839221,44.424594
20.000000,484.000000,6.000000,1.454983,4.461756,5.436116,2.295542,23.716515,2.483775,23.608974
20.000000,485.000000,6.000000,1.451349,5.569738,7.602971,1.952787,35.587710,2.101164,35.531295
20.000000,486.000000,6.000000,1.594116,7.979785,12.061263,2.120536,58.072406,2.275424,57.943853
20.000000,487.000000,6.000000,1.447072,9.211643,16.264005,2.124140,76.825060,2.258526,76.775901
20.000000,488.000000,6.000000,1.591287,3.143119,7.557659,2.467783,15.884669,2.579050,15.721978
20.000000,489.000000,8.000000,1.445160,2.177966,10.203965,2.368843,32.557541,2.485400,32.813183
20.000000,490.000000,8.000000,1.441353,2.686281,13.062179,2.668201,43.102567,2.750288,43.322530
20.000000,491.000000,7.000000,1.581718,3.822516,16.527752,2.757016,42.385951,2.800359,42.361521
20.000000,492.000000,8.000000,1.434170,6.593255,22.053254,2.881760,53.689513,2.954279,53.688895
20.000000,493.000000,7.000000,1.430313,7.272424,29.658197,2.991454,84.238049,3.050176,84.229338
20.000000,494.000000,6.000000,1.567841,1.742375,4.578721,3.599711,15.922301,3.666097,15.933602
20.000000,495.000000,6.000000,1.417827,1.806479,4.400994,3.724892,19.255685,3.804446,19.299039
20.000000,496.000000,6.000000,1.407991,2.160113,5.500498,4.357507,26.361161,4.440826,26.449931
20.000000,497.000000,5.000000,1.536126,3.360186,3.080751,1.550631,14.301315,1.652691,14.341120
20.000000,498.000000,5.000000,1.383964,3.287401,3.470783,1.395652,16.386513,1.484843,16.372490
20.000000,499.000000,5.000000,1.510648,4.104482,4.894016,1.357806,24.311014,1.449229,24.383916
20.000000,500.000000,6.000000,1.367561,5.843153,9.643442,0.898034,30.173407,1.014282,30.226528
20.000000,501.000000,6.000000,1.363159,7.003545,11.447444,0.893591,40.808733,1.012382,40.865188
20.000000,502.000000,6.000000,1.496451,9.685339,15.511748,0.987501,64.674521,1.144808,64.768291
20.000000,503.000000,7.000000,1.358041,10.656031,18.792024,1.288188,84.815207,1.435636,85.020828
20.000000,504.000000,7.000000,1.354967,1.695435,2.528103,1.159777,8.093283,1.301021,8.165683
20.000000,505.000000,7.000000,1.483880,2.186601,3.607784,1.347294,11.072893,1.548505,11.197593
20.000000,506.000000,7.000000,1.345076,2.296456,4.138104,1.310587,12.405931,1.496626,12.547048
20.000000,507.000000,8.000000,1.341937,3.397367,7.363671,1.333956,15.735859,1.439467,15.892726
20.000000,508.000000,8.000000,1.467104,4.749341,10.335542,1.192533,23.120320,1.257254,23.201651
20.000000,509.000000,8.000000,1.324777,5.138437,11.501648,1.113758,27.136936,1.127450,27.203219
20.000000,510.000000,7.000000,1.447835,3.326282,11.163393,1.674334,40.307151,1.794084,40.571905
20.000000,511.000000,8.000000,1.305358,6.542821,15.665249,1.844021,48.457285,1.992947,48.887833
20.000000,512.000000,7.000000,1.293241,3.041907,13.216356,1.899993,24.381217,2.060607,24.487212
20.000000,513.000000,6.000000,1.410625,6.206255,14.389378,1.875571,35.381195,1.925649,35.512342
20.000000,514.000000,6.000000,1.271065,7.178513,16.283196,2.054707,42.363323,2.104999,42.546669
20.000000,515.000000,6.000000,1.258348,9.629420,21.212754,2.362325,58.898052,2.412893,59.126123
20.000000,516.000000,5.000000,1.369345,1.629763,1.747752,2.651658,3.238741,2.796136,3.222798
20.000000,517.000000,5.000000,1.238501,1.598089,1.791973,2.691535,3.429065,2.800616,3.436430
20.000000,518.000000,5.000000,1.235412,1.743716,2.064673,3.117090,3.790193,3.236988,3.823704
20.000000,519.000000,6.000000,1.355583,2.644325,2.501015,2.899094,6.176579,2.922103,6.508444
20.000000,520.000000,6.000000,1.230456,2.695239,2.848752,4.256714,13.540801,4.289783,13.647165
20.000000,521.000000,5.000000,1.349038,2.468306,3.709446,3.015935,19.163148,3.203737,19.349674
20.000000,522.000000,5.000000,1.220081,2.437588,3.936316,2.925095,21.886172,3.061728,22.065128
20.000000,523.000000,5.000000,1.210318,2.662958,4.676842,1.768054,35.812385,1.945922,36.295337
20.000000,524.000000,5.000000,1.317754,4.043370,4.404444,1.696015,24.655449,1.846762,24.816122
20.000000,525.000000,6.000000,1.184095,4.810574,10.395946,1.387051,27.952767,1.395013,28.041154
20.000000,526.000000,6.000000,1.172019,6.128997,13.643186,1.608018,36.264741,1.618108,36.366027
20.000000,527.000000,6.000000,1.272468,8.975146,20.507310,2.416884,55.987118,2.436694,56.097293
20.000000,528.000000,6.000000,1.141300,10.656417,23.592161,2.695155,68.940266,2.705711,68.970293
20.000000,529.000000,5.000000,1.240017,1.958077,2.211183,2.549926,4.964705,2.568627,4.978774
20.000000,530.000000,5.000000,1.120172,2.001062,2.251693,2.337307,5.907019,2.344385,5.931426
20.000000,531.000000,5.000000,1.117083,2.265112,2.540887,2.318066,7.877213,2.332749,7.909143
20.000000,532.000000,5.000000,1.226502,2.881704,3.223539,2.550265,11.580335,2.577554,11.622007
20.000000,533.000000,4.000000,1.112925,3.220256,1.163586,1.529589,12.320591,1.550666,12.319496
20.000000,534.000000,4.000000,1.108967,3.768152,1.622842,1.555930,15.619871,1.623261,15.628500
20.000000,535.000000,5.000000,1.217431,4.103362,4.343324,2.386682,24.222980,2.497884,24.206721
20.000000,536.000000,5.000000,1.103937,4.045694,4.945644,2.198770,28.030639,2.343166,28.182603
20.000000,537.000000,7.000000,1.101853,3.959819,12.113757,2.478167,38.147885,2.639602,38.367352
20.000000,538.000000,5.000000,1.209910,1.573371,1.356066,2.009386,2.480825,2.180929,2.775005
20.000000,539.000000,5.000000,1.095677,1.603501,1.290634,2.082820,2.386502,2.021516,2.680500
20.000000,540.000000,6.000000,1.091860,1.638929,2.374998,2.262680,2.600853,2.276257,2.953255
20.000000,541.000000,6.000000,1.194964,1.929918,2.947863,2.016250,5.089668,2.217033,4.993126
20.000000,542.000000,6.000000,1.087922,1.926053,3.035852,1.956658,5.738137,2.131091,5.673033
20.000000,543.000000,6.000000,1.186894,2.327551,3.776095,2.229247,7.884151,2.422786,7.808304
20.000000,544.000000,6.000000,1.074966,2.382419,3.824964,1.595092,10.251437,1.772690,10.316506
20.000000,545.000000,6.000000,1.066838,2.691020,4.283006,1.718697,12.187838,1.893927,12.267718
20.000000,546.000000,6.000000,1.164923,3.442291,5.429139,2.082796,16.501258,2.271679,16.604438
20.000000,547.000000,6.000000,1.046443,3.553009,5.602880,1.922806,18.252895,2.087693,18.362685
20.000000,548.000000,6.000000,1.033850,4.147543,7.170409,2.087958,22.843957,2.249940,22.970962
20.000000,549.000000,5.000000,1.122813,6.356030,7.097193,2.471041,32.503994,2.620607,32.566594
20.000000,550.000000,6.000000,1.008711,7.731224,12.181281,1.924386,41.269951,1.936867,41.280987
20.000000,551.000000,7.000000,1.004120,9.609313,20.561685,2.560693,55.776310,2.483550,55.777870
20.000000,552.000000,6.000000,1.100989,1.468625,5.450410,2.002009,4.406354,2.084981,4.185230
20.000000,553.000000,7.000000,1.000074,3.958028,3.867063,2.682810,6.065838,2.720246,5.964526
20.000000,554.000000,7.000000,1.096004,4.631130,4.923956,2.375014,9.084368,2.410553,8.994003
20.000000,555.000000,7.000000,0.994164,4.401977,5.110879,2.379412,9.245580,2.402196,9.186298
20.000000,556.000000,6.000000,0.990566,2.545327,5.323048,2.708313,10.508349,2.770206,10.477915
20.000000,557.000000,7.000000,1.084736,3.054089,6.842705,1.599766,15.137374,1.548559,15.206125
20.000000,558.000000,7.000000,0.981110,3.219079,6.772621,1.404943,16.583047,1.380621,16.617598
20.000000,559.000000,8.000000,0.974622,4.772063,6.483542,1.390851,19.148415,1.396530,19.129583
20.000000,560.000000,8.000000,1.063011,5.915172,8.933648,1.576744,24.813991,1.604475,24.716735
20.000000,561.000000,8.000000,0.955875,6.272389,10.823585,1.504649,27.433247,1.514065,27.445799
20.000000,562.000000,7.000000,1.037469,10.748048,15.549445,1.420224,39.308091,1.375928,39.294994
20.000000,563.000000,7.000000,0.930886,12.744243,16.068345,1.366544,46.188150,1.351697,46.176797
20.000000,564.000000,6.000000,0.919147,1.432512,2.728602,1.335303,4.287459,1.305680,4.259893
20.000000,565.000000,7.000000,0.998523,1.371715,3.804374,1.793073,5.231087,1.766806,5.191729
20.000000,566.000000,7.000000,0.902654,1.194574,3.743108,1.116379,4.788019,1.051608,4.757853
20.000000,567.000000,7.000000,0.900660,1.171771,4.092116,1.120505,4.947311,1.086307,4.895053
20.000000,568.000000,7.000000,0.989921,1.429880,4.985704,1.340718,5.857766,1.322609,5.834020
20.000000,569.000000,8.000000,0.899513,1.396556,5.053191,1.402627,5.720482,1.406716,5.740135
20.000000,570.000000,8.000000,0.897719,1.489207,5.609388,2.128515,5.205629,2.143104,5.160731
20.000000,571.000000,8.000000,0.984058,1.781723,6.957436,2.609764,6.754837,2.629169,6.718622
20.000000,572.000000,6.000000,0.891937,1.859061,6.677827,2.474273,7.269488,2.496528,7.239836
20.000000,573.000000,6.000000,0.978251,2.373289,8.411155,3.107690,9.814432,3.135597,9.794584
20.000000,574.000000,6.000000,0.890066,2.455902,8.783327,3.453374,11.071675,3.507308,11.086050
20.000000,575.000000,5.000000,0.887214,3.456799,9.861178,2.769363,14.014243,2.707710,14.025799
20.000000,576.000000,5.000000,0.973559,4.782067,12.429805,3.332191,19.841387,3.240400,19.873115
20.000000,577.000000,5.000000,0.883240,5.436547,12.745350,3.211231,22.686242,3.160049,22.708744
20.000000,578.000000,5.000000,0.882874,5.359689,16.345997,3.490568,29.408968,3.374745,29.644694
20.000000,579.000000,5.000000,0.969864,7.930054,21.227571,4.035427,44.129916,3.972030,44.308372
20.000000,580.000000,4.000000,0.879920,2.125444,2.376469,2.978616,5.872726,2.920768,5.937420
20.000000,581.000000,4.000000,0.879181,2.398622,2.908307,3.595558,5.409109,3.557469,5.451010
20.000000,582.000000,4.000000,0.967382,3.044251,3.962035,4.783667,5.433218,4.792902,5.452229
20.000000,583.000000,5.000000,0.876737,2.304014,4.678486,1.873375,7.254973,1.920815,7.328102
20.000000,584.000000,5.000000,0.967294,2.978463,6.263326,2.143904,10.168103,2.212205,10.237272
20.000000,585.000000,5.000000,0.875712,2.984473,6.852173,1.880607,12.711717,1.971496,12.817174
20.000000,586.000000,5.000000,0.869894,3.223591,8.563460,2.040492,15.834481,2.097794,15.894898
20.000000,587.000000,4.000000,0.961747,2.816447,3.523877,2.857836,25.148485,2.965748,25.182729
20.000000,588.000000,4.000000,0.877026,2.970317,3.881091,2.895767,29.318485,3.015920,29.303474
20.000000,589.000000,4.000000,0.879948,3.499265,4.659288,3.763971,37.060910,3.968351,37.115259
20.000000,590.000000,3.000000,0.971911,0.559096,0.521075,2.600205,5.346452,2.933894,6.046304
20.000000,591.000000,3.000000,0.884628,0.492224,0.461598,1.971783,3.929110,2.257773,4.431915
20.000000,592.000000,3.000000,0.891824,0.496724,0.468387,2.108571,4.174729,2.500338,4.897905
20.000000,593.000000,5.000000,0.987271,3.698018,6.711125,3.001337,14.590900,2.763236,14.557723
20.000000,594.000000,5.000000,0.902242,3.791803,7.109005,3.002676,16.929695,2.806196,16.771564
20.000000,595.000000,4.000000,0.999991,1.166561,1.970616,1.621654,2.292184,1.547598,2.952066
20.000000,596.000000,4.000000,0.915614,1.072630,1.795835,1.396680,1.954750,1.369760,2.709661
20.000000,597.000000,4.000000,0.923368,1.089632,1.807015,1.354201,2.072309,1.390030,2.923495
20.000000,598.000000,4.000000,1.023563,1.215063,1.974457,1.492797,2.451366,1.541672,3.433391
20.000000,599.000000,4.000000,0.938700,1.154974,1.883146,1.358986,2.424451,1.399564,3.314277
20.000000,600.000000,3.000000,0.947463,1.165506,1.119756,0.948597,1.327679,1.362829,1.470656
20.000000,601.000000,3.000000,1.049435,1.330448,1.285843,1.288631,1.391225,1.389017,1.865343
20.000000,602.000000,3.000000,0.962778,1.229631,1.194537,1.357974,1.131692,1.116038,1.900247
20.000000,603.000000,4.000000,1.068823,1.498535,2.435924,1.733831,4.299719,1.750712,5.234578
20.000000,604.000000,5.000000,0.986065,2.451403,2.795006,1.941545,4.348793,2.469843,5.206663
20.000000,605.000000,5.000000,0.999184,2.739091,3.013334,2.229619,4.791450,2.788974,5.674102
20.000000,606.000000,5.000000,1.114973,3.372940,3.681085,2.914106,5.958048,3.562193,6.948895
20.000000,607.000000,5.000000,1.027750,3.595729,3.770723,2.968294,6.680346,3.649603,7.345773
20.000000,608.000000,5.000000,1.041010,4.229680,4.602374,3.416516,8.722803,4.127091,9.275584
20.000000,609.000000,5.000000,1.160299,5.008743,6.360649,4.153146,13.365286,4.945461,13.567591
20.000000,610.000000,5.000000,1.068716,5.040763,7.322929,4.456522,15.332408,5.203374,15.500816
20.000000,611.000000,5.000000,1.081650,5.934579,9.723771,4.405010,22.516783,5.178572,22.284044
20.000000,612.000000,4.000000,1.205565,8.949840,13.718865,3.506442,36.581208,4.099758,35.841253
20.000000,613.000000,5.000000,1.108839,12.607921,22.880567,3.193901,48.253858,3.403257,47.014583
20.000000,614.000000,4.000000,1.230117,1.771783,2.928604,4.690686,4.834085,4.254314,5.823353
20.000000,615.000000,4.000000,1.132673,1.633617,2.822169,5.592712,5.966520,5.493208,5.446161
20.000000,616.000000,4.000000,1.145172,1.839814,3.052849,7.818665,13.906770,8.210069,13.286812
20.000000,617.000000,4.000000,1.273778,2.489048,3.101637,13.771282,32.548086,13.143980,29.184596
20.000000,618.000000,3.000000,1.167592,3.492818,3.480458,2.945560,25.485920,2.615335,24.261038
20.000000,619.000000,5.000000,1.181426,11.051884,18.520548,2.179771,39.360469,1.727467,37.649474
20.000000,620.000000,4.000000,1.318356,11.054035,21.448951,3.809307,52.849182,2.463053,48.818612
20.000000,621.000000,4.000000,1.211122,1.588634,3.078523,3.792582,3.044392,3.196829,3.794816
20.000000,622.000000,5.000000,1.222084,1.139548,3.300331,3.598008,2.816263,2.183477,2.893534
20.000000,623.000000,5.000000,1.358953,1.363068,3.697693,3.317593,3.725904,2.396876,3.569331
20.000000,624.000000,4.000000,1.250485,1.547567,1.499604,1.331862,3.922968,1.548364,2.581464
20.000000,625.000000,4.000000,1.389057,1.808902,1.532928,1.380011,4.699500,1.453193,3.603355
20.000000,626.000000,4.000000,1.274249,1.728745,1.229127,1.413070,4.293508,1.539917,3.121062
20.000000,627.000000,5.000000,1.285805,1.783651,3.721653,2.218066,4.396796,2.588974,3.146654
20.000000,628.000000,5.000000,1.429660,2.195221,4.221737,2.774569,4.848420,3.179583,3.830572
20.000000,629.000000,5.000000,1.310902,2.238645,3.967730,2.868355,4.374020,2.710025,3.805845
20.000000,630.000000,5.000000,1.318776,2.577182,4.199282,3.344046,5.126709,2.541740,4.236678
20.000000,631.000000,5.000000,1.469901,3.280393,4.705314,4.028954,6.981590,2.601165,5.269047
20.000000,632.000000,5.000000,1.354773,3.430541,4.355842,3.978955,7.783381,2.314005,5.673465
20.000000,633.000000,4.000000,1.367225,3.168947,1.492207,3.003800,9.864436,2.207827,6.849253
20.000000,634.000000,5.000000,1.512792,5.254342,4.912871,3.922693,13.453661,3.301271,9.204498
20.000000,635.000000,4.000000,1.383966,2.228609,4.363973,3.578358,9.484333,3.212777,5.118972
20.000000,636.000000,4.000000,1.528783,2.491709,4.890604,3.940265,13.463439,3.566724,7.332585
20.000000,637.000000,3.000000,1.394490,0.632732,0.614211,2.462914,4.218172,2.522966,2.365569
20.000000,638.000000,3.000000,1.395113,0.624054,0.601603,1.900642,5.351986,1.884002,3.753984
20.000000,639.000000,3.000000,1.537959,0.761677,0.729367,2.153656,5.997949,2.032346,4.096042
20.000000,640.000000,3.000000,1.401586,0.755403,0.714411,2.006124,5.525789,1.808150,3.674985
20.000000,641.000000,3.000000,1.406977,0.823944,0.765667,2.064299,5.573462,1.760467,3.609066
20.000000,642.000000,3.000000,1.550106,0.999488,0.913731,2.352070,6.140552,1.885970,3.913544
20.000000,643.000000,3.000000,1.413576,0.975821,0.872638,2.171120,5.462156,1.667472,3.500226
20.000000,644.000000,3.000000,1.414483,1.014170,0.883701,2.213317,5.270928,1.610341,3.410335
20.000000,645.000000,3.000000,1.556375,1.183685,0.990810,2.461509,5.644423,1.718884,3.697075
20.000000,646.000000,3.000000,1.415613,1.126989,0.884599,2.241149,4.911275,1.501037,3.256739
20.000000,647.000000,3.000000,1.556821,1.258610,0.899171,2.497666,5.212108,1.589909,3.500836
20.000000,659.000000,3.000000,1.434211,0.158928,0.158899,2.272699,2.235766,0.515746,1.959559
20.000000,660.000000,3.000000,1.436146,0.174069,0.173972,2.331454,2.043917,0.439706,1.863659
20.000000,661.000000,3.000000,1.582126,0.205844,0.205727,2.611838,2.009689,0.394834,1.915335
20.000000,662.000000,3.000000,1.436401,0.200561,0.200384,2.345240,1.562892,0.267724,1.591180
20.000000,663.000000,3.000000,1.436264,0.199214,0.198907,2.391739,1.280532,0.191372,1.414204
20.000000,664.000000,3.000000,1.578956,0.222641,0.222204,2.624188,1.264982,0.221848,1.454299
20.000000,665.000000,3.000000,1.435066,0.196779,0.196441,2.393074,0.992097,0.250251,1.162932
20.000000,666.000000,3.000000,1.436246,0.191041,0.190679,2.374248,0.858656,0.324017,1.019018
20.000000,667.000000,3.000000,1.582723,0.203299,0.203202,2.466305,0.839709,0.442572,1.004996
20.000000,668.000000,3.000000,1.435597,0.173933,0.173924,2.118556,0.653524,0.478078,0.802192
20.000000,669.000000,3.000000,1.432503,0.173885,0.173883,1.951699,0.541515,0.556998,0.681732
20.000000,670.000000,3.000000,1.572765,0.191261,0.191261,1.789672,0.654691,0.637313,0.716567
20.000000,671.000000,3.000000,1.427571,0.174510,0.174508,1.370435,0.672664,0.525862,0.731175
20.000000,676.000000,3.000000,1.559682,0.170096,0.170089,0.534619,1.187645,0.551276,1.219301
20.000000,677.000000,3.000000,1.416330,0.152030,0.152008,0.458684,1.130923,0.525350,1.157482
20.000000,678.000000,3.000000,1.559817,0.170182,0.169952,0.530310,1.321835,0.623720,1.366750
20.000000,679.000000,3.000000,1.417105,0.153018,0.152866,0.523934,1.264485,0.583860,1.292037
20.000000,685.000000,3.000000,1.412885,0.119904,0.119890,1.255435,1.012546,0.838893,1.720679
20.000000,689.000000,3.000000,1.408721,0.124754,0.124696,1.344956,1.029563,0.958761,1.942456
20.000000,690.000000,3.000000,1.546028,0.146012,0.145917,1.504204,1.187271,1.073587,2.200588
20.000000,691.000000,3.000000,1.401528,0.124021,0.124013,1.405108,1.111614,0.967590,2.037320
20.000000,692.000000,3.000000,1.403731,0.141369,0.141342,1.397636,1.131379,0.975358,2.087104
20.000000,693.000000,3.000000,1.543705,0.170410,0.170355,1.561864,1.252406,1.065606,2.362413
20.000000,694.000000,3.000000,1.402923,0.164741,0.164716,1.452568,1.143972,0.951804,2.191283
20.000000,695.000000,3.000000,1.397006,0.178342,0.178333,1.568812,1.169427,0.938925,2.235233
20.000000,696.000000,3.000000,1.532601,0.211205,0.211204,1.833089,1.305362,1.020006,2.520521
20.000000,699.000000,3.000000,1.393054,0.242610,0.242575,1.663820,1.199651,0.872288,2.376576
20.000000,700.000000,3.000000,1.391755,0.262235,0.262151,1.697323,1.213472,0.855477,2.420282
20.000000,701.000000,3.000000,1.527420,0.311312,0.311136,1.887547,1.351741,0.914444,2.710096
20.000000,707.000000,3.000000,1.517996,0.421934,0.420606,1.936726,1.651237,0.723289,2.682370
20.000000,710.000000,3.000000,1.517990,0.499804,0.497127,1.929445,1.757341,0.658276,2.646249
20.000000,711.000000,3.000000,1.376714,0.476648,0.473888,1.734928,1.607433,0.555633,2.353905
20.000000,712.000000,3.000000,1.376804,0.508598,0.505874,1.732345,1.679976,0.555415,2.337658
20.000000,713.000000,3.000000,1.513846,0.581493,0.577450,1.965509,1.980132,0.576344,2.555866
20.000000,714.000000,3.000000,1.376983,0.544235,0.539403,1.817076,1.903729,0.500053,2.295076
20.000000,715.000000,3.000000,1.369389,0.559896,0.553627,1.891121,2.080807,0.444839,2.230454
20.000000,716.000000,3.000000,1.502662,0.643535,0.635417,2.194336,2.573407,0.445466,2.405037
20.000000,717.000000,3.000000,1.366676,0.623113,0.614766,2.111191,2.641793,0.368704,2.132981
20.000000,718.000000,3.000000,1.503372,0.681270,0.673042,2.421778,3.156685,0.381878,2.285473
20.000000,719.000000,3.000000,1.365993,0.623800,0.616508,2.236256,2.967314,0.307239,2.003429
20.000000,720.000000,3.000000,1.363323,0.614423,0.605750,2.297885,2.938259,0.257735,1.895439
20.000000,721.000000,3.000000,1.496995,0.672769,0.661292,2.674689,3.119067,0.238602,1.990306
20.000000,722.000000,3.000000,1.359749,0.617952,0.604583,2.547668,2.696980,0.191347,1.720562
20.000000,723.000000,3.000000,1.357152,0.597695,0.584985,2.649954,2.505696,0.149960,1.630983
20.000000,724.000000,3.000000,1.484350,0.650041,0.636333,3.047744,2.585175,0.120963,1.714100
20.000000,725.000000,3.000000,1.333282,0.547504,0.536042,2.796929,2.067327,0.065800,1.394496
20.000000,726.000000,3.000000,1.317056,0.533834,0.522715,2.841444,1.905603,0.040347,1.316060
20.000000,727.000000,3.000000,1.428924,0.557840,0.547264,3.155915,1.914871,0.017523,1.343440
20.000000,733.000000,3.000000,1.175588,0.272282,0.226597,2.771104,0.648430,0.395182,0.308797
20.000000,734.000000,3.000000,1.154035,0.191870,0.157419,2.586611,0.450415,0.263467,0.258932
20.000000,735.000000,3.000000,1.246012,0.149883,0.120757,2.629214,0.308869,0.191360,0.248098
20.000000,739.000000,3.000000,1.061174,0.139003,0.108380,1.372535,0.269274,0.250100,0.280390
20.000000,740.000000,3.000000,1.043703,0.142821,0.108547,1.165548,0.286808,0.273864,0.322764
20.000000,741.000000,3.000000,1.123764,0.165133,0.124260,1.239924,0.361238,0.354596,0.409664
20.000000,742.000000,3.000000,0.996577,0.161479,0.116189,1.096524,0.312049,0.339496,0.467011
20.000000,743.000000,3.000000,1.063940,0.194315,0.138099,1.112790,0.384854,0.425919,0.566962
20.000000,744.000000,3.000000,0.938776,0.190150,0.136647,0.867883,0.371064,0.418549,0.517781
20.000000,745.000000,3.000000,0.911571,0.209748,0.152325,0.747326,0.409699,0.466407,0.519067
20.000000,746.000000,3.000000,0.970502,0.216685,0.160313,0.778862,0.397466,0.478351,0.574806
20.000000,747.000000,3.000000,0.853787,0.209636,0.156901,0.645013,0.367952,0.457308,0.529984
20.000000,748.000000,3.000000,0.828192,0.199091,0.152788,0.622131,0.330015,0.437457,0.526499
20.000000,749.000000,3.000000,0.888062,0.231818,0.177826,0.674024,0.386534,0.532605,0.572636
20.000000,750.000000,3.000000,0.790058,0.204225,0.156485,0.653140,0.326024,0.477824,0.539376
20.000000,751.000000,3.000000,0.778854,0.193471,0.147537,0.617377,0.393632,0.477681,0.567628
20.000000,752.000000,3.000000,0.847361,0.209604,0.161644,0.704663,0.472397,0.564112,0.658621
20.000000,753.000000,3.000000,0.763945,0.169967,0.129246,0.604854,0.526693,0.514646,0.644377
20.000000,756.000000,3.000000,0.736561,0.134025,0.110507,0.634830,0.743106,0.621094,0.753840
20.000000,763.000000,3.000000,0.678163,0.290737,0.281977,0.868724,1.226325,0.848688,1.251331
20.000000,764.000000,3.000000,0.597872,0.298046,0.283943,0.783759,1.184875,0.783578,1.184445
20.000000,765.000000,3.000000,0.634743,0.363859,0.339842,0.934798,1.318317,0.888656,1.377449
20.000000,766.000000,3.000000,0.556724,0.365514,0.335587,0.821066,1.332434,0.786349,1.374617
