sequence,cls,frame,exposure,idsw_global,idsw_per,improvement,n_gt
0000,car,109,33.018145803951555,0,0,0,1
0000,car,110,1.92433995332231,0,0,0,1
0000,car,111,1.7656933855513715,0,0,0,1
0000,car,112,1.3516834666761606,0,0,0,1
0000,car,113,1.4580845858552272,0,0,0,2
0000,car,114,1.497214381533334,0,0,0,2
0000,car,115,1.7319607860054027,0,0,0,2
0000,car,116,1.9865944222513325,0,0,0,2
0000,car,117,2.5594131188842826,0,0,0,3
0000,car,118,1.6930495885382282,0,0,0,3
0000,car,119,1.8435404784004024,0,0,0,3
0000,car,120,2.187667320665484,0,0,0,4
0000,car,121,1.7111039686947747,0,0,0,4
0000,car,122,1.926104366582859,0,0,0,4
0000,car,123,2.1380382437610614,0,0,0,4
0000,car,124,2.0406893231206875,0,0,0,5
0000,car,125,2.2975852323818464,0,0,0,5
0000,car,126,2.4540821794658827,0,0,0,6
0000,car,127,2.1074109455183487,0,0,0,6
0000,car,128,1.7563278483933407,0,0,0,6
0000,car,129,1.589881109046293,0,0,0,6
0000,car,130,1.2808373334147045,0,0,0,7
0000,car,131,1.1698653689845118,0,0,0,7
0000,car,132,0.9248001551723388,0,0,0,7
0000,car,133,1.0198372202842583,0,0,0,7
0000,car,134,0.9602627701780415,0,0,0,7
0000,car,135,1.0597243023036522,0,0,0,7
0000,car,136,1.4322424288127678,0,0,0,7
0000,car,137,1.5668820197150437,0,0,0,7
0000,car,138,1.663873385574649,0,0,0,8
0000,car,139,2.0751648656869106,0,0,0,8
0000,car,140,2.051918675961978,0,0,0,8
0000,car,141,2.198062871677977,0,0,0,8
0000,car,142,2.531629823553673,0,0,0,8
0000,car,143,2.465979865604905,0,2,-2,8
0000,car,144,2.546995839827951,0,0,0,7
0000,car,145,2.398487459297029,0,0,0,7
0000,car,146,2.743822269127513,0,0,0,7
0000,car,147,2.619534793216085,0,0,0,7
0000,car,148,2.9520333414859894,0,0,0,7
0000,car,149,2.530625039582354,0,0,0,7
0000,car,150,2.6349198096074424,0,0,0,7
0000,car,151,3.312997849734318,0,0,0,7
0000,car,152,4.268932673319881,0,0,0,6
0000,car,153,2.3201384332628754,0,0,0,5
0000,pedestrian,1,5.078518923047189,0,0,0,1
0000,pedestrian,2,3.5787604415920793,0,0,0,1
0000,pedestrian,3,3.557916408303865,0,0,0,1
0000,pedestrian,4,4.659000228246763,0,0,0,1
0000,pedestrian,5,4.220989441113038,0,0,0,1
0000,pedestrian,138,2.235605569498243,0,0,0,1
0000,pedestrian,139,2.157091970421609,0,0,0,1
0000,pedestrian,140,1.9726162642612597,0,0,0,1
0000,pedestrian,141,1.9159934793999032,0,0,0,1
0000,pedestrian,142,1.8046769544766685,0,0,0,1
0000,pedestrian,143,1.4317465718592945,0,0,0,1
0000,pedestrian,144,1.2835584390252222,0,0,0,1
0000,pedestrian,145,0.9060929813237157,0,0,0,1
0000,pedestrian,146,1.3653091402532411,0,0,0,1
0000,pedestrian,147,1.874672693508398,0,0,0,1
0000,pedestrian,148,3.275656238594514,0,0,0,1
0000,pedestrian,149,4.463603176011964,0,0,0,1
0000,pedestrian,150,6.494735982645518,0,0,0,1
0000,pedestrian,151,9.174708933974905,0,0,0,1
0000,pedestrian,152,14.267959667080664,0,0,0,1
0000,pedestrian,153,17.17774508833407,0,0,0,1
0001,car,1,2.841836919021993,0,0,0,7
0001,car,2,2.7159963552651325,0,0,0,7
0001,car,3,3.0309592567044343,0,0,0,7
0001,car,4,3.741775817844179,0,0,0,7
0001,car,5,3.745028927908703,0,0,0,6
0001,car,6,4.606269724915919,0,0,0,6
0001,car,7,4.770206871590705,0,0,0,8
0001,car,8,1.0431237466006473,0,0,0,8
0001,car,9,1.2521588149948277,0,0,0,9
0001,car,10,0.8136431518850803,0,0,0,9
0001,car,11,0.9052883926167895,0,0,0,9
0001,car,12,0.6854454614929191,0,0,0,9
0001,car,13,0.6829261285543127,0,0,0,9
0001,car,14,0.7540768823087788,0,0,0,10
0001,car,15,0.5850649138791912,0,1,-1,10
0001,car,16,0.5924003930522067,0,0,0,9
0001,car,17,0.2577208331116076,0,1,-1,9
0001,car,18,0.365628908919155,0,0,0,7
0001,car,19,0.28648871223526995,0,0,0,8
0001,car,20,0.44749442781832477,0,0,0,8
0001,car,21,0.504767527442599,1,1,0,8
0001,car,22,0.6493600183927692,0,0,0,7
0001,car,23,0.6968069955777628,1,1,0,7
0001,car,24,0.853278704296749,0,0,0,7
0001,car,25,1.2467476097383876,0,0,0,6
0001,car,26,1.2249670023317596,0,0,0,6
0001,car,27,1.5409763727373749,0,0,0,6
0001,car,28,1.7886086077818812,0,0,0,5
0001,car,29,2.177572427887101,0,0,0,5
0001,car,30,2.197969701280787,0,0,0,6
0001,car,31,2.1917852464881724,0,0,0,6
0001,car,32,2.816252230227243,0,0,0,6
0001,car,33,3.1873455930636947,0,0,0,6
0001,car,34,3.832082983808251,0,0,0,8
0001,car,35,2.273622727039176,0,0,0,9
0001,car,36,1.6665803588989143,0,0,0,9
0001,car,37,1.847453401105472,0,0,0,9
0001,car,38,2.2612318206856177,0,1,-1,9
0001,car,39,2.0829310298628587,0,0,0,8
0001,car,40,3.001513572630126,0,0,0,8
0001,car,41,3.8476095901664644,0,0,0,8
0001,car,42,3.4806127135396316,0,0,0,8
0001,car,43,3.9279732630816593,0,1,-1,8
0001,car,44,2.946792749624784,0,1,-1,7
0001,car,45,2.178265286141673,0,0,0,7
0001,car,46,1.191052823690172,0,0,0,7
0001,car,47,1.4311027255665185,0,0,0,7
0001,car,48,1.567235360665687,0,0,0,7
0001,car,49,1.9318975586179556,1,1,0,7
0001,car,50,2.34631754600207,1,2,-1,7
0001,car,51,0.9596056864683671,0,0,0,6
0001,car,52,2.0061306273564288,0,0,0,6
0001,car,53,2.6037217687902285,1,1,0,6
0001,car,54,2.798581800362445,1,1,0,6
0001,car,55,3.37664262570175,0,0,0,7
0001,car,56,0.9891132544926902,0,0,0,6
0001,car,57,0.8934121614325555,0,0,0,6
0001,car,58,1.2076811910135254,2,2,0,6
0001,car,59,1.7949459431933166,0,1,-1,6
0001,car,60,2.0778949272981335,0,0,0,6
0001,car,61,2.699498628153225,0,0,0,6
0001,car,62,3.7632541818531973,0,1,-1,6
0001,car,63,4.654233853069045,2,1,1,6
0001,car,64,6.134367817419245,0,0,0,7
0001,car,65,5.371568389011135,0,0,0,10
0001,car,66,2.396925820795044,0,0,0,9
0001,car,67,2.8998345835030097,0,1,-1,9
0001,car,68,3.0052613753039963,0,0,0,10
0001,car,69,4.418963293460333,0,0,0,10
0001,car,70,5.002335497555459,0,0,0,10
0001,car,71,6.207022799932487,0,0,0,10
0001,car,72,6.382509025452948,0,1,-1,9
0001,car,73,6.424577206161018,0,0,0,8
0001,car,74,3.7496961881311477,0,0,0,7
0001,car,75,5.075686916520057,0,0,0,7
0001,car,76,6.682453654064185,0,0,0,8
0001,car,77,12.72217257392796,0,0,0,8
0001,car,78,7.1703198829839465,0,0,0,7
0001,car,79,6.517023117080722,0,0,0,7
0001,car,80,7.348361037784265,0,0,0,8
0001,car,81,5.822482994499464,1,0,1,10
0001,car,82,3.2355920827338043,0,0,0,10
0001,car,83,3.163337953725589,0,0,0,10
0001,car,84,3.5960500472352783,1,1,0,10
0001,car,85,4.050780807946974,0,0,0,13
0001,car,86,1.4549087146055353,0,1,-1,14
0001,car,87,1.144972041501382,0,0,0,14
0001,car,88,1.423010029199025,0,1,-1,13
0001,car,89,1.1181662427748424,0,0,0,12
0001,car,90,1.4654160635255207,0,0,0,13
0001,car,91,1.3359850508690596,2,2,0,13
0001,car,92,1.657741320863449,1,1,0,13
0001,car,93,1.92830946586138,0,0,0,12
0001,car,94,1.7450235092042776,2,2,0,12
0001,car,95,2.1724111785546163,0,0,0,13
0001,car,96,1.6070485463044395,0,0,0,13
0001,car,97,1.6761585374401937,0,0,0,12
0001,car,98,1.8519409522773076,0,1,-1,12
0001,car,99,2.210680033925049,1,1,0,10
0001,car,100,2.3760828597239856,0,0,0,10
0001,car,101,2.8570189341828685,0,0,0,10
0001,car,102,3.758190373233504,0,0,0,10
0001,car,103,3.8351521056855433,0,0,0,9
0001,car,104,4.078419825952374,0,0,0,9
0001,car,105,5.776612746044868,0,0,0,11
0001,car,106,4.425044417198005,0,0,0,11
0001,car,107,5.327705780834731,0,0,0,11
0001,car,108,5.1894142388810724,0,0,0,10
0001,car,109,5.631704870869293,0,0,0,12
0001,car,110,2.8931492578153453,1,1,0,13
0001,car,111,2.967565042966694,0,0,0,12
0001,car,112,2.419550265874866,0,0,0,12
0001,car,113,2.469659939461767,0,0,0,11
0001,car,114,2.4163210822858447,0,0,0,10
0001,car,115,1.9836911933969508,0,0,0,10
0001,car,116,2.536110368581688,0,0,0,10
0001,car,117,2.7522083668644575,0,0,0,10
0001,car,118,2.752620154945692,0,0,0,9
0001,car,119,3.3602136951287176,0,0,0,10
0001,car,120,2.590202028557578,0,0,0,10
0001,car,121,1.9311449960746108,0,1,-1,9
0001,car,122,3.7479631831407416,1,1,0,9
0001,car,123,3.3234889444844713,0,0,0,8
0001,car,124,2.840708402788634,0,0,0,8
0001,car,125,3.531076974544566,0,0,0,7
0001,car,126,2.149092926204836,0,0,0,7
0001,car,127,2.4135866273467923,0,0,0,7
0001,car,128,3.0532064534361347,0,0,0,7
0001,car,129,3.1255077236786977,0,0,0,7
0001,car,130,3.567873025560985,0,0,0,7
0001,car,131,2.8042951223855095,0,0,0,7
0001,car,132,2.3338211060209995,0,0,0,6
0001,car,133,2.7279853041812365,0,0,0,6
0001,car,134,3.6275249228331266,0,0,0,6
0001,car,135,2.5690291707745194,0,0,0,6
0001,car,136,1.8524334928316968,1,1,0,6
0001,car,137,1.9497024466755137,0,0,0,6
0001,car,138,2.2388798438012723,0,0,0,5
0001,car,139,4.503541071365186,0,0,0,5
0001,car,140,4.9373584814541225,0,0,0,5
0001,car,141,6.6411403368028585,0,0,0,5
0001,car,142,8.70130013193678,0,0,0,5
0001,car,143,9.30457895137663,0,0,0,5
0001,car,144,11.419562817408636,0,0,0,5
0001,car,145,16.048465882932536,0,0,0,5
0001,car,146,18.507260571661895,0,0,0,5
0001,car,147,13.572123930637266,0,0,0,4
0001,car,148,16.85598497267924,0,0,0,4
0001,car,149,8.796263544804086,0,0,0,3
0001,car,150,13.551244538363576,0,0,0,3
0001,car,151,14.222939847637594,0,0,0,3
0001,car,152,16.588660227736163,0,0,0,3
0001,car,153,21.76505543878062,0,0,0,2
0001,car,154,30.679088468235534,0,0,0,2
0001,car,155,28.102367348880364,0,0,0,4
0001,car,156,2.5070284308458315,0,0,0,4
0001,car,157,2.362908826960595,0,0,0,4
0001,car,158,2.5865558779303464,0,0,0,5
0001,car,159,0.47682278788309795,0,0,0,5
0001,car,160,0.404250832759386,0,0,0,4
0001,car,161,0.4959202327413761,0,0,0,4
0001,car,162,0.6787992888712113,0,0,0,4
0001,car,163,0.7005626577919061,0,0,0,4
0001,car,164,0.9699320481520084,0,0,0,4
0001,car,165,1.1021963276899434,0,0,0,4
0001,car,166,1.4423908773337113,0,0,0,4
0001,car,167,1.6583741897694892,0,0,0,4
0001,car,168,1.5603000340494584,0,0,0,4
0001,car,169,1.5243505042118768,0,0,0,3
0001,car,170,1.8269319535946773,0,0,0,3
0001,car,171,1.6521049447664438,0,0,0,3
0001,car,172,1.5820149211499999,0,0,0,3
0001,car,173,1.540672801847472,0,0,0,3
0001,car,174,1.672512438995209,0,0,0,3
0001,car,175,1.790362256741605,0,0,0,3
0001,car,176,2.032304357740279,0,0,0,2
0001,car,177,1.3210250036029199,0,0,0,2
0001,car,178,1.7834741656145976,0,0,0,2
0001,car,179,1.7777480491378688,0,0,0,2
0001,car,180,1.774714086437288,0,0,0,2
0001,car,181,2.0469415042949843,0,0,0,2
0001,car,182,2.4658850651946773,0,0,0,2
0001,car,183,1.5124396704800822,0,0,0,2
0001,car,184,1.9968342089926012,0,0,0,2
0001,car,185,1.9278100105182423,0,0,0,2
0001,car,186,2.639133385022656,0,0,0,2
0001,car,187,3.5032452106281884,0,0,0,2
0001,car,188,3.359163981413729,0,0,0,2
0001,car,189,3.4334243574894283,0,0,0,2
0001,car,190,3.466352983410309,0,0,0,2
0001,car,191,3.0564029202304286,0,0,0,2
0001,car,192,3.498337097077975,0,0,0,2
0001,car,193,4.211977040505017,0,0,0,2
0001,car,194,3.2330422648632515,0,0,0,1
0001,car,195,2.2003917205039834,0,0,0,2
0001,car,196,2.012935335351878,0,0,0,2
0001,car,197,1.8223766622878779,0,0,0,2
0001,car,198,2.0832818147062118,0,0,0,2
0001,car,199,2.2231793210437676,0,0,0,2
0001,car,200,2.066721772987644,0,0,0,2
0001,car,201,1.8554982217359057,0,0,0,2
0001,car,202,1.950132462777675,0,0,0,2
0001,car,203,1.6216365721803239,0,0,0,2
0001,car,204,1.3947306267896284,0,0,0,2
0001,car,205,1.2186503480548074,0,0,0,2
0001,car,206,1.190698563518918,0,0,0,2
0001,car,207,1.7276740773210382,0,0,0,2
0001,car,208,2.576937270069295,0,0,0,2
0001,car,209,2.4981276682143676,0,0,0,3
0001,car,210,2.7253566503568374,0,0,0,4
0001,car,211,4.4569284395122875,0,0,0,4
0001,car,212,4.566639866584398,0,0,0,4
0001,car,213,4.9184159251502,0,0,0,4
0001,car,214,5.664968440518579,0,0,0,4
0001,car,215,4.487963646705484,0,0,0,4
0001,car,216,3.0628607922353837,0,0,0,4
0001,car,217,3.7635411252158093,0,0,0,5
0001,car,218,3.7878361173154893,1,0,1,5
0001,car,219,3.324609129154399,0,0,0,5
0001,car,220,2.8970374926276086,0,0,0,6
0001,car,221,2.86032979328909,0,0,0,7
0001,car,222,3.1481796892718146,0,0,0,7
0001,car,223,4.37792413830757,0,0,0,7
0001,car,224,4.513090210280728,0,0,0,7
0001,car,225,5.002287404251494,0,0,0,8
0001,car,226,6.487908042300307,0,0,0,8
0001,car,227,6.566797036670882,0,0,0,8
0001,car,228,8.17639572866967,0,0,0,8
0001,car,229,7.894095741159506,0,0,0,6
0001,car,230,3.5578227418564556,1,0,1,8
0001,car,231,3.4952636547071156,0,0,0,8
0001,car,232,3.3244773822861036,0,0,0,8
0001,car,233,3.191153493996729,1,0,1,8
0001,car,234,3.661444810646562,0,0,0,8
0001,car,235,3.294896820276649,0,0,0,9
0001,car,236,3.0114980666066957,0,0,0,9
0001,car,237,2.871678100401859,0,0,0,9
0001,car,238,2.1599974207818726,0,0,0,9
0001,car,239,2.4905768663534023,0,0,0,9
0001,car,240,2.438852012406793,0,0,0,9
0001,car,241,1.8920798124511824,0,0,0,9
0001,car,242,1.794765287516817,0,0,0,9
0001,car,243,1.529386077871553,0,0,0,8
0001,car,244,1.013280387679725,0,0,0,8
0001,car,245,1.9623521576260439,0,0,0,9
0001,car,246,1.8436759265796014,0,0,0,9
0001,car,247,2.241029840485398,0,0,0,9
0001,car,248,2.7313775418432917,0,0,0,9
0001,car,249,2.7399123901279134,1,0,1,9
0001,car,250,3.0492190242326656,0,0,0,9
0001,car,251,2.8444885360961516,0,0,0,8
0001,car,252,3.084679647332992,0,0,0,8
0001,car,253,3.8811445770095734,0,0,0,8
0001,car,254,3.115782408903836,0,0,0,9
0001,car,255,0.6704959943059078,0,0,0,9
0001,car,256,0.8330647333018146,0,0,0,9
0001,car,257,0.8651542471320237,0,0,0,9
0001,car,258,1.0047804298092453,0,0,0,9
0001,car,259,1.1214203134661902,0,0,0,9
0001,car,260,1.0997347347872788,0,0,0,8
0001,car,261,1.054486185246509,0,0,0,7
0001,car,262,1.3260989124202969,0,0,0,7
0001,car,263,1.303032524839087,0,0,0,7
0001,car,264,1.6409278379660956,0,0,0,7
0001,car,265,1.6214846606279671,0,0,0,7
0001,car,266,1.8635540555709076,0,1,-1,7
0001,car,267,2.056839176658111,0,0,0,7
0001,car,268,2.364679010328791,0,0,0,6
0001,car,269,1.9477643183457745,0,0,0,6
0001,car,270,2.194570181588768,0,0,0,6
0001,car,271,1.06708885909419,0,0,0,7
0001,car,272,0.9807738152114537,0,0,0,7
0001,car,273,1.1796744159152917,0,0,0,7
0001,car,274,1.2301057515228264,0,0,0,7
0001,car,275,1.4281918798029487,0,0,0,7
0001,car,276,1.9425906408091502,0,0,0,7
0001,car,277,1.8608280762119054,0,0,0,7
0001,car,278,1.82074503536871,0,0,0,6
0001,car,279,1.9441344691268387,0,0,0,6
0001,car,280,2.067421422881094,0,0,0,9
0001,car,281,1.2234430978319073,0,0,0,9
0001,car,282,1.6378755068422237,0,1,-1,9
0001,car,283,1.3163908698914089,0,0,0,8
0001,car,284,1.3623378084633022,0,0,0,8
0001,car,285,1.2256695761434233,0,0,0,9
0001,car,286,1.179840044123149,0,1,-1,9
0001,car,287,1.2789161774666393,0,0,0,8
0001,car,288,0.9755882912538834,0,0,0,8
0001,car,289,1.0421015076237754,0,0,0,8
0001,car,290,1.2433623541518042,1,1,0,8
0001,car,291,1.301988896336643,0,1,-1,8
0001,car,292,1.3154581398447285,0,0,0,7
0001,car,293,1.305862104371819,0,0,0,7
0001,car,294,1.2881950709171681,1,1,0,7
0001,car,295,1.772830356297434,0,0,0,10
0001,car,296,1.0749503505781681,0,0,0,9
0001,car,297,1.2621981377585876,0,0,0,9
0001,car,298,1.468202089552531,1,0,1,9
0001,car,299,1.4029806880841487,1,2,-1,9
0001,car,300,1.5194561361260506,0,0,0,9
0001,car,301,1.9154183902546076,0,0,0,9
0001,car,302,1.8303855337825556,0,0,0,9
0001,car,303,2.160968241213297,0,0,0,9
0001,car,304,2.6176110203323097,0,0,0,8
0001,car,305,2.302043686327344,0,0,0,10
0001,car,306,1.9221109737853213,0,0,0,10
0001,car,307,2.320726790555299,0,1,-1,10
0001,car,308,2.3539864895488383,1,0,1,10
0001,car,309,2.532842366613753,0,1,-1,9
0001,car,310,3.092184507755561,1,1,0,10
0001,car,311,2.517119907651165,1,1,0,10
0001,car,312,3.2116515256559763,1,2,-1,10
0001,car,313,3.247777291204427,1,0,1,10
0001,car,314,3.768098800953185,0,1,-1,9
0001,car,315,3.6440282954137158,0,0,0,11
0001,car,316,3.6025574917707113,0,1,-1,11
0001,car,317,3.9954946229967145,0,0,0,10
0001,car,318,3.858502907649812,0,0,0,10
0001,car,319,4.067347177337768,0,0,0,10
0001,car,320,4.715011509407653,0,0,0,9
0001,car,321,4.0406532925229985,0,0,0,9
0001,car,322,4.121681800851614,0,0,0,9
0001,car,323,4.775323971330021,0,0,0,8
0001,car,324,3.997401838090145,0,0,0,8
0001,car,325,4.237544400324333,0,0,0,7
0001,car,326,3.1955271757665176,0,0,0,7
0001,car,327,4.09593819842497,0,0,0,7
0001,car,328,3.8690083829163777,0,0,0,6
0001,car,329,3.2493916362221382,0,0,0,6
0001,car,330,3.0400927604597463,0,0,0,5
0001,car,331,3.5974559213124437,0,0,0,5
0001,car,332,4.128788290382634,0,0,0,5
0001,car,333,3.933620703641785,0,0,0,5
0001,car,334,4.05629642622176,0,1,-1,5
0001,car,335,4.799799102000384,0,0,0,6
0001,car,336,4.104926989546147,0,0,0,5
0001,car,337,5.106455739561644,0,0,0,5
0001,car,338,6.584455044192886,0,0,0,5
0001,car,339,6.990881563203644,0,0,0,6
0001,car,340,14.61786330374819,0,0,0,8
0001,car,341,0.9629762433554289,0,0,0,7
0001,car,342,0.69133817921939,0,0,0,7
0001,car,343,0.6962766823597643,0,0,0,6
0001,car,344,0.5418256083947803,0,0,0,6
0001,car,345,0.5181751583081978,0,0,0,7
0001,car,346,1.0752917307538363,0,0,0,6
0001,car,347,0.6750403609579929,0,0,0,6
0001,car,348,0.6842216061908237,0,0,0,5
0001,car,349,0.745758971615328,0,0,0,5
0001,car,350,0.7923721655130294,0,0,0,5
0001,car,351,0.9145592541758812,0,0,0,5
0001,car,352,1.1954298701602095,0,0,0,5
0001,car,353,1.2530599212555422,0,0,0,5
0001,car,354,1.4384282566671802,0,0,0,5
0001,car,355,0.770401165259414,0,0,0,5
0001,car,356,0.7591685163116342,0,0,0,5
0001,car,357,0.8784370328292699,0,0,0,5
0001,car,358,1.0919675782558727,0,0,0,5
0001,car,359,1.1282261825580027,0,0,0,5
0001,car,360,1.4499187506429603,0,0,0,5
0001,car,361,1.5557004533619552,0,0,0,5
0001,car,362,1.7348925517563811,0,0,0,5
0001,car,363,2.1001870401795566,0,0,0,5
0001,car,364,2.240995656603909,0,0,0,5
0001,car,365,0.8495528589832397,0,0,0,4
0001,car,366,0.8302679412235692,0,0,0,4
0001,car,367,0.7216256344541342,0,0,0,4
0001,car,368,0.7526133879706343,0,0,0,4
0001,car,369,0.7541324393717787,0,0,0,4
0001,car,370,0.6681036254543562,0,0,0,4
0001,car,371,0.6519734431162089,0,0,0,4
0001,car,372,0.6638126619249591,0,0,0,4
0001,car,373,0.4849478017569696,0,0,0,4
0001,car,374,0.3739408451969233,1,1,0,4
0001,car,375,0.26528688817038504,0,0,0,3
0001,car,376,0.12009897819930908,0,0,0,3
0001,car,377,0.263777748908194,0,0,0,3
0001,car,378,0.29069883124744966,1,1,0,3
0001,car,379,0.37642681891565183,0,0,0,3
0001,car,380,0.4393786083497343,0,0,0,3
0001,car,381,0.33372346174231754,0,0,0,3
0001,car,382,0.27409698077138783,1,1,0,3
0001,car,383,0.3464082415205201,0,0,0,3
0001,car,384,0.31109717912795204,0,0,0,3
0001,car,385,0.20779235939435323,0,0,0,3
0001,car,386,0.23850731734184694,0,0,0,3
0001,car,387,0.2289652202257599,0,0,0,3
0001,car,388,0.12991978310663957,0,0,0,3
0001,car,389,0.06535243532298228,0,0,0,3
0001,car,390,0.15170472883033134,0,0,0,3
0001,car,391,0.25279004724698456,0,0,0,3
0001,car,392,0.19981806308021052,0,0,0,3
0001,car,393,0.2606055561537599,0,0,0,3
0001,car,394,0.3502466538555543,0,0,0,3
0001,car,395,0.2724608780537845,0,0,0,3
0001,car,396,0.2791524181812938,1,1,0,3
0001,car,397,0.3921832283922546,0,0,0,2
0001,car,398,0.40700250136340466,0,0,0,2
0001,car,399,0.40454281071516646,0,0,0,2
0001,car,400,0.48060659828924346,0,0,0,2
0001,car,401,0.3887428429365206,0,0,0,2
0001,car,402,0.3455235399979417,0,0,0,2
0001,car,403,0.2573676587548527,0,0,0,2
0001,car,404,0.20960110038972785,0,0,0,2
0001,car,405,0.20380103192277352,0,0,0,2
0001,car,406,0.21261406411409964,0,0,0,2
0001,car,407,0.1566196380349667,0,0,0,2
0001,car,408,0.30544555901075876,0,0,0,2
0001,car,409,0.3955332596025829,0,0,0,2
0001,car,410,0.16345580414938965,0,0,0,1
0001,car,411,0.0011253184043739125,0,0,0,1
0001,car,412,0.0008815383164075812,0,0,0,1
0001,car,413,0.007843676375856902,0,0,0,1
0001,car,414,0.012049001885789173,0,0,0,1
0001,car,415,0.004492887175333663,0,0,0,1
0001,car,416,0.0229262973456874,0,0,0,1
0001,car,417,0.015962983593587107,0,0,0,1
0001,car,418,0.01279832388668824,0,0,0,1
0001,car,419,0.02121901137001108,0,0,0,1
0001,car,420,0.0007846974033130254,0,0,0,1
0001,car,421,0.00482620628878454,0,0,0,1
0001,car,422,0.02703187436899751,0,0,0,1
0001,car,423,0.00706846663186556,0,0,0,1
0001,car,424,0.01064471972211561,0,0,0,1
0001,car,425,0.012746922319487573,0,0,0,1
0001,pedestrian,148,6.291436649828192,0,0,0,2
0001,pedestrian,149,6.959675496940379,0,0,0,2
0001,pedestrian,150,3.9269731571897286,0,0,0,2
0001,pedestrian,151,4.315988353743022,0,0,0,2
0001,pedestrian,152,5.229834821057296,0,0,0,2
0001,pedestrian,153,7.150896961069785,0,0,0,2
0001,pedestrian,154,0.3093161802318882,0,0,0,2
0001,pedestrian,155,0.36181533263685334,0,0,0,2
0001,pedestrian,156,20.573001416748756,0,0,0,2
0001,pedestrian,157,21.47838035387745,0,0,0,2
0001,pedestrian,158,24.54544436500376,0,0,0,2
0001,pedestrian,159,34.109649628869256,0,0,0,2
0001,pedestrian,160,35.122517363271164,0,0,0,2
0001,pedestrian,161,40.67539030374431,0,0,0,2
0001,pedestrian,162,50.893282501946175,0,0,0,2
0001,pedestrian,163,50.47349958055828,0,0,0,2
0001,pedestrian,336,2.433487759052079,0,0,0,1
0001,pedestrian,337,2.1062325583364667,0,0,0,1
0001,pedestrian,338,2.5575518699938686,0,0,0,1
0001,pedestrian,339,2.5217314859687368,0,0,0,1
0001,pedestrian,340,0.3572421907528922,0,0,0,1
0001,pedestrian,341,0.7139927775913669,0,0,0,1
0001,pedestrian,342,0.650211918032369,0,0,0,1
0001,pedestrian,343,0.6759799870665113,0,0,0,1
0001,pedestrian,344,0.7269247856901001,0,0,0,1
0001,pedestrian,345,0.6862995663568826,0,0,0,1
0001,pedestrian,346,0.4226157118236121,0,0,0,1
0001,pedestrian,347,0.6483675440651091,0,0,0,1
0001,pedestrian,348,0.6614071388687477,0,0,0,1
0001,pedestrian,349,1.0213558182234885,0,0,0,1
0001,pedestrian,350,0.9621560004256369,0,0,0,1
0001,pedestrian,351,0.8976683888793715,0,0,0,1
0001,pedestrian,352,0.9399344173171167,0,0,0,1
0001,pedestrian,353,0.8581132783635719,0,0,0,1
0001,pedestrian,354,0.9028517560926641,0,0,0,1
0001,pedestrian,355,1.153834588258182,0,0,0,1
0001,pedestrian,356,1.8464119601894828,0,0,0,1
0001,pedestrian,357,2.1256009213046587,0,0,0,1
0001,pedestrian,358,2.707132158740721,0,0,0,1
0001,pedestrian,359,2.7125259400594506,0,0,0,1
0001,pedestrian,360,3.205531128780928,0,0,0,1
0001,pedestrian,361,3.343905493447632,0,0,0,1
0001,pedestrian,362,4.017370439184341,0,0,0,1
0001,pedestrian,363,5.295281652301961,0,0,0,1
0001,pedestrian,364,5.595209402894575,0,0,0,1
0001,pedestrian,365,6.562626227112198,0,0,0,1
0001,pedestrian,366,9.362222169758027,0,0,0,1
0001,pedestrian,367,9.892771495014319,0,0,0,1
0001,pedestrian,368,11.654689170876345,0,0,0,1
0001,pedestrian,369,15.272808097871044,0,0,0,1
0001,pedestrian,370,16.12702609591656,0,0,0,1
0001,pedestrian,371,19.302393099808572,0,0,0,1
0001,pedestrian,372,24.532465027795258,0,0,0,1
0001,pedestrian,373,25.9907170673819,0,0,0,1
0001,pedestrian,374,29.254000899175008,0,0,0,1
0001,pedestrian,375,36.71386055003134,0,0,0,1
0002,car,1,2.621952372970655,0,0,0,3
0002,car,2,3.0597411175866545,0,0,0,3
0002,car,3,2.8915989971653886,0,0,0,2
0002,car,4,3.4110009115282938,0,0,0,2
0002,car,5,3.862795835045154,0,0,0,2
0002,car,6,4.938446646669675,0,0,0,2
0002,car,7,2.6090206674344243,0,0,0,1
0002,car,8,1.540773405785991,0,0,0,1
0002,car,9,1.6589609951958149,0,0,0,1
0002,car,10,1.2103411730441915,0,0,0,1
0002,car,26,0.12734606243977817,0,0,0,1
0002,car,27,0.15979757800614042,0,0,0,1
0002,car,28,0.10095526018355098,0,0,0,1
0002,car,29,0.12576152068390298,0,0,0,1
0002,car,30,0.1589945573410496,0,0,0,1
0002,car,31,0.17816863127068894,0,0,0,1
0002,car,32,0.11355800038870877,0,0,0,1
0002,car,33,0.10885869925190918,0,0,0,2
0002,car,34,0.24183693288437996,0,0,0,2
0002,car,35,0.3357521267356164,0,0,0,2
0002,car,36,0.3927202904772937,0,0,0,2
0002,car,37,0.42065005820252366,0,0,0,2
0002,car,38,0.4219382521089278,0,0,0,2
0002,car,39,0.44879546794585395,0,0,0,2
0002,car,40,0.4540666042334046,0,0,0,2
0002,car,41,0.4574401069532258,0,0,0,2
0002,car,42,0.4062875704443759,0,0,0,2
0002,car,43,0.44945198549669696,0,0,0,2
0002,car,44,0.4004279100300063,0,0,0,2
0002,car,45,0.377268265481721,0,0,0,2
0002,car,46,0.4206216888146761,0,0,0,2
0002,car,47,0.38532081833571463,0,0,0,2
0002,car,48,0.40928321274781426,0,0,0,2
0002,car,49,0.45391960269671805,0,0,0,2
0002,car,50,0.38860477582729425,0,0,0,2
0002,car,51,0.39929934818987767,0,0,0,2
0002,car,52,0.43144803966625145,0,0,0,3
0002,car,53,0.5727896689078064,0,0,0,3
0002,car,54,1.0341025298585425,0,0,0,3
0002,car,55,1.052443146071428,0,0,0,3
0002,car,56,1.2517975520603994,0,0,0,3
0002,car,57,1.610068607749334,0,0,0,3
0002,car,58,1.8623807888201467,0,0,0,4
0002,car,59,1.110438101256816,0,0,0,4
0002,car,60,1.2081748308613465,0,0,0,4
0002,car,61,1.1159878116693744,0,0,0,4
0002,car,62,1.175057259298616,0,0,0,4
0002,car,63,1.4970128197992216,0,0,0,4
0002,car,64,1.2877737901763955,0,0,0,4
0002,car,65,1.235139680641323,0,0,0,4
0002,car,66,1.2286099472794723,0,0,0,4
0002,car,67,1.1386923104865996,0,0,0,4
0002,car,68,1.3005066423782168,0,0,0,4
0002,car,69,1.3628437384117165,0,0,0,4
0002,car,70,1.0164382443251556,0,0,0,3
0002,car,71,0.3085976031802941,0,0,0,3
0002,car,72,0.3556553086936428,0,0,0,3
0002,car,73,1.0658105414508787,0,0,0,3
0002,car,74,1.2084013247531202,0,0,0,3
0002,car,75,1.1155885522405413,0,0,0,3
0002,car,76,1.065145072557866,0,0,0,3
0002,car,77,0.9850660311439483,0,0,0,3
0002,car,78,1.330409801727734,0,0,0,4
0002,car,79,0.40149172056135973,0,0,0,4
0002,car,80,0.4395185669426749,0,0,0,4
0002,car,81,0.35808464464986345,0,0,0,4
0002,car,82,0.36983336137675454,0,0,0,6
0002,car,83,0.24253168295357638,0,0,0,6
0002,car,84,0.15120865039296455,1,1,0,7
0002,car,85,0.12922512280811527,0,0,0,7
0002,car,86,0.14638964045747538,0,0,0,7
0002,car,87,0.16771532136910805,0,0,0,7
0002,car,88,0.1641007896870503,0,0,0,8
0002,car,89,0.22442335244319028,0,0,0,8
0002,car,90,0.19061583446994054,0,0,0,8
0002,car,91,0.23793824686620466,0,0,0,8
0002,car,92,0.2541813913092463,0,0,0,8
0002,car,93,0.250193766861057,0,0,0,8
0002,car,94,0.23437263274725248,0,0,0,8
0002,car,95,0.2547941480119958,0,0,0,8
0002,car,96,0.2204514734070128,0,0,0,8
0002,car,97,0.19897984741861224,0,0,0,8
0002,car,98,0.16948635322447644,0,0,0,8
0002,car,99,0.15908524853426656,0,0,0,8
0002,car,100,0.16006812166483422,1,1,0,8
0002,car,101,0.1880847453409989,3,3,0,8
0002,car,102,0.2102216053060359,0,0,0,8
0002,car,103,0.23069461559356338,0,0,0,8
0002,car,104,0.2456559819927221,0,0,0,8
0002,car,105,0.21512369929091343,0,0,0,8
0002,car,106,0.1810128624172679,0,0,0,8
0002,car,107,0.12594354636362606,0,0,0,8
0002,car,108,0.15859235016045814,0,0,0,8
0002,car,109,0.11568586346143425,0,0,0,8
0002,car,110,0.1612968994364956,0,0,0,8
0002,car,111,0.17710841006782022,1,1,0,8
0002,car,112,0.17715810524597672,0,0,0,8
0002,car,113,0.18418443874895338,0,0,0,8
0002,car,114,0.1611202114970261,1,1,0,8
0002,car,115,0.13932226073927506,0,0,0,8
0002,car,116,0.14057676876856562,0,0,0,8
0002,car,117,0.0856040360249425,0,0,0,8
0002,car,118,0.07304248491067537,0,0,0,6
0002,car,119,0.07377176515014343,0,0,0,6
0002,car,120,0.057954347130952634,0,0,0,6
0002,car,121,0.0454699125992301,0,0,0,6
0002,car,122,0.042425896587200106,0,0,0,6
0002,car,123,0.06724637411907224,0,0,0,6
0002,car,124,0.05048105147613397,0,0,0,6
0002,car,125,0.04129552825580122,0,0,0,6
0002,car,126,0.0406355281975365,0,0,0,6
0002,car,127,0.03607059164492485,0,0,0,6
0002,car,128,0.019569164276103862,1,1,0,6
0002,car,129,0.03610506923677487,0,0,0,6
0002,car,130,0.03705051655512115,0,0,0,6
0002,car,131,0.02728422510576367,0,0,0,6
0002,car,132,0.030526146726896387,0,0,0,6
0002,car,133,0.03011319118503816,0,0,0,6
0002,car,134,0.07233011445753362,0,0,0,6
0002,car,135,0.07555853719561625,0,0,0,6
0002,car,136,0.17034442847099812,0,0,0,6
0002,car,137,0.10302642277906743,0,0,0,6
0002,car,138,0.123579780688532,0,0,0,5
0002,car,139,0.08385911564877624,0,0,0,5
0002,car,140,0.10042107443724058,0,0,0,5
0002,car,141,0.10069208848761636,0,0,0,5
0002,car,142,0.11218342896161854,0,0,0,5
0002,car,143,0.10708571148314117,0,0,0,5
0002,car,144,0.11372053699046772,0,0,0,5
0002,car,145,0.11193720545792972,0,0,0,5
0002,car,146,0.11279353266968532,0,0,0,5
0002,car,147,0.16296923806349062,1,1,0,5
0002,car,148,0.07079378874553044,0,0,0,5
0002,car,149,0.06845215834092148,0,0,0,5
0002,car,150,0.07134849688687335,0,0,0,5
0002,car,151,0.07855540520182754,0,0,0,5
0002,car,152,0.05232361584369507,0,0,0,5
0002,car,153,0.06608854688251119,0,0,0,6
0002,car,154,0.04075941897123358,0,0,0,6
0002,car,155,0.06041075065592893,0,0,0,7
0002,car,156,0.052740798682196915,0,0,0,7
0002,car,157,0.05033058914871807,0,0,0,6
0002,car,158,0.06664355193170513,0,0,0,5
0002,car,159,0.04868455237367062,0,0,0,5
0002,car,160,0.04888506890127892,0,0,0,5
0002,car,161,0.04252695244526786,0,0,0,5
0002,car,162,0.060018208045031066,0,0,0,5
0002,car,163,0.03141080975066523,0,0,0,4
0002,car,164,0.009992025328580754,0,0,0,4
0002,car,165,0.012472262794865931,0,0,0,4
0002,car,166,0.005925373968378058,0,0,0,4
0002,car,167,0.006058820642634405,0,0,0,4
0002,car,168,0.0070836627806344045,0,0,0,4
0002,car,169,0.012753170808770212,0,0,0,4
0002,car,170,0.010653759582128063,0,0,0,4
0002,car,171,0.005258402416497488,0,0,0,4
0002,car,172,0.01681627238023079,0,0,0,4
0002,car,173,0.0048943623212332355,0,0,0,4
0002,car,174,0.006116316267296741,0,0,0,4
0002,car,175,0.0054218861953756635,0,0,0,4
0002,car,176,0.0032872113001559578,0,0,0,4
0002,car,177,0.006523001457906683,0,0,0,4
0002,car,178,0.00510408740717863,0,0,0,4
0002,car,179,0.00937436943023903,0,0,0,4
0002,car,180,0.009037350963269646,0,0,0,4
0002,car,181,0.010099623389250119,0,0,0,4
0002,car,182,0.0196517739306305,0,0,0,4
0002,car,183,0.008560632085117962,0,0,0,4
0002,car,184,0.00956339199378217,0,0,0,4
0002,car,185,0.019741798118623657,0,0,0,4
0002,car,186,0.0075473106500678604,0,0,0,5
0002,car,187,0.016308069194402763,0,0,0,5
0002,car,188,0.004600394957963443,0,0,0,5
0002,car,189,0.004972731591215033,0,0,0,5
0002,car,190,0.002307595854606097,0,0,0,5
0002,car,191,0.022362433670124044,0,0,0,5
0002,car,192,0.006291895163201668,1,1,0,5
0002,car,193,0.01026382452481489,0,0,0,5
0002,car,194,0.0070996598256856894,2,2,0,5
0002,car,195,0.016393177042870827,0,0,0,5
0002,car,196,0.009823438643650428,0,0,0,5
0002,car,197,0.006206097237333562,0,0,0,5
0002,car,198,0.004605306633073996,0,0,0,5
0002,car,199,0.0011062766867030484,0,0,0,5
0002,car,200,0.004719784339475432,0,0,0,5
0002,car,201,0.0076606900177917745,0,0,0,5
0002,car,202,0.00936943769666005,0,0,0,5
0002,car,203,0.003799402039704869,0,0,0,5
0002,car,204,0.0036958168954907243,0,0,0,5
0002,car,205,0.007115382048612222,0,0,0,5
0002,car,206,0.009189915994863615,0,0,0,5
0002,car,207,0.012397242001219477,0,0,0,5
0002,car,208,0.008226795443803734,0,0,0,5
0002,car,209,0.01649601701393346,0,0,0,5
0002,car,210,0.003136330172503584,0,0,0,5
0002,car,211,0.0010446364826037528,0,0,0,5
0002,car,212,0.01002219311478779,0,0,0,5
0002,car,213,0.012948245166312766,0,0,0,5
0002,car,214,0.010905565541512018,0,0,0,5
0002,car,215,0.013976643104287406,0,0,0,5
0002,car,216,0.01434532696544869,0,0,0,5
0002,car,217,0.018267720345218223,0,0,0,5
0002,car,218,0.013239903953486438,0,0,0,5
0002,car,219,0.005818123655490517,0,0,0,5
0002,car,220,0.004585358517678077,0,0,0,5
0002,car,221,0.002332336788563541,0,0,0,5
0002,car,222,0.006142402258750046,0,0,0,5
0002,car,223,0.003489920548652405,0,0,0,5
0002,car,224,0.01509325682335045,0,0,0,5
0002,car,225,0.0058823972955254,0,0,0,5
0002,car,226,0.017096961258928362,0,0,0,5
0002,car,227,0.013966952896955749,0,0,0,5
0002,car,228,0.013320900007392911,0,0,0,5
0002,car,229,0.010819692910065707,0,0,0,5
0002,car,230,0.002093267449599991,0,0,0,5
0002,car,231,0.01629401386158395,0,0,0,5
0002,car,232,0.018510812382038416,0,0,0,5
0002,pedestrian,59,0.6511784854770835,0,0,0,1
0002,pedestrian,60,0.711336287065069,0,0,0,1
0002,pedestrian,61,0.6163833928734334,0,0,0,1
0002,pedestrian,62,0.6782911451423216,0,0,0,1
0002,pedestrian,69,0.1926306007458332,0,0,0,1
0002,pedestrian,79,1.1614041909977888,1,1,0,1
0002,pedestrian,80,1.3511606884309657,0,0,0,1
0002,pedestrian,81,1.3213609685250225,0,0,0,1
0002,pedestrian,82,1.362375644807881,0,0,0,1
0002,pedestrian,83,1.8140806839956767,0,0,0,1
0002,pedestrian,84,1.718187350237049,0,0,0,1
0002,pedestrian,85,1.9382185316796414,0,0,0,1
0002,pedestrian,86,1.8163977233745228,0,0,0,1
0002,pedestrian,87,1.8791303039366127,0,0,0,1
0002,pedestrian,88,2.173472126483971,0,0,0,1
0002,pedestrian,89,2.0615419066587184,0,0,0,1
0002,pedestrian,90,2.1313976061869035,0,0,0,1
0002,pedestrian,91,2.429282428110162,0,0,0,1
0002,pedestrian,92,2.2910986504534425,0,0,0,1
0002,pedestrian,93,2.375598251326955,0,0,0,1
0002,pedestrian,94,2.7624409284984717,0,0,0,1
0002,pedestrian,95,2.569584496954263,0,0,0,1
0002,pedestrian,96,2.6488262663756097,0,0,0,1
0002,pedestrian,97,3.0187490372355,0,0,0,1
0002,pedestrian,101,3.1148800306646,0,0,0,1
0002,pedestrian,102,3.2256691711781063,0,0,0,1
0002,pedestrian,103,3.639990544088506,0,0,0,1
0002,pedestrian,104,3.307401860236245,0,0,0,1
0002,pedestrian,105,3.7426170447051925,0,0,0,1
0002,pedestrian,106,3.4577968796434044,0,0,0,1
0002,pedestrian,107,3.5644350538198504,0,0,0,1
0002,pedestrian,108,3.9646046674181368,0,0,0,1
0002,pedestrian,109,3.5859263889375494,0,0,0,1
0002,pedestrian,110,3.5703152683880597,0,0,0,1
0002,pedestrian,111,3.9639429888659024,0,0,0,1
0002,pedestrian,112,3.5308748809127937,0,0,0,1
0002,pedestrian,113,3.529964654613625,0,0,0,1
0002,pedestrian,114,3.922512800277604,0,0,0,1
0002,pedestrian,115,3.560369738902614,0,0,0,1
0002,pedestrian,116,3.8167262741642314,0,0,0,1
0002,pedestrian,117,3.5299430166258925,0,0,0,1
0002,pedestrian,118,3.465735043460336,0,0,0,1
0002,pedestrian,119,3.8582025928732575,0,0,0,1
0002,pedestrian,120,3.4251338048776234,0,0,0,1
0002,pedestrian,121,3.36392989422168,0,0,0,1
0002,pedestrian,122,3.6740612536351893,0,0,0,1
0002,pedestrian,123,3.121202188990188,0,0,0,1
0002,pedestrian,124,2.9843342321248256,0,0,0,1
0002,pedestrian,125,3.139351523664248,0,0,0,1
0002,pedestrian,126,2.74334507495197,0,0,0,1
0002,pedestrian,127,2.6259659444268184,0,0,0,1
0002,pedestrian,128,2.8463438643225927,0,0,0,1
0002,pedestrian,129,2.3151649492114976,0,0,0,1
0002,pedestrian,130,2.574433880437832,0,0,0,1
0002,pedestrian,131,2.197205875545,0,0,0,1
0002,pedestrian,132,2.30257881470076,0,0,0,1
0002,pedestrian,133,2.5482752861773665,0,0,0,1
0002,pedestrian,134,2.322557589360778,0,0,0,1
0002,pedestrian,135,2.2726586921212912,0,0,0,1
0002,pedestrian,136,2.3932459611331223,0,0,0,1
0002,pedestrian,137,2.153315650100019,0,0,0,1
0002,pedestrian,138,2.3785166394188555,0,0,0,1
0002,pedestrian,139,2.345712770754292,0,0,0,1
0002,pedestrian,140,2.342690130951821,0,0,0,1
0002,pedestrian,141,2.4256931270232447,0,0,0,1
0002,pedestrian,142,2.686779095671472,0,0,0,1
0002,pedestrian,143,2.406544905611178,0,0,0,1
0002,pedestrian,144,2.6744602366129593,0,0,0,1
0002,pedestrian,145,2.370538509923098,0,0,0,1
0002,pedestrian,146,2.341399145525783,0,0,0,1
0002,pedestrian,147,1.0171821286529077,0,0,0,1
0002,pedestrian,148,0.9530753850407152,0,0,0,1
0002,pedestrian,149,0.8630061752132085,0,0,0,1
0002,pedestrian,150,0.8171028490498309,0,0,0,1
0002,pedestrian,151,0.8990175017788115,0,0,0,1
0002,pedestrian,152,0.772570596549004,0,0,0,1
0002,pedestrian,153,0.8704660690435551,0,0,0,1
0002,pedestrian,154,0.7390424220583,0,0,0,1
0002,pedestrian,155,0.6907876833999282,0,0,0,1
0002,pedestrian,156,0.9743328565717296,0,0,0,1
0002,pedestrian,157,0.8527656975167285,0,0,0,1
0002,pedestrian,158,0.8904585495934737,0,0,0,1
0002,pedestrian,159,0.8542731474035133,0,0,0,1
0002,pedestrian,160,0.881856236715245,0,0,0,1
0002,pedestrian,161,0.6658741760109586,0,0,0,1
0002,pedestrian,162,0.8580471769670748,0,0,0,1
0002,pedestrian,163,0.43557047477228694,0,0,0,1
0002,pedestrian,164,0.26933041441445316,0,0,0,1
0002,pedestrian,165,0.27543617584384017,0,0,0,1
0002,pedestrian,166,0.2079157644628624,0,0,0,1
0002,pedestrian,167,0.18481104753595967,0,0,0,1
0002,pedestrian,168,0.07166621861654589,0,0,0,1
0002,pedestrian,169,0.12803590572828627,0,0,0,1
0002,pedestrian,170,0.24323586466523475,0,0,0,1
0002,pedestrian,171,0.2511011484686861,0,0,0,1
0002,pedestrian,172,0.3512678474642643,0,0,0,1
0002,pedestrian,173,0.19061851419051692,0,0,0,1
0002,pedestrian,174,0.10078790177462961,0,0,0,1
0002,pedestrian,175,0.059193714799926245,0,0,0,1
0002,pedestrian,176,0.099926095051783,0,0,0,1
0002,pedestrian,177,0.12412509551350898,0,0,0,1
0002,pedestrian,178,0.17501971678135883,0,0,0,1
0002,pedestrian,179,0.1685921693161044,0,0,0,1
0002,pedestrian,180,0.21925400540924614,0,0,0,1
0002,pedestrian,181,0.08645984024327347,0,0,0,1
0002,pedestrian,182,0.24421895569481555,0,0,0,1
0002,pedestrian,183,0.06282212941084807,0,0,0,1
0002,pedestrian,184,0.13971300367966547,0,0,0,1
0002,pedestrian,185,0.10990701349247128,0,0,0,1
0002,pedestrian,186,0.2592857954629202,0,0,0,1
0002,pedestrian,187,0.21246547856077144,0,0,0,1
0002,pedestrian,188,0.14708451668498,0,0,0,1
0002,pedestrian,189,0.1052565402216545,0,0,0,1
0002,pedestrian,190,0.0686112473104038,0,0,0,1
0002,pedestrian,191,0.23206724585343996,0,0,0,1
0002,pedestrian,192,0.23706474950565384,0,0,0,1
0002,pedestrian,193,0.26658117412252935,0,0,0,1
0002,pedestrian,194,0.21297423727268514,0,0,0,1
0002,pedestrian,195,0.37898674904082824,0,0,0,1
0002,pedestrian,196,0.25063206381338915,0,0,0,1
0002,pedestrian,197,0.06803089567977225,0,0,0,1
0002,pedestrian,198,0.08714191934489769,0,0,0,1
0002,pedestrian,199,0.025938012232479848,0,0,0,1
0002,pedestrian,200,0.11566625570471815,0,0,0,1
0002,pedestrian,201,0.06163089541948833,0,0,0,1
0002,pedestrian,202,0.28140037331869133,0,0,0,1
0002,pedestrian,203,0.12975508971702177,0,0,0,1
0002,pedestrian,204,0.17484590756507423,0,0,0,1
0002,pedestrian,205,0.1181751688296506,0,0,0,1
0002,pedestrian,206,0.2577226713824773,0,0,0,1
0002,pedestrian,207,0.1513706239143463,0,0,0,1
0002,pedestrian,208,0.18846158960007034,0,0,0,1
0002,pedestrian,209,0.18988855873326244,0,0,0,1
0002,pedestrian,210,0.039895020589583,0,0,0,1
0002,pedestrian,211,0.010532205648045105,0,0,0,1
0002,pedestrian,212,0.02680526270826441,0,0,0,1
0002,pedestrian,213,0.11439792865993681,0,0,0,1
0002,pedestrian,214,0.15170082157256184,0,0,0,1
0002,pedestrian,215,0.34777257458983885,0,0,0,1
0002,pedestrian,216,0.3180922101886727,0,0,0,1
0002,pedestrian,217,0.4461060884663674,0,0,0,1
0002,pedestrian,218,0.34052431360169977,0,0,0,1
0002,pedestrian,219,0.2099105855877278,0,0,0,1
0002,pedestrian,220,0.20589764212573866,0,0,0,1
0002,pedestrian,221,0.04589469136487365,0,0,0,1
0002,pedestrian,222,0.1514513761853003,0,0,0,1
0002,pedestrian,223,0.13959017306058932,0,0,0,1
0002,pedestrian,224,0.18265897599046543,0,0,0,1
0002,pedestrian,225,0.15177267138338374,0,0,0,1
0002,pedestrian,226,0.2598019196208476,0,0,0,1
0002,pedestrian,227,0.13241089289250163,0,0,0,1
0002,pedestrian,228,0.5002678742434342,0,0,0,1
0002,pedestrian,229,0.14556201287277887,0,0,0,1
0002,pedestrian,230,0.05484081930551377,0,0,0,1
0002,pedestrian,231,0.6097139295087384,0,0,0,1
0002,pedestrian,232,0.6541211313414725,0,0,0,1
0003,car,1,69.43345213876216,0,0,0,2
0003,car,2,71.12811805095434,0,0,0,2
0003,car,3,56.76088385594602,0,0,0,2
0003,car,4,58.589653809036605,0,0,0,2
0003,car,5,47.38938697182583,0,0,0,2
0003,car,6,43.22054214778567,0,0,0,3
0003,car,7,0.8170530091125291,0,0,0,3
0003,car,8,0.9187243419042355,0,0,0,3
0003,car,9,0.8445508066192801,0,0,0,3
0003,car,10,0.9073439870019467,0,0,0,3
0003,car,11,1.2539190783665763,0,0,0,3
0003,car,12,1.334445328169675,0,0,0,3
0003,car,13,1.7403277627872955,0,0,0,3
0003,car,14,1.6727197115723422,0,0,0,3
0003,car,15,2.02328158197566,0,0,0,3
0003,car,16,1.8627794602532008,0,0,0,3
0003,car,17,2.013717604170868,0,0,0,3
0003,car,18,2.1081620922797186,0,0,0,3
0003,car,19,2.559659351454067,0,0,0,3
0003,car,20,2.5357553014583307,0,0,0,3
0003,car,21,2.7034139885971578,0,0,0,3
0003,car,22,3.492481660386611,0,0,0,4
0003,car,23,11.767151311025764,0,0,0,4
0003,car,24,12.73561173178097,0,0,0,4
0003,car,25,11.553971950227758,1,0,1,4
0003,car,26,13.77709993576881,0,1,-1,3
0003,car,27,31.26332253462397,0,1,-1,3
0003,car,28,25.761493589525355,0,1,-1,3
0003,car,29,23.109468128196553,0,1,-1,3
0003,car,30,79.86103147806504,0,1,-1,2
0003,car,31,51.21005238503306,0,0,0,2
0003,car,32,43.5563808287261,0,0,0,2
0003,car,33,43.25097736942059,0,0,0,2
0003,car,34,33.192604913816815,0,0,0,2
0003,car,35,29.870047450605004,0,0,0,2
0003,car,36,30.25754945204882,0,0,0,2
0003,car,37,23.68022208829852,0,0,0,2
0003,car,38,20.9767184547976,0,0,0,2
0003,car,39,20.248097221484976,0,0,0,2
0003,car,40,15.546030806940783,0,0,0,2
0003,car,41,14.943213796223116,0,0,0,2
0003,car,42,11.22316745234693,0,0,0,2
0003,car,43,9.495626885300371,0,0,0,2
0003,car,44,9.24414494606766,0,0,0,2
0003,car,45,7.123949908304436,0,0,0,2
0003,car,46,6.145169334539022,0,0,0,2
0003,car,47,6.005245668714007,0,0,0,2
0003,car,48,4.899821399810221,0,0,0,2
0003,car,49,4.094355495406679,0,0,0,2
0003,car,50,3.964207722929291,0,0,0,2
0003,car,51,3.0316390068116497,0,0,0,2
0003,car,52,2.5487634095829304,0,0,0,2
0003,car,53,2.5491341961594163,0,0,0,2
0003,car,54,1.9947280228740085,0,0,0,2
0003,car,55,2.0187483546337193,0,0,0,3
0003,car,56,3.9920215995476487,0,0,0,3
0003,car,57,3.566956508765523,0,0,0,3
0003,car,58,3.4457024505551113,0,0,0,3
0003,car,59,3.027200164875958,0,0,0,3
0003,car,60,2.425474150954449,0,0,0,3
0003,car,61,2.589065033725106,0,0,0,3
0003,car,62,1.995096752471112,0,0,0,3
0003,car,63,1.798806961319397,0,0,0,3
0003,car,64,1.786780694531215,0,0,0,3
0003,car,65,2.5661051749845627,0,0,0,3
0003,car,66,2.628759858993061,0,0,0,3
0003,car,67,2.8236650257906506,0,0,0,3
0003,car,68,2.252585069678359,0,0,0,3
0003,car,69,2.036555852400624,0,0,0,3
0003,car,70,2.1771635465482193,0,0,0,3
0003,car,71,1.94084532067068,0,0,0,3
0003,car,72,2.0126956395577213,0,0,0,3
0003,car,73,1.9245054010190112,0,0,0,3
0003,car,74,1.82124239000952,0,0,0,3
0003,car,75,1.9743297872422834,0,0,0,3
0003,car,76,2.281544029072481,0,0,0,2
0003,car,77,1.3565703261671607,0,0,0,2
0003,car,78,1.5608979445943718,0,0,0,2
0003,car,79,1.6444784021455723,0,0,0,2
0003,car,80,1.6916415566975451,0,0,0,2
0003,car,81,2.06557633796827,0,0,0,2
0003,car,82,2.006833061660644,0,0,0,2
0003,car,83,2.058939187110233,0,0,0,2
0003,car,84,1.7433841412171858,0,0,0,2
0003,car,85,1.7202782567713673,0,0,0,2
0003,car,86,2.6255371826574025,0,0,0,1
0003,car,87,2.3747083153001256,0,0,0,1
0003,car,88,1.3321423427223902,0,0,0,1
0003,car,89,0.3315928869711975,0,0,0,1
0003,car,90,0.28290854582131025,0,0,0,1
0003,car,91,0.30033710654711004,0,0,0,1
0003,car,92,0.34803148932127626,0,0,0,1
0003,car,93,0.24966301529366652,0,0,0,1
0003,car,94,0.21944850537162003,0,0,0,1
0003,car,95,0.19222878282310826,0,0,0,1
0003,car,96,0.2291762243582373,0,0,0,1
0003,car,97,0.13066148019313764,0,0,0,1
0003,car,98,0.17243852178436278,0,0,0,2
0003,car,99,1.7133216140300425,0,0,0,3
0003,car,100,0.8598645126047256,0,0,0,3
0003,car,101,0.7104884088854224,0,0,0,3
0003,car,102,0.8091628509928489,0,0,0,3
0003,car,103,0.9785193078847073,0,0,0,4
0003,car,104,0.6794532821156267,1,1,0,4
0003,car,105,0.7078171780528378,0,0,0,4
0003,car,106,0.7376771906651742,0,0,0,4
0003,car,107,0.6305878469753412,0,0,0,4
0003,car,108,0.6397230314929858,0,0,0,4
0003,car,109,0.7485118946681817,0,0,0,4
0003,car,110,0.7319264949971385,0,0,0,4
0003,car,111,0.8957090169599422,0,0,0,4
0003,car,112,0.8793569963586918,0,0,0,4
0003,car,113,0.9645730386297139,0,0,0,4
0003,car,114,1.0697956113424874,0,0,0,4
0003,car,115,1.3326048346218409,0,0,0,4
0003,car,116,1.368809543178092,0,0,0,4
0003,car,117,1.7025531631568813,0,0,0,4
0003,car,118,1.7097283599465314,0,0,0,4
0003,car,119,1.9188015245212713,0,0,0,4
0003,car,120,2.466975144000929,0,0,0,4
0003,car,121,2.4434223985265033,0,0,0,4
0003,car,122,2.230804002053394,0,0,0,4
0003,car,123,0.11204912200699085,0,0,0,3
0003,car,124,1.3733050200832781,1,1,0,3
0003,car,125,2.5207254614086265,0,0,0,3
0003,car,126,1.3548105545912068,0,0,0,3
0003,car,127,0.3701577060090496,0,0,0,3
0003,car,128,0.2526874295199361,0,0,0,2
0003,car,129,0.45485675763019917,0,0,0,2
0003,car,130,0.8247164413746793,0,0,0,2
0003,car,131,1.4446518626312053,0,0,0,2
0003,car,132,1.8497779864489408,0,0,0,2
0003,car,133,0.17204451075020516,0,0,0,1
0003,car,134,0.21860080007865051,0,0,0,1
0003,car,135,0.185979287442509,0,0,0,1
0003,car,136,0.18227697412301416,0,0,0,1
0003,car,137,0.16201674344736391,0,0,0,1
0003,car,138,0.07093000836306014,0,0,0,1
0003,car,139,0.06591210961421655,0,0,0,1
0003,car,140,0.07241132062980563,0,0,0,1
0003,car,141,0.006594643444976766,0,0,0,1
0003,car,142,0.03474266951272233,0,0,0,1
0003,car,143,0.04987967302644524,0,0,0,1
0004,car,1,2.496590908703719,0,0,0,4
0004,car,2,4.070580651907515,1,1,0,5
0004,car,3,4.8951165771636695,0,0,0,4
0004,car,4,4.009375293521417,1,0,1,3
0004,car,5,4.4885251615105,0,0,0,3
0004,car,6,4.280343157989892,0,0,0,3
0004,car,7,4.968917972405993,0,0,0,3
0004,car,8,6.503911870885231,0,0,0,3
0004,car,9,6.645604524443543,0,0,0,3
0004,car,10,6.737238082697055,0,0,0,3
0004,car,11,2.149769111218097,0,0,0,2
0004,car,12,2.4925448086611834,0,0,0,2
0004,car,13,3.5051529793640506,1,0,1,2
0004,car,14,3.346828459042841,0,0,0,2
0004,car,15,5.476436285152707,0,0,0,2
0004,car,16,4.4801185899480505,0,0,0,3
0004,car,17,3.4445984698489416,0,0,0,3
0004,car,18,3.3152237226433656,0,0,0,3
0004,car,19,6.334402011540005,0,0,0,4
0004,car,20,5.056876246686347,0,0,0,4
0004,car,21,6.329457802791536,0,0,0,4
0004,car,22,7.887028647960533,0,0,0,5
0004,car,23,6.292484259697021,0,0,0,6
0004,car,24,3.2146591475982635,1,1,0,7
0004,car,25,1.9250424295013344,0,0,0,8
0004,car,26,3.1380039101178676,0,0,0,8
0004,car,27,3.5189900193401864,0,0,0,8
0004,car,28,3.385013004789701,0,0,0,8
0004,car,29,4.662449605177146,0,0,0,8
0004,car,30,4.165076132056498,0,0,0,8
0004,car,31,4.752389701034155,0,0,0,7
0004,car,32,5.525758044809875,0,0,0,7
0004,car,33,6.450745521607223,0,0,0,6
0004,car,34,5.828492416605519,0,0,0,6
0004,car,35,6.328694654697534,0,0,0,6
0004,car,36,4.950615479925512,0,0,0,6
0004,car,37,4.611636185901638,0,0,0,6
0004,car,38,4.082619989981539,0,0,0,5
0004,car,39,3.259624997566576,0,0,0,5
0004,car,40,2.69089162948651,0,0,0,5
0004,car,41,2.5101902453758203,0,0,0,6
0004,car,42,1.9532368667553273,0,0,0,6
0004,car,43,1.64348467989308,0,0,0,6
0004,car,44,2.134802746539782,0,0,0,6
0004,car,45,1.4325798984745304,0,0,0,6
0004,car,46,1.5607399240109507,0,0,0,6
0004,car,47,1.363896343070729,0,0,0,5
0004,car,48,1.2108581081910785,0,0,0,5
0004,car,49,1.164025471683741,0,0,0,5
0004,car,50,1.4735950235334725,0,0,0,5
0004,car,51,1.5599273015032344,0,0,0,5
0004,car,52,1.3058877623039813,0,0,0,5
0004,car,53,1.2684705627598272,0,0,0,5
0004,car,54,1.6681365839395146,0,0,0,5
0004,car,55,0.8946550506915568,0,0,0,4
0004,car,56,1.2024106557595962,0,0,0,4
0004,car,57,1.5328739221269114,0,0,0,4
0004,car,58,1.7162371065475,0,0,0,4
0004,car,59,2.309189244390682,0,0,0,4
0004,car,60,2.641920190820271,0,0,0,4
0004,car,61,1.5891301974951437,0,0,0,3
0004,car,62,0.29714368997737167,0,0,0,3
0004,car,63,0.3225036395139343,0,0,0,3
0004,car,64,0.3969750371448588,0,0,0,3
0004,car,65,0.5498838381364248,0,0,0,3
0004,car,66,0.4802397601655854,0,0,0,3
0004,car,67,0.46333103598084246,0,0,0,3
0004,car,68,0.3006256300807024,0,0,0,2
0004,car,69,2.5753786861350374,0,0,0,2
0004,car,70,3.4516212495094987,0,0,0,2
0004,car,71,5.155798499677526,0,0,0,2
0004,car,72,6.522794553842554,0,0,0,2
0004,car,73,10.49590618802635,0,0,0,2
0004,car,74,13.019351217219413,0,0,0,2
0004,car,75,17.9104413391266,0,0,0,2
0004,car,76,28.63291128375841,0,0,0,2
0004,car,77,0.435465387226601,0,0,0,1
0004,car,78,0.09888011218663134,0,0,0,1
0004,car,79,0.10843218920434028,0,0,0,1
0004,car,80,0.10938275590324388,0,0,0,1
0004,car,81,0.09153894956620459,0,0,0,1
0004,car,82,0.10578693497319835,0,0,0,1
0004,car,83,0.06339978195562665,0,0,0,1
0004,car,84,0.1036587702310303,0,0,0,1
0004,car,85,0.03099500397687635,0,0,0,1
0004,car,86,0.036033611136995734,0,0,0,1
0004,car,87,0.08601845319622166,0,0,0,1
0004,car,88,0.07697563443399641,0,0,0,1
0004,car,89,0.13725084061965695,0,0,0,1
0004,car,90,0.08591674477042975,0,0,0,1
0004,car,91,0.08585022083430176,0,0,0,1
0004,car,92,0.1562346167714932,0,0,0,1
0004,car,93,0.2795331373358541,0,0,0,1
0004,car,94,0.229354588849019,0,0,0,1
0004,car,95,0.20427781371267803,0,0,0,1
0004,car,96,0.21233751989486999,0,0,0,1
0004,car,97,0.17853348870136174,0,0,0,1
0004,car,98,0.1709308847154367,0,0,0,1
0004,car,99,0.24192656035284718,0,0,0,1
0004,car,100,0.22805329332835808,0,0,0,1
0004,car,101,0.19080812590587368,0,0,0,1
0004,car,102,0.22100574005746634,0,0,0,1
0004,car,103,0.19801257829603544,0,0,0,1
0004,car,104,0.2383119477191802,0,0,0,1
0004,car,105,0.13778680057642578,0,0,0,1
0004,car,106,0.12326636422304625,0,0,0,1
0004,car,107,0.08558233655491618,0,0,0,1
0004,car,108,0.08347911488993644,0,0,0,1
0004,car,109,0.0651485748680776,0,0,0,1
0004,car,110,0.1111818237658926,0,0,0,1
0004,car,111,0.12922792997015847,0,0,0,1
0004,car,112,0.19498824163848516,0,0,0,1
0004,car,113,0.23015024814810256,0,0,0,1
0004,car,114,0.28056117063328634,0,0,0,2
0004,car,115,0.3101770880709678,0,0,0,2
0004,car,116,0.24287505172730206,0,0,0,2
0004,car,117,0.14161335415109721,0,0,0,2
0004,car,118,0.0821772718786683,0,0,0,2
0004,car,119,0.1177507102899755,0,0,0,2
0004,car,120,0.3961838960982709,0,0,0,2
0004,car,121,0.534795217187203,0,0,0,2
0004,car,122,0.5171985565094459,0,0,0,2
0004,car,123,0.5532688118922179,0,0,0,2
0004,car,124,0.7288113949459869,0,0,0,2
0004,car,125,0.8019025439187208,0,0,0,2
0004,car,126,1.021263567078655,0,0,0,2
0004,car,127,1.3438148017430596,1,1,0,2
0004,car,128,1.5736906663277046,0,0,0,2
0004,car,129,2.085674552851719,0,0,0,2
0004,car,130,3.1575783230846404,0,0,0,2
0004,car,131,3.930085281894007,0,0,0,2
0004,car,132,1.56469013631438,0,0,0,1
0004,car,133,0.15408555233591034,0,0,0,1
0004,car,134,0.18410831483544843,0,0,0,1
0004,car,135,0.24323955290673163,0,0,0,1
0004,car,136,0.1403712220513197,0,0,0,2
0004,car,137,0.7402520332083167,0,0,0,2
0004,car,138,0.6549379538493949,0,0,0,2
0004,car,139,0.45393185653407997,0,0,0,2
0004,car,140,0.3178611539814731,0,0,0,2
0004,car,141,0.15257801005033322,0,0,0,2
0004,car,142,0.06201607014153445,0,0,0,2
0004,car,143,0.06261384365888868,0,0,0,2
0004,car,144,0.05780918848234318,0,0,0,2
0004,car,145,0.4651267042519774,0,0,0,2
0004,car,146,0.7170097591473573,0,0,0,2
0004,car,147,1.1664363707414325,0,0,0,2
0004,car,148,1.5493594728994207,0,0,0,2
0004,car,149,2.2872527554399724,0,0,0,3
0004,car,150,0.16993137873057157,0,0,0,3
0004,car,151,0.05729336788468917,0,0,0,3
0004,car,152,0.0934409038304869,0,0,0,3
0004,car,153,0.12615707640244853,0,0,0,4
0004,car,154,1.5003709361951378,0,0,0,4
0004,car,155,1.6672768264619007,0,0,0,3
0004,car,156,0.2808702465135841,0,0,0,3
0004,car,157,0.30755802323233455,0,0,0,4
0004,car,158,0.27381007244585187,0,0,0,4
0004,car,159,0.28880633270488965,0,0,0,4
0004,car,160,0.41345443873516774,0,0,0,4
0004,car,161,0.6407699472472812,0,0,0,4
0004,car,162,0.7777199065108784,0,0,0,4
0004,car,163,0.5333450589574309,0,0,0,3
0004,car,164,0.18463143596530987,0,0,0,3
0004,car,165,0.15503009454622213,0,0,0,3
0004,car,166,0.12856652614095687,0,0,0,3
0004,car,167,0.07561363390226505,0,0,0,3
0004,car,168,0.09262353183188446,0,0,0,3
0004,car,169,0.20784428651790504,0,0,0,3
0004,car,170,0.28458893801623136,0,0,0,3
0004,car,171,0.40823341258906826,0,0,0,4
0004,car,172,0.6590878099392091,0,0,0,3
0004,car,173,0.5559629914561606,0,0,0,3
0004,car,174,0.5451167579749601,0,0,0,3
0004,car,175,0.5892781064048245,0,0,0,3
0004,car,176,0.536806096953639,0,0,0,3
0004,car,177,0.528746848842102,0,0,0,3
0004,car,178,0.5545013600220849,0,0,0,3
0004,car,179,0.5112542805324533,0,0,0,3
0004,car,180,0.5948775266345814,0,0,0,3
0004,car,181,0.5534211682908581,0,0,0,3
0004,car,182,0.6114289316907886,0,0,0,3
0004,car,183,0.4579130844055571,0,0,0,3
0004,car,184,0.3585307092504404,0,0,0,3
0004,car,185,0.8383318801547098,0,0,0,4
0004,car,186,2.1021867090461166,0,0,0,4
0004,car,187,2.2850080481017105,0,0,0,4
0004,car,188,2.515236497640146,0,0,0,4
0004,car,189,3.122472783071389,0,0,0,4
0004,car,190,3.1116680179557683,0,0,0,4
0004,car,191,3.766687518065899,0,0,0,4
0004,car,192,3.269370174829282,0,0,0,3
0004,car,193,4.137738673926911,0,0,0,3
0004,car,194,4.22617089523278,0,0,0,3
0004,car,195,2.7659467863912655,0,0,0,3
0004,car,196,1.024872060181465,0,0,0,3
0004,car,197,2.9058890111051765,0,0,0,3
0004,car,198,11.827364677589479,0,0,0,2
0004,car,199,19.62651274515419,0,0,0,2
0004,car,200,34.13486974149361,0,0,0,2
0004,car,201,46.40659105589479,0,0,0,2
0004,car,202,84.67823266339002,0,1,-1,4
0004,car,203,23.608940238231735,0,0,0,3
0004,car,204,25.36799872163492,0,0,0,3
0004,car,205,18.378320433743383,0,0,0,2
0004,car,206,33.35538189856768,0,0,0,2
0004,car,207,43.964168056998304,1,1,0,3
0004,car,208,0.708028377308371,1,0,1,3
0004,car,209,2.584774092421478,1,0,1,4
0004,car,210,3.053579373666444,0,0,0,4
0004,car,211,4.6634544799106195,0,0,0,4
0004,car,212,6.137705221820691,0,0,0,4
0004,car,213,2.4146389512215563,0,0,0,3
0004,car,214,0.13362177557332944,0,0,0,3
0004,car,215,0.018145347912197417,0,0,0,2
0004,car,216,0.21156603028951176,0,0,0,2
0004,car,217,0.48940288069069204,0,0,0,2
0004,car,218,0.7739630372479419,0,0,0,2
0004,car,219,1.3959628298622413,0,0,0,2
0004,car,220,1.981163490164556,0,0,0,2
0004,car,221,0.23955979439577804,0,0,0,2
0004,car,222,0.40090257608576557,0,0,0,2
0004,car,223,0.5858520329657498,0,0,0,3
0004,car,224,2.4694651629717606,0,0,0,3
0004,car,225,1.6763269327772858,0,0,0,2
0004,car,226,0.5152304682405392,0,0,0,3
0004,car,227,0.3952711655270572,0,0,0,3
0004,car,228,0.4223333161402685,0,0,0,3
0004,car,229,0.31631141646936417,0,0,0,3
0004,car,230,0.19943282549138083,0,0,0,4
0004,car,231,0.03733177569322371,0,0,0,4
0004,car,232,0.08503639591404533,0,0,0,4
0004,car,233,0.36035198417767766,0,0,0,4
0004,car,234,0.8201027836707795,0,0,0,4
0004,car,235,1.193399892401278,0,0,0,4
0004,car,236,1.7544107015678472,0,0,0,4
0004,car,237,2.1137726964020027,0,0,0,4
0004,car,238,3.522118452997726,0,0,0,4
0004,car,239,3.5594528629578095,0,0,0,4
0004,car,240,5.5825530293642,2,0,2,4
0004,car,241,7.895829896439879,1,1,0,4
0004,car,242,12.604311924387407,0,2,-2,4
0004,car,243,3.807691960979088,1,1,0,3
0004,car,244,0.12995388798704466,0,0,0,2
0004,car,245,1.6580626657207018,0,0,0,2
0004,car,246,2.3391097089308195,0,0,0,2
0004,car,247,4.120773781210503,0,0,0,2
0004,car,248,6.037347493129487,0,0,0,2
0004,car,249,10.382152576204057,0,0,0,2
0004,car,250,19.396413958447432,0,0,0,2
0004,car,251,0.4416493805867644,0,0,0,1
0004,car,252,0.027054095071504265,0,0,0,1
0004,car,253,0.012834150589696055,0,0,0,1
0004,car,254,0.017875131717474513,0,0,0,1
0004,car,255,0.012970353205957366,0,0,0,1
0004,car,256,0.0243713839890379,0,0,0,1
0004,car,257,0.037446147418162296,0,0,0,1
0004,car,258,0.042415853858211054,0,0,0,1
0004,car,259,0.05236314299861171,0,0,0,1
0004,car,260,0.043830658751789466,0,0,0,1
0004,car,261,0.058171998323013466,0,0,0,1
0004,car,262,0.07804379543883978,0,0,0,1
0004,car,263,0.05931702658624715,0,0,0,1
0004,car,264,0.09131244339395946,0,0,0,1
0004,car,265,0.10660943054617704,0,0,0,1
0004,car,266,0.09593921556581751,0,0,0,1
0004,car,267,0.09656163845923589,0,0,0,1
0004,car,268,0.11211768350715955,0,0,0,1
0004,car,269,0.07252082872445717,0,0,0,1
0004,car,270,1.4986345454757424,0,0,0,1
0004,car,271,1.324784033697375,0,0,0,1
0004,car,272,1.3044502028061546,0,0,0,1
0004,car,273,1.3432336647882086,0,0,0,1
0004,car,274,1.1863340062462646,0,0,0,1
0004,car,275,1.23037254976507,0,0,0,1
0004,car,276,1.3415859298995372,0,0,0,1
0004,car,277,1.2128237563612527,0,0,0,1
0004,car,278,1.396628497860018,0,0,0,1
0004,car,279,1.2271968594735105,0,0,0,1
0004,car,280,1.3056105236150808,0,0,0,1
0004,car,281,1.4382871476100734,0,0,0,1
0004,car,282,1.3042357183440279,0,0,0,1
0004,car,283,1.3158015525109736,0,0,0,1
0004,car,284,1.34040947373959,0,0,0,1
0004,car,285,1.323440453591101,0,0,0,1
0004,car,286,1.2614805525172443,0,0,0,1
0004,car,287,1.2995868357454807,0,0,0,1
0004,car,288,1.1692127641565344,0,0,0,1
0004,car,289,0.9768210519774745,0,0,0,1
0004,car,290,0.9116529794741497,0,0,0,1
0004,car,291,0.7092739305282963,0,0,0,1
0004,car,292,0.6165292518369977,0,0,0,1
0004,car,293,0.6186380355031216,0,0,0,1
0004,car,294,0.41886302692388694,0,0,0,1
0004,car,295,0.09303476936793081,0,0,0,1
0004,car,296,0.14721960038647605,0,0,0,1
0004,car,297,0.11660455094908638,0,0,0,1
0004,car,298,0.15692406020018093,0,0,0,1
0004,car,299,0.17818610973636875,0,0,0,1
0004,car,300,0.22781636242246578,0,0,0,1
0004,car,301,0.318274652839355,0,0,0,1
0004,car,302,0.3162569738964315,0,0,0,1
0004,car,303,0.38981944136466173,0,0,0,1
0004,car,304,0.5438887096019315,0,0,0,1
0004,car,305,0.5833184513840834,0,0,0,1
0004,car,306,0.614618455078041,0,0,0,1
0004,car,307,0.29062524062602535,0,0,0,1
0004,car,308,0.2634211084818845,0,0,0,1
0004,car,309,0.32624273393909664,0,0,0,1
0004,car,310,0.027785147008307087,0,0,0,1
0004,car,311,0.020279862378041878,0,0,0,1
0004,car,312,0.011737698298396155,0,0,0,1
0004,car,313,0.021267361171401284,0,0,0,2
0004,pedestrian,190,0.2668184378660829,0,0,0,1
0004,pedestrian,191,0.10365611914588715,0,0,0,1
0004,pedestrian,192,0.06993063696838256,0,0,0,1
0004,pedestrian,193,0.10285896126748123,0,0,0,2
0004,pedestrian,194,0.24722275583601605,0,0,0,3
0004,pedestrian,195,0.40899283614426796,0,0,0,3
0004,pedestrian,196,0.5358842395119204,0,0,0,3
0004,pedestrian,197,0.8166160187874554,0,0,0,3
0004,pedestrian,198,1.0589825272100246,0,0,0,3
0004,pedestrian,199,1.2824695244887234,0,0,0,3
0004,pedestrian,200,1.9121035318840576,0,0,0,3
0004,pedestrian,201,2.227869562332428,0,0,0,3
0004,pedestrian,202,3.0818983915568543,0,0,0,3
0004,pedestrian,203,4.988401536742749,0,0,0,3
0004,pedestrian,204,6.804805430192627,0,0,0,2
0004,pedestrian,205,17.122852449936257,0,0,0,2
0004,pedestrian,206,32.62396282982848,0,0,0,2
0004,pedestrian,207,17.04874835999157,0,0,0,1
0004,pedestrian,208,244.64937018179847,1,0,1,1
0004,pedestrian,221,4.403957190995996,0,0,0,1
0004,pedestrian,222,4.62803095153979,0,0,0,1
0004,pedestrian,223,3.568137401605151,0,0,0,1
0004,pedestrian,224,14.471790192956357,0,0,0,1
0004,pedestrian,225,21.267877158264564,0,0,0,1
0004,pedestrian,226,31.310156524746358,0,0,0,1
0004,pedestrian,227,43.52295851067669,0,0,0,1
0004,pedestrian,228,65.43872401791565,1,0,1,1
0004,pedestrian,229,86.07966550578395,0,0,0,1
0004,pedestrian,230,125.47081532854652,0,0,0,1
0004,pedestrian,305,3.8507392271373737,0,0,0,1
0005,car,1,0.46420777729696133,0,0,0,3
0005,car,2,0.41986685052853817,0,0,0,3
0005,car,3,0.40293810677794845,0,0,0,3
0005,car,4,0.3247203171889457,0,0,0,3
0005,car,5,0.28191196894127685,0,0,0,3
0005,car,6,0.2725732439908258,0,0,0,3
0005,car,7,0.402711637152706,0,0,0,3
0005,car,8,0.3720355052845538,0,0,0,3
0005,car,9,0.6026300337986582,0,0,0,3
0005,car,10,2.0637074926304253,0,0,0,4
0005,car,11,3.7971431226125496,0,0,0,4
0005,car,12,4.155163538003714,0,0,0,4
0005,car,13,3.754769294719452,0,0,0,4
0005,car,14,0.8296216558551052,0,0,0,3
0005,car,15,0.03688741797766712,0,0,0,3
0005,car,16,1.1875637907679473,0,0,0,3
0005,car,17,3.06815567767861,0,0,0,3
0005,car,18,5.9800163814042735,0,0,0,3
0005,car,19,7.437144790024807,0,0,0,3
0005,car,20,3.73099106572498,0,0,0,2
0005,car,21,1.7181949787107609,0,0,0,2
0005,car,22,1.5377932449999465,0,0,0,2
0005,car,23,1.5387861209436822,0,0,0,2
0005,car,24,1.712062776911147,0,0,0,2
0005,car,25,1.5537612035189934,0,0,0,2
0005,car,26,1.567448050333163,0,0,0,3
0005,car,27,0.5801360591706413,0,0,0,3
0005,car,28,0.47409333873132303,0,0,0,4
0005,car,29,1.7968968459650532,0,0,0,4
0005,car,30,2.1053999450641725,0,0,0,4
0005,car,31,2.0665214358682897,0,0,0,4
0005,car,32,2.2112963921807083,0,0,0,4
0005,car,33,2.706840994782806,0,0,0,4
0005,car,34,2.5211908281452544,0,0,0,4
0005,car,35,3.037097067861272,0,0,0,4
0005,car,36,2.980996100598183,0,0,0,4
0005,car,37,3.034379755176093,0,0,0,4
0005,car,38,3.446748670878443,0,0,0,4
0005,car,39,2.6504562342651368,0,0,0,3
0005,car,40,0.333211227277703,0,0,0,3
0005,car,41,0.4282953592046099,0,0,0,3
0005,car,42,0.42650707865530607,0,0,0,3
0005,car,43,0.5096854239918848,0,0,0,3
0005,car,44,0.6260881649799096,0,0,0,4
0005,car,45,0.6108083318489721,0,0,0,4
0005,car,46,0.6878087925631913,0,0,0,4
0005,car,47,0.7466498088176194,0,0,0,4
0005,car,48,0.5981449598910041,0,1,-1,4
0005,car,49,0.5995297579758858,0,0,0,4
0005,car,50,0.6601663976210828,0,0,0,4
0005,car,51,0.5839986211398563,0,0,0,4
0005,car,52,0.6185431745118208,0,0,0,4
0005,car,53,0.7317038342492426,0,0,0,6
0005,car,54,1.1242911118759216,0,0,0,6
0005,car,55,1.3580371831946896,0,0,0,7
0005,car,56,2.610537270616702,0,0,0,7
0005,car,57,2.854742246260289,0,0,0,7
0005,car,58,4.22657564423805,0,0,0,6
0005,car,59,2.899702603145438,0,0,0,6
0005,car,60,3.1288924201908763,0,0,0,6
0005,car,61,3.7105747656111028,0,0,0,6
0005,car,62,3.6478751562812235,0,0,0,6
0005,car,63,3.806018482363625,0,0,0,5
0005,car,64,1.6506793616481983,0,0,0,5
0005,car,65,1.5614149338669296,0,0,0,5
0005,car,66,1.58369604012425,0,0,0,5
0005,car,67,1.6057561595367105,0,0,0,4
0005,car,68,0.7236980020063544,0,0,0,5
0005,car,69,0.8885223213813166,0,0,0,5
0005,car,70,0.7664802168656785,0,0,0,5
0005,car,71,0.7500166552863236,0,0,0,5
0005,car,72,0.6411652500304819,0,0,0,4
0005,car,73,0.6642422743234171,0,0,0,4
0005,car,74,0.6228291413303296,0,0,0,4
0005,car,75,0.7307198781439086,0,0,0,4
0005,car,76,0.6395541392059414,0,0,0,4
0005,car,77,0.6604761251229125,0,0,0,4
0005,car,78,0.7025542092236181,0,0,0,4
0005,car,79,0.6613607693412946,0,0,0,4
0005,car,80,0.6918363796852844,0,0,0,4
0005,car,81,0.7671802965739666,0,0,0,4
0005,car,82,0.7352063158755712,0,0,0,4
0005,car,83,0.8234423797375754,0,0,0,4
0005,car,84,0.7595238948916125,0,0,0,4
0005,car,85,0.7740879502415641,0,0,0,4
0005,car,86,0.8796721853379368,0,0,0,4
0005,car,87,0.8154526059227101,0,0,0,4
0005,car,88,0.8214365696598206,0,0,0,4
0005,car,89,0.9355692307635153,0,0,0,4
0005,car,90,0.8804183581787584,0,0,0,4
0005,car,91,0.8869155338794911,0,0,0,4
0005,car,92,1.003268696228666,0,0,0,4
0005,car,93,0.9065636879221918,0,0,0,4
0005,car,94,0.9289425765471628,0,0,0,4
0005,car,95,1.062968186089879,0,0,0,4
0005,car,96,1.0295448161899432,0,0,0,4
0005,car,97,1.1697061813133502,0,0,0,4
0005,car,98,1.1263843299001428,0,0,0,4
0005,car,99,1.1038355209801958,0,0,0,4
0005,car,100,0.34452651287707103,0,0,0,3
0005,car,101,1.0056268628255833,0,0,0,4
0005,car,102,1.3426261877796695,0,0,0,4
0005,car,103,1.2573561724584656,0,0,0,4
0005,car,104,1.2471287713980201,0,0,0,4
0005,car,105,1.4413197915234917,0,0,0,4
0005,car,106,1.3539003558907672,0,0,0,5
0005,car,107,1.6958035678953896,0,0,0,5
0005,car,108,2.0183135888689625,0,0,0,5
0005,car,109,1.4914049673307828,0,0,0,4
0005,car,110,0.9234019941662521,0,0,0,4
0005,car,111,1.0307532856962054,0,0,0,4
0005,car,112,0.9743782865368389,0,0,0,4
0005,car,113,1.0144865072071434,0,0,0,4
0005,car,114,1.1402896221855854,0,0,0,4
0005,car,115,1.0506526359849198,0,0,0,4
0005,car,116,0.46689598778197106,0,0,0,3
0005,car,117,1.1157741480996084,0,0,0,3
0005,car,118,1.155239263037448,0,0,0,3
0005,car,119,1.2329418167520658,0,0,0,3
0005,car,120,1.1785327813698359,0,0,0,3
0005,car,121,1.1672617262853033,0,0,0,2
0005,car,122,0.8359224852940788,0,0,0,2
0005,car,123,0.6758271052560412,0,0,0,2
0005,car,124,0.6625091112953461,0,0,0,2
0005,car,125,0.7137095079010468,0,0,0,2
0005,car,126,0.47422449962888347,0,0,0,2
0005,car,127,0.5072242190405953,0,0,0,2
0005,car,128,0.5354339711888791,0,0,0,2
0005,car,129,0.39600146708176986,1,1,0,2
0005,car,130,0.40381276240703884,0,0,0,2
0005,car,131,0.4050645204908086,0,0,0,2
0005,car,132,0.3518062621610788,0,0,0,2
0005,car,133,0.43103025739034945,0,0,0,2
0005,car,134,0.2966791911171253,0,0,0,2
0005,car,135,0.3483487955187531,0,0,0,2
0005,car,136,0.38497225981861594,0,0,0,2
0005,car,137,0.3141238176879019,0,0,0,2
0005,car,138,0.3728091861020229,0,0,0,2
0005,car,139,0.39376695137493445,0,0,0,2
0005,car,140,0.6988942852902078,0,0,0,1
0005,car,141,0.6680063136535683,0,0,0,2
0005,car,142,0.8947099400694782,0,0,0,2
0005,car,143,0.804294595748281,0,0,0,2
0005,car,144,0.9372050915840653,0,0,0,2
0005,car,145,0.84797942303046,0,0,0,2
0005,car,146,0.8583665514834811,0,0,0,2
0005,car,147,0.9586444337727024,0,0,0,2
0005,car,148,0.8936728434381407,0,0,0,3
0005,car,149,0.14148322599721277,0,0,0,3
0005,car,150,0.24764691790748938,0,0,0,3
0005,car,151,0.37637272533913924,0,0,0,3
0005,car,152,0.5482600426370678,0,0,0,3
0005,car,153,0.8315364272731833,0,0,0,3
0005,car,154,0.9340967438988477,0,0,0,3
0005,car,155,1.0336168719492524,0,0,0,3
0005,car,156,1.2886544838634726,0,0,0,3
0005,car,157,1.308720449871763,0,0,0,3
0005,car,158,1.4602677482989674,0,0,0,3
0005,car,159,1.755550661957562,0,0,0,3
0005,car,160,1.5860997972979969,0,0,0,3
0005,car,161,1.6842114074267696,0,0,0,3
0005,car,162,2.138152579598681,0,0,0,3
0005,car,163,2.3041359154591485,0,0,0,3
0005,car,164,3.1387661931390705,0,0,0,3
0005,car,165,2.8353501244108585,0,0,0,4
0005,car,166,1.293711137392624,0,0,0,4
0005,car,167,1.4625751570586285,0,0,0,5
0005,car,168,0.3358625426393589,0,0,0,5
0005,car,169,0.3251336850802078,0,0,0,5
0005,car,170,0.3546402914551837,0,0,0,9
0005,car,171,0.2620450965766374,0,0,0,9
0005,car,172,0.694199114420256,0,0,0,9
0005,car,173,0.8882051307405298,0,0,0,9
0005,car,174,0.907956592352455,0,0,0,9
0005,car,175,1.0947631960479018,0,0,0,9
0005,car,176,1.1215944476296875,0,0,0,9
0005,car,177,1.3608705029120172,0,0,0,9
0005,car,178,1.5237178059418273,0,0,0,9
0005,car,179,1.5468869129468894,0,0,0,9
0005,car,180,1.7609426161918693,0,0,0,9
0005,car,181,1.629535114557613,0,0,0,8
0005,car,182,1.6473137007665128,0,0,0,8
0005,car,183,1.4046453805644967,0,1,-1,8
0005,car,184,1.1086236485532648,0,0,0,7
0005,car,185,1.9205963358331777,0,0,0,7
0005,car,186,1.8161991712766203,0,0,0,8
0005,car,187,2.244708261147611,0,0,0,8
0005,car,188,1.0329042350021314,0,0,0,7
0005,car,189,2.082874053480684,0,0,0,7
0005,car,190,2.0604966671014258,0,0,0,7
0005,car,191,1.8848040015981185,0,0,0,7
0005,car,192,1.8114392309357776,0,0,0,7
0005,car,193,1.5060651063495731,0,0,0,6
0005,car,194,1.1395734550993821,0,0,0,5
0005,car,195,1.2421344759746722,0,0,0,5
0005,car,196,1.1754435507533767,0,0,0,5
0005,car,197,1.2942537777631764,0,0,0,6
0005,car,198,1.3254675807002814,0,0,0,6
0005,car,199,1.0625308829397744,0,0,0,5
0005,car,200,1.138046574865756,0,0,0,5
0005,car,201,1.3907600449091249,0,0,0,5
0005,car,202,1.3448933146101907,0,0,0,5
0005,car,203,1.1452844769385688,0,0,0,4
0005,car,204,0.2598466928938095,0,0,0,4
0005,car,205,0.4111364524885972,0,0,0,4
0005,car,206,0.4819789855285922,0,0,0,4
0005,car,207,0.4568640722139241,0,0,0,4
0005,car,208,0.5037856449244557,0,0,0,4
0005,car,209,0.5989105380481247,0,0,0,5
0005,car,210,0.4933524621909239,0,0,0,5
0005,car,211,0.61846620308388,0,0,0,5
0005,car,212,0.8028515910829537,0,0,0,5
0005,car,213,0.8786858363433424,0,0,0,5
0005,car,214,1.118159758808832,0,0,0,5
0005,car,215,0.9576668969470533,0,0,0,5
0005,car,216,0.3678959023261824,0,0,0,5
0005,car,217,0.44731763886723175,0,0,0,5
0005,car,218,0.48792132726844306,0,0,0,5
0005,car,219,0.5696868412504018,0,0,0,5
0005,car,220,0.6979888267584476,0,0,0,5
0005,car,221,0.760881419168825,0,0,0,5
0005,car,222,0.9836592363119746,0,0,0,5
0005,car,223,0.5849572519288415,0,0,0,4
0005,car,224,1.1480889832535546,0,0,0,4
0005,car,225,1.3216257769322424,1,1,0,4
0005,car,226,1.271440101810204,0,0,0,4
0005,car,227,1.3980109942888046,0,0,0,4
0005,car,228,1.707714371280026,0,0,0,4
0005,car,229,0.5576531594907689,0,0,0,4
0005,car,230,0.6902745655430189,0,0,0,4
0005,car,231,0.8537333143827314,0,0,0,4
0005,car,232,0.9415518375936195,0,0,0,4
0005,car,233,0.5871343462711501,0,0,0,3
0005,car,234,0.8036300794360278,0,0,0,3
0005,car,235,0.9651290031058697,0,0,0,3
0005,car,236,1.2822384890145653,0,0,0,3
0005,car,237,1.3813410352879298,0,0,0,3
0005,car,238,1.141104177243554,0,0,0,3
0005,car,239,1.1231770870838504,0,0,0,4
0005,car,240,0.835099854660619,0,0,0,4
0005,car,241,0.850679239229549,0,0,0,5
0005,car,242,2.3220119253266236,0,0,0,5
0005,car,243,2.287150862031266,0,0,0,5
0005,car,244,2.488827995373502,0,0,0,5
0005,car,245,1.0099138466168853,0,0,0,4
0005,car,246,0.920808086980716,0,0,0,4
0005,car,247,1.0995645434361423,0,0,0,4
0005,car,248,0.9411359852865018,0,0,0,3
0005,car,249,1.241908924744352,0,0,0,3
0005,car,250,1.2926420251401967,0,0,0,3
0005,car,251,1.5263184839187218,0,0,0,3
0005,car,252,1.4860969440178502,0,0,0,3
0005,car,253,1.565073899811406,0,0,0,3
0005,car,254,1.8622305966775363,0,0,0,4
0005,car,255,0.5136219947874203,0,0,0,4
0005,car,256,0.6694007918982484,0,0,0,5
0005,car,257,0.674344209208615,0,0,0,6
0005,car,258,0.40870006644658674,0,0,0,6
0005,car,259,0.5319027329646087,0,0,0,7
0005,car,260,0.6667525564662543,0,0,0,7
0005,car,261,0.4981883148750377,0,0,0,7
0005,car,262,0.5641227351982666,0,0,0,7
0005,car,263,0.5948423529674326,0,0,0,7
0005,car,264,0.7232539050070145,0,0,0,8
0005,car,265,1.3521863442336082,0,0,0,8
0005,car,266,1.536750896850964,0,0,0,8
0005,car,267,1.9250834092298457,0,0,0,8
0005,car,268,2.7101410440962512,0,0,0,8
0005,car,269,3.079145610371035,0,0,0,8
0005,car,270,3.249299444538188,0,0,0,7
0005,car,271,3.0838376709429784,0,0,0,7
0005,car,272,3.593439934910276,0,0,0,7
0005,car,273,4.041584472951282,0,0,0,7
0005,car,274,4.177117231517561,0,0,0,7
0005,car,275,2.4195838860887586,0,0,0,6
0005,car,276,2.293602655052309,0,0,0,6
0005,car,277,1.1949448092323172,0,0,0,5
0005,car,278,0.39520141976633394,0,0,0,5
0005,car,279,0.4271185749809043,0,0,0,5
0005,car,280,0.345635061702284,0,0,0,5
0005,car,281,0.7095553220067062,0,0,0,5
0005,car,282,1.2597481849261722,0,0,0,5
0005,car,283,0.22792411063227822,0,0,0,5
0005,car,284,0.262854576668031,0,0,0,4
0005,car,285,2.3792352952303104,0,0,0,4
0005,car,286,3.0077026571268375,0,0,0,4
0005,car,287,3.9706099929019456,0,0,0,3
0005,car,288,0.2588162689338549,0,0,0,3
0005,car,289,0.3392268300597067,0,0,0,3
0005,car,290,27.874035196160573,0,0,0,2
0005,car,291,44.2462859836437,0,0,0,2
0005,car,292,0.8964558793775173,0,0,0,1
0005,car,293,0.023709582873648338,0,0,0,1
0005,car,294,0.01590430886914107,0,0,0,1
0005,car,295,0.007615804259294979,0,0,0,1
0005,car,296,0.019043833531144635,0,0,0,1
0006,car,1,0.0033686250393091632,0,0,0,1
0006,car,2,0.0007291133279832831,0,0,0,1
0006,car,3,0.0041223812193565855,0,0,0,1
0006,car,4,0.016968513665980837,0,0,0,2
0006,car,5,0.032435087247684555,0,0,0,2
0006,car,6,0.04379324560341192,0,0,0,2
0006,car,7,0.03732059070613192,0,0,0,2
0006,car,8,0.009873695822823256,0,0,0,1
0006,car,9,0.001889681700655993,0,0,0,1
0006,car,10,0.00023358885129261934,0,0,0,1
0006,car,11,0.0036778568221789445,0,0,0,1
0006,car,12,0.0007079146469028652,0,0,0,1
0006,car,13,0.0019393719759562913,0,0,0,1
0006,car,16,0.003072545526856773,0,0,0,1
0006,car,17,0.008254721541172728,0,0,0,1
0006,car,18,0.0023971166161965963,0,0,0,1
0006,car,19,0.00042768723552501285,0,0,0,1
0006,car,20,0.0025436706678018356,0,0,0,1
0006,car,21,0.0038354367391519612,0,0,0,1
0006,car,22,0.003514987030426291,0,0,0,1
0006,car,23,0.0016701242180032882,0,0,0,1
0006,car,24,0.005104187980044135,0,0,0,1
0006,car,25,0.006884488149139418,0,0,0,1
0006,car,26,0.002804729923045454,0,0,0,1
0006,car,27,0.005733405402201991,0,0,0,1
0006,car,28,0.0060203809358746405,0,0,0,1
0006,car,29,0.006618622190401345,0,0,0,1
0006,car,30,0.0034696955746664074,0,0,0,1
0006,car,31,0.0030168297187594213,0,0,0,1
0006,car,32,0.0005185213640072992,0,0,0,1
0006,car,33,0.00912197249766897,0,0,0,1
0006,car,34,0.008128659438717713,0,0,0,1
0006,car,35,0.013911771313686124,0,0,0,2
0006,car,36,0.21001774776862783,0,0,0,2
0006,car,37,0.15021942382286416,0,0,0,2
0006,car,38,0.1846133391944828,0,0,0,2
0006,car,39,0.0865934800524461,0,0,0,2
0006,car,40,0.0841973787088949,0,0,0,2
0006,car,41,0.054797213855505525,0,0,0,3
0006,car,42,0.02196571564440727,0,0,0,3
0006,car,43,0.007617823505364245,0,0,0,3
0006,car,44,0.03223467407777152,0,0,0,3
0006,car,45,0.02903480176428559,0,0,0,3
0006,car,46,0.00825261112359723,0,0,0,3
0006,car,47,0.00923433398706721,0,0,0,2
0006,car,48,0.0036301520364928944,0,0,0,2
0006,car,49,0.004082942520884248,0,0,0,2
0006,car,50,0.0035292538942656407,0,0,0,2
0006,car,51,0.0006570915531140351,0,0,0,2
0006,car,52,0.0004299584011025873,0,0,0,2
0006,car,53,0.004630033992631222,0,0,0,3
0006,car,54,0.0016079281414479636,0,0,0,3
0006,car,55,0.0013731935569935442,0,0,0,4
0006,car,56,0.043830379075068385,0,0,0,4
0006,car,57,0.03946817863634784,0,0,0,4
0006,car,58,0.0248670847974599,0,0,0,4
0006,car,59,0.021829829222915754,0,0,0,4
0006,car,60,0.032657237215968804,0,0,0,4
0006,car,61,0.017318692657999655,0,0,0,4
0006,car,62,0.029843502623513058,0,0,0,4
0006,car,63,0.02829032397040321,0,0,0,4
0006,car,64,0.02154309659318053,0,0,0,4
0006,car,65,0.009923633360761075,0,0,0,4
0006,car,66,0.01616295153303092,0,0,0,4
0006,car,67,0.01736589630494952,0,0,0,4
0006,car,68,0.01049673145057661,0,0,0,5
0006,car,69,0.026515886434539213,0,0,0,5
0006,car,70,0.01698751234544524,0,0,0,5
0006,car,71,0.00994138554652705,0,0,0,5
0006,car,72,0.005616440682412368,0,0,0,5
0006,car,73,0.0058825834554751735,0,0,0,5
0006,car,74,0.02087378520949817,0,0,0,5
0006,car,75,0.017887624301332,0,0,0,5
0006,car,76,0.02354011591398381,0,0,0,5
0006,car,77,0.007638212788318898,0,0,0,5
0006,car,78,0.010316308296269817,0,0,0,4
0006,car,79,0.010915443126611721,0,0,0,4
0006,car,80,0.013420000116724583,0,0,0,4
0006,car,81,0.008814319192224621,0,0,0,4
0006,car,82,0.014406680404621864,0,0,0,3
0006,car,83,0.007824157145568375,0,0,0,3
0006,car,84,0.005354169012612426,0,0,0,3
0006,car,85,0.006081124433193681,0,0,0,5
0006,car,86,0.007881377129589653,0,0,0,5
0006,car,87,0.0018355389948926262,0,0,0,5
0006,car,88,0.008247152364195941,0,0,0,5
0006,car,89,0.007796952208226083,0,0,0,4
0006,car,90,0.005828913526849989,0,0,0,4
0006,car,91,0.0054738710902833216,0,0,0,4
0006,car,92,0.010869189077685254,0,0,0,4
0006,car,93,0.009872345670412529,0,0,0,4
0006,car,94,0.0072669231144516415,0,0,0,4
0006,car,95,0.006377525020038949,0,0,0,4
0006,car,96,0.006661426929688172,0,0,0,5
0006,car,97,0.010119437541754293,0,0,0,5
0006,car,98,0.00792109068958053,1,1,0,5
0006,car,99,0.003933313460794766,0,0,0,5
0006,car,100,0.0036891429962717355,0,0,0,5
0006,car,101,0.0033916127391645954,0,0,0,6
0006,car,102,0.01262437293746119,0,0,0,5
0006,car,103,0.0112386928485383,0,0,0,5
0006,car,104,0.014541229638600633,0,0,0,5
0006,car,105,0.014219039661316981,0,0,0,5
0006,car,106,0.005292240646691707,0,0,0,5
0006,car,107,0.014115711555959046,0,0,0,5
0006,car,108,0.020417091378634837,0,0,0,5
0006,car,109,0.008026686933478262,0,0,0,5
0006,car,110,0.018027850123325265,0,0,0,5
0006,car,111,0.012414789677263944,0,0,0,5
0006,car,112,0.016541985652603734,0,0,0,5
0006,car,113,0.006170084048186938,0,0,0,5
0006,car,114,0.006509137311235272,1,1,0,5
0006,car,115,0.01427161273243789,0,0,0,4
0006,car,116,0.007622739930518216,0,0,0,4
0006,car,117,0.00737122724932194,0,0,0,4
0006,car,118,0.011850560389169018,0,0,0,4
0006,car,119,0.008505966612798892,0,0,0,4
0006,car,120,0.0058489000302226314,0,0,0,4
0006,car,121,0.013714352258605745,0,0,0,4
0006,car,122,0.005040918487344362,1,1,0,4
0006,car,123,0.00513062755287831,0,0,0,4
0006,car,124,0.006205356138487683,0,0,0,4
0006,car,125,0.0032699885985071164,0,0,0,4
0006,car,126,0.006829750422596752,0,0,0,4
0006,car,127,0.0040246048399023735,0,0,0,4
0006,car,128,0.008735657813856304,0,0,0,4
0006,car,129,0.001638636293369235,0,0,0,4
0006,car,130,0.0035631793132400256,0,0,0,4
0006,car,131,0.002465247761269918,0,0,0,4
0006,car,132,0.0018280951787471658,0,0,0,4
0006,car,133,0.014133796257714196,0,0,0,4
0006,car,134,0.00484807265410513,0,0,0,4
0006,car,135,0.00402394008649638,0,0,0,4
0006,car,136,0.005059021504736395,0,0,0,3
0006,car,137,0.0019249074181179743,0,0,0,3
0006,car,138,0.0027911957495758088,0,0,0,3
0006,car,139,0.001537319057824134,0,0,0,3
0006,car,140,0.0034098293430331,0,0,0,3
0006,car,141,0.005416434123214818,0,0,0,3
0006,car,142,0.0014253722541662803,0,0,0,2
0006,car,143,0.007437875003539781,0,0,0,2
0006,car,144,0.0011400909849879563,0,0,0,2
0006,car,145,0.0033390659921946815,1,1,0,2
0006,car,146,0.002816616467823108,0,0,0,2
0006,car,147,0.0017448456092206623,0,0,0,2
0006,car,148,0.004532197081203185,0,0,0,2
0006,car,149,0.007332020763194091,0,0,0,2
0006,car,150,0.0058732997872408465,0,0,0,2
0006,car,151,0.0022461301944939017,0,0,0,2
0006,car,152,0.008776176714099715,0,0,0,2
0006,car,153,0.008151918165373966,0,0,0,1
0006,car,154,0.007259561080093346,0,0,0,1
0006,car,155,0.013976936295728786,0,0,0,1
0006,car,156,0.006810850360822122,0,0,0,1
0006,car,157,0.018692872859079147,0,0,0,1
0006,car,158,0.011153869433197745,0,0,0,1
0006,car,159,0.0020299461762352446,0,0,0,1
0006,car,160,0.004369505947711119,0,0,0,1
0006,car,161,0.0024843712935451287,0,0,0,1
0006,car,162,0.0018423650643985883,0,0,0,1
0006,car,163,0.0036790557563392326,0,0,0,1
0006,car,164,0.0055570823562305326,0,0,0,1
0006,car,165,0.0028892269947417776,0,0,0,1
0006,car,166,0.0009151153688208169,0,0,0,1
0006,car,167,0.0025344627685149486,0,0,0,1
0006,car,168,0.0019291125596337447,0,0,0,1
0006,car,169,0.0012781443408590224,0,0,0,1
0006,car,170,0.003985795280760283,0,0,0,1
0006,car,171,0.0041644859315360695,0,0,0,1
0006,car,172,0.005039720352525766,0,0,0,1
0006,car,173,0.00819150728064071,0,0,0,1
0006,car,174,0.00727772724278954,0,0,0,1
0006,car,175,0.012439191931613816,0,0,0,1
0006,car,176,0.0036026195395377878,0,0,0,1
0006,car,177,0.0025841442789133664,0,0,0,1
0006,car,178,0.006237414063358716,0,0,0,1
0006,car,179,0.006722209208393293,0,0,0,1
0006,car,180,0.002945073951182416,0,0,0,1
0006,car,181,0.013406819472109439,0,0,0,1
0006,car,182,0.009501030791527136,0,0,0,1
0006,car,183,0.008294258967166993,0,0,0,1
0006,car,184,0.006850854556219872,0,0,0,1
0006,car,185,0.016321497966890735,0,0,0,1
0006,car,186,0.027479283000446764,0,0,0,1
0006,car,187,0.03238603748148714,0,0,0,1
0006,car,188,0.08156239175289239,0,0,0,1
0006,car,189,0.10991594270240432,0,0,0,1
0006,car,190,0.1453499403325059,0,0,0,1
0006,car,191,0.14811810330965253,0,0,0,1
0006,car,192,0.19409402975218015,0,0,0,1
0006,car,193,0.19919365616038334,0,0,0,1
0006,car,194,0.2234360849530408,0,0,0,1
0006,car,195,0.2700876167247762,0,0,0,1
0006,car,196,0.238819648188778,0,0,0,1
0006,car,197,0.25676980662086674,0,0,0,1
0006,car,198,0.3428364444322055,0,0,0,1
0006,car,199,0.3103839268234212,0,0,0,1
0006,car,200,0.34972171155066495,0,0,0,1
0006,car,201,0.38349812840062614,0,0,0,1
0006,car,202,0.3309495906447056,0,0,0,1
0006,car,203,0.30346898047597853,0,0,0,1
0006,car,204,0.2039811799300542,0,0,0,1
0006,car,205,0.10801945031914682,0,0,0,1
0006,car,206,0.06141802755660654,0,0,0,1
0006,car,207,0.08690751879963725,0,0,0,1
0006,car,208,0.1785196851728711,0,0,0,1
0006,car,209,0.30538773275599795,0,0,0,1
0006,car,210,0.4505166735529301,0,0,0,1
0006,car,211,0.6448177726784258,0,0,0,1
0006,car,212,0.9288336489217515,0,0,0,1
0006,car,213,1.1266813803698073,0,0,0,1
0006,car,214,1.57944454541494,0,0,0,1
0006,car,215,1.7241781525305089,0,0,0,1
0006,car,216,2.0352310515764,0,0,0,1
0006,car,217,2.3476752723093623,0,0,0,1
0006,car,218,2.9110452148414123,0,0,0,1
0006,car,219,2.936656443267555,0,0,0,1
0006,car,220,3.2255784601719144,0,0,0,1
0007,car,1,0.0006638745147577844,0,0,0,1
0007,car,2,0.007807550325173541,0,0,0,1
0007,car,3,0.006560936280364974,0,0,0,1
0007,car,4,0.001766600077846043,0,0,0,1
0007,car,5,0.02252549441195224,0,0,0,1
0007,car,6,0.0051276409238307325,0,0,0,1
0007,car,7,0.02467673778632236,0,0,0,1
0007,car,8,0.03706217292548679,0,0,0,1
0007,car,9,0.009640768061356102,0,0,0,1
0007,car,10,0.062050852102089,0,0,0,1
0007,car,11,0.12176424235156677,0,0,0,1
0007,car,12,0.3227369019868055,0,0,0,1
0007,car,36,17.173354114773364,0,0,0,1
0007,car,37,12.28867481768008,0,0,0,2
0007,car,38,10.788892954190363,0,0,0,2
0007,car,39,8.217597220803006,0,0,0,3
0007,car,40,6.056136515793841,0,0,0,4
0007,car,41,4.43292745808837,0,0,0,5
0007,car,42,4.670685578133978,0,0,0,6
0007,car,43,3.319594376666649,0,0,0,6
0007,car,44,2.3670226115655675,0,0,0,6
0007,car,45,3.124276937565064,0,0,0,6
0007,car,46,3.561151995321637,0,0,0,6
0007,car,47,3.9203606333138863,0,0,0,6
0007,car,48,4.6889977880116955,0,0,0,6
0007,car,49,4.389672373527577,0,0,0,6
0007,car,50,3.7454824001046187,0,0,0,6
0007,car,51,3.6010320128805766,0,0,0,6
0007,car,52,2.7854155104997655,0,0,0,6
0007,car,53,2.8303818998692964,0,0,0,6
0007,car,54,2.214893830045864,0,0,0,6
0007,car,55,1.983289759562538,0,0,0,6
0007,car,56,1.71256965792169,0,0,0,6
0007,car,57,1.7166468025142547,0,0,0,6
0007,car,58,1.5550048192986297,0,0,0,6
0007,car,59,1.0748176669850529,0,0,0,6
0007,car,60,0.6583178730869681,0,0,0,6
0007,car,61,0.9024690345833222,0,0,0,6
0007,car,62,1.3727009589219377,0,0,0,6
0007,car,63,1.2520586111832672,0,0,0,5
0007,car,64,1.7249231750467215,0,0,0,5
0007,car,65,1.6304998460007654,0,0,0,5
0007,car,66,1.9946189047866822,0,0,0,5
0007,car,67,2.589892640298548,0,0,0,5
0007,car,68,2.0434850180844046,0,0,0,5
0007,car,69,3.3326984981101995,0,0,0,5
0007,car,70,2.8092503954522234,0,0,0,5
0007,car,71,3.663899210678927,0,0,0,5
0007,car,72,3.3179984531858264,0,0,0,5
0007,car,73,3.7388792118773546,0,0,0,4
0007,car,74,2.599579610988024,0,0,0,4
0007,car,75,4.294590947855128,0,0,0,4
0007,car,76,3.567058415855353,0,0,0,5
0007,car,77,2.5841873773796316,0,0,0,5
0007,car,78,2.705647350912457,0,0,0,5
0007,car,79,2.21489301508713,0,0,0,5
0007,car,80,2.762000958286958,0,0,0,5
0007,car,81,1.7864433123366743,0,0,0,4
0007,car,82,1.87937517206975,0,0,0,4
0007,car,83,2.175881920018049,0,0,0,4
0007,car,84,2.343655147488911,0,0,0,4
0007,car,85,2.7084775767707816,0,0,0,4
0007,car,86,3.297027084282794,0,0,0,3
0007,car,87,2.7894537819558756,0,0,0,3
0007,car,88,1.9435903028503985,0,0,0,2
0007,car,89,3.1899907451099208,0,0,0,2
0007,car,90,3.5144192208644,0,0,0,2
0007,car,91,4.795382936536352,0,0,0,2
0007,car,92,5.444039185932962,0,0,0,2
0007,car,93,5.331400686500165,0,0,0,2
0007,car,94,10.77017563377612,0,0,0,2
0007,car,95,10.06265028675668,0,0,0,2
0007,car,96,13.887154730718693,0,0,0,2
0007,car,97,21.58919584527694,0,0,0,2
0007,car,98,24.986437768066917,0,0,0,2
0007,car,99,2.089367962279501,0,0,0,2
0007,car,100,0.7906988317877532,0,0,0,2
0007,car,101,0.7467419150054866,0,0,0,2
0007,car,102,0.5213569028931737,0,0,0,1
0007,car,103,0.3682796760259385,0,0,0,1
0007,car,104,0.37161245315427244,0,0,0,1
0007,car,105,0.44830982068797864,0,0,0,1
0007,car,106,0.5607981570356372,0,0,0,1
0007,car,107,0.6484916714946211,0,0,0,1
0007,car,108,0.7785159604664185,0,0,0,1
0007,car,109,0.8089310554902756,0,0,0,1
0007,car,110,1.0261411034591865,0,0,0,1
0007,car,111,1.10837497379496,0,0,0,1
0007,car,112,1.33275120559097,0,0,0,1
0007,car,113,1.586682095975157,0,0,0,1
0007,car,114,2.100465158368694,0,0,0,1
0007,car,115,2.150217023582589,0,0,0,1
0007,car,116,2.7700004376617375,0,0,0,1
0007,car,117,2.858650819009102,0,0,0,3
0007,car,118,1.0462721928003091,0,0,0,3
0007,car,119,1.3562567923062483,0,0,0,4
0007,car,120,1.2348748589621137,0,0,0,5
0007,car,121,0.7285202044576836,0,0,0,5
0007,car,122,0.8941031262795536,0,0,0,5
0007,car,123,0.8583833797671603,1,1,0,5
0007,car,124,1.081897358086263,0,0,0,5
0007,car,125,1.1256725676268067,0,0,0,5
0007,car,126,1.2751713470484853,0,0,0,5
0007,car,127,1.6216092183464523,0,0,0,5
0007,car,128,1.676476152435403,0,0,0,5
0007,car,129,1.9335431514922625,0,0,0,5
0007,car,130,2.6288476634591866,0,0,0,6
0007,car,131,1.462944107487065,0,0,0,6
0007,car,132,1.1499893802060668,0,0,0,6
0007,car,133,1.4160521810522568,1,0,1,7
0007,car,134,0.5639429761931282,1,0,1,7
0007,car,135,0.6763691668178766,0,0,0,7
0007,car,136,0.8682657656020228,0,0,0,7
0007,car,137,0.7886832923192799,0,0,0,7
0007,car,138,0.8491197684706089,0,0,0,7
0007,car,139,1.219761566461528,0,0,0,7
0007,car,140,1.6432874493812415,0,0,0,7
0007,car,141,2.224586819717461,0,1,-1,7
0007,car,142,2.3136317157364514,0,0,0,6
0007,car,143,1.9104497150467163,0,0,0,7
0007,car,144,2.596403318612002,0,0,0,7
0007,car,145,2.5715920447642535,0,0,0,7
0007,car,146,2.8440567679333477,0,0,0,7
0007,car,147,3.533333493306392,0,0,0,7
0007,car,148,3.7661928059382896,0,0,0,7
0007,car,149,2.9618832513166367,0,0,0,7
0007,car,150,2.480094859296288,0,0,0,7
0007,car,151,2.2373874119328385,0,0,0,7
0007,car,152,3.0467381427400757,0,0,0,7
0007,car,153,3.0093940955280183,0,0,0,7
0007,car,154,3.665458540826496,0,0,0,7
0007,car,155,4.973281134063458,0,0,0,7
0007,car,156,5.068747466567975,0,0,0,6
0007,car,157,3.0725546859021065,0,0,0,5
0007,car,158,3.072305441242049,0,0,0,5
0007,car,159,2.9159547717550285,0,0,0,5
0007,car,160,3.557665580064235,0,0,0,5
0007,car,161,4.436001705664276,0,0,0,5
0007,car,162,4.82922483018783,0,0,0,5
0007,car,163,6.374557311434795,0,0,0,5
0007,car,164,6.513152502161111,0,0,0,5
0007,car,165,4.5628247063720755,0,0,0,5
0007,car,166,4.41676418195806,0,0,0,4
0007,car,167,2.9109559595077554,0,0,0,3
0007,car,168,1.6561425498712796,0,0,0,3
0007,car,169,1.986165032945959,0,1,-1,3
0007,car,170,1.9353171878056963,0,0,0,4
0007,car,171,2.294498599329982,0,0,0,4
0007,car,172,1.9541968363527034,0,0,0,5
0007,car,173,1.3136670951517966,0,0,0,5
0007,car,174,1.6983699646554007,0,0,0,5
0007,car,175,1.73271171260185,0,0,0,6
0007,car,176,1.1502373551611123,0,0,0,6
0007,car,177,1.141772778272292,0,0,0,6
0007,car,178,0.9727512233987206,0,0,0,5
0007,car,179,0.849729689547061,0,0,0,5
0007,car,180,1.044526911240725,0,0,0,5
0007,car,181,1.0666836449180992,0,0,0,5
0007,car,182,0.9536655408556621,0,0,0,4
0007,car,183,0.43151498058403814,0,0,0,4
0007,car,184,0.3806092870678573,0,0,0,4
0007,car,185,0.44064782792623985,0,0,0,4
0007,car,186,0.46618251577431574,0,0,0,4
0007,car,187,0.4744600132438819,0,0,0,4
0007,car,188,0.6135230646830695,0,0,0,4
0007,car,189,0.600186532079765,0,0,0,4
0007,car,190,0.7281493704427404,0,0,0,4
0007,car,191,0.6752955392969373,0,0,0,4
0007,car,192,0.925220196048957,0,0,0,4
0007,car,193,0.7446153635044848,0,0,0,4
0007,car,194,0.981809937430258,0,0,0,4
0007,car,195,0.5409000052653861,0,0,0,4
0007,car,196,0.6737380721550815,0,0,0,4
0007,car,197,0.6041140133640064,0,0,0,4
0007,car,198,0.6554140221432363,0,0,0,5
0007,car,199,0.6305891237179921,0,0,0,5
0007,car,200,0.6468703747480674,0,0,0,5
0007,car,201,0.7064732845135024,0,0,0,5
0007,car,202,0.7989634483911398,0,1,-1,5
0007,car,203,0.7818053139763227,0,0,0,4
0007,car,204,0.5640281187143412,0,0,0,4
0007,car,205,0.6817517481555923,0,0,0,4
0007,car,206,0.6901054907149912,0,0,0,4
0007,car,207,0.8386706486256508,0,0,0,4
0007,car,208,0.8350587741877851,0,0,0,4
0007,car,209,0.94780214891604,0,0,0,4
0007,car,210,1.1676489016455185,0,0,0,4
0007,car,211,1.1917253115588395,0,0,0,5
0007,car,212,0.8161679005002469,0,0,0,6
0007,car,213,0.6374893968985499,0,0,0,6
0007,car,214,0.6542046825602579,0,0,0,6
0007,car,215,0.7479108478937003,0,0,0,6
0007,car,216,0.8931813785782978,0,0,0,6
0007,car,217,0.900319527130746,0,0,0,6
0007,car,218,1.041587474483681,0,0,0,6
0007,car,219,1.2633834727246491,0,0,0,6
0007,car,220,1.2191246191637357,0,0,0,6
0007,car,221,1.5025161402845892,0,0,0,6
0007,car,222,1.3859705047046584,0,0,0,5
0007,car,223,0.29214658565735924,0,0,0,5
0007,car,224,0.4913852712518233,0,0,0,5
0007,car,225,0.49845748615287616,0,0,0,5
0007,car,226,0.6281491678487569,0,0,0,5
0007,car,227,0.7864891748091885,0,0,0,5
0007,car,228,0.8475846153743334,0,1,-1,5
0007,car,229,1.2635351386592408,0,1,-1,5
0007,car,230,1.4323926740675992,0,0,0,5
0007,car,231,1.1982045710860367,0,0,0,4
0007,car,232,1.3990430387829775,0,0,0,4
0007,car,233,1.652296202069918,1,1,0,4
0007,car,234,2.1191063794931315,0,0,0,4
0007,car,235,3.0758016407654445,0,0,0,4
0007,car,236,3.6001681953596028,0,0,0,4
0007,car,237,4.432606690163202,1,1,0,4
0007,car,238,5.989602522036983,0,0,0,4
0007,car,239,6.6935520230792065,0,0,0,4
0007,car,240,9.427508317182534,0,0,0,4
0007,car,241,13.211138481729177,1,1,0,3
0007,car,242,16.753265515144886,0,0,0,3
0007,car,243,24.080322045020452,0,0,0,3
0007,car,244,18.41738064603915,0,0,0,2
0007,car,245,24.564269726324362,0,0,0,2
0007,car,246,38.19771973344414,0,0,0,2
0007,car,247,26.924898788159954,0,0,0,1
0007,car,248,7.224545668100061,0,0,0,1
0007,car,249,8.656353403107396,0,0,0,1
0007,car,250,8.290112730431936,0,0,0,1
0007,car,251,10.187782230088125,0,0,0,1
0007,car,252,9.515329060679464,0,0,0,1
0007,car,253,11.030484000227752,0,0,0,1
0007,car,254,12.926891920496006,0,0,0,1
0007,car,255,12.872674712197941,0,0,0,1
0007,car,260,12.141236519768281,0,0,0,1
0007,car,261,11.806053795173796,0,0,0,1
0007,car,262,10.944746848923785,0,0,0,1
0007,car,263,10.19962061699827,0,0,0,1
0007,car,264,10.452309268732465,0,0,0,1
0007,car,265,9.996064592914104,0,0,0,1
0007,car,266,9.140259719293503,0,0,0,1
0007,car,267,9.86204605927542,0,0,0,1
0007,car,268,8.72452302237786,0,0,0,1
0007,car,269,8.154191959510444,0,0,0,1
0007,car,270,7.794411546224901,0,0,0,1
0007,car,271,8.056896554114541,0,0,0,1
0007,car,272,7.5511547677109405,0,0,0,1
0007,car,273,7.081206948577493,0,0,0,1
0007,car,274,7.235323525570087,0,0,0,2
0007,car,275,8.163841547290321,0,0,0,2
0007,car,276,9.525980089817036,0,0,0,2
0007,car,277,9.119661654859406,0,0,0,2
0007,car,278,10.214603553507756,0,0,0,2
0007,car,279,12.182589128469516,0,0,0,2
0007,car,280,11.786561427190348,0,0,0,2
0007,car,281,13.86201297895815,0,0,0,2
0007,car,282,18.426646895619534,0,0,0,2
0007,car,283,20.09242556561179,0,0,0,2
0007,car,284,24.31637186682906,0,0,0,2
0007,car,285,33.55827950020039,0,0,0,2
0007,car,286,37.47763308719494,0,0,0,2
0007,car,287,59.434416305629775,0,0,0,2
0007,car,288,1.6209569001515873,0,0,0,1
0007,car,289,1.9951291349117346,0,0,0,1
0007,car,290,2.0786357396012454,0,0,0,1
0007,car,291,1.957691471262915,0,0,0,1
0007,car,292,1.8166363659326392,0,0,0,1
0007,car,293,1.750153023432161,0,0,0,1
0007,car,294,1.3329320951258747,0,0,0,1
0007,car,295,1.0517749800643763,0,0,0,1
0007,car,296,0.8653435235555744,0,0,0,1
0007,car,297,0.47220162690625544,0,0,0,1
0007,car,298,0.3694684594171897,0,0,0,1
0007,car,299,0.20744944256887102,0,0,0,1
0007,car,300,0.13227461734892082,0,0,0,1
0007,car,301,0.010313189307796932,0,0,0,1
0007,car,302,0.08526275787651864,0,0,0,1
0007,car,303,0.11999573108934428,0,0,0,1
0007,car,304,0.18064655030214782,0,0,0,1
0007,car,305,0.11218484314284294,0,0,0,1
0007,car,306,0.14223985447815976,0,0,0,1
0007,car,307,0.15288684757331664,0,0,0,1
0007,car,308,0.16231078029024495,0,0,0,1
0007,car,309,0.14464784312437584,0,0,0,1
0007,car,310,0.1224071880446797,0,0,0,1
0007,car,311,0.024351633424951096,0,0,0,1
0007,car,312,0.036557643043854504,0,0,0,1
0007,car,313,0.062059301937273235,0,0,0,1
0007,car,314,0.04930280850383472,0,0,0,1
0007,car,315,0.08936739405004568,0,0,0,1
0007,car,316,0.01777511274912555,0,0,0,1
0007,car,317,0.07843448060714155,0,0,0,1
0007,car,318,0.21689925560110385,0,0,0,1
0007,car,319,0.7056542001277729,0,0,0,1
0007,car,320,1.1462210645939683,0,0,0,1
0007,car,339,9.948122188820356,0,0,0,2
0007,car,340,10.16934301892184,0,0,0,2
0007,car,341,7.908654969954116,0,0,0,2
0007,car,342,6.7170666209239585,0,0,0,2
0007,car,343,4.871146809390085,0,0,0,2
0007,car,344,3.7587691004662744,0,0,0,2
0007,car,345,2.506653626296897,0,0,0,2
0007,car,346,2.6107646731960408,0,0,0,2
0007,car,347,1.8515067552042357,0,0,0,2
0007,car,348,1.2524340768605424,0,0,0,2
0007,car,349,1.5456363048059905,0,0,0,2
0007,car,350,1.4832098819836308,0,0,0,2
0007,car,351,2.3687836757246403,1,1,0,3
0007,car,352,2.3708766293934493,1,0,1,3
0007,car,353,2.8163947058024776,0,0,0,3
0007,car,354,2.7243738779268503,0,0,0,3
0007,car,355,2.7975798389277178,0,0,0,3
0007,car,356,3.0859690814679435,0,0,0,3
0007,car,357,2.8277364440283703,0,0,0,4
0007,car,358,2.380244508948638,0,0,0,4
0007,car,359,2.2720493340513648,0,0,0,4
0007,car,360,2.442505161579725,0,0,0,4
0007,car,361,2.129290409812631,0,0,0,4
0007,car,362,2.3117998889196594,0,0,0,4
0007,car,363,1.7364692415093517,0,0,0,4
0007,car,364,1.502208642207239,0,0,0,4
0007,car,365,1.3757680190408346,0,0,0,4
0007,car,366,0.9855282941624843,0,0,0,4
0007,car,367,0.9037455732746714,0,0,0,4
0007,car,368,1.0958844207439373,0,0,0,4
0007,car,369,1.0790961331958115,0,0,0,4
0007,car,370,1.2565018423592207,0,0,0,4
0007,car,371,1.2147220005797479,0,0,0,4
0007,car,372,1.3657792066468715,0,0,0,4
0007,car,373,1.5525136992537836,0,0,0,4
0007,car,374,1.2058494471486054,0,0,0,3
0007,car,375,1.4521995594429378,0,0,0,3
0007,car,376,1.5323405169471656,0,0,0,3
0007,car,377,1.5253152286017966,0,0,0,3
0007,car,378,1.7389897321132126,0,0,0,4
0007,car,379,1.4827608563142078,0,0,0,4
0007,car,380,1.0941790886169618,0,0,0,4
0007,car,381,0.956677839496541,0,0,0,4
0007,car,382,0.8716553317502274,0,0,0,4
0007,car,383,0.5344880857815548,0,0,0,4
0007,car,384,0.4590638281739477,0,0,0,4
0007,car,385,0.3759271572331519,0,0,0,4
0007,car,386,0.3573382809925645,0,0,0,4
0007,car,387,0.43466678939324177,0,0,0,4
0007,car,388,0.43567955556455373,0,0,0,4
0007,car,389,0.5040383024755987,0,0,0,4
0007,car,390,0.5833386060242072,0,0,0,4
0007,car,391,0.7304913501723937,0,0,0,4
0007,car,392,0.8125175680687384,0,0,0,5
0007,car,393,0.6481549031181707,0,0,0,5
0007,car,394,0.7303845491400004,0,0,0,5
0007,car,395,0.8291809408275962,0,0,0,5
0007,car,396,1.1037886489228717,0,0,0,5
0007,car,397,0.8116318581003709,0,0,0,5
0007,car,398,1.2237338478181694,0,0,0,5
0007,car,399,1.5730890718637134,0,0,0,6
0007,car,400,1.2117183328555008,0,0,0,7
0007,car,401,1.4531486276440821,0,0,0,8
0007,car,402,1.3698590418648127,1,1,0,8
0007,car,403,1.5009645277225032,0,0,0,8
0007,car,404,1.5181015760108205,0,0,0,8
0007,car,405,1.7765533321117446,0,0,0,8
0007,car,406,1.562165585779889,0,0,0,8
0007,car,407,1.9832066516515487,0,0,0,8
0007,car,408,1.6950335381008101,0,0,0,8
0007,car,409,2.1989213756988106,0,1,-1,8
0007,car,410,2.5978620863138557,0,0,0,7
0007,car,411,2.810720852242754,0,0,0,8
0007,car,412,1.2124462572748598,0,0,0,8
0007,car,413,1.5621355924366678,0,0,0,8
0007,car,414,1.4867621123074362,0,0,0,8
0007,car,415,1.7355164047436686,0,0,0,8
0007,car,416,1.698335221250992,0,0,0,7
0007,car,417,1.460196900978977,0,0,0,6
0007,car,418,1.5862617623241249,0,0,0,6
0007,car,419,1.5688222034892005,0,0,0,6
0007,car,420,1.8953250828584904,0,0,0,6
0007,car,421,2.4166911526597104,0,0,0,6
0007,car,422,2.4208962621852064,0,0,0,6
0007,car,423,2.5128715824064236,0,0,0,4
0007,car,424,2.352470700471077,0,0,0,4
0007,car,425,2.2781866252804006,0,0,0,4
0007,car,426,2.4196539050091865,0,0,0,4
0007,car,427,3.4109196355640337,0,0,0,5
0007,car,428,3.006906973402623,0,0,0,5
0007,car,429,4.015247570905197,0,0,0,5
0007,car,430,4.1918049772221035,0,0,0,5
0007,car,431,5.064269100608054,0,0,0,6
0007,car,432,0.9350358478870453,0,0,0,6
0007,car,433,0.6305360185498098,0,0,0,5
0007,car,434,0.5012684748477765,0,0,0,5
0007,car,435,0.6089736331430933,0,0,0,5
0007,car,436,0.6131875603626951,0,0,0,5
0007,car,437,0.6864065000664025,0,0,0,5
0007,car,438,0.9201576559585225,0,1,-1,5
0007,car,439,0.7395926501048111,0,0,0,4
0007,car,440,1.091419960326672,0,0,0,4
0007,car,441,0.9174629828253585,0,0,0,4
0007,car,442,0.7180567007949994,0,0,0,3
0007,car,443,0.6728416376045225,0,0,0,3
0007,car,444,0.689806887473531,0,0,0,3
0007,car,445,0.8865271159154652,0,0,0,3
0007,car,446,0.8554835109215801,0,0,0,3
0007,car,447,0.865780753303329,0,0,0,3
0007,car,448,0.9154336271311118,0,0,0,3
0007,car,449,1.1534921000366922,0,0,0,3
0007,car,450,1.1392138411258659,0,0,0,3
0007,car,451,1.4418949039726718,0,0,0,4
0007,car,452,1.321323444239318,0,0,0,4
0007,car,453,1.3203082783192726,0,0,0,5
0007,car,454,0.9333128042776386,0,0,0,5
0007,car,455,0.9356973780854204,0,0,0,5
0007,car,456,1.042299482041145,0,0,0,6
0007,car,457,1.5687767918456579,0,0,0,7
0007,car,458,0.8177297470590483,0,0,0,7
0007,car,459,0.899563621014706,0,0,0,7
0007,car,460,1.0606172028739445,0,1,-1,7
0007,car,461,0.718002941543077,0,0,0,6
0007,car,462,0.9141089902374144,0,0,0,6
0007,car,463,1.0150226313491229,0,0,0,6
0007,car,464,1.016602004029978,0,0,0,6
0007,car,465,1.4073262570931317,0,0,0,6
0007,car,466,1.1967674572128104,0,1,-1,6
0007,car,467,1.2853244967587447,0,0,0,5
0007,car,468,1.1111273728876698,0,0,0,5
0007,car,469,1.1678824211118763,0,0,0,5
0007,car,470,1.3260490603252795,0,0,0,5
0007,car,471,1.6324820798345685,0,0,0,5
0007,car,472,1.6797346994716975,0,0,0,5
0007,car,473,1.9275805524703,0,0,0,6
0007,car,474,1.4524819373443358,0,0,0,6
0007,car,475,1.4320150378315015,0,0,0,6
0007,car,476,1.595544502205924,0,0,0,6
0007,car,477,1.3083706569573277,1,0,1,6
0007,car,478,1.6119629711362728,0,1,-1,6
0007,car,479,2.1670142486878192,0,1,-1,6
0007,car,480,2.321584692450557,0,0,0,7
0007,car,481,1.3255899513875973,0,0,0,6
0007,car,482,1.4698411452776776,0,1,-1,7
0007,car,483,1.155941287530553,0,0,0,7
0007,car,484,1.2549425090759498,0,0,0,7
0007,car,485,1.4552362174639801,0,0,0,7
0007,car,486,1.461197406813578,0,0,0,8
0007,car,487,1.4400186967172928,0,0,0,8
0007,car,488,1.394969608084853,0,0,0,7
0007,car,489,0.9220007696001352,0,1,-1,7
0007,car,490,1.0797896672068727,0,0,0,7
0007,car,491,0.9920499366888711,1,0,1,7
0007,car,492,1.0616355958152521,0,0,0,7
0007,car,493,1.2847710031354649,0,0,0,7
0007,car,494,1.213758456953967,0,0,0,7
0007,car,495,1.3147323192213736,0,0,0,6
0007,car,496,1.579156932690681,0,0,0,6
0007,car,497,1.6114796965103162,0,0,0,6
0007,car,498,1.9774307174662402,0,0,0,6
0007,car,499,2.029998410051002,0,0,0,6
0007,car,500,2.247753276338084,0,1,-1,6
0007,car,501,2.77002426696685,0,0,0,6
0007,car,502,2.7981964070740757,0,1,-1,6
0007,car,503,3.219031506600902,0,0,0,7
0007,car,504,4.032849922494998,0,0,0,6
0007,car,505,4.180159971469864,0,1,-1,6
0007,car,506,4.894757131443558,0,0,0,5
0007,car,507,1.1319649466690602,0,0,0,6
0007,car,508,1.1730102183704623,1,1,0,6
0007,car,509,1.4913239376622252,1,1,0,6
0007,car,510,1.4830217004730777,0,0,0,6
0007,car,511,1.5662495491851829,0,0,0,6
0007,car,512,1.7508799002295907,0,0,0,6
0007,car,513,1.7944958559313875,0,0,0,7
0007,car,514,2.2533375563619096,0,0,0,7
0007,car,515,2.6952546203817986,0,1,-1,7
0007,car,516,2.415165152493771,0,0,0,5
0007,car,517,4.0889209059580685,0,0,0,5
0007,car,518,4.630092969146638,0,0,0,5
0007,car,519,4.319309993914954,0,0,0,5
0007,car,520,4.905401640685329,0,0,0,5
0007,car,521,4.840246790183416,0,0,0,5
0007,car,522,4.906120973704908,0,0,0,5
0007,car,523,5.456603074253993,0,0,0,5
0007,car,524,4.956464415548444,0,0,0,5
0007,car,525,4.404182400071777,0,0,0,5
0007,car,526,4.710951318738885,0,0,0,5
0007,car,527,4.015629619727464,0,0,0,5
0007,car,528,4.218898234437038,0,0,0,5
0007,car,529,5.9901324418295125,0,0,0,5
0007,car,530,4.975073901420576,0,0,0,4
0007,car,531,2.557685664941418,0,0,0,3
0007,car,532,1.2079186680865894,0,0,0,3
0007,car,533,1.1328323208472626,0,0,0,3
0007,car,534,1.6214736835182986,0,0,0,3
0007,car,535,1.4065543769086706,0,0,0,3
0007,car,536,1.6328424392384429,0,0,0,3
0007,car,537,1.970926221765825,0,0,0,3
0007,car,538,2.2009770589329825,0,0,0,3
0007,car,539,2.1320605590369848,0,0,0,3
0007,car,540,2.53083168383264,0,0,0,3
0007,car,541,1.3416742966264277,0,0,0,2
0007,car,542,6.247770947586348,0,0,0,2
0007,car,543,8.07346168430098,0,0,0,2
0007,car,544,8.082994662719726,0,0,0,2
0007,car,545,10.185440720766458,0,0,0,2
0007,car,546,10.269793521776448,0,0,0,2
0007,car,547,11.864737399969965,0,0,0,2
0007,car,548,15.778989084481802,0,0,0,2
0007,car,549,16.856004844757614,0,0,0,2
0007,car,550,21.26115888806529,0,0,0,2
0007,car,551,29.521698371946044,0,0,0,2
0007,car,552,32.40633172383954,0,0,0,2
0007,car,553,42.416494277659034,0,0,0,2
0007,car,554,69.33702982796599,0,0,0,1
0007,car,555,1.4244249433244316,0,0,0,1
0007,car,556,1.6162368491169465,0,0,0,1
0007,car,557,1.8243169351883286,0,0,0,1
0007,car,558,2.003718853287337,0,0,0,1
0007,car,559,2.7352059399071895,0,0,0,1
0007,car,560,3.2681231023285124,0,0,0,1
0007,car,561,4.5595881921996755,0,0,0,1
0007,car,562,7.427796875836201,0,0,0,1
0007,car,608,16.984195802567505,0,0,0,1
0007,car,609,11.606372181200355,0,0,0,1
0007,car,610,8.35802319499318,0,0,0,1
0007,car,611,5.990942654002807,0,0,0,1
0007,car,612,3.2050570049438045,0,0,0,1
0007,car,613,1.6227780632239623,0,0,0,1
0007,car,614,0.7993881437099479,0,0,0,1
0007,car,615,1.1777992407579425,0,0,0,1
0007,car,616,2.1175128639915513,0,0,0,1
0007,car,617,2.6967922603787597,0,0,0,1
0007,car,618,3.303418875641909,0,0,0,1
0007,car,619,3.851260916523235,0,0,0,1
0007,car,620,3.44501784712144,0,0,0,1
0007,car,621,3.2056079908313726,0,0,0,1
0007,car,622,2.9832934735452574,0,0,0,1
0007,car,623,2.1649213823683406,0,0,0,2
0007,car,624,1.9388405487352662,0,0,0,2
0007,car,625,1.3908077327560968,0,0,0,2
0007,car,626,0.9907090995120196,0,0,0,2
0007,car,627,0.8079457926987788,0,0,0,2
0007,car,628,0.5576316614063733,0,0,0,2
0007,car,629,0.4326869919075754,0,0,0,2
0007,car,630,0.5002271332144346,0,0,0,2
0007,car,631,0.5624342899183253,0,0,0,2
0007,car,632,0.7504077094207328,0,0,0,2
0007,car,633,0.7555612455081259,0,0,0,2
0007,car,634,0.8551772179008763,0,0,0,2
0007,car,635,1.0638340474571322,0,0,0,2
0007,car,636,1.1120723428962875,0,0,0,2
0007,car,637,1.1924251208598757,0,0,0,2
0007,car,638,1.701815781810041,0,0,0,2
0007,car,639,2.1582985111948263,0,0,0,2
0007,car,640,2.8330302109422987,0,0,0,2
0007,car,641,3.910375344041391,0,0,0,2
0007,car,642,4.8255672448559865,0,0,0,2
0007,car,643,7.109924188816645,0,0,0,2
0007,car,644,12.812641350841465,0,0,0,2
0007,car,645,15.701018571632751,0,0,0,2
0007,car,646,25.135371679596272,0,0,0,2
0007,car,647,35.37899966025234,0,0,0,2
0007,car,648,0.1123296324056155,0,0,0,1
0007,car,649,0.22812233889884323,0,0,0,1
0007,car,650,0.4244311736400114,0,0,0,1
0007,car,651,0.543796735345738,0,0,0,1
0007,car,652,0.9170346676318697,0,0,0,1
0007,car,653,1.2565025634955138,0,0,0,1
0007,car,654,1.872010916517656,0,0,0,1
0007,car,655,3.0077019831565304,0,0,0,1
0007,car,656,4.288833495044335,0,0,0,1
0007,car,657,7.430060858588648,0,0,0,1
0007,car,658,10.968990428646714,0,0,0,1
0007,car,659,17.614148524207504,0,0,0,1
0007,car,660,28.992039125037373,0,0,0,1
0007,car,661,41.95404601580526,0,0,0,1
0007,car,662,81.18323576481139,0,0,0,1
0007,car,749,13.353364123921704,0,0,0,1
0007,car,750,10.95504055267164,0,0,0,1
0007,car,751,7.201897114763569,0,0,0,1
0007,car,752,4.790225604501767,0,0,0,1
0007,car,753,3.0239954068744903,0,0,0,1
0007,car,754,1.128691123886752,0,0,0,1
0007,car,755,0.9729610252701235,0,0,0,1
0007,car,756,2.5736917124338317,0,0,0,1
0007,car,757,3.2480511219886576,0,0,0,1
0007,car,758,3.899661662922953,0,0,0,1
0007,car,759,4.627405253645996,0,0,0,1
0007,car,760,4.221768887719395,0,0,0,1
0007,car,761,4.455777316544517,0,0,0,1
0007,car,762,3.8336318505698936,0,0,0,1
0007,car,763,3.5004050483489997,0,0,0,1
0007,car,764,3.562063383310038,0,0,0,1
0007,car,765,2.92607717190182,0,0,0,1
0007,car,766,2.5083521543018312,0,0,0,1
0007,car,767,2.4441404773876694,0,0,0,1
0007,car,768,1.9815956641107497,0,0,0,1
0007,car,769,1.789098751879321,0,0,0,1
0007,car,770,1.3340411050421477,0,0,0,1
0007,car,771,0.9482814093564732,0,0,0,1
0007,car,772,0.7240545901707738,0,0,0,2
0007,car,773,0.40608497770640584,0,0,0,2
0007,car,774,0.3681580112968791,0,0,0,2
0007,car,775,0.4314894020505953,0,0,0,2
0007,car,776,0.4040106258312949,0,0,0,2
0007,car,777,0.4239525667422114,0,0,0,2
0007,car,778,0.4530992412369886,0,0,0,2
0007,car,779,0.46936181858771836,0,0,0,2
0007,car,780,0.5790361983937086,0,0,0,2
0007,car,781,0.5742125434463634,0,0,0,2
0007,car,782,0.5651750406984374,0,0,0,2
0007,car,783,0.721027895550276,0,0,0,2
0007,car,784,0.7261290819100438,0,0,0,2
0007,car,785,0.7916408034479788,0,0,0,2
0007,car,786,0.9348185541619609,0,0,0,2
0007,car,787,0.851793909522891,0,0,0,2
0007,car,788,0.886914429614963,0,0,0,2
0007,car,789,1.1068836839833713,0,0,0,2
0007,car,790,1.1490253584229508,0,0,0,2
0007,car,791,1.3900157593735254,0,0,0,2
0007,car,792,1.3755553771971283,0,0,0,2
0007,car,793,1.5149453630144711,0,0,0,2
0007,car,794,1.9440220207933554,0,0,0,2
0007,car,795,2.0947438827113833,0,0,0,2
0007,car,796,2.484206406998806,0,0,0,2
0007,car,797,3.1952647682234474,0,0,0,2
0007,car,798,3.2883548550573614,0,0,0,2
0007,car,799,4.601879670081044,0,0,0,2
0007,pedestrian,153,1.5027313084318425,0,0,0,1
0007,pedestrian,154,1.6863388759303157,0,0,0,1
0007,pedestrian,155,2.0186056685537985,0,0,0,1
0007,pedestrian,156,2.028626228242297,0,0,0,1
0007,pedestrian,157,0.08856023816050325,0,0,0,1
0007,pedestrian,158,1.031774659209477,0,0,0,1
0007,pedestrian,159,1.169276319043493,0,0,0,1
0007,pedestrian,160,1.2050082668845474,0,0,0,1
0007,pedestrian,161,1.9024101863409544,0,0,0,1
0007,pedestrian,162,2.0904855360784724,0,0,0,1
0007,pedestrian,163,2.7308160234377987,0,0,0,1
0007,pedestrian,164,3.050344136671047,0,0,0,1
0007,pedestrian,165,7.24373159176937,0,0,0,1
0007,pedestrian,166,11.154264944647059,0,0,0,1
0007,pedestrian,167,21.670924984689243,0,0,0,1
0007,pedestrian,168,37.52867325372151,0,0,0,1
0007,pedestrian,169,58.62975489354684,0,0,0,1
0007,pedestrian,170,71.71633910410485,0,0,0,1
0007,pedestrian,621,3.5828069508621043,0,0,0,1
0007,pedestrian,624,1.515027065254143,0,0,0,1
0007,pedestrian,625,0.9930699518025558,0,0,0,1
0007,pedestrian,626,0.6727808410867443,0,0,0,1
0007,pedestrian,627,0.4816225370327225,0,0,0,1
0007,pedestrian,628,0.2682073218010626,0,0,0,1
0007,pedestrian,629,0.1581831006500411,0,0,0,1
0007,pedestrian,630,0.16567783496349975,0,0,0,1
0007,pedestrian,631,0.15346606170858954,0,0,0,1
0007,pedestrian,636,0.2571544673835526,0,0,0,1
0007,pedestrian,637,0.06985140168781731,0,0,0,1
0007,pedestrian,638,0.001276102272205272,0,0,0,1
0007,pedestrian,639,0.1078821188769266,0,0,0,1
0007,pedestrian,640,0.20516901691464634,0,0,0,1
0007,pedestrian,641,0.11362557392369788,0,0,0,1
0007,pedestrian,642,0.39204644487218077,0,0,0,1
0007,pedestrian,643,0.5620382410674828,0,0,0,1
0007,pedestrian,644,0.802067380863522,0,0,0,1
0007,pedestrian,645,0.9314528085091774,0,0,0,1
0007,pedestrian,647,1.5281256919060853,0,0,0,1
0007,pedestrian,648,1.9128145662702836,0,0,0,1
0007,pedestrian,649,1.0940902647151085,0,0,0,1
0007,pedestrian,650,1.1474910761034727,0,0,0,1
0007,pedestrian,651,1.4057840639268009,0,0,0,1
0007,pedestrian,652,1.7542391583021857,0,0,0,1
0007,pedestrian,653,1.909911901029266,0,0,0,1
0007,pedestrian,654,2.2474019450678733,0,0,0,1
0007,pedestrian,655,2.9566826202171765,0,0,0,1
0007,pedestrian,656,3.113680119482249,0,0,0,1
0007,pedestrian,657,4.110214140091724,0,0,0,1
0007,pedestrian,658,4.556692266049009,0,0,0,1
0007,pedestrian,659,5.539111185914777,0,0,0,1
0007,pedestrian,660,7.482202978112601,0,0,0,1
0007,pedestrian,661,8.235810904158422,0,0,0,1
0007,pedestrian,662,10.380486954124855,0,0,0,1
0007,pedestrian,663,14.754945206686372,0,0,0,1
0007,pedestrian,664,0.42965576017096907,0,0,0,1
0007,pedestrian,665,0.6327468742169371,0,0,0,1
0007,pedestrian,666,0.8732018806354186,0,0,0,1
0007,pedestrian,667,1.2963727868077461,0,0,0,1
0008,car,1,3.444417901790927,0,0,0,2
0008,car,2,4.138432509654943,0,0,0,4
0008,car,3,2.1095292534591796,0,0,0,3
0008,car,4,1.4063166903677358,0,0,0,3
0008,car,5,1.8461101898767205,0,0,0,3
0008,car,6,1.7554963379026411,0,0,0,3
0008,car,7,1.9332674506109113,0,0,0,3
0008,car,8,1.8051477164514602,0,0,0,3
0008,car,9,1.5756660287079,0,0,0,3
0008,car,10,2.0036263593951307,0,0,0,3
0008,car,11,2.887008825436858,0,0,0,3
0008,car,12,1.875344408940786,0,0,0,3
0008,car,13,2.112516009372894,0,0,0,3
0008,car,14,1.90718314749055,0,0,0,2
0008,car,15,2.192757763486507,0,0,0,2
0008,car,16,2.7938939739538124,0,0,0,2
0008,car,17,1.3239557596339626,0,0,0,1
0008,car,18,0.11637164339505207,0,0,0,1
0008,car,19,0.22958785851779062,0,0,0,1
0008,car,20,0.25704702358860415,0,0,0,1
0008,car,21,0.30951325059299756,0,0,0,1
0008,car,22,0.359605228514272,0,0,0,1
0008,car,23,0.27204988994716334,0,0,0,1
0008,car,24,0.283877909287957,0,0,0,1
0008,car,25,0.5615675315313637,0,0,0,1
0008,car,26,0.5816842536213537,0,0,0,1
0008,car,27,0.5607755056328501,0,0,0,1
0008,car,28,0.6718603602538832,0,0,0,1
0008,car,29,0.6456992953812009,0,0,0,1
0008,car,30,0.6036257794998234,0,0,0,1
0008,car,31,0.7366281487129712,0,0,0,1
0008,car,32,0.6857735787654493,0,0,0,1
0008,car,33,0.804949931523854,0,0,0,1
0008,car,34,0.795566251909978,0,0,0,1
0008,car,35,0.8826411370789129,0,0,0,1
0008,car,36,1.0780178763511647,0,0,0,1
0008,car,37,1.014797389556864,0,0,0,1
0008,car,38,1.1680898403845497,0,0,0,1
0008,car,39,1.4382494875053888,0,0,0,1
0008,car,40,1.5794863337509035,0,0,0,1
0008,car,41,1.7061189197144673,0,0,0,1
0008,car,42,2.2540642989903623,0,0,0,1
0008,car,43,2.308131661771469,0,0,0,1
0008,car,44,2.98226914106479,0,0,0,1
0008,car,45,2.886074514902704,0,0,0,1
0008,car,46,4.253598799212115,0,0,0,1
0008,car,47,5.082335831204679,0,0,0,1
0008,car,48,5.571880203440955,0,0,0,1
0008,car,49,6.898677763880548,0,0,0,1
0008,car,50,9.64760671286312,0,0,0,1
0008,car,51,10.973331151054891,0,0,0,1
0008,car,52,14.47645070360493,0,0,0,1
0008,car,53,21.81986084038521,0,0,0,1
0008,car,54,24.815720531696048,0,0,0,1
0008,car,55,31.94694694267549,0,0,0,1
0008,car,56,47.93668714434382,0,0,0,1
0008,car,57,59.72871229441266,0,0,0,1
0008,car,58,0.5496853909272683,0,0,0,1
0008,car,59,0.03584718597043489,0,0,0,1
0008,car,60,0.09491192225665267,0,0,0,1
0008,car,61,0.11404541320835102,0,0,0,1
0008,car,62,0.1131490818280522,0,0,0,1
0008,car,63,0.12488651056679953,0,0,0,1
0008,car,64,0.12354013170763481,0,0,0,1
0008,car,65,0.09168329119382036,0,0,0,1
0008,car,66,0.041230353534971426,0,0,0,1
0008,car,67,0.00505381385357906,0,0,0,1
0008,car,68,0.031257463336721775,0,0,0,1
0008,car,69,0.03432953117702947,0,0,0,1
0008,car,70,0.08544033437394973,0,0,0,1
0008,car,71,0.10021502325505696,0,0,0,1
0008,car,72,0.07715226319222196,0,0,0,1
0008,car,73,0.0662887498897678,0,0,0,1
0008,car,74,0.032848792640320826,0,0,0,1
0008,car,75,0.024932607453550158,0,0,0,1
0008,car,76,0.016663836783376317,0,0,0,1
0008,car,77,0.013042061102274873,0,0,0,1
0008,car,78,0.03752603685976991,0,0,0,1
0008,car,79,0.07007546348618368,0,0,0,2
0008,car,80,0.05749098697477084,0,0,0,2
0008,car,81,0.07421711331607486,0,0,0,2
0008,car,82,0.10045807387160013,0,0,0,2
0008,car,83,0.1634919180649801,0,0,0,2
0008,car,84,0.22327976811758757,0,0,0,2
0008,car,85,0.3159394312077021,0,0,0,2
0008,car,86,0.4909565955671167,0,0,0,3
0008,car,87,0.035981930387976174,0,0,0,3
0008,car,88,0.07416227654682393,0,0,0,3
0008,car,89,0.11736192580806853,0,0,0,3
0008,car,90,0.1547936178053485,0,0,0,3
0008,car,91,0.23391414268239352,0,0,0,3
0008,car,92,0.28731616280899547,0,0,0,3
0008,car,93,0.2499482165567132,0,0,0,3
0008,car,94,0.3300502101776069,0,0,0,3
0008,car,95,0.3600331278673169,0,0,0,3
0008,car,96,0.45112815129142947,0,0,0,3
0008,car,97,0.5363660287358037,0,0,0,3
0008,car,98,0.33488023175782944,0,0,0,2
0008,car,99,4.150090404882337,0,0,0,2
0008,car,100,7.02822039793843,0,0,0,2
0008,car,101,10.33130857205703,0,0,0,2
0008,car,102,18.340543747565654,1,0,1,3
0008,car,103,0.10837942471860906,0,0,0,3
0008,car,104,0.07825809591740526,0,0,0,2
0008,car,105,0.36368720309907243,0,0,0,2
0008,car,106,0.5418381421034882,0,0,0,2
0008,car,107,0.6692364089356225,0,0,0,2
0008,car,108,0.9967436622132296,0,0,0,2
0008,car,109,1.229070730835525,0,0,0,2
0008,car,110,1.689980574772928,0,0,0,2
0008,car,111,2.6039262219899038,0,0,0,3
0008,car,112,0.058653330322134725,0,0,0,3
0008,car,113,0.0885867514296674,0,0,0,3
0008,car,114,0.13825480549574592,0,0,0,3
0008,car,115,0.17228347077612266,0,0,0,3
0008,car,116,0.21141114235514386,0,0,0,3
0008,car,117,0.26681123659129946,0,0,0,3
0008,car,118,0.18471894724102877,0,0,0,2
0008,car,119,1.0175059363994057,0,0,0,2
0008,car,120,1.4848257596528969,0,0,0,2
0008,car,121,1.7768479646145283,0,0,0,2
0008,car,122,2.759149927756745,0,0,0,2
0008,car,123,3.5321626187198407,0,0,0,2
0008,car,124,5.270924864312537,0,0,0,2
0008,car,125,9.212554562534782,0,0,0,2
0008,car,126,13.936435460347028,0,0,0,2
0008,car,127,24.526325815860666,0,0,0,2
0008,car,128,46.939368712049564,0,0,0,3
0008,car,129,0.09746853596972271,0,0,0,2
0008,car,130,0.07347231082258827,0,0,0,2
0008,car,131,0.10476792558901127,0,0,0,2
0008,car,132,0.0806566191263176,0,0,0,2
0008,car,133,0.10739920387627361,0,0,0,2
0008,car,134,0.10101567359256852,0,0,0,2
0008,car,135,0.11693255170959116,0,0,0,2
0008,car,136,0.21052265784492963,0,0,0,2
0008,car,137,0.2171650319988158,0,0,0,2
0008,car,138,0.1811152760955339,0,0,0,2
0008,car,139,0.19762864807506705,0,0,0,2
0008,car,140,0.10870069698459764,0,0,0,2
0008,car,141,0.06967216384496297,0,0,0,2
0008,car,142,0.11173738798739274,0,0,0,2
0008,car,143,0.17369176807900816,0,0,0,2
0008,car,144,0.1929490317070503,0,0,0,2
0008,car,145,0.21422959143581619,0,0,0,2
0008,car,146,0.18488671132392476,0,0,0,2
0008,car,147,0.15395526361644712,0,0,0,2
0008,car,148,0.1661803929369385,0,0,0,2
0008,car,149,0.15485603948470983,0,0,0,2
0008,car,150,0.1214193512374841,0,0,0,2
0008,car,151,0.116909839706835,0,0,0,2
0008,car,152,0.11715062244309601,0,0,0,2
0008,car,153,0.1331320450855648,0,0,0,2
0008,car,154,0.10675458461050946,0,0,0,2
0008,car,155,0.10705716063532895,0,0,0,2
0008,car,156,0.11879835302108382,0,0,0,2
0008,car,157,0.12637874912060748,0,0,0,2
0008,car,158,0.1967972523159406,0,0,0,2
0008,car,159,0.2390788346656182,0,0,0,2
0008,car,160,0.13489951471635023,0,0,0,2
0008,car,161,0.1675719908986986,0,0,0,2
0008,car,162,0.14833816934062774,0,0,0,2
0008,car,163,0.09894517702192814,0,0,0,2
0008,car,164,0.22234578828958723,0,0,0,2
0008,car,165,0.20429933192945718,0,0,0,2
0008,car,166,0.1288833977487278,0,0,0,2
0008,car,167,0.13259809413607232,0,0,0,2
0008,car,168,0.14182168141806953,0,0,0,2
0008,car,169,0.23668420289632916,0,0,0,2
0008,car,170,0.23168725820202532,0,0,0,2
0008,car,171,0.2530500365821142,0,0,0,2
0008,car,172,0.21665922377223895,0,0,0,2
0008,car,173,0.21501285881470347,0,0,0,2
0008,car,174,0.19971916843935458,0,0,0,2
0008,car,175,0.23699352341428917,0,0,0,2
0008,car,176,0.21416586488153846,0,0,0,2
0008,car,177,0.20706273080542772,0,0,0,2
0008,car,178,0.2696921444677829,0,0,0,2
0008,car,179,0.2265622187793417,0,0,0,2
0008,car,180,0.26772069271257454,0,0,0,2
0008,car,181,0.20738960048160018,0,0,0,2
0008,car,182,0.20438912146007857,0,0,0,2
0008,car,183,0.22028631062611348,0,0,0,2
0008,car,184,0.20200214664162694,0,0,0,2
0008,car,185,0.1934249393137535,0,0,0,2
0008,car,186,0.2129502081666316,0,0,0,2
0008,car,187,0.20527230256403683,0,0,0,2
0008,car,188,0.23856641120559494,0,0,0,3
0008,car,189,0.5092051376484745,0,0,0,3
0008,car,190,0.4211092908499654,0,0,0,3
0008,car,191,0.4559789511725709,0,0,0,3
0008,car,192,0.4018863335868322,0,0,0,3
0008,car,193,0.4238584123499547,0,0,0,3
0008,car,194,0.4016697402194654,0,0,0,3
0008,car,195,0.33202877164546285,0,0,0,3
0008,car,196,0.3012042823852553,0,0,0,3
0008,car,197,0.4357704790646115,0,0,0,3
0008,car,198,0.3248689942901453,0,0,0,3
0008,car,199,0.28750272580318204,0,0,0,3
0008,car,200,0.20526903624440715,0,0,0,3
0008,car,201,0.2846343668374912,0,0,0,3
0008,car,202,0.4484023309841967,0,0,0,4
0008,car,203,0.4312275289271715,0,0,0,4
0008,car,204,0.44390386803529347,0,0,0,4
0008,car,205,0.48375882053460506,0,0,0,4
0008,car,206,0.4327138426267722,0,0,0,4
0008,car,207,0.5156368435548222,0,0,0,4
0008,car,208,0.541209455943242,0,0,0,4
0008,car,209,0.31742505692159506,0,0,0,3
0008,car,210,0.3190441750198395,0,0,0,4
0008,car,211,0.23612284741989012,0,0,0,4
0008,car,212,0.5643530430677904,0,0,0,4
0008,car,213,0.6406936205845083,0,0,0,4
0008,car,214,0.5480849239742812,0,0,0,4
0008,car,215,0.6050302760438728,0,0,0,5
0008,car,216,1.3298910341663768,0,0,0,5
0008,car,217,1.2205018935565648,0,0,0,5
0008,car,218,1.1222370770305559,0,0,0,5
0008,car,219,1.1216199485932503,1,1,0,5
0008,car,220,0.846872398488798,0,0,0,4
0008,car,221,0.8782574386364591,0,0,0,4
0008,car,222,0.6407978088607805,0,0,0,4
0008,car,223,0.4951968541535512,0,0,0,4
0008,car,224,0.38797690703359533,0,0,0,4
0008,car,225,0.3021430475286018,0,0,0,4
0008,car,226,0.4643979369854343,0,0,0,4
0008,car,227,0.7327745109100564,0,0,0,4
0008,car,228,0.6923120837033082,0,0,0,4
0008,car,229,0.6614687189734756,0,0,0,4
0008,car,230,0.7434434498870967,0,0,0,4
0008,car,231,0.7021059983356001,0,0,0,4
0008,car,232,0.6557258842048206,0,0,0,4
0008,car,233,0.5634852534929957,0,0,0,4
0008,car,234,0.5025768344198127,0,0,0,3
0008,car,235,0.5810048683357081,0,0,0,3
0008,car,236,0.636503520927425,0,0,0,3
0008,car,237,0.7182248294544606,0,0,0,3
0008,car,238,0.7277896292042116,0,0,0,5
0008,car,239,0.7867965687871517,0,0,0,5
0008,car,240,0.6263362230739488,0,0,0,4
0008,car,241,0.605094422941485,0,0,0,4
0008,car,242,0.6025797224337919,0,0,0,4
0008,car,243,0.6501897724802704,0,0,0,4
0008,car,244,0.6908071221622458,0,0,0,4
0008,car,245,0.589459184683539,0,0,0,4
0008,car,246,0.6331851048441344,0,0,0,4
0008,car,247,0.46706977665225397,0,0,0,4
0008,car,248,0.41709389138179936,0,0,0,4
0008,car,249,0.341318595202246,0,0,0,4
0008,car,250,0.22739433181310673,0,0,0,4
0008,car,251,0.31363564198848726,0,0,0,4
0008,car,252,0.12992948234898477,0,0,0,4
0008,car,253,0.14707603602308258,0,0,0,4
0008,car,254,0.37578689907822943,0,0,0,4
0008,car,255,0.2869664081104501,0,0,0,4
0008,car,256,0.3924976882457888,0,0,0,4
0008,car,257,0.44763821166432843,0,0,0,4
0008,car,258,0.41840753532327735,0,0,0,4
0008,car,259,0.8436414603505727,0,0,0,4
0008,car,260,0.8848439442679261,0,0,0,4
0008,car,261,0.7851770766297232,0,0,0,4
0008,car,262,0.8282277506754117,0,0,0,4
0008,car,263,0.7166335023153434,0,0,0,4
0008,car,264,0.7372085427894289,0,0,0,4
0008,car,265,0.6408574031156395,0,0,0,3
0008,car,266,0.3794690117151869,0,0,0,3
0008,car,267,0.3860682106201596,0,0,0,3
0008,car,268,0.373610248500285,0,0,0,3
0008,car,269,0.20753474118035797,0,0,0,2
0008,car,270,0.30182060673616945,0,0,0,2
0008,car,271,0.28533404209300856,0,0,0,2
0008,car,272,0.23313430856173223,0,0,0,2
0008,car,273,0.22138978549204988,0,0,0,2
0008,car,274,0.16930476449706483,0,0,0,2
0008,car,275,0.12169044703450851,0,0,0,2
0008,car,276,0.1335036513485599,0,0,0,2
0008,car,277,0.17142928097568516,0,0,0,2
0008,car,278,0.1779073673790586,0,0,0,2
0008,car,279,0.18944081011466352,0,0,0,2
0008,car,280,0.14917162555315147,0,0,0,2
0008,car,281,0.21232517789709304,0,0,0,2
0008,car,282,0.10365881676540084,0,0,0,2
0008,car,283,0.11228224053226302,0,0,0,2
0008,car,284,0.17125616044732456,0,0,0,2
0008,car,285,0.1771390941219935,0,0,0,2
0008,car,286,0.21940176505391512,0,0,0,2
0008,car,287,0.2777267916432604,0,0,0,2
0008,car,288,0.1729043194939368,0,0,0,2
0008,car,289,0.1941983779854264,0,0,0,2
0008,car,290,0.2448357007547528,0,0,0,3
0008,car,291,0.5575983688817158,0,0,0,3
0008,car,292,0.5925273491911496,0,0,0,3
0008,car,293,0.5794391882889521,0,0,0,3
0008,car,294,0.5013467236982746,0,0,0,3
0008,car,295,0.43306919797494614,0,0,0,3
0008,car,296,0.31675484714084035,0,0,0,3
0008,car,297,0.23931265429151166,0,0,0,3
0008,car,298,0.2691587242080591,0,0,0,3
0008,car,299,0.094126263143572,0,0,0,3
0008,car,300,0.1976809019738359,0,0,0,3
0008,car,301,0.19144714626616804,0,0,0,3
0008,car,302,0.18203006715049608,0,0,0,3
0008,car,303,0.22287660540286158,0,0,0,3
0008,car,304,0.16514557209297326,0,0,0,3
0008,car,305,0.15106772117191408,0,0,0,3
0008,car,306,0.15821293223640082,0,0,0,3
0008,car,307,0.18710355991895083,0,0,0,3
0008,car,308,0.17840074663195596,0,0,0,2
0008,car,309,0.17661854985237785,0,0,0,2
0008,car,310,0.15986851548448236,0,0,0,2
0008,car,311,0.13188576469819702,0,0,0,2
0008,car,312,0.13769729994052654,0,0,0,2
0008,car,313,0.13938278637451207,0,0,0,2
0008,car,314,0.1597762183342992,0,0,0,2
0008,car,315,0.1224347755952521,0,0,0,2
0008,car,316,0.12819764584280557,0,0,0,2
0008,car,317,0.12776760304703347,0,0,0,2
0008,car,318,0.1168209544961263,0,0,0,2
0008,car,319,0.10015078751966561,0,0,0,2
0008,car,320,0.15802006774547517,0,0,0,3
0008,car,321,0.1663087286777935,0,0,0,3
0008,car,322,0.11486655972060568,0,0,0,3
0008,car,323,0.14277155050161433,0,0,0,3
0008,car,324,0.08973030066932111,0,1,-1,3
0008,car,325,0.12351124346119075,0,1,-1,3
0008,car,326,0.13605005968806794,0,1,-1,3
0008,car,327,0.17903185908654218,0,1,-1,3
0008,car,328,0.2539121807181097,0,0,0,3
0008,car,329,0.3629825924228754,0,0,0,3
0008,car,330,0.31057769229095844,0,0,0,3
0008,car,331,0.3081543843566753,0,1,-1,3
0008,car,332,0.3069854028026209,0,0,0,3
0008,car,333,0.30149871278445695,0,0,0,3
0008,car,334,0.40207397077704554,0,0,0,3
0008,car,335,0.3514123717687912,0,0,0,3
0008,car,336,0.30192998353947764,0,0,0,4
0008,car,337,0.41459769287576975,0,0,0,4
0008,car,338,0.4188511892562751,0,0,0,4
0008,car,339,0.3348709907966036,0,0,0,4
0008,car,340,0.33769505197493965,0,0,0,4
0008,car,341,0.42906952631609224,0,0,0,4
0008,car,342,0.5469195466175473,0,0,0,4
0008,car,343,0.3283005681918851,0,0,0,4
0008,car,344,0.26509527859094656,0,0,0,4
0008,car,345,0.3304566512232466,1,1,0,4
0008,car,346,0.3690829177188428,0,0,0,5
0008,car,347,0.5367551745414514,0,0,0,5
0008,car,348,0.5421322764870807,0,0,0,5
0008,car,349,0.6017256881720772,0,0,0,6
0008,car,350,2.8593699998874937,0,0,0,6
0008,car,351,4.005721000018084,0,0,0,6
0008,car,352,2.39156670416563,0,0,0,5
0008,car,353,1.8523487908274374,0,0,0,5
0008,car,354,1.1052162285149332,0,0,0,4
0008,car,355,0.26649213268802074,0,0,0,4
0008,car,356,0.37893829223147574,0,0,0,4
0008,car,357,0.41159351725339677,0,0,0,4
0008,car,358,0.6433690708453028,0,0,0,4
0008,car,359,0.6455947137038427,0,0,0,4
0008,car,360,0.5613830851461261,0,0,0,4
0008,car,361,1.007424614677613,0,0,0,4
0008,car,362,1.297422544309475,0,0,0,4
0008,car,363,0.8663325486334863,0,0,0,3
0008,car,364,1.8975262680532423,1,1,0,3
0008,car,365,1.8468973348111637,0,0,0,3
0008,car,366,2.072984771798818,0,0,0,3
0008,car,367,2.457220822628358,0,0,0,3
0008,car,368,2.407193541164045,0,0,0,3
0008,car,369,2.9315878178456103,0,0,0,4
0008,car,370,0.7499807610720173,0,0,0,4
0008,car,371,0.6975681730766715,0,0,0,4
0008,car,372,0.7030731028954572,0,0,0,4
0008,car,373,0.5839885391429244,0,0,0,4
0008,car,374,0.5701844648011839,0,0,0,4
0008,car,375,0.5507276910281477,0,0,0,4
0008,car,376,0.38128871419376203,0,0,0,4
0008,car,377,0.3701291138920811,0,0,0,4
0008,car,378,0.3142693652932872,0,0,0,4
0008,car,379,0.28153402645849934,0,0,0,4
0008,car,380,0.24247857068550846,0,0,0,4
0008,car,381,0.2193934166367691,0,0,0,4
0008,car,382,0.21409349907021707,0,0,0,4
0008,car,383,0.1981062711261726,0,0,0,4
0008,car,384,0.2024646980164355,0,0,0,4
0008,car,385,0.8789898202935883,0,0,0,4
0008,car,386,0.9325745919177173,0,0,0,4
0008,car,387,1.0708090439027043,0,0,0,4
0008,car,388,1.02762740850388,0,0,0,4
0008,car,389,1.1985985886884483,0,0,0,4
0009,car,1,2.8201726932508238,0,0,0,2
0009,car,2,3.117478615348565,0,0,0,2
0009,car,3,3.8111459219000707,0,0,0,2
0009,car,4,3.857476227727183,0,0,0,2
0009,car,5,4.4193618346240395,0,0,0,2
0009,car,6,5.141961427752908,0,0,0,2
0009,car,7,6.672480761405206,0,0,0,3
0009,car,8,1.2726371605279625,0,0,0,3
0009,car,9,1.530298659823257,0,0,0,3
0009,car,10,1.947438454277516,0,0,0,4
0009,car,11,1.3635946642342667,0,0,0,4
0009,car,12,1.4647621279432084,0,0,0,4
0009,car,13,1.772173598273106,0,0,0,4
0009,car,14,1.6374755506329328,0,0,0,5
0009,car,15,0.988603076756492,0,0,0,5
0009,car,16,1.0631550468452646,0,0,0,5
0009,car,17,0.9460593875002565,0,0,0,5
0009,car,18,0.9339979090675681,0,0,0,5
0009,car,19,1.0091273388459003,0,0,0,6
0009,car,20,1.2812794482765433,0,0,0,7
0009,car,21,1.279504824058312,0,0,0,6
0009,car,22,1.4737321658882918,0,0,0,7
0009,car,23,1.4331302022413905,1,1,0,7
0009,car,24,1.5887379859138284,0,0,0,8
0009,car,25,1.7751463417891593,0,0,0,11
0009,car,26,1.01961116047606,0,0,0,11
0009,car,27,1.0973649705482211,0,0,0,11
0009,car,28,0.9822513129065946,0,0,0,10
0009,car,29,0.7698077436683618,0,0,0,10
0009,car,30,0.7661779118685021,0,0,0,11
0009,car,31,0.29006212762482975,0,0,0,11
0009,car,32,0.3001648644166749,0,0,0,10
0009,car,33,0.42611891563657905,0,0,0,10
0009,car,34,0.5165478923057747,0,0,0,10
0009,car,35,0.4357264589741719,0,0,0,10
0009,car,36,0.4228610066558436,0,0,0,10
0009,car,37,0.4251981731694091,0,0,0,10
0009,car,38,0.37656504793034895,0,0,0,11
0009,car,39,0.47622210011719096,2,2,0,13
0009,car,40,0.4717413808179988,0,0,0,12
0009,car,41,0.3750949290843178,0,0,0,12
0009,car,42,0.34995124137161226,0,0,0,12
0009,car,43,0.465279058623131,0,0,0,12
0009,car,44,0.436804005616688,0,0,0,12
0009,car,45,0.45902841531692573,0,0,0,12
0009,car,46,0.47999137509596135,0,0,0,12
0009,car,47,0.5012588644810828,0,0,0,12
0009,car,48,0.4303814312936252,0,0,0,12
0009,car,49,0.7979149292318192,0,0,0,12
0009,car,50,1.3811282161559002,0,0,0,11
0009,car,51,1.3338153472715857,0,0,0,12
0009,car,52,1.6811561761710547,1,1,0,12
0009,car,53,1.5586381471583175,0,0,0,12
0009,car,54,1.758973372137079,0,0,0,12
0009,car,55,2.005492533068088,0,0,0,12
0009,car,56,1.9052738127285547,0,0,0,11
0009,car,57,1.0130261203153288,0,0,0,10
0009,car,58,0.44038075770490076,0,0,0,10
0009,car,59,0.539406340875413,0,0,0,10
0009,car,60,0.4398082845611968,0,0,0,11
0009,car,61,0.7292818166938766,0,0,0,12
0009,car,62,0.6647705816714168,0,0,0,13
0009,car,63,0.7139067719671601,0,0,0,13
0009,car,64,0.9358184726425551,0,0,0,13
0009,car,65,0.9005308992293507,0,0,0,12
0009,car,66,0.8703801337357944,0,1,-1,12
0009,car,67,0.9037433276033372,0,0,0,13
0009,car,68,0.96364264788975,0,0,0,13
0009,car,69,1.1345283143149607,0,0,0,13
0009,car,70,1.3434936404587112,0,0,0,13
0009,car,71,1.2309989142364974,0,0,0,13
0009,car,72,1.3691821566190308,0,0,0,14
0009,car,73,1.2452391218588197,0,0,0,14
0009,car,74,1.2874742537404416,0,0,0,13
0009,car,75,1.1141510111987774,0,0,0,14
0009,car,76,1.0731389197765013,1,1,0,14
0009,car,77,0.8242608457084192,0,0,0,14
0009,car,78,0.9630280793636452,0,0,0,14
0009,car,79,0.9597064123960157,0,0,0,13
0009,car,80,0.9841540620242004,0,0,0,12
0009,car,81,0.8255372920127375,0,0,0,11
0009,car,82,0.8641682122893193,0,0,0,11
0009,car,83,1.2675828245325265,0,0,0,11
0009,car,84,1.3248526588150433,0,0,0,11
0009,car,85,1.4636407611118492,0,0,0,11
0009,car,86,1.6272383084153093,0,0,0,11
0009,car,87,1.6940423103265312,0,0,0,11
0009,car,88,1.7487901446084533,0,0,0,10
0009,car,89,1.5727054002370464,0,0,0,9
0009,car,90,2.182849167899886,0,0,0,9
0009,car,91,2.735113606198445,1,1,0,10
0009,car,92,3.4087403599905057,0,0,0,12
0009,car,93,2.0058579812091697,0,0,0,12
0009,car,94,2.217615795658853,0,0,0,12
0009,car,95,1.659559972177036,0,0,0,12
0009,car,96,2.271632396073943,0,0,0,12
0009,car,97,2.67407666998677,1,1,0,12
0009,car,98,3.2243685536236564,1,1,0,12
0009,car,99,2.8784143723937277,0,0,0,13
0009,car,100,2.6861732055334238,0,0,0,13
0009,car,101,2.7768287602743005,2,2,0,13
0009,car,102,1.980447967783058,2,1,1,13
0009,car,103,2.616838226797185,1,1,0,13
0009,car,104,2.7313226956335175,0,0,0,13
0009,car,105,2.5653096747974478,0,0,0,11
0009,car,106,2.010989276709632,0,0,0,11
0009,car,107,2.2534137503756013,0,0,0,11
0009,car,108,2.257349706510161,0,0,0,11
0009,car,109,2.394564097177735,0,0,0,11
0009,car,110,2.8172638990937733,1,1,0,11
0009,car,111,2.789071164010589,0,0,0,11
0009,car,112,3.315552920953731,0,0,0,11
0009,car,113,4.484209298076224,0,0,0,11
0009,car,114,4.733334738154202,0,0,0,10
0009,car,115,4.202871743141043,0,0,0,10
0009,car,116,5.175989728527679,1,1,0,10
0009,car,117,5.312130824749636,0,0,0,10
0009,car,118,6.176571541340053,0,1,-1,10
0009,car,119,7.738587838863646,1,0,1,9
0009,car,120,8.795053216164865,1,1,0,9
0009,car,121,4.765453506703453,0,0,0,7
0009,car,122,8.301042307087108,0,0,0,7
0009,car,123,9.756420311048538,0,0,0,7
0009,car,124,11.854362591995953,1,0,1,7
0009,car,125,11.614360724328172,0,0,0,7
0009,car,126,12.381683787661833,1,1,0,9
0009,car,127,9.060999726893114,0,0,0,8
0009,car,128,10.053919284760246,0,0,0,8
0009,car,129,10.890062732094403,0,0,0,8
0009,car,130,11.13929167854102,0,0,0,7
0009,car,131,9.95277911790719,1,1,0,7
0009,car,132,6.330386556002964,0,0,0,6
0009,car,133,4.985413087780689,0,0,0,7
0009,car,134,2.4548569185591154,1,1,0,7
0009,car,135,4.23096587716008,0,0,0,6
0009,car,136,5.292070065856956,0,0,0,6
0009,car,137,4.3505388382572265,0,0,0,7
0009,car,138,3.7681384273238576,0,0,0,6
0009,car,139,4.499086265262395,0,0,0,6
0009,car,140,4.634864405290595,0,0,0,6
0009,car,141,5.1371055008486834,0,0,0,6
0009,car,142,5.0747794696698865,0,0,0,6
0009,car,143,4.632204540939713,0,0,0,6
0009,car,144,3.8996923927465064,0,0,0,6
0009,car,145,3.2712334347657164,0,0,0,6
0009,car,146,3.474709208056156,0,0,0,7
0009,car,147,3.781338992005501,1,0,1,7
0009,car,148,4.018205124949624,0,0,0,7
0009,car,149,4.4786903927533945,0,0,0,8
0009,car,150,3.2744219501416105,0,0,0,8
0009,car,151,3.4827789763775288,0,0,0,8
0009,car,152,3.212968267473678,0,0,0,8
0009,car,153,3.1754340691920158,0,0,0,9
0009,car,154,2.5322209349504576,0,0,0,10
0009,car,155,2.3332665796383765,0,0,0,10
0009,car,156,2.250493392382471,0,0,0,10
0009,car,157,1.6430932595984333,0,0,0,9
0009,car,158,1.2995768838075612,0,0,0,10
0009,car,159,0.9695944308042745,0,0,0,10
0009,car,160,1.1182034859526513,1,1,0,10
0009,car,161,1.0875570423862788,0,0,0,10
0009,car,162,0.7782398746845947,0,0,0,10
0009,car,163,1.1970339982178455,0,0,0,10
0009,car,164,1.186368006316025,0,0,0,10
0009,car,165,1.439347728941983,0,0,0,9
0009,car,166,1.3614415478153639,0,0,0,9
0009,car,167,1.5109195889511515,0,0,0,9
0009,car,168,1.6793666271348782,0,0,0,9
0009,car,169,1.9440706171092696,0,0,0,9
0009,car,170,2.1901912321341674,0,0,0,9
0009,car,171,2.5084219550509808,0,0,0,9
0009,car,172,3.224059081556935,0,0,0,8
0009,car,173,5.528075478875821,0,0,0,8
0009,car,174,6.541887817768007,0,0,0,9
0009,car,175,1.44917953723584,0,0,0,8
0009,car,176,1.3517002975426466,0,0,0,8
0009,car,177,1.505200958378634,0,0,0,8
0009,car,178,1.6457909620588491,0,0,0,8
0009,car,179,2.283515762788359,0,0,0,7
0009,car,180,1.6213221176836679,0,0,0,7
0009,car,181,4.608231497773964,1,1,0,7
0009,car,182,5.80640178547619,0,0,0,7
0009,car,183,6.575093524247423,0,0,0,7
0009,car,184,7.712787939575453,0,0,0,7
0009,car,185,7.336813202525266,0,0,0,6
0009,car,186,8.232639175175944,0,0,0,6
0009,car,187,10.09522817319017,0,0,0,6
0009,car,188,9.872638810034308,0,0,0,5
0009,car,189,5.400268089716576,0,0,0,5
0009,car,190,6.194000699662529,0,0,0,6
0009,car,191,3.830152045313073,0,0,0,6
0009,car,192,4.012469637616885,0,0,0,7
0009,car,193,6.37095614313033,0,0,0,7
0009,car,194,5.466556241294012,0,0,0,6
0009,car,195,4.2863047559396446,0,0,0,7
0009,car,196,3.8645170666496016,0,0,0,7
0009,car,197,3.7719330941744706,0,0,0,8
0009,car,198,2.4538084326563983,0,0,0,7
0009,car,199,1.946257182436012,0,0,0,9
0009,car,200,2.6734897819949133,0,0,0,9
0009,car,201,2.827621358962787,1,1,0,9
0009,car,202,3.358529165564722,0,0,0,10
0009,car,203,3.0088789734229184,0,0,0,9
0009,car,204,2.9833867838744768,0,0,0,9
0009,car,205,3.423784396431743,0,0,0,9
0009,car,206,3.6585233022444728,0,0,0,8
0009,car,207,3.524509495546725,0,0,0,9
0009,car,208,2.8566700475082003,0,0,0,11
0009,car,209,2.270279355810387,0,0,0,11
0009,car,210,2.6291193459092903,0,0,0,12
0009,car,211,1.0362974370873341,0,0,0,12
0009,car,212,2.46130402646606,0,0,0,12
0009,car,213,1.822243550761603,0,0,0,12
0009,car,214,1.4253255740308532,0,0,0,11
0009,car,215,1.3064995463950109,0,0,0,11
0009,car,216,1.4512502775116167,0,0,0,11
0009,car,217,1.719807602247708,0,0,0,12
0009,car,218,1.6119858525022464,0,0,0,11
0009,car,219,1.454214616035798,0,0,0,10
0009,car,220,1.7366818707449065,1,1,0,10
0009,car,221,1.7636630734612522,1,1,0,11
0009,car,222,1.1568813248823826,0,0,0,11
0009,car,223,1.4399876934692273,0,0,0,12
0009,car,224,1.3838571085100118,0,0,0,12
0009,car,225,1.9214227042306646,1,1,0,12
0009,car,226,1.7288417859017167,0,0,0,12
0009,car,227,2.7094175654744026,0,1,-1,12
0009,car,228,2.209941700238851,0,0,0,11
0009,car,229,2.5148044084771035,1,1,0,12
0009,car,230,1.5215628495305207,0,0,0,12
0009,car,231,1.7791993965696045,0,0,0,12
0009,car,232,1.9660786458497599,0,0,0,14
0009,car,233,1.6434488404781102,0,0,0,13
0009,car,234,1.9313841606179614,0,0,0,13
0009,car,235,2.537337483964958,1,1,0,13
0009,car,236,3.33511440202109,0,0,0,12
0009,car,237,3.4206920139808017,0,0,0,12
0009,car,238,2.326801377402326,0,0,0,11
0009,car,239,2.7260561509367003,0,0,0,11
0009,car,240,3.271740518570003,0,0,0,11
0009,car,241,3.670983921535839,0,0,0,10
0009,car,242,3.1052840204655636,1,1,0,10
0009,car,243,2.84926239746408,0,0,0,10
0009,car,244,3.413332352220913,0,0,0,9
0009,car,245,3.466274384552806,0,0,0,8
0009,car,246,2.5504036682820606,0,0,0,8
0009,car,247,3.1008808570012043,0,0,0,8
0009,car,248,3.235049501218303,0,0,0,8
0009,car,249,3.6006425626140572,0,1,-1,8
0009,car,250,4.545813815315814,0,0,0,7
0009,car,251,3.843694286380177,0,0,0,6
0009,car,252,3.3340288246593848,0,0,0,6
0009,car,253,4.0858560758270315,0,0,0,5
0009,car,254,3.892396435584023,0,0,0,5
0009,car,255,4.364791954747626,0,0,0,5
0009,car,256,4.674370218449555,0,0,0,4
0009,car,257,2.7189856449297105,0,0,0,4
0009,car,258,2.1826904593524867,0,0,0,4
0009,car,259,2.548853892758138,0,0,0,4
0009,car,260,1.6098469619957512,0,0,0,3
0009,car,261,2.8701241485953495,0,0,0,3
0009,car,262,3.734131944127437,0,0,0,3
0009,car,263,4.649750792573432,1,2,-1,3
0009,car,264,4.432098834761513,0,0,0,2
0009,car,265,3.490255343900513,0,0,0,2
0009,car,266,4.744461540627516,0,0,0,2
0009,car,267,4.7843931856978115,0,0,0,2
0009,car,268,5.945991991933196,0,0,0,2
0009,car,269,8.174233732654193,0,0,0,1
0009,car,270,7.271024202323431,0,0,0,1
0009,car,271,8.05785234530794,0,0,0,1
0009,car,379,0.0908944782881927,0,0,0,1
0009,car,380,0.5212139147039831,0,0,0,1
0009,car,381,0.477652038016189,0,0,0,1
0009,car,382,0.43152787614245025,0,0,0,1
0009,car,383,0.42338104076638916,0,0,0,1
0009,car,384,0.4675942804079545,0,0,0,1
0009,car,385,0.3953678077609267,0,0,0,1
0009,car,386,0.3734941985786062,0,0,0,2
0009,car,387,0.2787534803392692,0,0,0,2
0009,car,388,0.22901677293538353,0,0,0,2
0009,car,389,0.23141992542622702,0,0,0,2
0009,car,390,0.2761494423521159,0,0,0,2
0009,car,391,0.19569222554576685,0,0,0,2
0009,car,392,0.38063514573714885,0,0,0,2
0009,car,393,1.1619519481175578,0,0,0,2
0009,car,394,1.3323951930721631,0,0,0,2
0009,car,395,1.1214335376894218,0,0,0,2
0009,car,396,1.0794227673818781,0,0,0,2
0009,car,397,0.6459238294752253,0,0,0,2
0009,car,398,0.1460157540920177,0,0,0,2
0009,car,399,0.06702560084004508,0,0,0,2
0009,car,400,0.1380596290357981,0,0,0,2
0009,car,401,0.11874357897694085,0,0,0,1
0009,car,402,1.3003100990668839,0,0,0,1
0009,car,403,1.8682679466455236,0,0,0,1
0009,car,404,3.2009952254650607,0,0,0,1
0009,car,405,3.9230455318068995,0,0,0,1
0009,car,406,5.615348724362857,0,0,0,1
0009,car,453,0.162975109983886,0,0,0,1
0009,car,454,0.40871357272676473,0,0,0,1
0009,car,455,0.40913576174069405,0,0,0,1
0009,car,456,0.4151605106003837,0,0,0,1
0009,car,457,0.3995191665125225,0,0,0,1
0009,car,458,0.31931499316793155,0,0,0,1
0009,car,459,0.25452917576620004,0,0,0,1
0009,car,460,0.17857710381923794,0,0,0,1
0009,car,461,0.03083731724172891,0,0,0,1
0009,car,462,0.18200381786952508,0,0,0,1
0009,car,463,0.34709180347280194,0,0,0,1
0009,car,464,0.6152408843231814,0,0,0,1
0009,car,465,1.0841411111483539,0,0,0,1
0009,car,466,1.5191073416487375,0,0,0,1
0009,car,467,2.4792103019997467,0,0,0,1
0009,car,468,4.0751482005837465,0,0,0,1
0009,car,469,5.384981908286628,0,0,0,1
0009,car,470,7.48683045594992,0,0,0,1
0009,car,613,0.1689218582355514,0,0,0,1
0009,car,614,0.546916380747682,0,0,0,1
0009,car,615,0.6841214767183454,0,0,0,1
0009,car,616,0.5224673568709757,0,0,0,1
0009,car,617,0.5220331613490291,0,0,0,1
0009,car,618,0.5352403078493247,0,0,0,1
0009,car,619,0.5334254712130142,0,0,0,1
0009,car,620,0.5220266624705077,0,0,0,1
0009,car,621,0.6398177759619508,0,0,0,1
0009,car,622,0.4836945470780485,0,0,0,1
0009,car,623,0.45331787805766793,0,0,0,1
0009,car,624,0.4507799703457822,0,0,0,1
0009,car,625,0.4014301975317523,0,0,0,1
0009,car,626,0.4129487562385756,0,0,0,1
0009,car,627,0.4035517104524903,0,0,0,2
0009,car,628,0.22663428962927276,0,0,0,2
0009,car,629,0.16484775035318,0,0,0,2
0009,car,630,0.18839931071165888,0,0,0,2
0009,car,631,0.21627704303462206,0,0,0,2
0009,car,632,0.16977183027293602,0,0,0,3
0009,car,633,0.4443513674213736,0,0,0,3
0009,car,634,0.5514055585150279,0,0,0,3
0009,car,635,0.5373989848985101,0,0,0,3
0009,car,636,0.5904183418283625,0,0,0,3
0009,car,637,0.7231592503223796,0,0,0,3
0009,car,638,0.7169438650366389,0,0,0,3
0009,car,639,0.8054260135723279,0,0,0,3
0009,car,640,0.9229119605786603,0,0,0,3
0009,car,641,0.8536030163763489,0,0,0,3
0009,car,642,0.8727934859732637,0,0,0,3
0009,car,643,0.993089591306595,0,0,0,6
0009,car,644,1.5049175557387107,0,0,0,6
0009,car,645,1.4230943840057657,0,0,0,6
0009,car,646,1.658379673712897,0,0,0,6
0009,car,647,1.8847269728742027,0,0,0,6
0009,car,648,1.65394641395987,0,0,0,6
0009,car,649,1.4930410836578574,0,0,0,6
0009,car,650,2.201064411412488,0,0,0,6
0009,car,651,1.8475544022449595,0,0,0,5
0009,car,652,1.644610101904006,0,0,0,5
0009,car,653,1.9542346149149556,0,0,0,7
0009,car,654,2.0608645177593905,0,0,0,7
0009,car,655,1.846422831312272,0,0,0,6
0009,car,656,1.8491814838979286,0,0,0,6
0009,car,657,1.6304774797269577,0,0,0,6
0009,car,658,2.1607555152393267,0,0,0,6
0009,car,659,2.1406911054430617,0,0,0,6
0009,car,660,1.6301493163746728,0,0,0,5
0009,car,661,1.901375826225626,0,0,0,5
0009,car,662,1.6037071406442533,0,0,0,4
0009,car,663,1.3132328955308425,0,0,0,5
0009,car,664,2.5220800695762016,0,0,0,6
0009,car,665,1.9499357774539803,0,0,0,5
0009,car,666,2.1105688949796226,0,0,0,5
0009,car,667,1.9736780067499584,0,0,0,5
0009,car,668,1.198659030482529,0,0,0,4
0009,car,669,1.2769182585224874,0,0,0,3
0009,car,670,1.1849848512805736,0,0,0,3
0009,car,671,1.231157710451875,0,0,0,5
0009,car,672,2.148117283996408,0,0,0,5
0009,car,673,1.9309489460551081,0,0,0,5
0009,car,674,2.130023756638889,0,0,0,5
0009,car,675,2.6462044933004356,0,0,0,5
0009,car,676,2.1399250780158567,0,0,0,5
0009,car,677,2.2235717504363466,0,0,0,5
0009,car,678,2.4127298481087336,0,0,0,5
0009,car,679,3.0678999635101194,0,0,0,4
0009,car,680,1.8139259311444946,0,0,0,5
0009,car,681,1.7244595277056574,0,0,0,5
0009,car,682,2.1132040649848265,0,0,0,5
0009,car,683,1.9337235388665408,0,0,0,5
0009,car,684,1.7626098752377386,0,0,0,5
0009,car,685,1.930790156053091,0,0,0,5
0009,car,686,1.7803076677954657,0,0,0,5
0009,car,687,0.9749010367859623,0,0,0,4
0009,car,688,2.0020993292648264,0,0,0,4
0009,car,689,1.9529028306630243,0,0,0,4
0009,car,690,2.097072471805226,0,0,0,4
0009,car,691,2.4007648998869597,0,0,0,5
0009,car,692,1.940896650693068,0,0,0,5
0009,car,693,2.0990805915274215,0,0,0,4
0009,car,694,1.6409277064873822,0,0,0,4
0009,car,695,1.5165630478268743,0,0,0,4
0009,car,696,1.684994807809169,0,0,0,4
0009,car,697,1.0087328140260436,0,0,0,3
0009,car,698,1.3330545304527548,0,0,0,3
0009,car,699,1.27793709138108,0,0,0,3
0009,car,700,0.8972372679786881,0,0,0,2
0009,car,701,0.15124656658041907,0,0,0,2
0009,car,702,0.23821261781209985,0,0,0,2
0009,car,703,0.1534253964806396,0,0,0,2
0009,car,704,0.22677704265461446,0,0,0,2
0009,car,705,0.09565865152326872,0,0,0,2
0009,car,706,0.050739436230211966,0,0,0,2
0009,car,707,0.19800613864419345,0,0,0,2
0009,car,708,0.05861546018809868,0,0,0,2
0009,car,709,1.2329040644515254,0,0,0,1
0009,car,710,0.72183208303942,0,0,0,1
0009,car,711,0.6339955536406289,0,0,0,1
0009,car,712,0.5225112849723436,0,0,0,1
0009,car,713,0.27344002111450266,0,0,0,1
0009,car,714,0.3499956171816779,0,0,0,1
0009,car,715,0.5334601827491485,0,0,0,1
0009,car,716,0.3621008393047544,0,0,0,1
0009,pedestrian,154,1.1381526778002637,0,0,0,1
0009,pedestrian,155,1.218346911691301,0,0,0,1
0009,pedestrian,156,1.208032952088976,0,0,0,1
0009,pedestrian,157,0.8035448301451356,0,0,0,1
0009,pedestrian,158,1.6734668611084509,0,0,0,1
0009,pedestrian,159,2.6306763045180626,0,0,0,1
0009,pedestrian,160,3.209360252905287,0,0,0,1
0009,pedestrian,161,4.189459248383906,0,0,0,1
0009,pedestrian,162,3.168721931958602,0,0,0,1
0009,pedestrian,163,5.384944925008319,0,0,0,1
0009,pedestrian,164,5.9062716318665895,0,0,0,1
0009,pedestrian,165,8.239159127792538,0,0,0,1
0009,pedestrian,166,9.755111817370095,0,0,0,1
0009,pedestrian,167,12.724552405096066,0,0,0,1
0009,pedestrian,168,17.181328988440292,0,0,0,1
0009,pedestrian,169,23.73980813753124,0,0,0,1
0009,pedestrian,170,32.046422922527235,0,0,0,1
0010,car,1,1.9071635751745968,0,0,0,3
0010,car,2,0.09870817704249187,0,0,0,3
0010,car,3,0.30779981255780003,0,0,0,3
0010,car,4,0.2637593421685724,0,0,0,3
0010,car,5,0.47326534832922634,0,0,0,3
0010,car,6,0.7903188207431323,0,0,0,3
0010,car,7,0.6973314163826426,0,0,0,3
0010,car,8,0.6510348099517624,0,0,0,3
0010,car,9,0.6141990637484436,0,0,0,3
0010,car,10,2.21300080431408,0,0,0,3
0010,car,11,1.1356295784671018,0,0,0,3
0010,car,12,1.2406980067023299,0,1,-1,3
0010,car,13,1.2010247624827528,0,1,-1,2
0010,car,14,0.6237495333303875,0,0,0,1
0010,car,15,0.39366457990993453,0,0,0,1
0010,car,16,0.3030731205217429,0,0,0,1
0010,car,17,0.35511948014773526,0,0,0,1
0010,car,18,0.45669112963779857,0,0,0,1
0010,car,19,0.4441136153074994,0,0,0,1
0010,car,20,0.5287186693016793,0,0,0,1
0010,car,21,0.6796625049811642,0,0,0,1
0010,car,22,0.6220499414079167,0,0,0,1
0010,car,23,0.5931007333167745,0,0,0,1
0010,car,24,0.5992220471549168,0,0,0,1
0010,car,25,0.4647981460672999,0,0,0,1
0010,car,26,0.48771451492368467,0,0,0,1
0010,car,27,0.6060246031850457,0,0,0,1
0010,car,28,0.5260146658107828,0,0,0,1
0010,car,29,0.5893729528406506,0,0,0,1
0010,car,30,0.6447108183894349,0,0,0,1
0010,car,31,0.5206545482716409,0,0,0,1
0010,car,32,0.5063314344734193,0,0,0,1
0010,car,33,0.5092044212451413,0,0,0,1
0010,car,34,0.46088546235913785,0,0,0,1
0010,car,35,0.4341854015020175,0,0,0,1
0010,car,36,0.40481192368403046,0,0,0,1
0010,car,37,0.2896270912384638,0,0,0,1
0010,car,38,0.3128577300652308,0,0,0,1
0010,car,39,0.31891324030615353,0,0,0,1
0010,car,40,0.23481395093569868,0,0,0,1
0010,car,41,0.18325249731574994,0,0,0,1
0010,car,42,0.1880061778795708,0,0,0,1
0010,car,43,0.14517221755774468,0,0,0,1
0010,car,44,0.1383608562707524,0,0,0,1
0010,car,45,0.09479001005747743,0,0,0,1
0010,car,46,0.02396100136853421,0,0,0,1
0010,car,47,0.04236089026142992,0,0,0,1
0010,car,48,0.02734636253622136,0,0,0,1
0010,car,49,0.007047365646435911,0,0,0,1
0010,car,50,0.03308596436959954,0,0,0,1
0010,car,51,0.09185007001815515,0,0,0,1
0010,car,52,0.06818984843015559,0,0,0,1
0010,car,53,0.09236273293039099,0,0,0,1
0010,car,54,0.11790038242483368,0,0,0,1
0010,car,55,0.1176883863193885,0,0,0,1
0010,car,56,0.1682515336052904,0,0,0,1
0010,car,57,0.186657925845265,0,0,0,1
0010,car,58,0.1226107792757362,0,0,0,1
0010,car,59,0.12433033517823555,0,0,0,1
0010,car,60,0.10448142341714431,0,0,0,1
0010,car,61,0.19184124204625547,0,0,0,1
0010,car,62,0.11080038382718649,0,0,0,2
0010,car,63,1.0463518601761699,0,0,0,2
0010,car,64,1.055084084010966,0,0,0,2
0010,car,65,1.1020231921840968,0,0,0,2
0010,car,66,1.236456821829928,0,0,0,3
0010,car,67,0.19723488124985522,0,0,0,3
0010,car,68,0.19721632319596405,0,0,0,3
0010,car,69,0.16492443621551345,0,0,0,3
0010,car,70,0.43405163763287313,0,0,0,3
0010,car,71,0.5264586152866205,0,0,0,3
0010,car,72,0.7316891307337671,0,0,0,3
0010,car,73,0.6535114213828627,0,0,0,3
0010,car,74,0.7514747311998256,0,0,0,3
0010,car,75,0.9174331478686136,0,0,0,3
0010,car,76,0.9429761221232761,0,0,0,3
0010,car,77,1.0633756627574151,0,0,0,3
0010,car,78,1.2234025770721304,0,0,0,3
0010,car,79,0.8589261367084283,0,0,0,3
0010,car,80,0.16245460562538602,0,0,0,3
0010,car,81,1.0891760584862902,0,0,0,3
0010,car,82,1.8790590474736313,0,0,0,3
0010,car,83,3.8681936256651106,0,0,0,3
0010,car,84,5.146236423683778,0,0,0,3
0010,car,85,7.756083227399965,0,0,0,3
0010,car,86,8.071746144354174,0,0,0,2
0010,car,87,3.385841458940707,0,0,0,2
0010,car,88,3.095513557733116,0,0,0,2
0010,car,89,1.2440944538792356,0,0,0,2
0010,car,90,1.2647309752873157,0,0,0,1
0010,car,91,1.0240940494575503,0,0,0,1
0010,car,92,1.0975853988550708,0,0,0,1
0010,car,93,1.2457045159032005,0,0,0,1
0010,car,94,1.1687330642578724,0,0,0,1
0010,car,95,1.2858156212761127,0,0,0,1
0010,car,96,1.5999845298726516,0,0,0,1
0010,car,97,1.6268494853764817,0,0,0,1
0010,car,98,1.8191565298154937,0,0,0,2
0010,car,99,1.7829272565055398,0,0,0,2
0010,car,100,1.903502937629816,0,0,0,2
0010,car,101,2.430391471347109,0,0,0,2
0010,car,102,2.3872422966309625,0,0,0,2
0010,car,103,2.655812926059403,0,0,0,3
0010,car,104,1.7918304897640045,0,0,0,3
0010,car,105,1.8555099223322973,0,0,0,3
0010,car,106,2.06976485134815,0,0,0,3
0010,car,107,2.308063293714706,0,0,0,3
0010,car,108,2.8586327390782835,0,0,0,3
0010,car,109,2.2908210412321792,0,0,0,3
0010,car,110,1.2442676418052931,0,0,0,3
0010,car,111,1.438815052354211,0,0,0,3
0010,car,112,1.3740452911684364,0,0,0,4
0010,car,113,1.3372483365202799,0,0,0,4
0010,car,114,1.5671774633163364,0,0,0,4
0010,car,115,1.4935700608042821,0,0,0,4
0010,car,116,1.5287193583927579,0,0,0,4
0010,car,117,0.9270190586585715,0,0,0,4
0010,car,118,0.7616465326070481,0,0,0,4
0010,car,119,0.5504107648846505,0,0,0,4
0010,car,120,1.5549494587792827,0,0,0,4
0010,car,121,3.1399087439623368,0,0,0,4
0010,car,122,2.5426153265746203,0,0,0,4
0010,car,123,2.236783866058434,0,0,0,5
0010,car,124,2.0699169894345424,0,0,0,5
0010,car,125,3.5111646105840086,0,1,-1,5
0010,car,126,1.7640827848783884,0,0,0,3
0010,car,127,0.7873602230041974,0,0,0,3
0010,car,128,0.6379385481658925,0,0,0,3
0010,car,129,0.5165098463659952,0,0,0,3
0010,car,130,0.26935237515092103,0,0,0,3
0010,car,131,0.048077947914778096,0,0,0,3
0010,car,132,1.9476524369303567,0,0,0,4
0010,car,133,1.8921846503108173,0,0,0,4
0010,car,134,2.1434988387720235,0,0,0,5
0010,car,135,0.7601623443735293,0,0,0,5
0010,car,136,0.7738122404034644,0,0,0,5
0010,car,137,0.5732484003498219,0,0,0,4
0010,car,138,0.4043052156090729,0,0,0,4
0010,car,139,0.4114668115242752,0,0,0,4
0010,car,140,0.5524722828020244,0,0,0,4
0010,car,141,0.7096615576631423,0,0,0,4
0010,car,142,0.7394768574286458,0,0,0,4
0010,car,143,0.6175662110191288,0,0,0,4
0010,car,144,0.72706076648315,0,0,0,4
0010,car,145,0.6083730720633702,0,0,0,4
0010,car,146,0.6279148364878493,0,0,0,4
0010,car,147,0.711058793050074,0,0,0,4
0010,car,148,0.6571796337562176,0,0,0,4
0010,car,149,0.7111900551605546,0,0,0,4
0010,car,150,0.8472044516853645,0,0,0,4
0010,car,151,0.6785148861369216,0,0,0,4
0010,car,152,0.6059350427042871,0,0,0,4
0010,car,153,0.7707119482808387,0,0,0,4
0010,car,154,0.7788926730449721,0,0,0,4
0010,car,155,0.8503622566450233,0,0,0,4
0010,car,156,0.9890584581636257,0,0,0,4
0010,car,157,0.9330366798926337,0,0,0,4
0010,car,158,1.1006949203094682,0,0,0,4
0010,car,159,1.4100927402057466,0,0,0,4
0010,car,160,1.5362630045056727,0,0,0,4
0010,car,161,0.7993575054698027,0,0,0,4
0010,car,162,2.1114508194270027,0,0,0,3
0010,car,163,2.653734017708513,0,0,0,3
0010,car,164,4.722538099587949,0,0,0,3
0010,car,165,6.633886592003833,0,0,0,3
0010,car,166,5.164834959754456,0,0,0,2
0010,car,167,1.8097345853539062,0,0,0,2
0010,car,168,2.234656266430496,0,0,0,2
0010,car,169,3.118790394306866,0,0,0,2
0010,car,170,4.8455487082551,0,0,0,2
0010,car,171,6.454999373048911,0,0,0,2
0010,car,172,135.85280130491518,0,0,0,2
0010,car,173,3.1158777041238985,0,0,0,1
0010,car,174,0.20268243102902406,0,0,0,1
0010,car,175,0.24224744976019302,0,0,0,1
0010,car,176,0.29693701449772586,0,0,0,1
0010,car,177,0.2633819990863796,0,0,0,1
0010,car,178,0.25160604863453917,0,0,0,1
0010,car,179,0.2736467847645796,0,0,0,1
0010,car,180,0.19401411345005187,0,0,0,1
0010,car,181,0.21769996685306817,0,0,0,1
0010,car,182,0.25504695901128654,0,0,0,1
0010,car,183,0.2186337510076766,0,0,0,1
0010,car,184,0.2034994633036497,0,0,0,1
0010,car,185,0.22452741820385344,0,0,0,1
0010,car,186,0.19000081684974765,0,0,0,1
0010,car,187,0.16706398701640282,0,0,0,1
0010,car,188,0.18138850710737559,0,0,0,1
0010,car,189,0.14044062036061758,0,0,0,1
0010,car,190,0.12534727511045035,0,0,0,1
0010,car,191,0.16852598679403574,0,0,0,1
0010,car,192,0.19192297463519845,0,0,0,1
0010,car,193,0.17063349836166913,0,0,0,1
0010,car,194,0.19504324048064553,0,0,0,1
0010,car,195,0.1940328911167973,0,0,0,1
0010,car,196,0.12415860741943814,0,0,0,1
0010,car,197,0.15345092282249362,0,0,0,1
0010,car,198,0.23335821860820313,0,0,0,1
0010,car,199,0.18851298320599252,0,0,0,1
0010,car,200,0.21014213884213245,0,0,0,1
0010,car,201,0.16902350843067415,0,0,0,1
0010,car,202,1.0636999770528865,0,0,0,1
0010,car,203,1.1582198864241877,0,0,0,1
0010,car,204,1.009870715082011,0,0,0,1
0010,car,205,0.8896603566139214,0,0,0,1
0010,car,206,0.9176535437814705,0,0,0,1
0010,car,207,0.8358133122911104,0,0,0,1
0010,car,208,0.8747334010372146,0,0,0,1
0010,car,209,0.7393355146192186,0,0,0,1
0010,car,210,0.6971088272660735,0,0,0,1
0010,car,211,0.7753175106408186,0,0,0,1
0010,car,212,0.610418451592482,0,0,0,1
0010,car,213,0.561928740981124,0,0,0,1
0010,car,214,0.5125897684887399,0,0,0,1
0010,car,215,0.5310165917864118,0,0,0,1
0010,car,216,0.4330999960356397,0,0,0,1
0010,car,217,0.4803129105890182,0,0,0,1
0010,car,218,0.46855186424514395,0,0,0,1
0010,car,219,0.5205508427508362,0,0,0,1
0010,car,220,0.2941255630111496,0,0,0,1
0010,car,221,0.3116757079217238,0,0,0,1
0010,car,222,0.31749268368128786,0,0,0,1
0010,car,223,0.2809849733022466,0,0,0,1
0010,car,224,0.252246661810449,0,0,0,1
0010,car,225,0.3410159600708108,0,0,0,1
0010,car,226,0.4925380288183578,0,0,0,1
0010,car,227,0.46296406085480923,0,0,0,1
0010,car,228,0.4029110854520887,0,0,0,1
0010,car,229,0.46369670383539496,0,0,0,1
0010,car,230,0.444031377780587,0,0,0,1
0010,car,231,0.49921651065536704,0,0,0,1
0010,car,232,0.4985658516690019,0,0,0,1
0010,car,233,0.42441784479721123,0,0,0,1
0010,car,234,0.45944345498417455,0,0,0,1
0010,car,235,0.4432086433786617,0,0,0,1
0010,car,236,0.42424617018539823,0,0,0,1
0010,car,237,0.39005680059730463,0,0,0,1
0010,car,238,0.41880821049636574,0,0,0,1
0010,car,239,0.3858376706009571,0,0,0,1
0010,car,240,0.40461868629097586,0,0,0,1
0010,car,241,0.4066007177176417,0,0,0,1
0010,car,242,0.3309245661665456,0,0,0,1
0010,car,243,0.3711711207115099,0,0,0,1
0010,car,244,0.38113833050951956,0,0,0,1
0010,car,245,0.38145777602430975,0,0,0,1
0010,car,246,0.34735827642566164,0,0,0,1
0010,car,247,0.39269962038324274,0,0,0,1
0010,car,248,0.39008294799361526,0,0,0,1
0010,car,249,0.35633574996349404,0,0,0,1
0010,car,250,0.4030818414522376,0,0,0,1
0010,car,251,0.3493758801867697,0,0,0,1
0010,car,252,0.35125088418032374,0,0,0,1
0010,car,253,0.34461191645212097,0,0,0,1
0010,car,254,0.3440711310643735,0,0,0,1
0010,car,255,0.32121424013606364,0,0,0,1
0010,car,256,0.37441568829853134,0,0,0,1
0010,car,257,0.3353255021825551,0,0,0,1
0010,car,258,0.3016798912670198,0,0,0,1
0010,car,259,0.35516154983230414,0,0,0,1
0010,car,260,0.3385975262046961,0,0,0,1
0010,car,261,0.3467165818871594,0,0,0,1
0010,car,262,0.36426844882917575,0,0,0,1
0010,car,263,0.3137910427286736,0,0,0,1
0010,car,264,0.2788606597245378,0,0,0,2
0010,car,265,0.9641166947950772,0,0,0,2
0010,car,266,0.9270709968613005,0,0,0,3
0010,car,267,0.29819739625334934,0,0,0,3
0010,car,268,0.3301874721568317,0,0,0,3
0010,car,269,0.29629682031748766,0,0,0,3
0010,car,270,0.31876492843725696,0,0,0,3
0010,car,271,0.3260284385700369,0,0,0,3
0010,car,272,0.41009559933668915,0,0,0,3
0010,car,273,0.35720409668138203,0,0,0,3
0010,car,274,0.41920005094620705,0,0,0,3
0010,car,275,0.4824699952728102,0,0,0,3
0010,car,276,0.566793510563587,0,0,0,3
0010,car,277,0.6122600018068669,0,0,0,3
0010,car,278,0.7892385471645241,0,0,0,3
0010,car,279,0.8246696090596904,0,0,0,3
0010,car,280,0.6473604131013664,0,0,0,3
0010,car,281,0.4686414771154137,0,0,0,3
0010,car,282,0.7767579869231517,0,0,0,3
0010,car,283,0.24113170935209366,0,0,0,3
0010,car,284,0.40801337318518094,0,0,0,3
0010,car,285,0.9652531168031167,0,0,0,3
0010,car,286,1.9752638681359984,0,0,0,3
0010,car,287,4.011195616925529,0,1,-1,3
0010,car,288,5.813170323069013,0,0,0,1
0010,car,289,0.5314000347109354,0,0,0,1
0010,car,290,0.5313020906094764,0,0,0,1
0010,car,291,0.4831602594884189,0,0,0,1
0010,car,292,0.5034295262733345,0,0,0,1
0010,car,293,0.6145616961302679,0,0,0,1
0010,pedestrian,160,1.5373204012616506,0,0,0,1
0010,pedestrian,161,2.6462352913925793,0,0,0,1
0010,pedestrian,162,3.8841868604411216,0,0,0,1
0010,pedestrian,163,4.779706436312297,0,0,0,1
0010,pedestrian,164,7.910340485476857,0,0,0,1
0010,pedestrian,165,10.797228477654407,0,0,0,1
0010,pedestrian,166,15.676286531638185,0,0,0,1
0010,pedestrian,167,12.542568458319721,0,0,0,1
0010,pedestrian,168,18.979782500164536,0,0,0,1
0010,pedestrian,169,39.008953493975135,0,0,0,1
0010,pedestrian,202,2.3486198356887837,0,0,0,1
0010,pedestrian,203,2.7055771254309087,0,0,0,1
0010,pedestrian,204,2.5540937721880983,0,0,0,1
0010,pedestrian,205,2.602588544108645,0,0,0,1
0010,pedestrian,206,2.943629671173568,0,0,0,1
0010,pedestrian,207,2.7338297231746265,0,0,0,1
0010,pedestrian,208,3.0297224032834302,0,0,0,1
0010,pedestrian,209,2.6409663061888597,0,0,0,1
0010,pedestrian,210,2.4920189029038617,0,0,0,1
0010,pedestrian,211,2.6272563340504984,0,0,0,1
0010,pedestrian,212,2.0495642375919148,0,0,0,1
0010,pedestrian,213,1.509970342431349,0,0,0,1
0010,pedestrian,214,0.8640948434196176,0,0,0,1
0010,pedestrian,215,0.3338213732998495,0,0,0,1
0010,pedestrian,216,2.0668780778767135,0,0,0,1
0010,pedestrian,217,4.924620606497429,0,0,0,1
0010,pedestrian,218,8.197396182967356,0,0,0,1
0011,car,1,2.452417407165135,0,0,0,8
0011,car,2,2.270331128423538,0,0,0,7
0011,car,3,1.839699447917929,0,0,0,7
0011,car,4,2.2206922990162896,0,0,0,7
0011,car,5,2.1778175846079,0,0,0,7
0011,car,6,2.3894229471675277,0,0,0,7
0011,car,7,2.6299586582316357,0,0,0,7
0011,car,8,1.7688927119331044,0,0,0,6
0011,car,9,1.5512841336283756,0,0,0,6
0011,car,10,1.9132343155492062,0,0,0,6
0011,car,11,1.3100622143377973,0,0,0,5
0011,car,12,1.3931176327905748,0,0,0,5
0011,car,13,1.5877835193028544,0,0,0,5
0011,car,14,1.4898853707684236,0,0,0,5
0011,car,15,1.5921574420757427,0,0,0,5
0011,car,16,1.977862498371512,0,0,0,5
0011,car,17,1.8459654167388047,0,0,0,5
0011,car,18,5.854639353958094,0,0,0,5
0011,car,19,5.702440409419831,0,1,-1,5
0011,car,20,6.1368769423817096,1,0,1,5
0011,car,21,7.243672104881693,0,0,0,5
0011,car,22,2.780965742381987,0,0,0,4
0011,car,23,2.316989147541639,0,0,0,4
0011,car,24,2.652762623378399,0,0,0,4
0011,car,25,2.4486293511018333,0,0,0,4
0011,car,26,2.6796860605826627,0,0,0,4
0011,car,27,1.7291691229988846,0,0,0,3
0011,car,28,1.6217400673497906,0,0,0,3
0011,car,29,1.553643764426461,0,0,0,3
0011,car,30,1.7273554336036847,0,0,0,3
0011,car,31,1.7289774116671457,0,0,0,3
0011,car,32,1.7008475335262951,0,0,0,3
0011,car,33,1.9367407190510706,0,0,0,3
0011,car,34,1.8788797364830891,0,0,0,3
0011,car,35,1.1225554181376898,0,0,0,2
0011,car,36,1.1849614778055482,0,0,0,2
0011,car,37,1.133466581087115,0,0,0,2
0011,car,38,1.15967944225918,0,0,0,2
0011,car,39,1.3135352727993654,0,0,0,2
0011,car,40,1.2731007429927805,0,0,0,2
0011,car,41,1.5275243827901206,0,0,0,2
0011,car,42,1.4921071595825683,0,0,0,2
0011,car,43,1.539330641743546,0,0,0,4
0011,car,44,0.49939736312585464,0,0,0,3
0011,car,45,0.6283597561527201,0,0,0,4
0011,car,46,0.481315955228273,0,0,0,4
0011,car,47,0.9524930521325868,0,0,0,4
0011,car,48,1.2342789419039606,0,0,0,4
0011,car,49,1.7957102439220463,0,0,0,4
0011,car,50,2.2346850922991988,0,0,0,4
0011,car,51,2.141425998484292,0,0,0,4
0011,car,52,2.1647660350219136,0,0,0,4
0011,car,53,2.434919800398264,0,0,0,4
0011,car,54,2.2492250430420255,0,0,0,4
0011,car,55,2.3587514403731697,0,0,0,4
0011,car,56,2.6153334779573805,0,0,0,4
0011,car,57,2.6944025187080167,0,0,0,4
0011,car,58,0.5106343632317689,0,0,0,4
0011,car,59,0.467430980345673,0,0,0,4
0011,car,60,0.5141762376350358,0,0,0,4
0011,car,61,0.48243623706019123,0,0,0,4
0011,car,62,0.5485953998129498,0,0,0,4
0011,car,63,0.5135602918716371,0,0,0,4
0011,car,64,0.5571250657369419,0,0,0,4
0011,car,65,0.45333280157178346,1,0,1,5
0011,car,66,0.16795422467039137,0,0,0,5
0011,car,67,0.16630747798794893,0,0,0,5
0011,car,68,0.162843877684749,0,0,0,5
0011,car,69,0.18212812773268813,0,0,0,5
0011,car,70,0.21733842128987296,0,0,0,5
0011,car,71,0.29827675936485176,0,0,0,5
0011,car,72,0.3138874260514905,0,0,0,5
0011,car,73,0.2977579067452988,0,0,0,5
0011,car,74,0.2689087803409793,0,0,0,5
0011,car,75,0.26503719612187393,0,0,0,6
0011,car,76,0.18465533718488164,0,0,0,6
0011,car,77,0.17445628368951327,0,0,0,6
0011,car,78,0.2037202721945294,0,0,0,6
0011,car,79,0.264529219646034,0,0,0,6
0011,car,80,0.23514886740566615,0,0,0,6
0011,car,81,0.2300091736421335,0,0,0,6
0011,car,82,0.220547582808371,0,0,0,6
0011,car,83,0.22869348293912195,0,0,0,6
0011,car,84,0.24411993615931105,0,0,0,6
0011,car,85,0.3398608646136988,0,0,0,6
0011,car,86,0.3482354693115583,0,0,0,6
0011,car,87,0.318675632902508,0,0,0,6
0011,car,88,0.2708925479558256,0,0,0,6
0011,car,89,0.24875701901862562,0,0,0,6
0011,car,90,0.2693575178936624,0,0,0,7
0011,car,91,0.2906955692331472,0,0,0,7
0011,car,92,0.2810604576726153,0,0,0,7
0011,car,93,0.38310892883910086,0,0,0,7
0011,car,94,0.37504552083682124,0,0,0,7
0011,car,95,0.3618831023077571,0,0,0,6
0011,car,96,0.290132273286816,0,0,0,6
0011,car,97,0.3151699503615653,0,0,0,6
0011,car,98,0.3564492745331108,0,0,0,7
0011,car,99,0.30509078585242044,0,0,0,7
0011,car,100,0.3183704209060313,0,0,0,7
0011,car,101,0.31327564052915935,0,0,0,7
0011,car,102,0.3673975925780206,0,0,0,7
0011,car,103,0.3761682631470664,0,0,0,7
0011,car,104,0.4059724598948359,0,0,0,7
0011,car,105,0.5127005435494758,0,0,0,7
0011,car,106,0.49782446306636424,0,0,0,7
0011,car,107,0.6912534115489272,0,0,0,7
0011,car,108,0.8605957943161124,0,0,0,7
0011,car,109,0.8914507901148623,0,0,0,9
0011,car,110,1.4521382666116223,0,0,0,10
0011,car,111,1.8952509596076128,0,0,0,11
0011,car,112,1.4335309487463124,0,0,0,12
0011,car,113,1.7847340804048573,0,0,0,12
0011,car,114,1.6963139629357833,0,0,0,12
0011,car,115,1.5550888863101844,1,1,0,11
0011,car,116,1.8023726415990313,1,1,0,11
0011,car,117,1.7965398319063746,1,1,0,11
0011,car,118,2.0851061766825323,0,0,0,11
0011,car,119,2.5750598466701398,0,0,0,12
0011,car,120,2.2741420043962783,0,0,0,14
0011,car,121,2.0363770831627064,0,0,0,13
0011,car,122,2.42097062913978,1,1,0,13
0011,car,123,2.233819097943047,0,0,0,12
0011,car,124,2.6420131800851916,1,1,0,12
0011,car,125,2.9171266197226604,0,1,-1,13
0011,car,126,1.4130838902903142,0,0,0,13
0011,car,127,1.9191379065035776,0,0,0,13
0011,car,128,2.326417054119031,0,0,0,13
0011,car,129,2.205872939655084,0,0,0,12
0011,car,130,2.2163919781670804,0,0,0,12
0011,car,131,2.607856441131652,1,1,0,12
0011,car,132,2.5292997032657234,0,0,0,12
0011,car,133,2.503217878357364,0,0,0,12
0011,car,134,2.7198315196209633,1,1,0,12
0011,car,135,2.725801993225721,0,0,0,12
0011,car,136,2.8008033135352686,0,0,0,11
0011,car,137,2.7400968569686714,0,0,0,12
0011,car,138,2.3780641119528703,1,1,0,12
0011,car,139,2.7540054639030083,1,1,0,12
0011,car,140,2.626103601904837,1,1,0,11
0011,car,141,1.7279341350567479,0,0,0,11
0011,car,142,2.053726046966339,0,1,-1,12
0011,car,143,1.357284291345125,0,0,0,10
0011,car,144,1.2913965337834656,0,0,0,10
0011,car,145,1.494357864039311,0,0,0,12
0011,car,146,0.97481654438429,1,1,0,12
0011,car,147,0.9135923109360073,0,0,0,12
0011,car,148,1.3076354264913388,0,0,0,12
0011,car,149,1.261488027234425,0,0,0,12
0011,car,150,1.3905515483230118,0,0,0,14
0011,car,151,1.0178212647234668,0,0,0,14
0011,car,152,1.0461029603359402,0,0,0,14
0011,car,153,1.1040710115898826,0,0,0,14
0011,car,154,1.302012483314014,0,0,0,14
0011,car,155,1.1554398892894904,0,0,0,14
0011,car,156,1.2752101976876218,0,0,0,13
0011,car,157,1.108775290804349,0,0,0,13
0011,car,158,1.0581531571318563,2,2,0,12
0011,car,159,1.2857348997423887,0,0,0,12
0011,car,160,1.252401889719147,0,0,0,11
0011,car,161,1.3579855787035353,0,0,0,11
0011,car,162,1.5956249237890028,0,0,0,11
0011,car,163,1.5299120951412726,0,0,0,11
0011,car,164,1.721468336622424,0,0,0,11
0011,car,165,2.091780598497452,0,0,0,12
0011,car,166,1.199261887310073,0,0,0,11
0011,car,167,0.7074739795662054,0,0,0,11
0011,car,168,0.6741529386071992,0,0,0,11
0011,car,169,0.707358131644579,0,0,0,11
0011,car,170,0.7166336171480777,0,0,0,13
0011,car,171,1.0561104437502957,1,1,0,13
0011,car,172,0.8451829054168702,0,0,0,13
0011,car,173,1.085359290092291,0,0,0,13
0011,car,174,1.0057290167904744,0,0,0,13
0011,car,175,1.0322379727689812,0,0,0,14
0011,car,176,1.1943103632249676,1,1,0,14
0011,car,177,1.0896194935301293,0,1,-1,14
0011,car,178,0.9586000073801302,0,0,0,13
0011,car,179,1.0315101867152392,0,0,0,13
0011,car,180,0.9416463378476346,0,0,0,14
0011,car,181,1.102165717599627,1,1,0,14
0011,car,182,1.1603622750016214,1,1,0,14
0011,car,183,1.1156572462322714,0,0,0,14
0011,car,184,1.1433086694571435,0,0,0,14
0011,car,185,1.2320558830605268,0,0,0,14
0011,car,186,1.111429757348433,0,0,0,14
0011,car,187,1.1632711972125396,0,0,0,13
0011,car,188,0.8482558172108146,0,0,0,13
0011,car,189,0.7764561013797284,0,0,0,13
0011,car,190,0.8933553574629868,0,0,0,14
0011,car,191,0.6884923066814101,0,0,0,14
0011,car,192,0.6722441931427012,0,0,0,14
0011,car,193,0.7077168512533158,0,0,0,13
0011,car,194,0.4198451508356518,0,0,0,13
0011,car,195,0.4174693233172813,0,0,0,13
0011,car,196,0.3507008192500785,0,0,0,13
0011,car,197,0.31675785936455736,0,0,0,13
0011,car,198,0.28953269468705084,0,0,0,13
0011,car,199,0.31595138643371595,0,0,0,13
0011,car,200,0.2913961625234006,0,0,0,13
0011,car,201,0.2853557359028923,0,0,0,13
0011,car,202,0.282016500503913,0,0,0,12
0011,car,203,0.23959177711721796,0,0,0,12
0011,car,204,0.2443283637067939,0,0,0,12
0011,car,205,0.2634634202218536,0,0,0,12
0011,car,206,0.2445880089778824,0,0,0,12
0011,car,207,0.2647423841696644,0,0,0,12
0011,car,208,0.24559617983649293,0,0,0,12
0011,car,209,0.25328449884297527,0,0,0,12
0011,car,210,0.2593565187893095,0,0,0,14
0011,car,211,0.2277846173327851,0,0,0,14
0011,car,212,0.22507328011490213,0,0,0,14
0011,car,213,0.2507219220596043,0,0,0,14
0011,car,214,0.22455347776793017,0,0,0,14
0011,car,215,0.22611754561714076,0,0,0,14
0011,car,216,0.16857719097337892,0,0,0,14
0011,car,217,0.1751016463687723,0,0,0,14
0011,car,218,0.13787322508046007,0,0,0,14
0011,car,219,0.12994786505424175,0,0,0,13
0011,car,220,0.1500274517599629,0,0,0,13
0011,car,221,0.12838886079361175,0,0,0,13
0011,car,222,0.12134155914054272,0,0,0,13
0011,car,223,0.11871345516900757,0,0,0,13
0011,car,224,0.15875049920178427,0,0,0,13
0011,car,225,0.12547960477580988,0,0,0,13
0011,car,226,0.11352170775467232,0,0,0,13
0011,car,227,0.1063499127010607,0,0,0,13
0011,car,228,0.06145432101710405,0,0,0,14
0011,car,229,0.08967498169901421,0,0,0,14
0011,car,230,0.0845235292772929,0,0,0,14
0011,car,231,0.07718256682491773,0,0,0,14
0011,car,232,0.05987091641119492,0,0,0,14
0011,car,233,0.059842729329911096,0,0,0,14
0011,car,234,0.04521497876289996,1,1,0,14
0011,car,235,0.039809258799129735,0,0,0,14
0011,car,236,0.05222445281578864,0,0,0,14
0011,car,237,0.02360569253918473,0,0,0,14
0011,car,238,0.033532810274222495,0,0,0,14
0011,car,239,0.03951504670436233,0,0,0,14
0011,car,240,0.03217913911469677,0,0,0,14
0011,car,241,0.022517364599398352,1,1,0,14
0011,car,242,0.01430089555447182,0,0,0,14
0011,car,243,0.03459940836513807,0,0,0,14
0011,car,244,0.02857588714449929,0,0,0,14
0011,car,245,0.025545797477562297,0,0,0,14
0011,car,246,0.030972339122321467,0,0,0,14
0011,car,247,0.03316143160547866,0,1,-1,15
0011,car,248,0.03155075413597078,1,0,1,15
0011,car,249,0.035404813233852285,0,0,0,15
0011,car,250,0.04353596842099756,1,1,0,15
0011,car,251,0.06965423937103206,2,2,0,15
0011,car,252,0.05541456563551999,0,0,0,15
0011,car,253,0.09390365451616937,0,0,0,15
0011,car,254,0.07846276689845313,0,0,0,15
0011,car,255,0.09188671818979165,0,0,0,15
0011,car,256,0.09360236434531397,0,0,0,15
0011,car,257,0.09484912266669679,2,2,0,14
0011,car,258,0.1243311242533179,0,0,0,14
0011,car,259,0.12132569963687788,0,0,0,14
0011,car,260,0.1422848425508993,1,1,0,14
0011,car,261,0.1870340254109339,0,0,0,15
0011,car,262,0.14667301526493298,0,0,0,15
0011,car,263,0.1767762199369423,0,0,0,15
0011,car,264,0.22334666766404845,0,0,0,15
0011,car,265,0.20655371644467566,0,2,-2,15
0011,car,266,0.22116051700869013,1,1,0,15
0011,car,267,0.2768083848661275,0,0,0,15
0011,car,268,0.24786336650203394,0,0,0,14
0011,car,269,0.26693080670910696,0,0,0,14
0011,car,270,0.34898893870291825,0,0,0,14
0011,car,271,0.3455472932593972,0,0,0,14
0011,car,272,0.41582981521250034,0,0,0,14
0011,car,273,0.46908277472457094,0,0,0,14
0011,car,274,0.4422480752553972,0,0,0,14
0011,car,275,0.5191928873457174,2,2,0,14
0011,car,276,0.5472784251872973,0,0,0,14
0011,car,277,0.6070439953309705,0,0,0,14
0011,car,278,0.6121557430623935,0,0,0,13
0011,car,279,0.5869699886211881,0,0,0,13
0011,car,280,0.6826191474663187,2,2,0,15
0011,car,281,0.589543523284,0,0,0,15
0011,car,282,0.48628333943107543,1,1,0,15
0011,car,283,0.5346090689475868,1,1,0,15
0011,car,284,0.627693165721597,0,0,0,15
0011,car,285,0.6752566282164408,0,0,0,15
0011,car,286,0.7315211757038701,0,0,0,15
0011,car,287,0.8404395799871878,0,0,0,14
0011,car,288,0.8111421324077213,0,0,0,14
0011,car,289,1.2482115255322266,2,2,0,14
0011,car,290,1.2417173626706948,0,0,0,16
0011,car,291,1.2482968325059427,0,0,0,15
0011,car,292,1.5500877256152223,1,1,0,15
0011,car,293,1.4689458945659557,0,0,0,14
0011,car,294,1.3412593918504876,0,0,0,14
0011,car,295,1.6667821957391349,0,0,0,15
0011,car,296,1.1270355639006913,1,1,0,15
0011,car,297,1.2021437334765892,0,0,0,14
0011,car,298,1.4900752277316487,0,0,0,12
0011,car,299,1.3447678858369414,0,0,0,12
0011,car,300,1.5200898438657515,0,0,0,12
0011,car,301,1.69457464864918,0,0,0,12
0011,car,302,1.6457595008401829,2,1,1,12
0011,car,303,1.7973878871051054,0,1,-1,12
0011,car,304,1.77476274476341,0,0,0,11
0011,car,305,1.4719803794651172,0,0,0,11
0011,car,306,1.6388131760877698,1,1,0,11
0011,car,307,1.4481988531265921,0,0,0,11
0011,car,308,1.2291244048827379,0,0,0,11
0011,car,309,1.5083407063054406,1,1,0,11
0011,car,310,2.409147107574584,1,1,0,11
0011,car,311,2.152625774899845,0,0,0,10
0011,car,312,2.4740829714591404,0,0,0,9
0011,car,313,2.182076664356132,0,0,0,9
0011,car,314,1.4482003619207708,1,1,0,8
0011,car,315,1.5438592862883012,0,0,0,8
0011,car,316,1.0089352876842395,0,0,0,7
0011,car,317,1.972712212173244,0,1,-1,7
0011,car,318,2.462694120922869,0,0,0,7
0011,car,319,2.8666042847559847,0,1,-1,7
0011,car,320,2.725267005968781,0,0,0,6
0011,car,321,4.012424268206801,0,0,0,6
0011,car,322,1.049290717133077,1,1,0,5
0011,car,323,1.4144989938222343,0,0,0,5
0011,car,324,3.1700558025491006,0,0,0,5
0011,car,325,5.0824743768490785,1,1,0,5
0011,car,326,6.335570510257642,0,0,0,5
0011,car,327,7.329636127122666,0,0,0,5
0011,car,328,6.783348293094447,1,1,0,5
0011,car,329,6.8787210412401025,0,0,0,5
0011,car,330,3.975234445295426,0,1,-1,4
0011,car,331,3.7483615469501794,0,0,0,4
0011,car,332,0.13828221243313538,0,0,0,3
0011,car,333,0.2824384043888466,0,0,0,3
0011,car,334,0.5646592044615226,0,0,0,3
0011,car,335,0.939089915954559,0,0,0,3
0011,car,336,1.441221625819141,0,0,0,3
0011,car,337,2.0585098969352877,0,0,0,3
0011,car,338,2.8633047489696417,0,0,0,3
0011,car,339,1.773892001237067,0,0,0,2
0011,car,340,1.8958734831395136,0,0,0,2
0011,car,341,2.6488707973725423,0,0,0,2
0011,car,342,2.960058404551477,0,0,0,2
0011,car,343,3.689506707258976,0,0,0,2
0011,car,344,5.0266719532814585,0,0,0,2
0011,car,345,5.612977981977261,0,0,0,2
0011,car,346,6.700828731332092,0,0,0,2
0011,car,347,8.452298031129358,0,0,0,2
0011,car,348,8.619428840113308,0,0,0,2
0011,car,349,12.023418558403623,0,0,0,2
0011,car,350,9.822445006099695,0,0,0,2
0011,car,351,12.362523147505922,0,0,0,2
0011,car,352,15.530808864352872,0,0,0,2
0011,car,353,15.688310700583576,0,0,0,2
0011,car,354,18.407896183765807,0,0,0,2
0011,car,355,23.476192944359376,0,0,0,2
0011,car,356,1.3226876475419287,0,0,0,1
0011,car,357,0.7394984209924179,0,0,0,1
0011,car,358,0.853703507147661,0,0,0,1
0011,car,359,0.6360737591223528,0,0,0,1
0011,car,360,0.6665947243693514,0,0,0,1
0011,car,361,0.6338571043937237,0,0,0,1
0011,car,362,0.5034278771232149,0,0,0,1
0011,car,363,0.44218142465365506,0,0,0,1
0011,car,364,0.36297221492881726,0,0,0,1
0011,car,365,0.3785932008636638,0,0,0,1
0011,car,366,0.3508813068727095,0,0,0,1
0011,car,367,0.3625392969732342,0,0,0,1
0011,car,368,0.31074862525128205,0,0,0,1
0011,car,369,0.29314711304560637,0,0,0,1
0011,car,370,0.23625857624431906,0,0,0,1
0011,car,371,0.23774701384618863,0,0,0,1
0011,car,372,0.20612302822667322,0,0,0,1
0011,pedestrian,1,4.198619262540749,0,0,0,4
0011,pedestrian,2,4.691328775061175,0,0,0,4
0011,pedestrian,3,2.882997289484543,0,0,0,4
0011,pedestrian,4,3.1657932390144596,0,0,0,4
0011,pedestrian,5,3.064670526068838,0,0,0,4
0011,pedestrian,6,5.047746196539736,0,0,0,3
0011,pedestrian,7,6.4081840441220566,0,0,0,3
0011,pedestrian,8,6.074845252517107,0,0,0,3
0011,pedestrian,9,5.996847160347896,0,0,0,3
0011,pedestrian,10,6.792299976469397,0,0,0,3
0011,pedestrian,11,6.371810773087884,0,0,0,3
0011,pedestrian,12,5.919616185513739,0,0,0,3
0011,pedestrian,13,6.722308809464377,0,0,0,3
0011,pedestrian,14,6.297643870008216,0,0,0,3
0011,pedestrian,15,6.600911018150959,0,0,0,3
0011,pedestrian,16,7.464552836251556,0,0,0,3
0011,pedestrian,17,6.7794274028815185,0,0,0,3
0011,pedestrian,18,1.0288206469057268,0,0,0,3
0011,pedestrian,19,0.953349278080871,0,0,0,3
0011,pedestrian,20,0.9676608028428285,0,0,0,4
0011,pedestrian,21,0.729492599164805,0,0,0,4
0011,pedestrian,22,0.6708929921403877,0,0,0,4
0011,pedestrian,23,0.4733680981195867,0,0,0,4
0011,pedestrian,24,0.5184439010845726,0,0,0,4
0011,pedestrian,25,0.4781758721976813,0,0,0,4
0011,pedestrian,26,0.5485976248253646,0,0,0,4
0011,pedestrian,27,0.49696134069491327,0,0,0,4
0011,pedestrian,28,0.48073040552834634,0,0,0,4
0011,pedestrian,29,0.48228877841760415,0,0,0,4
0011,pedestrian,30,0.534722417940794,0,0,0,4
0011,pedestrian,31,0.49611044653627734,0,0,0,4
0011,pedestrian,32,0.5062625365353933,0,0,0,4
0011,pedestrian,33,0.5707887816705566,0,0,0,4
0011,pedestrian,34,0.515068129647463,0,0,0,4
0011,pedestrian,35,0.5211778400421061,0,0,0,4
0011,pedestrian,36,0.8365269668546104,0,0,0,4
0011,pedestrian,37,0.7539810610703742,0,0,0,4
0011,pedestrian,38,0.7857238565827815,0,0,0,4
0011,pedestrian,39,0.8668190641138737,0,0,0,4
0011,pedestrian,40,0.826555090663532,0,0,0,4
0011,pedestrian,41,0.9075159424513941,0,0,0,4
0011,pedestrian,42,0.8420456416702558,0,0,0,4
0011,pedestrian,43,0.9009651480449667,0,0,0,4
0011,pedestrian,44,3.946999853864245,0,0,0,4
0011,pedestrian,45,3.0671166373843857,0,0,0,4
0011,pedestrian,46,3.021167867227703,0,0,0,3
0011,pedestrian,47,4.885270916337112,0,0,0,3
0011,pedestrian,48,4.810693462776148,0,0,0,3
0011,pedestrian,49,5.554479022961271,0,0,0,3
0011,pedestrian,50,7.312967836398132,0,0,0,3
0011,pedestrian,51,7.947766888955956,0,0,0,3
0011,pedestrian,52,9.714324848591708,0,0,0,3
0011,pedestrian,53,13.551365846519811,0,0,0,3
0011,pedestrian,54,15.157361750788601,0,0,0,3
0011,pedestrian,55,9.534316673506444,0,0,0,2
0012,car,1,0.006328556474180855,0,0,0,2
0012,car,2,0.004627522960086212,0,0,0,2
0012,car,3,0.006836857282189367,0,0,0,2
0012,car,4,0.017770021491269494,0,0,0,2
0012,car,5,0.007587962860013633,0,0,0,2
0012,car,6,0.0046475104436819546,0,0,0,2
0012,car,7,0.006063456585643654,0,0,0,2
0012,car,8,0.008598330630345565,0,0,0,2
0012,car,9,0.003861580279925736,0,0,0,2
0012,car,10,0.003987795445276128,0,0,0,2
0012,car,11,0.003812089921474346,0,0,0,2
0012,car,12,0.008779055036079831,0,0,0,2
0012,car,13,0.007400774354887604,0,0,0,2
0012,car,14,0.007551018760041347,0,0,0,2
0012,car,15,0.0032012805767129776,0,0,0,2
0012,car,16,0.013809173156689005,0,0,0,2
0012,car,17,0.010233462416603712,0,0,0,2
0012,car,18,0.010491230871632506,0,0,0,2
0012,car,19,0.0024826301414635895,0,0,0,2
0012,car,20,0.002466433682920999,0,0,0,2
0012,car,21,0.009120807884568243,0,0,0,2
0012,car,22,0.003971918184148028,0,0,0,2
0012,car,23,0.00757086401413532,0,0,0,2
0012,car,24,0.009848057033580932,0,0,0,2
0012,car,25,0.005017168508611456,0,0,0,2
0012,car,26,0.002451646664153814,0,0,0,2
0012,car,27,0.004268393088704839,0,0,0,2
0012,car,28,0.007734693936002662,0,0,0,2
0012,car,29,0.006533353687918062,0,0,0,2
0012,car,30,0.002045718125758296,0,0,0,2
0012,car,31,0.006309237365328805,0,0,0,2
0012,car,32,0.01130128454608044,0,0,0,2
0012,car,33,0.003668239753887762,0,0,0,2
0012,car,34,0.0010790791091932475,0,0,0,2
0012,car,35,0.013157681175069158,0,0,0,2
0012,car,36,0.017370746542643083,0,0,0,2
0012,car,37,0.0033810526700721755,0,0,0,2
0012,car,38,0.01713767372168464,0,0,0,2
0012,car,39,0.006644189270701843,0,0,0,2
0012,car,40,0.0030763204092729775,0,0,0,2
0012,car,41,0.0049670283927402605,0,0,0,2
0012,car,42,0.0012876111795566499,0,0,0,2
0012,car,43,0.005392462648807009,0,0,0,2
0012,car,44,0.002678945292112842,0,0,0,2
0012,car,45,0.002905924320891052,0,0,0,2
0012,car,46,0.0030802029447437925,0,0,0,2
0012,car,47,0.009039393717801738,0,0,0,2
0012,car,48,0.004399859887078857,0,0,0,2
0012,car,49,0.004406068533147288,0,0,0,2
0012,car,50,0.009143676507540884,0,0,0,2
0012,car,51,0.0022172733944604,0,0,0,2
0012,car,52,0.001059853847165215,0,0,0,2
0012,car,53,0.012235904954966959,0,0,0,2
0012,car,54,0.007479730471319217,0,0,0,2
0012,car,55,0.0025675324424327983,0,0,0,2
0012,car,56,0.006298939284774527,0,0,0,2
0012,car,57,0.00691943259742058,0,0,0,2
0012,car,58,0.002566344033601044,0,0,0,2
0012,car,59,0.005930417537866462,0,0,0,2
0012,car,60,0.006199333903463496,0,0,0,2
0012,car,61,0.005812848717871709,0,0,0,2
0012,car,62,0.002568286073802441,0,0,0,2
0012,car,63,0.0036182184637623743,0,0,0,2
0012,car,64,0.009799082673893109,0,0,0,2
0012,car,65,0.005052264600025098,0,0,0,2
0012,car,66,0.003371423886841668,0,0,0,1
0012,car,67,0.006865427712664621,0,0,0,1
0012,car,68,0.0016212884604112927,0,0,0,1
0012,car,69,0.0006323050183264209,0,0,0,1
0012,car,70,0.004527965254208958,0,0,0,1
0012,car,71,0.0072544162378413045,0,0,0,1
0012,car,72,0.004128117399019814,0,0,0,1
0012,car,73,0.007261258258096993,0,0,0,1
0012,car,74,0.0029617957284866947,0,0,0,1
0012,car,75,0.010150517268563941,0,0,0,1
0012,car,76,0.002256701406626334,0,0,0,1
0012,car,77,0.0024913711409281316,0,0,0,1
0012,pedestrian,13,0.006743733058079775,0,0,0,1
0012,pedestrian,14,0.02048270038487908,0,0,0,1
0012,pedestrian,15,0.003787557419800383,0,0,0,1
0012,pedestrian,16,0.022812293546359434,0,0,0,1
0012,pedestrian,17,0.017169356890290092,0,0,0,1
0012,pedestrian,18,0.0179318049452146,0,0,0,1
0012,pedestrian,19,0.005174805095766084,0,0,0,1
0012,pedestrian,20,0.008063788559216727,0,0,0,1
0012,pedestrian,21,0.014354530942253573,0,0,0,1
0012,pedestrian,22,0.014589590208585978,0,0,0,1
0012,pedestrian,23,0.039026923538900124,0,0,0,1
0012,pedestrian,24,0.03616307598539964,0,0,0,1
0012,pedestrian,25,0.03782557359318111,0,0,0,1
0012,pedestrian,26,0.01659674856310176,0,0,0,1
0012,pedestrian,27,0.018390347486135262,0,0,0,1
0012,pedestrian,28,0.031330027319558425,0,0,0,1
0012,pedestrian,29,0.021036833473422417,0,0,0,1
0012,pedestrian,30,0.0037165304230379385,0,0,0,1
0012,pedestrian,31,0.03736498869717302,0,0,0,1
0012,pedestrian,32,0.019635187308202864,0,0,0,1
0012,pedestrian,33,0.007085604691132601,0,0,0,1
0012,pedestrian,34,0.0033535356076522848,0,0,0,1
0012,pedestrian,35,0.029898152805088035,0,0,0,1
0012,pedestrian,36,0.04923139216757379,0,0,0,1
0012,pedestrian,37,0.014826602550755952,0,0,0,1
0013,car,1,1.007533369145696,0,0,0,1
0013,car,2,1.1019111712240506,0,0,0,1
0013,car,3,1.2496208201819823,0,0,0,1
0013,car,4,1.3809799883882439,0,0,0,1
0013,car,83,3.2942544574716845,0,0,0,1
0013,car,84,5.4654305093081685,0,0,0,1
0013,car,85,4.5249678847566726,0,0,0,1
0013,car,86,2.9485683024174874,0,0,0,1
0013,car,87,3.317041243837912,0,0,0,1
0013,car,88,4.084304770663237,0,0,0,1
0013,car,89,3.56753857213355,0,0,0,1
0013,car,90,3.8052876496997072,0,0,0,1
0013,car,91,3.2282887658713673,0,0,0,1
0013,car,92,2.212313517111344,0,0,0,1
0013,car,93,2.2374272325733453,0,0,0,1
0013,car,94,2.1139245553675714,0,0,0,1
0013,car,95,2.2631556246816698,0,0,0,1
0013,car,96,2.6126491685298205,0,0,0,1
0013,car,97,2.4847972494427397,0,0,0,1
0013,car,98,1.8713855374734296,0,0,0,1
0013,car,99,2.318447098626281,0,0,0,1
0013,car,100,2.0334647526434595,0,0,0,1
0013,car,101,1.7125199619929186,0,0,0,1
0013,car,102,1.6290875463922438,0,0,0,1
0013,car,103,1.6719479651277138,0,0,0,1
0013,car,104,1.7816617276833533,0,0,0,1
0013,car,105,1.9621647289816575,0,0,0,1
0013,car,106,1.8793984738317104,0,0,0,1
0013,car,107,2.1025357396998143,0,0,0,1
0013,car,108,2.476618179551574,0,0,0,1
0013,car,109,2.569205875455941,0,0,0,1
0013,car,110,3.063255128994726,0,0,0,1
0013,car,111,2.9004921480797896,0,0,0,1
0013,car,112,3.221479878738509,0,0,0,1
0013,car,113,4.12281094932899,0,0,0,1
0013,car,114,4.301220995688037,0,0,0,1
0013,car,115,4.84628724755089,0,0,0,1
0013,car,116,6.012509095052811,0,0,0,1
0013,car,117,6.05162216606716,0,0,0,1
0013,car,118,6.909837486057679,0,0,0,1
0013,car,119,8.6089450005104,0,0,0,1
0013,car,120,8.661948376002773,0,0,0,1
0013,car,121,9.738088459921139,0,0,0,1
0013,car,122,12.212893697182249,0,0,0,1
0013,car,123,12.294371247022841,0,0,0,1
0013,car,124,16.083222823741515,0,0,0,1
0013,car,125,17.01122175605256,0,0,0,1
0013,car,126,20.698549491070732,0,0,0,1
0013,car,127,28.020421205555827,0,0,0,1
0013,car,128,31.07446899089406,0,0,0,1
0013,car,129,6.023576987317535,0,0,0,1
0013,pedestrian,6,0.28139976513332443,0,0,0,2
0013,pedestrian,7,0.2634501543262295,0,0,0,2
0013,pedestrian,8,0.27089621620696724,0,0,0,2
0013,pedestrian,9,0.2465396200838636,0,0,0,2
0013,pedestrian,10,0.17889599801714787,0,0,0,2
0013,pedestrian,11,0.062914244625678,0,0,0,2
0013,pedestrian,12,0.07302550107438965,0,0,0,3
0013,pedestrian,13,0.1518133407669952,0,0,0,3
0013,pedestrian,14,0.143915190648598,0,0,0,3
0013,pedestrian,15,0.20383853842616725,0,0,0,3
0013,pedestrian,16,0.12870316636364465,0,0,0,3
0013,pedestrian,17,0.2523264109250958,0,0,0,3
0013,pedestrian,18,0.3438935215565388,0,0,0,3
0013,pedestrian,19,0.38461461351499904,0,0,0,3
0013,pedestrian,20,0.5432496737753749,0,0,0,3
0013,pedestrian,21,0.5143447945744867,0,0,0,3
0013,pedestrian,22,0.558962315493639,0,0,0,3
0013,pedestrian,23,0.3503436112203274,0,0,0,2
0013,pedestrian,24,0.4240666401315626,0,0,0,2
0013,pedestrian,25,0.5294100032493343,0,0,0,2
0013,pedestrian,26,0.7813419025438342,0,0,0,2
0013,pedestrian,27,1.0507974588439224,0,0,0,3
0013,pedestrian,28,2.951214970937856,0,0,0,3
0013,pedestrian,29,7.44824827704425,0,0,0,2
0013,pedestrian,30,23.840751538655073,0,0,0,2
0013,pedestrian,31,4.169114268398506,0,0,0,2
0013,pedestrian,32,0.7771509044093372,2,1,1,2
0013,pedestrian,33,0.807876753041588,0,0,0,2
0013,pedestrian,34,1.0050555811601776,0,0,0,2
0013,pedestrian,35,1.0165789287441793,0,1,-1,2
0013,pedestrian,36,1.1289012682734305,0,1,-1,2
0013,pedestrian,37,1.3313533897775716,0,0,0,2
0013,pedestrian,38,1.3298275005456939,0,0,0,2
0013,pedestrian,39,1.4439476962561635,0,0,0,2
0013,pedestrian,40,1.7030041465412742,0,0,0,2
0013,pedestrian,41,1.7510973703603505,0,0,0,3
0013,pedestrian,42,1.3758793574340713,0,0,0,3
0013,pedestrian,43,1.3983573334444483,0,0,0,3
0013,pedestrian,44,1.665173247188034,0,0,0,3
0013,pedestrian,45,1.7085883845181724,0,0,0,3
0013,pedestrian,46,1.7316236183816982,0,0,0,3
0013,pedestrian,47,2.061337882113881,0,0,0,3
0013,pedestrian,48,2.517685369503547,0,0,0,3
0013,pedestrian,49,2.62009798371105,0,0,0,3
0013,pedestrian,50,7.660111627593018,0,0,0,2
0013,pedestrian,51,10.579187730913967,0,0,0,2
0013,pedestrian,52,11.785146758420623,0,0,0,2
0013,pedestrian,53,3.7815992600446164,0,0,0,1
0013,pedestrian,54,0.03461593333320107,0,0,0,1
0013,pedestrian,55,0.10508487263433719,0,0,0,1
0013,pedestrian,56,0.10812605102339207,0,0,0,1
0013,pedestrian,57,1.2497810362316235,0,0,0,1
0013,pedestrian,58,1.296834032404757,0,0,0,1
0013,pedestrian,59,1.6125291602337446,0,0,0,2
0013,pedestrian,60,0.903033205743844,0,0,0,2
0013,pedestrian,61,1.2514969652303982,0,0,0,2
0013,pedestrian,62,1.5079433194504286,0,0,0,2
0013,pedestrian,63,1.5110155200741995,0,0,0,2
0013,pedestrian,64,1.6981255491452798,0,0,0,2
0013,pedestrian,65,2.128196922491434,0,0,0,3
0013,pedestrian,66,1.2775087211394163,0,0,0,3
0013,pedestrian,67,1.3476111903259573,0,0,0,4
0013,pedestrian,68,1.6448651768470954,0,0,0,4
0013,pedestrian,69,1.9435312870969934,0,0,0,6
0013,pedestrian,70,1.9681556415638868,0,0,0,6
0013,pedestrian,71,2.4944429518614566,0,0,0,6
0013,pedestrian,72,2.4466459803236438,0,0,0,5
0013,pedestrian,73,3.0067798615799233,0,0,0,5
0013,pedestrian,74,2.956096420869314,0,0,0,5
0013,pedestrian,75,3.073100935423037,0,0,0,5
0013,pedestrian,76,3.245733494332697,0,0,0,5
0013,pedestrian,77,3.173396374589313,0,0,0,5
0013,pedestrian,78,2.0956565889376075,1,0,1,5
0013,pedestrian,79,2.733976529933194,0,0,0,5
0013,pedestrian,80,1.191142887750752,0,0,0,5
0013,pedestrian,81,1.1011481197933994,1,1,0,4
0013,pedestrian,82,2.2674793097607755,1,1,0,6
0013,pedestrian,83,3.5094787071464046,0,0,0,7
0013,pedestrian,84,4.711999200331841,0,0,0,7
0013,pedestrian,85,7.221676961993919,0,0,0,5
0013,pedestrian,86,8.713026315073677,2,0,2,6
0013,pedestrian,87,4.22258975984287,2,0,2,6
0013,pedestrian,88,3.7706035192856953,0,0,0,5
0013,pedestrian,89,4.191280097210438,2,0,2,5
0013,pedestrian,90,4.532163873611916,2,0,2,5
0013,pedestrian,91,2.3892947937350377,0,0,0,3
0013,pedestrian,92,0.6852105507719116,0,0,0,2
0013,pedestrian,93,1.6405103575828106,0,0,0,2
0013,pedestrian,94,1.7184715133617243,0,0,0,2
0013,pedestrian,95,1.898464725028648,0,0,0,2
0013,pedestrian,96,2.4317438039039416,0,0,0,2
0013,pedestrian,97,1.5420490777853384,0,0,0,2
0013,pedestrian,98,3.2951586514920796,0,0,0,2
0013,pedestrian,99,3.9890152443809743,0,0,0,2
0013,pedestrian,100,1.817187518820959,0,0,0,2
0013,pedestrian,101,3.840134509215285,0,0,0,2
0013,pedestrian,102,3.6979745622961477,0,0,0,2
0013,pedestrian,103,4.0411245961979,0,0,0,2
0013,pedestrian,104,4.253289637416932,0,0,0,3
0013,pedestrian,105,2.770405967281283,0,0,0,4
0013,pedestrian,106,0.49698373720374095,0,0,0,4
0013,pedestrian,107,0.4161326439373839,0,0,0,3
0013,pedestrian,108,0.7435196756205005,0,0,0,3
0013,pedestrian,109,0.6138798596424747,0,0,0,3
0013,pedestrian,110,1.062104060326705,0,0,0,4
0013,pedestrian,111,1.1389466604812548,0,0,0,4
0013,pedestrian,112,1.1843993262324641,0,0,0,4
0013,pedestrian,113,1.4392465708396094,0,0,0,4
0013,pedestrian,114,1.5773175968682032,0,0,0,4
0013,pedestrian,115,1.796244402774535,0,0,0,4
0013,pedestrian,116,2.1783206257020553,0,0,0,2
0013,pedestrian,117,0.46178609631736767,0,0,0,1
0013,pedestrian,118,0.5204665656555538,0,0,0,1
0013,pedestrian,119,0.800800987753893,0,0,0,1
0013,pedestrian,120,0.929760080692545,0,0,0,1
0013,pedestrian,121,1.163239158227546,0,0,0,1
0013,pedestrian,122,1.6049360174401506,0,0,0,1
0013,pedestrian,123,1.6726581510065583,0,0,0,1
0013,pedestrian,124,2.4598647553180895,0,0,0,1
0013,pedestrian,125,2.7478136718608748,0,0,0,1
0013,pedestrian,126,3.502806690758793,0,0,0,1
0013,pedestrian,127,4.713723285687857,0,0,0,1
0013,pedestrian,128,5.297011269068414,0,0,0,1
0013,pedestrian,129,6.652770965261689,0,0,0,1
0013,pedestrian,130,12.698667334324806,0,0,0,1
0013,pedestrian,131,14.887380257164807,0,0,0,1
0013,pedestrian,132,17.701809446778693,0,0,0,1
0013,pedestrian,208,0.6366726184845788,0,0,0,1
0013,pedestrian,209,0.49069995090969243,0,0,0,1
0013,pedestrian,210,0.2525496784972892,0,0,0,2
0013,pedestrian,211,0.4772874163251306,0,0,0,2
0013,pedestrian,212,0.4301475827458935,0,0,0,2
0013,pedestrian,213,0.416774208526529,0,0,0,2
0013,pedestrian,214,0.41644024785273653,0,0,0,2
0013,pedestrian,215,0.5640167620377099,0,0,0,2
0013,pedestrian,216,0.5704326155784718,0,0,0,2
0013,pedestrian,217,0.6989164937940859,0,0,0,2
0013,pedestrian,218,0.6156230482682994,0,0,0,2
0013,pedestrian,219,0.6163932303085883,0,0,0,2
0013,pedestrian,220,0.6763532764630342,0,0,0,2
0013,pedestrian,221,0.6834935231059636,0,0,0,2
0013,pedestrian,222,0.7210010690812155,0,0,0,2
0013,pedestrian,223,0.7602364081109261,0,0,0,2
0013,pedestrian,224,0.9102583773401712,0,0,0,2
0013,pedestrian,225,0.9018559786396025,0,0,0,2
0013,pedestrian,226,0.9252104334906922,0,0,0,2
0013,pedestrian,227,1.3845440190190603,0,0,0,2
0013,pedestrian,228,1.2422252137844918,0,0,0,2
0013,pedestrian,229,1.4079969205431488,0,0,0,2
0013,pedestrian,230,1.250868133440576,0,0,0,2
0013,pedestrian,231,1.3419358982530565,0,0,0,2
0013,pedestrian,232,1.5523341601810459,0,0,0,3
0013,pedestrian,233,3.269041581692868,0,0,0,4
0013,pedestrian,234,12.551365239459534,0,0,0,6
0013,pedestrian,235,0.5958257383128145,2,2,0,6
0013,pedestrian,236,0.645857609622172,0,0,0,6
0013,pedestrian,237,0.7406726477238952,2,1,1,8
0013,pedestrian,238,1.244504189705792,0,0,0,7
0013,pedestrian,239,1.0164899914113577,0,0,0,6
0013,pedestrian,240,0.8995794274378444,1,1,0,6
0013,pedestrian,241,0.7924632125009554,0,0,0,6
0013,pedestrian,242,0.7614352769853076,0,0,0,6
0013,pedestrian,243,0.7374419187304622,0,0,0,6
0013,pedestrian,244,0.7086388949926028,0,0,0,6
0013,pedestrian,245,0.8000404760498245,0,0,0,6
0013,pedestrian,246,0.6641998534798648,0,0,0,6
0013,pedestrian,247,0.40850808854390575,0,0,0,5
0013,pedestrian,248,0.5138637547280381,0,0,0,5
0013,pedestrian,249,0.3875580456239826,0,0,0,5
0013,pedestrian,250,0.49789702029820815,0,0,0,5
0013,pedestrian,251,0.30895455758835383,0,0,0,5
0013,pedestrian,252,0.19735678752138197,0,0,0,5
0013,pedestrian,253,0.12199583581528119,0,0,0,5
0013,pedestrian,254,0.11615416236780123,0,0,0,5
0013,pedestrian,255,0.24319121754022752,0,0,0,6
0013,pedestrian,256,1.6840009856183122,0,0,0,6
0013,pedestrian,257,2.0846899065785367,0,0,0,7
0013,pedestrian,258,1.586293159359263,0,0,0,7
0013,pedestrian,259,1.6956865963441217,0,0,0,7
0013,pedestrian,260,1.9505673457161434,0,0,0,7
0013,pedestrian,261,2.535901215971603,0,0,0,7
0013,pedestrian,262,2.5624156709666064,0,0,0,6
0013,pedestrian,263,1.5683483830204936,0,0,0,6
0013,pedestrian,264,2.036465598090606,1,1,0,6
0013,pedestrian,265,2.2326857232561172,0,0,0,6
0013,pedestrian,266,3.2303220419544365,0,0,0,6
0013,pedestrian,267,3.9166862010292545,0,0,0,6
0013,pedestrian,268,4.11442702591913,0,0,0,5
0013,pedestrian,269,3.520822744735154,0,0,0,4
0013,pedestrian,270,4.978312684069904,0,0,0,4
0013,pedestrian,271,6.489853964001975,0,0,0,4
0013,pedestrian,272,17.25631718287519,0,0,0,4
0013,pedestrian,273,10.951122511600042,1,0,1,3
0013,pedestrian,274,3.687391575182832,0,0,0,3
0013,pedestrian,275,0.36187052682365073,0,0,0,3
0013,pedestrian,276,0.32031681661290123,0,0,0,3
0013,pedestrian,277,0.3126687132033431,0,0,0,4
0013,pedestrian,278,0.6515744283275111,0,0,0,4
0013,pedestrian,279,0.5973689122200424,0,0,0,4
0013,pedestrian,280,0.8725422719264948,0,0,0,4
0013,pedestrian,281,0.9409023291202523,0,0,0,4
0013,pedestrian,282,0.9086715395114019,0,0,0,5
0013,pedestrian,283,1.7290115814222786,0,0,0,5
0013,pedestrian,284,0.18956166071121092,0,0,0,3
0013,pedestrian,285,0.30949156052911614,0,0,0,3
0013,pedestrian,286,2.2221246875496052,0,0,0,3
0013,pedestrian,287,2.5859835961474826,0,0,0,3
0013,pedestrian,288,3.0479554464328507,0,0,0,3
0013,pedestrian,289,3.5990015915495692,0,0,0,5
0013,pedestrian,290,1.281471122917657,0,0,0,5
0013,pedestrian,291,0.660650327365049,0,0,0,5
0013,pedestrian,292,0.8403973089414756,0,0,0,5
0013,pedestrian,293,0.7925722400154275,0,0,0,5
0013,pedestrian,294,0.969564195316016,2,0,2,5
0013,pedestrian,295,1.0514582364219858,2,0,2,5
0013,pedestrian,296,1.1587256616879693,2,0,2,5
0013,pedestrian,297,1.1244197481563036,1,0,1,4
0013,pedestrian,298,0.9850401850656647,0,0,0,3
0013,pedestrian,299,0.6898954084166954,0,0,0,3
0013,pedestrian,300,0.9703744860225813,0,0,0,3
0013,pedestrian,301,1.168685444607363,0,0,0,3
0013,pedestrian,302,1.3883237910836328,0,0,0,3
0013,pedestrian,303,2.0650902409464713,1,0,1,5
0013,pedestrian,304,0.606916715184113,0,0,0,5
0013,pedestrian,305,0.5247319196735332,0,0,0,4
0013,pedestrian,306,0.6509809373803386,0,0,0,4
0013,pedestrian,307,0.6508110260185429,0,0,0,4
0013,pedestrian,308,0.761902288441728,0,0,0,4
0013,pedestrian,309,0.8276067997798922,0,0,0,4
0013,pedestrian,310,0.8494420110584298,0,0,0,5
0013,pedestrian,311,0.9367122621484061,0,0,0,5
0013,pedestrian,312,0.9866280938552403,0,0,0,5
0013,pedestrian,313,1.1037053965652301,0,0,0,5
0013,pedestrian,314,0.9132801496968891,0,0,0,5
0013,pedestrian,315,0.8959768616639993,0,0,0,5
0013,pedestrian,316,1.0281255535700748,0,0,0,5
0013,pedestrian,317,1.0055325754297222,0,0,0,5
0013,pedestrian,318,1.0930194007899188,0,0,0,5
0013,pedestrian,319,1.296719068587874,0,0,0,5
0013,pedestrian,320,1.6299626530370899,0,0,0,5
0013,pedestrian,321,1.8371708471522594,0,0,0,5
0013,pedestrian,322,1.140017095830187,0,0,0,4
0013,pedestrian,323,1.6512288855743242,0,0,0,4
0013,pedestrian,324,1.584033119568589,0,0,0,4
0013,pedestrian,325,1.693304033205036,0,0,0,5
0013,pedestrian,326,0.8838248838828441,0,0,0,5
0013,pedestrian,327,1.3291556506900348,0,0,0,5
0013,pedestrian,328,1.519589721057213,0,0,0,5
0013,pedestrian,329,1.440170422332805,0,0,0,5
0013,pedestrian,330,1.5209978047075907,0,0,0,5
0013,pedestrian,331,1.8399034215992551,0,0,0,5
0013,pedestrian,332,2.035815540986039,0,0,0,5
0013,pedestrian,333,2.2742270726867244,0,0,0,5
0013,pedestrian,334,2.7303195040685706,0,0,0,5
0013,pedestrian,335,2.8070938291493612,0,0,0,5
0013,pedestrian,336,3.11573677676874,0,0,0,5
0013,pedestrian,337,3.6690244525327347,1,0,1,5
0013,pedestrian,338,3.8935145328294922,0,0,0,5
0013,pedestrian,339,6.6578074259591915,0,0,0,4
0014,car,1,0.025264131802154075,0,0,0,3
0014,car,2,0.021510940769495182,0,0,0,3
0014,car,3,0.010887372443653799,0,0,0,3
0014,car,4,0.010296395490620298,0,0,0,3
0014,car,5,0.013286174981262402,0,0,0,3
0014,car,6,0.015885540066509468,0,0,0,3
0014,car,7,0.025317585767379962,0,0,0,3
0014,car,8,0.01731618072385658,0,0,0,3
0014,car,9,0.06712879412868168,0,0,0,3
0014,car,10,0.06025546474189024,0,0,0,3
0014,car,11,0.052572141928804966,0,0,0,3
0014,car,12,0.11797465863903603,0,0,0,3
0014,car,13,0.22155112414955713,0,0,0,3
0014,car,14,0.24580092296615041,0,0,0,3
0014,car,15,0.32221554796758256,0,0,0,3
0014,car,16,0.44888866334547817,0,0,0,3
0014,car,17,0.4009914952302103,0,0,0,3
0014,car,18,0.43299147398196147,0,0,0,3
0014,car,19,0.512295796815914,0,0,0,3
0014,car,20,0.47075622560853814,0,0,0,3
0014,car,21,0.5726384004586172,0,0,0,3
0014,car,22,0.5366382427376348,0,0,0,3
0014,car,23,0.5785364576784906,0,0,0,3
0014,car,24,0.7288644649950378,0,0,0,3
0014,car,25,0.6287337741074372,0,0,0,3
0014,car,26,0.5302754847735278,0,0,0,3
0014,car,27,0.5070146789228367,0,0,0,3
0014,car,28,0.29715208248618386,0,0,0,3
0014,car,29,0.08789600520327748,0,0,0,3
0014,car,30,0.4375457911576015,0,0,0,3
0014,car,31,0.5787520453318753,0,0,0,3
0014,car,32,1.1536334334589162,0,0,0,3
0014,car,33,1.3614023862757278,0,0,0,3
0014,car,34,1.7222343693097155,0,0,0,3
0014,car,35,1.857380357626861,0,0,0,3
0014,car,36,2.2799969134506766,0,0,0,3
0014,car,37,2.5402676612140875,0,0,0,3
0014,car,38,2.8483601373208787,0,0,0,3
0014,car,39,3.0156347945431925,0,0,0,3
0014,car,40,2.705102407430937,0,0,0,3
0014,car,41,2.6538725436270125,0,0,0,3
0014,car,42,2.838558553253277,0,0,0,3
0014,car,43,3.0506137523938515,0,0,0,3
0014,car,44,2.972862176620488,0,0,0,3
0014,car,45,3.6931863195384844,0,0,0,3
0014,car,46,5.315399816119839,0,0,0,3
0014,car,47,5.45723146751754,0,0,0,3
0014,car,48,7.237128998102575,0,0,0,3
0014,car,49,10.985174181509386,0,0,0,3
0014,car,50,16.773612214804054,0,0,0,3
0014,car,51,17.384043791971713,0,0,0,2
0014,car,55,3.981062222368562,0,0,0,1
0014,car,56,10.559125488170643,0,0,0,1
0014,car,57,9.770167106632828,0,0,0,1
0014,car,58,7.333521784596988,0,0,0,1
0014,car,59,6.381393795656314,0,0,0,2
0014,car,60,5.994853246223238,0,0,0,2
0014,car,61,6.1429540284585755,0,0,0,2
0014,car,62,2.705867099197268,0,0,0,3
0014,car,63,4.73068940485997,1,1,0,4
0014,car,64,4.451204927259159,0,0,0,4
0014,car,65,3.0245340406377617,0,0,0,4
0014,car,66,1.264783704325584,0,0,0,4
0014,car,67,2.310743917641818,0,0,0,4
0014,car,68,4.017162070906431,0,0,0,4
0014,car,69,4.876232245224939,0,0,0,4
0014,car,70,5.365881752199779,0,0,0,6
0014,car,71,2.950264582227978,0,0,0,6
0014,car,72,2.2458528676110316,0,0,0,6
0014,car,73,2.156444583902417,0,0,0,7
0014,car,74,1.305825318295469,0,0,0,7
0014,car,75,1.2307031431872462,0,0,0,7
0014,car,76,1.2954650825552934,0,0,0,7
0014,car,77,1.12223791564715,0,0,0,8
0014,car,78,1.2852474725245109,0,0,0,8
0014,car,79,1.1928723958236214,0,0,0,8
0014,car,80,0.8569402434425925,1,1,0,8
0014,car,81,0.96831948411977,0,0,0,8
0014,car,82,1.263671957264076,0,0,0,8
0014,car,83,1.307991447023718,0,0,0,9
0014,car,84,1.2629591493284387,0,0,0,9
0014,car,85,0.9816959016803537,0,0,0,8
0014,car,86,1.163995397242389,0,0,0,8
0014,car,87,1.4639272728467212,0,0,0,8
0014,car,88,1.4614961982502164,1,1,0,8
0014,car,89,1.7004552372625539,1,1,0,8
0014,car,90,0.8720146895053523,1,1,0,7
0014,car,91,1.407336332162111,0,0,0,7
0014,car,92,1.616344634193493,0,0,0,7
0014,car,93,1.4417792518409789,0,0,0,6
0014,car,94,1.4463084514040814,0,0,0,6
0014,car,95,1.7434652232488355,0,0,0,6
0014,car,96,1.7316507098145224,0,0,0,6
0014,car,97,1.8784966967354135,0,0,0,6
0014,car,98,2.2663056445535146,0,0,0,6
0014,car,99,2.2234972897749787,0,0,0,6
0014,car,100,2.4729822197161497,0,0,0,6
0014,car,101,2.9858260279809423,0,0,0,7
0014,car,102,1.3147137071288808,0,0,0,8
0014,car,103,1.3087556267777876,0,1,-1,8
0014,car,104,1.7490188947589251,0,0,0,8
0014,car,105,1.856727916460851,0,0,0,7
0014,pedestrian,1,0.09954928195721235,0,0,0,2
0014,pedestrian,2,0.12870141811245173,0,0,0,2
0014,pedestrian,3,0.14301589640135415,0,0,0,2
0014,pedestrian,4,0.1586233073784601,0,0,0,2
0014,pedestrian,5,0.1850532827854635,0,0,0,2
0014,pedestrian,6,0.18362713123189622,0,0,0,2
0014,pedestrian,7,0.22898442818564607,0,0,0,2
0014,pedestrian,8,0.3233786250935861,0,0,0,2
0014,pedestrian,9,0.4464605173319445,0,0,0,2
0014,pedestrian,10,0.554244733671728,0,0,0,2
0014,pedestrian,16,1.142523299773792,0,0,0,2
0014,pedestrian,17,1.0737311610080225,0,0,0,2
0014,pedestrian,18,1.1490617158449217,0,0,0,2
0014,pedestrian,19,1.3645112534759343,0,0,0,2
0014,pedestrian,20,1.3136648854440147,0,0,0,2
0014,pedestrian,21,1.5717059636131387,0,0,0,2
0014,pedestrian,22,1.5089536374501575,0,0,0,2
0014,pedestrian,24,1.7441029674406408,0,0,0,2
0014,pedestrian,25,1.6324152917389667,0,0,0,2
0014,pedestrian,26,1.6599992119944609,0,0,0,2
0014,pedestrian,27,1.861491956112052,0,0,0,2
0014,pedestrian,28,1.4796095335622854,0,0,0,2
0014,pedestrian,29,1.2667954709915836,0,0,0,2
0014,pedestrian,30,1.0658075834337568,0,0,0,2
0014,pedestrian,31,0.6553975836531457,0,0,0,2
0014,pedestrian,32,0.44031481665467465,0,0,0,2
0014,pedestrian,33,0.3031376040514193,0,0,0,2
0014,pedestrian,34,0.3590809027791027,0,0,0,2
0014,pedestrian,35,0.36675719564594056,0,0,0,2
0014,pedestrian,36,0.3539871579277437,0,0,0,2
0014,pedestrian,37,0.373862360423463,0,0,0,2
0014,pedestrian,38,0.46109465072880207,0,0,0,2
0014,pedestrian,39,0.72058890714894,0,0,0,2
0014,pedestrian,40,0.761840552159984,0,0,0,2
0014,pedestrian,41,0.8121749523778132,0,0,0,2
0014,pedestrian,42,1.045017963433199,0,0,0,2
0014,pedestrian,43,1.6640884904469533,0,0,0,2
0014,pedestrian,44,2.059060477401058,0,0,0,2
0014,pedestrian,45,2.6598034215565787,0,0,0,2
0014,pedestrian,46,3.6713237463087944,0,0,0,2
0014,pedestrian,47,3.8307110584372284,0,0,0,2
0014,pedestrian,48,4.707922575957061,0,0,0,2
0014,pedestrian,49,4.793354910559709,0,0,0,2
0014,pedestrian,50,4.598668667166768,0,0,0,2
0014,pedestrian,51,4.30483886349983,1,1,0,2
0014,pedestrian,52,3.413844175833716,0,0,0,2
0014,pedestrian,53,2.3954254332896285,0,0,0,2
0014,pedestrian,54,1.4766754257515422,0,0,0,2
0014,pedestrian,55,1.4424545730112082,0,0,0,2
0014,pedestrian,56,5.017760569223153,0,0,0,2
0014,pedestrian,57,9.591176159069835,0,0,0,2
0014,pedestrian,58,13.948051218128224,2,0,2,2
0014,pedestrian,59,23.756589605091836,0,0,0,2
0014,pedestrian,60,25.464119172852477,1,1,0,2
0015,car,3,2.0064610630092807,0,0,0,2
0015,car,4,0.11956402931646326,0,0,0,2
0015,car,5,0.1023396886468726,0,0,0,2
0015,car,6,0.10985023501626875,0,0,0,2
0015,car,7,0.11391185781151043,0,0,0,2
0015,car,8,0.3559497441500559,0,0,0,2
0015,car,9,0.5859756736512426,0,0,0,2
0015,car,10,0.7210301079529009,0,0,0,2
0015,car,11,0.7217641578479271,0,0,0,2
0015,car,12,0.6957003108058376,0,0,0,2
0015,car,13,0.718784768518435,0,0,0,2
0015,car,14,0.8200788431073235,0,0,0,2
0015,car,15,0.9916203319093737,0,0,0,2
0015,car,16,1.115477908602687,0,0,0,2
0015,car,17,1.1903231998189454,0,0,0,2
0015,car,18,1.3952153401153289,0,0,0,2
0015,car,19,1.3207778230164247,0,0,0,2
0015,car,20,1.4374746962637168,1,1,0,2
0015,car,21,1.7330767198993353,0,0,0,2
0015,car,22,1.73039355733025,0,0,0,2
0015,car,23,1.9298791775545352,0,0,0,2
0015,car,24,2.2845894011745504,0,0,0,2
0015,car,25,2.2273781216761828,0,0,0,2
0015,car,26,2.6323321124790935,0,0,0,2
0015,car,27,2.6236257460845107,0,0,0,2
0015,car,28,3.0783918593330895,0,0,0,2
0015,car,29,3.786000649610965,0,0,0,2
0015,car,30,3.72616458491051,0,0,0,2
0015,car,31,4.1178582830717465,0,0,0,2
0015,car,32,5.208570162496486,0,0,0,2
0015,car,33,5.193196950197245,0,0,0,2
0015,car,34,5.432991853621063,0,0,0,2
0015,car,35,6.864255788229534,0,0,0,2
0015,car,36,7.109807111556338,0,0,0,3
0015,car,37,3.441548295231569,0,0,0,3
0015,car,38,3.4286258444970743,0,0,0,3
0015,car,39,3.601177493213848,0,0,0,3
0015,car,40,3.1187652261537857,0,0,0,3
0015,car,41,3.0893589838412483,0,0,0,3
0015,car,42,1.9310321057755762,0,0,0,2
0015,car,43,2.0704492953483924,0,0,0,2
0015,car,44,2.0029682681775998,0,0,0,2
0015,car,45,2.406322007923589,0,0,0,2
0015,car,46,2.3580772847049687,0,0,0,2
0015,car,47,2.502576605391402,0,0,0,2
0015,car,48,2.875615403826678,0,0,0,2
0015,car,49,2.7019804866544215,0,0,0,2
0015,car,50,2.914549476393133,0,0,0,2
0015,car,51,3.382985230982291,0,0,0,2
0015,car,52,3.126860249934052,0,0,0,2
0015,car,53,3.3041615193983964,0,0,0,3
0015,car,54,3.7515004866538098,0,0,0,3
0015,car,55,3.5412715311142025,0,0,0,3
0015,car,56,4.055934147247341,0,0,0,3
0015,car,57,3.9108900834992975,0,0,0,3
0015,car,58,4.090428304226496,0,0,0,3
0015,car,59,4.860270273890394,0,0,0,3
0015,car,60,4.528224964129694,0,0,0,3
0015,car,61,4.681967676119624,0,0,0,3
0015,car,62,5.4485221284164975,0,0,0,3
0015,car,63,5.21491708971535,0,0,0,3
0015,car,64,5.764081227131534,0,0,0,3
0015,car,65,6.6698470299778965,0,0,0,2
0015,car,66,6.631024234183462,0,0,0,2
0015,car,67,7.873915112054579,0,0,0,3
0015,car,68,5.812219241590391,0,0,0,3
0015,car,69,5.769276050707101,0,0,0,3
0015,car,70,6.552312771755815,0,0,0,3
0015,car,71,5.435783505274075,0,0,0,3
0015,car,72,5.365409862889262,0,0,0,3
0015,car,73,6.253794431953734,0,0,0,3
0015,car,74,4.993132773207344,0,0,0,3
0015,car,75,4.837178534974799,0,0,0,3
0015,car,76,5.025405955897991,0,0,0,3
0015,car,77,4.248062358045662,0,0,0,3
0015,car,78,4.464713336575969,0,0,0,3
0015,car,79,3.6748103693859546,1,1,0,3
0015,car,80,3.065317534566998,0,0,0,3
0015,car,81,3.1618319036833156,0,0,0,3
0015,car,82,2.8219491250587816,0,0,0,3
0015,car,83,5.051146667408701,0,0,0,2
0015,car,84,5.01362878567709,0,0,0,2
0015,car,85,3.8556139204704687,0,0,0,2
0015,car,86,3.416993992763717,0,0,0,2
0015,car,87,3.324481978194703,0,0,0,3
0015,car,88,1.3465288498468828,0,0,0,3
0015,car,89,1.095966032800321,0,0,0,3
0015,car,90,0.6895403857780813,0,0,0,3
0015,car,91,0.7394861076807027,0,0,0,3
0015,car,92,0.49958982601717883,0,0,0,3
0015,car,93,0.4728052974148821,0,0,0,3
0015,car,94,0.12534719430537686,0,0,0,3
0015,car,95,0.10962232066324475,0,0,0,3
0015,car,96,0.19078450074277867,0,0,0,3
0015,car,97,0.06296694370463393,0,0,0,3
0015,car,98,0.13760765729012706,0,0,0,3
0015,car,99,0.117824491908393,0,0,0,3
0015,car,100,0.27167232723034773,0,0,0,3
0015,car,101,0.23114408323309388,1,0,1,3
0015,car,102,0.12847736469009216,0,0,0,3
0015,car,103,0.06125807095055117,0,0,0,3
0015,car,104,0.06211995151732293,0,0,0,3
0015,car,105,0.08009548198387097,0,0,0,3
0015,car,106,0.08421491502098105,0,0,0,3
0015,car,107,0.057657906900844096,0,0,0,3
0015,car,108,0.1655552517995542,0,0,0,3
0015,car,109,0.10654276359441253,0,0,0,3
0015,car,110,0.11092804114606486,0,0,0,3
0015,car,111,0.1160066086585058,0,0,0,3
0015,car,112,0.04393276876481232,0,0,0,3
0015,car,113,0.016518256134235652,0,0,0,3
0015,car,114,0.03977321289804312,0,0,0,3
0015,car,115,0.1339475176180063,0,0,0,3
0015,car,116,0.08847914399102318,0,0,0,3
0015,car,117,0.1612146291345137,0,0,0,3
0015,car,118,0.11448949022128461,0,0,0,3
0015,car,119,0.23400916965172538,0,0,0,3
0015,car,120,0.14325120727921078,0,0,0,3
0015,car,121,0.10053883786691861,0,0,0,3
0015,car,122,0.21187751869080876,0,0,0,3
0015,car,123,0.05311422524668333,0,0,0,3
0015,car,124,0.18125002930657538,0,0,0,3
0015,car,125,0.33697489483236875,0,0,0,3
0015,car,126,0.4666952458888131,0,0,0,3
0015,car,127,0.3370376341594516,0,0,0,3
0015,car,128,0.3571495769912995,0,0,0,3
0015,car,129,0.19883620954120604,0,0,0,3
0015,car,130,0.18444361542783025,0,0,0,3
0015,car,131,0.11527391018939026,0,0,0,3
0015,car,132,0.07611719739687503,0,0,0,3
0015,car,133,0.10291601214404449,0,0,0,3
0015,car,134,0.10551169132068539,0,0,0,3
0015,car,135,0.1575362740362534,0,0,0,3
0015,car,136,0.10257291413305418,0,0,0,3
0015,car,137,0.08257086455763694,0,0,0,3
0015,car,138,0.08905893121018407,0,0,0,3
0015,car,139,0.1660428981724592,0,0,0,3
0015,car,140,0.09521035430173083,0,0,0,3
0015,car,141,0.12948513912035026,0,0,0,3
0015,car,142,0.07815076934455413,0,0,0,3
0015,car,143,0.10181960768310565,0,0,0,3
0015,car,144,0.14910662203962885,0,0,0,3
0015,car,145,0.11392321449600837,0,0,0,3
0015,car,146,0.07072038467741193,0,0,0,3
0015,car,147,0.08782398935433916,0,0,0,3
0015,car,148,0.10499777896700492,0,0,0,3
0015,car,149,0.030341911620104304,0,0,0,3
0015,car,150,0.05434138181168408,0,0,0,3
0015,car,151,0.05483117266437197,0,0,0,3
0015,car,152,0.08533287002529844,0,0,0,3
0015,car,153,0.06827577613129907,0,0,0,3
0015,car,154,0.08905374436448911,0,0,0,3
0015,car,155,1.1847207072153907,0,0,0,2
0015,car,156,1.1061753448944371,0,0,0,2
0015,car,157,0.340019037704676,0,0,0,2
0015,car,158,7.946106843545877,0,0,0,2
0015,car,159,8.948548014660679,0,0,0,2
0015,car,160,5.582473772151994,0,0,0,2
0015,car,161,6.189363005614036,0,0,0,2
0015,car,162,3.8967543472531605,0,0,0,2
0015,car,163,4.289445922517247,0,0,0,2
0015,car,164,2.679108684830938,0,0,0,2
0015,car,165,2.946037301935076,0,0,0,2
0015,car,166,1.852869797627822,0,0,0,2
0015,car,167,1.603195335981161,0,0,0,2
0015,car,168,1.7371231920617447,0,0,0,2
0015,car,169,1.1052485742594667,0,0,0,2
0015,car,170,1.1193078944685428,0,0,0,2
0015,car,171,0.7407893872164285,0,0,0,2
0015,car,172,0.6993956968530078,0,0,0,2
0015,car,173,0.47342851367120253,0,0,0,2
0015,car,174,0.5421717082085034,0,0,0,2
0015,car,175,0.3719815275245007,0,0,0,2
0015,car,176,0.3829278383923109,0,0,0,2
0015,car,177,0.23060489356825756,0,0,0,2
0015,car,178,0.18241160574525384,0,0,0,2
0015,car,179,0.13836918011109905,0,0,0,2
0015,car,180,0.13606725293290967,0,0,0,2
0015,car,181,0.17215926594470787,0,0,0,2
0015,car,182,0.1609529671396158,0,0,0,2
0015,car,183,0.07007344152316271,0,0,0,2
0015,car,184,0.06726636794484844,0,0,0,2
0015,car,185,0.11215897001491379,0,0,0,2
0015,car,186,0.008288985794610926,0,0,0,2
0015,car,187,0.05734873862066887,0,0,0,2
0015,car,188,0.046084479552971694,0,0,0,2
0015,car,189,0.027594898610014688,0,0,0,2
0015,car,190,0.04420036942944188,0,0,0,2
0015,car,191,0.024397163066271665,0,0,0,2
0015,car,192,0.034740717157541526,0,0,0,2
0015,car,193,0.031959029812237055,0,0,0,2
0015,car,194,0.006457520608546695,0,0,0,2
0015,car,195,0.03483406005849528,0,0,0,2
0015,car,196,0.04982893082586376,0,0,0,2
0015,car,197,0.052990303078815804,0,0,0,2
0015,car,198,0.12290422933839787,0,0,0,2
0015,car,199,0.0536685286527852,0,0,0,2
0015,car,200,0.06120357683903948,0,0,0,2
0015,car,201,0.15971528586990433,0,0,0,2
0015,car,202,0.1287986171659633,0,0,0,2
0015,car,203,0.2358125778683427,0,0,0,2
0015,car,204,0.1994880081269491,0,0,0,2
0015,car,205,0.11747786996904439,0,0,0,2
0015,car,206,0.0959456087671206,0,0,0,2
0015,car,207,0.06063917284582402,0,0,0,2
0015,car,208,0.060217945352005836,0,0,0,2
0015,car,209,0.042194811272472516,0,0,0,2
0015,car,210,0.04403729933436543,0,0,0,2
0015,car,211,0.06002875323955123,0,0,0,2
0015,car,212,0.06550586845218051,0,0,0,2
0015,car,213,0.019915931330785064,0,0,0,2
0015,car,214,0.08100454869919929,0,0,0,2
0015,car,215,0.016673744401980446,0,0,0,2
0015,car,216,0.06419926746855775,0,0,0,2
0015,car,217,0.039808561271914046,0,0,0,2
0015,car,218,0.06989460435812477,0,0,0,2
0015,car,219,0.03403494939436634,0,0,0,2
0015,car,220,0.05990947603604765,0,0,0,2
0015,car,221,0.06726205033736249,0,0,0,2
0015,car,222,0.05591543811943579,0,0,0,2
0015,car,223,0.10097336840319256,0,0,0,2
0015,car,224,0.058039795919823944,0,0,0,2
0015,car,225,0.12751984845883654,0,0,0,2
0015,car,226,0.09169556115303414,0,0,0,2
0015,car,227,0.1278015323056352,0,0,0,2
0015,car,228,0.1140074212445375,0,0,0,2
0015,car,229,0.12116370032355316,0,0,0,2
0015,car,230,0.08387536065335353,0,0,0,2
0015,car,231,0.1779905609128822,0,0,0,2
0015,car,232,0.12407299804616327,0,0,0,2
0015,car,233,0.14326333661645865,0,0,0,2
0015,car,234,0.08926944323417739,0,0,0,2
0015,car,235,0.04290004722566032,0,0,0,2
0015,car,236,0.073095868370206,0,0,0,2
0015,car,237,0.10370353048962064,0,0,0,2
0015,car,238,0.07808262657177291,0,0,0,2
0015,car,239,0.025560323517340798,0,0,0,2
0015,car,240,0.043027537131923116,0,0,0,2
0015,car,241,0.11353458005715872,0,0,0,2
0015,car,242,0.15076606442395235,0,0,0,2
0015,car,243,0.07406462815794418,0,0,0,2
0015,car,244,0.08034985982218351,0,0,0,2
0015,car,245,0.08090145046609518,0,0,0,2
0015,car,246,0.026866580123512063,0,0,0,2
0015,car,247,0.0961934817479733,0,0,0,2
0015,car,248,0.06377314660300692,0,0,0,2
0015,car,249,0.11396260704944479,0,0,0,2
0015,car,250,0.0841685658850024,0,0,0,2
0015,car,251,0.12921157655405935,0,0,0,2
0015,car,252,0.04260882581952781,0,0,0,2
0015,car,253,0.10186619388898174,0,0,0,2
0015,car,254,0.030262200109039024,0,0,0,2
0015,car,255,0.1494096401494526,0,0,0,1
0015,car,256,0.17910663251532796,0,0,0,1
0015,car,257,0.06806957996926233,0,0,0,1
0015,car,258,0.1635872358755689,0,0,0,1
0015,car,259,0.15177462386893603,0,0,0,1
0015,car,260,0.18298591068662906,0,0,0,1
0015,car,261,0.16103226681131041,0,0,0,1
0015,car,262,0.3465569762546573,0,0,0,1
0015,car,263,0.3034027489620558,0,0,0,1
0015,car,264,0.3510805399117765,0,0,0,1
0015,car,265,0.2542847199542962,0,0,0,1
0015,car,266,0.26302695690753747,0,0,0,1
0015,car,267,0.3102901033823642,0,0,0,1
0015,car,268,0.2850173553584242,0,0,0,1
0015,car,269,0.47044532601150524,0,0,0,1
0015,car,270,0.33569136319580656,0,0,0,1
0015,car,271,0.26817584369260805,0,0,0,1
0015,car,272,0.1646214220673595,0,0,0,1
0015,car,273,0.13352755213648274,0,0,0,1
0015,car,274,0.15287432718050298,0,0,0,1
0015,car,275,0.2608519265562912,0,0,0,1
0015,car,276,0.16605020140454577,0,0,0,1
0015,car,277,0.223281589640602,0,0,0,1
0015,car,278,0.29406414047380497,0,0,0,1
0015,car,279,0.26175055919928564,0,0,0,2
0015,car,280,0.23299504685989247,0,0,0,2
0015,car,281,0.1943216708514063,0,0,0,2
0015,car,282,0.2783013487210118,0,0,0,2
0015,car,283,0.20119280449935603,0,0,0,2
0015,car,284,0.10090766412745585,0,0,0,2
0015,car,285,0.13629293542179066,0,0,0,2
0015,car,286,0.09363189522606101,0,0,0,2
0015,car,287,0.15743798802558684,0,0,0,2
0015,car,288,0.14397889219169957,0,0,0,2
0015,car,289,0.11908306803118815,0,0,0,2
0015,car,290,0.06532832020803593,0,0,0,2
0015,car,291,0.1084659851723173,0,0,0,2
0015,car,292,0.044430893175862546,0,0,0,2
0015,car,293,0.0791191144192759,0,0,0,2
0015,car,294,0.0844956868373993,0,0,0,3
0015,car,295,0.015689362387115456,0,0,0,3
0015,car,296,0.01019965259596185,0,0,0,3
0015,car,297,0.0007689008812575994,0,0,0,3
0015,car,298,0.009647312433493097,0,0,0,3
0015,car,299,0.014525504026400515,0,0,0,3
0015,car,300,0.007335824215976424,0,0,0,3
0015,car,301,0.004028879699926489,0,0,0,3
0015,car,302,0.0032197710555331846,0,0,0,3
0015,car,303,0.005623045947828371,0,0,0,3
0015,car,304,0.02007325575743192,0,0,0,3
0015,car,305,0.0028737614655854602,0,0,0,3
0015,car,306,0.012998221505455248,0,0,0,3
0015,car,307,0.006898821583049151,0,0,0,3
0015,car,308,0.051170350864484626,0,0,0,3
0015,car,309,0.026221357095594516,0,0,0,3
0015,car,310,0.04929104267488069,0,0,0,3
0015,car,311,0.03235246115314145,0,0,0,3
0015,car,312,0.047375216011099335,0,0,0,3
0015,car,313,0.03501063324966565,0,0,0,3
0015,car,314,0.036793459042751664,0,0,0,3
0015,car,315,0.024276972655390285,0,0,0,3
0015,car,316,0.00910968175766496,0,0,0,3
0015,car,317,0.00994519160020276,0,0,0,4
0015,car,318,0.008843234487529442,0,0,0,4
0015,car,319,0.015387511390115873,0,0,0,4
0015,car,320,0.0052663025215466995,0,0,0,4
0015,car,321,0.014262231419388885,0,0,0,4
0015,car,322,0.004768731617612523,0,0,0,4
0015,car,323,0.005235058073181406,0,0,0,4
0015,car,324,0.0016206986721925315,0,0,0,4
0015,car,325,0.00760495003347361,0,0,0,4
0015,car,326,0.006154024626793552,0,0,0,4
0015,car,327,0.013791213716515316,0,0,0,4
0015,car,328,0.015561812131672502,0,0,0,4
0015,car,329,0.004998084670142119,0,0,0,4
0015,car,330,0.009945049689294883,0,0,0,4
0015,car,331,0.006273116874543329,0,0,0,4
0015,car,332,0.011072330388195436,0,0,0,4
0015,car,333,0.00969389332041337,0,0,0,4
0015,car,334,0.011909763213089581,0,0,0,4
0015,car,335,0.010008913279801777,0,0,0,4
0015,car,336,0.007627502735527541,0,0,0,4
0015,car,337,0.007993546604167763,0,0,0,4
0015,car,338,0.0029384448046741746,0,0,0,4
0015,car,339,0.014486200074764836,0,0,0,3
0015,car,340,0.01125834611977363,0,0,0,3
0015,car,341,0.008816940834148117,0,0,0,3
0015,car,342,0.033905452744274284,0,0,0,3
0015,car,343,0.017157781654916576,0,0,0,3
0015,car,344,0.01971601479914599,0,0,0,3
0015,car,345,0.002394581234906533,0,0,0,3
0015,car,346,0.09582298469581235,0,0,0,2
0015,car,347,0.049369997055864485,0,0,0,2
0015,car,348,0.02729154312605982,0,0,0,2
0015,car,349,0.04366911338557812,0,0,0,2
0015,car,350,0.038174051012933446,0,0,0,2
0015,car,351,0.06660916685617854,0,0,0,2
0015,car,352,0.028147778439650703,0,0,0,2
0015,car,353,0.018450824910616323,0,0,0,2
0015,car,354,0.06752615287759699,0,0,0,2
0015,car,355,0.03590290680293654,0,0,0,2
0015,car,356,0.08212955468209046,0,0,0,2
0015,car,357,0.05039553466677453,0,0,0,2
0015,car,358,0.034649469555582006,0,0,0,2
0015,car,359,0.029154568939238967,0,0,0,2
0015,car,360,0.07067419432517306,0,0,0,2
0015,car,361,0.09113421422730932,0,0,0,2
0015,car,362,0.04161006008420469,0,0,0,2
0015,car,363,0.05333524779792781,0,0,0,2
0015,car,364,0.036068490129197814,0,0,0,2
0015,car,365,0.07116099215638258,0,0,0,2
0015,car,366,0.06530764102456683,0,0,0,2
0015,car,367,0.08023812639471177,0,0,0,2
0015,car,368,0.05811274300083613,0,0,0,2
0015,car,369,0.06070533893455163,0,0,0,2
0015,car,370,0.06269275789747844,0,0,0,2
0015,car,371,0.026205119412844907,0,0,0,2
0015,car,372,0.041755142419107626,0,0,0,2
0015,car,373,0.05311751584161052,0,0,0,2
0015,car,374,0.06503327050382895,0,0,0,2
0015,car,375,0.020340853796131462,0,0,0,2
0015,pedestrian,3,16.219280332314096,0,0,0,1
0015,pedestrian,4,27.963287558884552,0,0,0,1
0015,pedestrian,5,31.1567512691101,0,0,0,1
0015,pedestrian,6,38.91718416038435,0,0,0,1
0015,pedestrian,7,54.70974199887095,0,0,0,2
0015,pedestrian,8,0.09317037110096384,0,0,0,1
0015,pedestrian,9,0.030317596172989725,0,0,0,1
0015,pedestrian,10,0.03220162961066995,0,0,0,1
0015,pedestrian,11,0.02049219811388423,0,0,0,1
0015,pedestrian,12,0.040566882367322456,0,0,0,1
0015,pedestrian,13,0.08427720069275721,0,0,0,2
0015,pedestrian,14,0.07822345554141398,0,0,0,2
0015,pedestrian,15,0.0685212905635422,0,0,0,2
0015,pedestrian,16,0.0664972965775839,0,0,0,2
0015,pedestrian,17,0.09686059717589995,0,0,0,2
0015,pedestrian,18,0.092239334571111,0,0,0,2
0015,pedestrian,19,0.05956372676806504,0,0,0,2
0015,pedestrian,20,0.0416874555775271,0,0,0,2
0015,pedestrian,21,0.06607311416051956,0,0,0,2
0015,pedestrian,22,0.04633181806517269,0,0,0,2
0015,pedestrian,23,0.08833810354721981,0,0,0,2
0015,pedestrian,24,0.0815459362093069,0,0,0,2
0015,pedestrian,25,0.05483435560646407,0,0,0,2
0015,pedestrian,26,0.058302862855387494,0,0,0,2
0015,pedestrian,27,0.0917713245710365,0,0,0,2
0015,pedestrian,28,0.10887865358773119,0,0,0,2
0015,pedestrian,29,0.05291306733629798,0,0,0,2
0015,pedestrian,30,0.020485196855862205,0,0,0,2
0015,pedestrian,31,0.04074271945200639,0,0,0,2
0015,pedestrian,32,0.027760709333870624,0,0,0,2
0015,pedestrian,33,0.03815980675882234,0,0,0,1
0015,pedestrian,34,0.2258205336427769,0,0,0,1
0015,pedestrian,35,0.25005157840544606,0,0,0,1
0015,pedestrian,39,0.4219671564279445,0,0,0,1
0015,pedestrian,40,0.09721021541380884,0,0,0,1
0015,pedestrian,41,0.12783215070666915,0,0,0,1
0015,pedestrian,42,0.18255453451132864,0,0,0,1
0015,pedestrian,43,0.27801135913947866,0,0,0,3
0015,pedestrian,44,0.35900024558988375,1,1,0,3
0015,pedestrian,45,0.3907762028033539,0,0,0,3
0015,pedestrian,46,0.4374182999222992,0,0,0,3
0015,pedestrian,47,0.4968276363508893,0,0,0,3
0015,pedestrian,48,0.5668367915609074,0,0,0,4
0015,pedestrian,49,0.5062531869903351,0,0,0,4
0015,pedestrian,50,0.5017556772374028,0,0,0,5
0015,pedestrian,51,0.6230026091284095,0,0,0,7
0015,pedestrian,52,0.6877754132159991,0,1,-1,7
0015,pedestrian,53,0.7072208468085392,1,2,-1,7
0015,pedestrian,54,0.7809739642548331,1,1,0,7
0015,pedestrian,55,0.774307989417431,0,0,0,7
0015,pedestrian,56,0.9172521865164818,2,2,0,7
0015,pedestrian,57,0.8473061073429826,2,2,0,7
0015,pedestrian,58,0.8829864587662544,0,0,0,7
0015,pedestrian,59,1.0216204804288784,0,0,0,7
0015,pedestrian,60,0.9897878898265076,1,1,0,7
0015,pedestrian,61,1.0186301731881593,1,1,0,7
0015,pedestrian,62,1.1296806862793765,0,0,0,7
0015,pedestrian,63,0.943704946140487,0,0,0,7
0015,pedestrian,64,0.8639138646967022,2,2,0,7
0015,pedestrian,65,1.1024354614338623,1,1,0,7
0015,pedestrian,66,1.0651975470287636,0,0,0,7
0015,pedestrian,67,1.1875471943475557,1,1,0,7
0015,pedestrian,68,1.0500587889512674,0,0,0,7
0015,pedestrian,69,1.074192266915212,0,0,0,7
0015,pedestrian,70,0.9256150880738253,0,0,0,6
0015,pedestrian,71,0.6564100702326915,0,0,0,6
0015,pedestrian,72,0.6321365795885465,0,0,0,7
0015,pedestrian,73,1.0085075812159376,0,0,0,6
0015,pedestrian,74,0.7949304381814686,0,0,0,6
0015,pedestrian,75,0.6952528593689928,0,0,0,6
0015,pedestrian,76,0.7453286934908727,0,0,0,6
0015,pedestrian,77,0.7051558598401911,0,0,0,6
0015,pedestrian,78,0.591393015169092,0,0,0,6
0015,pedestrian,79,0.5270736281761907,0,0,0,5
0015,pedestrian,80,0.5891511905518012,0,0,0,5
0015,pedestrian,81,0.6019727845008281,0,0,0,5
0015,pedestrian,82,0.48493600708851003,0,0,0,5
0015,pedestrian,83,0.4057218966549112,0,0,0,5
0015,pedestrian,84,0.3728186152637372,0,0,0,5
0015,pedestrian,85,0.29578528608071114,0,0,0,5
0015,pedestrian,86,0.2555861312463499,0,0,0,5
0015,pedestrian,87,0.32411794660736515,0,0,0,5
0015,pedestrian,88,0.3234631149182516,0,0,0,5
0015,pedestrian,89,0.3322951372264187,1,1,0,5
0015,pedestrian,90,0.24679293397372268,0,0,0,5
0015,pedestrian,91,0.24904398689002963,0,0,0,5
0015,pedestrian,92,0.1622448574175962,0,0,0,5
0015,pedestrian,93,0.16379916020314242,0,0,0,5
0015,pedestrian,94,0.043859121806513884,1,1,0,5
0015,pedestrian,95,0.036154322137411966,1,1,0,5
0015,pedestrian,96,0.07009495631616948,0,0,0,5
0015,pedestrian,97,0.01311871125381764,0,0,0,5
0015,pedestrian,98,0.04458592798766217,1,1,0,5
0015,pedestrian,99,0.03200390065446583,1,1,0,5
0015,pedestrian,100,0.09806348538225329,0,0,0,5
0015,pedestrian,101,0.09032568983969749,0,0,0,5
0015,pedestrian,102,0.049612038725898075,1,1,0,5
0015,pedestrian,103,0.01295493022836872,1,1,0,5
0015,pedestrian,104,0.022106607096174756,0,0,0,5
0015,pedestrian,105,0.03299153254366321,1,1,0,5
0015,pedestrian,106,0.02653600882302405,0,0,0,5
0015,pedestrian,107,0.01696048726880679,0,0,0,5
0015,pedestrian,108,0.06511810914771415,1,1,0,5
0015,pedestrian,109,0.04354977879884295,0,0,0,5
0015,pedestrian,110,0.0514887287391952,0,0,0,5
0015,pedestrian,111,0.05146075675053839,0,0,0,5
0015,pedestrian,112,0.019754338994147348,0,0,0,4
0015,pedestrian,113,0.005857903039054536,0,0,0,4
0015,pedestrian,114,0.018954325453739373,0,0,0,4
0015,pedestrian,115,0.07406815940949035,0,0,0,4
0015,pedestrian,116,0.04209554554655045,0,0,0,4
0015,pedestrian,117,0.08713479812224591,0,0,0,4
0015,pedestrian,118,0.06128377183665645,0,0,0,4
0015,pedestrian,119,0.13741465559606691,0,0,0,4
0015,pedestrian,120,0.08502321323052008,0,0,0,4
0015,pedestrian,121,0.06806960711482948,0,0,0,4
0015,pedestrian,122,0.11398588972776537,0,0,0,4
0015,pedestrian,123,0.05228103878955004,0,0,0,4
0015,pedestrian,124,0.12622306195835264,1,1,0,4
0015,pedestrian,125,0.17187509373665297,0,0,0,4
0015,pedestrian,126,0.22504315538672093,0,0,0,4
0015,pedestrian,127,0.16390689381089435,1,1,0,4
0015,pedestrian,128,0.1703135633908458,0,0,0,4
0015,pedestrian,129,0.1361963932765727,0,0,0,4
0015,pedestrian,130,0.15399176471463202,1,1,0,4
0015,pedestrian,131,0.09320665418468911,0,0,0,4
0015,pedestrian,132,0.06766175814516276,1,1,0,4
0015,pedestrian,133,0.10149543140783096,0,0,0,4
0015,pedestrian,134,0.09483155670942349,0,0,0,4
0015,pedestrian,135,0.13899175784092058,0,0,0,4
0015,pedestrian,136,0.09918235452982418,0,0,0,4
0015,pedestrian,137,0.08965223539802332,1,1,0,4
0015,pedestrian,138,0.07302176603830943,0,0,0,4
0015,pedestrian,139,0.1335745894952957,1,1,0,4
0015,pedestrian,140,0.09085025655101515,0,0,0,4
0015,pedestrian,141,0.1084412629612443,0,0,0,4
0015,pedestrian,142,0.08876802184232536,0,0,0,4
0015,pedestrian,143,0.053512909390571996,0,0,0,3
0015,pedestrian,144,0.06852639168363563,0,0,0,3
0015,pedestrian,145,0.049310819797606556,0,0,0,3
0015,pedestrian,146,0.04569101613501965,1,1,0,3
0015,pedestrian,147,0.04039133364546895,1,1,0,3
0015,pedestrian,148,0.010097369664598921,0,0,0,2
0015,pedestrian,149,0.00422794594295843,0,0,0,2
0015,pedestrian,150,0.02628046669856763,0,0,0,2
0015,pedestrian,151,0.02302093931048498,0,0,0,2
0015,pedestrian,152,0.03358241639085572,0,0,0,2
0015,pedestrian,153,0.029482580031832135,0,0,0,2
0015,pedestrian,154,0.04166527472144783,0,0,0,2
0015,pedestrian,155,0.17173009501872064,0,0,0,2
0015,pedestrian,156,0.0369125208302123,0,0,0,2
0015,pedestrian,157,0.006583524013302476,0,0,0,2
0015,pedestrian,158,0.19074648324434054,0,0,0,2
0015,pedestrian,159,0.21100623859627793,0,0,0,2
0015,pedestrian,160,0.13407813826358891,0,0,0,2
0015,pedestrian,161,0.16042802218801294,0,0,0,2
0015,pedestrian,162,0.09048189395621535,0,0,0,2
0015,pedestrian,163,0.10929612235998012,0,0,0,2
0015,pedestrian,164,0.0669707666985925,0,0,0,2
0015,pedestrian,165,0.07998001033251097,0,0,0,2
0015,pedestrian,166,0.050081952835875264,0,0,0,2
0015,pedestrian,167,0.041426431922116536,0,0,0,2
0015,pedestrian,168,0.05502328031455982,0,0,0,2
0015,pedestrian,169,0.02941567355831412,0,0,0,2
0015,pedestrian,170,0.03666371595933306,0,0,0,2
0015,pedestrian,171,0.022824082702064225,0,0,0,2
0015,pedestrian,172,0.02995425110337049,0,0,0,2
0015,pedestrian,173,0.017055095606314075,0,0,0,2
0015,pedestrian,174,0.012810599577843439,0,0,0,2
0015,pedestrian,175,0.01226484037936365,0,0,0,2
0015,pedestrian,176,0.009675891544100106,0,0,0,2
0015,pedestrian,177,0.01257495950702094,0,0,0,2
0015,pedestrian,178,0.007467213269394739,0,0,0,2
0015,pedestrian,179,0.010433002439352693,0,0,0,2
0015,pedestrian,180,0.005734035224706327,0,0,0,2
0015,pedestrian,181,0.008452157728748726,0,0,0,2
0015,pedestrian,182,0.0044825036575092715,1,1,0,2
0015,pedestrian,183,0.00694629544331551,0,0,0,2
0015,pedestrian,184,0.004278535981102398,0,0,0,2
0015,pedestrian,185,0.0036130861043834313,0,0,0,2
0015,pedestrian,186,0.007167764037650223,1,1,0,2
0015,pedestrian,187,0.0020557277013258436,1,1,0,2
0015,pedestrian,188,0.0022495669748767437,0,0,0,2
0015,pedestrian,189,0.0011211132014530777,0,0,0,2
0015,pedestrian,190,0.001302009621598865,0,0,0,2
0015,pedestrian,191,0.0006802811174675709,0,0,0,2
0015,pedestrian,192,0.0012544080127461891,0,0,0,2
0015,pedestrian,193,0.004782792940229067,0,0,0,2
0015,pedestrian,194,0.0011906085997349057,0,0,0,2
0015,pedestrian,195,0.0014206614790168693,0,0,0,2
0015,pedestrian,196,0.003463323044964406,1,1,0,2
0015,pedestrian,197,0.00318723002038202,0,0,0,2
0015,pedestrian,198,0.006417538710920732,0,0,0,2
0015,pedestrian,199,0.005089297188083427,0,0,0,2
0015,pedestrian,200,0.004476814044174634,1,1,0,2
0015,pedestrian,201,0.005237097698020067,1,1,0,2
0015,pedestrian,202,0.0036828302974584734,0,0,0,2
0015,pedestrian,203,0.008553271989011542,1,1,0,2
0015,pedestrian,204,0.006435051210134133,0,0,0,2
0015,pedestrian,205,0.012066820116910196,0,0,0,2
0015,pedestrian,206,0.018160994684315132,0,0,0,2
0015,pedestrian,207,0.014216993992370284,0,0,0,2
0015,pedestrian,208,0.0017435929390059884,0,0,0,2
0015,pedestrian,209,0.0016335419805478361,0,0,0,2
0015,pedestrian,210,0.007583871823117079,0,0,0,2
0015,pedestrian,211,0.011348501294486982,0,0,0,2
0015,pedestrian,212,0.012010409057827295,0,0,0,2
0015,pedestrian,213,0.006896580915870899,0,0,0,2
0015,pedestrian,214,0.028977780863083363,0,0,0,2
0015,pedestrian,215,0.0033065553889708075,0,0,0,2
0015,pedestrian,216,0.00642622739807208,0,0,0,2
0015,pedestrian,217,0.002353105857260035,0,0,0,2
0015,pedestrian,218,0.011542446450516755,0,0,0,2
0015,pedestrian,219,0.0026626063272108236,0,0,0,2
0015,pedestrian,220,0.025088449210040727,0,0,0,2
0015,pedestrian,221,0.01004172934134616,0,0,0,2
0015,pedestrian,222,0.00629552832073244,0,0,0,2
0015,pedestrian,223,0.0032131914527399534,0,0,0,2
0015,pedestrian,224,0.002596735240221204,0,0,0,2
0015,pedestrian,225,0.010935215755468485,0,0,0,2
0015,pedestrian,226,0.0048513872394700215,0,0,0,2
0015,pedestrian,227,0.060043087117768755,0,0,0,2
0015,pedestrian,228,0.00929267100432511,0,0,0,2
0015,pedestrian,229,0.011571192276093085,0,0,0,2
0015,pedestrian,230,0.010111391813270278,0,0,0,1
0015,pedestrian,231,0.0189580090218419,0,0,0,1
0015,pedestrian,232,0.014417511342761005,0,0,0,1
0016,car,1,0.006836452951600326,0,0,0,4
0016,car,2,0.011667047513061413,0,0,0,4
0016,car,3,0.01802971562197316,0,0,0,4
0016,car,4,0.0018648520423957776,0,0,0,4
0016,car,5,0.007338502756596735,0,0,0,4
0016,car,6,0.011520562478350198,0,0,0,4
0016,car,7,0.010054327738908301,0,0,0,4
0016,car,8,0.011013073992453593,0,0,0,4
0016,car,9,0.008304674874617196,0,0,0,4
0016,car,10,0.005916316853253178,0,0,0,4
0016,car,11,0.006950267821815773,0,0,0,4
0016,car,12,0.01584321074235648,0,0,0,4
0016,car,13,0.007718983605467662,0,0,0,4
0016,car,14,0.002681898680762423,0,0,0,4
0016,car,15,0.01610320717356396,0,0,0,4
0016,car,16,0.019755487254779082,0,0,0,4
0016,car,17,0.017073839292535385,0,0,0,4
0016,car,18,0.00635254041592136,0,0,0,4
0016,car,19,0.01022711006922838,0,0,0,4
0016,car,20,0.027452597440207727,0,0,0,4
0016,car,21,0.01034443965763097,0,0,0,4
0016,car,22,0.01546892059640094,0,0,0,4
0016,car,23,0.004127908502876471,0,0,0,4
0016,car,24,0.0211879346598118,0,0,0,4
0016,car,25,0.015208473532627791,0,0,0,4
0016,car,26,0.00728982374385348,0,0,0,4
0016,car,27,0.015165214534804902,0,0,0,4
0016,car,28,0.005760673661943811,0,0,0,4
0016,car,29,0.01179099650556096,0,0,0,4
0016,car,30,0.021499336769112705,0,0,0,4
0016,car,31,0.015614542256824467,0,0,0,4
0016,car,32,0.011698792213228813,0,0,0,4
0016,car,33,0.013919322213159405,1,1,0,4
0016,car,34,0.014811325250808135,0,0,0,4
0016,car,35,0.01642902447836299,0,0,0,4
0016,car,36,0.010100778633178768,0,0,0,4
0016,car,37,0.00797578604710304,0,0,0,4
0016,car,38,0.008125334202194622,0,0,0,4
0016,car,39,0.010575954226342096,0,0,0,4
0016,car,40,0.03231205469758342,1,1,0,4
0016,car,41,0.014455911388080365,0,0,0,4
0016,car,42,0.005534439831646181,0,0,0,4
0016,car,43,0.005320264382839569,0,0,0,4
0016,car,44,0.012787100133295683,0,0,0,4
0016,car,45,0.011952427159345483,0,0,0,4
0016,car,46,0.013293977439107832,1,1,0,4
0016,car,47,0.00780436739230146,0,0,0,4
0016,car,48,0.011463643233373757,0,0,0,4
0016,car,49,0.01680776225697271,0,0,0,4
0016,car,50,0.004835886566215907,0,0,0,4
0016,car,51,0.021393152548314955,0,0,0,4
0016,car,52,0.01315149804926702,0,0,0,4
0016,car,53,0.012475443941972744,0,0,0,4
0016,car,54,0.004533437153618132,0,0,0,4
0016,car,55,0.010546139568171556,0,0,0,4
0016,car,56,0.009745145689040616,0,0,0,4
0016,car,57,0.027299521487198955,0,0,0,4
0016,car,58,0.006915720236851343,0,0,0,4
0016,car,59,0.017441678375594384,0,0,0,4
0016,car,60,0.00871785034730139,0,0,0,4
0016,car,61,0.013419544977688798,0,0,0,4
0016,car,62,0.0024672679121272197,0,0,0,4
0016,car,63,0.004134513101341974,0,0,0,4
0016,car,64,0.02159337870684277,0,0,0,4
0016,car,65,0.02161885005415198,0,0,0,4
0016,car,66,0.030647509490959603,0,0,0,4
0016,car,67,0.02266187789482202,0,0,0,4
0016,car,68,0.033377019814036436,1,1,0,4
0016,car,69,0.028864161597557145,0,0,0,4
0016,car,70,0.026875667911377465,0,0,0,4
0016,car,71,0.04710454561681432,0,0,0,4
0016,car,72,0.02892398776724149,0,0,0,4
0016,car,73,0.02922770530950592,0,0,0,4
0016,car,74,0.02011087820458316,0,0,0,4
0016,car,75,0.01960142510446515,0,0,0,4
0016,car,76,0.02015129555743341,0,0,0,4
0016,car,77,0.013648461634804106,0,0,0,4
0016,car,78,0.026296353358485253,0,0,0,4
0016,car,79,0.03549724903057861,1,1,0,4
0016,car,80,0.030658406047894493,0,0,0,4
0016,car,81,0.0278825413520353,0,0,0,4
0016,car,82,0.03972473574211045,0,0,0,4
0016,car,83,0.020233905347578324,0,0,0,4
0016,car,84,0.012112311856960191,0,0,0,4
0016,car,85,0.013869165925085938,0,0,0,4
0016,car,86,0.026102499906088927,0,0,0,4
0016,car,87,0.005851505923361771,0,0,0,4
0016,car,88,0.009087945799068782,0,0,0,4
0016,car,89,0.0015430470853086235,0,0,0,4
0016,car,90,0.0035832642862246265,0,0,0,4
0016,car,91,0.009463008210831111,0,0,0,4
0016,car,92,0.014455176386039461,0,0,0,4
0016,car,93,0.035132939529049945,0,0,0,4
0016,car,94,0.009285250875052574,0,0,0,4
0016,car,95,0.022271121841199393,0,0,0,4
0016,car,96,0.02015989675930862,0,0,0,4
0016,car,97,0.0445395855667791,0,0,0,4
0016,car,98,0.03620343006791929,0,0,0,4
0016,car,99,0.04176492648187834,0,0,0,4
0016,car,100,0.021701188831074372,0,0,0,4
0016,car,101,0.04569158040847654,0,0,0,4
0016,car,102,0.03952650213433876,0,0,0,4
0016,car,103,0.028871969939802424,0,0,0,4
0016,car,104,0.028023910224156807,1,1,0,4
0016,car,105,0.01996681713817749,0,0,0,4
0016,car,106,0.05350550266084293,0,0,0,4
0016,car,107,0.023141622049533232,0,0,0,4
0016,car,108,0.050088949097402524,0,0,0,4
0016,car,109,0.015777759977791687,0,0,0,4
0016,car,110,0.042042694363675984,0,0,0,4
0016,car,111,0.031736280969263814,0,0,0,4
0016,car,112,0.018220110271007874,0,0,0,4
0016,car,113,0.007581224749419942,0,0,0,4
0016,car,114,0.0027443114551014077,0,0,0,4
0016,car,115,0.013469646585893974,0,0,0,4
0016,car,116,0.01484447052055428,0,0,0,4
0016,car,117,0.015406185161306589,0,0,0,4
0016,car,118,0.0408700369290615,0,0,0,4
0016,car,119,0.022113294571641108,0,0,0,4
0016,car,120,0.012140055538018567,0,0,0,4
0016,car,121,0.0164502469481101,1,1,0,4
0016,car,122,0.010768968105665662,0,0,0,4
0016,car,123,0.011130639021713643,0,0,0,4
0016,car,124,0.0039046349423177322,0,0,0,4
0016,car,125,0.012936321223229371,0,0,0,4
0016,car,126,0.023190783286485633,1,1,0,4
0016,car,127,0.022001298990497825,0,0,0,4
0016,car,128,0.013182926748616711,0,0,0,4
0016,car,129,0.02018935392309961,0,0,0,4
0016,car,130,0.01864174036852763,0,0,0,4
0016,car,131,0.013755231766348042,1,1,0,4
0016,car,132,0.020108614895673723,0,0,0,4
0016,car,133,0.013580306686143932,0,0,0,4
0016,car,134,0.025693651916410452,0,0,0,4
0016,car,135,0.0216214734199313,2,2,0,4
0016,car,136,0.03236896504278036,0,0,0,4
0016,car,137,0.038849195922457634,0,0,0,4
0016,car,138,0.018722069791120302,0,0,0,4
0016,car,139,0.029019354048304413,0,0,0,4
0016,car,140,0.03275986532857587,1,1,0,4
0016,car,141,0.041341639213440064,0,0,0,4
0016,car,142,0.019979949380521646,0,0,0,4
0016,car,143,0.020461825950709372,0,0,0,4
0016,car,144,0.018737951744914765,0,0,0,4
0016,car,145,0.020361081452484615,0,0,0,4
0016,car,146,0.014558595112512077,0,0,0,4
0016,car,147,0.0034366115749460587,0,0,0,4
0016,car,148,0.007551887718900616,0,0,0,4
0016,car,149,0.004624284556047008,0,0,0,4
0016,car,150,0.007697740430135195,0,0,0,4
0016,car,151,0.016090506167417667,0,0,0,4
0016,car,152,0.004395099625806176,0,0,0,4
0016,car,153,0.005088184769127973,1,1,0,4
0016,car,154,0.001677539035666341,0,0,0,4
0016,car,155,0.005942488537305909,0,0,0,4
0016,car,156,0.008465266050103256,0,0,0,4
0016,car,157,0.007498423333160026,0,0,0,4
0016,car,158,0.00836875035481366,0,0,0,4
0016,car,159,0.02601316931940164,0,0,0,4
0016,car,160,0.0164014989817403,0,0,0,4
0016,car,161,0.01635859678622089,0,0,0,4
0016,car,162,0.010595187914955506,0,0,0,4
0016,car,163,0.020018305291919773,0,0,0,4
0016,car,164,0.022063139063867573,0,0,0,4
0016,car,165,0.0359104412107171,0,0,0,4
0016,car,166,0.026303353178894685,0,0,0,4
0016,car,167,0.026629442583270494,0,0,0,4
0016,car,168,0.023605195972100937,0,0,0,4
0016,car,169,0.02894257103812374,0,0,0,4
0016,car,170,0.024185332484420806,0,0,0,4
0016,car,171,0.03650708847845535,0,0,0,4
0016,car,172,0.011979416932748985,0,0,0,4
0016,car,173,0.007065495019952562,0,0,0,4
0016,car,174,0.006059996462243005,0,0,0,4
0016,car,175,0.01818551928558127,0,0,0,4
0016,car,176,0.008659421691854135,0,0,0,4
0016,car,177,0.008342538454940053,0,0,0,4
0016,car,178,0.011135656361365952,0,0,0,4
0016,car,179,0.004976165461123909,0,0,0,4
0016,car,180,0.01011632055464879,0,0,0,4
0016,car,181,0.0031097118869253546,0,0,0,4
0016,car,182,0.009675325763460425,0,0,0,4
0016,car,183,0.010531881253143242,1,1,0,4
0016,car,184,0.004532258847736599,1,1,0,4
0016,car,185,0.0032322592457987393,0,0,0,4
0016,car,186,0.0013857094590407583,0,0,0,4
0016,car,187,0.015022955813260666,0,0,0,4
0016,car,188,0.0034061567870055784,0,0,0,4
0016,car,189,0.012364934123275328,0,0,0,4
0016,car,190,0.0038628784522230235,0,0,0,4
0016,car,191,0.003582002492940264,0,0,0,4
0016,car,192,0.013332792885384805,0,0,0,4
0016,car,193,0.0026503576177610865,0,0,0,4
0016,car,194,0.010173441284280726,1,1,0,4
0016,car,195,0.0017045553325687082,0,0,0,4
0016,car,196,0.005701075877556534,0,0,0,4
0016,car,197,0.007270011478953776,0,0,0,4
0016,car,198,0.007915935616533294,0,0,0,4
0016,car,199,0.00752213222946461,0,0,0,4
0016,car,200,0.00989945322844804,0,0,0,4
0016,car,201,0.0007787244681994312,0,0,0,4
0016,car,202,0.018051374274484517,0,0,0,4
0016,car,203,0.013234864845621329,0,0,0,4
0016,car,204,0.006574326540310276,0,0,0,4
0016,car,205,0.006450437092723207,0,0,0,4
0016,car,206,0.003989216348863068,0,0,0,4
0016,car,207,0.007869529293388236,0,0,0,4
0016,car,208,0.0036562872559668877,0,0,0,4
0016,pedestrian,1,0.005889705908254772,0,0,0,8
0016,pedestrian,2,0.007859492620643104,0,0,0,8
0016,pedestrian,3,0.010190311787753538,0,0,0,8
0016,pedestrian,4,0.0028424901086851755,0,0,0,8
0016,pedestrian,5,0.003634091130012555,0,0,0,8
0016,pedestrian,6,0.010686961327134923,0,0,0,8
0016,pedestrian,7,0.007429442620561593,0,0,0,8
0016,pedestrian,8,0.0049858286985328,0,0,0,8
0016,pedestrian,9,0.0026397488647817748,0,0,0,8
0016,pedestrian,10,0.0029871792538288086,0,0,0,8
0016,pedestrian,11,0.004559255615120186,0,0,0,8
0016,pedestrian,12,0.007286153015741346,0,0,0,8
0016,pedestrian,13,0.0021146960794615434,0,0,0,8
0016,pedestrian,14,0.002902080004866665,1,1,0,8
0016,pedestrian,15,0.008941339501039813,0,0,0,8
0016,pedestrian,16,0.012044433756742991,0,0,0,8
0016,pedestrian,17,0.010614212823836509,0,0,0,9
0016,pedestrian,18,0.002507686457014935,0,0,0,9
0016,pedestrian,19,0.0017975919524156293,0,0,0,9
0016,pedestrian,20,0.010504436053157635,0,0,0,11
0016,pedestrian,21,0.0043880600766749945,0,0,0,11
0016,pedestrian,22,0.004995838364636538,0,0,0,11
0016,pedestrian,23,0.0027362410624639593,0,0,0,12
0016,pedestrian,24,0.006039332396506482,1,1,0,12
0016,pedestrian,25,0.005589179253758236,0,0,0,12
0016,pedestrian,26,0.0034030783138388233,1,1,0,12
0016,pedestrian,27,0.004209225683794763,0,0,0,12
0016,pedestrian,28,0.0036617975541135576,1,1,0,12
0016,pedestrian,29,0.004614652803651909,0,0,0,12
0016,pedestrian,30,0.006141920485366983,1,1,0,12
0016,pedestrian,31,0.005644102344556106,1,1,0,12
0016,pedestrian,32,0.00679523467879512,1,1,0,12
0016,pedestrian,33,0.00501557324823486,0,0,0,12
0016,pedestrian,34,0.004026119772688661,1,1,0,12
0016,pedestrian,35,0.004275656014598073,0,0,0,12
0016,pedestrian,36,0.0029688466872174017,1,1,0,12
0016,pedestrian,37,0.0026952229162250556,2,2,0,12
0016,pedestrian,38,0.0026428020052510774,0,0,0,12
0016,pedestrian,39,0.002948775459295917,0,0,0,12
0016,pedestrian,40,0.009304838776909824,0,0,0,12
0016,pedestrian,41,0.004345150047575059,1,1,0,12
0016,pedestrian,42,0.004161157517049638,1,1,0,12
0016,pedestrian,43,0.002197277314416291,0,0,0,12
0016,pedestrian,44,0.005007587447526239,0,0,0,12
0016,pedestrian,45,0.004762121797705188,1,1,0,12
0016,pedestrian,46,0.0022966236983080163,1,1,0,11
0016,pedestrian,47,0.004592392028072388,0,0,0,11
0016,pedestrian,48,0.002120690600662189,1,1,0,10
0016,pedestrian,49,0.006371294612902028,0,0,0,10
0016,pedestrian,50,0.00522144948863602,0,0,0,10
0016,pedestrian,51,0.0056553327141747635,0,0,0,10
0016,pedestrian,52,0.003401194303746099,1,1,0,10
0016,pedestrian,53,0.0038327103565990546,0,0,0,10
0016,pedestrian,54,0.005814115550387698,1,1,0,10
0016,pedestrian,55,0.005480026311125064,0,0,0,11
0016,pedestrian,56,0.007002775039218099,1,1,0,11
0016,pedestrian,57,0.008422808786185699,1,1,0,12
0016,pedestrian,58,0.004249678854025335,0,0,0,12
0016,pedestrian,59,0.008213982757241474,1,1,0,12
0016,pedestrian,60,0.0040755298844601835,2,2,0,12
0016,pedestrian,61,0.002858151985225097,0,0,0,12
0016,pedestrian,62,0.0036761865943829453,0,0,0,12
0016,pedestrian,63,0.002849920651864232,0,0,0,12
0016,pedestrian,64,0.007012332420160482,0,0,0,12
0016,pedestrian,65,0.014297648588829788,0,0,0,12
0016,pedestrian,66,0.019017068988656453,2,2,0,12
0016,pedestrian,67,0.0161348957075597,0,0,0,12
0016,pedestrian,68,0.01748162516533424,1,1,0,12
0016,pedestrian,69,0.019241580953898368,0,0,0,12
0016,pedestrian,70,0.015257360214036647,1,1,0,12
0016,pedestrian,71,0.03133756548928172,1,1,0,13
0016,pedestrian,72,0.02405100231043651,0,0,0,13
0016,pedestrian,73,0.0234763819507803,0,0,0,12
0016,pedestrian,74,0.01859378447617882,1,1,0,12
0016,pedestrian,75,0.021015362897213126,1,1,0,12
0016,pedestrian,76,0.020964008990004765,0,0,0,12
0016,pedestrian,77,0.01485700303048225,0,0,0,12
0016,pedestrian,78,0.01975797464719481,0,0,0,12
0016,pedestrian,79,0.030580141898038458,0,0,0,12
0016,pedestrian,80,0.026577844164325452,0,0,0,12
0016,pedestrian,81,0.021216959603262368,0,0,0,12
0016,pedestrian,82,0.02773804183734053,0,0,0,12
0016,pedestrian,83,0.017124515507292916,0,0,0,12
0016,pedestrian,84,0.012152729192731093,0,0,0,12
0016,pedestrian,85,0.012596953985022596,0,0,0,12
0016,pedestrian,86,0.024379327275602967,1,1,0,12
0016,pedestrian,87,0.007558215936329632,0,0,0,12
0016,pedestrian,88,0.011813395052982652,2,2,0,12
0016,pedestrian,89,0.0050065043871734575,1,1,0,12
0016,pedestrian,90,0.0076443089589508075,1,1,0,12
0016,pedestrian,91,0.01025750423731098,1,1,0,12
0016,pedestrian,92,0.015538309374050489,1,1,0,12
0016,pedestrian,93,0.031194543780421632,3,3,0,12
0016,pedestrian,94,0.009928947080033104,1,1,0,12
0016,pedestrian,95,0.0221544808937559,1,1,0,12
0016,pedestrian,96,0.020970473976348394,0,0,0,12
0016,pedestrian,97,0.045530765642890915,0,0,0,12
0016,pedestrian,98,0.0348744734822931,0,0,0,12
0016,pedestrian,99,0.03747594610142228,0,0,0,12
0016,pedestrian,100,0.005635075145149757,0,0,0,12
0016,pedestrian,101,0.047868277610224406,0,0,0,12
0016,pedestrian,102,0.03436066910726099,0,0,0,12
0016,pedestrian,103,0.02664199556076789,1,1,0,13
0016,pedestrian,104,0.03297452797348885,0,0,0,13
0016,pedestrian,105,0.03157104339045421,1,1,0,13
0016,pedestrian,106,0.05180204762585429,0,0,0,13
0016,pedestrian,107,0.026666643717839278,0,0,0,13
0016,pedestrian,108,0.05073598182648169,0,0,0,13
0016,pedestrian,109,0.023434469289687093,0,0,0,13
0016,pedestrian,110,0.053705443743452035,1,1,0,13
0016,pedestrian,111,0.03207448552052246,0,0,0,13
0016,pedestrian,112,0.007161453634911243,1,1,0,13
0016,pedestrian,113,0.006430064321930595,1,1,0,13
0016,pedestrian,114,0.004169048350285571,1,1,0,13
0016,pedestrian,115,0.009721631815466689,0,0,0,13
0016,pedestrian,116,0.016394582456033514,1,1,0,13
0016,pedestrian,117,0.016842691443672196,0,0,0,13
0016,pedestrian,118,0.029434154291204044,1,1,0,13
0016,pedestrian,119,0.025759645327173245,0,0,0,13
0016,pedestrian,120,0.017119083594538332,2,2,0,13
0016,pedestrian,121,0.019981260525058803,1,1,0,13
0016,pedestrian,122,0.026135090615703543,3,3,0,13
0016,pedestrian,123,0.015735233966069136,2,2,0,13
0016,pedestrian,124,0.020291328621274373,0,0,0,13
0016,pedestrian,125,0.022156767860754756,2,2,0,13
0016,pedestrian,126,0.03782004984585275,0,0,0,13
0016,pedestrian,127,0.03808879484131856,2,2,0,13
0016,pedestrian,128,0.029490767646301524,0,0,0,13
0016,pedestrian,129,0.03685138968016146,1,1,0,13
0016,pedestrian,130,0.03951866543263207,0,0,0,13
0016,pedestrian,131,0.030981190126986736,1,1,0,13
0016,pedestrian,132,0.02996542968625552,1,1,0,12
0016,pedestrian,133,0.03065521395636047,1,1,0,11
0016,pedestrian,134,0.033059460174810665,0,0,0,11
0016,pedestrian,135,0.04075382937342281,0,0,0,11
0016,pedestrian,136,0.05029070615241786,0,0,0,11
0016,pedestrian,137,0.061594505158125014,0,0,0,11
0016,pedestrian,138,0.02958971865571871,1,1,0,11
0016,pedestrian,139,0.031887959431348895,1,1,0,11
0016,pedestrian,140,0.045453225036992076,0,0,0,11
0016,pedestrian,141,0.0525343846110264,0,0,0,9
0016,pedestrian,142,0.03379840033139396,0,0,0,9
0016,pedestrian,143,0.037576159467617457,0,0,0,9
0016,pedestrian,144,0.034735652619221735,0,0,0,9
0016,pedestrian,145,0.037067088206501946,0,0,0,9
0016,pedestrian,146,0.022195849538648012,0,0,0,8
0016,pedestrian,147,0.02795125486582056,0,0,0,8
0016,pedestrian,148,0.036327182490401594,0,0,0,8
0016,pedestrian,149,0.02743727772258577,0,0,0,8
0016,pedestrian,150,0.016253690522153648,0,0,0,8
0016,pedestrian,151,0.03401285295802366,1,1,0,8
0016,pedestrian,152,0.04665511248332573,0,0,0,8
0016,pedestrian,153,0.033108950505444365,2,2,0,8
0016,pedestrian,154,0.021002475595845782,0,0,0,8
0016,pedestrian,155,0.021388371839963373,0,0,0,8
0016,pedestrian,156,0.01600492417413664,0,0,0,8
0016,pedestrian,157,0.02626442540937609,0,0,0,8
0016,pedestrian,158,0.040742938516164874,0,0,0,8
0016,pedestrian,159,0.060898784726105076,0,0,0,8
0016,pedestrian,160,0.05716963918001462,1,1,0,7
0016,pedestrian,161,0.09008832337459019,1,1,0,7
0016,pedestrian,162,0.05433185462057366,0,0,0,7
0016,pedestrian,163,0.08723136476685733,0,0,0,7
0016,pedestrian,164,0.084502214212519,0,0,0,7
0016,pedestrian,165,0.10758958113152756,0,0,0,7
0016,pedestrian,166,0.08517743701960992,0,0,0,7
0016,pedestrian,167,0.09431574553946136,0,0,0,7
0016,pedestrian,168,0.08154009419161148,0,0,0,7
0016,pedestrian,169,0.06284941203401867,0,0,0,7
0016,pedestrian,170,0.0849597981609478,0,0,0,7
0016,pedestrian,171,0.07336884762253391,0,0,0,6
0016,pedestrian,172,0.10172071115801634,0,0,0,6
0016,pedestrian,173,0.04249472049486175,0,0,0,6
0016,pedestrian,174,0.04444854260160163,0,0,0,6
0016,pedestrian,175,0.05152462125156833,0,0,0,6
0016,pedestrian,176,0.05811437591201689,0,0,0,6
0016,pedestrian,177,0.02693652974945521,1,1,0,6
0016,pedestrian,178,0.017312065452214025,1,1,0,5
0016,pedestrian,179,0.01639625536735728,1,1,0,4
0016,pedestrian,180,0.01692582391546892,0,0,0,4
0016,pedestrian,181,0.011816222110071186,1,1,0,4
0016,pedestrian,182,0.018150949484392474,0,0,0,4
0016,pedestrian,183,0.014565662040413884,0,0,0,3
0016,pedestrian,184,0.008686193302686407,0,0,0,3
0016,pedestrian,185,0.002827440850996896,0,0,0,3
0016,pedestrian,186,0.004180444707294137,0,0,0,3
0016,pedestrian,187,0.019162099189624117,0,0,0,3
0016,pedestrian,188,0.014863626093493678,0,0,0,4
0016,pedestrian,189,0.02224099805519259,0,0,0,4
0016,pedestrian,190,0.010305606684268779,0,0,0,4
0016,pedestrian,191,0.007140874353566678,0,0,0,4
0016,pedestrian,192,0.027450840703063858,0,0,0,4
0016,pedestrian,193,0.01658148353126565,0,0,0,4
0016,pedestrian,194,0.01310415773138944,0,0,0,4
0016,pedestrian,195,0.019076519726350823,0,0,0,4
0016,pedestrian,196,0.00731689675261467,0,0,0,4
0016,pedestrian,197,0.011407918522672058,0,0,0,4
0016,pedestrian,198,0.011863875778972967,0,0,0,4
0016,pedestrian,199,0.006616812221430069,0,0,0,5
0016,pedestrian,200,0.019395786662715808,0,0,0,5
0016,pedestrian,201,0.007693392347161158,0,0,0,5
0016,pedestrian,202,0.03426858975870605,0,0,0,5
0016,pedestrian,203,0.028047246134199257,2,2,0,5
0016,pedestrian,204,0.016361660619029605,0,0,0,5
0016,pedestrian,205,0.018454764726619225,0,0,0,6
0016,pedestrian,206,0.00657850000089139,1,1,0,6
0016,pedestrian,207,0.021939402471473433,0,0,0,6
0016,pedestrian,208,0.007199792190647649,1,1,0,6
0017,pedestrian,1,0.006617434693877175,0,0,0,6
0017,pedestrian,2,0.008533953716899351,0,0,0,6
0017,pedestrian,3,0.006540617081842336,0,0,0,6
0017,pedestrian,4,0.005630283215805485,0,0,0,6
0017,pedestrian,5,0.0045632336994499935,0,0,0,6
0017,pedestrian,6,0.0062704829246018595,0,0,0,6
0017,pedestrian,7,0.004708110644069484,0,0,0,6
0017,pedestrian,8,0.005026978943150109,0,0,0,7
0017,pedestrian,9,0.003947602521032917,0,0,0,7
0017,pedestrian,10,0.004029725524089477,0,0,0,7
0017,pedestrian,11,0.009711416322705288,0,0,0,8
0017,pedestrian,12,0.035134974707720645,0,0,0,8
0017,pedestrian,13,0.052259247439856826,0,0,0,8
0017,pedestrian,14,0.042499196842527176,0,0,0,8
0017,pedestrian,15,0.04215980915814879,0,0,0,8
0017,pedestrian,16,0.05558448203109046,0,0,0,8
0017,pedestrian,17,0.04078174442367951,1,1,0,8
0017,pedestrian,18,0.04355806514471291,0,0,0,9
0017,pedestrian,19,0.1400840997315571,0,0,0,9
0017,pedestrian,20,0.14840878709955985,1,1,0,9
0017,pedestrian,21,0.12343886849999276,0,0,0,9
0017,pedestrian,22,0.07814788234655201,0,0,0,9
0017,pedestrian,23,0.0376978551951096,0,0,0,9
0017,pedestrian,24,0.09111077783375,2,2,0,9
0017,pedestrian,25,0.0508802903043649,2,2,0,9
0017,pedestrian,26,0.02734804457067775,0,0,0,9
0017,pedestrian,27,0.06787797517438576,0,0,0,9
0017,pedestrian,28,0.024081834544829053,2,2,0,9
0017,pedestrian,29,0.0484601143442639,1,1,0,9
0017,pedestrian,30,0.03180531542904656,1,1,0,9
0017,pedestrian,31,0.044030488927169875,0,0,0,9
0017,pedestrian,32,0.02766717697116744,0,0,0,9
0017,pedestrian,33,0.03359372467903922,0,0,0,9
0017,pedestrian,34,0.011478028781532318,2,2,0,9
0017,pedestrian,35,0.03320538556139915,0,0,0,9
0017,pedestrian,36,0.016287999263489596,0,0,0,9
0017,pedestrian,37,0.01920318416974981,0,0,0,9
0017,pedestrian,38,0.03317583761107702,1,1,0,9
0017,pedestrian,39,0.022816606058163835,0,0,0,9
0017,pedestrian,40,0.01158068929925652,1,1,0,9
0017,pedestrian,41,0.016628974229067867,0,0,0,7
0017,pedestrian,42,0.045723940104981806,1,1,0,7
0017,pedestrian,43,0.0212174393150249,1,1,0,7
0017,pedestrian,44,0.02707869209716092,0,0,0,7
0017,pedestrian,45,0.021592808902521108,0,0,0,7
0017,pedestrian,46,0.029123610401274633,0,0,0,7
0017,pedestrian,47,0.029052035881505633,1,1,0,7
0017,pedestrian,48,0.03131901318602123,0,0,0,7
0017,pedestrian,49,0.028222093752820393,0,0,0,7
0017,pedestrian,50,0.017751524626285164,0,0,0,7
0017,pedestrian,51,0.029852323627716556,0,0,0,7
0017,pedestrian,52,0.03134290745643451,0,0,0,7
0017,pedestrian,53,0.03678580370646014,0,0,0,7
0017,pedestrian,54,0.025174128118197008,0,0,0,7
0017,pedestrian,55,0.038703136766102264,0,0,0,7
0017,pedestrian,56,0.03599203205778982,0,0,0,7
0017,pedestrian,57,0.03912536693506798,0,0,0,7
0017,pedestrian,58,0.043929572740235026,0,0,0,7
0017,pedestrian,59,0.0507458026627266,0,0,0,7
0017,pedestrian,60,0.07356547922015957,0,0,0,7
0017,pedestrian,61,0.054770775791205664,0,0,0,7
0017,pedestrian,62,0.03312332205997596,0,0,0,6
0017,pedestrian,63,0.05594719934714001,0,0,0,6
0017,pedestrian,64,0.04261029142560322,0,0,0,5
0017,pedestrian,65,0.02794007240041117,0,0,0,5
0017,pedestrian,66,0.022524032583010233,0,0,0,5
0017,pedestrian,67,0.008296924979701834,0,0,0,4
0017,pedestrian,68,0.006262583874117289,0,0,0,4
0017,pedestrian,69,0.008761331599783012,0,0,0,4
0017,pedestrian,70,0.008382982331119674,0,0,0,4
0017,pedestrian,71,0.004725636521363721,0,0,0,4
0017,pedestrian,72,0.006798729436849709,0,0,0,4
0017,pedestrian,73,0.017677331233323556,0,0,0,4
0017,pedestrian,74,0.010557416520882571,0,0,0,4
0017,pedestrian,75,0.010616399475776138,0,0,0,4
0017,pedestrian,76,0.005598495019100806,0,0,0,4
0017,pedestrian,77,0.008867384952116022,0,0,0,4
0017,pedestrian,78,0.008697338664584223,0,0,0,4
0017,pedestrian,79,0.004445527652422608,0,0,0,4
0017,pedestrian,80,0.006537254815493745,0,0,0,4
0017,pedestrian,81,0.005555075325656029,0,0,0,4
0017,pedestrian,82,0.007617228930879552,0,0,0,4
0017,pedestrian,83,0.009483909380371781,0,0,0,4
0017,pedestrian,84,0.011046180238209484,0,0,0,4
0017,pedestrian,85,0.010626866916534266,0,0,0,4
0017,pedestrian,86,0.01979918409726673,0,0,0,4
0017,pedestrian,87,0.02162195532073168,0,0,0,4
0017,pedestrian,88,0.01621585932766329,0,0,0,4
0017,pedestrian,89,0.027156463411603955,0,0,0,4
0017,pedestrian,90,0.02442980784915988,0,0,0,4
0017,pedestrian,91,0.00895106601186293,0,0,0,4
0017,pedestrian,92,0.009728531315072403,0,0,0,4
0017,pedestrian,93,0.013534995816326525,0,0,0,4
0017,pedestrian,94,0.015292299011959703,0,0,0,4
0017,pedestrian,95,0.006009826579398966,0,0,0,4
0017,pedestrian,96,0.003451906857651649,0,0,0,4
0017,pedestrian,97,0.01328689769720193,0,0,0,4
0017,pedestrian,98,0.0077747251021471585,0,0,0,4
0017,pedestrian,99,0.02375308492629781,0,0,0,4
0017,pedestrian,100,0.009284285980295692,0,0,0,4
0017,pedestrian,101,0.011876871664221076,0,0,0,4
0017,pedestrian,102,0.01105324185219635,0,0,0,4
0017,pedestrian,103,0.014808672156936173,0,0,0,4
0017,pedestrian,104,0.01524729954164528,0,0,0,4
0017,pedestrian,105,0.0126477204845649,0,0,0,4
0017,pedestrian,106,0.00938928907271901,0,0,0,4
0017,pedestrian,107,0.007506304953160561,0,0,0,4
0017,pedestrian,108,0.009760961034106187,0,0,0,4
0017,pedestrian,109,0.009348612360987885,0,0,0,4
0017,pedestrian,110,0.011674684028942915,0,0,0,4
0017,pedestrian,111,0.01233145134957028,0,0,0,4
0017,pedestrian,112,0.010508312821751957,0,0,0,3
0017,pedestrian,113,0.003374186415755641,0,0,0,3
0017,pedestrian,114,0.007897966805641338,0,0,0,3
0017,pedestrian,115,0.012652234683951467,0,0,0,3
0017,pedestrian,116,0.003551141224497915,0,0,0,3
0017,pedestrian,117,0.003504456485645252,0,0,0,3
0017,pedestrian,118,0.006769668048980279,0,0,0,3
0017,pedestrian,119,0.007540269231699113,0,0,0,3
0017,pedestrian,120,0.0073466091424596175,0,0,0,3
0017,pedestrian,121,0.014202399613733577,0,0,0,3
0017,pedestrian,122,0.0007558065070367672,0,0,0,3
0017,pedestrian,123,0.001390637194892229,0,0,0,3
0017,pedestrian,124,0.0009731252914228466,0,0,0,3
0017,pedestrian,125,0.003991600393604447,0,0,0,3
0017,pedestrian,126,0.002476364454237243,0,0,0,3
0017,pedestrian,127,0.004783253104330703,0,0,0,3
0017,pedestrian,128,0.010847641671630496,0,0,0,3
0017,pedestrian,129,0.0038829973735440867,0,0,0,3
0017,pedestrian,130,0.006066585415536366,0,0,0,3
0017,pedestrian,131,0.005849563176785225,0,0,0,3
0017,pedestrian,132,0.005359634324637002,0,0,0,3
0017,pedestrian,133,0.0030607188682103136,0,0,0,3
0017,pedestrian,134,0.005743740360359525,0,0,0,3
0017,pedestrian,135,0.007411090531441445,0,0,0,3
0017,pedestrian,136,0.0035545093437574864,0,0,0,3
0017,pedestrian,137,0.007485353371013629,0,0,0,3
0017,pedestrian,138,0.0037909864353447916,0,0,0,3
0017,pedestrian,139,0.0018682441331888697,0,0,0,3
0017,pedestrian,140,0.003385007571309257,0,0,0,3
0017,pedestrian,141,0.0022913749484195205,0,0,0,3
0017,pedestrian,142,0.005549470206348788,0,0,0,2
0017,pedestrian,143,0.0026266231695430903,0,0,0,2
0017,pedestrian,144,0.01933503842856639,0,0,0,2
0018,car,26,0.202533525916567,0,0,0,1
0018,car,27,0.3204602737099489,0,0,0,1
0018,car,28,0.2532142143610142,0,0,0,1
0018,car,29,0.17354662285415157,0,0,0,1
0018,car,30,0.21874953974217065,0,0,0,1
0018,car,31,0.2370973670381885,0,0,0,1
0018,car,32,0.25320235978646094,0,0,0,1
0018,car,33,0.24941462380957075,0,0,0,1
0018,car,34,0.11535471714321359,0,0,0,1
0018,car,35,0.09713611071099293,0,0,0,1
0018,car,36,0.04850456316875058,0,0,0,1
0018,car,37,0.0505754686854076,0,0,0,1
0018,car,38,0.2556665238892289,0,0,0,1
0018,car,39,0.6192531414184798,0,0,0,1
0018,car,40,0.9275177227672999,0,0,0,1
0018,car,55,0.13186736794575918,0,0,0,2
0018,car,56,0.1245738568942691,0,0,0,2
0018,car,57,0.11883203269409832,0,0,0,2
0018,car,58,0.04969318683009306,0,0,0,2
0018,car,59,0.09916658593356326,0,0,0,2
0018,car,60,0.06869296032398092,0,0,0,2
0018,car,61,0.06888224674205676,0,0,0,2
0018,car,62,0.07809762088020275,0,0,0,2
0018,car,63,0.06037285253525603,0,0,0,2
0018,car,64,0.07386960351682699,0,0,0,2
0018,car,65,0.09219375406113528,0,0,0,2
0018,car,66,0.1520238798870326,0,0,0,2
0018,car,67,0.25349738737411653,0,0,0,2
0018,car,68,0.18339041358337843,0,0,0,3
0018,car,69,0.22484783040700818,0,0,0,3
0018,car,70,0.1263506714072562,0,0,0,4
0018,car,71,0.16344855290257215,0,0,0,4
0018,car,72,0.18897395484663287,0,0,0,4
0018,car,73,0.12414634616082057,0,0,0,4
0018,car,74,0.21314248733044835,0,0,0,4
0018,car,75,0.3146596062509666,0,0,0,5
0018,car,76,0.35078795004162777,0,0,0,5
0018,car,77,0.3321624269687015,0,0,0,5
0018,car,78,0.29379565216962616,0,0,0,5
0018,car,79,0.2720326428339335,0,0,0,5
0018,car,80,0.29086384088478634,0,0,0,5
0018,car,81,0.31457728024129783,1,0,1,5
0018,car,82,0.2178584531843894,0,0,0,4
0018,car,83,0.24250805739079317,0,0,0,4
0018,car,84,0.22260810624305755,0,0,0,4
0018,car,85,0.2339905487712819,0,0,0,4
0018,car,86,0.21700211265142766,0,0,0,4
0018,car,87,0.23928735100156162,0,0,0,4
0018,car,88,0.32817407363718903,0,0,0,4
0018,car,89,0.28642122835801076,0,0,0,4
0018,car,90,0.1571851863179247,0,0,0,4
0018,car,91,0.13470766668602985,0,0,0,4
0018,car,92,0.34827945480162864,0,0,0,4
0018,car,93,0.41985521500640016,0,0,0,4
0018,car,94,0.33612003116862343,0,0,0,4
0018,car,95,0.44457788041141694,0,0,0,4
0018,car,96,0.3939229713599009,0,0,0,4
0018,car,97,0.4313777704608775,0,0,0,4
0018,car,98,0.4710402720757942,0,0,0,4
0018,car,99,0.2800256077475651,0,0,0,4
0018,car,100,0.29177447824825065,0,0,0,4
0018,car,101,0.2733768333768617,0,0,0,4
0018,car,102,0.3082016832796653,0,0,0,4
0018,car,103,0.3681120042605889,0,0,0,4
0018,car,104,0.3761244324174135,0,0,0,4
0018,car,105,0.38154365789336925,0,0,0,4
0018,car,106,0.378163578065359,0,0,0,4
0018,car,107,0.39674923994652456,0,0,0,4
0018,car,108,0.49448230846803637,0,0,0,4
0018,car,109,0.47035415378937817,0,0,0,4
0018,car,110,0.5374712299897678,0,0,0,4
0018,car,111,0.4924702775945806,0,0,0,4
0018,car,112,0.5065405991440939,0,0,0,4
0018,car,113,0.5773751376712672,0,0,0,4
0018,car,114,0.5137819907400818,0,0,0,4
0018,car,115,0.5728215736577932,0,0,0,4
0018,car,116,0.5131854745816781,0,0,0,4
0018,car,117,0.5317947504369842,0,0,0,4
0018,car,118,0.5971667780930767,0,0,0,4
0018,car,119,0.552464001965707,0,0,0,4
0018,car,120,0.5995207460174661,0,0,0,4
0018,car,121,0.549276427204724,0,0,0,4
0018,car,122,0.5475243919226679,0,0,0,4
0018,car,123,0.5993615881363921,0,0,0,4
0018,car,124,0.5379051886065398,0,0,0,4
0018,car,125,0.6798697861064837,0,0,0,4
0018,car,126,0.5855108358798056,0,0,0,4
0018,car,127,0.658019284625383,0,0,0,4
0018,car,128,0.5728570620066571,0,0,0,4
0018,car,129,0.6086843675712745,0,0,0,4
0018,car,130,0.6830328548754012,0,0,0,4
0018,car,131,0.6204211791018819,0,0,0,4
0018,car,132,0.6709285111333478,0,0,0,4
0018,car,133,0.6015112162970269,0,0,0,4
0018,car,134,0.6324048153021053,0,0,0,4
0018,car,135,0.6923892289536533,0,0,0,4
0018,car,136,0.6362080041884817,0,0,0,4
0018,car,137,0.7181512126793578,0,0,0,4
0018,car,138,0.6493903767162215,0,0,0,4
0018,car,139,0.6728541321444652,0,0,0,4
0018,car,140,0.747956299303455,0,0,0,4
0018,car,141,0.6878404148258237,0,0,0,4
0018,car,142,0.7552085668304501,0,0,0,4
0018,car,143,0.7046661033341461,0,0,0,4
0018,car,144,0.7219019938130979,0,0,0,4
0018,car,145,0.839655833257952,0,0,0,4
0018,car,146,0.7766215645586749,0,0,0,5
0018,car,147,1.1958679687107563,0,0,0,5
0018,car,148,1.0513020792512,0,0,0,5
0018,car,149,1.0087328794044088,0,0,0,5
0018,car,150,1.1347963530480967,0,0,0,5
0018,car,151,1.0380945541758375,0,0,0,5
0018,car,152,1.1048113678661913,0,0,0,5
0018,car,153,1.0023421545497593,0,0,0,5
0018,car,154,0.9472570382583463,0,0,0,5
0018,car,155,0.9710067292118529,0,0,0,5
0018,car,156,0.7688035212746696,0,0,0,5
0018,car,157,0.6501616506587506,1,1,0,5
0018,car,158,0.4633908328589406,0,0,0,5
0018,car,159,0.23279408505952354,0,0,0,5
0018,car,160,0.23452999695576388,0,0,0,6
0018,car,161,0.6987238541451402,0,0,0,6
0018,car,162,1.1845838452579034,0,0,0,6
0018,car,163,1.381915265959063,0,0,0,6
0018,car,164,1.5569893563767754,0,0,0,6
0018,car,165,1.4347308708558837,0,0,0,6
0018,car,166,1.4753656166025406,1,1,0,6
0018,car,167,1.3623535734066696,0,0,0,5
0018,car,168,0.9697475404451658,0,0,0,6
0018,car,169,0.8118249707771032,0,0,0,6
0018,car,170,0.6960348463181605,0,0,0,6
0018,car,171,0.5721731854452808,0,0,0,6
0018,car,172,0.6151282205602536,0,0,0,6
0018,car,173,0.6055984906847783,0,0,0,6
0018,car,174,0.773801095387899,0,0,0,6
0018,car,175,0.8788935328465532,0,0,0,6
0018,car,176,1.29222768013883,0,0,0,6
0018,car,177,1.6795220500444334,1,1,0,6
0018,car,178,1.4977228205543418,0,0,0,6
0018,car,179,1.5669810562806252,1,0,1,6
0018,car,180,1.2164349300057107,0,0,0,6
0018,car,181,1.482115008208818,0,0,0,6
0018,car,182,1.4479963680954726,0,0,0,6
0018,car,183,0.8465247896886652,0,0,0,5
0018,car,184,1.8686373467484607,0,0,0,5
0018,car,185,1.737737638089371,1,1,0,5
0018,car,186,1.7780539153851018,0,0,0,5
0018,car,187,1.8879756292486487,0,0,0,4
0018,car,188,0.8053808836664624,0,0,0,4
0018,car,189,0.662347153825414,0,0,0,4
0018,car,190,0.40774609430645103,0,0,0,4
0018,car,191,0.25174585169656793,0,0,0,4
0018,car,192,0.3699956236981115,0,0,0,4
0018,car,193,0.5800369018894606,0,0,0,5
0018,car,194,1.6453864622079533,0,0,0,5
0018,car,195,1.8720978759096703,0,0,0,5
0018,car,196,1.9800595175907916,0,0,0,5
0018,car,197,1.7479974934992248,0,0,0,5
0018,car,198,1.6958638399350632,0,0,0,5
0018,car,199,1.4760723646635514,0,0,0,5
0018,car,200,0.2509843899221541,0,0,0,5
0018,car,201,0.1987994708865368,0,0,0,5
0018,car,202,0.28891901423427463,1,1,0,5
0018,car,203,0.3756962631376662,0,0,0,5
0018,car,204,0.5668952645819249,0,0,0,5
0018,car,205,0.6888787180913134,0,0,0,5
0018,car,206,0.5776998483752939,0,0,0,5
0018,car,207,0.9710759270941752,1,0,1,5
0018,car,208,0.9321335153382885,0,0,0,6
0018,car,209,1.1284903975347569,0,0,0,5
0018,car,210,0.5803143674501902,0,0,0,5
0018,car,211,0.6283331976211863,0,0,0,5
0018,car,212,0.5978230559237968,0,0,0,5
0018,car,213,0.5529905405412244,0,0,0,5
0018,car,214,0.5157959276617621,0,0,0,5
0018,car,215,0.33755552599644983,0,0,0,5
0018,car,216,0.25119350958840764,0,0,0,5
0018,car,217,0.24127017985066554,1,1,0,5
0018,car,218,0.3049594008218157,0,0,0,5
0018,car,219,0.3919309111060112,0,0,0,5
0018,car,220,0.46217814514359556,0,0,0,5
0018,car,221,0.7568838233544786,0,0,0,5
0018,car,222,0.5211149051821695,0,0,0,6
0018,car,223,1.4501188745892273,0,0,0,6
0018,car,224,1.6575922110325418,0,0,0,6
0018,car,225,1.1988618696808833,0,0,0,5
0018,car,226,0.723925713327079,0,0,0,5
0018,car,227,0.6452538693639912,0,0,0,5
0018,car,228,0.6598631704742193,0,0,0,5
0018,car,229,0.5819372316332393,0,0,0,5
0018,car,230,0.5007844992746491,0,0,0,5
0018,car,231,0.4886835364582369,0,0,0,5
0018,car,232,0.3285251847723611,0,0,0,5
0018,car,233,0.26058753679084473,0,0,0,5
0018,car,234,0.20050263469313573,1,1,0,5
0018,car,235,0.35410145562759116,0,0,0,5
0018,car,236,0.45512654520943047,0,0,0,5
0018,car,237,0.5380126995062663,0,0,0,5
0018,car,238,0.8081362271752022,0,0,0,6
0018,car,239,1.3586743870827926,0,0,0,6
0018,car,240,1.372520113316401,0,0,0,6
0018,car,241,1.644444199513975,0,0,0,6
0018,car,242,1.5730882389312029,1,0,1,6
0018,car,243,0.9266028684754287,0,0,0,5
0018,car,244,0.3469597076362195,0,0,0,4
0018,car,245,0.23948701393929536,0,0,0,4
0018,car,246,0.2288853228185878,0,0,0,4
0018,car,247,0.19213663650148366,0,0,0,4
0018,car,248,0.23435339548739428,0,0,0,4
0018,car,249,0.2118017036869216,0,0,0,4
0018,car,250,0.1848879831046476,0,0,0,5
0018,car,251,0.23256436046474163,0,0,0,5
0018,car,252,0.2343992622371243,0,0,0,5
0018,car,253,0.2694200536289771,0,0,0,5
0018,car,254,0.27679345637017577,0,0,0,5
0018,car,255,0.2846377059902288,0,0,0,5
0018,car,256,0.3384459272838045,0,0,0,5
0018,car,257,0.29951698224218415,0,0,0,5
0018,car,258,0.4034261862896211,0,0,0,5
0018,car,259,0.35800911004602787,0,0,0,5
0018,car,260,0.36830247451050646,0,0,0,5
0018,car,261,0.3933006806136744,0,0,0,5
0018,car,262,0.09126304272615794,0,0,0,5
0018,car,263,0.11389692032073268,0,0,0,5
0018,car,264,0.18624068956940482,0,0,0,5
0018,car,265,0.1982968162061627,0,0,0,5
0018,car,266,0.25985913623942786,0,0,0,5
0018,car,267,0.7414151561136523,0,0,0,5
0018,car,268,0.8149157126358991,1,1,0,5
0018,car,269,0.743103346658111,0,0,0,5
0018,car,270,0.8268811434713561,0,0,0,5
0018,car,271,0.7300217799883426,0,0,0,5
0018,car,272,0.7216348754524134,0,0,0,5
0018,car,273,0.3749911766712496,0,0,0,4
0018,car,274,0.476531874223548,0,0,0,4
0018,car,275,0.5631915474256751,0,0,0,4
0018,car,276,0.5188005382537844,0,0,0,4
0018,car,277,0.44440634539007834,0,0,0,4
0018,car,278,0.453623221058067,0,0,0,4
0018,car,279,0.3996137136565505,0,0,0,4
0018,car,280,0.37070363531093997,0,0,0,4
0018,car,281,0.22224468556709637,0,0,0,4
0018,car,282,0.0989070443704064,0,0,0,4
0018,car,283,0.20616423250098626,0,0,0,4
0018,car,284,0.2505247332208745,0,0,0,4
0018,car,285,0.19737620682694842,0,0,0,5
0018,car,286,0.4157014195169568,0,0,0,5
0018,car,287,0.4215034527516648,0,0,0,5
0018,car,288,0.4580150081487075,0,0,0,5
0018,car,289,0.4128347755859777,0,0,0,5
0018,car,290,0.4482388226886638,0,0,0,5
0018,car,291,0.40501431065697846,0,0,0,5
0018,car,292,0.21827900720679422,0,0,0,5
0018,car,293,0.24692551513267486,0,0,0,5
0018,car,294,0.23965185582998694,0,0,0,5
0018,car,295,0.1311536723411799,0,0,0,5
0018,car,296,0.10654859694209841,0,0,0,6
0018,car,297,0.21516202413139238,0,0,0,6
0018,car,298,0.2983049248840473,0,0,0,7
0018,car,299,0.3011895943473133,0,0,0,7
0018,car,300,0.28270751921053183,1,1,0,7
0018,car,301,0.24430324060988726,1,1,0,7
0018,car,302,0.3058740283549323,0,0,0,7
0018,car,303,0.27993982402522155,0,0,0,7
0018,car,304,0.17429331208609788,0,0,0,6
0018,car,305,0.11133626733737009,0,0,0,6
0018,car,306,0.1430209177063323,0,0,0,6
0018,car,307,0.2466996423991771,0,0,0,6
0018,car,308,0.23076562195830302,1,1,0,6
0018,car,309,0.23966170069989967,0,0,0,6
0018,car,310,0.20403615993508245,0,0,0,7
0018,car,311,0.29180396203290754,0,0,0,7
0018,car,312,0.3292029311923656,0,0,0,7
0018,car,313,0.2229642493787422,0,0,0,6
0018,car,314,0.25572382762315266,0,0,0,6
0018,car,315,0.1958747334645607,0,0,0,6
0018,car,316,0.17578583865752825,0,0,0,6
0018,car,317,0.160399783076352,0,0,0,6
0018,car,318,0.11224954407976562,0,0,0,6
0018,car,319,0.07711589785900065,0,0,0,5
0018,car,320,0.0767631619392298,0,0,0,5
0018,car,321,0.12020558233156524,0,0,0,5
0018,car,322,0.13999732954094365,0,0,0,5
0018,car,323,0.11826197293247094,1,1,0,5
0018,car,324,0.14269869454957781,0,0,0,5
0018,car,325,0.18812086331127956,0,0,0,5
0018,car,326,0.2438352374166084,0,0,0,5
0018,car,327,0.15377311016621278,0,0,0,5
0018,car,328,0.14884846967569654,0,0,0,4
0018,car,329,0.10291910325617275,0,0,0,4
0018,car,330,0.08577907391982044,0,0,0,4
0018,car,331,0.0937478566734714,0,0,0,4
0018,car,332,0.10911903859559613,0,0,0,4
0018,car,333,0.06569705059879727,0,0,0,4
0018,car,334,0.06879209973831851,0,0,0,4
0018,car,335,0.04453451820953305,0,1,-1,4
0018,car,336,0.04665548131344399,0,1,-1,4
0018,car,337,0.08274152171972378,0,0,0,4
0018,car,338,0.0906991757477941,0,0,0,4
0019,car,1,6.075426918993597,0,0,0,1
0019,car,2,5.604949836822588,0,0,0,1
0019,car,3,6.582344432421518,0,0,0,1
0019,car,4,8.538243203747395,0,0,0,1
0019,car,5,8.676432576169763,0,0,0,1
0019,car,6,8.90177988204802,0,0,0,1
0019,car,7,9.382462541298311,0,0,0,1
0019,car,23,1.1047177789547586,0,0,0,1
0019,car,24,0.8913751603298936,0,0,0,1
0019,car,25,0.9071385500020939,0,0,0,1
0019,car,26,0.7289847576287798,0,0,0,1
0019,car,27,0.679634401199528,0,0,0,1
0019,car,28,0.7108214246820663,0,0,0,1
0019,car,29,0.7396953375970761,0,0,0,1
0019,car,30,0.8446868640754519,0,0,0,1
0019,car,31,0.703903748470675,0,0,0,1
0019,car,32,0.8344102343790601,0,0,0,1
0019,car,33,0.9648566705908506,0,0,0,1
0019,car,34,1.1256088197159335,0,0,0,1
0019,car,35,1.209105829159983,0,0,0,1
0019,car,36,1.1957560003580703,0,0,0,1
0019,car,37,1.4703983243342469,0,0,0,1
0019,car,38,1.9637638522897045,0,0,0,1
0019,car,39,1.8502784197824613,0,0,0,1
0019,car,40,1.9086295058828582,0,0,0,1
0019,car,41,1.4109843519964902,0,0,0,1
0019,car,42,1.1354368635592254,0,0,0,1
0019,car,43,1.364796461381233,0,0,0,1
0019,car,44,1.057348141148084,0,0,0,1
0019,car,45,0.960203313101881,0,0,0,1
0019,car,46,0.917917629290457,0,0,0,1
0019,car,47,0.7109698751666588,0,0,0,1
0019,car,48,0.17883018414255847,0,0,0,1
0019,car,49,0.4565740457610153,0,0,0,1
0019,car,50,0.48094289519004885,0,0,0,1
0019,car,51,0.569247090091035,0,0,0,1
0019,car,52,0.5031293932505763,0,0,0,1
0019,car,53,0.7226282317137709,0,0,0,1
0019,car,54,0.6066214606482023,0,0,0,1
0019,car,55,0.6582597021920507,0,0,0,1
0019,car,56,0.6867786529743029,0,0,0,1
0019,car,57,0.4612101841394842,0,0,0,1
0019,car,58,0.5164289134631085,0,0,0,1
0019,car,59,0.5280718322325899,0,0,0,1
0019,car,60,0.42196869588491204,0,0,0,1
0019,car,61,0.35392509725628574,0,0,0,1
0019,car,62,0.34397446050078073,0,0,0,1
0019,car,63,0.37350375091958776,0,0,0,1
0019,car,64,0.4294898189026479,0,0,0,1
0019,car,65,0.4491464289071715,0,0,0,1
0019,car,66,0.5519226318303436,0,0,0,1
0019,car,67,0.40311958602818193,0,0,0,1
0019,car,68,0.29844374103537596,0,0,0,1
0019,car,69,0.2486580025533659,0,0,0,1
0019,car,70,0.13680443459537311,0,0,0,1
0019,car,71,0.22132699895088262,0,0,0,1
0019,car,72,0.8565661348730851,0,0,0,1
0019,car,73,0.9340567562735439,0,0,0,1
0019,car,74,1.2965066237494653,0,0,0,1
0019,car,75,1.4529644140154123,0,0,0,1
0019,car,76,1.6753539717514205,0,0,0,1
0019,car,77,1.8466042636524223,0,0,0,1
0019,car,78,1.9308884046063715,0,0,0,1
0019,car,79,2.199839717675054,0,0,0,1
0019,car,80,2.3320924818558395,0,0,0,1
0019,car,81,2.7062788083954663,0,0,0,1
0019,car,82,3.457400374839322,0,0,0,1
0019,car,83,3.6396726651420765,0,0,0,1
0019,car,84,4.7232826795708975,0,0,0,1
0019,car,85,5.3040732449163865,0,0,0,1
0019,car,86,6.895577072867146,0,0,0,1
0019,car,87,10.983286059419997,0,0,0,1
0019,car,195,0.38639157551441267,0,0,0,1
0019,car,196,0.03245296071386443,0,0,0,1
0019,car,197,0.10898866786366053,0,0,0,1
0019,car,198,0.12213115006774612,0,0,0,1
0019,car,199,0.2531718851550513,0,0,0,1
0019,car,200,0.15951141777310462,0,0,0,1
0019,car,201,0.2500121323722483,0,0,0,1
0019,car,202,0.1871877084246391,0,0,0,1
0019,car,203,0.12414729670277248,0,0,0,1
0019,car,204,0.0797404226811669,0,0,0,1
0019,car,205,0.15290697804337963,0,0,0,1
0019,car,206,0.09082946558297805,0,0,0,1
0019,car,207,0.07368716484802336,0,0,0,1
0019,car,208,0.1325510938275541,0,0,0,1
0019,car,209,0.2547205654828008,0,0,0,1
0019,car,210,0.34454100802223714,0,0,0,1
0019,car,211,0.4199955358513751,0,0,0,1
0019,car,212,0.5247119060304115,0,0,0,1
0019,car,213,0.4675748821100873,0,0,0,1
0019,car,214,0.4120356846924378,0,0,0,1
0019,car,215,0.29467270986138894,0,0,0,1
0019,car,216,0.12952797622858667,0,0,0,1
0019,car,217,0.0870740576741308,0,0,0,1
0019,car,218,0.09063725551573558,0,0,0,1
0019,car,219,0.07616101262109272,0,0,0,1
0019,car,220,0.07955943622894769,0,0,0,1
0019,car,221,0.08850845440782439,0,0,0,1
0019,car,222,0.1537219298136971,0,0,0,1
0019,car,223,0.21525349291241008,0,0,0,1
0019,car,224,0.26208907109715035,0,0,0,1
0019,car,225,0.2850160096774915,0,0,0,1
0019,car,226,0.21601270116910318,0,0,0,1
0019,car,227,0.34801392625694066,0,0,0,1
0019,car,228,0.46521832761978654,0,0,0,1
0019,car,229,0.5151567659896237,0,0,0,1
0019,car,230,0.6117525037308758,0,0,0,1
0019,car,231,0.6215430153495209,0,0,0,1
0019,car,232,0.7500206744830115,0,0,0,1
0019,car,233,0.8130953433936149,0,0,0,1
0019,car,234,0.9547702064918289,0,0,0,1
0019,car,235,1.0842471192505303,0,0,0,1
0019,car,236,0.9295210422543093,0,0,0,1
0019,car,237,0.9485091278712601,0,0,0,1
0019,car,238,0.872612187701926,0,0,0,1
0019,car,239,0.8733525035707524,0,0,0,1
0019,car,240,0.8100880668343651,0,0,0,1
0019,car,241,0.6169175919825417,0,0,0,1
0019,car,242,0.44933940250393456,0,0,0,1
0019,car,243,0.3563705434981894,0,0,0,1
0019,car,244,0.28846482636076687,0,0,0,1
0019,car,245,0.27295213021405507,0,0,0,1
0019,car,246,0.20228398741799977,0,0,0,1
0019,car,247,0.15922559826119698,0,0,0,1
0019,car,248,0.342176597614174,0,0,0,1
0019,car,249,0.3834547942540873,0,0,0,1
0019,car,250,0.3886828216543211,0,0,0,1
0019,car,251,0.2934146015582171,0,0,0,1
0019,car,252,0.30368549463013694,0,0,0,1
0019,car,253,0.217554892709912,0,0,0,1
0019,car,254,0.18081906841193887,0,0,0,1
0019,car,255,0.4556412120374843,0,0,0,1
0019,car,256,0.6490070190457797,0,0,0,1
0019,car,257,0.6904705367346685,0,0,0,1
0019,car,258,0.6168369271157753,0,0,0,1
0019,car,259,0.5414595608311467,0,0,0,1
0019,car,260,0.618764917966248,0,0,0,1
0019,car,261,0.8398895732726562,0,0,0,1
0019,car,262,0.8158133759896122,0,0,0,1
0019,car,263,0.7265378386475296,0,0,0,1
0019,car,264,0.5643837620994018,0,0,0,1
0019,car,265,0.7071187062124047,0,0,0,1
0019,car,266,0.9109636457261373,0,0,0,1
0019,car,267,0.8351098980994319,0,0,0,1
0019,car,268,0.7227300215542031,0,0,0,1
0019,car,269,1.089825194814573,0,0,0,1
0019,car,270,1.1146126647975358,0,0,0,1
0019,car,271,1.3406064376775997,0,0,0,1
0019,car,272,1.441135876266237,0,0,0,1
0019,car,273,1.3679356646326906,0,0,0,1
0019,car,274,1.4113394426701982,0,0,0,1
0019,car,275,1.1933995270865005,0,0,0,1
0019,car,276,1.1163935819419109,0,0,0,1
0019,car,277,0.6785640626008372,0,0,0,1
0019,car,278,0.7968881351748268,0,0,0,1
0019,car,279,1.496651367223466,0,0,0,1
0019,car,280,1.5073656779204068,0,0,0,1
0019,car,281,1.2694987224296934,0,0,0,1
0019,car,282,1.1854765726465777,0,0,0,1
0019,car,283,1.340900326079592,0,0,0,1
0019,car,284,1.9411389379929744,0,0,0,1
0019,car,285,1.8496823093859704,0,0,0,1
0019,car,286,1.3240738745122356,0,0,0,1
0019,car,287,1.3924874781034806,0,0,0,1
0019,car,288,1.1874068033612089,0,0,0,1
0019,car,289,1.3276475090255981,0,0,0,1
0019,car,290,1.560532016947186,0,0,0,1
0019,car,291,1.4907910927456454,0,0,0,1
0019,car,292,1.6097293162279147,0,0,0,1
0019,car,293,1.1875424800565577,0,0,0,1
0019,car,294,1.4047500930062462,0,0,0,1
0019,car,295,1.4689632097795216,0,0,0,1
0019,car,296,1.0382887702891432,0,0,0,1
0019,car,297,1.115185299098204,1,1,0,1
0019,car,298,1.137427971356278,0,0,0,1
0019,car,299,0.8566902831770526,0,0,0,1
0019,car,300,0.997820039131311,0,0,0,1
0019,car,301,0.6432472628237694,0,0,0,1
0019,car,302,0.5419867110699448,0,0,0,1
0019,car,303,0.7179285290066397,0,0,0,1
0019,car,304,0.7716650867940903,0,0,0,1
0019,car,305,0.9974621633996212,0,0,0,1
0019,car,306,1.1462472177934824,0,0,0,1
0019,car,307,1.4240833351021918,0,0,0,1
0019,car,308,1.6040295262920248,0,0,0,1
0019,car,309,1.6272209547340946,0,0,0,1
0019,car,310,2.095384742053653,0,0,0,1
0019,car,311,1.7188824663282016,0,0,0,1
0019,car,312,1.4571151133015943,0,0,0,1
0019,car,313,1.637493695637289,0,0,0,1
0019,car,314,1.6062362413097364,0,0,0,1
0019,car,315,1.698090782640966,0,0,0,1
0019,car,316,1.4999361861761242,0,0,0,1
0019,car,317,1.5087004327993123,0,0,0,1
0019,car,318,1.54591523434764,0,0,0,1
0019,car,319,1.3807983399778494,0,0,0,1
0019,car,320,1.432119395087054,0,0,0,1
0019,car,321,1.5408141229497025,0,0,0,1
0019,car,322,1.3715696352201412,0,0,0,1
0019,car,323,1.5513305124037768,0,0,0,1
0019,car,324,1.3759136116738482,0,0,0,1
0019,car,325,1.356976791718054,0,0,0,1
0019,car,326,1.4819728667441163,0,0,0,1
0019,car,327,1.371962327883388,0,0,0,1
0019,car,328,1.4508045211798974,0,0,0,1
0019,car,329,1.321193315130165,0,0,0,1
0019,car,330,1.3495313248393572,0,0,0,1
0019,car,331,1.4839161044493665,0,0,0,1
0019,car,332,1.3586946896555523,0,0,0,1
0019,car,333,1.4774291106169208,0,0,0,1
0019,car,334,1.2908256170032633,0,0,0,1
0019,car,335,1.2639724011246911,0,0,0,1
0019,car,336,1.3860617881211472,0,0,0,1
0019,car,337,1.2792817552632225,0,0,0,1
0019,car,338,1.2936516783321201,0,0,0,1
0019,car,339,1.4534015799440798,0,0,0,1
0019,car,340,1.2843960355638768,0,0,0,1
0019,car,341,1.3697049491227649,0,0,0,1
0019,car,342,1.2121921337194619,0,0,0,1
0019,car,343,1.1985032051327504,0,0,0,1
0019,car,344,1.3172866293753966,0,0,0,1
0019,car,345,1.2889623955093101,0,0,0,1
0019,car,346,1.4937496132916164,1,1,0,1
0019,car,347,1.3877590804316977,0,0,0,1
0019,car,348,1.4367407476278349,0,0,0,1
0019,car,349,1.6145078191717375,0,0,0,1
0019,car,350,1.5093742194309576,0,0,0,1
0019,car,351,1.5775078872059791,0,0,0,1
0019,car,352,1.7694325318941766,0,0,0,1
0019,car,353,1.6087365720844005,0,0,0,1
0019,car,354,1.8678780609074128,0,0,0,1
0019,car,355,1.7458847554989767,0,0,0,1
0019,car,356,1.7385946463599913,0,0,0,1
0019,car,357,2.006888195028718,0,0,0,1
0019,car,358,1.8456973168050441,0,0,0,1
0019,car,359,2.071118124693715,0,0,0,1
0019,car,360,1.9336250292372987,0,0,0,1
0019,car,361,1.9614068980818817,0,0,0,1
0019,car,362,2.160773678028611,0,0,0,1
0019,car,363,2.161014474098644,0,0,0,1
0019,car,364,1.9245338820557347,0,0,0,1
0019,car,365,2.157973610371837,0,0,0,1
0019,car,366,1.9792259770794602,0,0,0,1
0019,car,367,2.3242406351739877,0,0,0,1
0019,car,368,2.178242668196666,0,0,0,1
0019,car,369,2.110058987218615,0,0,0,1
0019,car,376,2.833456839759914,0,0,0,1
0019,car,377,2.953630008824396,0,0,0,1
0019,car,378,3.4083096795807397,0,0,0,1
0019,car,379,3.1346342728054366,0,0,0,1
0019,car,380,3.609259788215856,0,0,0,1
0019,car,381,3.4702215618021492,0,0,0,1
0019,car,382,3.690745512408015,0,0,0,1
0019,car,383,1.6710386644752195,0,0,0,1
0019,car,384,1.5653879914735744,0,0,0,1
0019,car,385,1.6876690927843765,0,0,0,1
0019,car,386,0.19907703013071829,0,0,0,1
0019,car,387,0.2231822051243569,0,0,0,1
0019,car,388,1.3988293149377435,0,0,0,1
0019,car,389,2.1063403017627187,0,0,0,1
0019,car,390,3.4775905364302266,0,0,0,1
0019,car,391,3.89776494260793,0,0,0,1
0019,car,392,3.5773559320707253,0,0,0,1
0019,car,393,4.027653633443314,0,0,0,1
0019,car,394,3.814323360317585,0,0,0,1
0019,car,395,5.502680696523075,0,0,0,1
0019,car,396,5.960821733696083,0,0,0,1
0019,car,397,5.197945656807051,0,0,0,1
0019,car,398,4.982707125048492,0,0,0,1
0019,car,399,5.538207740017114,0,0,0,1
0019,car,400,6.2017371737057445,0,0,0,1
0019,car,401,6.383213283490313,0,0,0,1
0019,car,402,5.748090972982426,0,0,0,1
0019,car,403,5.931349474839951,0,0,0,1
0019,car,404,6.561294879652732,0,0,0,1
0019,car,405,5.976227640696111,0,0,0,1
0019,car,406,5.978055275927325,0,0,0,1
0019,car,407,6.31158088625945,0,0,0,1
0019,car,408,5.866947554518268,0,0,0,1
0019,car,409,8.68750572194396,0,0,0,1
0019,car,410,8.537840596236153,0,0,0,1
0019,car,411,8.987191252763026,0,0,0,1
0019,car,412,10.660149156243827,0,0,0,1
0019,car,413,10.277626600574386,0,0,0,1
0019,car,414,11.193150434749667,0,0,0,1
0019,car,415,13.692629156923205,0,0,0,1
0019,car,416,14.016557651254429,0,0,0,1
0019,car,417,17.147774676681472,0,0,0,1
0019,car,418,17.95393206832845,0,0,0,1
0019,car,419,19.85225323802704,0,0,0,1
0019,car,420,25.370663437257193,0,0,0,1
0019,car,421,26.63028590141667,0,0,0,1
0019,car,422,34.01893488547484,0,0,0,1
0019,car,423,36.82427438774541,0,0,0,1
0019,car,424,43.3603511598846,0,0,0,1
0019,car,425,55.904085270039936,0,0,0,1
0019,car,426,59.471477440415406,0,0,0,1
0019,car,427,87.80102290261519,0,0,0,1
0019,car,428,99.27865926826283,0,0,0,1
0019,car,429,131.6209712305456,0,0,0,1
0019,car,430,210.7773731378339,0,1,-1,1
0019,car,477,1.5478777864504674,0,0,0,1
0019,car,478,1.6485738872987252,0,0,0,1
0019,car,479,3.0362907394608567,0,0,0,1
0019,car,480,0.33518543015013746,0,0,0,1
0019,car,481,1.0630517471923009,0,0,0,1
0019,car,482,0.8383295550101855,0,0,0,1
0019,car,483,0.22616584018473923,0,0,0,1
0019,car,484,0.7799251395347665,0,0,0,1
0019,car,485,3.9462176056318774,0,0,0,1
0019,car,486,5.475124487889661,0,0,0,1
0019,car,487,6.976201721115161,0,0,0,1
0019,car,488,3.530760169778772,0,0,0,1
0019,car,489,4.220717013801835,0,0,0,1
0019,car,490,3.480755787208023,0,0,0,1
0019,car,491,6.271475960315068,0,0,0,1
0019,car,492,2.5176290000880748,0,0,0,1
0019,car,493,3.1626956976349674,0,0,0,1
0019,car,494,1.075409300113595,0,0,0,1
0019,car,495,2.2750995203554574,0,0,0,1
0019,car,496,1.2263091681756544,0,0,0,1
0019,car,497,1.6065513681732142,0,0,0,1
0019,car,498,0.469189607213571,0,0,0,1
0019,car,499,0.3467252272509213,0,0,0,1
0019,car,500,5.904166196696185,0,0,0,1
0019,car,501,2.3995040603125317,0,0,0,1
0019,car,502,3.4210496016613674,0,0,0,1
0019,car,503,3.1137358999636455,0,0,0,1
0019,car,504,6.573364283975962,0,0,0,1
0019,car,505,4.867853004686899,0,0,0,1
0019,car,506,6.316591285924459,0,0,0,1
0019,car,507,4.840621288416189,0,0,0,1
0019,car,508,6.329470810088317,0,0,0,1
0019,car,509,8.782513318049018,0,0,0,1
0019,car,510,10.582912994385023,0,0,0,1
0019,car,511,5.1736850063367,0,0,0,1
0019,car,512,4.64681988463116,0,0,0,1
0019,car,513,5.452897351134358,0,0,0,1
0019,car,514,6.195923928317644,0,0,0,1
0019,car,515,35.31227500249737,1,0,1,1
0019,car,516,15.884305074905184,1,0,1,1
0019,car,517,4.62870415700209,0,0,0,1
0019,car,518,2.5039701133486236,0,0,0,1
0019,car,519,11.57199463797673,0,0,0,1
0019,car,520,4.173622795941032,0,0,0,1
0019,car,521,7.989543463520027,0,0,0,1
0019,car,522,2.600566911014774,0,0,0,1
0019,car,523,3.854414402011903,0,0,0,1
0019,car,524,2.2962308809828738,0,0,0,1
0019,car,525,1.8626842995335289,0,0,0,1
0019,car,526,2.183691656219099,0,0,0,1
0019,car,527,0.7365718021694874,0,0,0,1
0019,car,528,1.1694017554313343,0,0,0,1
0019,car,529,1.8557186277160636,0,0,0,1
0019,car,530,0.5997406607525891,0,0,0,1
0019,car,531,0.698230801585549,0,0,0,1
0019,car,532,0.6328789200641631,0,0,0,1
0019,car,533,0.7362788492697174,0,0,0,1
0019,car,534,0.8837665821778113,0,0,0,1
0019,car,535,0.5529911472958844,0,0,0,1
0019,car,536,1.1405788201260914,0,0,0,1
0019,car,537,0.7591231130828267,0,0,0,1
0019,car,538,2.0687792280184647,0,0,0,1
0019,car,539,2.0083225605333697,0,0,0,1
0019,car,540,1.8045177305587132,0,0,0,1
0019,car,541,3.42010488173191,0,0,0,1
0019,car,542,2.5902295487795834,0,0,0,1
0019,car,543,2.0318624732398107,0,0,0,1
0019,car,544,0.5824931239710649,0,0,0,1
0019,car,545,1.088767823012255,0,0,0,1
0019,car,546,2.071127743064473,0,0,0,1
0019,car,547,2.6542565148172006,0,0,0,1
0019,car,548,1.2224975713155137,0,0,0,1
0019,car,549,1.2028944462297146,0,0,0,1
0019,car,550,0.8545435865111977,0,0,0,1
0019,car,551,0.9511291013026543,0,0,0,1
0019,car,552,0.7059420852177907,0,0,0,1
0019,car,553,0.5089312952856715,0,0,0,2
0019,car,554,0.7418479839284536,0,0,0,2
0019,car,555,1.4609431780916986,0,0,0,2
0019,car,556,1.727844122392517,0,0,0,2
0019,car,557,0.9704948048815444,0,0,0,2
0019,car,558,2.861498975907717,0,0,0,2
0019,car,559,1.614578457931576,0,0,0,2
0019,car,560,0.6814035622673148,0,0,0,2
0019,car,561,0.7387991635844569,0,0,0,2
0019,car,562,0.7710023230991391,0,0,0,2
0019,car,563,1.0557350447041398,0,0,0,2
0019,car,564,0.46214605069147885,0,0,0,2
0019,car,565,0.3534530063653479,0,0,0,2
0019,car,566,0.5011560023937418,0,0,0,2
0019,car,567,1.118385061398286,0,0,0,2
0019,car,568,1.503805526789402,0,0,0,2
0019,car,569,2.77406824962759,0,0,0,2
0019,car,570,1.9969062976547853,0,0,0,2
0019,car,571,1.2342120091027218,0,0,0,2
0019,car,572,0.620948993182707,0,0,0,2
0019,car,573,1.2329805648709633,0,0,0,2
0019,car,574,1.297503574194188,0,0,0,2
0019,car,575,1.4686313746095891,0,0,0,2
0019,car,576,1.1825117169806059,0,0,0,2
0019,car,577,0.8719713147548401,0,0,0,2
0019,car,578,1.212987045709845,0,0,0,2
0019,car,579,2.0018142234890166,0,0,0,2
0019,car,580,2.237440076570113,0,0,0,2
0019,car,581,1.9873675624872131,0,0,0,2
0019,car,582,1.5248481370690081,0,0,0,2
0019,car,583,1.295922371487066,0,0,0,2
0019,car,584,1.6159720107619948,0,0,0,2
0019,car,585,1.4939409550329894,0,0,0,2
0019,car,586,1.4384223435449788,0,0,0,2
0019,car,587,1.543269745486878,0,0,0,2
0019,car,588,1.0371437376177213,0,0,0,2
0019,car,589,0.9974735442947421,0,0,0,2
0019,car,590,1.3184441278986567,0,0,0,2
0019,car,591,0.9601211298344307,0,0,0,2
0019,car,592,0.13206202371655731,0,0,0,2
0019,car,593,0.45472764208003336,0,0,0,2
0019,car,594,0.7562966694944566,0,0,0,2
0019,car,595,0.48941498851167076,0,0,0,2
0019,car,596,0.5207984490472939,0,0,0,2
0019,car,597,1.0321268114061877,0,0,0,2
0019,car,598,1.0379515669769466,0,0,0,2
0019,car,599,1.1616491493477727,0,0,0,2
0019,car,600,1.039169301754241,0,0,0,2
0019,car,601,2.5996307772968947,0,0,0,2
0019,car,602,2.201913531667995,0,0,0,2
0019,car,603,1.9201343404517979,0,0,0,2
0019,car,604,1.2547613397563202,0,0,0,2
0019,car,605,1.6166936711705375,0,0,0,2
0019,car,606,1.5982283623340114,0,0,0,2
0019,car,607,1.9957239688835857,0,0,0,2
0019,car,608,1.4431397272297608,0,0,0,2
0019,car,609,1.0498909893324513,0,0,0,2
0019,car,610,0.721483128774865,0,0,0,2
0019,car,611,0.9612360436041919,0,0,0,2
0019,car,612,0.7141788369138726,0,0,0,2
0019,car,613,0.20409773505315457,0,0,0,2
0019,car,614,0.5154313948296586,0,0,0,2
0019,car,615,0.9137036633555277,0,0,0,2
0019,car,616,0.7431390794396979,0,0,0,2
0019,car,617,0.41623354131445034,0,0,0,2
0019,car,618,0.5994448607079158,0,0,0,2
0019,car,619,0.8564015885522485,0,0,0,2
0019,car,620,1.9179968186252991,0,0,0,2
0019,car,621,1.1219108595901888,0,0,0,2
0019,car,622,1.0490006276903678,0,0,0,2
0019,car,623,1.069555648121673,0,0,0,2
0019,car,624,0.5089528012564534,0,0,0,2
0019,car,625,1.3001823606622471,0,0,0,2
0019,car,626,0.9094183842541655,0,0,0,2
0019,car,627,0.850336788739825,0,0,0,2
0019,car,628,0.7431225184432703,0,0,0,2
0019,car,629,0.6822976345017225,0,0,0,2
0019,car,630,0.5713911181223867,0,0,0,2
0019,car,631,0.6633445734614608,0,0,0,2
0019,car,632,0.44568269664925747,0,0,0,2
0019,car,633,0.5034205440894635,0,0,0,2
0019,car,634,0.4063633449606343,0,0,0,2
0019,car,635,0.5041382008429008,0,0,0,2
0019,car,636,0.6066322301898497,0,0,0,2
0019,car,637,0.4673092170271152,0,0,0,2
0019,car,638,0.4542277162799576,0,0,0,2
0019,car,639,0.38138679334892345,0,0,0,2
0019,car,640,0.5092512117729918,0,0,0,2
0019,car,641,0.35933677396548586,0,0,0,2
0019,car,642,0.485132110251949,0,0,0,2
0019,car,643,0.33271783977792574,0,0,0,2
0019,car,644,0.7155614525825351,0,0,0,2
0019,car,645,0.5222793051716966,0,0,0,2
0019,car,646,0.6184269758830578,0,0,0,2
0019,car,647,0.45685718563607985,0,0,0,2
0019,car,648,0.46540034097405797,0,0,0,2
0019,car,649,0.516755122369735,0,0,0,2
0019,car,650,0.4440425199548588,0,0,0,2
0019,car,651,0.4463114490530609,0,0,0,2
0019,car,652,0.5276563941086311,0,0,0,2
0019,car,653,0.921569190012203,0,0,0,2
0019,car,654,0.9692987995698837,0,0,0,2
0019,car,655,1.31804801024523,0,0,0,2
0019,car,656,0.5288757029089188,0,0,0,2
0019,car,657,0.9103786607704869,0,0,0,2
0019,car,658,0.6469587483844538,0,0,0,2
0019,car,659,0.9899918611892013,0,0,0,2
0019,car,660,0.5959642104053706,0,0,0,2
0019,car,661,0.6968267883428636,0,0,0,2
0019,car,662,0.34969587868839597,0,0,0,2
0019,car,663,0.5182299705861639,0,0,0,2
0019,car,664,0.45372020004805047,0,0,0,2
0019,car,665,0.4252960974967324,0,0,0,2
0019,car,666,0.534095153753989,0,0,0,2
0019,car,667,0.4064618211938412,0,0,0,2
0019,car,668,0.7798434431845768,0,0,0,2
0019,car,669,0.7304584266498761,0,0,0,2
0019,car,670,0.8947309075707245,0,0,0,2
0019,car,671,0.5804238404175381,0,0,0,2
0019,car,672,0.6472767576774846,0,0,0,2
0019,car,673,0.7887490108537284,0,0,0,2
0019,car,674,0.8773507630284741,0,0,0,2
0019,car,675,0.5670503709890755,0,0,0,2
0019,car,676,0.5713975035653095,0,0,0,2
0019,car,677,0.32635228281465334,0,0,0,2
0019,car,678,0.6040377725201378,0,0,0,2
0019,car,679,0.6873253328496262,0,0,0,2
0019,car,680,0.41319971576770315,0,0,0,2
0019,car,681,0.5421869457752485,0,0,0,2
0019,car,682,0.5534704060146178,0,0,0,2
0019,car,683,0.7331384874409074,0,0,0,2
0019,car,684,0.4668029977727181,0,0,0,2
0019,car,685,0.5097465669357202,0,0,0,2
0019,car,686,0.33739026570357006,0,0,0,2
0019,car,687,0.5431342949117627,0,0,0,2
0019,car,688,0.4552076113076652,0,0,0,2
0019,car,689,0.5044983799200242,0,0,0,2
0019,car,690,0.5225359951505895,0,0,0,2
0019,car,691,0.47738667033601123,0,0,0,2
0019,car,692,0.6685174299560894,0,0,0,2
0019,car,693,0.5396916187760131,0,0,0,2
0019,car,694,0.5967117500611172,0,0,0,2
0019,car,695,0.6300496926288663,0,0,0,2
0019,car,696,0.7101391534769088,0,0,0,2
0019,car,697,0.8565294183745848,0,0,0,2
0019,car,698,1.2439099998926966,0,0,0,2
0019,car,699,0.4802583235190013,0,0,0,2
0019,car,700,0.48268534954362424,0,0,0,2
0019,car,701,0.29607344404750924,0,0,0,2
0019,car,702,0.7723445705922208,0,0,0,2
0019,car,703,0.5167685743153985,0,0,0,2
0019,car,704,0.568255265545413,0,0,0,2
0019,car,705,0.3782287424420986,0,0,0,2
0019,car,706,0.38739265577958504,0,0,0,2
0019,car,707,0.728658749911142,0,0,0,2
0019,car,708,0.4047892199543203,0,0,0,2
0019,car,709,0.5106394567125355,0,0,0,2
0019,car,710,0.429300696530949,0,0,0,2
0019,car,711,0.5731591153714899,0,0,0,2
0019,car,712,0.5791831738976493,0,0,0,2
0019,car,713,0.3901278969129343,0,0,0,2
0019,car,714,0.45262855984263917,0,0,0,2
0019,car,715,0.534308730193334,0,0,0,2
0019,car,716,0.5021085057878624,0,0,0,2
0019,car,717,0.6537817847307709,0,0,0,2
0019,car,718,0.530163631471779,0,0,0,2
0019,car,719,0.611497291791232,0,0,0,2
0019,car,720,0.40933941383290123,0,0,0,2
0019,car,721,0.5168974358433672,0,0,0,2
0019,car,722,0.5192337988721137,0,0,0,2
0019,car,723,0.4433260792614656,0,0,0,2
0019,car,724,0.4630708976336369,0,0,0,1
0019,car,725,0.15065817413395133,0,0,0,1
0019,car,726,0.16296249948081706,0,0,0,1
0019,car,727,0.2172876713479425,0,0,0,1
0019,car,728,0.3065230163799123,0,0,0,1
0019,car,729,0.1260570605398163,0,0,0,1
0019,car,730,0.12338226907534033,1,1,0,1
0019,car,731,0.1866837293665011,0,0,0,1
0019,car,732,0.14192737119733656,0,0,0,1
0019,car,733,0.10702287888050145,0,0,0,1
0019,car,734,0.17437434262834783,0,0,0,1
0019,car,735,0.27108089118246453,0,0,0,1
0019,car,736,0.2494193495483753,0,0,0,1
0019,car,737,0.3138340548544427,0,0,0,1
0019,car,738,0.28223248418473845,0,0,0,1
0019,car,739,0.32236013927940615,0,0,0,1
0019,car,740,0.3171446520213552,0,0,0,1
0019,car,741,0.3507906203289167,0,0,0,1
0019,car,742,0.36584833231559744,0,0,0,1
0019,car,743,0.5724240672213292,0,0,0,1
0019,car,744,0.540826823018501,0,0,0,1
0019,car,745,0.6552130053622082,0,0,0,1
0019,car,746,0.5669837779577955,0,0,0,1
0019,car,747,0.6668070269964965,0,0,0,1
0019,car,748,0.6672875319052236,0,0,0,1
0019,car,749,0.6525516787121672,0,0,0,1
0019,car,750,0.5761552688932039,0,0,0,1
0019,car,751,0.5441474489025491,0,0,0,1
0019,car,752,0.45966304290664955,0,0,0,1
0019,car,753,0.37870578636413044,0,0,0,1
0019,car,754,0.2456346491055919,0,0,0,1
0019,car,755,0.2435688369891394,0,0,0,1
0019,car,756,0.3202401311642343,0,0,0,1
0019,car,757,0.3507436714546871,0,0,0,1
0019,car,758,0.4485180319293361,0,0,0,1
0019,car,759,0.440457619426722,0,0,0,1
0019,car,760,0.4525956391963237,0,0,0,1
0019,car,761,0.5129872260370534,0,0,0,1
0019,car,762,0.6102983935763026,0,0,0,1
0019,car,763,0.6283959337449502,0,0,0,1
0019,car,764,0.6812068897172121,0,0,0,1
0019,car,765,1.0420690817602065,0,0,0,1
0019,car,766,1.7014774041192644,0,0,0,1
0019,car,767,1.621076377732377,1,1,0,1
0019,car,768,1.6553812143050781,0,0,0,1
0019,car,769,1.527971908734648,0,0,0,1
0019,car,770,1.629044810818868,0,0,0,1
0019,car,771,2.409143016868864,0,0,0,1
0019,car,772,2.640045889662491,0,0,0,1
0019,car,773,3.429510335949944,0,0,0,1
0019,car,774,3.462632611970001,0,0,0,1
0019,car,775,4.143803341443375,0,0,0,1
0019,car,776,5.577751027093239,0,0,0,1
0019,car,777,5.709388971582054,0,0,0,1
0019,car,778,8.075383985065983,0,0,0,1
0019,car,779,9.231260753330572,0,0,0,1
0019,car,780,11.514381210667082,0,0,0,1
0019,car,781,4.264845884543526,0,0,0,1
0019,car,782,7.646899124068573,0,0,0,1
0019,car,783,10.331633159117908,0,0,0,1
0019,car,784,13.147038018492482,0,0,0,1
0019,car,785,16.16224496152585,0,0,0,1
0019,car,786,21.75190335919495,0,0,0,1
0019,car,787,23.91309069358697,0,0,0,1
0019,car,788,35.51172495967631,0,0,0,1
0019,car,789,44.314370546921594,0,1,-1,1
0019,car,790,65.86559565227424,0,1,-1,1
0019,car,936,0.958546018039375,0,0,0,1
0019,car,937,0.9202629465623331,0,0,0,1
0019,car,938,0.899325632725499,0,0,0,1
0019,car,939,0.8946765850804353,0,0,0,1
0019,car,940,0.8449107915810402,0,0,0,1
0019,car,941,0.8049020880794007,0,0,0,1
0019,car,942,0.7211635340385146,0,0,0,1
0019,car,943,0.6726631792248915,0,0,0,1
0019,car,944,0.7044809869245192,0,0,0,1
0019,car,945,0.5933798906094299,0,0,0,1
0019,car,946,0.6264772079818527,0,0,0,1
0019,car,947,0.5427896131529926,0,0,0,1
0019,car,948,0.5323615316414158,0,0,0,1
0019,car,949,0.5786216795781098,0,0,0,1
0019,car,950,0.5249125772227597,0,0,0,1
0019,car,951,0.5232019882546919,0,0,0,1
0019,car,952,0.5537182682280266,0,0,0,1
0019,car,953,0.44107206126279036,0,0,0,1
0019,car,954,0.44027601978178965,0,0,0,1
0019,car,955,0.3532464036257077,0,0,0,1
0019,car,956,0.31931997851843313,0,0,0,1
0019,car,957,0.35933802632077827,0,0,0,1
0019,car,958,0.3102086545213694,0,0,0,1
0019,car,959,0.3467632022338003,0,0,0,1
0019,car,960,0.41701584012318826,0,0,0,1
0019,car,961,0.5863425241881572,0,0,0,1
0019,car,962,0.9706452594348393,0,0,0,1
0019,car,963,1.080299946440195,0,0,0,1
0019,car,964,1.2256436775887414,0,0,0,1
0019,car,965,1.670864389197289,0,0,0,1
0019,car,966,1.8142636425776661,0,0,0,1
0019,car,967,2.31050065886454,0,0,0,1
0019,car,968,2.4374756716401422,0,0,0,1
0019,car,969,2.761025318244201,0,0,0,1
0019,car,970,3.4159444211049395,0,0,0,2
0019,car,971,3.150076590022347,0,0,0,2
0019,car,972,3.5845062721309517,0,0,0,1
0019,car,973,4.040231432338883,0,0,0,1
0019,car,974,4.289091576537984,0,0,0,1
0019,car,975,5.175008618886515,0,0,0,1
0019,car,976,4.653712440420378,0,0,0,1
0019,car,977,4.405131463612916,0,0,0,1
0019,car,978,4.4269661240587554,0,0,0,1
0019,car,979,3.502796226721667,0,0,0,1
0019,car,980,3.2757862926398866,0,0,0,1
0019,car,981,2.581257098716683,0,0,0,1
0019,car,982,2.0723627617687455,0,0,0,1
0019,car,983,1.9692287216557565,0,0,0,1
0019,car,984,0.5416912461443897,0,0,0,1
0019,car,985,0.6072762181717021,0,0,0,1
0019,car,986,0.5908459239982017,0,0,0,1
0019,car,987,0.6293682156749352,0,0,0,1
0019,car,988,0.6321737225587923,0,0,0,1
0019,car,989,0.5643257307358833,0,0,0,1
0019,car,990,0.641496295480487,0,0,0,1
0019,car,991,0.5656209854106584,0,0,0,1
0019,car,992,0.5605765568845537,0,0,0,1
0019,car,993,1.469184225227727,0,0,0,1
0019,car,994,1.3425102927396226,0,0,0,1
0019,car,995,1.3030567244682754,0,0,0,1
0019,car,996,0.4847802075107935,0,0,0,1
0019,car,997,0.5048962505816659,0,0,0,1
0019,car,998,1.5497592784588965,0,0,0,1
0019,car,999,1.2132739833067956,0,0,0,1
0019,car,1000,1.5559529008024906,0,0,0,1
0019,car,1001,2.1414158206773344,0,0,0,1
0019,car,1002,1.458980788442687,0,0,0,1
0019,car,1003,2.0878807962947636,0,0,0,1
0019,car,1004,1.3702478214780256,0,0,0,1
0019,car,1005,1.8174140253525102,0,0,0,1
0019,car,1006,1.2461532273171816,0,0,0,1
0019,car,1007,1.6082349213133007,0,0,0,1
0019,car,1008,1.0346185108958497,0,0,0,1
0019,car,1009,1.315311331536676,0,0,0,1
0019,car,1010,0.9299258338662396,0,0,0,1
0019,car,1011,1.143586823031588,0,0,0,1
0019,car,1012,0.7905502319420022,0,0,0,1
0019,car,1013,0.6876576723347702,0,0,0,1
0019,car,1014,0.8746656447219776,0,0,0,1
0019,car,1015,0.6037325574736503,0,0,0,1
0019,car,1016,0.7494607665087601,0,0,0,1
0019,car,1017,0.49188044681977544,0,0,0,1
0019,car,1018,0.6519617216502755,0,0,0,1
0019,car,1019,0.4996197247925682,0,0,0,1
0019,car,1020,0.8699718724216953,0,0,0,1
0019,car,1021,0.5367676913741578,0,0,0,1
0019,car,1022,0.6788768847211414,0,0,0,1
0019,car,1023,0.4422625210881861,0,0,0,1
0019,car,1024,0.6794085448877655,0,0,0,1
0019,car,1025,0.5804218020459576,0,0,0,1
0019,car,1026,0.5217104680807654,0,0,0,1
0019,car,1027,0.5951655740649308,0,0,0,1
0019,car,1028,0.4002038727228372,0,0,0,1
0019,car,1029,0.7655357069020686,0,0,0,1
0019,car,1030,0.4835443613836616,0,0,0,1
0019,car,1031,0.5413505019877083,0,0,0,1
0019,car,1032,0.34881056215675504,0,0,0,1
0019,car,1033,0.5019527142522996,0,0,0,1
0019,car,1034,0.46256332067756356,0,0,0,1
0019,car,1035,0.5258620615361984,0,0,0,1
0019,car,1036,0.34266607704602936,0,0,0,1
0019,car,1037,0.3899361461714493,0,0,0,1
0019,car,1038,0.24864468881256732,0,0,0,1
0019,car,1039,0.6073370534257507,0,0,0,1
0019,car,1040,0.38176677429228917,0,0,0,1
0019,car,1041,0.32220890542020464,0,0,0,1
0019,car,1042,0.3923318592615367,0,0,0,1
0019,car,1043,0.3231148153233813,0,0,0,1
0019,car,1044,4.406055559211495,0,0,0,1
0019,car,1045,3.813789875763815,0,0,0,1
0019,car,1046,4.330897300188568,0,0,0,1
0019,car,1047,2.8605067246147717,0,0,0,1
0019,car,1048,2.6363160549991314,0,0,0,1
0019,car,1049,1.8846256038265372,0,0,0,1
0019,car,1050,2.2597164565037584,0,0,0,1
0019,car,1051,1.6995214080746717,0,0,0,1
0019,car,1052,2.015642884427896,0,0,0,1
0019,car,1053,1.5983813959316588,0,0,0,1
0019,car,1054,1.579116623018764,0,0,0,1
0019,car,1055,0.07349839223626908,0,0,0,1
0019,car,1056,0.07856253658376725,0,0,0,1
0019,car,1057,0.17382584337668103,0,0,0,1
0019,car,1058,0.126598498586623,0,0,0,1
0019,pedestrian,1,0.0964254474247579,0,0,0,2
0019,pedestrian,2,0.061509355497364214,0,0,0,2
0019,pedestrian,3,0.05574477409554373,0,0,0,2
0019,pedestrian,4,0.06053266120966841,0,0,0,2
0019,pedestrian,5,0.1316599419019032,0,0,0,2
0019,pedestrian,6,0.127570651082396,0,0,0,2
0019,pedestrian,7,0.11746130961042678,0,0,0,2
0019,pedestrian,8,0.2213586882535063,0,0,0,2
0019,pedestrian,9,0.359344553966499,0,0,0,2
0019,pedestrian,10,0.28234441619951933,0,0,0,2
0019,pedestrian,11,0.30431227028922997,0,0,0,2
0019,pedestrian,12,0.30085618909536793,0,0,0,2
0019,pedestrian,13,0.19415849738157176,0,0,0,2
0019,pedestrian,14,0.16364771001871004,0,0,0,2
0019,pedestrian,15,0.21834456568904675,0,0,0,2
0019,pedestrian,16,0.20248653060310579,0,0,0,2
0019,pedestrian,17,0.24317313685286443,0,0,0,2
0019,pedestrian,18,0.3058479674995051,0,0,0,2
0019,pedestrian,19,0.31949684624810204,0,0,0,2
0019,pedestrian,20,0.29510065112907935,0,0,0,2
0019,pedestrian,21,0.33692245114664643,0,0,0,2
0019,pedestrian,22,0.35715344164955565,0,0,0,2
0019,pedestrian,23,0.3788037480278897,0,0,0,2
0019,pedestrian,24,0.6230177167829969,0,0,0,2
0019,pedestrian,25,0.7401660179785495,0,0,0,2
0019,pedestrian,26,0.6766918027913205,0,0,0,2
0019,pedestrian,27,0.6509151240201931,0,0,0,2
0019,pedestrian,28,0.769173398306928,0,0,0,2
0019,pedestrian,29,0.8166092029855323,0,0,0,2
0019,pedestrian,30,0.9655397433321102,0,0,0,2
0019,pedestrian,31,1.0478516114119498,0,0,0,2
0019,pedestrian,32,1.2623954970632953,0,0,0,2
0019,pedestrian,33,1.5506792405174907,0,0,0,2
0019,pedestrian,34,1.6614863849356145,0,0,0,2
0019,pedestrian,35,2.2781975974541977,0,0,0,2
0019,pedestrian,36,2.437306145161491,0,0,0,2
0019,pedestrian,37,2.8287671195661854,0,0,0,2
0019,pedestrian,38,3.9566124814197368,0,0,0,2
0019,pedestrian,39,4.189287603503841,0,0,0,2
0019,pedestrian,40,6.150738878262564,0,0,0,2
0019,pedestrian,41,3.5071809950493464,0,0,0,2
0019,pedestrian,42,5.927565864685052,0,0,0,2
0019,pedestrian,43,7.448501254342031,0,0,0,2
0019,pedestrian,44,6.960041983132075,0,0,0,2
0019,pedestrian,45,7.530034399178975,0,0,0,2
0019,pedestrian,46,9.008441502192126,0,0,0,2
0019,pedestrian,47,4.428150886182549,0,0,0,2
0019,pedestrian,48,6.988112994703238,0,0,0,2
0019,pedestrian,49,6.371816077047228,0,0,0,2
0019,pedestrian,50,6.799022103821883,0,0,0,2
0019,pedestrian,51,7.9032609150587705,0,0,0,2
0019,pedestrian,52,7.469497196135876,0,0,0,2
0019,pedestrian,53,8.248524309575803,0,0,0,2
0019,pedestrian,54,7.740199994203458,0,0,0,2
0019,pedestrian,55,8.282354244198839,0,0,0,2
0019,pedestrian,56,9.902948357584759,0,0,0,2
0019,pedestrian,57,9.592844243423897,0,0,0,2
0019,pedestrian,58,10.955837352191391,0,0,0,2
0019,pedestrian,59,10.509110058567586,0,0,0,2
0019,pedestrian,60,10.711552525175733,0,0,0,2
0019,pedestrian,61,12.589240547375637,0,0,0,2
0019,pedestrian,62,11.84199135551208,0,0,0,2
0019,pedestrian,63,14.05188809507388,0,0,0,2
0019,pedestrian,64,13.794041317495358,0,0,0,2
0019,pedestrian,65,14.248716659101998,0,0,0,2
0019,pedestrian,66,16.533850934545136,0,0,0,2
0019,pedestrian,67,13.661572059888318,0,0,0,2
0019,pedestrian,68,12.622870121868777,0,0,0,2
0019,pedestrian,69,13.127017493103462,0,0,0,2
0019,pedestrian,70,11.312758317281762,0,0,0,2
0019,pedestrian,71,0.09650637156243007,0,0,0,2
0019,pedestrian,72,1.0807674804558272,0,0,0,2
0019,pedestrian,73,1.0484179597993242,0,0,0,2
0019,pedestrian,74,0.9738733615717554,0,0,0,2
0019,pedestrian,75,0.8426745315441195,0,0,0,2
0019,pedestrian,76,0.7559038422389543,0,0,0,2
0019,pedestrian,77,0.7042025504827899,0,0,0,3
0019,pedestrian,78,0.1697824510022234,0,0,0,4
0019,pedestrian,79,0.15948001507802356,0,0,0,4
0019,pedestrian,80,0.17903114064593945,0,0,0,4
0019,pedestrian,81,0.11566365476879784,0,0,0,4
0019,pedestrian,82,0.07928941516758325,0,0,0,4
0019,pedestrian,83,0.026629330741263082,0,0,0,4
0019,pedestrian,84,0.10205640054279763,0,0,0,4
0019,pedestrian,85,0.17238346824960576,0,0,0,5
0019,pedestrian,86,0.1512633726711968,0,0,0,5
0019,pedestrian,87,0.23933909461417416,0,0,0,5
0019,pedestrian,88,0.27810612699641357,0,0,0,5
0019,pedestrian,89,0.30535317728011147,1,1,0,5
0019,pedestrian,90,0.3519589606969568,0,0,0,5
0019,pedestrian,91,0.3679451941635727,0,0,0,5
0019,pedestrian,92,0.4776909518289553,0,0,0,5
0019,pedestrian,93,0.48016628258188526,0,0,0,5
0019,pedestrian,94,0.46638355461454284,0,0,0,5
0019,pedestrian,95,0.5330708173406988,1,1,0,5
0019,pedestrian,96,0.5531915470941914,0,0,0,5
0019,pedestrian,97,0.7583631810788566,0,0,0,5
0019,pedestrian,98,0.7682725743467633,0,0,0,5
0019,pedestrian,99,0.9239836558277853,0,0,0,5
0019,pedestrian,100,1.2468211372672418,0,0,0,5
0019,pedestrian,101,1.2274556535928982,0,0,0,6
0019,pedestrian,102,0.9998214505696654,0,0,0,6
0019,pedestrian,103,1.1053522046845938,0,0,0,6
0019,pedestrian,104,1.0454886368404848,0,0,0,6
0019,pedestrian,105,1.0298459154364625,0,0,0,6
0019,pedestrian,106,0.6803037946306101,0,0,0,6
0019,pedestrian,107,0.5308959134457458,0,0,0,6
0019,pedestrian,108,0.5327991753706818,0,0,0,6
0019,pedestrian,109,0.5303428532194056,0,0,0,6
0019,pedestrian,110,0.6256273617654957,0,0,0,6
0019,pedestrian,111,0.6166261829596451,0,0,0,6
0019,pedestrian,112,0.7049859611755812,0,0,0,8
0019,pedestrian,113,0.277739803397875,0,0,0,7
0019,pedestrian,114,0.19372608849352305,0,0,0,7
0019,pedestrian,115,0.2406644797796743,0,0,0,7
0019,pedestrian,116,0.23633324301933337,0,0,0,7
0019,pedestrian,117,0.22878463205649688,0,0,0,7
0019,pedestrian,118,0.282067810413845,0,0,0,7
0019,pedestrian,119,0.2860853051783809,0,0,0,7
0019,pedestrian,120,0.3257144063711994,0,0,0,8
0019,pedestrian,121,0.2408123423020641,0,0,0,8
0019,pedestrian,122,0.22316582667121976,0,0,0,8
0019,pedestrian,123,0.2766038444408816,0,0,0,8
0019,pedestrian,124,0.26902348351777966,0,0,0,8
0019,pedestrian,125,0.27757142661161205,0,0,0,7
0019,pedestrian,126,0.41116479517110704,0,0,0,7
0019,pedestrian,127,0.3296397984197428,0,0,0,7
0019,pedestrian,128,0.3433333565288415,0,0,0,7
0019,pedestrian,129,0.34088776821033634,0,0,0,6
0019,pedestrian,130,0.2755339718131467,0,0,0,6
0019,pedestrian,131,0.33828412414286263,0,0,0,6
0019,pedestrian,132,0.31011224309539065,0,0,0,6
0019,pedestrian,133,0.35672976747703805,0,0,0,6
0019,pedestrian,134,0.4335633836308056,0,0,0,6
0019,pedestrian,135,0.38512135462532127,0,0,0,6
0019,pedestrian,136,0.5138425934403573,0,0,0,7
0019,pedestrian,137,0.3434628784613037,0,0,0,7
0019,pedestrian,138,0.41541116536498873,0,0,0,8
0019,pedestrian,139,0.4353903125405158,0,0,0,8
0019,pedestrian,140,0.4593672058786381,0,0,0,8
0019,pedestrian,141,0.5097442237956223,0,0,0,8
0019,pedestrian,142,0.6507155566483206,0,0,0,9
0019,pedestrian,143,0.542346715245816,0,0,0,8
0019,pedestrian,144,0.43867409216634956,0,0,0,8
0019,pedestrian,145,0.40773373176200944,0,0,0,9
0019,pedestrian,146,0.38549236629276235,0,0,0,9
0019,pedestrian,147,0.4741261348273205,0,0,0,9
0019,pedestrian,148,0.535001413289544,0,0,0,9
0019,pedestrian,149,0.5621819053170686,0,0,0,9
0019,pedestrian,150,0.5967441565936389,0,0,0,9
0019,pedestrian,151,0.7621584443793196,0,0,0,9
0019,pedestrian,152,1.0020985560627256,0,0,0,8
0019,pedestrian,153,0.9902270100129884,0,0,0,8
0019,pedestrian,154,1.1459731198244234,0,0,0,8
0019,pedestrian,155,1.4673828005290463,0,0,0,8
0019,pedestrian,156,1.50190468647338,0,0,0,8
0019,pedestrian,157,1.3010948952712431,0,0,0,7
0019,pedestrian,158,0.9956204266852104,0,0,0,7
0019,pedestrian,159,1.0161449384170131,0,0,0,7
0019,pedestrian,160,1.1186413921594482,0,0,0,7
0019,pedestrian,161,0.6157501783903633,0,0,0,7
0019,pedestrian,162,0.5364351860146481,0,0,0,6
0019,pedestrian,163,0.5916086858885243,0,0,0,7
0019,pedestrian,164,0.6514763237550899,0,0,0,7
0019,pedestrian,165,0.6298493086659656,0,0,0,6
0019,pedestrian,166,0.5797795659232061,0,0,0,6
0019,pedestrian,167,0.5752227762036576,0,0,0,6
0019,pedestrian,168,0.5863762770946839,0,0,0,6
0019,pedestrian,169,0.8691744848898499,0,0,0,6
0019,pedestrian,170,1.242291929516405,0,0,0,6
0019,pedestrian,171,1.4057812114868513,0,0,0,6
0019,pedestrian,172,1.4923056519511733,0,0,0,7
0019,pedestrian,173,1.830009076961093,1,0,1,7
0019,pedestrian,174,1.8746823836388038,0,0,0,7
0019,pedestrian,175,2.189245041563834,1,0,1,7
0019,pedestrian,176,1.7683729050914614,0,0,0,7
0019,pedestrian,177,2.00159190546949,0,0,0,7
0019,pedestrian,178,1.6568048942209925,0,0,0,8
0019,pedestrian,179,1.702834009265256,0,0,0,8
0019,pedestrian,180,1.5563414919896936,0,0,0,8
0019,pedestrian,181,1.7470465710458414,0,0,0,8
0019,pedestrian,182,1.6670746599165225,0,0,0,9
0019,pedestrian,183,2.359178588348422,0,0,0,9
0019,pedestrian,184,1.719285794987494,0,0,0,9
0019,pedestrian,185,2.3912990481591283,0,0,0,10
0019,pedestrian,186,3.368918810960667,0,0,0,10
0019,pedestrian,187,2.3672343250107923,0,1,-1,10
0019,pedestrian,188,2.679643724781119,1,0,1,11
0019,pedestrian,189,1.0091940316991492,0,0,0,11
0019,pedestrian,190,1.0595388530750893,0,1,-1,11
0019,pedestrian,191,0.6312044546069434,1,0,1,11
0019,pedestrian,192,1.3546817659824266,0,0,0,11
0019,pedestrian,193,1.4331920940209932,0,0,0,11
0019,pedestrian,194,1.6980833198390122,0,1,-1,11
0019,pedestrian,195,0.22683965396709554,1,2,-1,10
0019,pedestrian,196,0.4241647813041433,0,0,0,11
0019,pedestrian,197,0.41264062609792274,0,0,0,10
0019,pedestrian,198,0.4174323338479322,0,0,0,11
0019,pedestrian,199,0.5248582551070081,0,0,0,11
0019,pedestrian,200,0.4736106317213753,1,1,0,11
0019,pedestrian,201,0.4915823769643222,0,0,0,11
0019,pedestrian,202,0.441535417146434,0,0,0,11
0019,pedestrian,203,0.5556601926809083,0,0,0,11
0019,pedestrian,204,0.670418537967253,0,0,0,11
0019,pedestrian,205,0.6298931707968892,0,0,0,10
0019,pedestrian,206,0.599316962762658,0,0,0,10
0019,pedestrian,207,0.5795187322300679,0,0,0,10
0019,pedestrian,208,0.45465110435974193,0,0,0,10
0019,pedestrian,209,0.4081772633571181,0,0,0,10
0019,pedestrian,210,0.27967549578379347,0,0,0,10
0019,pedestrian,211,0.22269013825106038,0,0,0,10
0019,pedestrian,212,0.21067415603621098,0,0,0,10
0019,pedestrian,213,0.22203938017523353,1,1,0,10
0019,pedestrian,214,0.3555626178024731,0,0,0,10
0019,pedestrian,215,0.369594682563108,0,0,0,10
0019,pedestrian,216,0.47731338664549244,0,0,0,10
0019,pedestrian,217,0.5756412709093908,1,1,0,10
0019,pedestrian,218,0.49102195405878635,1,1,0,10
0019,pedestrian,219,0.5163520792920953,0,0,0,10
0019,pedestrian,220,0.5697265350432362,0,0,0,11
0019,pedestrian,221,0.5459848951114339,1,1,0,11
0019,pedestrian,222,0.4896888761603495,0,0,0,10
0019,pedestrian,223,0.3941377670986628,0,0,0,10
0019,pedestrian,224,0.3412943357099528,0,0,0,10
0019,pedestrian,225,0.37905729224760465,0,0,0,12
0019,pedestrian,226,0.3733762793839889,0,0,0,11
0019,pedestrian,227,0.30510098143998704,0,0,0,11
0019,pedestrian,228,0.33802449274096397,0,0,0,11
0019,pedestrian,229,0.36645990581077015,0,0,0,11
0019,pedestrian,230,0.47296821844864495,0,0,0,11
0019,pedestrian,231,0.482354282725543,0,0,0,11
0019,pedestrian,232,0.5517958172421586,0,0,0,11
0019,pedestrian,233,0.5372867185731234,0,0,0,11
0019,pedestrian,234,0.616099899834084,0,0,0,11
0019,pedestrian,235,0.7047462685313719,0,0,0,11
0019,pedestrian,236,0.5869059027086633,0,0,0,12
0019,pedestrian,237,0.5018073839679985,0,0,0,12
0019,pedestrian,238,0.4239683455590315,1,1,0,12
0019,pedestrian,239,0.3546382138365277,0,0,0,11
0019,pedestrian,240,0.3153032027057975,1,1,0,11
0019,pedestrian,241,0.2185395357705303,0,0,0,11
0019,pedestrian,242,0.19190954752180245,1,1,0,10
0019,pedestrian,243,0.17938939525367945,1,1,0,10
0019,pedestrian,244,0.22171807575507377,0,0,0,9
0019,pedestrian,245,0.24956481106637202,1,1,0,9
0019,pedestrian,246,0.28090296482749405,0,0,0,9
0019,pedestrian,247,0.37931433661739944,0,0,0,9
0019,pedestrian,248,0.5201949552479279,1,0,1,10
0019,pedestrian,249,0.4287916633967046,0,0,0,10
0019,pedestrian,250,0.44818333653383424,0,0,0,10
0019,pedestrian,251,0.370523125634915,0,0,0,10
0019,pedestrian,252,0.3647557012368212,0,0,0,10
0019,pedestrian,253,0.4360640439107666,1,1,0,11
0019,pedestrian,254,0.2938344606528325,0,0,0,11
0019,pedestrian,255,0.1594552144416705,0,0,0,11
0019,pedestrian,256,0.09603730306495652,1,1,0,11
0019,pedestrian,257,0.08379890657646716,0,0,0,10
0019,pedestrian,258,0.1316793418137935,0,0,0,10
0019,pedestrian,259,0.16133814132656363,0,0,0,10
0019,pedestrian,260,0.15004390365237835,0,0,0,10
0019,pedestrian,261,0.15987836180498358,1,1,0,10
0019,pedestrian,262,0.1431072655001857,0,0,0,10
0019,pedestrian,263,0.19262533633670753,1,1,0,11
0019,pedestrian,264,0.2917787738542158,0,0,0,11
0019,pedestrian,265,0.26601235774797666,1,1,0,11
0019,pedestrian,266,0.31117499897130546,1,1,0,11
0019,pedestrian,267,0.3063739562874889,1,1,0,11
0019,pedestrian,268,0.42931143657167636,0,0,0,11
0019,pedestrian,269,0.40835122594057544,0,0,0,11
0019,pedestrian,270,0.46267628971499863,0,0,0,11
0019,pedestrian,271,0.5272840105542639,0,0,0,11
0019,pedestrian,272,0.5568345963508364,0,0,0,11
0019,pedestrian,273,0.5054220422545243,0,0,0,11
0019,pedestrian,274,0.5901986850734503,0,0,0,11
0019,pedestrian,275,0.6001998401465521,0,0,0,11
0019,pedestrian,276,0.89381064999997,1,1,0,12
0019,pedestrian,277,1.1569461032959878,0,0,0,12
0019,pedestrian,278,1.3477021136341354,0,0,0,12
0019,pedestrian,279,1.4284820275328773,0,0,0,12
0019,pedestrian,280,1.2313245457847402,0,0,0,12
0019,pedestrian,281,1.4270601579522877,0,0,0,12
0019,pedestrian,282,1.7879458027143622,0,0,0,12
0019,pedestrian,283,1.552450497382896,0,0,0,12
0019,pedestrian,284,1.7126824739363626,0,0,0,12
0019,pedestrian,285,1.2419435742524405,0,0,0,11
0019,pedestrian,286,1.7206793365681166,1,1,0,11
0019,pedestrian,287,1.5728956418052142,0,0,0,10
0019,pedestrian,288,0.623388988633213,0,0,0,9
0019,pedestrian,289,0.6989185732740762,0,0,0,9
0019,pedestrian,290,0.640346076701306,0,0,0,9
0019,pedestrian,291,0.6800995207659033,0,0,0,9
0019,pedestrian,292,0.7598138378046968,0,0,0,9
0019,pedestrian,293,0.6131862764725713,0,0,0,8
0019,pedestrian,294,0.6627179584180691,0,0,0,9
0019,pedestrian,295,0.6068456458363444,0,0,0,9
0019,pedestrian,296,0.4084483531906898,0,0,0,9
0019,pedestrian,297,0.4603839165054656,0,0,0,9
0019,pedestrian,298,0.5160682652194007,0,0,0,9
0019,pedestrian,299,0.34167430440849433,0,0,0,9
0019,pedestrian,300,0.5389495983158002,1,1,0,9
0019,pedestrian,301,0.5459233781267971,0,0,0,10
0019,pedestrian,302,0.9102343176852496,0,0,0,10
0019,pedestrian,303,1.0174339354092694,0,0,0,10
0019,pedestrian,304,0.9887908200311952,0,0,0,10
0019,pedestrian,305,1.0984293045482665,0,0,0,10
0019,pedestrian,306,0.9453960805675401,0,0,0,10
0019,pedestrian,307,1.0757155645888163,0,0,0,10
0019,pedestrian,308,1.1557811265810962,0,0,0,10
0019,pedestrian,309,0.7549045696901536,0,0,0,10
0019,pedestrian,310,0.6309936852677425,0,0,0,10
0019,pedestrian,311,0.5955586654305699,0,0,0,10
0019,pedestrian,312,0.5581307083882128,0,0,0,10
0019,pedestrian,313,0.5525437377380535,0,0,0,10
0019,pedestrian,314,0.46330805654701823,0,0,0,10
0019,pedestrian,315,0.3680106474176634,0,0,0,10
0019,pedestrian,316,0.29278860372269544,0,0,0,10
0019,pedestrian,317,0.3094054666244205,1,1,0,10
0019,pedestrian,318,0.2754995729031373,0,0,0,10
0019,pedestrian,319,0.25478964148444183,0,0,0,10
0019,pedestrian,320,0.2707758324585265,1,1,0,10
0019,pedestrian,321,0.29484496111681757,1,1,0,10
0019,pedestrian,322,0.258208743539196,0,0,0,10
0019,pedestrian,323,0.3107362096263028,0,0,0,10
0019,pedestrian,324,0.2875579918209289,0,0,0,10
0019,pedestrian,325,0.2782292718947002,0,0,0,10
0019,pedestrian,326,0.3264642831057657,1,1,0,10
0019,pedestrian,327,0.3340624647895628,0,0,0,10
0019,pedestrian,328,0.3425821959429431,0,0,0,10
0019,pedestrian,329,0.328494949809183,1,1,0,10
0019,pedestrian,330,0.35923320418320615,0,0,0,10
0019,pedestrian,331,0.4151422473461863,1,1,0,10
0019,pedestrian,332,0.3804180363634109,0,0,0,10
0019,pedestrian,333,0.4063257727423464,0,0,0,10
0019,pedestrian,334,0.3453823073500656,1,1,0,10
0019,pedestrian,335,0.3120347488604762,0,0,0,10
0019,pedestrian,336,0.33241162203474883,1,1,0,10
0019,pedestrian,337,0.2855729465733201,0,0,0,10
0019,pedestrian,338,0.2787983372216396,0,0,0,10
0019,pedestrian,339,0.3183263035215883,0,0,0,10
0019,pedestrian,340,0.270832699588583,0,1,-1,10
0019,pedestrian,341,0.2748008899639849,1,0,1,10
0019,pedestrian,342,0.25344492397282675,0,0,0,10
0019,pedestrian,343,0.24366127445842045,1,0,1,10
0019,pedestrian,344,0.2590363203093108,0,1,-1,9
0019,pedestrian,345,0.279215122381662,0,0,0,9
0019,pedestrian,346,0.340977205493117,0,0,0,9
0019,pedestrian,347,0.3289296902795309,0,0,0,9
0019,pedestrian,348,0.3493818641611375,0,0,0,9
0019,pedestrian,349,0.4039583520646717,0,0,0,9
0019,pedestrian,350,0.38397912089657166,0,0,0,9
0019,pedestrian,351,0.4336893364782772,0,0,0,9
0019,pedestrian,352,0.4898090778254599,0,0,0,9
0019,pedestrian,353,0.4219261598354455,0,0,0,9
0019,pedestrian,354,0.5134667901191363,0,0,0,9
0019,pedestrian,355,0.4828993348460587,0,0,0,9
0019,pedestrian,356,0.4839699594507423,0,0,0,9
0019,pedestrian,357,0.5739152520919845,1,1,0,9
0019,pedestrian,358,0.5072872690081903,1,1,0,9
0019,pedestrian,359,0.5340971353045104,0,0,0,9
0019,pedestrian,360,0.4621649339179446,0,1,-1,9
0019,pedestrian,361,0.5827917348695768,0,0,0,9
0019,pedestrian,362,0.6423563575771234,1,1,0,8
0019,pedestrian,363,0.5456010790800402,0,0,0,10
0019,pedestrian,364,0.7781640954667168,2,1,1,10
0019,pedestrian,365,0.9117451311404261,0,1,-1,10
0019,pedestrian,366,0.8975997433366587,0,0,0,10
0019,pedestrian,367,1.0356130149024203,0,0,0,10
0019,pedestrian,368,0.9748101334383236,1,1,0,11
0019,pedestrian,369,1.4782433479121726,0,0,0,11
0019,pedestrian,370,1.8669267277728296,0,0,0,10
0019,pedestrian,371,1.815480566904874,1,1,0,10
0019,pedestrian,372,2.0785352007813023,2,2,0,10
0019,pedestrian,373,1.8168952933287856,1,1,0,10
0019,pedestrian,374,1.746653598127717,0,0,0,10
0019,pedestrian,375,2.1188798208541226,0,0,0,10
0019,pedestrian,376,2.0638099477155087,2,2,0,10
0019,pedestrian,377,2.081910164974269,0,0,0,10
0019,pedestrian,378,2.358912077102768,0,0,0,10
0019,pedestrian,379,2.1640634786863067,1,1,0,10
0019,pedestrian,380,2.4785720925350714,1,1,0,10
0019,pedestrian,381,2.5998512795256827,1,1,0,10
0019,pedestrian,382,3.0874457631387595,0,0,0,8
0019,pedestrian,383,2.886837319203041,0,0,0,8
0019,pedestrian,384,2.9031612186506655,1,0,1,8
0019,pedestrian,385,3.501209048633106,0,0,0,7
0019,pedestrian,386,4.00526764406902,0,0,0,7
0019,pedestrian,387,2.810794717801287,0,0,0,6
0019,pedestrian,388,2.873616406615625,0,0,0,7
0019,pedestrian,389,2.4746207163486336,0,0,0,6
0019,pedestrian,390,1.9502226744632534,0,0,0,6
0019,pedestrian,391,2.1860793017561657,0,0,0,6
0019,pedestrian,392,1.984430608196536,0,0,0,6
0019,pedestrian,393,2.135438181268224,0,0,0,6
0019,pedestrian,394,2.0548723731072243,0,0,0,5
0019,pedestrian,395,1.357269493510267,0,0,0,5
0019,pedestrian,396,1.4432528667787223,0,0,0,5
0019,pedestrian,397,1.2504924816196548,0,0,0,5
0019,pedestrian,398,1.189326473792096,0,0,0,5
0019,pedestrian,399,0.8068061625141366,0,0,0,4
0019,pedestrian,400,0.5419189024979415,0,0,0,4
0019,pedestrian,401,0.5114769610697467,0,0,0,4
0019,pedestrian,402,0.491991643543571,0,0,0,4
0019,pedestrian,403,0.6366747931695151,0,0,0,4
0019,pedestrian,404,0.85320550273408,0,0,0,4
0019,pedestrian,405,0.8890737900374347,0,0,0,4
0019,pedestrian,406,1.010706573178079,0,0,0,4
0019,pedestrian,407,1.2641439996094384,0,0,0,4
0019,pedestrian,408,0.9566112819869081,0,0,0,4
0019,pedestrian,409,1.5833210655257517,0,0,0,4
0019,pedestrian,410,1.4749112700619236,0,0,0,4
0019,pedestrian,411,1.553562361299226,0,0,0,4
0019,pedestrian,412,1.9032080698129676,0,0,0,4
0019,pedestrian,413,1.9611773157420704,0,0,0,4
0019,pedestrian,414,2.053995348694115,0,0,0,4
0019,pedestrian,415,2.2124087853043988,0,0,0,4
0019,pedestrian,416,1.8471443683825681,0,0,0,4
0019,pedestrian,417,1.7737441265507026,0,0,0,4
0019,pedestrian,418,1.3486397220300153,0,0,0,4
0019,pedestrian,419,0.9675619899197062,0,0,0,4
0019,pedestrian,420,0.716148931787284,0,0,0,4
0019,pedestrian,421,0.371974485793106,0,0,0,4
0019,pedestrian,422,0.2776684883232874,0,0,0,4
0019,pedestrian,423,0.1864290510741453,0,0,0,4
0019,pedestrian,424,0.028657052815951232,0,0,0,4
0019,pedestrian,425,0.17201833952815015,0,0,0,4
0019,pedestrian,426,0.3245647885669573,0,0,0,4
0019,pedestrian,427,0.4629581829955949,0,0,0,4
0019,pedestrian,428,0.45647775269230795,0,0,0,4
0019,pedestrian,429,0.34483591476167386,0,0,0,3
0019,pedestrian,430,0.43829518013217006,0,0,0,3
0019,pedestrian,431,0.4346186540640328,0,0,0,3
0019,pedestrian,432,0.44501760664938067,0,0,0,3
0019,pedestrian,433,0.4682057579348472,0,0,0,3
0019,pedestrian,434,0.4936445865875575,0,0,0,3
0019,pedestrian,435,0.5678059963528572,0,0,0,3
0019,pedestrian,436,0.4794900851189264,0,0,0,3
0019,pedestrian,437,0.494583539579627,0,0,0,3
0019,pedestrian,438,0.44970616411353237,0,0,0,3
0019,pedestrian,439,0.43639571991667364,0,0,0,3
0019,pedestrian,440,0.412684378362803,0,0,0,3
0019,pedestrian,441,0.4650736454273709,0,0,0,3
0019,pedestrian,442,0.42346399881719077,0,0,0,3
0019,pedestrian,443,0.4081504400864021,0,0,0,3
0019,pedestrian,444,0.31200147480797147,0,0,0,3
0019,pedestrian,445,0.3410692122346983,0,0,0,3
0019,pedestrian,446,0.2701051286733216,0,0,0,3
0019,pedestrian,447,0.18696361400270653,0,0,0,3
0019,pedestrian,448,0.0646623422244331,0,0,0,3
0019,pedestrian,449,0.11410505091026252,0,0,0,3
0019,pedestrian,450,0.15887092634153163,0,0,0,3
0019,pedestrian,451,0.13805783291185933,0,0,0,3
0019,pedestrian,452,0.13289009406061614,0,0,0,3
0019,pedestrian,453,0.19987365184928618,0,0,0,3
0019,pedestrian,454,0.15826587556729468,0,0,0,3
0019,pedestrian,455,0.12126768852064859,0,0,0,3
0019,pedestrian,456,0.18971422815555422,0,0,0,3
0019,pedestrian,457,0.18579069191933473,0,0,0,3
0019,pedestrian,458,0.2278496584501327,0,0,0,4
0019,pedestrian,459,0.4567429704614754,0,0,0,4
0019,pedestrian,460,0.8173197055886243,0,0,0,4
0019,pedestrian,461,0.8234190293609802,0,0,0,4
0019,pedestrian,462,0.558957676422386,0,0,0,4
0019,pedestrian,463,0.637249631778226,0,0,0,4
0019,pedestrian,464,0.7468303642107272,0,0,0,4
0019,pedestrian,465,0.8238830023642196,0,0,0,4
0019,pedestrian,466,1.0685712035589128,0,0,0,4
0019,pedestrian,467,1.0588770296811056,0,0,0,4
0019,pedestrian,468,1.2025033907600144,0,0,0,4
0019,pedestrian,469,1.3306064648558023,0,0,0,4
0019,pedestrian,470,1.1348235067628343,0,0,0,4
0019,pedestrian,471,1.3972818590068299,0,0,0,4
0019,pedestrian,472,1.1901065609873913,0,0,0,4
0019,pedestrian,473,1.1667662493868494,0,0,0,4
0019,pedestrian,474,1.4007700129941014,0,0,0,4
0019,pedestrian,475,1.1759818654529368,0,0,0,4
0019,pedestrian,476,1.4231777735517355,0,0,0,4
0019,pedestrian,477,1.0606392428054134,0,0,0,4
0019,pedestrian,478,1.1523730880421232,0,0,0,4
0019,pedestrian,479,1.374645383069191,0,0,0,4
0019,pedestrian,480,1.6871558076433626,0,0,0,4
0019,pedestrian,481,1.5367049658100176,0,0,0,4
0019,pedestrian,482,1.7032595006954445,0,0,0,4
0019,pedestrian,483,1.5159545140270898,0,0,0,4
0019,pedestrian,484,1.6280540911885133,0,0,0,4
0019,pedestrian,485,1.4653943387132469,0,0,0,4
0019,pedestrian,486,1.8547255208373437,1,0,1,4
0019,pedestrian,487,1.7874821463299881,1,0,1,4
0019,pedestrian,488,0.8749129333554635,0,0,0,5
0019,pedestrian,489,1.2517417958481114,0,0,0,5
0019,pedestrian,490,0.7106558770934737,0,0,0,5
0019,pedestrian,491,1.2415583947232782,0,0,0,5
0019,pedestrian,492,0.43230377282754484,0,0,0,5
0019,pedestrian,493,1.416935748881138,0,0,0,6
0019,pedestrian,494,2.2158160190260565,0,0,0,6
0019,pedestrian,495,2.7807341432826522,0,0,0,6
0019,pedestrian,496,2.2979294889612736,0,0,0,6
0019,pedestrian,497,2.5521649934277715,1,1,0,6
0019,pedestrian,498,2.242814048164001,0,0,0,6
0019,pedestrian,499,2.235263337918608,0,0,0,6
0019,pedestrian,500,4.069355739490792,0,0,0,6
0019,pedestrian,501,0.6011293513156094,0,0,0,6
0019,pedestrian,502,3.2893155027585443,0,0,0,6
0019,pedestrian,503,2.8117652304898897,0,0,0,6
0019,pedestrian,504,4.833911351887052,0,0,0,6
0019,pedestrian,505,4.0576684639605,1,0,1,6
0019,pedestrian,506,4.730396117164541,0,0,0,6
0019,pedestrian,507,3.769304924643817,1,1,0,6
0019,pedestrian,508,4.593834791688428,0,0,0,6
0019,pedestrian,509,6.0807870046489745,0,0,0,6
0019,pedestrian,510,7.481424269795319,0,0,0,6
0019,pedestrian,511,5.194691272480029,0,0,0,6
0019,pedestrian,512,4.950045889565161,0,0,0,6
0019,pedestrian,513,5.854279799236883,0,0,0,6
0019,pedestrian,514,6.244734522252736,0,0,0,6
0019,pedestrian,515,23.2593183549355,4,4,0,6
0019,pedestrian,516,8.32329165743725,0,1,-1,6
0019,pedestrian,517,5.333904822563955,0,0,0,6
0019,pedestrian,518,4.07877870562019,0,0,0,6
0019,pedestrian,519,10.097642191282494,0,0,0,6
0019,pedestrian,520,4.365918567536441,0,0,0,6
0019,pedestrian,521,6.840202057644875,0,0,0,6
0019,pedestrian,522,4.193274578757829,0,0,0,6
0019,pedestrian,523,5.032048783314117,0,0,0,6
0019,pedestrian,524,3.66307197440904,1,1,0,6
0019,pedestrian,525,3.5804190769062574,0,0,0,6
0019,pedestrian,526,4.134050714674477,0,0,0,6
0019,pedestrian,527,3.9521516368254312,0,0,0,6
0019,pedestrian,528,5.019188589584413,0,0,0,6
0019,pedestrian,529,4.759449471540025,0,0,0,7
0019,pedestrian,530,4.827907245559497,0,0,0,7
0019,pedestrian,531,5.229471682662108,0,0,0,7
0019,pedestrian,532,4.552409957225097,0,0,0,7
0019,pedestrian,533,5.9151217898251165,0,0,0,8
0019,pedestrian,534,2.8200210509077213,0,0,0,8
0019,pedestrian,535,2.996685614921379,0,0,0,8
0019,pedestrian,536,3.3996033096719662,0,0,0,8
0019,pedestrian,537,2.8419908934002747,0,0,0,8
0019,pedestrian,538,4.006096501561046,1,1,0,8
0019,pedestrian,539,3.3507810737002726,0,0,0,8
0019,pedestrian,540,3.0204179328311827,0,0,0,8
0019,pedestrian,541,5.012541265374179,0,0,0,8
0019,pedestrian,542,3.8417543827165535,0,0,0,8
0019,pedestrian,543,3.3295256011256003,0,0,0,9
0019,pedestrian,544,0.7293777664937569,0,0,0,9
0019,pedestrian,545,0.7042192494619192,0,0,0,9
0019,pedestrian,546,0.875964819741878,0,0,0,9
0019,pedestrian,547,1.0676377549750662,1,1,0,9
0019,pedestrian,548,0.7969887782188977,0,0,0,10
0019,pedestrian,549,1.0281654492670218,0,0,0,10
0019,pedestrian,550,0.7896197773746905,0,0,0,10
0019,pedestrian,551,0.8933932093155903,0,1,-1,10
0019,pedestrian,552,0.5423968987055532,0,1,-1,9
0019,pedestrian,553,1.0729112974326318,0,0,0,10
0019,pedestrian,554,0.9844306772394176,1,1,0,10
0019,pedestrian,555,1.169311341079084,0,0,0,10
0019,pedestrian,556,1.2784437364009873,0,0,0,10
0019,pedestrian,557,0.9772403981094977,0,0,0,10
0019,pedestrian,558,2.039131095582413,0,0,0,10
0019,pedestrian,559,1.499900114718027,0,0,0,10
0019,pedestrian,560,1.0198233939135053,0,0,0,10
0019,pedestrian,561,1.0575430944011774,0,1,-1,10
0019,pedestrian,562,0.9991515037568264,0,0,0,10
0019,pedestrian,563,1.247401362136273,0,0,0,10
0019,pedestrian,564,0.9757543304813963,0,0,0,10
0019,pedestrian,565,0.7803720553451001,0,0,0,10
0019,pedestrian,566,0.8792682193784049,0,0,0,10
0019,pedestrian,567,0.7837709939079931,0,0,0,10
0019,pedestrian,568,1.0022020799732356,0,0,0,10
0019,pedestrian,569,1.9511499641501258,0,0,0,10
0019,pedestrian,570,1.4615384967739848,1,0,1,10
0019,pedestrian,571,1.0645560897443167,0,0,0,10
0019,pedestrian,572,1.0482058370128822,0,0,0,10
0019,pedestrian,573,0.7580756394496375,0,0,0,10
0019,pedestrian,574,1.0636018053131733,0,0,0,10
0019,pedestrian,575,1.0233022414202269,0,0,0,10
0019,pedestrian,576,0.8351214639397615,0,0,0,10
0019,pedestrian,577,0.7379970900559295,0,0,0,10
0019,pedestrian,578,0.7693622359504942,0,0,0,10
0019,pedestrian,579,1.1947317130958788,0,0,0,10
0019,pedestrian,580,1.2919509053868832,0,0,0,10
0019,pedestrian,581,1.1616491446668045,0,1,-1,10
0019,pedestrian,582,0.880598169085538,0,0,0,10
0019,pedestrian,583,0.7862934369072789,0,0,0,10
0019,pedestrian,584,0.9219584127063681,0,0,0,10
0019,pedestrian,585,0.8433213064441458,0,0,0,10
0019,pedestrian,586,0.838250712349486,1,1,0,10
0019,pedestrian,587,1.0069666910338393,0,0,0,10
0019,pedestrian,588,0.6588857382152019,1,1,0,11
0019,pedestrian,589,0.7177648861708785,0,0,0,11
0019,pedestrian,590,0.6602092439784607,0,0,0,11
0019,pedestrian,591,0.5634521797510131,0,0,0,10
0019,pedestrian,592,0.6677843107864758,0,0,0,10
0019,pedestrian,593,0.5585481495083235,0,0,0,10
0019,pedestrian,594,0.6399340983092292,0,0,0,10
0019,pedestrian,595,0.9245323338954032,0,0,0,10
0019,pedestrian,596,0.9321012731919587,0,0,0,10
0019,pedestrian,597,1.095878078025966,0,0,0,10
0019,pedestrian,598,0.9400498248547209,1,1,0,10
0019,pedestrian,599,1.1239467584119867,0,0,0,10
0019,pedestrian,600,1.1607536643291738,0,0,0,10
0019,pedestrian,601,1.8933682721872689,0,0,0,10
0019,pedestrian,602,1.6838757882494957,0,0,0,10
0019,pedestrian,603,1.591928114967062,2,2,0,10
0019,pedestrian,604,1.0706338984557116,0,0,0,10
0019,pedestrian,605,1.3000189333413372,0,0,0,10
0019,pedestrian,606,1.4688068164436805,0,0,0,10
0019,pedestrian,607,1.5633966707581224,0,0,0,10
0019,pedestrian,608,1.11274790493942,0,0,0,10
0019,pedestrian,609,0.9125495529300829,0,0,0,10
0019,pedestrian,610,0.9707245301031555,2,1,1,10
0019,pedestrian,611,0.7399072580116477,0,0,0,10
0019,pedestrian,612,0.6746106541208532,0,1,-1,10
0019,pedestrian,613,0.4847799220779861,0,0,0,10
0019,pedestrian,614,0.2903144832888358,0,0,0,10
0019,pedestrian,615,0.3415538812629465,0,0,0,10
0019,pedestrian,616,0.2350188641023474,0,0,0,10
0019,pedestrian,617,0.14449271080055534,0,0,0,10
0019,pedestrian,618,0.14899271929851118,0,0,0,10
0019,pedestrian,619,0.18008984285470972,0,0,0,10
0019,pedestrian,620,0.44359014090746907,0,0,0,10
0019,pedestrian,621,0.2867532755536333,0,0,0,10
0019,pedestrian,622,0.3447021203054964,0,0,0,10
0019,pedestrian,623,0.41185579179905407,0,0,0,10
0019,pedestrian,624,0.19417116118139746,0,0,0,11
0019,pedestrian,625,0.632064341969922,0,0,0,11
0019,pedestrian,626,0.5111707075988977,0,0,0,11
0019,pedestrian,627,0.46921573954578055,1,1,0,11
0019,pedestrian,628,0.465369548539424,1,1,0,11
0019,pedestrian,629,0.40673636364601135,0,0,0,11
0019,pedestrian,630,0.4621418272332543,0,0,0,11
0019,pedestrian,631,0.5440810696860349,1,1,0,11
0019,pedestrian,632,0.3474468674518192,2,2,0,11
0019,pedestrian,633,0.3662273233060124,1,1,0,11
0019,pedestrian,634,0.23933707022998832,0,0,0,10
0019,pedestrian,635,0.3138582639530558,0,0,0,10
0019,pedestrian,636,0.3535900875156212,1,1,0,10
0019,pedestrian,637,0.3042349589216451,1,1,0,10
0019,pedestrian,638,0.30694210240529135,0,0,0,10
0019,pedestrian,639,0.2884653325735542,0,0,0,10
0019,pedestrian,640,0.44044377541125523,0,0,0,10
0019,pedestrian,641,0.3170194192261143,0,0,0,10
0019,pedestrian,642,0.476972074524737,0,0,0,10
0019,pedestrian,643,0.3138524955019746,0,0,0,10
0019,pedestrian,644,0.29906508464598214,0,0,0,9
0019,pedestrian,645,0.21410387626627111,0,0,0,9
0019,pedestrian,646,0.2537630997324507,0,0,0,9
0019,pedestrian,647,0.185009443759174,0,0,0,9
0019,pedestrian,648,0.18983003965048398,0,0,0,9
0019,pedestrian,649,0.2155089046601956,0,0,0,9
0019,pedestrian,650,0.18609302358700705,0,0,0,9
0019,pedestrian,651,0.1923489502636593,0,0,0,9
0019,pedestrian,652,0.17639369922183418,0,0,0,8
0019,pedestrian,653,0.3167261144103718,0,0,0,8
0019,pedestrian,654,0.3302317551967635,0,0,0,8
0019,pedestrian,655,0.43863644213844166,0,0,0,8
0019,pedestrian,656,0.18191241982507117,0,0,0,8
0019,pedestrian,657,0.3253189087719826,0,0,0,8
0019,pedestrian,658,0.2432868818096689,0,0,0,8
0019,pedestrian,659,0.3921907783662965,0,0,0,8
0019,pedestrian,660,0.24418528843513887,1,1,0,8
0019,pedestrian,661,0.29681539999200945,0,0,0,8
0019,pedestrian,662,0.15381262109868457,1,1,0,8
0019,pedestrian,663,0.2359038055112756,0,0,0,8
0019,pedestrian,664,0.2045503893232955,0,0,0,8
0019,pedestrian,665,0.1754275663002231,0,0,0,9
0019,pedestrian,666,0.2525946165132352,0,0,0,9
0019,pedestrian,667,0.1747116027946521,0,0,0,9
0019,pedestrian,668,0.31296988655206087,0,0,0,9
0019,pedestrian,669,0.6205409471223686,0,0,0,8
0019,pedestrian,670,0.7667334651553606,0,0,0,8
0019,pedestrian,671,0.501649342408275,0,0,0,8
0019,pedestrian,672,0.5712024059886777,0,0,0,8
0019,pedestrian,673,0.6863333309106927,1,1,0,8
0019,pedestrian,674,0.7648973175643985,2,2,0,8
0019,pedestrian,675,0.4907570572774323,1,1,0,8
0019,pedestrian,676,0.4996430427537174,0,0,0,8
0019,pedestrian,677,0.28684268233710075,0,0,0,8
0019,pedestrian,678,0.5302125216296489,0,0,0,8
0019,pedestrian,679,0.6063082247284507,0,0,0,8
0019,pedestrian,680,0.37004284219891864,0,0,0,8
0019,pedestrian,681,0.4910915938283903,0,0,0,8
0019,pedestrian,682,0.5137640961453659,0,0,0,8
0019,pedestrian,683,0.6824029828695523,0,0,0,8
0019,pedestrian,684,0.44601566465183057,0,0,0,8
0019,pedestrian,685,0.48422521717906497,0,0,0,8
0019,pedestrian,686,0.327457988591728,0,0,0,8
0019,pedestrian,687,0.5318609519063539,1,1,0,8
0019,pedestrian,688,0.45095911941352124,0,0,0,8
0019,pedestrian,689,0.7592467557626374,0,0,0,7
0019,pedestrian,690,0.3379894735901881,0,0,0,7
0019,pedestrian,691,0.32415840030634446,0,0,0,7
0019,pedestrian,692,0.44371930061835035,0,0,0,7
0019,pedestrian,693,0.36145463139838957,0,0,0,7
0019,pedestrian,694,0.4019856100731939,0,0,0,8
0019,pedestrian,695,0.3024449949401148,0,0,0,8
0019,pedestrian,696,0.3304774734273419,0,0,0,8
0019,pedestrian,697,0.4137601514042532,0,0,0,8
0019,pedestrian,698,0.6302753843369342,0,0,0,9
0019,pedestrian,699,0.41438870400372013,0,0,0,9
0019,pedestrian,700,0.40600449965414054,1,1,0,9
0019,pedestrian,701,0.24250795425536809,0,0,0,9
0019,pedestrian,702,0.5979413888555607,0,0,0,9
0019,pedestrian,703,0.40260853215921516,1,1,0,9
0019,pedestrian,704,0.4597442278025345,0,0,0,9
0019,pedestrian,705,0.33614513529058715,1,1,0,9
0019,pedestrian,706,0.3786459991079118,0,0,0,9
0019,pedestrian,707,0.6375235223336477,1,1,0,9
0019,pedestrian,708,0.4155280068652996,0,0,0,9
0019,pedestrian,709,0.5082772584533388,0,0,0,9
0019,pedestrian,710,0.42442552515981474,0,0,0,9
0019,pedestrian,711,0.5875170323430337,1,1,0,9
0019,pedestrian,712,0.6109099775823597,0,0,0,10
0019,pedestrian,713,0.5492756035471553,0,0,0,10
0019,pedestrian,714,0.6648553926130916,1,1,0,10
0019,pedestrian,715,0.7793652579447847,0,0,0,10
0019,pedestrian,716,0.9146220798849335,0,0,0,10
0019,pedestrian,717,1.218491347897231,0,1,-1,11
0019,pedestrian,718,0.805107117531059,0,0,0,10
0019,pedestrian,719,0.8500924239474472,0,0,0,9
0019,pedestrian,720,0.5381858187278719,0,0,0,9
0019,pedestrian,721,0.5663554363487171,0,0,0,9
0019,pedestrian,722,0.7520690873476599,2,2,0,9
0019,pedestrian,723,0.6936044914166932,0,0,0,9
0019,pedestrian,724,0.7581978973444042,0,0,0,9
0019,pedestrian,725,1.4063183511886528,0,0,0,9
0019,pedestrian,726,1.2112849262913714,0,0,0,9
0019,pedestrian,727,1.5310536631314744,1,1,0,9
0019,pedestrian,728,1.044920535307818,0,0,0,9
0019,pedestrian,729,1.0000525163154317,0,0,0,9
0019,pedestrian,730,0.9526970237847745,0,0,0,9
0019,pedestrian,731,0.7562497432906332,0,0,0,9
0019,pedestrian,732,0.9645458132147797,0,0,0,9
0019,pedestrian,733,1.0309515199305803,0,0,0,9
0019,pedestrian,734,0.8400915496729594,0,0,0,9
0019,pedestrian,735,0.9034342719759993,0,0,0,9
0019,pedestrian,736,1.0472231952233064,0,0,0,9
0019,pedestrian,737,1.034898426915502,0,0,0,9
0019,pedestrian,738,1.4090418287621298,0,0,0,8
0019,pedestrian,739,0.8956734829065606,0,0,0,7
0019,pedestrian,740,1.0767439484913812,0,0,0,7
0019,pedestrian,741,1.1622521137882853,0,0,0,7
0019,pedestrian,742,1.0427524183191135,0,0,0,7
0019,pedestrian,743,1.2398958036245062,0,0,0,7
0019,pedestrian,744,2.533019265372717,0,0,0,6
0019,pedestrian,745,3.4234612507597872,0,0,0,6
0019,pedestrian,746,3.2818586811819044,0,0,0,6
0019,pedestrian,747,3.7706522362250348,1,1,0,6
0019,pedestrian,748,1.1671708125892253,0,0,0,5
0019,pedestrian,749,1.010077081895966,0,0,0,5
0019,pedestrian,750,1.1086128020103851,1,1,0,5
0019,pedestrian,751,0.9851398636420738,0,0,0,5
0019,pedestrian,752,0.7943738674304445,1,1,0,5
0019,pedestrian,753,0.7484932110835043,0,0,0,5
0019,pedestrian,754,0.47871669303198866,0,0,0,5
0019,pedestrian,755,0.4343874398328126,0,0,0,4
0019,pedestrian,756,0.2147566395577872,0,0,0,4
0019,pedestrian,757,0.24572676232501806,0,0,0,4
0019,pedestrian,758,0.39523941875212554,0,0,0,4
0019,pedestrian,759,0.2611708404954648,0,0,0,3
0019,pedestrian,760,0.43157999669035124,0,0,0,3
0019,pedestrian,761,0.5586402125583342,0,0,0,3
0019,pedestrian,762,0.638071890207564,0,0,0,3
0019,pedestrian,763,0.7452052895490943,0,0,0,3
0019,pedestrian,764,7.795109378367858,0,0,0,2
0019,pedestrian,765,7.842912452862317,0,0,0,2
0019,pedestrian,766,8.463693619184271,0,0,0,2
0019,pedestrian,767,8.441569441138512,0,0,0,2
0019,pedestrian,768,10.429347633798809,0,0,0,2
0019,pedestrian,769,11.261202940528268,0,0,0,2
0019,pedestrian,770,12.402950893832266,0,0,0,2
0019,pedestrian,771,14.602883578970273,0,0,0,2
0019,pedestrian,772,14.42601786820252,0,0,0,2
0019,pedestrian,773,18.22897076578249,0,0,0,2
0019,pedestrian,774,19.439513218727782,0,0,0,2
0019,pedestrian,775,22.14930157232595,0,0,0,2
0019,pedestrian,776,30.298867088532454,0,0,0,2
0019,pedestrian,777,34.19701638014227,0,0,0,2
0019,pedestrian,778,46.94039270899722,0,0,0,2
0019,pedestrian,779,54.27941423777811,0,0,0,2
0019,pedestrian,780,106.62206827404329,0,0,0,1
0019,pedestrian,784,3.6687197930861775,0,0,0,1
0019,pedestrian,785,3.7577215385744216,0,0,0,1
0019,pedestrian,786,4.560733191653477,0,0,0,1
0019,pedestrian,787,4.578878006711675,0,0,0,1
0019,pedestrian,788,6.012818602998195,0,0,0,1
0019,pedestrian,789,5.9936493142438945,0,0,0,1
0019,pedestrian,790,6.524886437483316,0,0,0,1
0019,pedestrian,791,8.121558877194689,0,0,0,1
0019,pedestrian,792,1.836986132979711,0,0,0,1
0019,pedestrian,793,2.4443257195178414,0,0,0,1
0019,pedestrian,794,2.337838096186701,0,0,0,1
0019,pedestrian,795,2.5768061095898602,0,0,0,1
0019,pedestrian,796,2.993182827949752,0,0,0,1
0019,pedestrian,797,3.166836513114605,0,0,0,1
0019,pedestrian,798,3.8846947328753254,0,0,0,2
0019,pedestrian,799,1.6504919597182868,0,0,0,2
0019,pedestrian,800,1.8133140672576564,0,0,0,2
0019,pedestrian,801,2.270524108474336,0,0,0,2
0019,pedestrian,802,2.322595601011402,0,0,0,2
0019,pedestrian,803,2.931462302807005,0,0,0,2
0019,pedestrian,804,3.2922930426684927,0,0,0,2
0019,pedestrian,805,3.8303060069965666,0,0,0,2
0019,pedestrian,806,4.658485148083864,0,0,0,2
0019,pedestrian,807,4.706256743337358,0,0,0,2
0019,pedestrian,808,5.39011984505677,0,0,0,2
0019,pedestrian,809,6.792324500819162,0,0,0,2
0019,pedestrian,810,7.105957318090641,0,0,0,2
0019,pedestrian,811,9.091623543172759,0,0,0,2
0019,pedestrian,812,9.989683027399195,0,0,0,2
0019,pedestrian,813,11.779506900770384,0,0,0,2
0019,pedestrian,814,15.929870425104058,0,0,0,2
0019,pedestrian,815,17.43143398153308,0,0,0,2
0019,pedestrian,816,23.39814869488211,0,0,0,2
0019,pedestrian,817,25.404577305443564,0,0,0,2
0019,pedestrian,818,0.12162993892187629,0,0,0,1
0019,pedestrian,819,11.502126035230106,0,0,0,1
0019,pedestrian,820,11.427258149596057,0,0,0,1
0019,pedestrian,821,14.607646121560164,0,0,0,1
0019,pedestrian,822,14.82830152041932,0,0,0,1
0019,pedestrian,823,17.463845058684253,0,0,0,1
0019,pedestrian,824,22.356592354895763,0,0,0,1
0019,pedestrian,825,22.333677991400602,0,0,0,1
0019,pedestrian,826,28.569260585270005,0,0,0,2
0019,pedestrian,827,21.203727652021986,0,0,0,2
0019,pedestrian,828,1.3771773860738186,0,0,0,1
0019,pedestrian,829,0.8819207604258278,0,0,0,1
0019,pedestrian,830,0.894475728550847,0,0,0,1
0019,pedestrian,831,1.003679192546551,0,0,0,2
0019,pedestrian,832,0.2059930109240734,0,0,0,2
0019,pedestrian,833,0.22780855399235334,0,0,0,2
0019,pedestrian,834,0.33661757481563526,0,0,0,2
0019,pedestrian,835,0.25579637234005403,0,0,0,2
0019,pedestrian,836,0.30511978321343397,0,0,0,2
0019,pedestrian,837,0.3150971084850623,0,0,0,2
0019,pedestrian,838,0.39778166338368726,0,0,0,2
0019,pedestrian,839,0.4486836561451967,0,0,0,2
0019,pedestrian,840,0.5293092881934689,0,0,0,2
0019,pedestrian,841,0.6788550524679823,0,0,0,2
0019,pedestrian,842,0.7751908467059686,0,0,0,2
0019,pedestrian,843,0.7657942065652964,0,0,0,2
0019,pedestrian,844,1.1823771992035197,0,0,0,2
0019,pedestrian,845,1.2011927995860752,0,0,0,2
0019,pedestrian,846,1.3849031534402632,0,0,0,2
0019,pedestrian,847,1.7962876652505586,0,0,0,2
0019,pedestrian,848,1.955644515095984,0,0,0,2
0019,pedestrian,849,2.4465800930635235,1,1,0,2
0019,pedestrian,850,2.343180528894766,1,1,0,2
0019,pedestrian,851,5.4807850615562685,0,0,0,1
0019,pedestrian,854,0.9159935817809512,0,0,0,1
0019,pedestrian,855,0.046874415532522126,0,0,0,1
0019,pedestrian,856,0.06373710900949486,0,0,0,1
0019,pedestrian,857,0.060607019918583284,0,0,0,1
0019,pedestrian,858,0.010012652285592248,0,0,0,1
0019,pedestrian,859,0.06992079363633695,0,0,0,1
0019,pedestrian,860,0.07080659933754697,0,0,0,1
0019,pedestrian,861,0.056282465227021176,0,0,0,1
0019,pedestrian,862,0.03590125034707355,0,0,0,1
0019,pedestrian,863,0.02208138506546892,0,0,0,1
0019,pedestrian,864,0.054132555590473086,0,0,0,1
0019,pedestrian,865,0.05481255529247885,0,0,0,1
0019,pedestrian,866,0.05018731226463822,0,0,0,1
0019,pedestrian,867,0.051576485534002646,0,0,0,1
0019,pedestrian,868,0.11148817209094361,0,0,0,1
0019,pedestrian,869,0.1279864221051249,0,0,0,1
0019,pedestrian,870,0.10454826079599183,0,0,0,1
0019,pedestrian,871,0.07424421091079152,0,0,0,1
0019,pedestrian,872,0.07480536765752117,0,0,0,1
0019,pedestrian,873,0.11038328668452671,0,0,0,1
0019,pedestrian,874,0.0233635606149573,0,0,0,1
0019,pedestrian,875,0.06751972385106095,0,0,0,1
0019,pedestrian,876,0.08645580915917721,0,0,0,1
0019,pedestrian,877,0.11718297598316599,0,0,0,1
0019,pedestrian,878,0.08585923177062281,0,0,0,1
0019,pedestrian,879,0.04983432713124979,0,0,0,1
0019,pedestrian,880,0.03985675100843715,0,0,0,1
0019,pedestrian,881,0.082622869094315,0,0,0,1
0019,pedestrian,882,0.07919779862312755,0,0,0,1
0019,pedestrian,883,0.04933506990977966,0,0,0,1
0019,pedestrian,884,0.054064136976371725,0,0,0,1
0019,pedestrian,885,0.027730017694404915,0,0,0,1
0019,pedestrian,886,0.12454472927164978,0,0,0,1
0019,pedestrian,887,0.08457714693771876,0,0,0,1
0019,pedestrian,888,0.13503078764529924,0,0,0,1
0019,pedestrian,889,0.013195818955882519,0,0,0,1
0019,pedestrian,890,0.03279171262796816,0,0,0,1
0019,pedestrian,891,0.04974775484220355,0,0,0,1
0019,pedestrian,892,0.050488939320489326,0,0,0,1
0019,pedestrian,893,0.02348051395803085,0,0,0,2
0019,pedestrian,894,0.4620065427733533,0,0,0,2
0019,pedestrian,895,0.43737957156787843,0,0,0,2
0019,pedestrian,896,0.4680188138349674,0,0,0,2
0019,pedestrian,897,0.5207034805327792,0,0,0,2
0019,pedestrian,898,0.47131540482280543,0,0,0,2
0019,pedestrian,899,0.5268481680856776,0,0,0,2
0019,pedestrian,900,0.4988428048880108,0,0,0,2
0019,pedestrian,901,0.5695460238589758,0,0,0,2
0019,pedestrian,908,0.026211644935030358,0,0,0,1
0019,pedestrian,909,0.004543979893145408,0,0,0,1
0019,pedestrian,910,0.06272576071433658,0,0,0,1
0019,pedestrian,911,0.08895666755938382,0,0,0,1
0019,pedestrian,912,0.015303603140576048,0,0,0,1
0019,pedestrian,913,0.03709854677801265,0,0,0,1
0019,pedestrian,914,0.04908395257755786,0,0,0,1
0019,pedestrian,915,0.027479715966661336,0,0,0,1
0019,pedestrian,916,0.02179501561196712,0,0,0,1
0019,pedestrian,917,0.03761039068803668,0,0,0,1
0019,pedestrian,918,0.07128444445929252,0,0,0,1
0019,pedestrian,919,0.019009490027199392,0,0,0,2
0019,pedestrian,920,0.8542141047089993,0,0,0,2
0019,pedestrian,921,0.8181669182811357,0,0,0,2
0019,pedestrian,922,0.7528717240226326,0,0,0,2
0019,pedestrian,923,0.8340040420011493,0,0,0,2
0019,pedestrian,924,0.7469553536341502,0,0,0,2
0019,pedestrian,925,0.7407432611028875,0,0,0,2
0019,pedestrian,926,0.7644355715670039,0,0,0,2
0019,pedestrian,927,0.7401609423293637,0,0,0,2
0019,pedestrian,928,0.7493310551650502,0,0,0,2
0019,pedestrian,929,0.6527225377321252,0,0,0,2
0019,pedestrian,930,0.5997899437852034,0,0,0,2
0019,pedestrian,931,0.6460551572016067,0,0,0,2
0019,pedestrian,932,0.5144989649055606,0,0,0,2
0019,pedestrian,933,0.5387655655064107,0,0,0,2
0019,pedestrian,934,0.4460529045408238,0,0,0,3
0019,pedestrian,935,0.26265353098466715,0,0,0,3
0019,pedestrian,936,0.14216864208175461,0,0,0,3
0019,pedestrian,937,0.08118654007719028,0,0,0,3
0019,pedestrian,938,0.08316123307342078,0,0,0,3
0019,pedestrian,939,0.050206268016048106,0,0,0,3
0019,pedestrian,940,0.03602039937130239,0,0,0,3
0019,pedestrian,941,0.02986097673235067,0,0,0,3
0019,pedestrian,942,0.01997090819765123,0,0,0,3
0019,pedestrian,943,0.019071800246689405,0,0,0,3
0019,pedestrian,944,0.014633609484647862,0,0,0,3
0019,pedestrian,945,0.009855119662071973,0,0,0,3
0019,pedestrian,946,0.020451570997494097,0,0,0,3
0019,pedestrian,947,0.01259749663278342,0,0,0,3
0019,pedestrian,948,0.017491503947596396,0,0,0,3
0019,pedestrian,949,0.03044122390507013,1,1,0,3
0019,pedestrian,950,0.03482809029508761,0,0,0,3
0019,pedestrian,951,0.033600745194977355,1,1,0,3
0019,pedestrian,952,0.029216047248060723,0,0,0,3
0019,pedestrian,953,0.04157062089354604,0,0,0,3
0019,pedestrian,954,0.050555543287876176,0,0,0,3
0019,pedestrian,955,0.05812844798493405,0,0,0,3
0019,pedestrian,956,0.045031836561331674,0,0,0,3
0019,pedestrian,957,0.07799882314908707,0,0,0,3
0019,pedestrian,958,0.09301511594203583,1,1,0,3
0019,pedestrian,959,0.06910551553397781,1,1,0,3
0019,pedestrian,960,0.08196078203270907,0,0,0,3
0019,pedestrian,961,0.10194761409528137,0,0,0,3
0019,pedestrian,962,0.08387385962667752,0,0,0,3
0019,pedestrian,963,0.09218844571784672,0,0,0,3
0019,pedestrian,964,0.148899849509758,0,0,0,3
0019,pedestrian,965,0.15212601908842974,0,0,0,3
0019,pedestrian,966,0.19329048728374193,0,0,0,3
0019,pedestrian,967,0.24636645832997825,0,0,0,3
0019,pedestrian,968,0.24089201489407117,0,0,0,3
0019,pedestrian,969,0.2764081364376059,0,0,0,3
0019,pedestrian,970,0.3312115305869332,0,0,0,3
0019,pedestrian,971,0.7097482760813592,0,0,0,3
0019,pedestrian,972,0.9106768854043494,0,0,0,3
0019,pedestrian,973,0.5132117603033668,0,0,0,3
0019,pedestrian,974,0.6218942824611545,0,0,0,3
0019,pedestrian,975,0.575604755194897,0,0,0,3
0019,pedestrian,976,0.5008623476667117,0,0,0,3
0019,pedestrian,977,0.4226395540484237,0,0,0,3
0019,pedestrian,978,0.4559775464922047,0,0,0,3
0019,pedestrian,979,0.4232164281832254,0,0,0,3
0019,pedestrian,980,0.37260527405255556,0,0,0,3
0019,pedestrian,981,0.8264339376599579,0,0,0,2
0019,pedestrian,982,1.000203261440393,0,0,0,2
0019,pedestrian,983,0.03799859872639369,0,0,0,1
0019,pedestrian,984,1.9513254585621302,0,0,0,1
0019,pedestrian,985,1.7004954024625831,0,0,0,1
0019,pedestrian,986,1.1210466739779104,0,0,0,1
0019,pedestrian,987,1.3769595920014288,0,0,0,1
0019,pedestrian,988,1.993801669020902,0,0,0,1
0019,pedestrian,989,1.7578813156210118,0,0,0,1
0019,pedestrian,990,1.938918535657309,0,0,0,1
0019,pedestrian,991,2.0259408317599203,0,0,0,1
0019,pedestrian,992,2.069276616735652,0,0,0,2
0019,pedestrian,993,0.6061260799692342,0,0,0,2
0019,pedestrian,994,0.6110118097059976,0,0,0,2
0019,pedestrian,995,0.006942668667983605,0,0,0,1
0019,pedestrian,996,0.9225011331607612,0,0,0,1
0019,pedestrian,997,1.1043081571239108,0,0,0,1
0019,pedestrian,998,3.225104871383645,0,0,0,1
0019,pedestrian,999,2.5983275338225122,0,0,0,1
0019,pedestrian,1000,3.260668133254248,0,0,0,1
0019,pedestrian,1001,4.515489136250047,0,0,0,1
0019,pedestrian,1002,3.0903729491074463,0,0,0,1
0019,pedestrian,1003,4.531127122079286,0,0,0,1
0019,pedestrian,1004,3.0960957793756743,0,0,0,1
0019,pedestrian,1005,4.027544395190891,0,0,0,1
0019,pedestrian,1006,2.747509918807456,0,0,0,1
0019,pedestrian,1007,3.5810470724549375,0,0,0,1
0019,pedestrian,1008,2.33096250814145,0,0,0,1
0019,pedestrian,1009,3.0237998212152664,0,0,0,1
0019,pedestrian,1010,2.093365120871576,0,0,0,1
0019,pedestrian,1011,2.610001069288101,0,0,0,1
0019,pedestrian,1012,1.7820957152872043,0,0,0,1
0019,pedestrian,1013,1.609707397104864,0,0,0,1
0019,pedestrian,1014,2.0289236420927512,0,0,0,1
0019,pedestrian,1015,1.4107308092309414,0,0,0,1
0019,pedestrian,1016,1.77156524174425,0,0,0,1
0019,pedestrian,1017,1.1719160410040554,0,0,0,1
0019,pedestrian,1018,1.5905503046419613,0,0,0,1
0019,pedestrian,1019,1.1106604311572843,0,0,0,1
0019,pedestrian,1020,1.8381867199499133,0,0,0,1
0019,pedestrian,1021,1.1312481907174479,0,0,0,1
0019,pedestrian,1022,1.4726291728459646,0,0,0,1
0019,pedestrian,1023,0.9283093588898804,0,0,0,1
0019,pedestrian,1024,1.4316504812168793,0,0,0,1
0019,pedestrian,1025,1.0937774397927094,0,0,0,1
0019,pedestrian,1026,0.9997112903867984,0,0,0,1
0019,pedestrian,1027,1.2196985163563694,0,0,0,1
0019,pedestrian,1028,0.7961956283424022,0,0,0,1
0019,pedestrian,1029,1.344002171777379,0,0,0,1
0019,pedestrian,1030,0.8273329417213622,0,0,0,1
0019,pedestrian,1031,1.0781881972036973,0,0,0,1
0019,pedestrian,1032,0.6652005606215121,0,0,0,1
0019,pedestrian,1033,0.9520151420922184,0,0,0,1
0019,pedestrian,1034,0.7008210430841594,0,0,0,1
0019,pedestrian,1035,0.9407289827770997,0,0,0,1
0019,pedestrian,1036,0.5975073528775707,0,0,0,1
0019,pedestrian,1037,0.7625766957429929,0,0,0,1
0019,pedestrian,1038,0.49065633397737235,0,0,0,1
0019,pedestrian,1039,0.8617679326855586,0,0,0,1
0019,pedestrian,1040,0.5304167604481947,0,0,0,1
0019,pedestrian,1041,0.4950884329106475,0,0,0,1
0019,pedestrian,1042,0.6368384393119778,0,0,0,1
0019,pedestrian,1043,0.4309046389520744,0,0,0,1
0019,pedestrian,1044,23.619267885835136,0,0,0,1
0019,pedestrian,1046,24.957048174989566,0,0,0,1
0019,pedestrian,1047,17.03789856755836,0,0,0,1
0019,pedestrian,1048,15.088947906984767,0,0,0,1
0019,pedestrian,1049,10.256064871546437,0,0,0,1
0019,pedestrian,1050,11.78678420098885,1,1,0,1
0019,pedestrian,1051,7.751159094411805,0,0,0,1
0019,pedestrian,1052,8.855578741037496,0,0,0,1
0020,car,1,0.3727198229571775,0,0,0,12
0020,car,2,0.3088641451750872,0,0,0,12
0020,car,3,0.33710003638618513,0,0,0,12
0020,car,4,0.35690393990645697,0,0,0,12
0020,car,5,0.34840122609687874,0,0,0,12
0020,car,6,0.33997369730131766,0,0,0,12
0020,car,7,0.356731418436314,0,0,0,12
0020,car,8,0.3201607478597846,0,0,0,12
0020,car,9,0.33929520908959215,0,0,0,12
0020,car,10,0.31470914998945543,0,0,0,12
0020,car,11,0.31864912454249517,0,0,0,12
0020,car,12,0.3432990594011017,0,0,0,12
0020,car,13,0.30831248024020985,0,0,0,12
0020,car,14,0.3084877810088128,0,0,0,12
0020,car,15,0.3293646027268591,0,0,0,12
0020,car,16,0.29420915102429357,0,0,0,12
0020,car,17,0.29577005908951215,0,0,0,12
0020,car,18,0.3130971380084468,0,0,0,11
0020,car,19,0.24178499324447783,0,0,0,11
0020,car,20,0.26198508455599656,0,0,0,11
0020,car,21,0.21942011299283984,0,0,0,11
0020,car,22,0.22731721034213684,0,0,0,11
0020,car,23,0.23930459166760892,0,0,0,11
0020,car,24,0.19960715318716826,0,0,0,11
0020,car,25,0.19632585800664945,0,0,0,12
0020,car,26,0.23124922563950734,0,0,0,12
0020,car,27,0.20758536939781042,0,0,0,12
0020,car,28,0.2129716695626115,0,0,0,12
0020,car,29,0.23114927737597019,0,0,0,12
0020,car,30,0.20858588020371732,0,0,0,12
0020,car,31,0.28097163701393857,0,0,0,12
0020,car,32,0.23288824146918893,0,0,0,12
0020,car,33,0.24518056227980592,0,0,0,12
0020,car,34,0.2659782100019037,0,0,0,12
0020,car,35,0.2343946167361616,0,0,0,12
0020,car,36,0.24143395761675393,0,0,0,12
0020,car,37,0.2339714216045408,0,0,0,12
0020,car,38,0.230782828823322,0,0,0,12
0020,car,39,0.1971693680506748,0,0,0,12
0020,car,40,0.23849198055049375,0,0,0,13
0020,car,41,0.2843524214152422,0,0,0,13
0020,car,42,0.3261700047313114,0,0,0,13
0020,car,43,0.31443708860698183,0,0,0,13
0020,car,44,0.34726348603958795,0,0,0,13
0020,car,45,0.3483234264165741,0,0,0,13
0020,car,46,0.3698667003323695,0,0,0,12
0020,car,47,0.3910720280374305,0,0,0,12
0020,car,48,0.47166161229556514,0,0,0,12
0020,car,49,0.4848137359868778,0,0,0,12
0020,car,50,0.5228514532739938,0,0,0,12
0020,car,51,0.6005221121253858,0,0,0,12
0020,car,52,0.5725421732482115,0,0,0,12
0020,car,53,0.7023770175092221,0,0,0,12
0020,car,54,0.6847284278171849,0,0,0,12
0020,car,55,0.5907543237009636,0,0,0,11
0020,car,56,0.46864327864051547,0,0,0,11
0020,car,57,0.45899375834298545,0,0,0,11
0020,car,58,0.4802068820025629,0,0,0,11
0020,car,59,0.5230080199640451,0,0,0,11
0020,car,60,0.7029740154656625,0,0,0,11
0020,car,61,0.7333897039484859,0,0,0,11
0020,car,62,0.82669732895183,0,0,0,11
0020,car,63,0.71154160680938,0,0,0,11
0020,car,64,0.7975313246173762,0,0,0,11
0020,car,65,0.7500375604783054,0,0,0,11
0020,car,66,0.728806708577226,0,0,0,11
0020,car,67,0.8226183229028862,0,0,0,11
0020,car,68,0.8011564525342945,0,1,-1,11
0020,car,69,0.800870775705425,0,0,0,11
0020,car,70,0.8921236113231509,0,0,0,11
0020,car,71,0.7116732379708522,0,0,0,10
0020,car,72,0.5511946710244874,0,0,0,11
0020,car,73,0.5607949911848898,0,0,0,11
0020,car,74,0.5469668724356546,0,0,0,11
0020,car,75,0.5735415695470444,0,0,0,11
0020,car,76,0.4712464441599503,0,0,0,11
0020,car,77,0.45611507840795135,0,0,0,11
0020,car,78,0.49185097837692243,0,0,0,11
0020,car,79,0.41990212062398813,0,0,0,11
0020,car,80,0.4259439203843128,0,0,0,11
0020,car,81,0.5081650305970749,0,0,0,11
0020,car,82,0.461331051752437,0,0,0,11
0020,car,83,0.47833788856838094,0,0,0,11
0020,car,84,0.4713293101873502,0,0,0,12
0020,car,85,0.5431862276496805,0,0,0,12
0020,car,86,0.6182570407082051,0,0,0,12
0020,car,87,0.5738189585157103,1,1,0,12
0020,car,88,0.6111253949531905,0,0,0,12
0020,car,89,0.6606367253588479,0,0,0,12
0020,car,90,0.5112118319797863,0,0,0,11
0020,car,91,0.6925106290522629,0,0,0,10
0020,car,92,0.7185087878202776,0,0,0,10
0020,car,93,0.6867467521343589,0,0,0,10
0020,car,94,0.7781498348295802,0,0,0,10
0020,car,95,0.7237197174102608,0,0,0,10
0020,car,96,0.7463949880719953,0,0,0,10
0020,car,97,0.8638440428199226,0,0,0,10
0020,car,98,0.6641597637185733,0,0,0,9
0020,car,99,0.6683980228409551,0,0,0,10
0020,car,100,0.6542390683797688,0,0,0,10
0020,car,101,0.5836295901816175,0,0,0,10
0020,car,102,0.6746746144242306,0,0,0,10
0020,car,103,0.5995983316101089,0,0,0,10
0020,car,104,0.5870863450145047,0,0,0,10
0020,car,105,0.6463778273062579,0,0,0,10
0020,car,106,0.6006881614314861,0,0,0,10
0020,car,107,0.5681179098192788,0,0,0,10
0020,car,108,0.591376032987819,0,0,0,10
0020,car,109,0.5276292288896421,0,0,0,10
0020,car,110,0.4737678323997204,0,0,0,9
0020,car,111,0.5084339020645001,0,0,0,9
0020,car,112,0.4432448307206553,0,0,0,9
0020,car,113,0.436946957978077,0,0,0,9
0020,car,114,0.38899153941117937,0,0,0,9
0020,car,115,0.36787168749900745,0,0,0,9
0020,car,116,0.37851515487671855,0,0,0,9
0020,car,117,0.34532018533485154,0,0,0,9
0020,car,118,0.3471273919835335,0,0,0,9
0020,car,119,0.3886394756347115,0,0,0,9
0020,car,120,0.35851672132889145,0,0,0,9
0020,car,121,0.36109487458522527,0,0,0,9
0020,car,122,0.39882815803190785,0,0,0,9
0020,car,123,0.3567965035794823,0,0,0,9
0020,car,124,0.29420134790014346,0,0,0,8
0020,car,125,0.2884667458123771,0,0,0,8
0020,car,126,0.2708547498263842,0,0,0,8
0020,car,127,0.2799041471164178,0,0,0,9
0020,car,128,0.26543383734743875,0,0,0,9
0020,car,129,0.25336332846715415,0,0,0,9
0020,car,130,0.2934536342963766,0,0,0,9
0020,car,131,0.2990129793402939,0,0,0,9
0020,car,132,0.347356807168112,0,0,0,9
0020,car,133,0.32663508466129765,0,0,0,9
0020,car,134,0.3280230281256076,0,0,0,9
0020,car,135,0.3466873877949884,0,0,0,9
0020,car,136,0.30191408069302883,0,0,0,9
0020,car,137,0.2924911874029031,0,0,0,9
0020,car,138,0.3096797115970069,0,0,0,9
0020,car,139,0.2696246158597525,0,0,0,9
0020,car,140,0.29886052832708865,0,0,0,9
0020,car,141,0.33553592328684645,0,0,0,9
0020,car,142,0.2669892621804749,0,0,0,9
0020,car,143,0.30869105560054594,0,0,0,9
0020,car,144,0.2862217556777202,0,0,0,9
0020,car,145,0.31462942465206767,0,0,0,9
0020,car,146,0.35181515217798065,0,0,0,9
0020,car,147,0.3378410550870714,0,0,0,9
0020,car,148,0.3468836801782491,0,0,0,9
0020,car,149,0.37336445657715256,0,0,0,9
0020,car,150,0.36847309828452285,0,0,0,9
0020,car,151,0.44684825602817874,0,0,0,8
0020,car,152,0.5873756819874419,0,0,0,9
0020,car,153,0.3929563565442129,0,0,0,9
0020,car,154,0.4391078646865138,0,0,0,9
0020,car,155,0.4120563644429401,0,0,0,9
0020,car,156,0.47829034645141466,0,0,0,9
0020,car,157,0.6085730901023163,0,0,0,9
0020,car,158,0.5869888389518645,0,0,0,9
0020,car,159,0.6677671273985799,0,0,0,9
0020,car,160,0.8283774873174159,0,0,0,9
0020,car,161,0.8571661722640409,0,0,0,9
0020,car,162,1.1457857266943048,0,0,0,9
0020,car,163,1.2335795736915254,0,0,0,9
0020,car,164,1.2728917690534183,0,0,0,9
0020,car,165,1.3317628274073685,0,0,0,8
0020,car,166,1.3441380564682581,0,0,0,8
0020,car,167,1.3417874598426667,0,0,0,8
0020,car,168,1.7171702080065776,0,0,0,8
0020,car,169,1.6842489022119593,0,0,0,8
0020,car,170,1.8596009814648338,0,0,0,9
0020,car,171,1.7168383865196248,0,0,0,9
0020,car,172,1.613010708687579,0,0,0,10
0020,car,173,1.5472346668534227,0,0,0,10
0020,car,174,1.5257451423322084,0,0,0,10
0020,car,175,1.8008514728564409,0,0,0,10
0020,car,176,2.114345435475706,0,0,0,10
0020,car,177,1.6423959340421836,0,0,0,10
0020,car,178,1.6981972503074891,0,0,0,9
0020,car,179,1.913105806707017,0,0,0,9
0020,car,180,1.7767334145671385,0,0,0,9
0020,car,181,1.8533814479786832,0,0,0,9
0020,car,182,2.1335973844432012,0,0,0,9
0020,car,183,2.010698456203259,0,0,0,9
0020,car,184,2.3845217931161238,0,0,0,9
0020,car,185,2.290940400235499,0,0,0,9
0020,car,186,2.3871126766524418,0,0,0,9
0020,car,187,2.455622348884235,0,0,0,8
0020,car,188,1.8792534418381779,0,0,0,8
0020,car,189,1.67666318528769,0,0,0,9
0020,car,190,1.528494014354383,0,0,0,9
0020,car,191,1.4678546035791054,0,0,0,9
0020,car,192,1.5157271423991385,0,0,0,9
0020,car,193,1.757583828441714,0,0,0,9
0020,car,194,1.6635004001460214,0,0,0,9
0020,car,195,1.9306700363718416,0,0,0,8
0020,car,196,1.8185463183565247,0,0,0,8
0020,car,197,1.8875950331746971,0,0,0,8
0020,car,198,2.2191017664566455,0,0,0,8
0020,car,199,2.0715947624075906,0,0,0,8
0020,car,200,2.0849562589928246,0,0,0,8
0020,car,201,2.433805748992651,0,0,0,7
0020,car,202,2.280902818742759,0,0,0,7
0020,car,203,1.9670213317343768,0,0,0,7
0020,car,204,2.065548091600861,0,0,0,7
0020,car,205,2.0785879449516793,0,0,0,7
0020,car,206,2.296847068584157,0,0,0,6
0020,car,207,1.7101294342796807,0,0,0,6
0020,car,208,1.6376688099653796,0,0,0,6
0020,car,209,1.8117645275226613,0,0,0,6
0020,car,210,1.7871582447301666,0,0,0,6
0020,car,211,1.9066712727959907,0,1,-1,6
0020,car,212,2.1769975082568345,0,0,0,6
0020,car,213,2.036033788916152,0,0,0,6
0020,car,214,2.593953141487966,0,0,0,6
0020,car,215,2.3069226535012928,0,0,0,6
0020,car,216,2.4884807624172236,0,0,0,6
0020,car,217,2.9786112798980793,0,0,0,6
0020,car,218,2.4053260238073566,0,0,0,6
0020,car,219,1.8814852851785735,0,0,0,6
0020,car,220,2.2111993671226395,0,0,0,6
0020,car,221,2.1401204776269456,0,0,0,7
0020,car,222,2.876079208323493,0,0,0,6
0020,car,223,3.6730213002392356,0,0,0,9
0020,car,224,1.7120899634759255,0,0,0,9
0020,car,225,2.0481627929101567,0,0,0,9
0020,car,226,2.0159169595969897,0,0,0,9
0020,car,227,2.1939733267623227,0,0,0,9
0020,car,228,2.6492081290308125,0,0,0,9
0020,car,229,2.6108581245972062,1,1,0,9
0020,car,230,2.8801864974886993,0,0,0,9
0020,car,231,2.9679204848529555,0,0,0,8
0020,car,232,2.0107925741931143,0,0,0,7
0020,car,233,1.995487546573212,0,0,0,7
0020,car,234,1.720033945074567,0,0,0,6
0020,car,235,1.4380509399310393,0,0,0,6
0020,car,236,1.7815847137257612,0,0,0,6
0020,car,237,1.8070185348132768,0,0,0,6
0020,car,238,2.0446883973675085,0,0,0,5
0020,car,239,3.3907967319404135,0,0,0,5
0020,car,240,3.6522455078691363,0,0,0,5
0020,car,241,3.2454067291052273,0,0,0,4
0020,car,242,3.7957333971713734,0,0,0,4
0020,car,243,2.3005216388789025,0,0,0,2
0020,car,244,2.265966152355315,0,0,0,2
0020,car,245,2.3401683419588153,0,0,0,2
0020,car,246,2.7147968881937317,0,0,0,2
0020,car,247,3.448709341658417,0,0,0,2
0020,car,248,3.705325089600611,0,0,0,2
0020,car,249,4.358484850965297,0,0,0,2
0020,car,250,5.751127434798259,0,0,0,2
0020,car,251,6.163719686750163,0,0,0,2
0020,car,252,8.389312820262605,0,0,0,2
0020,car,253,1.2734457202219922,0,0,0,3
0020,car,254,3.9876149476242984,0,0,0,3
0020,car,255,5.022729649992391,0,0,0,3
0020,car,256,5.264382362337324,0,0,0,3
0020,car,257,5.999060369293691,0,0,0,3
0020,car,258,7.5433331302746875,0,0,0,3
0020,car,259,1.280620358444766,0,0,0,2
0020,car,260,0.30195184634390837,0,0,0,1
0020,car,261,0.0064806883699679435,0,0,0,1
0020,car,262,0.0835386486603226,0,0,0,2
0020,car,263,0.41165884129335545,0,0,0,2
0020,car,264,0.43026769401519593,0,0,0,2
0020,car,265,0.4867616030856302,0,0,0,3
0020,car,266,0.33954258166564544,0,0,0,4
0020,car,267,0.3418599280747078,0,0,0,4
0020,car,268,0.3580500163752831,0,0,0,5
0020,car,269,0.6362600627805112,0,0,0,5
0020,car,270,0.6816545270146297,0,0,0,5
0020,car,271,0.7698841490598677,0,0,0,5
0020,car,272,0.9042020880732999,0,0,0,5
0020,car,273,0.8375899991515652,0,0,0,5
0020,car,274,0.8841567975543778,0,0,0,4
0020,car,275,1.085961580326739,0,0,0,4
0020,car,276,1.4839264708779243,0,0,0,4
0020,car,277,1.7914645111936887,0,0,0,4
0020,car,278,1.7504790855760337,0,0,0,4
0020,car,279,1.9069476788645519,0,0,0,4
0020,car,280,2.3201845813583195,0,0,0,4
0020,car,281,2.4403738964820305,0,0,0,2
0020,car,282,0.4270436382820061,0,0,0,2
0020,car,283,0.4610650068780806,0,0,0,3
0020,car,284,0.20484041871412234,0,0,0,3
0020,car,285,0.19212885265560037,0,0,0,5
0020,car,286,0.43514287040980026,0,0,0,5
0020,car,287,0.43443120740601654,0,0,0,5
0020,car,288,0.5011693894068111,0,0,0,5
0020,car,289,0.44740489998743427,0,0,0,5
0020,car,290,0.4687978844891925,0,0,0,5
0020,car,291,0.5049003599200516,0,0,0,6
0020,car,292,0.88299892034653,0,0,0,6
0020,car,293,0.9918625328210702,0,0,0,6
0020,car,294,0.9295629904015087,0,0,0,6
0020,car,295,0.9804264561716932,0,0,0,6
0020,car,296,1.077537704713904,0,0,0,6
0020,car,297,1.0391946226906719,0,0,0,6
0020,car,298,1.0776949605092763,0,0,0,6
0020,car,299,2.364857759891929,0,0,0,5
0020,car,300,2.1750076814321693,0,0,0,5
0020,car,301,1.1519367242792113,0,0,0,4
0020,car,302,1.114036869703179,0,0,0,2
0020,car,303,1.0391434849971901,0,0,0,2
0020,car,304,1.0926492723185126,0,0,0,2
0020,car,305,1.0095746438657265,0,0,0,2
0020,car,306,0.9523333075271067,0,0,0,2
0020,car,307,1.0599979209684007,0,0,0,2
0020,car,308,0.9795810589666697,0,0,0,2
0020,car,309,0.9393106257004102,0,0,0,2
0020,car,310,1.0267215672050447,0,0,0,2
0020,car,311,0.9221262507166731,0,0,0,2
0020,car,312,0.9799702506891194,0,0,0,2
0020,car,313,0.8653171011071872,0,0,0,2
0020,car,314,0.8419964055283551,0,0,0,2
0020,car,315,0.8890959446863242,0,0,0,2
0020,car,316,0.7531990255540955,0,0,0,3
0020,car,317,0.5641388317388013,0,0,0,3
0020,car,318,0.6272237184650273,0,0,0,4
0020,car,319,0.6047676438974029,0,0,0,4
0020,car,320,0.6553987664111158,0,0,0,4
0020,car,321,0.7788178995950173,0,0,0,4
0020,car,322,0.729831316920598,0,0,0,4
0020,car,323,0.8361737021132496,0,0,0,4
0020,car,324,0.8382694621738764,0,0,0,4
0020,car,325,0.8723861819100526,0,0,0,4
0020,car,326,0.9282571890088559,0,0,0,4
0020,car,327,0.8114113303427299,0,0,0,4
0020,car,328,0.7516818024599895,0,0,0,4
0020,car,329,0.8116242341351733,0,0,0,4
0020,car,330,0.9841475655810897,0,0,0,6
0020,car,331,0.8569140214188021,0,0,0,6
0020,car,332,0.5037011070364494,0,0,0,6
0020,car,333,0.5614892471339836,0,0,0,6
0020,car,334,0.6491716324443897,0,0,0,6
0020,car,335,0.6025596965936574,0,0,0,7
0020,car,336,0.46111570030975885,0,0,0,7
0020,car,337,0.575295081086429,0,0,0,7
0020,car,338,0.6180977311665594,0,0,0,7
0020,car,339,0.7097495195318534,0,0,0,7
0020,car,340,0.9176617478673508,0,0,0,7
0020,car,341,0.8755504565316705,0,0,0,8
0020,car,342,1.0961013740544765,0,0,0,8
0020,car,343,1.1232549298302141,0,0,0,8
0020,car,344,1.2133239044420798,0,0,0,8
0020,car,345,1.5575271381829936,0,0,0,9
0020,car,346,1.671696699696863,0,0,0,9
0020,car,347,1.6909161114267988,0,1,-1,9
0020,car,348,1.6397531437138984,1,0,1,8
0020,car,349,1.624129754770872,0,0,0,8
0020,car,350,1.7466871962441513,0,0,0,8
0020,car,351,2.0681885759111016,0,0,0,8
0020,car,352,1.9943825325581686,0,0,0,8
0020,car,353,2.365233552697384,0,0,0,8
0020,car,354,2.3673571914670895,1,1,0,8
0020,car,355,2.5722451474096513,0,0,0,8
0020,car,356,2.2710766209666358,0,0,0,7
0020,car,357,2.4490035884360313,0,0,0,7
0020,car,358,2.4445030876889358,0,0,0,9
0020,car,359,0.8211944558404669,0,0,0,9
0020,car,360,0.8228469374168255,0,0,0,9
0020,car,361,0.8461417022136362,0,0,0,9
0020,car,362,1.0362861709065765,0,0,0,10
0020,car,363,1.5792497504866978,0,0,0,10
0020,car,364,1.7801311052130395,0,1,-1,10
0020,car,365,1.653649922483737,0,0,0,11
0020,car,366,1.5396131466074516,0,0,0,10
0020,car,367,1.6613573085240383,0,0,0,10
0020,car,368,1.550013457187386,0,0,0,10
0020,car,369,1.5540934500951031,0,0,0,11
0020,car,370,1.6563470434779428,0,1,-1,11
0020,car,371,1.1822069336539207,1,0,1,11
0020,car,372,1.1642225556541614,0,0,0,10
0020,car,373,1.2503222634261244,0,0,0,10
0020,car,374,1.1973851883234863,1,1,0,10
0020,car,375,1.30301272832046,0,0,0,10
0020,car,376,1.4892124060089713,0,0,0,9
0020,car,377,1.1065551378728276,0,0,0,8
0020,car,378,1.109530185359485,0,0,0,7
0020,car,379,0.902636496659966,0,0,0,7
0020,car,380,0.990921681356739,0,0,0,8
0020,car,381,0.9967100948379501,0,0,0,8
0020,car,382,1.1635089114814088,0,0,0,8
0020,car,383,1.1447993515515968,0,0,0,8
0020,car,384,1.2718737103004338,0,0,0,8
0020,car,385,1.1273966970237537,0,0,0,8
0020,car,386,1.3311152843705931,0,0,0,8
0020,car,387,1.2248055141915095,0,0,0,8
0020,car,388,1.3482838467145495,0,0,0,8
0020,car,389,1.5005429629276477,1,1,0,9
0020,car,390,1.4636094971302216,0,0,0,8
0020,car,391,1.4903444945903437,0,0,0,8
0020,car,392,1.8473025319309213,0,0,0,9
0020,car,393,1.6237157262242174,0,0,0,9
0020,car,394,1.941832001322772,0,0,0,9
0020,car,395,1.6306600400064155,0,0,0,8
0020,car,396,1.504771340675198,0,0,0,8
0020,car,397,1.7678973666874545,0,0,0,8
0020,car,398,1.6664855695260696,0,0,0,10
0020,car,399,1.5238409797057464,0,0,0,11
0020,car,400,1.9454511090693551,0,0,0,10
0020,car,401,1.9682694702682362,1,1,0,10
0020,car,402,2.1833338410231504,0,0,0,10
0020,car,403,2.412141973228156,0,0,0,9
0020,car,404,3.2147457261457064,0,0,0,8
0020,car,405,3.0915780609294226,0,0,0,8
0020,car,406,2.403843965544822,0,0,0,8
0020,car,407,1.5182910918204235,0,0,0,8
0020,car,408,1.9229121570847763,0,0,0,8
0020,car,409,1.9626495557973873,0,0,0,8
0020,car,410,2.069779511437916,0,0,0,8
0020,car,411,3.0473761687049286,0,0,0,9
0020,car,412,3.1408520575075016,0,0,0,9
0020,car,413,2.6782346147616285,0,0,0,10
0020,car,414,1.849874071782708,0,0,0,10
0020,car,415,1.8430845089925865,0,0,0,10
0020,car,416,2.7836647871051348,0,0,0,10
0020,car,417,3.159905233617515,0,0,0,11
0020,car,418,2.762392428029889,0,0,0,10
0020,car,419,2.5048691287531653,0,0,0,10
0020,car,420,2.0298183082602135,0,0,0,9
0020,car,421,2.0555280636955464,0,0,0,9
0020,car,422,1.9513335085617083,0,0,0,8
0020,car,423,1.7220773015357578,0,0,0,7
0020,car,424,1.5904716946916282,0,0,0,7
0020,car,425,1.9581587238791112,0,0,0,7
0020,car,426,1.8610055107006893,0,0,0,7
0020,car,427,2.285713448083086,0,0,0,9
0020,car,428,1.7998834602056033,0,0,0,9
0020,car,429,1.8897700868788743,0,0,0,9
0020,car,430,2.2796167360717825,1,0,1,10
0020,car,431,2.3051467842395432,0,0,0,10
0020,car,432,2.5601751048885935,1,1,0,9
0020,car,433,2.8693922433788814,0,0,0,8
0020,car,434,2.694720501598356,0,0,0,8
0020,car,435,3.0919534707606084,1,1,0,8
0020,car,436,3.8699544981678438,0,0,0,8
0020,car,437,2.236989325323477,0,0,0,9
0020,car,438,1.83792928551304,0,1,-1,8
0020,car,439,1.1813858348672548,0,0,0,8
0020,car,440,1.6287651039903743,0,0,0,8
0020,car,441,2.1119617225539966,0,0,0,8
0020,car,442,2.4351979289274786,0,0,0,8
0020,car,443,2.69447611991819,0,0,0,8
0020,car,444,2.9371401217763378,0,0,0,7
0020,car,445,2.7526856951878127,0,0,0,7
0020,car,446,3.2580917108195493,0,0,0,7
0020,car,447,4.191403795111168,0,0,0,7
0020,car,448,4.176697542466712,1,1,0,6
0020,car,449,4.155346764429706,0,0,0,6
0020,car,450,5.749793077569267,0,0,0,6
0020,car,451,6.726216871140117,1,0,1,6
0020,car,452,9.165632552337375,0,0,0,5
0020,car,453,1.7006914244526108,0,0,0,4
0020,car,454,0.20777543476801427,0,0,0,4
0020,car,455,0.26356108947663726,1,0,1,5
0020,car,456,3.3048911381374277,0,0,0,6
0020,car,457,2.3335792907827893,1,0,1,6
0020,car,458,3.055162852242346,0,0,0,8
0020,car,459,3.4090368069688313,0,0,0,9
0020,car,460,2.05059765531843,0,0,0,8
0020,car,461,1.5635412193889684,0,0,0,8
0020,car,462,1.7415889402195714,0,0,0,8
0020,car,463,2.2048571272797775,0,0,0,9
0020,car,464,3.2833874202847357,0,0,0,8
0020,car,465,2.3029901678454037,1,1,0,7
0020,car,466,2.4626850910636855,0,0,0,7
0020,car,467,2.5840134215688337,0,0,0,7
0020,car,468,2.981765821738814,0,0,0,6
0020,car,469,3.513639573871693,0,0,0,6
0020,car,470,3.715702286082674,0,0,0,6
0020,car,471,2.972506169974911,0,0,0,6
0020,car,472,4.4502026095692315,0,0,0,7
0020,car,473,3.987799409150788,1,0,1,8
0020,car,474,1.8733063722657328,0,0,0,8
0020,car,475,1.8998180646608003,0,0,0,8
0020,car,476,2.1096833873807617,0,0,0,8
0020,car,477,3.4228381169130797,0,0,0,8
0020,car,478,2.6745211222647973,0,0,0,7
0020,car,479,2.1929264523717014,0,0,0,7
0020,car,480,2.673283012942178,0,0,0,7
0020,car,481,2.650439375248498,0,0,0,8
0020,car,482,3.026668671199314,0,0,0,8
0020,car,483,3.4348419655768456,0,0,0,6
0020,car,484,3.3130780687805412,0,0,0,6
0020,car,485,1.939770606472298,0,0,0,7
0020,car,486,1.9632822453237075,0,0,0,7
0020,car,487,2.0348847567314436,1,1,0,7
0020,car,488,2.558984039165078,0,0,0,8
0020,car,489,2.5666669309507815,0,0,0,8
0020,car,490,2.8028814621730542,0,0,0,7
0020,car,491,3.082159021879987,0,0,0,7
0020,car,492,2.9168952545370903,0,0,0,6
0020,car,493,2.9129990946671227,0,0,0,6
0020,car,494,3.621400402918907,0,1,-1,6
0020,car,495,3.712448547424487,0,0,0,6
0020,car,496,4.212816559166755,0,0,0,4
0020,car,497,1.7100808913256162,0,0,0,3
0020,car,498,1.4045085078732054,0,0,0,3
0020,car,499,1.3649628031405976,0,0,0,4
0020,car,500,0.9600922805659599,0,0,0,4
0020,car,501,0.9488724610878286,0,0,0,4
0020,car,502,1.059761191723204,0,0,0,6
0020,car,503,1.3610903965905443,0,0,0,7
0020,car,504,1.1780760975807667,0,0,0,7
0020,car,505,1.334105684308641,1,0,1,7
0020,car,506,1.339919839203885,0,0,0,7
0020,car,507,1.3534766770261604,0,0,0,7
0020,car,508,1.2124494974950637,0,0,0,7
0020,car,509,1.1040230722792241,0,0,0,7
0020,car,510,1.4360362813432967,0,0,0,8
0020,car,511,1.7496247659283481,0,0,0,8
0020,car,512,1.9521716396946789,0,0,0,8
0020,car,513,1.9138796379102732,0,0,0,7
0020,car,514,2.078220736280484,0,0,0,7
0020,car,515,2.352938069480701,0,0,0,6
0020,car,516,2.7060420812380817,1,0,1,6
0020,car,517,2.70403035152954,1,1,0,6
0020,car,518,3.191450058449852,0,0,0,6
0020,car,519,2.952750340722373,0,0,0,5
0020,car,520,4.387109516611345,0,0,0,5
0020,car,521,5.975316090116765,0,0,0,5
0020,car,522,6.691197932449763,0,0,0,6
0020,car,523,1.7906177165249662,0,0,0,8
0020,car,524,2.0803403715858577,0,0,0,7
0020,car,525,1.9291293059083294,0,0,0,7
0020,car,526,1.6489529260846008,0,0,0,6
0020,car,527,2.475431766798668,0,0,0,6
0020,car,528,2.258017060073201,0,0,0,6
0020,car,529,2.4996896793097205,0,0,0,6
0020,car,530,2.2935798472191666,0,1,-1,6
0020,car,531,2.2803207557378786,0,0,0,6
0020,car,532,1.7344595827906706,0,0,0,5
0020,car,533,1.5124039939511675,0,0,0,5
0020,car,534,1.560919490340922,0,0,0,7
0020,car,535,2.9133522694175698,0,0,0,7
0020,car,536,3.1595313783840835,0,0,0,8
0020,car,537,2.647998168569948,0,0,0,9
0020,car,538,2.5801628383191546,0,0,0,8
0020,car,539,2.4879077192315613,0,0,0,8
0020,car,540,2.63601580212363,0,0,0,9
0020,car,541,3.3313467192558903,0,0,0,9
0020,car,542,3.222385404496101,0,0,0,9
0020,car,543,2.263961858289591,0,0,0,9
0020,car,544,1.6958280810511543,0,0,0,9
0020,car,545,1.8372146464678771,0,0,0,9
0020,car,546,2.122712276222548,0,0,0,8
0020,car,547,1.9469672466398302,0,0,0,8
0020,car,548,2.1161528123357227,0,0,0,8
0020,car,549,2.562928185399149,0,0,0,9
0020,car,550,2.5595167461320525,0,0,0,9
0020,car,551,2.921704560915341,2,2,0,10
0020,car,552,2.925068047969368,0,0,0,10
0020,car,553,2.0459768373645257,0,0,0,9
0020,car,554,1.8892903969811763,0,0,0,9
0020,car,555,1.889451809917619,0,0,0,9
0020,car,556,1.4242974192204787,0,0,0,8
0020,car,557,2.2900147050084745,0,0,0,9
0020,car,558,1.3042179522395743,0,0,0,9
0020,car,559,1.4230280836225173,0,0,0,9
0020,car,560,1.712233326324184,0,0,0,9
0020,car,561,1.7280200044767895,0,0,0,9
0020,car,562,2.0763933432737365,0,0,0,9
0020,car,563,2.119106659421972,0,0,0,9
0020,car,564,2.284948772300615,0,0,0,9
0020,car,565,2.574302271633775,0,0,0,8
0020,car,566,2.3881006106608247,1,1,0,9
0020,car,567,2.027904545009205,0,0,0,9
0020,car,568,1.5035589390199848,0,0,0,8
0020,car,569,1.3853566207349162,0,0,0,7
0020,car,570,2.2057026311401557,0,0,0,7
0020,car,571,2.27324299554255,0,0,0,7
0020,car,572,2.521604673046554,0,0,0,7
0020,car,573,3.15725755418154,0,0,0,7
0020,car,574,3.588266190377988,0,0,0,7
0020,car,575,4.655381481378607,0,0,0,7
0020,car,576,6.532139667835053,0,0,0,7
0020,car,577,6.298561989396765,0,0,0,6
0020,car,578,7.075330677418065,0,0,0,6
0020,car,579,7.381343523400065,0,0,0,6
0020,car,580,6.21312220008414,0,0,0,6
0020,car,581,5.714943657591498,0,0,0,6
0020,car,582,5.658924331773153,0,0,0,7
0020,car,583,4.3468462146790685,0,0,0,7
0020,car,584,4.772990296465109,0,0,0,6
0020,car,585,4.049615911791331,0,0,0,6
0020,car,586,3.2870225579828602,0,0,0,5
0020,car,587,3.248300949840278,0,0,0,5
0020,car,588,3.152812393126414,0,0,0,6
0020,car,589,3.06133261832791,0,0,0,6
0020,car,590,4.535774542320299,0,0,0,7
0020,car,591,3.5444038178536315,0,0,0,7
0020,car,592,3.7706727030114653,0,0,0,8
0020,car,593,2.82702650959847,0,0,0,8
0020,car,594,2.536982009020346,0,0,0,6
0020,car,595,1.4016105779573957,0,0,0,6
0020,car,596,1.227022882733006,0,0,0,6
0020,car,597,1.2592257174032493,0,0,0,6
0020,car,598,1.3463947803693688,0,0,0,5
0020,car,599,1.5323171574480634,0,0,0,5
0020,car,600,1.4639490774251813,0,0,0,5
0020,car,601,1.5587763604820413,0,0,0,5
0020,car,602,1.5728441220229754,0,0,0,5
0020,car,603,2.051503122044123,0,0,0,5
0020,car,604,2.2023512056475867,0,0,0,5
0020,car,605,2.5308354063589484,0,0,0,5
0020,car,606,3.240047507961634,0,0,0,5
0020,car,607,3.3112899161576133,0,0,0,5
0020,car,608,3.7707041205857488,0,0,0,6
0020,car,609,5.424130811732134,0,0,0,7
0020,car,610,5.925563484641716,0,0,0,8
0020,car,611,4.48938460926511,0,0,0,7
0020,car,612,4.076823436091155,0,0,0,6
0020,car,613,4.4788290058502085,0,0,0,6
0020,car,614,6.115630564581388,0,1,-1,6
0020,car,615,7.316914244716346,0,0,0,5
0020,car,616,7.761925428068272,0,0,0,6
0020,car,617,3.8288713069002407,0,0,0,6
0020,car,618,2.4045716837309774,0,0,0,6
0020,car,619,2.762847227215846,0,0,0,7
0020,car,620,3.5886467470346806,0,0,0,8
0020,car,621,4.369562311014984,0,0,0,9
0020,car,622,2.935315778031131,1,1,0,8
0020,car,623,3.5875249477285234,0,0,0,7
0020,car,624,1.2809247910382986,0,0,0,5
0020,car,625,2.423494465453793,0,0,0,5
0020,car,626,2.4755770081661677,0,0,0,5
0020,car,627,2.7968924682225946,0,0,0,5
0020,car,628,3.2294271824983607,0,0,0,5
0020,car,629,3.4813667090738516,0,0,0,5
0020,car,630,3.5451757842234066,1,1,0,5
0020,car,631,3.766403745890168,0,0,0,5
0020,car,632,3.316020417287018,0,0,0,5
0020,car,633,4.053450970759636,0,0,0,5
0020,car,634,4.33799884536046,0,0,0,4
0020,car,635,3.469735929704637,0,0,0,4
0020,car,636,3.8163917263861307,0,0,0,4
0020,car,637,3.0535683379849923,0,0,0,3
0020,car,638,1.148520590628338,0,0,0,3
0020,car,639,1.2671134123895116,0,0,0,3
0020,car,640,1.1847910495998166,0,0,0,3
0020,car,641,1.2679925513522095,0,0,0,3
0020,car,642,1.4294515999469675,0,0,0,3
0020,car,643,1.3406181014340277,0,0,0,3
0020,car,644,1.3629265858493538,0,0,0,3
0020,car,645,1.5004118656745051,0,0,0,3
0020,car,646,1.3796060971193758,0,0,0,3
0020,car,647,1.5544052070096344,0,0,0,3
0020,car,648,1.3939391878966638,0,0,0,3
0020,car,649,1.3715788137602434,0,0,0,3
0020,car,650,1.43609145716757,0,0,0,3
0020,car,651,1.3699822647420545,0,0,0,3
0020,car,652,1.410960933495418,1,1,0,3
0020,car,653,1.5854180129141187,1,1,0,3
0020,car,654,1.4322186378340351,0,0,0,3
0020,car,655,1.4414828846477445,0,0,0,3
0020,car,656,1.5827664777319637,1,1,0,3
0020,car,657,1.4211693001736843,0,0,0,3
0020,car,658,1.609994609351748,0,0,0,3
0020,car,659,1.439527680433074,0,0,0,3
0020,car,660,1.4743418599727096,0,0,0,3
0020,car,661,1.6510110954284152,0,0,0,3
0020,car,662,1.470093174521978,0,0,0,3
0020,car,663,1.4901895467784927,0,0,0,3
0020,car,664,1.787780122668229,0,0,0,3
0020,car,665,1.5951909874500694,0,0,0,3
0020,car,666,1.7391624645629056,0,0,0,3
0020,car,667,1.8505549045404959,0,0,0,3
0020,car,668,1.6427706682170333,0,0,0,3
0020,car,669,1.3458350421978857,0,0,0,3
0020,car,670,1.2079826425564522,0,0,0,3
0020,car,671,0.894002961554535,0,0,0,3
0020,car,672,0.7411855277593976,0,0,0,3
0020,car,673,0.6259745298123703,0,0,0,3
0020,car,674,0.4493247929991048,0,0,0,3
0020,car,675,0.2987480555918276,0,0,0,3
0020,car,676,0.27622198301010925,0,0,0,3
0020,car,677,0.27971486395578243,0,0,0,3
0020,car,678,0.35110000303035094,0,0,0,3
0020,car,679,0.40980499667247333,0,0,0,3
0020,car,680,0.4799672648838767,0,0,0,3
0020,car,681,0.6566343385474271,0,0,0,3
0020,car,682,0.7012560684783367,0,0,0,3
0020,car,683,0.842862882296217,0,0,0,3
0020,car,684,1.0290290860439328,0,0,0,3
0020,car,685,1.0952566521109268,0,0,0,3
0020,car,686,1.168504500261576,0,0,0,3
0020,car,687,1.418560370127949,0,0,0,3
0020,car,688,1.3688775630797874,0,0,0,3
0020,car,689,1.475607788420802,0,0,0,3
0020,car,690,1.8122234429507142,0,0,0,3
0020,car,691,1.7109296033297603,0,0,0,3
0020,car,692,1.7386316543236022,0,0,0,3
0020,car,693,1.8836689843121632,0,0,0,3
0020,car,694,1.7002820924583042,0,0,0,3
0020,car,695,1.879612916562451,0,0,0,3
0020,car,696,2.1083909235279825,0,0,0,3
0020,car,697,1.8086818551534605,0,0,0,3
0020,car,698,2.0888107189553935,0,0,0,3
0020,car,699,1.8550599463423845,0,0,0,3
0020,car,700,1.917345013909708,0,0,0,3
0020,car,701,2.1115372732297875,0,0,0,3
0020,car,702,2.032066871135734,0,0,0,3
0020,car,703,2.0838935329792085,0,0,0,3
0020,car,704,2.363691954928051,0,0,0,3
0020,car,705,2.07753291911383,0,0,0,3
0020,car,706,2.0601807149962097,0,0,0,3
0020,car,707,2.3592837249820913,0,0,0,3
0020,car,708,1.929559359676347,0,0,0,3
0020,car,709,2.0513654018355423,0,0,0,3
0020,car,710,2.2520645767816134,0,0,0,3
0020,car,711,1.9948252116881218,0,0,0,3
0020,car,712,1.9582029740351123,0,0,0,3
0020,car,713,2.076944601972507,0,0,0,3
0020,car,714,1.9053229230130213,0,0,0,3
0020,car,715,1.6504293814194537,0,0,0,3
0020,car,716,1.671924272759326,0,0,0,3
0020,car,717,1.3053780236648154,0,0,0,3
0020,car,718,1.4727601652138316,0,0,0,3
0020,car,719,1.3176418029422603,0,0,0,3
0020,car,720,1.2056098063687228,0,0,0,3
0020,car,721,1.5516249830893043,0,0,0,3
0020,car,722,1.5170704580014926,0,0,0,3
0020,car,723,1.5448601803730626,0,0,0,3
0020,car,724,1.8098750025811228,0,0,0,3
0020,car,725,1.8651256615081677,0,0,0,3
0020,car,726,1.6893051940837813,0,0,0,3
0020,car,727,2.1327461351207315,0,0,0,3
0020,car,728,1.908237710132556,0,0,0,3
0020,car,729,1.9949808554004198,0,0,0,3
0020,car,730,2.3155715722036967,0,0,0,3
0020,car,731,2.0778673809515666,0,0,0,3
0020,car,732,2.1516007242755455,0,0,0,4
0020,car,733,1.683526469643456,0,0,0,4
0020,car,734,1.6872641884287747,0,0,0,4
0020,car,735,1.8530451589848742,0,0,0,4
0020,car,736,1.540473695584084,0,0,0,4
0020,car,737,1.3280188840860954,0,0,0,4
0020,car,738,1.239761898938577,0,0,0,4
0020,car,739,0.8542471953864963,0,0,0,4
0020,car,740,0.7180392276462145,0,0,0,4
0020,car,741,0.7775137762850435,0,0,0,4
0020,car,742,0.6401452515395478,0,0,0,4
0020,car,743,0.6344691964511848,0,0,0,4
0020,car,744,0.49057674500814774,0,0,0,4
0020,car,745,0.4253029454814587,0,0,0,4
0020,car,746,0.42751627163618244,0,0,0,4
0020,car,747,0.3593358908308479,0,0,0,4
0020,car,748,0.3308890467291723,0,0,0,4
0020,car,749,0.38739014212934714,0,0,0,4
0020,car,750,0.3648651622625563,0,0,0,4
0020,car,751,0.3792403221513347,0,0,0,4
0020,car,752,0.4438811237693532,0,0,0,4
0020,car,753,0.41618317301928964,0,0,0,4
0020,car,754,0.5057537912567509,0,0,0,4
0020,car,755,0.4746440313802237,0,0,0,4
0020,car,756,0.45319718735307946,0,0,0,4
0020,car,757,0.43580178415342086,0,0,0,4
0020,car,758,0.3891129880895314,0,0,0,4
0020,car,759,0.4343374990391311,0,0,0,4
0020,car,760,0.522956053696897,0,0,0,4
0020,car,761,0.5008996567522432,0,0,0,4
0020,car,762,0.5410889427435494,0,0,0,4
0020,car,763,0.6199772504129446,1,1,0,4
0020,car,764,0.5627048906534928,0,0,0,4
0020,car,765,0.6596330645805799,0,0,0,4
0020,car,766,0.3435301525018224,0,0,0,3
0020,car,767,0.6529869850266125,0,0,0,3
0020,car,768,0.7880934942644117,0,0,0,3
0020,car,769,0.7408388058230849,0,0,0,3
0020,car,770,0.7761983205308963,0,0,0,3
0020,car,771,0.8593709173421092,0,0,0,3
0020,car,772,0.8194207054717739,0,0,0,3
0020,car,773,1.0093844543972914,0,0,0,3
0020,car,774,0.9648601877596044,0,0,0,3
0020,car,775,0.9468679112160484,0,0,0,3
0020,car,776,1.022365986442273,0,0,0,3
0020,car,777,0.9400560221255704,0,0,0,3
0020,car,778,0.9810497905926839,0,0,0,3
0020,car,779,1.0337471701390566,0,0,0,3
0020,car,780,0.9306404917801893,0,0,0,3
0020,car,781,0.8446852987100756,0,0,0,3
0020,car,782,0.9170037067557795,0,0,0,3
0020,car,783,0.8712765929066716,0,0,0,3
0020,car,784,0.9318279224769037,0,0,0,3
0020,car,785,0.722856288534509,0,0,0,3
0020,car,786,0.619405630314818,0,0,0,3
0020,car,787,0.626006168333875,0,0,0,3
0020,car,788,0.5260572704875068,0,0,0,3
0020,car,789,0.5633335650785696,0,0,0,3
0020,car,790,0.5327999230246697,0,0,0,3
0020,car,791,0.4709812829734247,0,0,0,3
0020,car,792,0.4981187652767018,0,0,0,3
0020,car,793,0.633181769372789,0,0,0,3
0020,car,794,0.48632405542783447,0,0,0,3
0020,car,795,0.24985379238549407,0,0,0,2
0020,car,796,0.16929265147965322,0,0,0,2
0020,car,797,0.14410908921502802,0,0,0,2
0020,car,798,0.2388444763795899,0,0,0,2
0020,car,799,0.14121499420712866,0,0,0,2
0020,car,800,0.17266007895161922,0,0,0,2
0020,car,801,0.11285573352302954,0,0,0,2
0020,car,802,0.20124286776003608,0,0,0,2
0020,car,803,0.1472015387371461,0,0,0,2
0020,car,804,0.17658478375397058,0,0,0,2
0020,car,805,0.10374766669227163,0,0,0,2
0020,car,806,0.12455053410135089,0,0,0,2
0020,car,807,0.15484173324611197,0,0,0,2
0020,car,808,0.13882744444144382,0,0,0,2
0020,car,809,0.13931739892385686,0,0,0,2
0020,car,810,0.07618271420571517,0,0,0,2
0020,car,811,0.14179782860811424,0,0,0,2
0020,car,812,0.1555711766082369,0,0,0,2
0020,car,813,0.17739179430315466,0,0,0,2
0020,car,814,0.10655733104250387,0,0,0,2
0020,car,815,0.12629142512109404,0,0,0,2
0020,car,816,0.10948245251718777,0,0,0,2
0020,car,817,0.19774616697183997,0,0,0,2
0020,car,818,0.12305108360071743,0,0,0,2
0020,car,819,0.10651165708593247,0,0,0,2
0020,car,820,0.13913201258033786,0,0,0,2
0020,car,821,0.11517643782087833,0,0,0,2
0020,car,822,0.18636999304780097,0,0,0,2
0020,car,823,0.1286953921650186,0,0,0,2
0020,car,824,0.1478016544984442,0,0,0,2
0020,car,825,0.112291161417534,0,0,0,2
0020,car,826,0.15280041470237543,0,0,0,2
0020,car,827,0.1248428944879751,0,0,0,2
0020,car,828,0.15427241244347467,0,0,0,2
0020,car,829,0.08932582868086983,0,0,0,2
0020,car,830,0.0778800456235913,0,0,0,2
0020,car,831,0.13054882522942407,0,0,0,2
0020,car,832,0.11745335258492534,0,0,0,2
0020,car,833,0.1287303400868373,0,0,0,2
0020,car,834,0.0799645561489242,0,0,0,2
0020,car,835,0.09022468266632402,0,0,0,2
0020,car,836,0.12932791537398652,0,0,0,2
