sequence,cls,frame,exposure,idsw_global,idsw_per,improvement,n_gt
0000,car,109,2.1642046637826255,0,0,0,1
0000,car,110,2.05090182190367,0,0,0,1
0000,car,111,3.8566646421940707,0,0,0,1
0000,car,112,3.075596774648971,0,0,0,1
0000,car,113,7.8715469217076,0,0,0,2
0000,car,114,5.99114151093194,0,0,0,2
0000,car,115,2.6101853582076213,0,0,0,2
0000,car,116,1.7458317182142489,0,0,0,2
0000,car,117,3.3542843398902535,0,0,0,3
0000,car,118,2.7650270419827683,0,0,0,3
0000,car,119,2.0134917636579877,0,0,0,3
0000,car,120,4.295322435514445,0,0,0,4
0000,car,121,2.3205762309393316,0,0,0,4
0000,car,122,1.3367903588985748,0,0,0,4
0000,car,123,2.216972803714117,0,0,0,4
0000,car,124,2.345233404555172,0,0,0,5
0000,car,125,2.3005927509970654,0,0,0,5
0000,car,126,1.4876686444518703,0,0,0,6
0000,car,127,1.7315230957294212,0,0,0,6
0000,car,128,3.606692418073881,0,0,0,6
0000,car,129,3.7526010218214116,0,0,0,6
0000,car,130,3.8917327170554255,0,0,0,7
0000,car,131,3.30604092240957,0,0,0,7
0000,car,132,4.503428134926894,0,0,0,7
0000,car,133,2.53417840910036,0,0,0,7
0000,car,134,2.1455713985577503,0,0,0,7
0000,car,135,1.4355288287101948,0,0,0,7
0000,car,136,2.466123667908627,0,0,0,7
0000,car,137,2.0962781113253177,0,0,0,7
0000,car,138,2.5527471109280118,0,0,0,8
0000,car,139,2.0007872383858376,0,0,0,8
0000,car,140,4.7481790750376085,0,0,0,8
0000,car,141,2.7891735064868617,0,0,0,8
0000,car,142,2.3110188990241927,0,0,0,8
0000,car,143,3.7707138327725866,0,1,-1,8
0000,car,144,3.1245003380680165,0,0,0,7
0000,car,145,3.6933827707126174,0,0,0,7
0000,car,146,3.863436225157918,0,0,0,7
0000,car,147,4.561258031296242,0,0,0,7
0000,car,148,2.0320827989585304,0,0,0,7
0000,car,149,2.3712416652729997,0,0,0,7
0000,car,150,2.4916099136331344,0,0,0,7
0000,car,151,2.628402237904009,0,0,0,7
0000,car,152,1.8734104083052343,0,0,0,6
0000,car,153,2.551126476248395,0,0,0,5
0000,pedestrian,0,0.0,0,0,0,1
0000,pedestrian,1,5.064212248493671,0,0,0,1
0000,pedestrian,2,2.7442431076104983,0,0,0,1
0000,pedestrian,3,3.8895999670172463,0,0,0,1
0000,pedestrian,4,5.548944990032955,0,0,0,1
0000,pedestrian,5,4.217774863391662,0,0,0,1
0000,pedestrian,138,3.731097240859146,0,0,0,1
0000,pedestrian,139,3.0295499521058034,0,0,0,1
0000,pedestrian,140,5.966964527002921,0,0,0,1
0000,pedestrian,141,4.107021837161064,0,0,0,1
0000,pedestrian,142,2.750548256388316,0,0,0,1
0000,pedestrian,143,2.8483234438072547,0,0,0,1
0000,pedestrian,144,3.7448627874702467,0,0,0,1
0000,pedestrian,145,4.71867174607371,0,0,0,1
0000,pedestrian,146,3.082644764089485,0,0,0,1
0000,pedestrian,147,2.5524389033377233,0,0,0,1
0000,pedestrian,148,2.123876157326701,0,0,0,1
0000,pedestrian,149,1.8068010265653083,0,0,0,1
0000,pedestrian,150,2.824541831383113,0,0,0,1
0000,pedestrian,151,8.897897471301007,0,0,0,1
0000,pedestrian,152,7.191840966153093,0,0,0,1
0000,pedestrian,153,5.84664140643758,0,0,0,1
0001,car,0,0.0,0,0,0,7
0001,car,1,3.1381011940251105,0,0,0,7
0001,car,2,3.9402202560504853,0,0,0,7
0001,car,3,4.3014839426525,0,0,0,7
0001,car,4,4.370635524873179,0,0,0,7
0001,car,5,5.950498238812643,0,0,0,6
0001,car,6,6.676867547174826,0,0,0,6
0001,car,7,10.502772131857675,0,0,0,8
0001,car,8,11.863370680857354,1,0,1,8
0001,car,9,4.76865592917688,0,0,0,9
0001,car,10,6.331831816900577,0,0,0,9
0001,car,11,9.249849349448724,0,0,0,9
0001,car,12,1.8695012664297288,0,0,0,9
0001,car,13,10.704249138920671,0,0,0,9
0001,car,14,3.770447064598957,0,0,0,10
0001,car,15,3.3994151013481684,0,0,0,10
0001,car,16,4.238142762074157,0,0,0,9
0001,car,17,3.6184949599886935,0,0,0,9
0001,car,18,5.521504638823179,0,0,0,7
0001,car,19,2.5047332126021953,0,0,0,8
0001,car,20,2.1622139120262647,0,1,-1,8
0001,car,21,1.4024495996099993,1,0,1,8
0001,car,22,1.2593106426419876,0,0,0,7
0001,car,23,5.179038544719557,1,1,0,7
0001,car,24,1.450454763466011,0,0,0,7
0001,car,25,1.647626780173329,0,0,0,6
0001,car,26,2.491449108617554,0,0,0,6
0001,car,27,1.8994148185064723,0,0,0,6
0001,car,28,2.633478018207728,0,0,0,5
0001,car,29,2.888908290489634,0,0,0,5
0001,car,30,4.119442414267187,0,0,0,6
0001,car,31,2.2138888725116703,0,0,0,6
0001,car,32,2.7025040107202507,0,0,0,6
0001,car,33,2.9035602166917127,0,0,0,6
0001,car,34,2.871260215925787,0,0,0,8
0001,car,35,3.659861473399449,0,0,0,9
0001,car,36,3.5992569296339756,0,0,0,9
0001,car,37,4.301181409556913,0,0,0,9
0001,car,38,4.1232589519962195,0,1,-1,9
0001,car,39,3.8298734720876255,0,0,0,8
0001,car,40,5.37607621144929,0,0,0,8
0001,car,41,5.143937187268419,0,0,0,8
0001,car,42,3.316621723828921,0,0,0,8
0001,car,43,4.856202806145152,0,1,-1,8
0001,car,44,4.877518340408517,0,0,0,7
0001,car,45,5.43873756800279,0,0,0,7
0001,car,46,5.426296820454172,0,0,0,7
0001,car,47,4.906154095357804,0,0,0,7
0001,car,48,5.473283624768047,0,0,0,7
0001,car,49,5.16176006412112,1,1,0,7
0001,car,50,5.597788867127898,1,1,0,7
0001,car,51,6.1487232876705065,0,0,0,6
0001,car,52,8.25639789783761,1,0,1,6
0001,car,53,7.983611981932373,0,1,-1,6
0001,car,54,4.253572633994759,1,1,0,6
0001,car,55,7.366832215485752,0,0,0,7
0001,car,56,4.396486806867951,0,0,0,6
0001,car,57,6.9624890344541495,0,0,0,6
0001,car,58,3.5557845275463404,2,2,0,6
0001,car,59,3.9029360510935716,1,1,0,6
0001,car,60,4.301496636948125,1,1,0,6
0001,car,61,5.057089128116109,0,0,0,6
0001,car,62,4.165278184435748,0,1,-1,6
0001,car,63,5.611572143214209,2,1,1,6
0001,car,64,5.0861661612182925,0,0,0,7
0001,car,65,5.520063568563265,0,0,0,10
0001,car,66,5.986397008080788,0,0,0,9
0001,car,67,4.062446621417037,0,0,0,9
0001,car,68,4.1871921755350545,0,0,0,10
0001,car,69,7.256247318532021,0,0,0,10
0001,car,70,6.454212008020956,0,0,0,10
0001,car,71,8.242023999165916,0,0,0,10
0001,car,72,4.204946850067757,0,1,-1,9
0001,car,73,7.365829240730982,0,0,0,8
0001,car,74,6.200141844434874,0,0,0,7
0001,car,75,7.182506283315103,0,0,0,7
0001,car,76,12.665654759755952,0,0,0,8
0001,car,77,10.917795569793292,0,0,0,8
0001,car,78,6.792794361554465,0,0,0,7
0001,car,79,3.2903229957662825,0,0,0,7
0001,car,80,3.1477220746472625,0,0,0,8
0001,car,81,12.165094933249765,1,0,1,10
0001,car,82,18.184288409233098,0,0,0,10
0001,car,83,18.075730857247343,0,0,0,10
0001,car,84,19.55544135349305,0,0,0,10
0001,car,85,5.603932733992921,0,0,0,13
0001,car,86,5.644715835545769,0,0,0,14
0001,car,87,5.538847067295416,0,0,0,14
0001,car,88,5.018999695168486,0,1,-1,13
0001,car,89,4.887114401460517,0,0,0,12
0001,car,90,6.9604913118832545,0,0,0,13
0001,car,91,7.479896505716554,2,1,1,13
0001,car,92,6.724734792621736,1,1,0,13
0001,car,93,6.638641221432666,0,0,0,12
0001,car,94,10.574169668482087,2,2,0,12
0001,car,95,7.885625696102069,0,0,0,13
0001,car,96,9.567842569374626,0,0,0,13
0001,car,97,7.130776230419121,0,0,0,12
0001,car,98,12.37866734259173,0,0,0,12
0001,car,99,8.22012105518602,1,0,1,10
0001,car,100,8.696423610270278,0,1,-1,10
0001,car,101,9.295825287491667,0,0,0,10
0001,car,102,14.441308370299968,0,0,0,10
0001,car,103,14.561399830617098,0,0,0,9
0001,car,104,8.631054784761464,0,1,-1,9
0001,car,105,2.309042725925669,0,1,-1,11
0001,car,106,5.288273604281346,0,0,0,11
0001,car,107,3.579413152455053,0,0,0,11
0001,car,108,3.5813712852908353,0,0,0,10
0001,car,109,3.857297455155771,0,0,0,12
0001,car,110,3.4586594706342506,1,1,0,13
0001,car,111,2.6774363804469075,0,0,0,12
0001,car,112,2.786830340617545,0,0,0,12
0001,car,113,2.74863513280753,0,0,0,11
0001,car,114,3.7609915244184533,0,0,0,10
0001,car,115,2.24370316824782,0,0,0,10
0001,car,116,4.2044447594215235,0,0,0,10
0001,car,117,4.73592521031107,0,0,0,10
0001,car,118,5.323457190432976,0,0,0,9
0001,car,119,6.67401155271498,0,0,0,10
0001,car,120,6.314985509611041,0,0,0,10
0001,car,121,6.400948771881352,0,0,0,9
0001,car,122,9.916834298395488,1,1,0,9
0001,car,123,2.4299385379914797,0,0,0,8
0001,car,124,2.946911528970743,0,0,0,8
0001,car,125,3.332437052059748,0,0,0,7
0001,car,126,4.475582912189672,0,0,0,7
0001,car,127,4.805604961629914,0,0,0,7
0001,car,128,5.073561990480288,0,0,0,7
0001,car,129,5.829671420660939,0,0,0,7
0001,car,130,5.610256720392228,0,0,0,7
0001,car,131,6.0170649112184975,0,0,0,7
0001,car,132,7.511495867307003,0,0,0,6
0001,car,133,5.49499266477402,0,0,0,6
0001,car,134,3.79720181989041,0,0,0,6
0001,car,135,4.986009912698616,0,0,0,6
0001,car,136,6.800216946936633,1,1,0,6
0001,car,137,1.9500631112448263,0,0,0,6
0001,car,138,1.0691287437907233,0,0,0,5
0001,car,139,2.139736778383979,0,0,0,5
0001,car,140,3.4543721071607845,0,0,0,5
0001,car,141,3.777860532667556,0,0,0,5
0001,car,142,6.212589294061079,0,0,0,5
0001,car,143,7.105674675168081,0,0,0,5
0001,car,144,8.594848264504586,0,0,0,5
0001,car,145,13.685921272875962,0,0,0,5
0001,car,146,13.423052844807927,0,0,0,5
0001,car,147,9.29457518042967,0,0,0,4
0001,car,148,9.37624096397973,0,0,0,4
0001,car,149,10.05791871731309,0,0,0,3
0001,car,150,16.646315436162766,0,0,0,3
0001,car,151,12.692429334472003,0,0,0,3
0001,car,152,19.79208525481905,0,0,0,3
0001,car,153,20.9368751608461,0,0,0,2
0001,car,154,15.26536518920981,0,0,0,2
0001,car,155,6.715567595709164,0,0,0,4
0001,car,156,7.284762811439753,0,0,0,4
0001,car,157,7.06157273682512,0,0,0,4
0001,car,158,4.059979781663126,0,0,0,5
0001,car,159,8.873399469287993,0,0,0,5
0001,car,160,2.8534364062975768,0,0,0,4
0001,car,161,2.7142950422253023,0,0,0,4
0001,car,162,3.474570780553711,0,0,0,4
0001,car,163,2.244018186650073,0,0,0,4
0001,car,164,2.517936517196878,0,0,0,4
0001,car,165,1.5647440793489695,0,0,0,4
0001,car,166,2.34165934057602,0,0,0,4
0001,car,167,2.4115342353835305,0,0,0,4
0001,car,168,1.6908838931573071,0,0,0,4
0001,car,169,1.970756742040463,0,0,0,3
0001,car,170,2.986504037760746,0,0,0,3
0001,car,171,2.320909843841842,0,0,0,3
0001,car,172,2.6951847011828405,0,0,0,3
0001,car,173,3.5195966873194826,0,0,0,3
0001,car,174,2.3711791511095606,0,0,0,3
0001,car,175,2.5543713762026368,0,0,0,3
0001,car,176,2.7479892489426563,0,0,0,2
0001,car,177,1.2667274326363684,0,0,0,2
0001,car,178,2.614795063790146,0,0,0,2
0001,car,179,1.818433686151651,0,0,0,2
0001,car,180,1.2814912112911527,0,0,0,2
0001,car,181,1.8472116493729813,0,0,0,2
0001,car,182,2.900307312208326,0,0,0,2
0001,car,183,2.636041027466073,0,0,0,2
0001,car,184,2.1943940806981237,0,0,0,2
0001,car,185,2.676864192426003,0,0,0,2
0001,car,186,2.3813183181619855,0,0,0,2
0001,car,187,4.469160772179775,0,0,0,2
0001,car,188,1.375178408887762,0,0,0,2
0001,car,189,3.600421566722283,0,0,0,2
0001,car,190,2.346468137874397,0,0,0,2
0001,car,191,1.1017933090819994,0,0,0,2
0001,car,192,0.607583313117954,0,0,0,2
0001,car,193,2.794976343411258,0,0,0,2
0001,car,194,3.1625599345553566,0,0,0,1
0001,car,195,1.874251145768695,0,0,0,2
0001,car,196,2.6150092851702254,0,0,0,2
0001,car,197,1.0957414982977554,0,0,0,2
0001,car,198,0.9758381058783865,0,0,0,2
0001,car,199,2.2875523871647108,0,0,0,2
0001,car,200,3.0246108643424017,0,0,0,2
0001,car,201,0.6212700853469535,0,0,0,2
0001,car,202,1.1094259613904083,0,0,0,2
0001,car,203,1.1627747173708984,0,0,0,2
0001,car,204,1.2312120423636164,0,0,0,2
0001,car,205,3.9523896703064847,0,0,0,2
0001,car,206,1.8664285266908578,0,0,0,2
0001,car,207,1.9724420478233633,0,0,0,2
0001,car,208,3.212765070327421,0,0,0,2
0001,car,209,4.849441622890291,0,0,0,3
0001,car,210,2.684682920095105,0,0,0,4
0001,car,211,0.9512837747248747,0,0,0,4
0001,car,212,3.3144184247746593,0,0,0,4
0001,car,213,3.5216398923667542,0,0,0,4
0001,car,214,2.1686076770612632,0,0,0,4
0001,car,215,6.488665523204072,0,0,0,4
0001,car,216,4.698290774842302,0,0,0,4
0001,car,217,4.296924658041942,0,0,0,5
0001,car,218,5.763553798083098,0,0,0,5
0001,car,219,3.5278470457073787,0,0,0,5
0001,car,220,6.0566079389790755,0,0,0,6
0001,car,221,4.45705351144891,0,0,0,7
0001,car,222,3.3998867491549816,0,0,0,7
0001,car,223,3.3327340511647723,1,0,1,7
0001,car,224,3.8963044248307903,0,0,0,7
0001,car,225,4.842752826851719,0,0,0,8
0001,car,226,3.274522423553288,0,0,0,8
0001,car,227,3.894722695513649,0,0,0,8
0001,car,228,4.156100150877039,0,0,0,8
0001,car,229,2.944524757241675,0,0,0,6
0001,car,230,2.768308191529789,0,0,0,8
0001,car,231,0.9855190329815585,0,0,0,8
0001,car,232,3.0535047731153573,0,0,0,8
0001,car,233,2.303229124450369,0,0,0,8
0001,car,234,0.9809747220840171,0,0,0,8
0001,car,235,3.452595646954573,0,0,0,9
0001,car,236,2.2902574535793523,0,0,0,9
0001,car,237,3.139187856460635,0,0,0,9
0001,car,238,2.8273975406242755,0,0,0,9
0001,car,239,2.596361845889557,0,0,0,9
0001,car,240,1.757613865757218,0,0,0,9
0001,car,241,1.5398585300123693,0,0,0,9
0001,car,242,1.3701077610806194,0,0,0,9
0001,car,243,1.2547722774182564,0,0,0,8
0001,car,244,1.0955371505735356,0,0,0,8
0001,car,245,1.3931104705582187,0,0,0,9
0001,car,246,1.1906975697339617,0,0,0,9
0001,car,247,1.03049855614381,0,0,0,9
0001,car,248,1.0314557703521543,0,0,0,9
0001,car,249,1.9685213834324733,1,1,0,9
0001,car,250,1.481048149707532,0,0,0,9
0001,car,251,1.8649022870653478,0,0,0,8
0001,car,252,1.9788614903614183,0,0,0,8
0001,car,253,2.2958722866023678,0,0,0,8
0001,car,254,1.5777940303962081,0,0,0,9
0001,car,255,1.576817571808631,0,0,0,9
0001,car,256,1.7347833623494575,0,0,0,9
0001,car,257,1.9769501009945205,0,0,0,9
0001,car,258,1.333651493579766,0,0,0,9
0001,car,259,0.8246126947017273,0,0,0,9
0001,car,260,0.8822281399380698,0,0,0,8
0001,car,261,1.0319699192696374,0,0,0,7
0001,car,262,1.2718809291448523,0,0,0,7
0001,car,263,2.0633587785993375,0,0,0,7
0001,car,264,2.0106883876770296,0,0,0,7
0001,car,265,2.2385863226613245,0,0,0,7
0001,car,266,2.0431817791642333,0,0,0,7
0001,car,267,1.995598445582106,0,0,0,7
0001,car,268,1.9726035729891294,0,0,0,6
0001,car,269,1.7680238511554531,0,0,0,6
0001,car,270,1.302606160002374,0,0,0,6
0001,car,271,1.5356270988522516,0,0,0,7
0001,car,272,3.666233422277472,0,0,0,7
0001,car,273,1.5934550993936698,0,0,0,7
0001,car,274,2.531183425909948,0,0,0,7
0001,car,275,3.5535126830095747,0,0,0,7
0001,car,276,2.559513696847781,0,0,0,7
0001,car,277,3.0061362316490587,0,0,0,7
0001,car,278,2.277048062277376,0,0,0,6
0001,car,279,3.4983865180316793,0,0,0,6
0001,car,280,5.4328121099059015,0,0,0,9
0001,car,281,7.50952110799945,0,0,0,9
0001,car,282,5.290735204418557,0,0,0,9
0001,car,283,1.5379118397250817,0,0,0,8
0001,car,284,1.523225426907031,0,0,0,8
0001,car,285,2.187046494881359,0,0,0,9
0001,car,286,0.9769161792931883,0,0,0,9
0001,car,287,1.1577776739633339,0,0,0,8
0001,car,288,1.4540056886670403,0,0,0,8
0001,car,289,1.4987006531509077,0,0,0,8
0001,car,290,1.6997270649896505,1,1,0,8
0001,car,291,1.6133559643191853,0,0,0,8
0001,car,292,2.414814578783018,0,0,0,7
0001,car,293,2.2074212754087355,0,0,0,7
0001,car,294,2.2570471850159866,1,1,0,7
0001,car,295,2.8676518912510427,0,0,0,10
0001,car,296,2.7103097749373366,0,0,0,9
0001,car,297,2.597907662198028,0,0,0,9
0001,car,298,2.698139068995982,2,1,1,9
0001,car,299,3.8883856716320793,0,1,-1,9
0001,car,300,4.3549307454461665,0,0,0,9
0001,car,301,3.1888949004125386,0,0,0,9
0001,car,302,2.861084320784257,0,0,0,9
0001,car,303,2.1503810009880504,0,0,0,9
0001,car,304,2.0631066834948406,0,0,0,8
0001,car,305,1.3385633438269666,0,0,0,10
0001,car,306,2.4766210301455795,0,0,0,10
0001,car,307,2.3838814223818523,0,0,0,10
0001,car,308,2.1845506318346,1,1,0,10
0001,car,309,2.252589165044441,0,0,0,9
0001,car,310,2.236816124894129,1,1,0,10
0001,car,311,2.9651494088520645,1,1,0,10
0001,car,312,3.3111176403862643,1,1,0,10
0001,car,313,3.0960240170558837,0,0,0,10
0001,car,314,2.8524555539461534,0,0,0,9
0001,car,315,3.990690236598584,1,1,0,11
0001,car,316,2.4284087106151624,0,0,0,11
0001,car,317,2.4183037477021654,0,0,0,10
0001,car,318,2.816401921730691,0,0,0,10
0001,car,319,4.576602370358448,0,0,0,10
0001,car,320,2.2751396617464326,0,0,0,9
0001,car,321,2.521315390088143,1,1,0,9
0001,car,322,2.382202735519165,0,0,0,9
0001,car,323,2.971450384365566,0,0,0,8
0001,car,324,3.252586069012402,0,0,0,8
0001,car,325,2.749572941831965,0,0,0,7
0001,car,326,1.9173848023390654,0,0,0,7
0001,car,327,2.726689884938542,0,0,0,7
0001,car,328,1.86061046439375,0,0,0,6
0001,car,329,2.7131918278001494,0,0,0,6
0001,car,330,3.0008122513591307,0,0,0,5
0001,car,331,3.0347437524725915,0,0,0,5
0001,car,332,4.3591284052094466,0,0,0,5
0001,car,333,3.3878456523612597,0,0,0,5
0001,car,334,5.073902815695554,0,0,0,5
0001,car,335,4.184043636515639,0,0,0,6
0001,car,336,4.008172577975023,0,0,0,5
0001,car,337,4.195728501574077,0,0,0,5
0001,car,338,7.496229194961165,0,0,0,5
0001,car,339,6.27278042874447,0,0,0,6
0001,car,340,3.3943587493511482,0,0,0,8
0001,car,341,2.9930269366747897,0,0,0,7
0001,car,342,2.8935362437449372,0,0,0,7
0001,car,343,1.7625955289547262,0,0,0,6
0001,car,344,1.72839723471864,0,0,0,6
0001,car,345,1.2051041920346384,0,0,0,7
0001,car,346,1.6093533709694872,0,0,0,6
0001,car,347,2.572135697695539,0,0,0,6
0001,car,348,1.114038971301357,0,0,0,5
0001,car,349,1.0496409364731407,0,0,0,5
0001,car,350,1.1715157959106377,0,0,0,5
0001,car,351,0.8244681706598731,0,0,0,5
0001,car,352,0.9875595349941395,0,0,0,5
0001,car,353,1.1678411993398115,0,0,0,5
0001,car,354,1.2241183920770937,0,0,0,5
0001,car,355,1.4085375461481227,0,0,0,5
0001,car,356,2.553533394744322,0,0,0,5
0001,car,357,1.3023826061795245,0,0,0,5
0001,car,358,1.695758796165252,0,0,0,5
0001,car,359,2.9145452140912433,0,0,0,5
0001,car,360,1.5100737258807633,0,0,0,5
0001,car,361,2.3754015506338115,0,0,0,5
0001,car,362,2.4699170818941107,0,0,0,5
0001,car,363,2.445384282278293,0,0,0,5
0001,car,364,2.138949930773965,0,0,0,5
0001,car,365,2.1869691678214775,0,0,0,4
0001,car,366,2.8592827018012428,0,0,0,4
0001,car,367,1.7901915346719959,0,0,0,4
0001,car,368,1.3370491501954223,0,0,0,4
0001,car,369,1.8746144626639671,0,0,0,4
0001,car,370,1.1811073485526475,0,0,0,4
0001,car,371,1.3013662479994081,0,0,0,4
0001,car,372,1.3442223578392347,0,0,0,4
0001,car,373,1.625351076625794,0,0,0,4
0001,car,374,0.757585820223378,1,1,0,4
0001,car,375,1.2264752473804919,0,0,0,3
0001,car,376,1.1095721753438519,0,0,0,3
0001,car,377,0.6448063702813965,0,0,0,3
0001,car,378,0.7416550191623278,1,1,0,3
0001,car,379,0.5062928667090338,0,0,0,3
0001,car,380,0.4984252823567599,0,0,0,3
0001,car,381,0.6964344672643056,0,0,0,3
0001,car,382,0.7170869193827017,1,1,0,3
0001,car,383,0.5736382117051164,0,0,0,3
0001,car,384,0.4486945834442673,0,0,0,3
0001,car,385,0.7476565876645637,0,0,0,3
0001,car,386,0.2845472048256835,0,0,0,3
0001,car,387,1.0251897440641689,0,0,0,3
0001,car,388,0.8132913658313535,0,0,0,3
0001,car,389,0.7317031901250983,0,0,0,3
0001,car,390,0.7278534336957169,0,0,0,3
0001,car,391,0.6387372840210819,0,0,0,3
0001,car,392,0.5190141981157497,0,0,0,3
0001,car,393,0.3513127400312591,0,0,0,3
0001,car,394,0.6194611916754003,0,0,0,3
0001,car,395,0.6061446997402865,0,0,0,3
0001,car,396,0.4137936198100942,1,1,0,3
0001,car,397,0.633303131262645,0,0,0,2
0001,car,398,0.6305502276603981,0,0,0,2
0001,car,399,0.2940695391606871,0,0,0,2
0001,car,400,0.44625582956500276,0,0,0,2
0001,car,401,0.2816359248360407,0,0,0,2
0001,car,402,0.27472163705124275,0,0,0,2
0001,car,403,0.1771366894126969,0,0,0,2
0001,car,404,0.5199174570934036,0,0,0,2
0001,car,405,0.21920890966401368,0,0,0,2
0001,car,406,0.41359571743522805,0,0,0,2
0001,car,407,0.4761814721394283,0,0,0,2
0001,car,408,0.5973593758359343,0,0,0,2
0001,car,409,0.4813829649813845,0,0,0,2
0001,car,410,0.5220407407774967,0,0,0,1
0001,car,411,0.4451106192005866,0,0,0,1
0001,car,412,0.4069499122608741,0,0,0,1
0001,car,413,0.41647038875237896,0,0,0,1
0001,car,414,0.2380282718882323,0,0,0,1
0001,car,415,0.21720285524042668,0,0,0,1
0001,car,416,0.2323950076771768,0,0,0,1
0001,car,417,0.13959704102337317,0,0,0,1
0001,car,418,0.026369200718348865,0,0,0,1
0001,car,419,0.4428917155010909,0,0,0,1
0001,car,420,0.2827244726975192,0,0,0,1
0001,car,421,0.3627853803482863,0,0,0,1
0001,car,422,0.8964298720242815,0,0,0,1
0001,car,423,0.7468758541323172,0,0,0,1
0001,car,424,0.6705985250615301,0,0,0,1
0001,car,425,0.8091939159420374,0,0,0,1
0001,pedestrian,148,5.489747602276369,0,0,0,2
0001,pedestrian,149,8.416023176072457,0,0,0,2
0001,pedestrian,150,4.05750926576407,0,0,0,2
0001,pedestrian,151,5.2884552565526155,0,0,0,2
0001,pedestrian,152,6.148081869694537,0,0,0,2
0001,pedestrian,153,6.19222616464652,0,0,0,2
0001,pedestrian,154,7.833033806247952,0,0,0,2
0001,pedestrian,155,7.68087295057374,0,0,0,2
0001,pedestrian,156,6.489315280046255,0,0,0,2
0001,pedestrian,157,3.5133207641861026,0,0,0,2
0001,pedestrian,158,2.984577556726142,0,0,0,2
0001,pedestrian,159,0.8416709466198136,0,0,0,2
0001,pedestrian,160,5.5183731297482765,0,0,0,2
0001,pedestrian,161,8.6619536932254,0,0,0,2
0001,pedestrian,162,11.107156821086386,0,0,0,2
0001,pedestrian,163,9.493849755929102,0,0,0,2
0001,pedestrian,335,2.551234323687347,0,0,0,1
0001,pedestrian,336,2.076654897865637,0,0,0,1
0001,pedestrian,337,2.7328477980515173,0,0,0,1
0001,pedestrian,338,2.625177991292362,0,0,0,1
0001,pedestrian,339,2.540778539994566,0,0,0,1
0001,pedestrian,341,3.0238040151297754,0,0,0,1
0001,pedestrian,342,2.84494146643983,0,0,0,1
0001,pedestrian,343,3.47558684581112,0,0,0,1
0001,pedestrian,344,3.268806765896078,0,0,0,1
0001,pedestrian,345,1.58288378444972,0,0,0,1
0001,pedestrian,346,3.0195200933008532,0,0,0,1
0001,pedestrian,347,2.7793683343923616,0,0,0,1
0001,pedestrian,348,1.1195841082570377,0,0,0,1
0001,pedestrian,349,1.1577178196936206,0,0,0,1
0001,pedestrian,350,1.6504729987164124,0,0,0,1
0001,pedestrian,351,1.1980202653117082,0,0,0,1
0001,pedestrian,352,1.4566634145067772,0,0,0,1
0001,pedestrian,353,2.1380615034084167,0,0,0,1
0001,pedestrian,354,1.5812954031527213,0,0,0,1
0001,pedestrian,355,0.6760379367187483,0,0,0,1
0001,pedestrian,356,3.796473248905016,0,0,0,1
0001,pedestrian,357,0.8075179267362814,0,0,0,1
0001,pedestrian,358,0.7067986145792168,0,0,0,1
0001,pedestrian,359,1.8520657743234525,0,0,0,1
0001,pedestrian,360,0.8651897802177367,0,0,0,1
0001,pedestrian,361,1.257653283910887,0,0,0,1
0001,pedestrian,362,1.2932945010656658,0,0,0,1
0001,pedestrian,363,1.1322347248431155,0,0,0,1
0001,pedestrian,364,1.3414451272387484,0,0,0,1
0001,pedestrian,365,0.7969079563468814,0,0,0,1
0001,pedestrian,366,1.664322286734783,0,0,0,1
0001,pedestrian,367,1.1044596247675962,0,0,0,1
0001,pedestrian,368,3.1742207509874696,0,0,0,1
0001,pedestrian,369,4.257535238897382,0,0,0,1
0001,pedestrian,370,4.437107189492458,0,0,0,1
0001,pedestrian,371,5.83096331903509,0,0,0,1
0001,pedestrian,372,9.499480397400568,0,0,0,1
0001,pedestrian,373,9.273190616858315,0,0,0,1
0001,pedestrian,374,11.253501537553758,0,0,0,1
0001,pedestrian,375,14.517842967606995,0,0,0,1
0002,car,0,0.0,0,0,0,3
0002,car,1,6.4971025336067525,0,0,0,3
0002,car,2,1.2923152969391123,0,0,0,3
0002,car,3,4.048965726121267,0,0,0,2
0002,car,4,4.996895194157191,0,0,0,2
0002,car,5,1.4166397852091992,0,0,0,2
0002,car,6,1.7429746179807828,0,0,0,2
0002,car,7,2.6423550400417573,0,0,0,1
0002,car,8,1.5119665206471928,0,0,0,1
0002,car,9,1.6372068112840705,0,0,0,1
0002,car,10,0.9149744585092249,0,0,0,1
0002,car,25,2.7150966649533492,0,0,0,1
0002,car,26,3.587835469486515,0,0,0,1
0002,car,27,2.6314445317404918,0,0,0,1
0002,car,28,2.868860103186096,0,0,0,1
0002,car,29,3.7843494711254113,0,0,0,1
0002,car,30,3.0383580503492977,0,0,0,1
0002,car,31,4.752098469692275,0,0,0,1
0002,car,32,3.8271693375218963,0,0,0,1
0002,car,33,2.705780852214785,0,0,0,2
0002,car,34,3.489034507618282,0,0,0,2
0002,car,35,3.8299669097583955,0,0,0,2
0002,car,36,4.525444261032728,0,0,0,2
0002,car,37,2.566075750608843,0,0,0,2
0002,car,38,0.7661166273613542,0,0,0,2
0002,car,39,1.661454117195871,0,0,0,2
0002,car,40,2.519306244907159,0,0,0,2
0002,car,41,2.269848851619405,0,0,0,2
0002,car,42,0.6107405197383864,0,0,0,2
0002,car,43,1.381808142251606,0,0,0,2
0002,car,44,1.0057511212376182,0,0,0,2
0002,car,45,1.1787395088646377,0,0,0,2
0002,car,46,2.3585101432020927,0,0,0,2
0002,car,47,3.2167162911848344,0,0,0,2
0002,car,48,3.2175915708643426,0,0,0,2
0002,car,49,1.6017932317843937,0,0,0,2
0002,car,50,0.9963698568575539,0,0,0,2
0002,car,51,4.149613972542778,0,0,0,2
0002,car,52,1.5404009594037047,0,0,0,3
0002,car,53,1.4583876612591542,0,0,0,3
0002,car,54,2.756854852799837,0,0,0,3
0002,car,55,2.9263060269696184,0,0,0,3
0002,car,56,3.223860908708493,0,0,0,3
0002,car,57,2.291750548453086,0,0,0,3
0002,car,58,3.9805122479036834,0,0,0,4
0002,car,59,3.3284325976994116,0,0,0,4
0002,car,60,4.94878768745128,0,0,0,4
0002,car,61,6.143262467939851,0,0,0,4
0002,car,62,5.149270019494123,0,0,0,4
0002,car,63,4.522428032467252,0,0,0,4
0002,car,64,4.405864223841658,0,0,0,4
0002,car,65,5.33013019513275,0,0,0,4
0002,car,66,6.5542632465135675,0,0,0,4
0002,car,67,7.8631417070846945,0,0,0,4
0002,car,68,6.859707480151891,0,0,0,4
0002,car,69,10.45599305785441,0,0,0,4
0002,car,70,5.574817571907133,0,0,0,3
0002,car,71,8.174860703348575,0,0,0,3
0002,car,72,7.4745732247007,0,0,0,3
0002,car,73,8.395210070173187,0,0,0,3
0002,car,74,7.5230384928384435,0,0,0,3
0002,car,75,6.655786809200593,0,0,0,3
0002,car,76,5.405175611193732,0,0,0,3
0002,car,77,3.417200113932852,0,0,0,3
0002,car,78,1.9221121059046988,0,0,0,4
0002,car,79,2.2312116797214094,0,0,0,4
0002,car,80,1.4283676526868516,0,0,0,4
0002,car,81,1.5475533879628431,0,0,0,4
0002,car,82,1.1182697260904781,0,0,0,6
0002,car,83,0.8261242416392612,0,0,0,6
0002,car,84,1.290562935288547,0,1,-1,7
0002,car,85,1.736306607750636,0,0,0,7
0002,car,86,1.4458794376869348,0,0,0,7
0002,car,87,1.584281962543817,0,0,0,7
0002,car,88,1.049654389544917,0,0,0,8
0002,car,89,0.4589069464307627,0,0,0,8
0002,car,90,0.5138678589877625,0,0,0,8
0002,car,91,0.4053708633670163,0,0,0,8
0002,car,92,0.9171011469249839,0,0,0,8
0002,car,93,0.8265369199050501,0,0,0,8
0002,car,94,0.9786492863492056,0,0,0,8
0002,car,95,1.3380340245345617,0,0,0,8
0002,car,96,1.1285158691014394,0,0,0,8
0002,car,97,0.4135610179277043,0,0,0,8
0002,car,98,0.7772954171318546,0,0,0,8
0002,car,99,0.3560806085102087,0,0,0,8
0002,car,100,0.4469432701804479,1,1,0,8
0002,car,101,0.7958494343680471,3,3,0,8
0002,car,102,1.3035865116623406,0,0,0,8
0002,car,103,1.0545158469126077,0,0,0,8
0002,car,104,2.6222625183208454,0,0,0,8
0002,car,105,1.7591423994675954,0,0,0,8
0002,car,106,1.5874912578710525,0,0,0,8
0002,car,107,1.4779166632516731,0,0,0,8
0002,car,108,0.8983836664430551,0,0,0,8
0002,car,109,0.6025885097784921,0,0,0,8
0002,car,110,0.8756298137454518,0,0,0,8
0002,car,111,0.8783967998400364,1,1,0,8
0002,car,112,1.1491257655376095,0,0,0,8
0002,car,113,0.6441714791534435,0,0,0,8
0002,car,114,1.2484176038677717,1,1,0,8
0002,car,115,0.5584578405447247,0,0,0,8
0002,car,116,1.200145087883775,0,0,0,8
0002,car,117,0.8942888813240227,0,0,0,8
0002,car,118,0.8440064501467761,0,0,0,6
0002,car,119,0.665521722771462,0,0,0,6
0002,car,120,0.43579598492689475,0,0,0,6
0002,car,121,0.6807499174429049,0,0,0,6
0002,car,122,0.5785570674383079,0,0,0,6
0002,car,123,0.5452191966969379,0,0,0,6
0002,car,124,0.7266150217706328,0,0,0,6
0002,car,125,0.5185666887053563,0,0,0,6
0002,car,126,0.35585812361705105,0,0,0,6
0002,car,127,0.3102040692810732,0,0,0,6
0002,car,128,0.4469980072589351,1,1,0,6
0002,car,129,0.3560734886418596,0,0,0,6
0002,car,130,0.24697413886029362,0,0,0,6
0002,car,131,0.23061045032296762,0,0,0,6
0002,car,132,0.3571126070375076,0,0,0,6
0002,car,133,0.35422090377092325,0,0,0,6
0002,car,134,0.3494264356558219,0,0,0,6
0002,car,135,0.3593145185427107,0,0,0,6
0002,car,136,0.4768123306664628,0,0,0,6
0002,car,137,0.23243881327682148,0,0,0,6
0002,car,138,0.26159112593047995,0,0,0,5
0002,car,139,0.14073611074005002,0,0,0,5
0002,car,140,0.2806590803030553,0,0,0,5
0002,car,141,0.3725696263435463,0,0,0,5
0002,car,142,0.30536434211530894,0,0,0,5
0002,car,143,0.2304041343858214,0,0,0,5
0002,car,144,0.15239481880117786,0,0,0,5
0002,car,145,0.19553899158043003,0,0,0,5
0002,car,146,0.2271009974838364,0,0,0,5
0002,car,147,0.13752763960835993,1,1,0,5
0002,car,148,0.14196632914405743,0,0,0,5
0002,car,149,0.1315249076413296,0,0,0,5
0002,car,150,0.11530052547955748,0,0,0,5
0002,car,151,0.20529451495513276,0,0,0,5
0002,car,152,0.14425093061042546,0,0,0,5
0002,car,153,0.15058351232605746,0,0,0,6
0002,car,154,0.15631602970687564,0,0,0,6
0002,car,155,0.1190964528415826,0,0,0,7
0002,car,156,0.1017079139958507,0,0,0,7
0002,car,157,0.060589617343688645,0,0,0,6
0002,car,158,0.06349967733328041,0,0,0,5
0002,car,159,0.03959703289902624,0,0,0,5
0002,car,160,0.08339561018780965,0,0,0,5
0002,car,161,0.17149202562179353,0,0,0,5
0002,car,162,0.22169363442711212,0,0,0,5
0002,car,163,0.057477685925497,0,0,0,4
0002,car,164,0.09722920799549722,0,0,0,4
0002,car,165,0.13375595461218595,0,0,0,4
0002,car,166,0.1640922023940704,0,0,0,4
0002,car,167,0.12281482096840142,0,0,0,4
0002,car,168,0.0806977965788919,0,0,0,4
0002,car,169,0.1085034100988008,0,0,0,4
0002,car,170,0.13684683429661243,0,0,0,4
0002,car,171,0.09101993762025612,0,0,0,4
0002,car,172,0.20963933578828603,0,0,0,4
0002,car,173,0.06191265512077337,0,0,0,4
0002,car,174,0.06108508326273564,0,0,0,4
0002,car,175,0.02885197831707601,0,0,0,4
0002,car,176,0.11913107114807507,0,0,0,4
0002,car,177,0.10394882235873851,0,0,0,4
0002,car,178,0.013235924195810453,0,0,0,4
0002,car,179,0.1370362146184988,0,0,0,4
0002,car,180,0.0711563139478927,0,0,0,4
0002,car,181,0.0695836875814579,0,0,0,4
0002,car,182,0.2000480182449066,0,0,0,4
0002,car,183,0.07109158711047255,0,0,0,4
0002,car,184,0.08640179761904508,0,0,0,4
0002,car,185,0.1146432744462707,0,0,0,4
0002,car,186,0.0195565164932614,0,0,0,5
0002,car,187,0.1459750568525103,0,0,0,5
0002,car,188,0.10537349637802862,0,0,0,5
0002,car,189,0.08064025815352258,0,0,0,5
0002,car,190,0.10173923960144349,0,0,0,5
0002,car,191,0.22212222795433123,0,0,0,5
0002,car,192,0.03416941305942449,1,1,0,5
0002,car,193,0.08211781042460492,0,0,0,5
0002,car,194,0.09659010125398111,2,2,0,5
0002,car,195,0.05659630176324877,0,0,0,5
0002,car,196,0.11350039788406674,0,0,0,5
0002,car,197,0.07489207071456902,0,0,0,5
0002,car,198,0.06035617311228361,0,0,0,5
0002,car,199,0.05993645594657276,0,0,0,5
0002,car,200,0.05088685827812024,0,0,0,5
0002,car,201,0.0946796079055191,0,0,0,5
0002,car,202,0.10462071080415575,0,0,0,5
0002,car,203,0.06801745412399349,0,0,0,5
0002,car,204,0.04430380097124954,0,0,0,5
0002,car,205,0.036562656153832515,0,0,0,5
0002,car,206,0.02565167408263758,0,0,0,5
0002,car,207,0.10230306223689722,0,0,0,5
0002,car,208,0.06613658166777539,0,0,0,5
0002,car,209,0.16789882449126123,0,0,0,5
0002,car,210,0.08646861113969322,0,0,0,5
0002,car,211,0.062206978163398485,0,0,0,5
0002,car,212,0.06483419084454184,0,0,0,5
0002,car,213,0.11767999379462603,0,0,0,5
0002,car,214,0.10895367186894683,0,0,0,5
0002,car,215,0.11243814768852242,0,0,0,5
0002,car,216,0.12605630206572563,0,0,0,5
0002,car,217,0.18390337842372798,0,0,0,5
0002,car,218,0.13874931067064797,0,0,0,5
0002,car,219,0.027056673438272043,0,0,0,5
0002,car,220,0.10720180171595142,0,0,0,5
0002,car,221,0.04159730495307691,0,0,0,5
0002,car,222,0.1204922427637025,0,0,0,5
0002,car,223,0.1192372053329814,0,0,0,5
0002,car,224,0.13179749508866967,0,0,0,5
0002,car,225,0.0585529955773948,0,0,0,5
0002,car,226,0.14660680324508496,0,0,0,5
0002,car,227,0.2019861969963426,0,0,0,5
0002,car,228,0.06420964415615185,0,0,0,5
0002,car,229,0.09709714202818116,0,0,0,5
0002,car,230,0.02690198624522632,0,0,0,5
0002,car,231,0.13420253413967495,0,0,0,5
0002,car,232,0.23515465765017574,0,0,0,5
0002,pedestrian,59,0.3134845808957097,0,0,0,1
0002,pedestrian,60,0.7759689611498497,0,0,0,1
0002,pedestrian,61,0.9508404109268079,0,0,0,1
0002,pedestrian,62,1.2876505051159712,0,0,0,1
0002,pedestrian,69,0.9979884728083938,0,0,0,1
0002,pedestrian,79,1.645931431200661,1,1,0,1
0002,pedestrian,80,0.6064608590593643,0,0,0,1
0002,pedestrian,81,1.0602254419557888,0,0,0,1
0002,pedestrian,82,0.4021573459923641,0,0,0,1
0002,pedestrian,83,0.9394840428182278,0,0,0,1
0002,pedestrian,84,0.6390927476346107,0,0,0,1
0002,pedestrian,85,0.6921562976840006,0,0,0,1
0002,pedestrian,86,0.6580110757183395,0,0,0,1
0002,pedestrian,87,0.502696090252656,0,0,0,1
0002,pedestrian,88,0.6582818713721752,0,0,0,1
0002,pedestrian,89,0.7654971959193284,0,0,0,1
0002,pedestrian,90,0.5152156218262767,0,0,0,1
0002,pedestrian,91,0.5323522044801854,0,0,0,1
0002,pedestrian,92,0.6355074443733459,0,0,0,1
0002,pedestrian,93,1.1507655219711523,0,0,0,1
0002,pedestrian,94,0.39755210826156756,0,0,0,1
0002,pedestrian,95,0.6675493397108532,0,0,0,1
0002,pedestrian,96,0.4672110603057096,0,0,0,1
0002,pedestrian,97,0.2593104878434434,0,0,0,1
0002,pedestrian,101,0.4075030849885227,0,0,0,1
0002,pedestrian,102,1.7605598796821849,0,0,0,1
0002,pedestrian,103,1.6383141422366576,0,0,0,1
0002,pedestrian,104,3.1869760335049735,0,0,0,1
0002,pedestrian,105,1.9538623523062084,0,0,0,1
0002,pedestrian,106,1.9414207534508026,0,0,0,1
0002,pedestrian,107,1.199902013372599,0,0,0,1
0002,pedestrian,108,0.36077232503433176,0,0,0,1
0002,pedestrian,109,1.9844738769773664,0,0,0,1
0002,pedestrian,110,0.4412985068822206,0,0,0,1
0002,pedestrian,111,0.37002128096757203,0,0,0,1
0002,pedestrian,112,1.6009540982640065,0,0,0,1
0002,pedestrian,113,1.4113634615840496,0,0,0,1
0002,pedestrian,114,0.8034861123079147,0,0,0,1
0002,pedestrian,115,0.7513314525211238,0,0,0,1
0002,pedestrian,116,0.7168491641558241,0,0,0,1
0002,pedestrian,117,0.4179908227427829,0,0,0,1
0002,pedestrian,118,0.6334812206869858,0,0,0,1
0002,pedestrian,119,0.24169808318202904,0,0,0,1
0002,pedestrian,120,0.9904843213536039,0,0,0,1
0002,pedestrian,121,0.3823473730478883,0,0,0,1
0002,pedestrian,122,1.109162135412039,0,0,0,1
0002,pedestrian,123,0.3741404754250284,0,0,0,1
0002,pedestrian,124,0.5790998493729642,0,0,0,1
0002,pedestrian,125,0.5650606976043699,0,0,0,1
0002,pedestrian,126,0.7146515640909106,0,0,0,1
0002,pedestrian,127,0.6998734235138924,0,0,0,1
0002,pedestrian,128,0.43894519116923425,0,0,0,1
0002,pedestrian,129,0.24034186261175636,0,0,0,1
0002,pedestrian,130,0.6256054401964263,0,0,0,1
0002,pedestrian,131,0.4561223378500471,0,0,0,1
0002,pedestrian,132,0.2665780392620218,0,0,0,1
0002,pedestrian,133,0.6527519198658022,0,0,0,1
0002,pedestrian,134,0.3997029164633159,0,0,0,1
0002,pedestrian,135,0.4455153419302158,0,0,0,1
0002,pedestrian,136,1.058620666770739,0,0,0,1
0002,pedestrian,137,0.392110369449474,0,0,0,1
0002,pedestrian,138,0.4560072513110355,0,0,0,1
0002,pedestrian,139,0.560645048586479,0,0,0,1
0002,pedestrian,140,0.5773263688437974,0,0,0,1
0002,pedestrian,141,0.6351227175145029,0,0,0,1
0002,pedestrian,142,0.7109432730321233,0,0,0,1
0002,pedestrian,143,0.6496474510311314,0,0,0,1
0002,pedestrian,144,1.1022288389950168,0,0,0,1
0002,pedestrian,145,0.8430572092480503,0,0,0,1
0002,pedestrian,146,0.6179116659671026,0,0,0,1
0002,pedestrian,147,0.5154976733275346,0,0,0,1
0002,pedestrian,148,0.05554286677007806,0,0,0,1
0002,pedestrian,149,0.10685096735409558,0,0,0,1
0002,pedestrian,150,0.23497133480585108,0,0,0,1
0002,pedestrian,151,0.23166214133619578,0,0,0,1
0002,pedestrian,152,0.2268591953517711,0,0,0,1
0002,pedestrian,153,0.48029315214061064,0,0,0,1
0002,pedestrian,154,0.32800984061229793,0,0,0,1
0002,pedestrian,155,0.20180771646476878,0,0,0,1
0002,pedestrian,156,0.21533551927222744,0,0,0,1
0002,pedestrian,157,0.10420513232172382,0,0,0,1
0002,pedestrian,158,0.042210843249411864,0,0,0,1
0002,pedestrian,159,0.1673462758104891,0,0,0,1
0002,pedestrian,160,0.03737974058508858,0,0,0,1
0002,pedestrian,161,0.23792755000102972,0,0,0,1
0002,pedestrian,162,0.26264019133653277,0,0,0,1
0002,pedestrian,163,0.11616472684610887,0,0,0,1
0002,pedestrian,164,0.20652754982977048,0,0,0,1
0002,pedestrian,165,0.2135729763572373,0,0,0,1
0002,pedestrian,166,0.24836049465270513,0,0,0,1
0002,pedestrian,167,0.1537323854651317,0,0,0,1
0002,pedestrian,168,0.10881672196415966,0,0,0,1
0002,pedestrian,169,0.08645622774261576,0,0,0,1
0002,pedestrian,170,0.11362532461498427,0,0,0,1
0002,pedestrian,171,0.07848479435286138,0,0,0,1
0002,pedestrian,172,0.24616976437279792,0,0,0,1
0002,pedestrian,173,0.07907880585238199,0,0,0,1
0002,pedestrian,174,0.05577551872388344,0,0,0,1
0002,pedestrian,175,0.0167612973544258,0,0,0,1
0002,pedestrian,176,0.13910087155621384,0,0,0,1
0002,pedestrian,177,0.09776746381330785,0,0,0,1
0002,pedestrian,178,0.03631752248303347,0,0,0,1
0002,pedestrian,179,0.1483527179920325,0,0,0,1
0002,pedestrian,180,0.05063396079436023,0,0,0,1
0002,pedestrian,181,0.07758947877929372,0,0,0,1
0002,pedestrian,182,0.21582427572037427,0,0,0,1
0002,pedestrian,183,0.05771529876669494,0,0,0,1
0002,pedestrian,184,0.10682034071484549,0,0,0,1
0002,pedestrian,185,0.10991201253767087,0,0,0,1
0002,pedestrian,186,0.025781410062134576,0,0,0,1
0002,pedestrian,187,0.14144095404492615,0,0,0,1
0002,pedestrian,188,0.11414287025012294,0,0,0,1
0002,pedestrian,189,0.07438100604292397,0,0,0,1
0002,pedestrian,190,0.08433726979636301,0,0,0,1
0002,pedestrian,191,0.24836740855010098,0,0,0,1
0002,pedestrian,192,0.047276400261498985,0,0,0,1
0002,pedestrian,193,0.09574884905622416,0,0,0,1
0002,pedestrian,194,0.11384580444859206,0,0,0,1
0002,pedestrian,195,0.06731165507447859,0,0,0,1
0002,pedestrian,196,0.1090526311229136,0,0,0,1
0002,pedestrian,197,0.09797053735422165,0,0,0,1
0002,pedestrian,198,0.0430899396613665,0,0,0,1
0002,pedestrian,199,0.03897540295836282,0,0,0,1
0002,pedestrian,200,0.036233543933943416,0,0,0,1
0002,pedestrian,201,0.12168353443977402,0,0,0,1
0002,pedestrian,202,0.14895161705216342,0,0,0,1
0002,pedestrian,203,0.018403659624134195,0,0,0,1
0002,pedestrian,204,0.07027211254976184,0,0,0,1
0002,pedestrian,205,0.05822606250127128,0,0,0,1
0002,pedestrian,206,0.04050493042164638,0,0,0,1
0002,pedestrian,207,0.12379847881323572,0,0,0,1
0002,pedestrian,208,0.09464710138758688,0,0,0,1
0002,pedestrian,209,0.20648748817983414,0,0,0,1
0002,pedestrian,210,0.08982642068135313,0,0,0,1
0002,pedestrian,211,0.050220229525815466,0,0,0,1
0002,pedestrian,212,0.06606054400070059,0,0,0,1
0002,pedestrian,213,0.12691269682413772,0,0,0,1
0002,pedestrian,214,0.12399255744637598,0,0,0,1
0002,pedestrian,215,0.12172249021350387,0,0,0,1
0002,pedestrian,216,0.12053744688153543,0,0,0,1
0002,pedestrian,217,0.19881736684740284,0,0,0,1
0002,pedestrian,218,0.14376143900085642,0,0,0,1
0002,pedestrian,219,0.027496802532981323,0,0,0,1
0002,pedestrian,220,0.12366242811157176,0,0,0,1
0002,pedestrian,221,0.05169125074794088,0,0,0,1
0002,pedestrian,222,0.12761313990952441,0,0,0,1
0002,pedestrian,223,0.1283873972421567,0,0,0,1
0002,pedestrian,224,0.14011796449636765,0,0,0,1
0002,pedestrian,225,0.06033353420249336,0,0,0,1
0002,pedestrian,226,0.14473202306893343,0,0,0,1
0002,pedestrian,227,0.20658907627096695,0,0,0,1
0002,pedestrian,228,0.08507988881454642,0,0,0,1
0002,pedestrian,229,0.09061694698605838,0,0,0,1
0002,pedestrian,230,0.03605834270430777,0,0,0,1
0002,pedestrian,231,0.16099547184876362,0,0,0,1
0002,pedestrian,232,0.2289119306197884,0,0,0,1
0003,car,0,0.0,0,0,0,2
0003,car,1,19.17557274477881,0,0,0,2
0003,car,2,21.711810799245956,0,0,0,2
0003,car,3,17.942206864289272,0,0,0,2
0003,car,4,20.74083010751145,0,0,0,2
0003,car,5,19.430168399564668,0,0,0,2
0003,car,6,3.624536930093443,0,0,0,3
0003,car,7,3.568389948563484,0,0,0,3
0003,car,8,3.0282063281706235,0,0,0,3
0003,car,9,3.9380216794538443,0,0,0,3
0003,car,10,2.986716021955557,0,0,0,3
0003,car,11,2.807206242190487,0,0,0,3
0003,car,12,5.624397357773875,0,0,0,3
0003,car,13,2.908385350428203,0,0,0,3
0003,car,14,1.5584146325443984,0,0,0,3
0003,car,15,2.0378650961804867,0,0,0,3
0003,car,16,6.843096798795457,0,0,0,3
0003,car,17,1.8951868383932147,0,0,0,3
0003,car,18,2.101426560716103,0,0,0,3
0003,car,19,4.037651423853865,0,0,0,3
0003,car,20,2.186729610025557,0,0,0,3
0003,car,21,3.3648274780195795,0,0,0,3
0003,car,22,3.481503120006072,0,0,0,4
0003,car,23,2.1530299946460922,0,0,0,4
0003,car,24,3.3276522982688084,0,0,0,4
0003,car,25,4.2336382980780805,0,0,0,4
0003,car,26,3.507029491606999,0,0,0,3
0003,car,27,6.012199225788434,0,0,0,3
0003,car,28,7.352773849238772,0,0,0,3
0003,car,29,7.699224323122884,0,0,0,3
0003,car,30,18.09300806196986,0,0,0,2
0003,car,31,12.69287831730453,0,0,0,2
0003,car,32,13.735216049320783,0,0,0,2
0003,car,33,12.477201782873124,0,0,0,2
0003,car,34,10.703111350715066,0,0,0,2
0003,car,35,10.086765643533834,0,0,0,2
0003,car,36,10.495811582325576,0,1,-1,2
0003,car,37,9.477102271262588,0,0,0,2
0003,car,38,8.024243884304212,0,0,0,2
0003,car,39,10.967693272492268,0,0,0,2
0003,car,40,8.101630616586002,0,0,0,2
0003,car,41,5.757861628596862,0,0,0,2
0003,car,42,3.233047184311634,0,0,0,2
0003,car,43,5.05078644980163,0,0,0,2
0003,car,44,5.507612677951026,0,0,0,2
0003,car,45,5.7909427227790005,0,0,0,2
0003,car,46,6.005400921011181,0,0,0,2
0003,car,47,4.288427828568911,0,0,0,2
0003,car,48,3.4592037539026417,0,0,0,2
0003,car,49,3.2130912881947253,0,0,0,2
0003,car,50,3.257222123839692,0,0,0,2
0003,car,51,3.2423349050525028,0,0,0,2
0003,car,52,2.539958637796034,0,0,0,2
0003,car,53,2.2633053936272303,0,0,0,2
0003,car,54,1.707207922058404,0,0,0,2
0003,car,55,2.5009638508971914,0,0,0,3
0003,car,56,1.6634913302712622,0,0,0,3
0003,car,57,1.7384411840791654,0,0,0,3
0003,car,58,1.8184236126298756,0,0,0,3
0003,car,59,1.3987964618068895,0,0,0,3
0003,car,60,2.704503904410974,0,0,0,3
0003,car,61,1.1589693493959325,0,0,0,3
0003,car,62,0.8452868724408428,0,0,0,3
0003,car,63,1.0937598303895155,0,0,0,3
0003,car,64,4.005829026515199,0,0,0,3
0003,car,65,3.7446411082609816,0,0,0,3
0003,car,66,2.150772262014577,0,0,0,3
0003,car,67,3.8110539041426827,0,0,0,3
0003,car,68,5.512084671163297,0,0,0,3
0003,car,69,3.4974430656019075,0,0,0,3
0003,car,70,3.6698733195830933,0,0,0,3
0003,car,71,3.1112091673866242,0,0,0,3
0003,car,72,4.513262434623736,0,0,0,3
0003,car,73,5.881575889423585,0,0,0,3
0003,car,74,6.200174651300019,0,0,0,3
0003,car,75,8.211392519214773,0,0,0,3
0003,car,76,14.964991473013885,0,0,0,2
0003,car,77,18.72590962183212,0,0,0,2
0003,car,78,19.41164376344192,0,0,0,2
0003,car,79,6.3331060276979985,0,0,0,2
0003,car,80,2.505223315278751,0,0,0,2
0003,car,81,1.9023402444826183,0,0,0,2
0003,car,82,2.0591533211028636,0,0,0,2
0003,car,83,2.245138028744018,0,0,0,2
0003,car,84,6.948982157093572,0,0,0,2
0003,car,85,11.57203742133445,0,0,0,2
0003,car,86,5.252619298322643,0,0,0,1
0003,car,87,7.4404140709814905,0,0,0,1
0003,car,88,10.775786960742241,0,0,0,1
0003,car,89,3.0278615124680464,0,0,0,1
0003,car,90,3.1325595860721402,0,0,0,1
0003,car,91,3.6201591765974293,0,0,0,1
0003,car,92,4.304800493389494,0,0,0,1
0003,car,93,2.906594487350851,0,0,0,1
0003,car,94,5.0879529712596545,0,0,0,1
0003,car,95,6.658845273825879,0,0,0,1
0003,car,96,6.010710438993537,0,0,0,1
0003,car,97,6.752563982729126,0,0,0,1
0003,car,98,1.3791822010193502,0,0,0,2
0003,car,99,1.69113275822797,0,0,0,3
0003,car,100,2.9238705590183556,0,0,0,3
0003,car,101,4.266555533295971,0,0,0,3
0003,car,102,1.3957802218479416,0,0,0,3
0003,car,103,2.556951442413329,0,0,0,4
0003,car,104,1.4882725149309957,1,0,1,4
0003,car,105,2.401266804886032,0,0,0,4
0003,car,106,3.064700393029315,0,0,0,4
0003,car,107,3.489587778751625,0,0,0,4
0003,car,108,3.2626070947344115,0,0,0,4
0003,car,109,3.347678182677904,0,0,0,4
0003,car,110,3.2529859163016397,0,0,0,4
0003,car,111,1.8596170737481226,0,0,0,4
0003,car,112,1.2053704805415792,0,0,0,4
0003,car,113,1.4162507876058237,0,0,0,4
0003,car,114,2.7782709439613766,0,0,0,4
0003,car,115,3.505937509068711,0,0,0,4
0003,car,116,2.534396085290547,0,0,0,4
0003,car,117,3.652613340189459,0,0,0,4
0003,car,118,1.8097397973189284,0,0,0,4
0003,car,119,1.5131153331261458,0,0,0,4
0003,car,120,6.745027405103693,0,0,0,4
0003,car,121,4.8167812312621585,0,0,0,4
0003,car,122,8.170505954101158,0,0,0,4
0003,car,123,3.236602443657561,0,0,0,3
0003,car,124,3.135890936303355,1,0,1,3
0003,car,125,2.9993164032926893,0,0,0,3
0003,car,126,3.50638044970366,0,0,0,3
0003,car,127,4.091821784637472,0,0,0,3
0003,car,128,6.249196504632856,0,0,0,2
0003,car,129,10.293763564300278,0,0,0,2
0003,car,130,13.296956755721194,0,0,0,2
0003,car,131,35.272522099350184,1,0,1,2
0003,car,132,47.800024276661524,0,0,0,2
0003,car,133,2.5149361551077862,0,0,0,1
0003,car,134,2.8433504959126013,0,0,0,1
0003,car,135,1.8973973373959667,0,0,0,1
0003,car,136,1.7364903616623661,0,0,0,1
0003,car,137,2.39557665389387,0,0,0,1
0003,car,138,0.12618592115545887,0,0,0,1
0003,car,139,0.9814403433875039,0,0,0,1
0003,car,140,0.9313091945718185,0,0,0,1
0003,car,141,1.5925894038800592,0,0,0,1
0003,car,142,0.7826396141396313,0,0,0,1
0003,car,143,0.9082607855939541,0,0,0,1
0004,car,0,0.0,0,0,0,4
0004,car,1,5.560426449302255,0,0,0,4
0004,car,2,4.28126561708439,1,1,0,5
0004,car,3,4.32881023789003,0,0,0,4
0004,car,4,2.732933608672332,0,0,0,3
0004,car,5,3.3263067503726536,0,0,0,3
0004,car,6,3.2359222235795295,0,0,0,3
0004,car,7,3.6532671335454445,0,0,0,3
0004,car,8,4.685472690951764,0,0,0,3
0004,car,9,4.593421710542979,0,0,0,3
0004,car,10,4.074203524053859,0,0,0,3
0004,car,11,5.379731263172043,0,0,0,2
0004,car,12,3.49305645918042,0,0,0,2
0004,car,13,22.89457426600593,0,0,0,2
0004,car,14,4.286126200107201,0,0,0,2
0004,car,15,5.541300990576599,0,0,0,2
0004,car,16,4.805512384622438,0,0,0,3
0004,car,17,4.041643532356098,0,0,0,3
0004,car,18,3.8298567385928917,0,0,0,3
0004,car,19,4.184998294263673,0,0,0,4
0004,car,20,6.976361191524599,0,0,0,4
0004,car,21,2.194250926737493,0,0,0,4
0004,car,22,4.632706544515317,0,0,0,5
0004,car,23,19.116753901814203,0,0,0,6
0004,car,24,3.178759421563755,1,1,0,7
0004,car,25,3.422215120793201,0,0,0,8
0004,car,26,3.781169947539839,0,0,0,8
0004,car,27,2.3104662528603717,0,0,0,8
0004,car,28,3.486513600077391,0,0,0,8
0004,car,29,1.781700384942427,0,0,0,8
0004,car,30,3.664832103208309,0,0,0,8
0004,car,31,3.4292160522709305,0,0,0,7
0004,car,32,2.743270200601769,0,0,0,7
0004,car,33,4.527757195391103,0,0,0,6
0004,car,34,2.6768620705713184,0,0,0,6
0004,car,35,0.9064296070056826,0,0,0,6
0004,car,36,2.4456928543073335,0,0,0,6
0004,car,37,2.769799783831899,0,0,0,6
0004,car,38,0.8314548908949998,0,0,0,5
0004,car,39,1.8817140124397322,0,0,0,5
0004,car,40,1.8337417700512142,0,0,0,5
0004,car,41,1.587483022324928,0,0,0,6
0004,car,42,1.7144685744723696,0,0,0,6
0004,car,43,1.6909902733235054,0,0,0,6
0004,car,44,1.8976609419597659,0,0,0,6
0004,car,45,0.734290397073497,0,0,0,6
0004,car,46,0.8821978340030813,0,0,0,6
0004,car,47,0.947398069555153,0,0,0,5
0004,car,48,1.3082712435529926,0,0,0,5
0004,car,49,1.4453344008138531,0,0,0,5
0004,car,50,1.6125933345210883,0,0,0,5
0004,car,51,1.5737127571123453,0,0,0,5
0004,car,52,1.4875452613140256,0,0,0,5
0004,car,53,1.8352262718869043,0,0,0,5
0004,car,54,2.0929109667047547,0,0,0,5
0004,car,55,1.5124382869875563,0,0,0,4
0004,car,56,2.5754720666941506,0,0,0,4
0004,car,57,2.3608969437139757,0,0,0,4
0004,car,58,2.6051152375358577,0,0,0,4
0004,car,59,2.1130617251058963,0,0,0,4
0004,car,60,2.5836426140344404,0,0,0,4
0004,car,61,4.106776303616877,0,0,0,3
0004,car,62,2.149586545893209,0,0,0,3
0004,car,63,2.1635946338313317,0,0,0,3
0004,car,64,2.5496720971575075,0,0,0,3
0004,car,65,2.6685620940365857,0,0,0,3
0004,car,66,3.247197960861136,0,0,0,3
0004,car,67,2.353119463485659,0,0,0,3
0004,car,68,1.9245036636976547,0,0,0,2
0004,car,69,2.3596731653132097,0,0,0,2
0004,car,70,2.0697292432117607,0,0,0,2
0004,car,71,2.4342788193165705,0,0,0,2
0004,car,72,2.223467117382937,0,0,0,2
0004,car,73,3.2576325730038174,0,0,0,2
0004,car,74,2.5448173614323286,0,0,0,2
0004,car,75,2.351176432235213,0,0,0,2
0004,car,76,2.4028628779744188,0,1,-1,2
0004,car,77,2.029635120277981,0,0,0,1
0004,car,78,1.905212412436046,0,0,0,1
0004,car,79,2.4619969685512073,0,0,0,1
0004,car,80,2.2880363062012687,0,0,0,1
0004,car,81,2.577557843238659,0,0,0,1
0004,car,82,2.640623659027481,0,0,0,1
0004,car,83,2.5124050550971377,0,0,0,1
0004,car,84,2.4244998215597144,0,0,0,1
0004,car,85,2.3702978325249986,0,0,0,1
0004,car,86,2.2532710295377734,0,0,0,1
0004,car,87,2.647141575255813,0,0,0,1
0004,car,88,2.948143612255066,0,0,0,1
0004,car,89,3.048484008897174,0,0,0,1
0004,car,90,4.045216155192847,0,0,0,1
0004,car,91,3.272290981105427,0,0,0,1
0004,car,92,5.3534854806189385,0,0,0,1
0004,car,93,4.239730034474918,0,0,0,1
0004,car,94,4.435299429841681,0,0,0,1
0004,car,95,4.592629347482136,0,0,0,1
0004,car,96,5.045796383735319,0,0,0,1
0004,car,97,4.681379759841862,0,0,0,1
0004,car,98,5.258058174442679,0,0,0,1
0004,car,99,4.806314675191377,0,0,0,1
0004,car,100,5.643483177751495,0,0,0,1
0004,car,101,5.86943606952651,0,0,0,1
0004,car,102,5.681105993911404,0,0,0,1
0004,car,103,6.289754791402325,0,0,0,1
0004,car,104,8.306193403042382,0,0,0,1
0004,car,105,9.835044760919729,0,0,0,1
0004,car,106,9.469913446607794,0,0,0,1
0004,car,107,10.120041446691516,0,0,0,1
0004,car,108,9.280507801456531,0,0,0,1
0004,car,109,7.438502609283203,0,0,0,1
0004,car,110,5.790535199864154,0,0,0,1
0004,car,111,7.1151043584086935,0,0,0,1
0004,car,112,5.971545844687181,0,0,0,1
0004,car,113,7.1895360278012745,0,0,0,1
0004,car,114,4.656350793661164,0,0,0,2
0004,car,115,6.408423957032956,0,0,0,2
0004,car,116,1.5742736219035742,0,0,0,2
0004,car,117,1.5878928108534855,0,0,0,2
0004,car,118,1.2921045017315247,0,0,0,2
0004,car,119,0.45678579128445307,0,0,0,2
0004,car,120,0.9094586112908529,0,0,0,2
0004,car,121,1.4152719300381116,0,0,0,2
0004,car,122,0.9640766896373507,0,0,0,2
0004,car,123,0.8397868780144354,0,0,0,2
0004,car,124,1.1790390024316781,0,0,0,2
0004,car,125,1.2059763604880616,0,0,0,2
0004,car,126,1.1349951855468987,0,0,0,2
0004,car,127,1.3535754813157725,1,1,0,2
0004,car,128,0.91121931886084,0,0,0,2
0004,car,129,1.9097191032746383,0,0,0,2
0004,car,130,2.794609233343926,0,0,0,2
0004,car,131,3.4202438916877647,0,0,0,2
0004,car,132,4.67069270135644,0,0,0,1
0004,car,133,1.0192986027605544,0,0,0,1
0004,car,134,2.9089800437107862,0,0,0,1
0004,car,135,1.7402369024928137,0,0,0,1
0004,car,136,0.7408812122623895,0,0,0,2
0004,car,137,0.8362388239581582,0,0,0,2
0004,car,138,0.8809903884691408,0,0,0,2
0004,car,139,0.9059291306516649,0,0,0,2
0004,car,140,1.723366619532124,0,0,0,2
0004,car,141,1.2674375942797291,0,0,0,2
0004,car,142,0.7750477309186283,0,0,0,2
0004,car,143,1.1155425126956375,0,0,0,2
0004,car,144,1.0440958561864706,0,0,0,2
0004,car,145,2.0306695503525196,0,0,0,2
0004,car,146,1.4189160331641306,0,0,0,2
0004,car,147,2.4754998768769063,0,0,0,2
0004,car,148,2.410063396123732,0,0,0,2
0004,car,149,1.046190948977369,0,0,0,3
0004,car,150,0.7729236501626566,0,0,0,3
0004,car,151,0.9159745125952495,0,0,0,3
0004,car,152,0.8172256144904823,0,0,0,3
0004,car,153,0.9694278637787233,0,0,0,4
0004,car,154,2.155555435781456,0,0,0,4
0004,car,155,0.6725361552385133,0,0,0,3
0004,car,156,1.3815023222126424,0,0,0,3
0004,car,157,1.015628523847886,0,0,0,4
0004,car,158,0.6519777943964118,0,0,0,4
0004,car,159,0.8658545296089077,0,0,0,4
0004,car,160,0.6410732456999818,0,0,0,4
0004,car,161,0.568612026050483,0,0,0,4
0004,car,162,0.6694867543669265,0,0,0,4
0004,car,163,0.5865654211862332,0,0,0,3
0004,car,164,0.5708983844412908,0,0,0,3
0004,car,165,0.884028458378402,0,0,0,3
0004,car,166,1.1262998326796243,0,0,0,3
0004,car,167,0.6232230098074588,0,0,0,3
0004,car,168,1.2020004398808102,0,0,0,3
0004,car,169,1.4909038198944378,0,0,0,3
0004,car,170,1.4012817212212425,0,0,0,3
0004,car,171,1.3642942657179793,0,0,0,4
0004,car,172,1.13090834155578,0,0,0,3
0004,car,173,1.3104348770078356,0,0,0,3
0004,car,174,1.9459478139738082,0,0,0,3
0004,car,175,2.755567408257865,0,0,0,3
0004,car,176,1.9868075853449438,0,0,0,3
0004,car,177,0.9115709791260465,0,0,0,3
0004,car,178,1.3800547115633943,0,0,0,3
0004,car,179,1.034458731356064,0,0,0,3
0004,car,180,3.1155266873265024,0,0,0,3
0004,car,181,1.6739723291856934,0,0,0,3
0004,car,182,1.9868822662640895,0,0,0,3
0004,car,183,1.9058487861717828,0,0,0,3
0004,car,184,1.1803478892215093,0,0,0,3
0004,car,185,1.3532148023391017,0,0,0,4
0004,car,186,1.5362484583414056,0,0,0,4
0004,car,187,2.164760898492642,0,0,0,4
0004,car,188,1.7161137444710253,0,0,0,4
0004,car,189,2.2627413488733747,0,0,0,4
0004,car,190,3.5606210307174013,0,0,0,4
0004,car,191,2.8230060217673927,0,0,0,4
0004,car,192,3.5365743720884724,0,0,0,3
0004,car,193,5.311994264836605,0,0,0,3
0004,car,194,8.952184730670346,0,0,0,3
0004,car,195,9.721203647889215,0,0,0,3
0004,car,196,13.00063327691153,0,0,0,3
0004,car,197,18.87537203967513,0,0,0,3
0004,car,198,16.563424345701055,0,0,0,2
0004,car,199,18.36941933569694,0,0,0,2
0004,car,200,23.575735072698695,0,0,0,2
0004,car,201,21.708705397329787,0,0,0,2
0004,car,202,6.260465617791862,0,0,0,4
0004,car,203,3.829973817634918,0,0,0,3
0004,car,204,1.4210239761263748,0,0,0,3
0004,car,205,1.8089178822259988,0,0,0,2
0004,car,206,2.9586582319869077,0,0,0,2
0004,car,207,1.0187826179104296,0,0,0,3
0004,car,208,2.4769269255678292,0,0,0,3
0004,car,209,1.7691298631144525,0,0,0,4
0004,car,210,2.5952740238094596,0,0,0,4
0004,car,211,4.780148247748011,0,0,0,4
0004,car,212,5.233967133675471,0,0,0,4
0004,car,213,3.4285094530785796,1,0,1,3
0004,car,214,1.520855205161546,0,0,0,3
0004,car,215,1.2073668667795907,0,0,0,2
0004,car,216,1.7557069934321592,0,0,0,2
0004,car,217,1.3599220421685916,0,0,0,2
0004,car,218,1.8850534415488729,0,0,0,2
0004,car,219,2.650531005144672,0,0,0,2
0004,car,220,2.4987219411235126,0,0,0,2
0004,car,221,6.043802999062422,0,0,0,2
0004,car,222,9.861019077524054,0,0,0,2
0004,car,223,0.9734336370201752,0,0,0,3
0004,car,224,0.607312472447057,0,0,0,3
0004,car,225,0.7393701385076454,0,0,0,2
0004,car,226,0.1696788709319297,0,0,0,3
0004,car,227,0.8823277236611275,0,0,0,3
0004,car,228,0.2804818950189888,0,0,0,3
0004,car,229,0.5102008462816124,0,0,0,3
0004,car,230,0.9556955954473815,0,0,0,4
0004,car,231,0.5784766090962639,0,0,0,4
0004,car,232,1.0360657299285838,0,0,0,4
0004,car,233,0.9585224805744739,0,0,0,4
0004,car,234,1.1833230400936126,0,0,0,4
0004,car,235,0.7984397348165332,0,0,0,4
0004,car,236,2.3210772080861775,0,0,0,4
0004,car,237,1.6822618602486443,0,0,0,4
0004,car,238,4.61078797214704,0,0,0,4
0004,car,239,3.5291088030891204,0,0,0,4
0004,car,240,4.692625175002477,2,2,0,4
0004,car,241,8.25457166524439,1,1,0,4
0004,car,242,17.327881969003702,0,0,0,4
0004,car,243,1.6170526666067653,1,1,0,3
0004,car,244,1.4353901783632628,0,0,0,2
0004,car,245,2.721408074074344,0,0,0,2
0004,car,246,3.0874773697657196,0,0,0,2
0004,car,247,5.741527304086029,0,0,0,2
0004,car,248,7.492112956267369,0,0,0,2
0004,car,249,12.772278080587444,1,0,1,2
0004,car,250,24.607881176422783,0,0,0,2
0004,car,251,0.5272495282953681,0,0,0,1
0004,car,252,0.44956429655671926,0,0,0,1
0004,car,253,0.6893776437194334,0,0,0,1
0004,car,254,0.6928412828241369,0,0,0,1
0004,car,255,2.0420805084716904,0,0,0,1
0004,car,256,0.7795490699718511,0,0,0,1
0004,car,257,1.6362374037160672,0,0,0,1
0004,car,258,2.240971128201626,0,0,0,1
0004,car,259,1.0056620613803042,0,0,0,1
0004,car,260,1.2403162479422558,0,0,0,1
0004,car,261,1.453371315017362,0,0,0,1
0004,car,262,0.8701405438117971,0,0,0,1
0004,car,263,1.3541531357546042,0,0,0,1
0004,car,264,1.3850382754664536,0,0,0,1
0004,car,265,0.6634209301361063,0,0,0,1
0004,car,266,1.3766277428419134,0,0,0,1
0004,car,267,0.37597567189677694,0,0,0,1
0004,car,268,0.3175231507978725,0,0,0,1
0004,car,269,3.9272978700652343,0,0,0,1
0004,car,270,4.798477797995414,0,0,0,1
0004,car,271,4.89479588660547,0,0,0,1
0004,car,272,6.210046338308869,0,0,0,1
0004,car,273,8.851467354362267,0,0,0,1
0004,car,274,9.14628784564231,0,0,0,1
0004,car,275,6.45029877447597,0,0,0,1
0004,car,276,6.872373209628758,0,0,0,1
0004,car,277,6.3872818601726244,0,0,0,1
0004,car,278,5.8394285620890525,0,0,0,1
0004,car,279,7.094169108123094,0,0,0,1
0004,car,280,4.408399482190653,0,0,0,1
0004,car,281,7.593915783177115,0,0,0,1
0004,car,282,5.482176692141632,0,0,0,1
0004,car,283,8.413280764834422,0,0,0,1
0004,car,284,7.577301343974282,0,0,0,1
0004,car,285,6.539935858263872,0,0,0,1
0004,car,286,8.78774126211106,0,0,0,1
0004,car,287,7.101625434603125,0,0,0,1
0004,car,288,7.713046590493342,0,0,0,1
0004,car,289,11.993478662175162,0,0,0,1
0004,car,290,11.66797000313671,0,0,0,1
0004,car,291,7.711331033049283,0,0,0,1
0004,car,292,12.138492877441927,0,0,0,1
0004,car,293,7.697063984831468,0,0,0,1
0004,car,294,5.391378129457287,0,0,0,1
0004,car,295,9.1877427456422,0,0,0,1
0004,car,296,0.4949005253999609,0,0,0,1
0004,car,297,1.15404524616807,0,0,0,1
0004,car,298,0.7929327038241587,0,0,0,1
0004,car,299,1.1120844464991868,0,0,0,1
0004,car,300,0.9943984557394048,0,0,0,1
0004,car,301,0.9254025182095047,0,0,0,1
0004,car,302,0.852025950889378,0,0,0,1
0004,car,303,0.5164749798615644,0,0,0,1
0004,car,304,1.975924526248955,0,0,0,1
0004,car,305,0.4097628699716231,0,0,0,1
0004,car,306,0.6747168860251415,0,0,0,1
0004,car,307,0.8100606960818771,0,0,0,1
0004,car,308,0.7555577541007601,0,0,0,1
0004,car,309,0.9327151902078049,0,0,0,1
0004,car,310,0.04705498706475889,0,0,0,1
0004,car,311,1.2816341575631565,0,0,0,1
0004,car,312,0.686098344089229,0,0,0,1
0004,car,313,2.9583737747745054,0,0,0,2
0004,pedestrian,190,3.2541743425241783,0,0,0,1
0004,pedestrian,191,2.0085797014852136,0,0,0,1
0004,pedestrian,192,1.4200898265904107,0,0,0,1
0004,pedestrian,193,1.7936767863811942,0,0,0,2
0004,pedestrian,194,0.8627944652125339,0,0,0,3
0004,pedestrian,195,1.1648036331466676,0,0,0,3
0004,pedestrian,196,1.388643023113108,0,0,0,3
0004,pedestrian,197,2.875483633612374,0,0,0,3
0004,pedestrian,198,2.0856451942123444,0,0,0,3
0004,pedestrian,199,2.1784200730063286,0,0,0,3
0004,pedestrian,200,1.6119339149329228,0,0,0,3
0004,pedestrian,201,1.9741541676848604,0,0,0,3
0004,pedestrian,202,2.7143310982885174,0,0,0,3
0004,pedestrian,203,6.470618487408853,1,1,0,3
0004,pedestrian,204,12.452067113301165,1,0,1,2
0004,pedestrian,205,24.79782366053343,2,0,2,2
0004,pedestrian,206,31.375415027413496,2,0,2,2
0004,pedestrian,207,36.45140217067589,1,0,1,1
0004,pedestrian,208,60.51284312164866,1,1,0,1
0004,pedestrian,220,0.6048718295048312,0,0,0,1
0004,pedestrian,221,5.457542340255279,0,0,0,1
0004,pedestrian,222,2.629580164421137,0,0,0,1
0004,pedestrian,223,1.14462001111444,1,1,0,1
0004,pedestrian,224,4.54441128517956,0,0,0,1
0004,pedestrian,225,7.566244062796889,0,0,0,1
0004,pedestrian,226,8.581408776447613,0,0,0,1
0004,pedestrian,227,9.77939210355483,0,0,0,1
0004,pedestrian,228,22.893869883871353,0,0,0,1
0004,pedestrian,229,32.701864670693965,0,0,0,1
0004,pedestrian,230,46.78555998576946,0,0,0,1
0004,pedestrian,305,8.69546393475687,0,0,0,1
0005,car,0,0.0,0,0,0,3
0005,car,1,7.047745269044247,0,0,0,3
0005,car,2,6.390113806900523,0,0,0,3
0005,car,3,6.437185087984536,0,0,0,3
0005,car,4,3.6335088278931247,0,0,0,3
0005,car,5,5.71368032155331,0,0,0,3
0005,car,6,5.680642008009789,0,0,0,3
0005,car,7,1.4173059449960679,0,0,0,3
0005,car,8,0.9244569697594875,0,0,0,3
0005,car,9,0.9077482077363052,0,0,0,3
0005,car,10,4.544716060090234,0,0,0,4
0005,car,11,2.2588219441576576,0,0,0,4
0005,car,12,1.604971702613291,0,0,0,4
0005,car,13,1.67964194874153,0,0,0,4
0005,car,14,2.3179419105738988,0,0,0,3
0005,car,15,1.4798794513308118,0,0,0,3
0005,car,16,1.6362670484484356,0,0,0,3
0005,car,17,5.7715084978493785,0,0,0,3
0005,car,18,2.540812794082855,0,0,0,3
0005,car,19,4.057465647094155,0,0,0,3
0005,car,20,1.789183910278978,0,0,0,2
0005,car,21,1.5043197454944652,0,0,0,2
0005,car,22,3.533170282056874,0,0,0,2
0005,car,23,2.6537879050122033,0,0,0,2
0005,car,24,3.810385747435799,0,0,0,2
0005,car,25,4.7514864635720455,0,0,0,2
0005,car,26,5.409584976369149,0,0,0,3
0005,car,27,4.52364003216111,0,0,0,3
0005,car,28,5.038528326411731,0,0,0,4
0005,car,29,6.349535037707865,0,0,0,4
0005,car,30,6.668212448627404,0,0,0,4
0005,car,31,5.496436189315652,0,0,0,4
0005,car,32,3.2538645195998726,0,0,0,4
0005,car,33,3.645530825160174,0,0,0,4
0005,car,34,6.23654899827989,0,0,0,4
0005,car,35,4.5021054511773135,0,0,0,4
0005,car,36,3.5861049295567784,0,0,0,4
0005,car,37,3.3462631727856462,0,0,0,4
0005,car,38,3.3693050265309887,0,0,0,4
0005,car,39,3.230465489758694,0,0,0,3
0005,car,40,3.6577449266018935,0,0,0,3
0005,car,41,2.2188912319549594,0,0,0,3
0005,car,42,3.102527589566277,0,0,0,3
0005,car,43,2.951734753757507,0,0,0,3
0005,car,44,4.986879859407329,0,0,0,4
0005,car,45,3.41299787007373,0,0,0,4
0005,car,46,3.671355914318621,0,0,0,4
0005,car,47,2.2540890278573813,0,0,0,4
0005,car,48,2.948963968001972,0,0,0,4
0005,car,49,1.9112026649947194,0,0,0,4
0005,car,50,2.852337323458465,0,0,0,4
0005,car,51,1.6214090672361805,0,0,0,4
0005,car,52,3.723919646866129,0,0,0,4
0005,car,53,5.178438181645987,0,0,0,6
0005,car,54,4.028180633123552,0,0,0,6
0005,car,55,3.6689190038006436,0,0,0,7
0005,car,56,3.1973751889821607,0,0,0,7
0005,car,57,3.870186682078861,0,0,0,7
0005,car,58,3.072096658357993,0,0,0,6
0005,car,59,2.7895582495585183,0,0,0,6
0005,car,60,3.3112207399515357,0,0,0,6
0005,car,61,1.8938983263284728,0,0,0,6
0005,car,62,4.767872073920749,0,0,0,6
0005,car,63,2.7758012836118118,0,0,0,5
0005,car,64,2.352850866604503,0,0,0,5
0005,car,65,3.245000847659525,0,0,0,5
0005,car,66,5.245366130352647,0,0,0,5
0005,car,67,2.6448168915645427,0,0,0,4
0005,car,68,2.818580229122417,0,0,0,5
0005,car,69,3.403010955152623,0,0,0,5
0005,car,70,5.3553550081764625,0,0,0,5
0005,car,71,3.525732921925625,0,0,0,5
0005,car,72,2.3010951678651916,0,0,0,4
0005,car,73,2.9373939743743858,0,0,0,4
0005,car,74,2.9647224089671833,0,0,0,4
0005,car,75,2.325409729369502,0,0,0,4
0005,car,76,2.910493661465779,0,0,0,4
0005,car,77,2.206990839480284,0,0,0,4
0005,car,78,2.8212361594282207,0,0,0,4
0005,car,79,4.52585076714618,0,0,0,4
0005,car,80,3.8568638654450575,0,0,0,4
0005,car,81,3.0707557081458,0,0,0,4
0005,car,82,3.8360657434307144,0,0,0,4
0005,car,83,3.269233960520367,0,0,0,4
0005,car,84,3.904206477253587,0,0,0,4
0005,car,85,4.8053911166086865,0,0,0,4
0005,car,86,3.3930158976592137,0,0,0,4
0005,car,87,4.775073867118416,0,0,0,4
0005,car,88,4.847134989913361,0,0,0,4
0005,car,89,4.627244261686377,0,0,0,4
0005,car,90,4.781020801396878,0,0,0,4
0005,car,91,6.524203328744733,0,0,0,4
0005,car,92,3.5161254690906523,0,0,0,4
0005,car,93,2.9051463320545357,0,0,0,4
0005,car,94,4.918244596914414,0,0,0,4
0005,car,95,3.2650832051673095,0,0,0,4
0005,car,96,4.744537672070843,0,0,0,4
0005,car,97,1.573034880444304,0,0,0,4
0005,car,98,3.238956800835995,0,0,0,4
0005,car,99,1.5231814567571427,0,0,0,4
0005,car,100,1.6091297340639628,0,0,0,3
0005,car,101,2.4992374756525355,0,0,0,4
0005,car,102,3.2292370555703567,0,0,0,4
0005,car,103,4.443943855248387,0,0,0,4
0005,car,104,5.610965931700296,0,0,0,4
0005,car,105,4.470222656647989,0,0,0,4
0005,car,106,4.025810175514092,0,0,0,5
0005,car,107,4.6588433278515025,0,0,0,5
0005,car,108,4.961553887668178,0,0,0,5
0005,car,109,4.413866393830567,0,0,0,4
0005,car,110,4.628613249889728,0,0,0,4
0005,car,111,3.5898849491378613,0,0,0,4
0005,car,112,7.040592608244779,0,0,0,4
0005,car,113,5.377081224704505,0,0,0,4
0005,car,114,2.5690958069984475,0,0,0,4
0005,car,115,2.178087374927448,0,0,0,4
0005,car,116,4.273975814172442,0,0,0,3
0005,car,117,3.6850289014109423,0,0,0,3
0005,car,118,5.026481384450492,0,0,0,3
0005,car,119,4.444637953110602,0,0,0,3
0005,car,120,3.28372255368044,0,0,0,3
0005,car,121,2.3544355653709887,0,0,0,2
0005,car,122,3.1580302354443877,0,0,0,2
0005,car,123,1.7062923390400306,0,0,0,2
0005,car,124,3.2047946972236048,0,0,0,2
0005,car,125,2.251001218902342,0,0,0,2
0005,car,126,3.054583664649447,0,0,0,2
0005,car,127,2.5055581920703656,0,0,0,2
0005,car,128,3.1305317342569126,1,0,1,2
0005,car,129,2.0655042428628994,0,0,0,2
0005,car,130,2.335060940065474,0,0,0,2
0005,car,131,1.4884290029370102,0,0,0,2
0005,car,132,2.4650997986482435,0,0,0,2
0005,car,133,1.4679520148315024,0,1,-1,2
0005,car,134,2.4213475907868,0,0,0,2
0005,car,135,2.640934420906504,1,1,0,2
0005,car,136,3.5288327373472983,0,0,0,2
0005,car,137,3.2069178431642413,0,0,0,2
0005,car,138,3.7469532438038766,0,0,0,2
0005,car,139,1.5764196278563984,0,0,0,2
0005,car,140,0.5985857641133594,0,0,0,1
0005,car,141,1.4751925744033498,0,0,0,2
0005,car,142,2.046333712441801,0,0,0,2
0005,car,143,1.9539666982305253,0,0,0,2
0005,car,144,1.7197793969905055,0,0,0,2
0005,car,145,0.8828082550199582,0,0,0,2
0005,car,146,1.2597107485702912,0,0,0,2
0005,car,147,0.8658393714191975,0,0,0,2
0005,car,148,1.9108592562848767,0,0,0,3
0005,car,149,1.5700939006102819,0,0,0,3
0005,car,150,1.167018208184592,0,0,0,3
0005,car,151,1.4329123802203227,0,0,0,3
0005,car,152,1.3021046887251735,0,0,0,3
0005,car,153,0.9287621451265905,0,0,0,3
0005,car,154,0.9383226411780468,0,0,0,3
0005,car,155,1.5298838244374355,0,0,0,3
0005,car,156,0.6987782499938962,0,0,0,3
0005,car,157,0.7655395980257322,0,0,0,3
0005,car,158,1.1649662070200537,0,0,0,3
0005,car,159,0.763309413832949,0,0,0,3
0005,car,160,1.0713366505025492,0,0,0,3
0005,car,161,1.3817425776456471,0,0,0,3
0005,car,162,1.4718130641656202,0,0,0,3
0005,car,163,1.7509023937302648,0,0,0,3
0005,car,164,1.1538831361163184,0,0,0,3
0005,car,165,1.7271147604945667,0,0,0,4
0005,car,166,1.8762926017578099,0,0,0,4
0005,car,167,3.3715455660785465,0,0,0,5
0005,car,168,1.1754855490341871,0,0,0,5
0005,car,169,0.7236566199265707,0,0,0,5
0005,car,170,2.902390226161081,0,0,0,9
0005,car,171,1.9248844774739906,0,0,0,9
0005,car,172,1.9254633450869492,0,0,0,9
0005,car,173,1.7724915654630395,0,0,0,9
0005,car,174,2.2004271867480796,0,0,0,9
0005,car,175,4.065222526644813,0,0,0,9
0005,car,176,4.059040342238745,0,0,0,9
0005,car,177,2.8956594194105536,0,0,0,9
0005,car,178,2.808091572297668,0,0,0,9
0005,car,179,4.542079806231124,0,0,0,9
0005,car,180,3.006505885431075,0,0,0,9
0005,car,181,4.810126252688862,0,0,0,8
0005,car,182,3.1794631327937473,0,0,0,8
0005,car,183,1.9558569945137716,0,0,0,8
0005,car,184,1.8198864252561153,0,0,0,7
0005,car,185,5.476507311490855,0,0,0,7
0005,car,186,3.176670328643261,0,0,0,8
0005,car,187,5.364511312938312,0,0,0,8
0005,car,188,2.6339917931144274,0,0,0,7
0005,car,189,3.4012722654623264,0,0,0,7
0005,car,190,1.599452747344953,0,0,0,7
0005,car,191,1.3995303859619412,0,0,0,7
0005,car,192,4.861912863370743,0,0,0,7
0005,car,193,3.2095793421661454,0,0,0,6
0005,car,194,3.131657133771275,0,0,0,5
0005,car,195,0.931029915489952,0,0,0,5
0005,car,196,3.6999202514515104,0,0,0,5
0005,car,197,1.1379703543125634,0,0,0,6
0005,car,198,3.4825742343241064,0,0,0,6
0005,car,199,0.1649244742914625,0,0,0,5
0005,car,200,0.4269398004791917,0,0,0,5
0005,car,201,0.9943746164399234,0,0,0,5
0005,car,202,0.8552148474007952,0,0,0,5
0005,car,203,0.8402960197861802,0,0,0,4
0005,car,204,0.6338557068361732,0,0,0,4
0005,car,205,0.5405684160022537,0,0,0,4
0005,car,206,0.6932187936372634,0,0,0,4
0005,car,207,0.5299615524483539,0,0,0,4
0005,car,208,0.457616337377885,0,0,0,4
0005,car,209,0.661375518355812,0,0,0,5
0005,car,210,0.5033353252592525,0,0,0,5
0005,car,211,1.0965626611972255,0,0,0,5
0005,car,212,1.050292942416399,0,0,0,5
0005,car,213,0.45054593854827985,0,0,0,5
0005,car,214,1.0813532276428879,0,0,0,5
0005,car,215,0.5639863203652884,0,0,0,5
0005,car,216,0.7076158669125768,0,0,0,5
0005,car,217,0.5277176520830063,0,0,0,5
0005,car,218,0.7710925508137181,0,0,0,5
0005,car,219,0.6538249451780681,0,0,0,5
0005,car,220,0.9870884577967127,0,0,0,5
0005,car,221,0.8592242678630329,0,0,0,5
0005,car,222,1.0007200793152007,0,0,0,5
0005,car,223,0.8584886027032184,0,0,0,4
0005,car,224,2.422654666587241,0,0,0,4
0005,car,225,2.212749208829765,0,0,0,4
0005,car,226,3.259969950233211,0,0,0,4
0005,car,227,1.9419499210635478,0,0,0,4
0005,car,228,3.022907368114916,0,0,0,4
0005,car,229,3.3921179134435273,0,0,0,4
0005,car,230,3.9722474929463636,0,0,0,4
0005,car,231,3.2509177396617996,0,0,0,4
0005,car,232,4.312080537267913,0,0,0,4
0005,car,233,0.927114041947757,0,0,0,3
0005,car,234,1.0826648204281315,0,0,0,3
0005,car,235,0.5560419695415826,0,0,0,3
0005,car,236,1.216435345042299,0,0,0,3
0005,car,237,1.8545553619097206,0,0,0,3
0005,car,238,2.1622982209789443,0,0,0,3
0005,car,239,1.6735444624335705,0,0,0,4
0005,car,240,1.5671274462035258,0,0,0,4
0005,car,241,2.054594318923874,0,0,0,5
0005,car,242,2.392623092712352,0,0,0,5
0005,car,243,2.571137556640859,0,0,0,5
0005,car,244,2.577953693199473,0,0,0,5
0005,car,245,3.299684856479597,0,0,0,4
0005,car,246,2.8542351995485946,0,0,0,4
0005,car,247,4.145619373409025,0,0,0,4
0005,car,248,2.0216996976608197,0,0,0,3
0005,car,249,4.064300205014832,0,0,0,3
0005,car,250,2.2210008111003114,0,0,0,3
0005,car,251,2.967293808589884,0,0,0,3
0005,car,252,1.7856040467204657,0,0,0,3
0005,car,253,1.4028551309116932,0,0,0,3
0005,car,254,0.6725253267337149,0,0,0,4
0005,car,255,1.1461666312313976,0,0,0,4
0005,car,256,0.5099577069453161,0,0,0,5
0005,car,257,1.4765855515007196,1,1,0,6
0005,car,258,0.4382425031118968,0,0,0,6
0005,car,259,1.079515841073179,0,0,0,7
0005,car,260,3.3440789255939234,0,0,0,7
0005,car,261,1.4606613720527633,0,0,0,7
0005,car,262,0.9475960844523293,0,0,0,7
0005,car,263,1.4288418819323387,0,0,0,7
0005,car,264,2.3824519114695426,0,0,0,8
0005,car,265,2.4779958341029027,0,0,0,8
0005,car,266,3.2212900054786227,0,0,0,8
0005,car,267,2.213811668692618,0,0,0,8
0005,car,268,2.4449858697326388,0,0,0,8
0005,car,269,2.6982273239516816,0,0,0,8
0005,car,270,1.858285283101473,0,0,0,7
0005,car,271,2.8931322831438746,0,0,0,7
0005,car,272,0.8109549531823458,0,0,0,7
0005,car,273,2.2805939264979944,0,0,0,7
0005,car,274,1.7484994689133784,0,0,0,7
0005,car,275,4.2069548430130395,0,0,0,6
0005,car,276,2.177191513337107,0,0,0,6
0005,car,277,1.9545563804999033,0,0,0,5
0005,car,278,2.429547361049842,0,0,0,5
0005,car,279,3.7803720735677713,0,0,0,5
0005,car,280,6.346588597556565,0,0,0,5
0005,car,281,7.542132472049965,0,0,0,5
0005,car,282,1.874788798179343,0,0,0,5
0005,car,283,4.6115336743960516,0,0,0,5
0005,car,284,6.35561632717344,0,0,0,4
0005,car,285,7.567145304194584,0,0,0,4
0005,car,286,8.043051836977284,0,0,0,4
0005,car,287,12.04550182270349,0,0,0,3
0005,car,288,14.961678895209692,0,0,0,3
0005,car,289,11.07580190164199,0,0,0,3
0005,car,290,33.21114591746827,0,0,0,2
0005,car,291,32.1764382515483,0,0,0,2
0005,car,292,1.7068773535219695,0,0,0,1
0005,car,293,1.5677756209775686,0,0,0,1
0005,car,294,1.5394815073738004,0,0,0,1
0005,car,295,1.8456386578173618,0,0,0,1
0005,car,296,1.9147725667666708,0,0,0,1
0006,car,0,0.0,0,0,0,1
0006,car,1,0.13933316933493226,0,0,0,1
0006,car,2,0.07789557657912662,0,0,0,1
0006,car,3,0.05609891018450341,0,0,0,1
0006,car,4,0.13964304000636044,0,0,0,2
0006,car,5,0.020450880121150528,0,0,0,2
0006,car,6,0.152285760200478,0,0,0,2
0006,car,7,0.0644249550122442,0,0,0,2
0006,car,8,0.041258136127160325,0,0,0,1
0006,car,9,0.05769940384758733,0,0,0,1
0006,car,10,0.06176480835476372,0,0,0,1
0006,car,11,0.004748773583830603,0,0,0,1
0006,car,12,0.05319886546988608,0,0,0,1
0006,car,13,0.10256957646487344,0,0,0,1
0006,car,16,0.03449175054826705,0,0,0,1
0006,car,17,0.12047847398778333,0,0,0,1
0006,car,18,0.08023327198881519,0,0,0,1
0006,car,19,0.029352908671813994,0,0,0,1
0006,car,20,0.048787855566886355,0,0,0,1
0006,car,21,0.10543513542442938,0,0,0,1
0006,car,22,0.02220108107856107,0,0,0,1
0006,car,23,0.032073058730460804,0,0,0,1
0006,car,24,0.11364098743627064,0,0,0,1
0006,car,25,0.14442224640451412,0,0,0,1
0006,car,26,0.09449145715303396,0,0,0,1
0006,car,27,0.13813309914454047,0,0,0,1
0006,car,28,0.0679696175757731,0,0,0,1
0006,car,29,0.12250109475656328,0,0,0,1
0006,car,30,0.03195590274507395,0,0,0,1
0006,car,31,0.043129917536483875,0,0,0,1
0006,car,32,0.01813925334639727,0,0,0,1
0006,car,33,0.10761621990883832,0,0,0,1
0006,car,34,0.063663308340618,0,0,0,1
0006,car,35,0.19283833521045918,0,0,0,2
0006,car,36,0.14618496655978516,0,0,0,2
0006,car,37,0.10212056927877258,0,0,0,2
0006,car,38,0.08666309897812394,0,0,0,2
0006,car,39,0.018928482387531222,0,0,0,2
0006,car,40,0.11846384747708087,0,0,0,2
0006,car,41,0.07269214650044879,0,0,0,3
0006,car,42,0.2557357956921388,0,0,0,3
0006,car,43,0.020337332205047014,0,0,0,3
0006,car,44,0.09438905619274804,0,0,0,3
0006,car,45,0.1062759265105012,0,0,0,3
0006,car,46,0.08539904784319578,0,0,0,3
0006,car,47,0.10489043067015852,0,0,0,2
0006,car,48,0.0393630237381752,0,0,0,2
0006,car,49,0.06771253209269709,0,0,0,2
0006,car,50,0.08577640440476986,0,0,0,2
0006,car,51,0.09803905557649818,0,0,0,2
0006,car,52,0.06048759070812809,0,0,0,2
0006,car,53,0.09763935652386536,0,0,0,3
0006,car,54,0.02355819598434166,0,0,0,3
0006,car,55,0.05124291552697,0,0,0,4
0006,car,56,0.10031414906358527,0,0,0,4
0006,car,57,0.09218105817529769,0,0,0,4
0006,car,58,0.06672496721372947,0,0,0,4
0006,car,59,0.19469466337157704,0,0,0,4
0006,car,60,0.09036682517352414,0,0,0,4
0006,car,61,0.23732587850073641,0,0,0,4
0006,car,62,0.08874296339572527,0,0,0,4
0006,car,63,0.2800262350165075,0,0,0,4
0006,car,64,0.24470346026048712,0,0,0,4
0006,car,65,0.267105865458516,0,0,0,4
0006,car,66,0.09313663928100147,0,0,0,4
0006,car,67,0.08513141177577266,0,0,0,4
0006,car,68,0.1860722765897449,0,0,0,5
0006,car,69,0.10316036576402438,0,0,0,5
0006,car,70,0.196980625076465,0,0,0,5
0006,car,71,0.13873474568848035,0,0,0,5
0006,car,72,0.11465351202465875,0,0,0,5
0006,car,73,0.10425855613705244,0,0,0,5
0006,car,74,0.15936264922451282,0,0,0,5
0006,car,75,0.19005682173959243,0,0,0,5
0006,car,76,0.33990670323945654,0,0,0,5
0006,car,77,0.6560052285882413,0,0,0,5
0006,car,78,0.4165917649047373,0,0,0,4
0006,car,79,0.2834020180917492,0,0,0,4
0006,car,80,1.7269272057418243,0,0,0,4
0006,car,81,0.5794065656998804,0,0,0,4
0006,car,82,1.0125176352523868,0,0,0,3
0006,car,83,0.5926490925825768,0,0,0,3
0006,car,84,0.48717671861513423,0,0,0,3
0006,car,85,0.361348435789668,0,0,0,5
0006,car,86,0.3723032571310546,0,0,0,5
0006,car,87,0.3755239527755033,0,0,0,5
0006,car,88,0.40260095906348026,0,0,0,5
0006,car,89,0.26337939415811157,0,0,0,4
0006,car,90,0.30705484953911655,0,0,0,4
0006,car,91,0.19308827041967672,0,0,0,4
0006,car,92,0.25515538689610034,0,0,0,4
0006,car,93,0.2597582433759775,0,0,0,4
0006,car,94,0.2744937492593819,0,0,0,4
0006,car,95,0.265871033053834,0,0,0,4
0006,car,96,0.16235011179213243,0,0,0,5
0006,car,97,0.31673294696427956,0,0,0,5
0006,car,98,0.31475315285395944,1,1,0,5
0006,car,99,0.256164975691781,0,0,0,5
0006,car,100,0.2966454069895237,0,0,0,5
0006,car,101,0.32307891655489324,0,0,0,6
0006,car,102,0.3940671378528703,0,0,0,5
0006,car,103,0.3075013040083674,0,0,0,5
0006,car,104,0.33379198310898456,0,0,0,5
0006,car,105,0.6175477973622303,0,0,0,5
0006,car,106,0.2567804650379193,0,0,0,5
0006,car,107,0.2579029548450804,0,0,0,5
0006,car,108,0.4783676285685916,0,0,0,5
0006,car,109,0.3776747114487182,0,0,0,5
0006,car,110,0.3954461009049463,0,0,0,5
0006,car,111,0.3917183621075663,0,0,0,5
0006,car,112,0.40813343186548856,0,0,0,5
0006,car,113,0.2838963648345967,0,0,0,5
0006,car,114,0.3057342901488018,1,1,0,5
0006,car,115,0.32655884233277144,0,0,0,4
0006,car,116,0.24523027866988853,0,0,0,4
0006,car,117,0.23613957262830468,0,0,0,4
0006,car,118,0.1940553468604623,0,0,0,4
0006,car,119,0.15397367802562126,0,0,0,4
0006,car,120,0.3338108732208361,0,0,0,4
0006,car,121,0.13128133299227338,0,0,0,4
0006,car,122,0.1817868265627556,1,1,0,4
0006,car,123,0.29912171791554176,0,0,0,4
0006,car,124,0.17377241690202705,0,0,0,4
0006,car,125,0.19114821595152715,0,0,0,4
0006,car,126,0.36035657457322934,0,0,0,4
0006,car,127,0.1794519482899148,0,0,0,4
0006,car,128,0.1460920119292468,0,0,0,4
0006,car,129,0.25389211657021515,0,0,0,4
0006,car,130,0.24576282422398094,0,0,0,4
0006,car,131,0.24188169750585653,0,0,0,4
0006,car,132,0.18693513071009765,0,0,0,4
0006,car,133,0.08714940552343037,0,0,0,4
0006,car,134,0.1027066633993794,0,0,0,4
0006,car,135,0.1485414336857984,0,0,0,4
0006,car,136,0.2427860278454288,0,0,0,3
0006,car,137,0.13263045637145862,0,0,0,3
0006,car,138,0.10817615346127948,0,0,0,3
0006,car,139,0.12183676875456424,0,0,0,3
0006,car,140,0.11232240526887188,0,0,0,3
0006,car,141,0.05285806485215978,0,0,0,3
0006,car,142,0.08940456461499903,0,0,0,2
0006,car,143,0.03524617392917852,0,0,0,2
0006,car,144,0.09670714998996723,0,0,0,2
0006,car,145,0.04631529414495115,1,1,0,2
0006,car,146,0.15938081849810468,0,0,0,2
0006,car,147,0.09983221084105126,0,0,0,2
0006,car,148,0.1807405498852142,0,0,0,2
0006,car,149,0.11554048526111449,0,0,0,2
0006,car,150,0.249870659104829,0,0,0,2
0006,car,151,0.18695533287630517,0,0,0,2
0006,car,152,0.24042885194759336,0,0,0,2
0006,car,153,0.3317139395651901,0,0,0,1
0006,car,154,0.3178935776003941,0,0,0,1
0006,car,155,0.17044107313530257,0,0,0,1
0006,car,156,0.2956787914823805,0,0,0,1
0006,car,157,0.03799501458747897,0,0,0,1
0006,car,158,0.2967387142711113,0,0,0,1
0006,car,159,0.1935412409988313,0,0,0,1
0006,car,160,0.1265664028510508,0,0,0,1
0006,car,161,0.1304968081768949,0,0,0,1
0006,car,162,0.13343140932505645,0,0,0,1
0006,car,163,0.16865535642302365,0,0,0,1
0006,car,164,0.08560179816328982,0,0,0,1
0006,car,165,0.1269268439621791,0,0,0,1
0006,car,166,0.13314437711564794,0,0,0,1
0006,car,167,0.14712052293199598,0,0,0,1
0006,car,168,0.15150080614981576,0,0,0,1
0006,car,169,0.11391797915849441,0,0,0,1
0006,car,170,0.13527386557475338,0,0,0,1
0006,car,171,0.08624956644593394,0,0,0,1
0006,car,172,0.17578237983140466,0,0,0,1
0006,car,173,0.06346918161329608,0,0,0,1
0006,car,174,0.15958346210437185,0,0,0,1
0006,car,175,0.03225823236675059,0,0,0,1
0006,car,176,0.1130444080673263,0,0,0,1
0006,car,177,0.07218616168254949,0,0,0,1
0006,car,178,0.09100828327971094,0,0,0,1
0006,car,179,0.0773610689453615,0,0,0,1
0006,car,180,0.05737512980490544,0,0,0,1
0006,car,181,0.08737056069144081,0,0,0,1
0006,car,182,0.1306035524962782,0,0,0,1
0006,car,183,0.05185077222244315,0,0,0,1
0006,car,184,0.04585173395715417,0,0,0,1
0006,car,185,0.19264451302073554,0,0,0,1
0006,car,186,0.22934330357875682,0,0,0,1
0006,car,187,0.12134103838731064,0,0,0,1
0006,car,188,0.33784414873365665,0,0,0,1
0006,car,189,0.45070402340961735,0,0,0,1
0006,car,190,0.5343855234112547,0,0,0,1
0006,car,191,0.9494810733437742,0,0,0,1
0006,car,192,1.1763864103867192,0,0,0,1
0006,car,193,1.175650351992853,0,0,0,1
0006,car,194,1.4865121399655503,0,0,0,1
0006,car,195,1.1139479364062874,0,0,0,1
0006,car,196,1.3808352308579965,0,0,0,1
0006,car,197,2.1805389244946376,0,0,0,1
0006,car,198,0.620133738087429,0,0,0,1
0006,car,199,1.197473730402296,0,0,0,1
0006,car,200,1.324919532170955,0,0,0,1
0006,car,201,0.9628298456441804,0,0,0,1
0006,car,202,1.4327010246473515,0,0,0,1
0006,car,203,1.1949092746658607,0,0,0,1
0006,car,204,1.5805343566536687,0,0,0,1
0006,car,205,1.4443173744161057,0,0,0,1
0006,car,206,1.7803770568625124,0,0,0,1
0006,car,207,1.8348038330343193,0,0,0,1
0006,car,208,1.6791338908145201,0,0,0,1
0006,car,209,1.7406867416473286,0,0,0,1
0006,car,210,1.3523805152832828,0,0,0,1
0006,car,211,2.027571788269954,0,0,0,1
0006,car,212,2.0763923023580912,0,0,0,1
0006,car,213,1.1890920412987616,0,0,0,1
0006,car,214,2.2235389305040747,0,0,0,1
0006,car,215,1.9303802424755128,0,0,0,1
0006,car,216,3.2668543032274173,0,0,0,1
0006,car,217,4.532284769734213,0,0,0,1
0006,car,218,1.421771581430935,0,0,0,1
0006,car,219,1.5705421014940812,0,0,0,1
0006,car,220,2.662606007316336,0,0,0,1
0007,car,0,0.0,0,0,0,1
0007,car,1,0.8136531444785338,0,0,0,1
0007,car,2,1.2590076992370074,0,0,0,1
0007,car,3,1.556953771690148,0,0,0,1
0007,car,4,1.5644496302961908,0,0,0,1
0007,car,5,5.064247825917228,0,0,0,1
0007,car,6,3.8344935578603234,0,0,0,1
0007,car,7,4.442866119588308,0,0,0,1
0007,car,8,4.791532282830581,0,0,0,1
0007,car,9,5.776745646422518,0,0,0,1
0007,car,10,5.358151585868786,0,0,0,1
0007,car,11,8.25178808386551,0,0,0,1
0007,car,12,8.288203729811833,0,0,0,1
0007,car,35,28.993709772030478,0,0,0,1
0007,car,36,31.443305495440086,0,0,0,1
0007,car,37,30.265704443361077,0,0,0,2
0007,car,38,31.065564348287154,1,0,1,2
0007,car,39,37.094954922769,0,0,0,3
0007,car,40,45.38195547762286,1,0,1,4
0007,car,41,29.50683287559478,3,0,3,5
0007,car,42,29.385383115452182,3,0,3,6
0007,car,43,33.48029285449093,4,0,4,6
0007,car,44,55.18302617619928,4,0,4,6
0007,car,45,39.0747345679745,3,0,3,6
0007,car,46,2.581103486760512,1,0,1,6
0007,car,47,2.1035525115638434,0,0,0,6
0007,car,48,2.060913433097152,0,0,0,6
0007,car,49,2.976238041781278,0,0,0,6
0007,car,50,2.1844837406858977,0,0,0,6
0007,car,51,0.9171110284810966,0,0,0,6
0007,car,52,2.8413172655282315,0,0,0,6
0007,car,53,0.8475729798071182,0,0,0,6
0007,car,54,1.175474129667001,0,0,0,6
0007,car,55,2.032577543498451,0,0,0,6
0007,car,56,1.5220585267843565,0,0,0,6
0007,car,57,2.2096388443867814,0,0,0,6
0007,car,58,1.3371036216530316,0,0,0,6
0007,car,59,1.390688469095366,0,0,0,6
0007,car,60,0.544367450536397,0,0,0,6
0007,car,61,0.5591761508420832,0,0,0,6
0007,car,62,1.2993048013578392,0,0,0,6
0007,car,63,0.8731351267083618,0,0,0,5
0007,car,64,1.8779985513506494,0,0,0,5
0007,car,65,1.4061184536025957,0,0,0,5
0007,car,66,1.784857575940617,0,0,0,5
0007,car,67,2.9357859440745306,0,0,0,5
0007,car,68,2.37849496340914,0,0,0,5
0007,car,69,3.168732906077827,0,0,0,5
0007,car,70,3.9241118801749133,0,0,0,5
0007,car,71,4.376187033612486,0,0,0,5
0007,car,72,2.9793475525995223,0,0,0,5
0007,car,73,3.437890010433553,0,0,0,4
0007,car,74,2.0972411956054513,0,0,0,4
0007,car,75,4.040821083586653,0,0,0,4
0007,car,76,2.8368780470282684,0,0,0,5
0007,car,77,3.5382164186511846,0,0,0,5
0007,car,78,4.419060506506994,0,0,0,5
0007,car,79,2.280980637018712,0,0,0,5
0007,car,80,3.3247302276945727,0,0,0,5
0007,car,81,1.7829794916435204,0,0,0,4
0007,car,82,2.3633917245656613,0,0,0,4
0007,car,83,1.9466300770438785,0,0,0,4
0007,car,84,2.5676742763571996,0,0,0,4
0007,car,85,1.9796492607155183,0,0,0,4
0007,car,86,1.5786214739821907,0,0,0,3
0007,car,87,1.395096582040242,0,0,0,3
0007,car,88,1.4684894173198666,0,0,0,2
0007,car,89,1.7040156938414728,0,0,0,2
0007,car,90,2.0484353824761006,0,0,0,2
0007,car,91,2.716884985549361,0,0,0,2
0007,car,92,3.7878427594036976,0,0,0,2
0007,car,93,3.510998100426135,0,0,0,2
0007,car,94,7.235731458981374,0,0,0,2
0007,car,95,6.5335320107955495,0,0,0,2
0007,car,96,8.41950675588715,0,0,0,2
0007,car,97,8.509301097431328,0,0,0,2
0007,car,98,8.682554828499185,0,0,0,2
0007,car,99,4.10764902526539,0,0,0,2
0007,car,100,4.138866636241188,0,0,0,2
0007,car,101,3.456561755582311,0,0,0,2
0007,car,102,3.499527385445475,0,0,0,1
0007,car,103,4.6901146913452285,0,0,0,1
0007,car,104,5.468989447963557,0,0,0,1
0007,car,105,2.7044724049723214,0,0,0,1
0007,car,106,3.3334314456600884,0,0,0,1
0007,car,107,2.857056148379647,0,0,0,1
0007,car,108,3.6135625749146145,0,0,0,1
0007,car,109,1.0275826408519624,0,0,0,1
0007,car,110,4.637459628281502,0,0,0,1
0007,car,111,1.582308459630489,0,0,0,1
0007,car,112,1.5252649156907594,0,0,0,1
0007,car,113,1.6347426580839128,0,0,0,1
0007,car,114,1.808398393625744,0,0,0,1
0007,car,115,1.7187796123568415,0,0,0,1
0007,car,116,4.545505231516118,0,0,0,1
0007,car,117,3.048871026987068,0,0,0,3
0007,car,118,0.7441445105142561,0,0,0,3
0007,car,119,0.9180809595555955,0,0,0,4
0007,car,120,6.646948027733976,0,0,0,5
0007,car,121,1.1900412915632468,0,0,0,5
0007,car,122,1.527656101326877,0,0,0,5
0007,car,123,1.4337139483562988,1,1,0,5
0007,car,124,1.1274642073562062,0,0,0,5
0007,car,125,1.924910590388246,0,0,0,5
0007,car,126,1.4050565153021646,0,0,0,5
0007,car,127,1.2701641849638055,0,0,0,5
0007,car,128,0.5250561003633492,0,0,0,5
0007,car,129,1.4895272373310138,1,0,1,5
0007,car,130,3.4353509497051626,0,0,0,6
0007,car,131,4.287671087120373,0,0,0,6
0007,car,132,4.157364224507544,0,0,0,6
0007,car,133,4.39846397285161,1,1,0,7
0007,car,134,4.857310727999167,1,1,0,7
0007,car,135,6.410485650564307,0,0,0,7
0007,car,136,7.681933079139816,0,0,0,7
0007,car,137,7.034270565181753,0,0,0,7
0007,car,138,1.8067557164502,0,0,0,7
0007,car,139,1.0354926327486513,0,0,0,7
0007,car,140,1.8487611440957137,0,0,0,7
0007,car,141,1.7899063200079373,0,0,0,7
0007,car,142,1.9259687554208869,0,0,0,6
0007,car,143,1.979946315329009,0,0,0,7
0007,car,144,3.030570929332473,0,0,0,7
0007,car,145,3.0655485061444536,0,0,0,7
0007,car,146,3.5600860272129085,0,0,0,7
0007,car,147,3.7379121584822923,0,0,0,7
0007,car,148,3.371516958366684,0,0,0,7
0007,car,149,2.15954048124485,0,0,0,7
0007,car,150,4.285101234664669,0,0,0,7
0007,car,151,4.750657804588976,0,0,0,7
0007,car,152,2.844430014648592,0,0,0,7
0007,car,153,2.5685591530947094,0,0,0,7
0007,car,154,4.321495629628824,0,0,0,7
0007,car,155,6.754123087722043,0,0,0,7
0007,car,156,4.494120779431155,0,0,0,6
0007,car,157,1.2732430581015217,0,0,0,5
0007,car,158,0.8699337622435944,0,0,0,5
0007,car,159,1.2832613914986428,0,0,0,5
0007,car,160,2.039716861837339,0,0,0,5
0007,car,161,1.6169524708883063,0,0,0,5
0007,car,162,2.196588145065066,0,0,0,5
0007,car,163,1.9378520259302625,0,0,0,5
0007,car,164,3.5842091220702983,0,0,0,5
0007,car,165,4.672446905194651,0,0,0,5
0007,car,166,2.380107245331712,0,0,0,4
0007,car,167,4.555311423344172,0,0,0,3
0007,car,168,4.303074372835818,0,0,0,3
0007,car,169,4.495713613728822,0,0,0,3
0007,car,170,4.62501454576897,0,0,0,4
0007,car,171,6.179485370598637,0,0,0,4
0007,car,172,1.4877863164180984,0,0,0,5
0007,car,173,1.2158775676379374,0,0,0,5
0007,car,174,6.043820227515482,0,0,0,5
0007,car,175,1.1413003153859427,0,0,0,6
0007,car,176,0.8286888172142339,0,0,0,6
0007,car,177,4.002982342092337,0,0,0,6
0007,car,178,1.2548379656735686,0,0,0,5
0007,car,179,1.1434546897381968,0,0,0,5
0007,car,180,0.5645736201152405,0,0,0,5
0007,car,181,1.701073166147547,0,0,0,5
0007,car,182,0.41549839781138376,0,0,0,4
0007,car,183,1.3540138701311921,0,0,0,4
0007,car,184,0.7702193864230135,0,0,0,4
0007,car,185,0.8715580312279845,0,0,0,4
0007,car,186,0.39096324693881057,0,0,0,4
0007,car,187,1.2820304292240552,0,0,0,4
0007,car,188,2.8548887200422506,0,0,0,4
0007,car,189,2.0096112555697383,0,0,0,4
0007,car,190,1.0984305268223833,0,0,0,4
0007,car,191,1.7362106593795001,0,0,0,4
0007,car,192,2.2715174021868783,0,0,0,4
0007,car,193,1.4500160883595024,0,0,0,4
0007,car,194,1.6916981001735,0,0,0,4
0007,car,195,1.6998967838538146,0,0,0,4
0007,car,196,1.191849709427347,0,0,0,4
0007,car,197,2.0107179225966263,0,0,0,4
0007,car,198,3.329219977337223,0,0,0,5
0007,car,199,2.5003169529368128,0,0,0,5
0007,car,200,3.0358581473068287,1,1,0,5
0007,car,201,3.620824810303399,1,1,0,5
0007,car,202,3.5535003672679855,0,0,0,5
0007,car,203,3.531965291890881,0,0,0,4
0007,car,204,4.235835819205483,0,0,0,4
0007,car,205,3.577345432132955,0,0,0,4
0007,car,206,4.442161822921907,0,0,0,4
0007,car,207,3.8011407219196007,0,0,0,4
0007,car,208,4.734844593214917,0,0,0,4
0007,car,209,4.4597824130887265,0,0,0,4
0007,car,210,4.983732733516025,0,0,0,4
0007,car,211,6.102896022608497,0,0,0,5
0007,car,212,4.847316575734725,0,0,0,6
0007,car,213,5.6225726066414605,0,0,0,6
0007,car,214,3.7003478663023364,0,0,0,6
0007,car,215,5.227330937788578,0,0,0,6
0007,car,216,6.058553233223096,0,0,0,6
0007,car,217,6.963730639118287,0,0,0,6
0007,car,218,3.109967655504309,0,0,0,6
0007,car,219,1.0863712195655522,0,0,0,6
0007,car,220,0.9676188453351622,0,0,0,6
0007,car,221,1.0733317243628688,0,0,0,6
0007,car,222,1.4164220369815956,0,0,0,5
0007,car,223,1.81580577445026,0,0,0,5
0007,car,224,1.8273059659806938,0,0,0,5
0007,car,225,1.2823772735399288,0,0,0,5
0007,car,226,1.7015814622357484,0,0,0,5
0007,car,227,1.8548157790928959,0,0,0,5
0007,car,228,1.672462540480915,0,0,0,5
0007,car,229,4.139204887351401,0,0,0,5
0007,car,230,4.2635527712035195,0,0,0,5
0007,car,231,3.341033874891745,0,0,0,4
0007,car,232,6.536731481758331,0,0,0,4
0007,car,233,6.37778021753915,1,1,0,4
0007,car,234,6.998874275311219,0,0,0,4
0007,car,235,1.5435116313887673,0,0,0,4
0007,car,236,4.57896633938942,0,0,0,4
0007,car,237,1.6022402549847037,0,1,-1,4
0007,car,238,2.6373750693684195,0,0,0,4
0007,car,239,2.381314898564507,0,0,0,4
0007,car,240,3.907098115661873,0,0,0,4
0007,car,241,12.553250454092902,1,1,0,3
0007,car,242,1.6845676853799032,0,0,0,3
0007,car,243,4.58999149926367,0,0,0,3
0007,car,244,11.148364617440949,0,0,0,2
0007,car,245,13.354086012643297,0,0,0,2
0007,car,246,9.976811605174493,0,0,0,2
0007,car,247,3.2945742900297006,0,0,0,1
0007,car,248,5.620271634483598,0,0,0,1
0007,car,249,2.6822479445315683,0,0,0,1
0007,car,250,10.090371571215037,0,0,0,1
0007,car,251,11.930176008125667,0,0,0,1
0007,car,252,6.890117321639639,0,0,0,1
0007,car,253,4.892000023151711,0,0,0,1
0007,car,254,23.77351351743373,0,0,0,1
0007,car,255,13.18684504476065,0,0,0,1
0007,car,259,32.32445765116093,0,0,0,1
0007,car,260,30.22107600869405,0,0,0,1
0007,car,261,20.322223116297142,0,0,0,1
0007,car,262,4.616988820408631,0,0,0,1
0007,car,263,0.6836149348607932,0,0,0,1
0007,car,264,3.79246704450442,0,0,0,1
0007,car,265,0.4205268031540446,0,0,0,1
0007,car,266,1.2323411670451339,0,0,0,1
0007,car,267,4.143009105737502,0,0,0,1
0007,car,268,6.085060979744097,0,0,0,1
0007,car,269,6.41943896204379,0,0,0,1
0007,car,270,5.378857567221124,0,0,0,1
0007,car,271,5.437247610125609,0,0,0,1
0007,car,272,3.5445477770218967,0,0,0,1
0007,car,273,7.733988335888405,0,0,0,1
0007,car,274,3.9935447781038365,0,0,0,2
0007,car,275,4.342908683542642,0,0,0,2
0007,car,276,7.8496222265050335,0,0,0,2
0007,car,277,6.759908433475811,0,0,0,2
0007,car,278,7.759511367846866,0,0,0,2
0007,car,279,10.488112400080684,0,0,0,2
0007,car,280,6.3448196645761055,0,0,0,2
0007,car,281,10.321214507540743,0,0,0,2
0007,car,282,12.994419575805903,0,0,0,2
0007,car,283,10.050796120096674,0,0,0,2
0007,car,284,8.28320417629702,0,0,0,2
0007,car,285,17.781375036433932,0,0,0,2
0007,car,286,7.579036448675512,0,0,0,2
0007,car,287,19.87223485419782,0,0,0,2
0007,car,288,1.636586555734993,0,0,0,1
0007,car,289,0.9173780923866618,0,0,0,1
0007,car,290,1.415316962994116,0,0,0,1
0007,car,291,1.0495775433670034,0,0,0,1
0007,car,292,1.2129334641203922,0,0,0,1
0007,car,293,1.3081749614413787,0,0,0,1
0007,car,294,1.2231721005721403,0,0,0,1
0007,car,295,1.2042306355018222,0,0,0,1
0007,car,296,0.9772683214827964,0,0,0,1
0007,car,297,0.9301219538592468,0,0,0,1
0007,car,298,1.1893891437762796,0,0,0,1
0007,car,299,1.0815109618824297,0,0,0,1
0007,car,300,0.9219912719654312,0,0,0,1
0007,car,301,0.8355976986018055,0,0,0,1
0007,car,302,2.4132621240352057,0,0,0,1
0007,car,303,2.1406577538006455,0,0,0,1
0007,car,304,2.1134112889298153,0,0,0,1
0007,car,305,1.8207705999108053,0,0,0,1
0007,car,306,4.178657465576165,0,0,0,1
0007,car,307,6.096028906848415,0,0,0,1
0007,car,308,5.954473696354111,0,0,0,1
0007,car,309,6.918222303103309,0,0,0,1
0007,car,310,4.641068951822964,0,0,0,1
0007,car,311,10.017516465031402,0,0,0,1
0007,car,312,13.598483930682338,0,0,0,1
0007,car,313,17.338541295981187,0,0,0,1
0007,car,314,9.049186402280046,0,0,0,1
0007,car,315,16.293203840959034,0,0,0,1
0007,car,316,17.192199033319927,0,0,0,1
0007,car,317,28.324845037414942,0,0,0,1
0007,car,318,4.566751705606775,0,0,0,1
0007,car,319,4.165792684103975,0,0,0,1
0007,car,320,6.633702506985738,0,0,0,1
0007,car,338,5.871921501252448,0,0,0,1
0007,car,339,9.161666780819484,0,0,0,2
0007,car,340,12.669859901776174,0,0,0,2
0007,car,341,2.803454988314601,0,0,0,2
0007,car,342,17.59161141338683,0,0,0,2
0007,car,343,4.2376665946078855,0,0,0,2
0007,car,344,2.4272875263529023,0,0,0,2
0007,car,345,1.342207178869069,0,0,0,2
0007,car,346,0.9710427111891129,0,0,0,2
0007,car,347,1.1965888016129806,0,0,0,2
0007,car,348,1.385207805450153,0,0,0,2
0007,car,349,2.4979811186873078,0,0,0,2
0007,car,350,2.7906564728797227,0,0,0,2
0007,car,351,1.9128182408483272,1,1,0,3
0007,car,352,1.9127137686213627,1,0,1,3
0007,car,353,7.231228331156164,0,0,0,3
0007,car,354,4.178146232137307,0,0,0,3
0007,car,355,1.847173410787844,0,0,0,3
0007,car,356,2.4258694830597105,0,0,0,3
0007,car,357,4.396612409991098,0,0,0,4
0007,car,358,3.2477005949648188,0,0,0,4
0007,car,359,3.348474112176574,0,0,0,4
0007,car,360,2.9048060114406518,0,0,0,4
0007,car,361,3.4060726294509576,0,0,0,4
0007,car,362,2.025119110689886,0,0,0,4
0007,car,363,2.4169804083354762,0,0,0,4
0007,car,364,2.6469957015862664,0,0,0,4
0007,car,365,3.3742090456847476,0,0,0,4
0007,car,366,2.392119845876242,0,0,0,4
0007,car,367,1.2396573654349377,0,0,0,4
0007,car,368,2.851041780883865,0,0,0,4
0007,car,369,2.109421840286667,0,0,0,4
0007,car,370,3.6292368034474456,0,0,0,4
0007,car,371,2.4674180325626107,0,0,0,4
0007,car,372,3.2512202339359053,0,0,0,4
0007,car,373,2.801482284217375,0,0,0,4
0007,car,374,3.2816727059584645,0,0,0,3
0007,car,375,2.5967956086979496,0,0,0,3
0007,car,376,1.6174489437602808,0,0,0,3
0007,car,377,2.615855131986793,0,0,0,3
0007,car,378,2.435704479330176,0,0,0,4
0007,car,379,3.3311401319866203,0,0,0,4
0007,car,380,2.7288933580563324,0,0,0,4
0007,car,381,2.2822099793057227,0,0,0,4
0007,car,382,2.9401769125235884,0,0,0,4
0007,car,383,3.0841021615336652,0,0,0,4
0007,car,384,4.867838475524471,0,0,0,4
0007,car,385,3.8838164931212593,0,0,0,4
0007,car,386,4.118663691224077,0,0,0,4
0007,car,387,4.310413829478645,0,0,0,4
0007,car,388,5.312129334834573,0,0,0,4
0007,car,389,5.274264038895434,0,0,0,4
0007,car,390,5.890574475048393,0,0,0,4
0007,car,391,9.160082584003195,0,0,0,4
0007,car,392,5.341509179755602,0,0,0,5
0007,car,393,6.822751699291689,0,0,0,5
0007,car,394,10.027367757236496,0,0,0,5
0007,car,395,6.00446452979973,0,0,0,5
0007,car,396,9.879606035313053,0,0,0,5
0007,car,397,10.387085154892056,0,0,0,5
0007,car,398,11.438093763043053,0,0,0,5
0007,car,399,3.206431758732501,0,0,0,6
0007,car,400,4.435399077670426,0,0,0,7
0007,car,401,5.465284288005919,0,0,0,8
0007,car,402,6.923547705627831,1,1,0,8
0007,car,403,5.652042558742466,0,0,0,8
0007,car,404,5.987766100934504,0,0,0,8
0007,car,405,7.427278976738728,0,0,0,8
0007,car,406,7.780252487187359,0,0,0,8
0007,car,407,9.335458568196206,0,0,0,8
0007,car,408,9.911201524639246,0,0,0,8
0007,car,409,3.2861421677713603,0,0,0,8
0007,car,410,0.8538875716253402,0,0,0,7
0007,car,411,1.2894784404854478,0,0,0,8
0007,car,412,1.3577812813820722,0,0,0,8
0007,car,413,2.5212944857768775,0,0,0,8
0007,car,414,2.178074296908777,0,0,0,8
0007,car,415,2.4382754654711145,0,0,0,8
0007,car,416,1.8608958039401367,0,0,0,7
0007,car,417,3.4708765066381657,0,0,0,6
0007,car,418,2.824782055012834,0,0,0,6
0007,car,419,4.500857663692977,0,0,0,6
0007,car,420,2.446891085143327,0,0,0,6
0007,car,421,3.503506642588542,0,0,0,6
0007,car,422,4.8926881341564,0,0,0,6
0007,car,423,3.4734933547379576,0,0,0,4
0007,car,424,5.532281315620661,0,0,0,4
0007,car,425,5.485769739077051,0,0,0,4
0007,car,426,4.078367993368847,0,0,0,4
0007,car,427,3.3424309126131764,0,0,0,5
0007,car,428,6.143924681455307,0,0,0,5
0007,car,429,2.2566125472158878,0,0,0,5
0007,car,430,2.856529733347097,0,0,0,5
0007,car,431,1.7975093484160587,0,0,0,6
0007,car,432,2.444209088432308,1,0,1,6
0007,car,433,2.414917953421851,0,0,0,5
0007,car,434,1.9715440744001853,0,0,0,5
0007,car,435,2.3655914782357828,0,0,0,5
0007,car,436,2.1048060457961606,0,0,0,5
0007,car,437,2.266030497259146,0,0,0,5
0007,car,438,2.3768769803664433,0,0,0,5
0007,car,439,2.6248653351407185,0,0,0,4
0007,car,440,1.3009225652591199,0,0,0,4
0007,car,441,2.388876581790796,0,0,0,4
0007,car,442,2.2622743361022484,0,0,0,3
0007,car,443,1.5992785042369282,0,0,0,3
0007,car,444,1.1427319480511322,0,0,0,3
0007,car,445,0.8710655556294349,0,0,0,3
0007,car,446,0.9271896211676367,0,0,0,3
0007,car,447,1.2449672986896125,0,0,0,3
0007,car,448,1.9319312411610476,0,0,0,3
0007,car,449,2.319559986511898,0,0,0,3
0007,car,450,1.6246303482959652,0,0,0,3
0007,car,451,1.6313194753806408,0,0,0,4
0007,car,452,1.8674976689497684,0,0,0,4
0007,car,453,2.304770152518289,0,0,0,5
0007,car,454,2.6443439054493627,0,0,0,5
0007,car,455,2.6276762862876604,0,0,0,5
0007,car,456,3.0860358112732817,0,0,0,6
0007,car,457,3.244000020046765,0,0,0,7
0007,car,458,3.8347295324351167,0,0,0,7
0007,car,459,2.697345085532689,0,0,0,7
0007,car,460,2.703504085166851,0,0,0,7
0007,car,461,13.820216999896992,0,0,0,6
0007,car,462,3.590485168211676,0,0,0,6
0007,car,463,4.216642466927727,0,0,0,6
0007,car,464,5.782346026600202,0,0,0,6
0007,car,465,6.512223949054716,0,0,0,6
0007,car,466,6.543713325572352,0,0,0,6
0007,car,467,34.383887317421554,3,0,3,5
0007,car,468,4.541397649380342,0,0,0,5
0007,car,469,8.498378355123808,0,0,0,5
0007,car,470,9.594972296062142,0,0,0,5
0007,car,471,9.207032099957463,0,0,0,5
0007,car,472,10.718002409138903,0,0,0,5
0007,car,473,6.770452813256963,0,0,0,6
0007,car,474,7.904782168572065,0,0,0,6
0007,car,475,1.9844081919744614,0,0,0,6
0007,car,476,9.52407746510806,0,0,0,6
0007,car,477,2.415378642091323,1,0,1,6
0007,car,478,2.5358133094007353,0,1,-1,6
0007,car,479,2.583149847319956,0,1,-1,6
0007,car,480,2.4367828383267103,0,0,0,7
0007,car,481,1.8065647381047318,0,0,0,6
0007,car,482,2.5904143648954303,0,1,-1,7
0007,car,483,2.945586646179531,0,1,-1,7
0007,car,484,3.6502108427442668,0,0,0,7
0007,car,485,3.2884684226383074,0,1,-1,7
0007,car,486,3.0076748011687284,0,0,0,8
0007,car,487,3.0682742827518865,0,0,0,8
0007,car,488,2.929336187632798,0,0,0,7
0007,car,489,3.172152222430628,0,0,0,7
0007,car,490,3.326216535726473,0,1,-1,7
0007,car,491,3.7504752323096766,1,0,1,7
0007,car,492,3.5128649508632925,0,0,0,7
0007,car,493,5.952555099738271,0,0,0,7
0007,car,494,4.8177471810239,0,0,0,7
0007,car,495,5.577950054412172,0,0,0,6
0007,car,496,1.972736111698259,0,0,0,6
0007,car,497,1.3915759122915947,0,0,0,6
0007,car,498,1.6844789446024082,0,0,0,6
0007,car,499,1.2946808809516077,0,0,0,6
0007,car,500,1.958497613185719,0,0,0,6
0007,car,501,3.094552984269998,0,0,0,6
0007,car,502,1.8860590011917227,0,0,0,6
0007,car,503,2.721359167377209,0,0,0,7
0007,car,504,2.81363036210369,0,0,0,6
0007,car,505,6.0127348165638095,0,0,0,6
0007,car,506,4.7007855418292825,0,0,0,5
0007,car,507,1.8143055799023546,0,0,0,6
0007,car,508,0.574225606567927,0,0,0,6
0007,car,509,1.2461920237714008,0,0,0,6
0007,car,510,0.6293593129975114,0,0,0,6
0007,car,511,2.2405046371654773,0,0,0,6
0007,car,512,3.1343407702916655,0,0,0,6
0007,car,513,1.1055030752030464,0,0,0,7
0007,car,514,2.6946395764109483,0,0,0,7
0007,car,515,3.2012930557493755,0,0,0,7
0007,car,516,1.2911743424855113,0,0,0,5
0007,car,517,3.1957793897333135,0,0,0,5
0007,car,518,4.543220994750192,0,0,0,5
0007,car,519,4.283657687929362,0,0,0,5
0007,car,520,4.290487755254522,0,0,0,5
0007,car,521,3.1215008435104648,0,0,0,5
0007,car,522,3.14906650685252,0,0,0,5
0007,car,523,2.954029427031535,0,0,0,5
0007,car,524,2.904102428069291,0,0,0,5
0007,car,525,1.6817603977235076,0,0,0,5
0007,car,526,8.483365779602172,0,0,0,5
0007,car,527,5.428628179785561,0,0,0,5
0007,car,528,9.462746626731759,0,0,0,5
0007,car,529,10.795149017563395,0,0,0,5
0007,car,530,6.114329104342098,0,0,0,4
0007,car,531,5.526877489606441,0,0,0,3
0007,car,532,2.4233492057923933,0,0,0,3
0007,car,533,3.3035897993646834,0,0,0,3
0007,car,534,3.773190608651105,0,0,0,3
0007,car,535,3.2975302337089225,0,0,0,3
0007,car,536,6.306446360468833,0,0,0,3
0007,car,537,9.231470339720701,0,0,0,3
0007,car,538,11.811511297067783,0,0,0,3
0007,car,539,5.576030417406895,0,0,0,3
0007,car,540,4.977121122457077,0,0,0,3
0007,car,541,5.656248648427683,0,0,0,2
0007,car,542,7.046875887505472,0,0,0,2
0007,car,543,5.142981480361768,0,0,0,2
0007,car,544,1.7175400793584172,0,0,0,2
0007,car,545,1.8188386266140868,0,0,0,2
0007,car,546,1.6046216519671819,0,0,0,2
0007,car,547,1.418964466997176,0,0,0,2
0007,car,548,1.6218364836563786,0,0,0,2
0007,car,549,2.1899219981428257,0,0,0,2
0007,car,550,2.644841013612058,0,0,0,2
0007,car,551,2.081052083194413,0,0,0,2
0007,car,552,1.8771023558830497,0,0,0,2
0007,car,553,1.9947909891448523,0,0,0,2
0007,car,554,2.4880154054910375,0,0,0,1
0007,car,555,5.482783564151475,0,0,0,1
0007,car,556,3.6004337342212014,0,0,0,1
0007,car,557,11.169058980046204,0,0,0,1
0007,car,558,10.296793771608948,0,0,0,1
0007,car,559,8.299734956355564,0,0,0,1
0007,car,560,10.316820369832788,0,0,0,1
0007,car,561,11.30285416834201,0,0,0,1
0007,car,562,16.990724819611625,0,0,0,1
0007,car,607,4.836607223629171,0,0,0,1
0007,car,608,18.200370350230227,0,0,0,1
0007,car,609,7.916946137546944,0,0,0,1
0007,car,610,4.628897991546344,0,0,0,1
0007,car,611,16.32219427627958,0,0,0,1
0007,car,612,16.11572481578822,0,0,0,1
0007,car,613,12.837370997741765,0,0,0,1
0007,car,614,15.053492803276232,0,0,0,1
0007,car,615,17.435139365913923,0,0,0,1
0007,car,616,19.24712741459093,0,0,0,1
0007,car,617,1.203656577918213,1,0,1,1
0007,car,618,2.8549646851924195,0,0,0,1
0007,car,619,0.8134664809789989,0,0,0,1
0007,car,620,2.9953576671341766,0,0,0,1
0007,car,621,2.3046065174979065,0,0,0,1
0007,car,622,0.6866592694939598,0,0,0,1
0007,car,623,1.8394428960827525,0,0,0,2
0007,car,624,0.9808889403337782,0,0,0,2
0007,car,625,1.600790122909156,0,0,0,2
0007,car,626,1.3879424663496531,0,0,0,2
0007,car,627,0.8459337736501558,0,0,0,2
0007,car,628,0.6645899121988759,0,0,0,2
0007,car,629,0.5581186699117011,0,0,0,2
0007,car,630,0.5776223454777765,0,0,0,2
0007,car,631,0.7724142778428142,0,0,0,2
0007,car,632,0.8868415772774472,0,0,0,2
0007,car,633,1.4497551112384228,0,0,0,2
0007,car,634,0.658523620064489,0,0,0,2
0007,car,635,0.7467564955067014,0,0,0,2
0007,car,636,1.7155851337387844,0,0,0,2
0007,car,637,1.6275279320494969,0,0,0,2
0007,car,638,1.3198589417725928,0,0,0,2
0007,car,639,2.1499815134413427,0,0,0,2
0007,car,640,2.9355029125068857,0,0,0,2
0007,car,641,3.1475383420978966,0,0,0,2
0007,car,642,4.49365950183606,0,0,0,2
0007,car,643,5.309070524719384,0,0,0,2
0007,car,644,8.345241448551587,0,0,0,2
0007,car,645,8.19301145299846,0,0,0,2
0007,car,646,8.89196938346667,0,0,0,2
0007,car,647,8.913389470202814,0,0,0,2
0007,car,648,0.7961234881796497,0,0,0,1
0007,car,649,1.1681809454707304,0,0,0,1
0007,car,650,0.9750410857869846,0,0,0,1
0007,car,651,1.4437157262123654,0,0,0,1
0007,car,652,2.9379241921053567,0,0,0,1
0007,car,653,2.687343830006155,0,0,0,1
0007,car,654,3.61065397355406,0,0,0,1
0007,car,655,5.740655631216506,0,0,0,1
0007,car,656,6.411258466776494,0,0,0,1
0007,car,657,10.968919387039934,0,0,0,1
0007,car,658,8.907034656723564,0,0,0,1
0007,car,659,13.084364412309984,0,0,0,1
0007,car,660,20.19061354960501,0,0,0,1
0007,car,661,15.588250363264924,0,0,0,1
0007,car,662,15.755672458094127,0,0,0,1
0007,car,748,23.77550276053971,0,0,0,1
0007,car,749,16.350638872058926,0,0,0,1
0007,car,750,23.38541366591999,0,0,0,1
0007,car,751,18.67835752770029,0,0,0,1
0007,car,752,23.83955854949381,0,0,0,1
0007,car,753,22.83605955004269,0,0,0,1
0007,car,754,6.575803258053427,0,0,0,1
0007,car,755,4.499212409531963,0,0,0,1
0007,car,756,4.402957505796068,0,0,0,1
0007,car,757,2.8049543794852676,0,0,0,1
0007,car,758,4.107162661922742,0,0,0,1
0007,car,759,6.573945722442789,0,0,0,1
0007,car,760,3.94985825692833,0,0,0,1
0007,car,761,3.9475797065159135,0,0,0,1
0007,car,762,5.000504906077156,0,0,0,1
0007,car,763,5.088661621552687,0,0,0,1
0007,car,764,1.69282970947068,0,0,0,1
0007,car,765,2.899426955204203,0,0,0,1
0007,car,766,2.7709789412840453,0,0,0,1
0007,car,767,3.5330418721306316,0,0,0,1
0007,car,768,2.336450051406312,0,0,0,1
0007,car,769,2.161909882225678,0,0,0,1
0007,car,770,4.315459820276773,0,0,0,1
0007,car,771,2.743095206940958,0,0,0,1
0007,car,772,5.654807998912453,0,0,0,2
0007,car,773,7.9226043391492755,0,0,0,2
0007,car,774,2.9905159515176223,0,0,0,2
0007,car,775,1.4933003908976867,0,0,0,2
0007,car,776,1.6601605067959184,0,0,0,2
0007,car,777,1.8435815728775147,0,0,0,2
0007,car,778,1.8567537918970147,0,0,0,2
0007,car,779,1.588271619624484,0,0,0,2
0007,car,780,2.647655812292478,0,0,0,2
0007,car,781,2.319222397490168,0,0,0,2
0007,car,782,2.9050913142890744,0,0,0,2
0007,car,783,3.489902560968495,0,0,0,2
0007,car,784,2.8189890703819938,0,0,0,2
0007,car,785,3.8310786914007875,0,0,0,2
0007,car,786,3.8071001697705946,0,0,0,2
0007,car,787,3.6449811281676254,0,0,0,2
0007,car,788,4.647449841537689,0,0,0,2
0007,car,789,5.351543078888751,0,0,0,2
0007,car,790,3.7022325668155585,0,0,0,2
0007,car,791,2.3635927248328694,0,0,0,2
0007,car,792,3.240484106222949,0,0,0,2
0007,car,793,4.755940342612593,0,0,0,2
0007,car,794,1.2599981353011254,0,0,0,2
0007,car,795,1.849738318502996,0,0,0,2
0007,car,796,1.838015905383676,0,0,0,2
0007,car,797,1.1370063991540915,0,0,0,2
0007,car,798,2.8587342596064165,0,0,0,2
0007,car,799,2.408565123682828,0,0,0,2
0007,pedestrian,153,4.1617616282492405,0,0,0,1
0007,pedestrian,154,1.2629073053192095,0,0,0,1
0007,pedestrian,155,1.5182756077118524,0,0,0,1
0007,pedestrian,156,2.229570392194901,0,0,0,1
0007,pedestrian,157,2.599099963138137,0,0,0,1
0007,pedestrian,158,2.8493715153174657,0,0,0,1
0007,pedestrian,159,2.9852310629286984,0,0,0,1
0007,pedestrian,160,2.690533802232969,0,0,0,1
0007,pedestrian,161,5.592947294791551,0,0,0,1
0007,pedestrian,162,5.458089203160247,0,0,0,1
0007,pedestrian,163,7.534410268364812,0,0,0,1
0007,pedestrian,164,6.829160116951109,0,0,0,1
0007,pedestrian,165,7.068842824919507,0,0,0,1
0007,pedestrian,166,14.224823223040357,0,0,0,1
0007,pedestrian,167,19.31409319880685,0,0,0,1
0007,pedestrian,168,21.8131461800594,0,0,0,1
0007,pedestrian,169,33.07075145424557,0,0,0,1
0007,pedestrian,170,27.737692782126395,0,0,0,1
0007,pedestrian,620,1.394543383038409,0,0,0,1
0007,pedestrian,621,1.1504883369147485,0,0,0,1
0007,pedestrian,622,0.5232520666046687,0,0,0,1
0007,pedestrian,623,1.3968980638295565,0,0,0,1
0007,pedestrian,624,0.5558583690479694,0,0,0,1
0007,pedestrian,625,1.6527749455550973,0,0,0,1
0007,pedestrian,626,1.3094320678734517,0,0,0,1
0007,pedestrian,627,0.6625602358924708,0,0,0,1
0007,pedestrian,628,1.628461959367567,0,0,0,1
0007,pedestrian,629,1.2445320264329234,0,0,0,1
0007,pedestrian,630,1.057979552277434,0,0,0,1
0007,pedestrian,631,1.3807628385464017,0,0,0,1
0007,pedestrian,636,1.3649159848918535,0,0,0,1
0007,pedestrian,637,1.7430717972744538,0,0,0,1
0007,pedestrian,638,2.635741415449698,0,0,0,1
0007,pedestrian,639,2.388918179136653,0,0,0,1
0007,pedestrian,640,2.7480980542597706,0,0,0,1
0007,pedestrian,641,3.053713422822252,0,0,0,1
0007,pedestrian,642,2.7123486229818394,0,0,0,1
0007,pedestrian,643,2.752476546510507,0,0,0,1
0007,pedestrian,644,2.4167355349211976,0,0,0,1
0007,pedestrian,645,2.3126891635216085,0,0,0,1
0007,pedestrian,647,3.028585043127598,0,0,0,1
0007,pedestrian,648,2.952239945752632,0,0,0,1
0007,pedestrian,649,2.741698887218651,0,0,0,1
0007,pedestrian,650,2.768140918743019,0,0,0,1
0007,pedestrian,651,2.719879729766727,0,0,0,1
0007,pedestrian,652,2.438754854068832,0,0,0,1
0007,pedestrian,653,1.8294125012846911,0,0,0,1
0007,pedestrian,654,3.3222976716414987,0,0,0,1
0007,pedestrian,655,1.904027970008994,0,0,0,1
0007,pedestrian,656,4.153326553214068,0,0,0,1
0007,pedestrian,657,3.687784996792114,0,0,0,1
0007,pedestrian,658,5.237554466647475,0,0,0,1
0007,pedestrian,659,4.055613731104622,0,0,0,1
0007,pedestrian,660,2.2328802285308815,0,0,0,1
0007,pedestrian,661,3.880020001489062,0,0,0,1
0007,pedestrian,662,3.2295514312143325,0,0,0,1
0007,pedestrian,663,3.313718507511077,0,0,0,1
0007,pedestrian,664,4.6374767917727455,0,0,0,1
0007,pedestrian,666,2.840593632162209,0,0,0,1
0007,pedestrian,667,1.8849053315403301,0,0,0,1
0008,car,0,0.0,0,0,0,2
0008,car,1,2.2540306207736003,0,0,0,2
0008,car,2,2.3626462017742096,0,0,0,4
0008,car,3,1.3179361867783363,0,0,0,3
0008,car,4,1.436372626774125,0,0,0,3
0008,car,5,2.3607366116635187,0,0,0,3
0008,car,6,1.8395111295294948,0,0,0,3
0008,car,7,5.592389087508958,0,0,0,3
0008,car,8,2.3226766178213696,0,0,0,3
0008,car,9,3.944197324356721,0,0,0,3
0008,car,10,3.137289423624418,0,0,0,3
0008,car,11,3.58159065881953,0,0,0,3
0008,car,12,5.108519855857179,0,0,0,3
0008,car,13,4.943673038943455,0,0,0,3
0008,car,14,4.729278055507999,0,0,0,2
0008,car,15,5.068985591404667,0,0,0,2
0008,car,16,4.203240307602134,0,0,0,2
0008,car,17,3.720545146041907,0,0,0,1
0008,car,18,3.556880895789342,0,0,0,1
0008,car,19,3.980708455672282,0,0,0,1
0008,car,20,2.2004072916341446,0,0,0,1
0008,car,21,1.2167378287248156,0,0,0,1
0008,car,22,4.139463415778532,0,0,0,1
0008,car,23,1.794276003442335,0,0,0,1
0008,car,24,1.0930623735366414,0,0,0,1
0008,car,25,2.7985573015758343,0,0,0,1
0008,car,26,1.9669145271074338,0,0,0,1
0008,car,27,1.5174177829580997,0,0,0,1
0008,car,28,2.2936164128856507,0,0,0,1
0008,car,29,1.9446068582746014,0,0,0,1
0008,car,30,3.0135989565569874,0,0,0,1
0008,car,31,3.8492024441720165,0,0,0,1
0008,car,32,3.98784253931749,0,0,0,1
0008,car,33,1.7800734314961955,0,0,0,1
0008,car,34,1.6914207448225844,0,0,0,1
0008,car,35,1.8093625012763184,0,0,0,1
0008,car,36,1.4309169284298267,0,0,0,1
0008,car,37,1.4540573580559935,0,0,0,1
0008,car,38,1.5954407624298454,0,0,0,1
0008,car,39,1.9592380754116878,0,0,0,1
0008,car,40,1.3786925965869263,0,0,0,1
0008,car,41,0.8465573466474797,0,0,0,1
0008,car,42,0.977455412936026,0,0,0,1
0008,car,43,1.5231323814644595,0,0,0,1
0008,car,44,1.175701286872196,0,0,0,1
0008,car,45,0.9913725891208094,0,0,0,1
0008,car,46,0.5588191146756121,0,0,0,1
0008,car,47,1.6174920617698971,0,0,0,1
0008,car,48,2.0082421164871933,0,0,0,1
0008,car,49,1.6065792985001264,0,0,0,1
0008,car,50,3.291477126550805,0,0,0,1
0008,car,51,2.1440299795147073,0,0,0,1
0008,car,52,3.7627747452195375,0,0,0,1
0008,car,53,8.163510808131798,0,0,0,1
0008,car,54,6.39635169845996,0,0,0,1
0008,car,55,24.60996721327158,0,0,0,1
0008,car,56,28.25458969063108,0,0,0,1
0008,car,57,25.20792404526629,0,0,0,1
0008,car,58,1.2740338950501142,0,0,0,1
0008,car,59,1.354905667178655,0,0,0,1
0008,car,60,2.2264841948077496,0,0,0,1
0008,car,61,0.6435310163676787,0,0,0,1
0008,car,62,0.8293549287890084,0,0,0,1
0008,car,63,0.1798264063403694,0,0,0,1
0008,car,64,0.6352670385886228,0,0,0,1
0008,car,65,2.2262727285065567,0,0,0,1
0008,car,66,1.714632114496835,0,0,0,1
0008,car,67,0.3950812692492544,0,0,0,1
0008,car,68,0.7412778385395136,0,0,0,1
0008,car,69,1.688971104429394,0,0,0,1
0008,car,70,1.3829150189581003,0,0,0,1
0008,car,71,1.7410054509741284,0,0,0,1
0008,car,72,2.861066124935017,0,0,0,1
0008,car,73,1.0938552704069409,0,0,0,1
0008,car,74,2.0974185276907082,0,0,0,1
0008,car,75,2.5084359177006967,0,0,0,1
0008,car,76,2.845423277426543,0,0,0,1
0008,car,77,0.8469816346078376,0,0,0,1
0008,car,78,0.8955198794354939,0,0,0,1
0008,car,79,1.2161604397750552,0,0,0,2
0008,car,80,1.1548667481641075,0,0,0,2
0008,car,81,0.5537016321670882,0,0,0,2
0008,car,82,0.6213813359753189,0,0,0,2
0008,car,83,1.0004916112315558,0,0,0,2
0008,car,84,1.0281814974503414,0,0,0,2
0008,car,85,1.093381304200769,0,0,0,2
0008,car,86,0.7654589664147207,0,0,0,3
0008,car,87,1.1491436603247691,0,0,0,3
0008,car,88,0.8236711239343529,0,0,0,3
0008,car,89,9.518196259113525,0,0,0,3
0008,car,90,1.6024725037716476,0,0,0,3
0008,car,91,1.3825179896770001,0,0,0,3
0008,car,92,13.685088471784836,0,0,0,3
0008,car,93,1.59166027350095,0,0,0,3
0008,car,94,4.806908018229901,0,0,0,3
0008,car,95,1.7116314192665494,0,0,0,3
0008,car,96,9.098164744392308,0,0,0,3
0008,car,97,4.262580815972885,0,0,0,3
0008,car,98,1.9439512744545624,0,0,0,2
0008,car,99,4.610073366911909,0,0,0,2
0008,car,100,6.018984713177074,0,0,0,2
0008,car,101,9.568438326831995,0,0,0,2
0008,car,102,1.989393283684586,1,0,1,3
0008,car,103,0.3335886905125041,0,0,0,3
0008,car,104,0.48398723346518147,0,0,0,2
0008,car,105,0.4188071125232263,0,0,0,2
0008,car,106,1.4765411213179336,0,0,0,2
0008,car,107,1.007537219596257,0,0,0,2
0008,car,108,1.5268602363397077,0,0,0,2
0008,car,109,0.6880074109896056,0,0,0,2
0008,car,110,0.7450245980063865,0,0,0,2
0008,car,111,1.0213891974622356,0,0,0,3
0008,car,112,1.0722899424916057,0,0,0,3
0008,car,113,1.63633138931291,0,0,0,3
0008,car,114,0.9759179629840573,0,0,0,3
0008,car,115,1.805338617210202,0,0,0,3
0008,car,116,0.8315095495328881,0,0,0,3
0008,car,117,1.5181328020177374,0,0,0,3
0008,car,118,1.2913413248142505,0,0,0,2
0008,car,119,1.3216480157057946,0,0,0,2
0008,car,120,1.4272981894725303,0,0,0,2
0008,car,121,0.7405268435160871,0,0,0,2
0008,car,122,1.4442384594717796,0,0,0,2
0008,car,123,2.1610401671959987,0,0,0,2
0008,car,124,3.6985484419132093,0,0,0,2
0008,car,125,7.552016374347502,0,0,0,2
0008,car,126,12.38839653019421,0,0,0,2
0008,car,127,26.664504453090537,1,0,1,2
0008,car,128,0.670774173319226,0,0,0,3
0008,car,129,0.9473393629425377,0,0,0,2
0008,car,130,0.9906745719616341,0,0,0,2
0008,car,131,0.5180193697083566,0,0,0,2
0008,car,132,0.3522449908681122,0,0,0,2
0008,car,133,0.8977419052617043,0,0,0,2
0008,car,134,0.4894146474729747,0,0,0,2
0008,car,135,0.14230183392340523,0,0,0,2
0008,car,136,0.2479838819853447,0,0,0,2
0008,car,137,0.5805490176530224,0,0,0,2
0008,car,138,0.4545402099391148,0,0,0,2
0008,car,139,0.4390724143119179,0,0,0,2
0008,car,140,0.8552438057743129,0,0,0,2
0008,car,141,0.5241183334357694,0,0,0,2
0008,car,142,1.1350003978403393,0,0,0,2
0008,car,143,0.3015433656583016,0,0,0,2
0008,car,144,0.5255419338122661,0,0,0,2
0008,car,145,0.5604068060271351,0,0,0,2
0008,car,146,1.3549171785969305,0,0,0,2
0008,car,147,1.222316041404072,0,0,0,2
0008,car,148,1.2244336491277037,0,0,0,2
0008,car,149,0.42857799281826175,0,0,0,2
0008,car,150,0.4554253499982278,0,0,0,2
0008,car,151,0.31439910203906063,0,0,0,2
0008,car,152,0.7169398301315473,0,0,0,2
0008,car,153,1.3688866757252984,0,0,0,2
0008,car,154,0.7839600340097568,0,0,0,2
0008,car,155,0.5109542286653358,0,0,0,2
0008,car,156,1.2091035764711324,0,0,0,2
0008,car,157,0.48071571296946786,0,0,0,2
0008,car,158,0.5982340367038601,0,0,0,2
0008,car,159,0.9456341838295468,0,0,0,2
0008,car,160,0.6809494182496403,0,0,0,2
0008,car,161,2.535252888674704,0,0,0,2
0008,car,162,1.0273038724979076,0,0,0,2
0008,car,163,0.6269490080445463,0,0,0,2
0008,car,164,0.7407104209514488,0,0,0,2
0008,car,165,0.7995725329122417,0,0,0,2
0008,car,166,1.2358517129655273,0,0,0,2
0008,car,167,1.2332417759276377,0,0,0,2
0008,car,168,0.45031803674449933,0,0,0,2
0008,car,169,0.6482016182396957,0,0,0,2
0008,car,170,0.6016462191046889,0,0,0,2
0008,car,171,0.2276102922794423,0,0,0,2
0008,car,172,1.3620225736448326,0,0,0,2
0008,car,173,1.2469875243623054,0,0,0,2
0008,car,174,0.5499542006794155,0,0,0,2
0008,car,175,1.4829359552370127,0,0,0,2
0008,car,176,1.8204449802774278,0,0,0,2
0008,car,177,2.7865777936512997,0,0,0,2
0008,car,178,1.929724936079062,0,0,0,2
0008,car,179,1.6920455298348833,0,0,0,2
0008,car,180,0.8886105813409229,0,0,0,2
0008,car,181,0.986594178642852,0,0,0,2
0008,car,182,1.8098728372505615,0,0,0,2
0008,car,183,0.4997602139994802,0,0,0,2
0008,car,184,0.4865985387636918,0,0,0,2
0008,car,185,0.5529032545368002,0,0,0,2
0008,car,186,0.49523814952180245,0,0,0,2
0008,car,187,0.8393238182417659,0,0,0,2
0008,car,188,0.45015829993790707,0,0,0,3
0008,car,189,0.5139520039369296,0,0,0,3
0008,car,190,1.1602446125605557,0,0,0,3
0008,car,191,1.5384032141561685,0,0,0,3
0008,car,192,1.1383447322072462,0,0,0,3
0008,car,193,0.9934768994515448,0,0,0,3
0008,car,194,1.580832837610191,0,0,0,3
0008,car,195,0.7868348400219352,0,0,0,3
0008,car,196,1.8770557703277388,0,0,0,3
0008,car,197,1.5774140967858066,0,0,0,3
0008,car,198,0.5984322274064341,0,0,0,3
0008,car,199,0.9950916926202722,0,0,0,3
0008,car,200,0.5320612157674874,0,0,0,3
0008,car,201,0.6302421441127148,0,0,0,3
0008,car,202,0.7270499180971256,0,0,0,4
0008,car,203,0.7704640640802073,0,0,0,4
0008,car,204,1.0975680936246193,0,0,0,4
0008,car,205,0.8032874678275705,0,0,0,4
0008,car,206,1.0961245719801382,0,0,0,4
0008,car,207,0.9084275317808361,0,0,0,4
0008,car,208,1.331645272210315,0,0,0,4
0008,car,209,0.7459562694454098,0,0,0,3
0008,car,210,0.9023564270781401,0,0,0,4
0008,car,211,0.4542157611375226,0,0,0,4
0008,car,212,0.794831032093211,0,0,0,4
0008,car,213,0.5096830272862071,0,0,0,4
0008,car,214,0.6664500584794335,0,0,0,4
0008,car,215,1.6676004401727589,0,0,0,5
0008,car,216,2.104993762860515,0,0,0,5
0008,car,217,2.2182447586675935,0,0,0,5
0008,car,218,3.0261410359163534,0,0,0,5
0008,car,219,2.331083518013682,1,1,0,5
0008,car,220,0.6547222401894284,0,0,0,4
0008,car,221,0.6811486839719173,0,0,0,4
0008,car,222,1.1392100877602065,0,0,0,4
0008,car,223,1.191345799053201,0,0,0,4
0008,car,224,1.499534214789673,0,0,0,4
0008,car,225,1.3553662429620452,0,0,0,4
0008,car,226,0.6124638607381641,0,0,0,4
0008,car,227,0.7140536451403673,0,0,0,4
0008,car,228,1.4230797520518634,0,0,0,4
0008,car,229,0.3800125355213033,0,0,0,4
0008,car,230,0.6942106004551315,0,0,0,4
0008,car,231,0.5821279376832038,0,0,0,4
0008,car,232,0.789324443228881,0,0,0,4
0008,car,233,0.8810144670077988,0,0,0,4
0008,car,234,0.5653354737973415,0,0,0,3
0008,car,235,0.3013483131320368,0,0,0,3
0008,car,236,0.6979018929884797,0,0,0,3
0008,car,237,0.8185356796116967,0,0,0,3
0008,car,238,2.429697132041261,0,0,0,5
0008,car,239,2.166790963576368,0,0,0,5
0008,car,240,0.9848861872593401,0,0,0,4
0008,car,241,0.9967751430963122,0,0,0,4
0008,car,242,1.1395640934719438,0,0,0,4
0008,car,243,1.6474885152946748,0,0,0,4
0008,car,244,2.3719503262643924,0,0,0,4
0008,car,245,1.0317153246714175,0,0,0,4
0008,car,246,0.8986998989543331,0,0,0,4
0008,car,247,1.797665207284839,0,0,0,4
0008,car,248,1.4816984451490376,0,0,0,4
0008,car,249,0.9493509478887513,0,0,0,4
0008,car,250,1.2045687791679935,0,0,0,4
0008,car,251,1.7722742021658395,0,0,0,4
0008,car,252,1.1541384959881675,0,0,0,4
0008,car,253,0.7278957143323891,0,0,0,4
0008,car,254,1.8192172587634676,0,0,0,4
0008,car,255,1.292971667057556,0,0,0,4
0008,car,256,1.8743055076145514,0,0,0,4
0008,car,257,1.539172070528353,0,0,0,4
0008,car,258,0.8519567066749605,0,0,0,4
0008,car,259,1.190377266396001,0,0,0,4
0008,car,260,2.108077358323876,0,0,0,4
0008,car,261,1.4696211337890357,0,0,0,4
0008,car,262,0.646824407274576,0,0,0,4
0008,car,263,3.389662790346413,0,0,0,4
0008,car,264,1.167797300457256,0,0,0,4
0008,car,265,0.79137079632587,0,0,0,3
0008,car,266,0.7418699620534583,0,0,0,3
0008,car,267,5.014024123055851,0,0,0,3
0008,car,268,0.9205412943222252,0,0,0,3
0008,car,269,0.7102663898805562,0,0,0,2
0008,car,270,1.903441886031326,0,0,0,2
0008,car,271,1.3193438377317028,0,0,0,2
0008,car,272,1.3691176556143474,0,0,0,2
0008,car,273,0.9417032186470815,0,0,0,2
0008,car,274,1.8320906862617383,0,0,0,2
0008,car,275,1.2433004914351586,0,0,0,2
0008,car,276,1.5054061179258817,0,0,0,2
0008,car,277,0.8060300955626386,0,0,0,2
0008,car,278,0.24623798720131526,0,0,0,2
0008,car,279,0.4476702794416046,0,0,0,2
0008,car,280,0.24608341616913496,0,0,0,2
0008,car,281,0.6702889192638188,0,0,0,2
0008,car,282,0.8916677171147133,0,0,0,2
0008,car,283,0.7777052363768954,0,0,0,2
0008,car,284,0.6943364021817983,0,0,0,2
0008,car,285,1.0490746448884933,0,0,0,2
0008,car,286,0.8405559095345629,0,0,0,2
0008,car,287,0.33996488037551065,0,0,0,2
0008,car,288,0.9443852966678465,0,0,0,2
0008,car,289,0.8273361066076076,0,0,0,2
0008,car,290,0.46298152932142145,0,0,0,3
0008,car,291,1.2846368032498503,0,0,0,3
0008,car,292,0.6238857569575853,0,0,0,3
0008,car,293,0.6937362792230073,0,0,0,3
0008,car,294,0.9550512698710787,0,0,0,3
0008,car,295,0.7524666742333223,0,0,0,3
0008,car,296,1.4142550339812925,0,0,0,3
0008,car,297,1.3963394090499683,0,0,0,3
0008,car,298,0.7783025554472287,0,0,0,3
0008,car,299,1.5689994781599532,0,0,0,3
0008,car,300,1.5118753045826883,0,0,0,3
0008,car,301,0.9436245017097125,0,0,0,3
0008,car,302,1.8030755498270188,0,0,0,3
0008,car,303,1.038030452461931,0,0,0,3
0008,car,304,1.4401114531871233,0,0,0,3
0008,car,305,1.9469722587534617,0,0,0,3
0008,car,306,1.0969126660632424,0,1,-1,3
0008,car,307,0.9626930241056499,0,0,0,3
0008,car,308,1.324662585268486,0,0,0,2
0008,car,309,1.2417397018632832,0,0,0,2
0008,car,310,1.9360495171872592,0,0,0,2
0008,car,311,1.0023640725928955,0,0,0,2
0008,car,312,0.5905358601375351,0,0,0,2
0008,car,313,4.457963170245766,0,0,0,2
0008,car,314,0.7363360049627629,0,0,0,2
0008,car,315,1.9007413652905014,0,0,0,2
0008,car,316,2.343317442613161,0,0,0,2
0008,car,317,0.5464207074322839,0,0,0,2
0008,car,318,2.1438152659134047,0,0,0,2
0008,car,319,0.8114214632553253,0,0,0,2
0008,car,320,0.802497039924422,0,0,0,3
0008,car,321,1.2145337644103744,0,0,0,3
0008,car,322,1.4134209325545575,0,0,0,3
0008,car,323,2.4606466631099697,0,0,0,3
0008,car,324,2.265648765208179,0,0,0,3
0008,car,325,2.551024579575298,0,0,0,3
0008,car,326,2.5197664440376855,0,0,0,3
0008,car,327,5.0953264451111515,0,0,0,3
0008,car,328,2.3060538783862055,0,0,0,3
0008,car,329,6.1525198781068084,0,0,0,3
0008,car,330,21.04978861007106,2,0,2,3
0008,car,331,4.225475706011938,0,0,0,3
0008,car,332,4.9803114406912155,0,0,0,3
0008,car,333,5.588442010107511,0,0,0,3
0008,car,334,8.17841200004434,0,0,0,3
0008,car,335,9.292209444037791,0,0,0,3
0008,car,336,10.490652912013015,0,0,0,4
0008,car,337,2.0579768763202146,0,0,0,4
0008,car,338,1.3937934380272048,0,0,0,4
0008,car,339,3.4726554764760738,0,0,0,4
0008,car,340,2.364530904468557,0,0,0,4
0008,car,341,1.949118206458349,0,0,0,4
0008,car,342,1.347906953225003,0,0,0,4
0008,car,343,1.2755781530875818,0,0,0,4
0008,car,344,3.3026531669044497,0,0,0,4
0008,car,345,1.5768799734845944,1,1,0,4
0008,car,346,5.1229432638256345,0,0,0,5
0008,car,347,3.4860183235300743,0,0,0,5
0008,car,348,4.1188022441124765,0,0,0,5
0008,car,349,1.7383205558849757,0,0,0,6
0008,car,350,3.369239861661251,0,0,0,6
0008,car,351,2.538437957411116,0,0,0,6
0008,car,352,4.478759044413361,1,0,1,5
0008,car,353,3.368378401486916,0,0,0,5
0008,car,354,5.580628857856054,0,0,0,4
0008,car,355,3.2434094721703404,0,0,0,4
0008,car,356,3.4553040726837607,0,0,0,4
0008,car,357,3.9181678083370888,0,0,0,4
0008,car,358,1.4676342547904346,0,0,0,4
0008,car,359,3.3707985703842316,0,0,0,4
0008,car,360,3.4292039767186564,0,0,0,4
0008,car,361,4.520284366254073,0,0,0,4
0008,car,362,4.3394510397507595,0,0,0,4
0008,car,363,2.509754542260873,0,0,0,3
0008,car,364,1.82979041186483,1,1,0,3
0008,car,365,1.982196636416548,0,0,0,3
0008,car,366,1.9196559264910553,0,0,0,3
0008,car,367,1.717445687232316,0,0,0,3
0008,car,368,0.8689314868827325,0,0,0,3
0008,car,369,1.1609876157120818,0,0,0,4
0008,car,370,0.8681626391942148,0,0,0,4
0008,car,371,1.5612620372386614,0,0,0,4
0008,car,372,1.4966083752659176,0,0,0,4
0008,car,373,1.3100045763568853,0,0,0,4
0008,car,374,1.9369451613995698,0,0,0,4
0008,car,375,1.570106012729599,0,0,0,4
0008,car,376,2.1860991867297828,0,0,0,4
0008,car,377,1.6544995478961033,0,0,0,4
0008,car,378,1.0086285976680052,0,0,0,4
0008,car,379,1.1253133166929359,0,0,0,4
0008,car,380,1.4277489221832051,0,0,0,4
0008,car,381,0.8537929386736094,0,0,0,4
0008,car,382,1.3576110039336324,0,0,0,4
0008,car,383,3.2464469647435403,0,0,0,4
0008,car,384,2.8665591486350976,0,0,0,4
0008,car,385,2.6248630310227097,0,0,0,4
0008,car,386,1.137289482720242,0,0,0,4
0008,car,387,1.246610347095209,0,0,0,4
0008,car,388,1.0409719497380128,0,0,0,4
0008,car,389,1.1382112003199505,0,0,0,4
0009,car,0,0.0,0,0,0,2
0009,car,1,1.3200964048234103,0,0,0,2
0009,car,2,1.1355508699620604,0,0,0,2
0009,car,3,1.5137529023797418,0,0,0,2
0009,car,4,1.3581663859409239,0,0,0,2
0009,car,5,1.9190403929328612,0,0,0,2
0009,car,6,1.020318412814858,0,0,0,2
0009,car,7,3.592077104263433,0,0,0,3
0009,car,8,2.583898616289565,0,0,0,3
0009,car,9,4.1050044841815385,0,0,0,3
0009,car,10,5.824053373642146,0,0,0,4
0009,car,11,5.50310016896969,0,0,0,4
0009,car,12,4.323248428753448,0,0,0,4
0009,car,13,7.848030181826281,0,0,0,4
0009,car,14,4.563264204568283,0,0,0,5
0009,car,15,7.8967147081568125,0,0,0,5
0009,car,16,8.954982518045895,0,0,0,5
0009,car,17,6.140221392940169,0,0,0,5
0009,car,18,4.889619385414312,0,0,0,5
0009,car,19,3.1546334663856683,1,0,1,6
0009,car,20,6.968505779232169,0,0,0,7
0009,car,21,3.5269820222743022,0,0,0,6
0009,car,22,2.3533813941619623,0,0,0,7
0009,car,23,15.744473506424525,1,0,1,7
0009,car,24,15.833403407696364,0,1,-1,8
0009,car,25,11.241334885386491,0,0,0,11
0009,car,26,14.508102597457544,0,0,0,11
0009,car,27,16.135626428167065,0,0,0,11
0009,car,28,11.23626559350095,0,0,0,10
0009,car,29,3.8489405281186873,1,0,1,10
0009,car,30,15.891905401359393,0,0,0,11
0009,car,31,23.412648629312205,1,0,1,11
0009,car,32,47.93359938385828,6,0,6,10
0009,car,33,11.484056076695932,0,0,0,10
0009,car,34,23.87294203232208,3,0,3,10
0009,car,35,25.001198995756347,0,0,0,10
0009,car,36,8.473715049912,1,0,1,10
0009,car,37,4.4410850863986,0,0,0,10
0009,car,38,3.8445711855984084,0,0,0,11
0009,car,39,9.998624738058728,2,0,2,13
0009,car,40,2.444283996694036,0,0,0,12
0009,car,41,1.8142819816828544,0,0,0,12
0009,car,42,1.4723278754549125,0,0,0,12
0009,car,43,1.9441874323579502,0,0,0,12
0009,car,44,1.7418018346073512,0,0,0,12
0009,car,45,2.1506113406134393,0,0,0,12
0009,car,46,3.027238112217105,0,0,0,12
0009,car,47,3.9937658603561643,0,0,0,12
0009,car,48,2.4375328944572856,0,0,0,12
0009,car,49,3.02448812101038,0,0,0,12
0009,car,50,2.984708514335833,0,0,0,11
0009,car,51,1.9401602097681407,0,0,0,12
0009,car,52,2.4810825052270626,0,0,0,12
0009,car,53,3.3493286416053545,1,1,0,12
0009,car,54,3.019691044896228,0,0,0,12
0009,car,55,2.9223946797159353,0,0,0,12
0009,car,56,1.5795378717454125,1,1,0,11
0009,car,57,1.689550145878701,0,0,0,10
0009,car,58,1.6467229693755474,0,0,0,10
0009,car,59,1.52714701004184,0,1,-1,10
0009,car,60,2.1253224167578546,0,0,0,11
0009,car,61,2.533563652673048,0,0,0,12
0009,car,62,1.6375956374223175,0,0,0,13
0009,car,63,1.9791152595306525,0,0,0,13
0009,car,64,1.5745524059471792,0,0,0,13
0009,car,65,2.207685538944943,0,0,0,12
0009,car,66,1.4899765212693172,0,1,-1,12
0009,car,67,2.143021007445715,0,0,0,13
0009,car,68,3.0585242151767407,0,0,0,13
0009,car,69,1.7452635197740387,0,0,0,13
0009,car,70,1.347676407547395,0,0,0,13
0009,car,71,1.1641860808244173,0,0,0,13
0009,car,72,1.0972966680957148,0,0,0,14
0009,car,73,0.9334902497828055,0,0,0,14
0009,car,74,1.5539053992218697,0,0,0,13
0009,car,75,1.7446725553495974,0,0,0,14
0009,car,76,2.1262488553199503,1,1,0,14
0009,car,77,1.2678310191260747,0,0,0,14
0009,car,78,1.7516366589102672,0,0,0,14
0009,car,79,1.5686926242322137,0,0,0,13
0009,car,80,1.4486402935818972,0,0,0,12
0009,car,81,1.8186195230669193,0,0,0,11
0009,car,82,1.8311268668618277,0,0,0,11
0009,car,83,2.3199137212898755,0,0,0,11
0009,car,84,2.3764141859370014,0,0,0,11
0009,car,85,2.764111643271194,0,0,0,11
0009,car,86,3.1700886270738384,0,0,0,11
0009,car,87,3.3285860981639432,0,0,0,11
0009,car,88,4.796325987669708,0,0,0,10
0009,car,89,1.758487450091277,0,0,0,9
0009,car,90,3.2635628256183136,0,0,0,9
0009,car,91,1.5123962891864213,1,1,0,10
0009,car,92,2.0284698674946213,0,0,0,12
0009,car,93,2.5748095834238063,0,0,0,12
0009,car,94,2.402468528125533,0,0,0,12
0009,car,95,1.3630855325564686,0,0,0,12
0009,car,96,2.6480435918901453,0,0,0,12
0009,car,97,2.623419494593488,1,1,0,12
0009,car,98,3.7062116687379247,1,1,0,12
0009,car,99,2.653100511837177,0,0,0,13
0009,car,100,3.1822962977295495,0,0,0,13
0009,car,101,3.1810090771112995,2,2,0,13
0009,car,102,2.2836362264024324,2,1,1,13
0009,car,103,2.07458815090364,1,1,0,13
0009,car,104,4.254204253615924,0,0,0,13
0009,car,105,3.4127795119765167,0,0,0,11
0009,car,106,1.7984667408287838,0,0,0,11
0009,car,107,2.7357084569172825,0,0,0,11
0009,car,108,1.5929258000877737,0,0,0,11
0009,car,109,2.239709419805309,0,0,0,11
0009,car,110,2.5408087035747364,1,1,0,11
0009,car,111,2.2320754914790757,0,0,0,11
0009,car,112,4.745005085247172,0,0,0,11
0009,car,113,3.024204141634065,0,0,0,11
0009,car,114,3.5914277586149854,0,0,0,10
0009,car,115,4.47920157828005,0,0,0,10
0009,car,116,4.4996649675461455,1,0,1,10
0009,car,117,4.55579611795717,0,0,0,10
0009,car,118,4.765300410563611,0,0,0,10
0009,car,119,8.937570593548335,0,1,-1,9
0009,car,120,6.275473905309645,1,1,0,9
0009,car,121,5.219572701078997,0,0,0,7
0009,car,122,6.283316271852157,0,0,0,7
0009,car,123,5.811357691981202,0,0,0,7
0009,car,124,9.464785173606534,1,1,0,7
0009,car,125,9.190541027085185,0,1,-1,7
0009,car,126,10.838255852586874,1,0,1,9
0009,car,127,13.263787702576774,0,0,0,8
0009,car,128,8.181663669820221,0,0,0,8
0009,car,129,12.199839439848825,0,0,0,8
0009,car,130,8.01094840257316,0,0,0,7
0009,car,131,5.460414648575313,1,1,0,7
0009,car,132,6.432080696381284,0,0,0,6
0009,car,133,8.285825183680647,0,0,0,7
0009,car,134,6.80319879430677,1,1,0,7
0009,car,135,5.438152798919725,0,0,0,6
0009,car,136,4.54523504590348,0,0,0,6
0009,car,137,3.5708760333102227,0,0,0,7
0009,car,138,9.30627504293092,0,0,0,6
0009,car,139,8.610214261096253,0,0,0,6
0009,car,140,5.1829462101306465,0,0,0,6
0009,car,141,6.964703294659666,0,0,0,6
0009,car,142,6.279296587728966,0,0,0,6
0009,car,143,6.410083420222944,0,0,0,6
0009,car,144,1.7717754698080683,0,0,0,6
0009,car,145,3.4363932999210665,0,0,0,6
0009,car,146,3.010217483038796,0,0,0,7
0009,car,147,4.9382045336080385,0,0,0,7
0009,car,148,2.3819226022791704,0,0,0,7
0009,car,149,3.6407659877634244,0,0,0,8
0009,car,150,4.179549411201984,0,0,0,8
0009,car,151,1.8673026029379174,1,0,1,8
0009,car,152,3.0167124473166402,0,0,0,8
0009,car,153,1.6949266668586045,0,0,0,9
0009,car,154,2.544945757570455,0,0,0,10
0009,car,155,2.7517657097020525,0,0,0,10
0009,car,156,1.5376661944263224,0,0,0,10
0009,car,157,1.5068757642701096,0,0,0,9
0009,car,158,1.7247015890877777,0,0,0,10
0009,car,159,1.3624997869538626,0,0,0,10
0009,car,160,1.272033859051408,1,1,0,10
0009,car,161,0.574680686201113,0,0,0,10
0009,car,162,1.4387496691617097,0,0,0,10
0009,car,163,1.1247355791865608,0,0,0,10
0009,car,164,1.3505430713253768,0,0,0,10
0009,car,165,1.160543075287383,0,0,0,9
0009,car,166,2.133739067151383,0,0,0,9
0009,car,167,2.9593257958933408,0,0,0,9
0009,car,168,2.659239691412566,0,0,0,9
0009,car,169,2.5358278541415133,0,0,0,9
0009,car,170,2.678067907862692,0,0,0,9
0009,car,171,3.007470069050127,0,0,0,9
0009,car,172,2.6464225522803844,0,0,0,8
0009,car,173,3.3118141852280454,0,0,0,8
0009,car,174,2.8836474006044672,0,0,0,9
0009,car,175,2.0068934127152054,0,0,0,8
0009,car,176,1.1274486094086746,0,0,0,8
0009,car,177,2.144336533038473,0,0,0,8
0009,car,178,1.7901715312339395,0,0,0,8
0009,car,179,2.4034808311626925,0,0,0,7
0009,car,180,4.502565839252296,0,0,0,7
0009,car,181,5.372953055968307,1,1,0,7
0009,car,182,5.235206975782825,0,0,0,7
0009,car,183,5.277053458359251,0,0,0,7
0009,car,184,6.3817654440679,0,0,0,7
0009,car,185,5.5025689440190995,0,0,0,6
0009,car,186,7.208357100557102,0,0,0,6
0009,car,187,8.35257179043467,0,0,0,6
0009,car,188,6.03240523373874,0,0,0,5
0009,car,189,4.302115764739808,0,0,0,5
0009,car,190,7.712415103208755,0,0,0,6
0009,car,191,6.751432773996765,0,0,0,6
0009,car,192,5.552892662308631,0,0,0,7
0009,car,193,5.921322799437538,0,0,0,7
0009,car,194,6.574761756121413,0,0,0,6
0009,car,195,5.783156260023619,0,0,0,7
0009,car,196,5.568600181973501,0,0,0,7
0009,car,197,4.191209078246309,0,0,0,8
0009,car,198,4.820094722145159,0,0,0,7
0009,car,199,5.377782228458559,0,0,0,9
0009,car,200,5.002321002717727,0,0,0,9
0009,car,201,4.337112047919768,1,1,0,9
0009,car,202,7.469838784020696,0,0,0,10
0009,car,203,4.24504216384391,0,0,0,9
0009,car,204,4.861983275034253,0,0,0,9
0009,car,205,5.682047412585973,0,0,0,9
0009,car,206,4.647432828897538,0,0,0,8
0009,car,207,4.721110132563487,0,0,0,9
0009,car,208,5.3417269662586095,0,0,0,11
0009,car,209,4.066098037132509,0,0,0,11
0009,car,210,2.632984844858403,0,0,0,12
0009,car,211,5.352663118688549,0,0,0,12
0009,car,212,3.1446540328131944,0,0,0,12
0009,car,213,2.2161052692328496,0,0,0,12
0009,car,214,5.571422146031202,0,0,0,11
0009,car,215,1.6755348728733017,0,0,0,11
0009,car,216,3.9972074017766155,0,0,0,11
0009,car,217,2.7412858570434544,0,0,0,12
0009,car,218,2.240235458342711,0,0,0,11
0009,car,219,1.6807143309116128,0,0,0,10
0009,car,220,1.0435964376840574,0,0,0,10
0009,car,221,3.372027195705452,0,0,0,11
0009,car,222,0.9377201769100303,0,0,0,11
0009,car,223,1.1826235657996176,0,0,0,12
0009,car,224,2.4526503197171245,0,0,0,12
0009,car,225,6.5622218570381765,1,0,1,12
0009,car,226,1.526183328638966,0,1,-1,12
0009,car,227,3.6813925401205525,0,0,0,12
0009,car,228,2.509953162681796,0,0,0,11
0009,car,229,2.590721490903909,1,0,1,12
0009,car,230,2.47345070621051,0,1,-1,12
0009,car,231,1.4931272180664636,0,0,0,12
0009,car,232,3.7657660225144625,0,0,0,14
0009,car,233,3.924089877232267,0,0,0,13
0009,car,234,2.814239052482194,0,0,0,13
0009,car,235,2.761194503262561,1,1,0,13
0009,car,236,1.5766859940708096,0,1,-1,12
0009,car,237,3.520143633127072,0,0,0,12
0009,car,238,7.414265324337234,0,0,0,11
0009,car,239,7.2644248299667495,0,0,0,11
0009,car,240,9.739582724108011,0,1,-1,11
0009,car,241,8.11758244010106,0,0,0,10
0009,car,242,6.687771868909337,1,1,0,10
0009,car,243,8.749803062237234,0,0,0,10
0009,car,244,12.264730130559595,0,0,0,9
0009,car,245,7.157039200426678,0,0,0,8
0009,car,246,7.360116938507674,0,0,0,8
0009,car,247,7.100436185723995,0,0,0,8
0009,car,248,8.289087477844141,0,0,0,8
0009,car,249,8.616113594142009,0,0,0,8
0009,car,250,7.254266892055677,0,0,0,7
0009,car,251,4.734600686228729,0,0,0,6
0009,car,252,8.034841291965119,0,0,0,6
0009,car,253,4.957566294110498,0,0,0,5
0009,car,254,6.290964922903055,0,0,0,5
0009,car,255,4.917795856747322,0,0,0,5
0009,car,256,5.277665191608575,0,0,0,4
0009,car,257,4.303296050537305,0,0,0,4
0009,car,258,5.973300328002564,0,0,0,4
0009,car,259,3.557309144330467,0,0,0,4
0009,car,260,6.631653721504419,0,0,0,3
0009,car,261,7.226261478604755,0,0,0,3
0009,car,262,6.673164506816784,0,0,0,3
0009,car,263,8.877414706499268,1,1,0,3
0009,car,264,6.512405920704641,0,0,0,2
0009,car,265,10.211761565679996,0,0,0,2
0009,car,266,8.869254591551526,0,0,0,2
0009,car,267,8.264460278379037,0,0,0,2
0009,car,268,6.92261370845779,0,0,0,2
0009,car,269,8.023347643483078,0,0,0,1
0009,car,270,7.632316938220554,0,0,0,1
0009,car,271,7.721689921347292,0,0,0,1
0009,car,379,1.0342718886490807,0,0,0,1
0009,car,380,0.8344925927365029,0,0,0,1
0009,car,381,0.27928128872389,0,0,0,1
0009,car,382,0.9979687305599177,0,0,0,1
0009,car,383,1.5987541687793756,0,0,0,1
0009,car,384,1.3920110489701971,0,0,0,1
0009,car,385,1.259990422879532,0,0,0,1
0009,car,386,2.1309840805931413,0,0,0,2
0009,car,387,2.539161204860652,0,0,0,2
0009,car,388,2.7012029266245032,0,0,0,2
0009,car,389,1.459432149167885,0,0,0,2
0009,car,390,1.1065102537870835,0,0,0,2
0009,car,391,0.35725636080014156,0,0,0,2
0009,car,392,1.2627865014756785,0,0,0,2
0009,car,393,1.4544387912461065,0,0,0,2
0009,car,394,0.9645474152420889,0,0,0,2
0009,car,395,0.554773784243674,0,0,0,2
0009,car,396,2.9090403025371177,0,0,0,2
0009,car,397,2.354386173482439,0,0,0,2
0009,car,398,2.8211371788050266,0,0,0,2
0009,car,399,4.4077227781109265,0,0,0,2
0009,car,400,3.842685890296588,0,0,0,2
0009,car,401,3.7661242772961634,0,0,0,1
0009,car,402,4.243427773731239,0,0,0,1
0009,car,403,3.5280938259457355,0,0,0,1
0009,car,404,3.1815845232753097,0,0,0,1
0009,car,405,4.14328468933271,0,0,0,1
0009,car,406,3.7229291941271345,0,0,0,1
0009,car,453,2.916334454046326,0,0,0,1
0009,car,454,4.580627382755488,0,0,0,1
0009,car,455,2.3780860769041574,0,0,0,1
0009,car,456,2.0904239905177,0,0,0,1
0009,car,457,1.9250158579715952,0,0,0,1
0009,car,458,3.1064947197814026,0,0,0,1
0009,car,459,2.734966004323253,0,0,0,1
0009,car,460,2.708981943040179,0,0,0,1
0009,car,461,1.7850226034654617,0,0,0,1
0009,car,462,3.660690997752254,0,0,0,1
0009,car,463,2.0469523105700693,0,0,0,1
0009,car,464,0.9531488505651882,0,0,0,1
0009,car,465,0.667824093315842,0,0,0,1
0009,car,466,0.6166064028065439,0,0,0,1
0009,car,467,1.7940035562055265,0,0,0,1
0009,car,468,4.2566998125120215,0,0,0,1
0009,car,469,5.221462744250925,0,0,0,1
0009,car,470,3.725949146618193,0,0,0,1
0009,car,613,2.71084386532455,0,0,0,1
0009,car,614,2.2464876271947887,0,0,0,1
0009,car,615,3.0266493189280688,0,0,0,1
0009,car,616,3.8185377280667145,0,0,0,1
0009,car,617,3.4155345598902622,0,0,0,1
0009,car,618,3.1639061472127143,0,0,0,1
0009,car,619,3.6234818282842607,0,0,0,1
0009,car,620,4.8031125222806414,0,0,0,1
0009,car,621,2.125121005633382,0,0,0,1
0009,car,622,3.7679777110196064,0,0,0,1
0009,car,623,3.840549724032324,0,0,0,1
0009,car,624,3.8867014345288933,0,0,0,1
0009,car,625,2.063008268037957,0,0,0,1
0009,car,626,3.486958838158089,0,0,0,1
0009,car,627,1.9734663655394737,0,0,0,2
0009,car,628,3.177479740186388,0,0,0,2
0009,car,629,2.584728858350909,0,0,0,2
0009,car,630,1.8084949141759212,0,0,0,2
0009,car,631,1.6186731611757157,0,0,0,2
0009,car,632,1.9356184983558626,0,0,0,3
0009,car,633,2.563538980389569,0,0,0,3
0009,car,634,1.9339725469235924,0,0,0,3
0009,car,635,2.067642528670295,0,0,0,3
0009,car,636,1.3303871538096148,0,0,0,3
0009,car,637,3.0348667204122757,0,0,0,3
0009,car,638,1.4873290027507777,0,0,0,3
0009,car,639,2.625824886732923,0,0,0,3
0009,car,640,1.34199061089457,0,0,0,3
0009,car,641,2.1863612496773106,0,0,0,3
0009,car,642,1.1219548948142688,0,0,0,3
0009,car,643,2.388094639955227,0,0,0,6
0009,car,644,3.206599601400372,0,0,0,6
0009,car,645,3.2720752058788958,0,0,0,6
0009,car,646,3.930579315512294,0,0,0,6
0009,car,647,4.370917064903434,0,0,0,6
0009,car,648,3.4033679068316274,0,0,0,6
0009,car,649,6.394289181641566,0,0,0,6
0009,car,650,1.6927898869634457,0,0,0,6
0009,car,651,2.2481731589458276,0,0,0,5
0009,car,652,2.368200750870449,0,0,0,5
0009,car,653,1.9717537374276484,0,0,0,7
0009,car,654,1.894516096391796,0,0,0,7
0009,car,655,1.6026831146039358,0,0,0,6
0009,car,656,2.5176844939061187,0,0,0,6
0009,car,657,1.5860303519297154,0,0,0,6
0009,car,658,1.8648288786627643,0,0,0,6
0009,car,659,3.436302786524027,0,0,0,6
0009,car,660,1.8495072244200186,0,0,0,5
0009,car,661,1.7481003664591563,0,0,0,5
0009,car,662,2.3449577676407545,0,0,0,4
0009,car,663,2.113850868235405,0,0,0,5
0009,car,664,1.1380110608422598,0,0,0,6
0009,car,665,1.9340400860065345,0,0,0,5
0009,car,666,1.8107186012443592,0,0,0,5
0009,car,667,2.1275309135272513,0,0,0,5
0009,car,668,2.189073622334457,0,0,0,4
0009,car,669,0.989714979735207,0,0,0,3
0009,car,670,0.9440870588595163,0,0,0,3
0009,car,671,0.8580391573912682,0,0,0,5
0009,car,672,5.73286496283872,0,0,0,5
0009,car,673,1.0094506119691389,0,0,0,5
0009,car,674,25.131611813007115,2,0,2,5
0009,car,675,29.92521205794887,3,0,3,5
0009,car,676,2.8643789242228914,0,0,0,5
0009,car,677,1.0958335679400735,0,0,0,5
0009,car,678,1.0291182641094814,0,0,0,5
0009,car,679,1.4027075778762925,0,0,0,4
0009,car,680,1.9595199739064004,0,0,0,5
0009,car,681,1.2158476183153821,0,0,0,5
0009,car,682,2.2924929795789257,0,0,0,5
0009,car,683,1.73700182155866,0,0,0,5
0009,car,684,1.240205343423881,0,0,0,5
0009,car,685,1.608751086899657,0,0,0,5
0009,car,686,1.3067557937760315,0,0,0,5
0009,car,687,1.207245970467133,0,0,0,4
0009,car,688,1.0800959155506797,0,0,0,4
0009,car,689,1.5863874485666272,0,0,0,4
0009,car,690,2.15161938719452,0,0,0,4
0009,car,691,1.2299795050268323,0,0,0,5
0009,car,692,1.7094155203346695,0,0,0,5
0009,car,693,0.9950127738530394,0,0,0,4
0009,car,694,1.001342920694871,0,0,0,4
0009,car,695,1.014280444264488,0,0,0,4
0009,car,696,1.9784638973500803,0,0,0,4
0009,car,697,2.864426420680761,0,0,0,3
0009,car,698,1.1983229177420953,0,0,0,3
0009,car,699,1.1480353610073668,0,0,0,3
0009,car,700,1.2351336374859867,0,0,0,2
0009,car,701,1.5811256142449153,0,0,0,2
0009,car,702,1.9407638092247823,0,0,0,2
0009,car,703,1.3736420115355525,0,0,0,2
0009,car,704,2.4420631701195386,0,0,0,2
0009,car,705,2.481440390638333,0,0,0,2
0009,car,706,2.4176185162098163,0,0,0,2
0009,car,707,2.275642034065381,0,0,0,2
0009,car,708,1.944654587912457,0,0,0,2
0009,car,709,2.7386067389003204,0,0,0,1
0009,car,710,2.7693301134296275,0,0,0,1
0009,car,711,3.3540712191524893,0,0,0,1
0009,car,712,2.8098250121115287,0,0,0,1
0009,car,713,1.568958491485012,0,0,0,1
0009,car,714,2.148033373426162,0,0,0,1
0009,car,715,2.801828933476533,0,0,0,1
0009,car,716,0.9915547305084319,0,0,0,1
0009,pedestrian,154,5.278487553453073,0,0,0,1
0009,pedestrian,155,3.4455108236574055,0,0,0,1
0009,pedestrian,156,4.058631589232862,0,0,0,1
0009,pedestrian,157,2.327291374692478,0,0,0,1
0009,pedestrian,158,4.68285450197469,0,0,0,1
0009,pedestrian,159,3.3211003826198553,0,0,0,1
0009,pedestrian,160,1.7650610739022072,0,0,0,1
0009,pedestrian,161,0.31000846782748837,0,0,0,1
0009,pedestrian,162,2.201776864610502,0,0,0,1
0009,pedestrian,163,1.133530835716604,0,0,0,1
0009,pedestrian,164,3.0757176956586014,0,0,0,1
0009,pedestrian,165,1.1952969323646678,0,0,0,1
0009,pedestrian,166,1.6801273721566905,0,0,0,1
0009,pedestrian,167,3.89551373188673,0,0,0,1
0009,pedestrian,168,2.8321604584486657,0,0,0,1
0009,pedestrian,169,4.082636845488702,0,0,0,1
0009,pedestrian,170,11.995825210923641,0,0,0,1
0010,car,0,0.0,0,0,0,3
0010,car,1,2.05067312741942,0,0,0,3
0010,car,2,2.0095024539331003,0,0,0,3
0010,car,3,1.8378534055340618,0,0,0,3
0010,car,4,2.0275610782924627,0,0,0,3
0010,car,5,1.0104707345798392,0,0,0,3
0010,car,6,0.9714604421807551,0,0,0,3
0010,car,7,0.5394351126690061,0,0,0,3
0010,car,8,0.38311437158108463,0,0,0,3
0010,car,9,1.8094640570616827,0,0,0,3
0010,car,10,2.682221449104378,0,0,0,3
0010,car,11,6.778293091817705,0,0,0,3
0010,car,12,11.722174933645881,0,1,-1,3
0010,car,13,6.181542954737195,0,1,-1,2
0010,car,14,0.13175510886467892,0,0,0,1
0010,car,15,0.8415441143895824,0,0,0,1
0010,car,16,0.3920739031761862,0,0,0,1
0010,car,17,0.7274660009481929,0,0,0,1
0010,car,18,0.40205714463029363,0,0,0,1
0010,car,19,2.9926474090426103,0,0,0,1
0010,car,20,0.7327339031817266,0,0,0,1
0010,car,21,0.8760927980282007,0,0,0,1
0010,car,22,1.1778723233567934,0,0,0,1
0010,car,23,1.2285760384391942,0,0,0,1
0010,car,24,2.457964253528314,0,0,0,1
0010,car,25,1.1820359015935404,0,0,0,1
0010,car,26,0.6960540228334264,0,0,0,1
0010,car,27,1.4856154906406622,0,0,0,1
0010,car,28,2.2396643151767597,0,0,0,1
0010,car,29,1.4918143282785437,0,0,0,1
0010,car,30,1.1531056306197949,0,0,0,1
0010,car,31,1.6590780955614488,0,0,0,1
0010,car,32,3.658561873539165,0,0,0,1
0010,car,33,2.0315879929732743,0,0,0,1
0010,car,34,1.4089347732498207,0,0,0,1
0010,car,35,1.9762579355627443,0,0,0,1
0010,car,36,0.8787309335416548,0,0,0,1
0010,car,37,0.9527358941263172,0,0,0,1
0010,car,38,0.42467348939134075,0,0,0,1
0010,car,39,0.9233838987269316,0,0,0,1
0010,car,40,0.5049675410200174,0,0,0,1
0010,car,41,1.2733911749667584,0,0,0,1
0010,car,42,1.343820941013153,0,0,0,1
0010,car,43,2.009923778704215,0,0,0,1
0010,car,44,0.4987191816189588,0,0,0,1
0010,car,45,1.6739990142165462,0,0,0,1
0010,car,46,1.8517802272515194,0,0,0,1
0010,car,47,2.6032765308780217,0,0,0,1
0010,car,48,2.2692013394010684,0,0,0,1
0010,car,49,0.9008193767370726,0,0,0,1
0010,car,50,2.4773428066645744,0,0,0,1
0010,car,51,1.1806297057542723,0,0,0,1
0010,car,52,1.8125572313058897,0,0,0,1
0010,car,53,1.7566474632857425,0,0,0,1
0010,car,54,1.9584569695290164,0,0,0,1
0010,car,55,2.578946682137904,0,0,0,1
0010,car,56,1.7282058354613887,0,0,0,1
0010,car,57,1.7275992091834815,0,0,0,1
0010,car,58,1.6560097762890855,0,0,0,1
0010,car,59,1.675342072951216,0,0,0,1
0010,car,60,2.05593186333744,0,0,0,1
0010,car,61,2.5699855370361235,0,0,0,1
0010,car,62,4.27733218253654,0,0,0,2
0010,car,63,2.342005811090511,0,0,0,2
0010,car,64,1.84930535185474,0,0,0,2
0010,car,65,2.0872713182646807,0,0,0,2
0010,car,66,2.2727779161020085,0,0,0,3
0010,car,67,2.1931963866558233,0,0,0,3
0010,car,68,1.7049563967890549,0,0,0,3
0010,car,69,3.7070526201278504,0,0,0,3
0010,car,70,5.6411532611201185,0,0,0,3
0010,car,71,1.229360935626104,0,0,0,3
0010,car,72,1.3374652285807036,0,0,0,3
0010,car,73,1.3078579986360108,0,0,0,3
0010,car,74,2.0643065653235313,0,0,0,3
0010,car,75,1.7028316349724701,0,0,0,3
0010,car,76,1.766744987173568,0,0,0,3
0010,car,77,0.8788690944971447,0,0,0,3
0010,car,78,0.8845478233392966,0,0,0,3
0010,car,79,1.2331735424702124,0,0,0,3
0010,car,80,1.6901718890388142,0,0,0,3
0010,car,81,1.219539948923418,0,0,0,3
0010,car,82,3.449296785233468,0,0,0,3
0010,car,83,5.310775240911412,0,0,0,3
0010,car,84,9.113112863660064,0,0,0,3
0010,car,85,8.686660911845449,0,0,0,3
0010,car,86,7.412932947911914,0,0,0,2
0010,car,87,9.783440569731987,0,0,0,2
0010,car,88,10.752202480731174,0,0,0,2
0010,car,89,11.798547534828991,0,0,0,2
0010,car,90,12.740177320407657,0,0,0,1
0010,car,91,13.986518029301504,0,0,0,1
0010,car,92,9.83834098100531,0,0,0,1
0010,car,93,12.514294388708471,0,0,0,1
0010,car,94,15.424658024195764,0,0,0,1
0010,car,95,14.138106020123356,0,0,0,1
0010,car,96,10.756439914799316,0,0,0,1
0010,car,97,16.903637634363538,0,0,0,1
0010,car,98,12.737799014900931,0,0,0,2
0010,car,99,14.484150454148878,0,0,0,2
0010,car,100,15.017671708626072,0,0,0,2
0010,car,101,15.062080669159995,0,0,0,2
0010,car,102,15.8695086300053,0,0,0,2
0010,car,103,19.341791640106834,0,0,0,3
0010,car,104,13.592456417822202,0,0,0,3
0010,car,105,9.326400497962828,0,0,0,3
0010,car,106,7.5108947664465315,0,0,0,3
0010,car,107,13.34252861055359,0,0,0,3
0010,car,108,7.981333310518586,0,0,0,3
0010,car,109,12.773166536557554,0,0,0,3
0010,car,110,14.19699835786815,0,0,0,3
0010,car,111,10.177094062535522,0,0,0,3
0010,car,112,6.934958830258282,0,0,0,4
0010,car,113,8.848114643274753,0,0,0,4
0010,car,114,9.888164569122512,0,0,0,4
0010,car,115,9.479132111509868,0,0,0,4
0010,car,116,2.7719595362286076,0,0,0,4
0010,car,117,1.9443540419266772,0,0,0,4
0010,car,118,3.8733085888743854,0,0,0,4
0010,car,119,4.178627888956158,0,0,0,4
0010,car,120,2.7245299658249293,0,0,0,4
0010,car,121,3.6534903664499123,0,0,0,4
0010,car,122,2.584819147703501,0,0,0,4
0010,car,123,3.512086814919909,0,0,0,5
0010,car,124,1.4196762721101392,0,0,0,5
0010,car,125,0.5319504468810375,0,1,-1,5
0010,car,126,0.2946854693790723,0,0,0,3
0010,car,127,0.8849740094144579,0,0,0,3
0010,car,128,2.1590106668069624,0,0,0,3
0010,car,129,1.3272975321142448,0,0,0,3
0010,car,130,2.3524585281185053,0,0,0,3
0010,car,131,1.2847517094551946,0,0,0,3
0010,car,132,4.092867262663298,0,0,0,4
0010,car,133,4.865630542964915,0,0,0,4
0010,car,134,5.639706824892638,0,0,0,5
0010,car,135,5.94438015328782,0,0,0,5
0010,car,136,4.215342448852735,0,0,0,5
0010,car,137,4.955189069648014,0,0,0,4
0010,car,138,4.917397231894743,0,0,0,4
0010,car,139,7.36324410671808,0,0,0,4
0010,car,140,6.000315841140823,0,0,0,4
0010,car,141,5.173923461766441,0,0,0,4
0010,car,142,6.63080558738977,0,0,0,4
0010,car,143,8.302143936932628,0,0,0,4
0010,car,144,5.258064513635565,0,0,0,4
0010,car,145,10.245834567589787,0,0,0,4
0010,car,146,5.323193641427684,0,0,0,4
0010,car,147,9.091859777732157,0,0,0,4
0010,car,148,10.544792326657252,0,0,0,4
0010,car,149,12.66935826086864,0,0,0,4
0010,car,150,5.8380157837636215,0,0,0,4
0010,car,151,10.658679605632573,0,0,0,4
0010,car,152,11.114958132519597,0,0,0,4
0010,car,153,6.399832285977078,0,0,0,4
0010,car,154,7.752538939328748,0,0,0,4
0010,car,155,7.209096048479347,0,0,0,4
0010,car,156,10.707089847813503,0,0,0,4
0010,car,157,10.31885882049747,0,1,-1,4
0010,car,158,6.059204240553973,0,0,0,4
0010,car,159,6.320886932657325,0,0,0,4
0010,car,160,9.758366737504469,0,0,0,4
0010,car,161,10.619410786744746,0,0,0,4
0010,car,162,1.7097211543638233,0,0,0,3
0010,car,163,2.045330585980149,0,0,0,3
0010,car,164,8.157190507210538,0,0,0,3
0010,car,165,5.321803578010341,0,0,0,3
0010,car,166,6.642624810439364,0,0,0,2
0010,car,167,12.96963614944418,0,0,0,2
0010,car,168,16.719176762321396,0,0,0,2
0010,car,169,22.202844794794455,0,0,0,2
0010,car,170,28.654273224143527,0,0,0,2
0010,car,171,31.03687958770403,0,0,0,2
0010,car,172,40.142601597034556,0,0,0,2
0010,car,173,0.4691409840427999,0,0,0,1
0010,car,174,0.3660432716995855,0,0,0,1
0010,car,175,0.9345900252055753,0,0,0,1
0010,car,176,0.6539491405138871,0,0,0,1
0010,car,177,1.4887483030219817,0,0,0,1
0010,car,178,0.4224058124337062,0,0,0,1
0010,car,179,2.405399311480232,0,0,0,1
0010,car,180,0.995909869275308,0,0,0,1
0010,car,181,0.5056185979655465,0,0,0,1
0010,car,182,1.6166408072880536,0,0,0,1
0010,car,183,3.027612956442837,0,0,0,1
0010,car,184,0.4466974542549367,0,0,0,1
0010,car,185,1.0052392308969242,0,0,0,1
0010,car,186,1.4441312532537336,0,0,0,1
0010,car,187,0.543402103583523,0,0,0,1
0010,car,188,0.19985994158634995,0,0,0,1
0010,car,189,0.9827206587481181,0,0,0,1
0010,car,190,1.0443850366105507,0,0,0,1
0010,car,191,0.4736512639648442,0,0,0,1
0010,car,192,0.9610173145740071,0,0,0,1
0010,car,193,1.7056534496404732,0,0,0,1
0010,car,194,2.225831341878151,0,0,0,1
0010,car,195,1.6106442976960187,0,0,0,1
0010,car,196,2.1295829566034596,0,0,0,1
0010,car,197,4.424296137214561,0,0,0,1
0010,car,198,3.390309052310747,0,0,0,1
0010,car,199,1.9807274255357736,0,0,0,1
0010,car,200,2.3139418518622143,0,0,0,1
0010,car,201,1.8478971574284662,0,0,0,1
0010,car,202,2.1642309499446597,0,0,0,1
0010,car,203,1.8836643189817857,0,0,0,1
0010,car,204,2.019433141367295,0,0,0,1
0010,car,205,2.0113607341732207,0,0,0,1
0010,car,206,2.334640541905614,0,0,0,1
0010,car,207,1.995545230562273,0,0,0,1
0010,car,208,6.641747054687459,0,0,0,1
0010,car,209,2.1592488165980344,0,0,0,1
0010,car,210,2.8594285952938234,0,0,0,1
0010,car,211,4.322281850471892,0,0,0,1
0010,car,212,3.2665183772600255,0,0,0,1
0010,car,213,4.33508443676655,0,0,0,1
0010,car,214,2.9148659886911443,0,0,0,1
0010,car,215,4.833606311756149,0,0,0,1
0010,car,216,7.358882133303654,0,0,0,1
0010,car,217,7.937534367339321,0,0,0,1
0010,car,218,5.623369455104899,0,0,0,1
0010,car,219,4.239264330770838,0,0,0,1
0010,car,220,10.390086064120812,0,0,0,1
0010,car,221,11.91671300827245,0,0,0,1
0010,car,222,4.213031033229771,0,0,0,1
0010,car,223,11.637544638539241,0,0,0,1
0010,car,224,4.833965495319797,0,0,0,1
0010,car,225,5.024896639964141,0,0,0,1
0010,car,226,7.798821159123852,0,0,0,1
0010,car,227,10.120688135495262,0,0,0,1
0010,car,228,22.04512610899516,0,0,0,1
0010,car,229,8.821655644781634,0,0,0,1
0010,car,230,14.893193594062517,0,0,0,1
0010,car,231,7.45730122149124,0,0,0,1
0010,car,232,14.310225410281571,0,0,0,1
0010,car,233,7.287587125658018,0,0,0,1
0010,car,234,14.232477224296916,0,0,0,1
0010,car,235,15.355031231630948,0,0,0,1
0010,car,236,9.751570545669438,0,0,0,1
0010,car,237,11.034185347378697,0,0,0,1
0010,car,238,3.7095008663676143,0,0,0,1
0010,car,239,5.754122067040724,0,0,0,1
0010,car,240,2.3949156348002116,0,0,0,1
0010,car,241,1.3562201158643452,0,0,0,1
0010,car,242,2.8814202385511614,0,0,0,1
0010,car,243,1.193734338312986,0,0,0,1
0010,car,244,1.963274465749478,0,0,0,1
0010,car,245,0.9045463890201583,0,0,0,1
0010,car,246,1.6013826208266977,0,0,0,1
0010,car,247,0.6696925380608408,0,0,0,1
0010,car,248,1.822882599846067,0,0,0,1
0010,car,249,1.7824590916392455,0,0,0,1
0010,car,250,1.8425352352420594,0,0,0,1
0010,car,251,1.4512458749269816,0,0,0,1
0010,car,252,1.2056747995057673,0,0,0,1
0010,car,253,1.1297859421031131,0,0,0,1
0010,car,254,1.0400216313923916,0,0,0,1
0010,car,255,0.4868162760009855,0,0,0,1
0010,car,256,0.4131761442847324,0,0,0,1
0010,car,257,1.1061622970016607,0,0,0,1
0010,car,258,1.4194462646389614,0,0,0,1
0010,car,259,0.7011192473494174,0,0,0,1
0010,car,260,0.8685627159501926,0,0,0,1
0010,car,261,0.6027873526065309,0,0,0,1
0010,car,262,0.19155803026995424,0,0,0,1
0010,car,263,1.3560020253628078,0,0,0,1
0010,car,264,0.8058042892441537,0,0,0,2
0010,car,265,1.1974310396043693,0,0,0,2
0010,car,266,1.7131073048236565,0,0,0,3
0010,car,267,1.4271870777925655,0,0,0,3
0010,car,268,1.4296384730812346,0,0,0,3
0010,car,269,1.1018244179320686,0,0,0,3
0010,car,270,1.3841753391035332,0,0,0,3
0010,car,271,1.9004805576052564,0,0,0,3
0010,car,272,2.0773698650823214,0,0,0,3
0010,car,273,1.3730240441974908,0,0,0,3
0010,car,274,1.8341338687644564,0,0,0,3
0010,car,275,1.8374790084592791,0,0,0,3
0010,car,276,2.3314372009111612,0,0,0,3
0010,car,277,1.8757315714747707,0,0,0,3
0010,car,278,2.4328940951660845,0,0,0,3
0010,car,279,0.8030078066377666,0,0,0,3
0010,car,280,1.5398611827060364,0,0,0,3
0010,car,281,3.0858136534943705,0,0,0,3
0010,car,282,1.5106565149843427,0,0,0,3
0010,car,283,3.867197758801537,0,0,0,3
0010,car,284,9.496979180797334,0,0,0,3
0010,car,285,13.05081484493788,1,0,1,3
0010,car,286,25.810784666388397,0,0,0,3
0010,car,287,50.26533082695522,2,1,1,3
0010,car,288,1.6654730929654944,0,0,0,1
0010,car,289,2.220719741353037,0,0,0,1
0010,car,290,2.4099611212376146,0,0,0,1
0010,car,291,2.7586187518559067,0,0,0,1
0010,car,292,2.1840206830833235,0,0,0,1
0010,car,293,1.7189139992945115,0,0,0,1
0010,pedestrian,159,1.7205371468488488,0,0,0,1
0010,pedestrian,160,2.8192462140709043,0,0,0,1
0010,pedestrian,161,2.7204512940779244,0,0,0,1
0010,pedestrian,162,1.012093672263798,0,0,0,1
0010,pedestrian,163,0.8555976794092677,0,0,0,1
0010,pedestrian,164,6.962907275091771,0,0,0,1
0010,pedestrian,165,4.201899542837157,0,0,0,1
0010,pedestrian,166,10.506538361331858,0,0,0,1
0010,pedestrian,168,31.77306070947078,1,0,1,1
0010,pedestrian,169,39.57312265517337,1,0,1,1
0010,pedestrian,201,2.1263183004562265,0,0,0,1
0010,pedestrian,202,3.5943930824035246,0,0,0,1
0010,pedestrian,203,1.5469635769238954,0,0,0,1
0010,pedestrian,204,1.6891073508635925,0,0,0,1
0010,pedestrian,205,2.465426116216182,0,0,0,1
0010,pedestrian,206,1.9153056469046883,0,0,0,1
0010,pedestrian,207,2.0853951383860045,0,0,0,1
0010,pedestrian,208,3.950766884237101,0,0,0,1
0010,pedestrian,209,2.431678861623331,0,0,0,1
0010,pedestrian,210,3.412484330458373,0,0,0,1
0010,pedestrian,211,1.4973382899615955,0,0,0,1
0010,pedestrian,212,1.868679359028163,1,1,0,1
0010,pedestrian,213,1.4101288832812877,1,1,0,1
0010,pedestrian,214,4.438900190311061,1,1,0,1
0010,pedestrian,215,0.11641711339230787,1,1,0,1
0010,pedestrian,216,0.5531259614630122,0,1,-1,1
0010,pedestrian,217,4.2585494709050815,0,1,-1,1
0011,car,0,0.0,0,0,0,8
0011,car,1,1.6366277443152917,0,0,0,8
0011,car,2,2.0592517084622872,0,0,0,7
0011,car,3,1.5322256867285087,0,0,0,7
0011,car,4,2.012976447268828,0,0,0,7
0011,car,5,1.4474812729167912,0,0,0,7
0011,car,6,1.51448092401895,0,0,0,7
0011,car,7,1.8716154143180468,0,0,0,7
0011,car,8,0.921900203799113,0,0,0,6
0011,car,9,0.9743218404277404,0,0,0,6
0011,car,10,0.9000543601990095,0,0,0,6
0011,car,11,1.5507718668993196,0,0,0,5
0011,car,12,1.6809237211502102,0,0,0,5
0011,car,13,1.122729972387133,0,0,0,5
0011,car,14,1.1531046778658203,0,0,0,5
0011,car,15,2.0140529745139593,0,0,0,5
0011,car,16,1.6295498338843906,0,0,0,5
0011,car,17,2.8522783315544076,0,0,0,5
0011,car,18,2.0497601552493614,0,0,0,5
0011,car,19,2.472080455543401,0,0,0,5
0011,car,20,2.443743168814368,1,1,0,5
0011,car,21,2.6149760650419993,0,0,0,5
0011,car,22,2.285885703876533,0,0,0,4
0011,car,23,2.109395957670347,0,0,0,4
0011,car,24,5.9033591494207505,0,0,0,4
0011,car,25,4.462703052459492,0,0,0,4
0011,car,26,3.281535076600846,0,0,0,4
0011,car,27,4.219659098261166,0,0,0,3
0011,car,28,4.298912751437724,0,0,0,3
0011,car,29,0.7757345304373973,0,0,0,3
0011,car,30,4.200485800998457,0,0,0,3
0011,car,31,1.3973463810538527,0,0,0,3
0011,car,32,1.139791297204363,0,0,0,3
0011,car,33,0.5508570442358582,0,0,0,3
0011,car,34,1.0880792519167497,0,0,0,3
0011,car,35,0.8077967821896869,0,0,0,2
0011,car,36,0.3568958181572468,0,0,0,2
0011,car,37,0.9651719643290421,0,0,0,2
0011,car,38,0.7481195144944558,0,0,0,2
0011,car,39,1.3971788237815752,0,0,0,2
0011,car,40,0.6939971689838198,0,0,0,2
0011,car,41,0.3538751818956532,0,0,0,2
0011,car,42,0.4349989713857829,0,0,0,2
0011,car,43,2.2318728832288555,0,0,0,4
0011,car,44,0.893539876821773,0,0,0,3
0011,car,45,0.5773994616766293,0,0,0,4
0011,car,46,0.9580771237199233,0,0,0,4
0011,car,47,0.6855237412413666,0,0,0,4
0011,car,48,0.7453422069692769,0,0,0,4
0011,car,49,1.7070550307802417,0,0,0,4
0011,car,50,1.448986477958333,0,0,0,4
0011,car,51,1.3148365599251326,0,0,0,4
0011,car,52,1.239574129400782,0,0,0,4
0011,car,53,1.9272321928882878,0,0,0,4
0011,car,54,1.7622270381143654,0,0,0,4
0011,car,55,0.8793097834173109,0,0,0,4
0011,car,56,1.2920983991966932,0,0,0,4
0011,car,57,1.0982485866775826,0,0,0,4
0011,car,58,0.6958983071582343,0,0,0,4
0011,car,59,1.3877751412262753,0,0,0,4
0011,car,60,0.9861801151689675,0,0,0,4
0011,car,61,1.8638884940506522,0,0,0,4
0011,car,62,1.7129758100262351,0,0,0,4
0011,car,63,1.7241721003208843,0,0,0,4
0011,car,64,1.318237051474481,0,0,0,4
0011,car,65,2.0699624547135187,0,0,0,5
0011,car,66,1.138434235816405,0,0,0,5
0011,car,67,1.724082789859501,0,0,0,5
0011,car,68,1.032725044813645,0,0,0,5
0011,car,69,2.2168717756147567,0,0,0,5
0011,car,70,1.1818980669031471,0,0,0,5
0011,car,71,0.9211458846761476,0,0,0,5
0011,car,72,1.903401304111853,0,0,0,5
0011,car,73,0.9231846325906632,0,0,0,5
0011,car,74,1.6994331264640403,0,0,0,5
0011,car,75,2.466006369342665,0,0,0,6
0011,car,76,2.3569411101277917,0,0,0,6
0011,car,77,1.6765030180151528,0,0,0,6
0011,car,78,1.760305032649638,0,0,0,6
0011,car,79,1.5420047271432828,0,0,0,6
0011,car,80,1.777634474991784,0,0,0,6
0011,car,81,1.7515135692725181,0,0,0,6
0011,car,82,2.0489641304926005,0,0,0,6
0011,car,83,1.7153273974434495,0,0,0,6
0011,car,84,1.3142959988486076,0,0,0,6
0011,car,85,2.23971759018211,0,0,0,6
0011,car,86,1.8616321075374231,0,0,0,6
0011,car,87,1.3517060245600632,0,0,0,6
0011,car,88,1.6308185138855502,0,0,0,6
0011,car,89,1.7637825040025152,0,0,0,6
0011,car,90,2.0785713296390274,0,0,0,7
0011,car,91,2.3429642777299806,0,0,0,7
0011,car,92,2.2272468982047204,0,0,0,7
0011,car,93,1.8509038170034247,0,0,0,7
0011,car,94,3.0611324471763575,0,0,0,7
0011,car,95,2.292836353862316,0,0,0,6
0011,car,96,1.844476533487064,0,0,0,6
0011,car,97,2.465388669676444,0,0,0,6
0011,car,98,1.992027895101682,0,0,0,7
0011,car,99,1.7544574451760524,0,0,0,7
0011,car,100,1.3030103995041504,0,0,0,7
0011,car,101,0.901365534094816,0,0,0,7
0011,car,102,1.1893575513163162,0,0,0,7
0011,car,103,1.234751763124388,0,0,0,7
0011,car,104,2.1345274845516857,0,0,0,7
0011,car,105,1.2666862520630287,0,0,0,7
0011,car,106,2.2732530449169372,0,0,0,7
0011,car,107,2.248821523367261,0,0,0,7
0011,car,108,2.351232343495444,0,0,0,7
0011,car,109,2.343608647616533,0,0,0,9
0011,car,110,2.1748676521293695,0,0,0,10
0011,car,111,1.3430101894097435,0,0,0,11
0011,car,112,3.4467882135092354,0,0,0,12
0011,car,113,1.758448162138355,0,0,0,12
0011,car,114,1.6575276508616457,0,0,0,12
0011,car,115,1.824063045135715,1,1,0,11
0011,car,116,1.4018178994333097,0,1,-1,11
0011,car,117,1.6597334342904628,2,1,1,11
0011,car,118,4.088727624100575,0,0,0,11
0011,car,119,2.021132754938658,0,0,0,12
0011,car,120,2.404284651559109,0,0,0,14
0011,car,121,2.055347269445817,0,0,0,13
0011,car,122,1.6556333090294966,1,1,0,13
0011,car,123,1.9648748212074751,0,0,0,12
0011,car,124,1.1756175304859176,1,1,0,12
0011,car,125,1.6508653490103795,0,0,0,13
0011,car,126,1.5002983654312887,0,0,0,13
0011,car,127,2.3622118391672595,0,0,0,13
0011,car,128,1.6667086419444685,0,0,0,13
0011,car,129,1.5339100134461483,0,0,0,12
0011,car,130,1.8732992181438273,0,0,0,12
0011,car,131,1.7056418655973042,1,1,0,12
0011,car,132,1.8570779869729923,0,0,0,12
0011,car,133,2.2316700342368034,0,0,0,12
0011,car,134,1.62841957764987,1,1,0,12
0011,car,135,2.9854810398225293,0,0,0,12
0011,car,136,2.886073112288009,0,0,0,11
0011,car,137,2.6905600589334693,0,0,0,12
0011,car,138,2.109689825050369,1,1,0,12
0011,car,139,2.0839775075685343,1,1,0,12
0011,car,140,1.8253997319263298,0,1,-1,11
0011,car,141,2.1107202258370656,1,0,1,11
0011,car,142,1.5973555042970327,0,0,0,12
0011,car,143,2.6181541154972012,0,0,0,10
0011,car,144,1.3377155217744363,0,0,0,10
0011,car,145,2.0258246544230487,0,0,0,12
0011,car,146,2.173355858162222,1,1,0,12
0011,car,147,2.1885941673888767,0,0,0,12
0011,car,148,2.5056550204117123,0,0,0,12
0011,car,149,2.102727118202634,0,0,0,12
0011,car,150,1.811487293804781,0,0,0,14
0011,car,151,2.7036382864400617,0,0,0,14
0011,car,152,1.6756372677221734,0,0,0,14
0011,car,153,2.673315842177793,0,0,0,14
0011,car,154,1.1978415289790147,0,0,0,14
0011,car,155,1.4624157732839753,0,0,0,14
0011,car,156,1.4475310887016362,0,0,0,13
0011,car,157,1.1460828787899644,0,0,0,13
0011,car,158,2.2102961027194743,2,2,0,12
0011,car,159,1.2475606478041592,0,0,0,12
0011,car,160,1.0819161961328947,0,0,0,11
0011,car,161,1.1765559835282913,0,0,0,11
0011,car,162,1.4040241894897678,0,0,0,11
0011,car,163,1.8368993819047614,0,0,0,11
0011,car,164,1.8171458084659216,0,0,0,11
0011,car,165,2.227970596757126,0,0,0,12
0011,car,166,1.995824281154018,0,0,0,11
0011,car,167,2.7264785541404915,0,0,0,11
0011,car,168,2.0934880989062945,0,0,0,11
0011,car,169,1.8966555420899314,0,0,0,11
0011,car,170,2.1488393174037417,0,0,0,13
0011,car,171,2.360691293534048,1,1,0,13
0011,car,172,2.846802418068448,0,0,0,13
0011,car,173,1.7825088368339754,0,0,0,13
0011,car,174,2.8667563471895363,0,0,0,13
0011,car,175,3.27601014224709,0,0,0,14
0011,car,176,1.570055998165332,1,1,0,14
0011,car,177,2.2322084225980676,1,1,0,14
0011,car,178,2.0235168593703037,0,0,0,13
0011,car,179,1.8405949178567382,0,1,-1,13
0011,car,180,1.0926527563725827,0,0,0,14
0011,car,181,1.1078060617119676,1,1,0,14
0011,car,182,1.7396705667976076,1,1,0,14
0011,car,183,2.370647072333428,0,0,0,14
0011,car,184,2.167425451395003,0,0,0,14
0011,car,185,2.6473866614742576,0,0,0,14
0011,car,186,1.2012200696203879,0,0,0,14
0011,car,187,1.560303016534519,0,0,0,13
0011,car,188,1.1639383144541235,0,0,0,13
0011,car,189,1.6261569759191672,0,0,0,13
0011,car,190,1.517704260097587,0,0,0,14
0011,car,191,1.3458328238911652,0,0,0,14
0011,car,192,1.274749401609737,0,0,0,14
0011,car,193,1.0181075879523767,0,0,0,13
0011,car,194,1.2003811609198014,0,0,0,13
0011,car,195,1.0258233601224767,0,0,0,13
0011,car,196,1.1445988451605866,0,0,0,13
0011,car,197,0.7989106301690811,0,0,0,13
0011,car,198,0.9628845544630158,0,0,0,13
0011,car,199,1.2808643618673867,0,0,0,13
0011,car,200,1.1787798181374982,0,0,0,13
0011,car,201,1.0568476736250347,0,0,0,13
0011,car,202,1.031247345171319,0,0,0,12
0011,car,203,0.8609972651616904,0,0,0,12
0011,car,204,0.8095854497360111,0,0,0,12
0011,car,205,0.7850421184279608,0,0,0,12
0011,car,206,0.5015848812049108,0,0,0,12
0011,car,207,1.142204336479104,0,0,0,12
0011,car,208,0.49689294454318533,0,0,0,12
0011,car,209,0.640433017955848,0,0,0,12
0011,car,210,0.7757305072352381,0,0,0,14
0011,car,211,0.7339898114259875,0,0,0,14
0011,car,212,0.6256061663385295,0,0,0,14
0011,car,213,0.836924862545991,0,0,0,14
0011,car,214,0.6104999562213524,0,0,0,14
0011,car,215,0.6653558732707597,0,0,0,14
0011,car,216,0.5874780900388601,0,0,0,14
0011,car,217,0.4537272800125475,0,0,0,14
0011,car,218,0.6600385224276935,0,0,0,14
0011,car,219,0.39869191898938344,0,0,0,13
0011,car,220,0.5863067703140484,0,0,0,13
0011,car,221,0.415075579168193,0,0,0,13
0011,car,222,0.5623516218405326,0,0,0,13
0011,car,223,0.42198322600056654,0,0,0,13
0011,car,224,0.6181970134733746,0,0,0,13
0011,car,225,0.5302463770201247,0,0,0,13
0011,car,226,0.42641865101099363,0,0,0,13
0011,car,227,0.4439528649606514,0,0,0,13
0011,car,228,0.2688645530401308,0,0,0,14
0011,car,229,0.5881049416840609,0,0,0,14
0011,car,230,0.547480547554833,0,0,0,14
0011,car,231,0.5097302819200206,0,0,0,14
0011,car,232,0.34597955738667846,0,0,0,14
0011,car,233,0.33338601675562135,0,0,0,14
0011,car,234,0.3051821428302355,1,1,0,14
0011,car,235,0.2997061861820603,0,0,0,14
0011,car,236,0.3194141010500471,0,0,0,14
0011,car,237,0.16471442386809215,0,0,0,14
0011,car,238,0.11696126491795475,0,0,0,14
0011,car,239,0.1850331270512734,0,0,0,14
0011,car,240,0.1537764844145157,0,0,0,14
0011,car,241,0.12484391209375234,1,1,0,14
0011,car,242,0.18415109891988368,0,0,0,14
0011,car,243,0.11051870741019162,0,0,0,14
0011,car,244,0.1574829916350361,0,0,0,14
0011,car,245,0.12080622884162587,0,0,0,14
0011,car,246,0.049004470864347734,0,0,0,14
0011,car,247,0.04060002795261764,1,0,1,15
0011,car,248,0.1661402396966889,0,1,-1,15
0011,car,249,0.08928663444082899,0,0,0,15
0011,car,250,0.09892678711945183,1,1,0,15
0011,car,251,0.14013305771839474,2,2,0,15
0011,car,252,0.15371752700559752,0,0,0,15
0011,car,253,0.2187362671925395,0,0,0,15
0011,car,254,0.21600261563656076,0,0,0,15
0011,car,255,0.33333221999760526,0,0,0,15
0011,car,256,0.24077158780991403,0,0,0,15
0011,car,257,0.19995340599127742,2,2,0,14
0011,car,258,0.20023750163223722,0,0,0,14
0011,car,259,0.3037267582878224,0,0,0,14
0011,car,260,0.4214524012672256,1,1,0,14
0011,car,261,0.3341216734387637,0,0,0,15
0011,car,262,0.3418127759899782,0,0,0,15
0011,car,263,0.3700734496773161,0,0,0,15
0011,car,264,0.48502112803389547,0,0,0,15
0011,car,265,0.3222572176439435,1,1,0,15
0011,car,266,0.5728539975748782,2,2,0,15
0011,car,267,1.29372021750683,0,0,0,15
0011,car,268,1.1705362920132805,0,0,0,14
0011,car,269,1.3382117291578872,0,0,0,14
0011,car,270,1.6417927431061226,0,0,0,14
0011,car,271,1.4997350148401467,0,0,0,14
0011,car,272,1.5424127100302032,0,0,0,14
0011,car,273,1.1803948500502,0,0,0,14
0011,car,274,1.5141697941211296,0,0,0,14
0011,car,275,1.3423588355666713,2,2,0,14
0011,car,276,1.6386796256229101,0,0,0,14
0011,car,277,1.9867295111473258,0,0,0,14
0011,car,278,0.7970951844423169,0,0,0,13
0011,car,279,1.0056627022683282,0,0,0,13
0011,car,280,1.3893604219738727,2,2,0,15
0011,car,281,1.3307091122305195,0,0,0,15
0011,car,282,1.776186645588426,1,1,0,15
0011,car,283,1.21280557896525,1,1,0,15
0011,car,284,1.4529154532678943,0,0,0,15
0011,car,285,1.6486425649233478,0,0,0,15
0011,car,286,1.6697981354252056,0,0,0,15
0011,car,287,1.3697344796500825,0,0,0,14
0011,car,288,1.469172344618956,0,0,0,14
0011,car,289,1.0716979772137547,2,2,0,14
0011,car,290,1.3086600484943394,0,0,0,16
0011,car,291,1.2757840207237323,0,0,0,15
0011,car,292,1.137869292694136,1,1,0,15
0011,car,293,1.2498173446031555,0,0,0,14
0011,car,294,1.678124680733014,0,0,0,14
0011,car,295,1.1564841100859602,0,0,0,15
0011,car,296,2.5631716676346827,2,2,0,15
0011,car,297,2.405777893649975,1,1,0,14
0011,car,298,1.8987242069603143,0,0,0,12
0011,car,299,1.6611845268713892,0,0,0,12
0011,car,300,2.3534766580039577,0,0,0,12
0011,car,301,1.0484479081666782,0,0,0,12
0011,car,302,1.4021456758743633,1,1,0,12
0011,car,303,1.1166468928914004,1,1,0,12
0011,car,304,1.2612398092491839,0,0,0,11
0011,car,305,2.3504471767960413,0,1,-1,11
0011,car,306,2.12415423277531,1,2,-1,11
0011,car,307,1.1820595004223626,0,0,0,11
0011,car,308,2.0008876981885875,0,0,0,11
0011,car,309,2.5542964541142283,1,1,0,11
0011,car,310,2.4881553781406565,1,1,0,11
0011,car,311,1.4584347007439753,0,0,0,10
0011,car,312,1.7945908174704472,0,0,0,9
0011,car,313,2.7022707882713823,0,0,0,9
0011,car,314,2.1600316280801914,1,1,0,8
0011,car,315,1.5182096105116158,0,0,0,8
0011,car,316,1.6037199088447123,0,0,0,7
0011,car,317,1.435399347537689,0,0,0,7
0011,car,318,1.8060150127330965,0,0,0,7
0011,car,319,1.4999813147038659,0,0,0,7
0011,car,320,1.1192601767722903,0,0,0,6
0011,car,321,2.5224796142578305,0,0,0,6
0011,car,322,1.068661446635329,1,0,1,5
0011,car,323,1.467240923058831,0,0,0,5
0011,car,324,1.7892098742298985,0,0,0,5
0011,car,325,2.4594317365710348,1,1,0,5
0011,car,326,3.4157614609182487,0,0,0,5
0011,car,327,3.195332880640447,0,0,0,5
0011,car,328,2.384098391905604,1,1,0,5
0011,car,329,3.614616894340759,0,0,0,5
0011,car,330,3.9267751373372812,0,0,0,4
0011,car,331,4.234450664622375,0,0,0,4
0011,car,332,2.904140239635188,0,0,0,3
0011,car,333,2.4654866112060234,0,0,0,3
0011,car,334,2.450809224951498,0,0,0,3
0011,car,335,2.1724685093845504,0,0,0,3
0011,car,336,1.4886874243381667,0,0,0,3
0011,car,337,3.726198338506213,0,0,0,3
0011,car,338,1.147761764614197,0,0,0,3
0011,car,339,1.1749535645215294,0,0,0,2
0011,car,340,1.0837567483814055,0,0,0,2
0011,car,341,2.060132579556809,0,0,0,2
0011,car,342,1.4190132302806113,0,0,0,2
0011,car,343,3.7887545267390146,0,0,0,2
0011,car,344,4.119308717190755,0,0,0,2
0011,car,345,3.006440445365968,0,0,0,2
0011,car,346,4.413925602643785,0,0,0,2
0011,car,347,5.586430824805766,0,0,0,2
0011,car,348,5.481288937895889,0,0,0,2
0011,car,349,10.717216769524416,0,0,0,2
0011,car,350,3.2518593584792184,0,0,0,2
0011,car,351,4.522547751866836,0,0,0,2
0011,car,352,8.677438263728229,0,0,0,2
0011,car,353,4.022667585224994,0,0,0,2
0011,car,354,5.629222997187168,0,0,0,2
0011,car,355,7.326908659276334,0,0,0,2
0011,car,356,1.1803761873398433,0,0,0,1
0011,car,357,2.026090115653837,0,0,0,1
0011,car,358,1.7817907979872543,0,0,0,1
0011,car,359,2.2595933419493166,0,0,0,1
0011,car,360,1.0934118068718035,0,0,0,1
0011,car,361,2.7849132312752074,0,0,0,1
0011,car,362,0.8792320926479854,0,0,0,1
0011,car,363,2.6661430496405205,0,0,0,1
0011,car,364,1.8829726195077023,0,0,0,1
0011,car,365,1.9374481356127553,0,0,0,1
0011,car,366,2.5755793583302338,0,0,0,1
0011,car,367,3.01404629770373,0,0,0,1
0011,car,368,1.7781606840773927,0,0,0,1
0011,car,369,1.4330683964301918,0,0,0,1
0011,car,370,1.2061819665945588,0,0,0,1
0011,car,371,1.8045639611335358,0,0,0,1
0011,car,372,2.005457918153185,0,0,0,1
0011,pedestrian,0,0.0,0,0,0,4
0011,pedestrian,1,4.965017462120407,0,0,0,4
0011,pedestrian,2,6.080967371737744,0,0,0,4
0011,pedestrian,3,4.961527588275178,0,0,0,4
0011,pedestrian,4,2.3206745964839373,0,0,0,4
0011,pedestrian,5,5.027112819198379,0,0,0,4
0011,pedestrian,6,5.311858209235527,0,0,0,3
0011,pedestrian,7,4.24496090255121,0,0,0,3
0011,pedestrian,8,4.842345218163272,0,0,0,3
0011,pedestrian,9,5.801350015233167,0,0,0,3
0011,pedestrian,10,5.86081085412021,0,0,0,3
0011,pedestrian,11,4.409397529713597,0,0,0,3
0011,pedestrian,12,4.568770212948315,0,0,0,3
0011,pedestrian,13,5.007954672650042,0,0,0,3
0011,pedestrian,14,3.4866374738936936,0,0,0,3
0011,pedestrian,15,6.78317968785547,0,0,0,3
0011,pedestrian,16,3.9049992869663956,0,0,0,3
0011,pedestrian,17,6.403030963282757,0,0,0,3
0011,pedestrian,18,5.552324475544185,0,0,0,3
0011,pedestrian,19,5.405749254334578,0,0,0,3
0011,pedestrian,20,4.802689405796276,0,0,0,4
0011,pedestrian,21,4.968677377040507,0,0,0,4
0011,pedestrian,22,5.973247123967177,0,0,0,4
0011,pedestrian,23,6.626290924902484,0,0,0,4
0011,pedestrian,24,5.0469119270337295,0,0,0,4
0011,pedestrian,25,3.475386378812601,0,0,0,4
0011,pedestrian,26,3.194058400366872,0,0,0,4
0011,pedestrian,27,5.370957200253925,0,0,0,4
0011,pedestrian,28,5.636577143924892,0,0,0,4
0011,pedestrian,29,2.4653279039784732,0,0,0,4
0011,pedestrian,30,6.0772962571914615,0,0,0,4
0011,pedestrian,31,3.9777366482062453,0,0,0,4
0011,pedestrian,32,2.041368906595401,0,0,0,4
0011,pedestrian,33,0.7171669319961103,0,0,0,4
0011,pedestrian,34,0.9333397335920548,0,0,0,4
0011,pedestrian,35,0.9949476294760966,0,0,0,4
0011,pedestrian,36,1.57427722329566,0,0,0,4
0011,pedestrian,37,1.4584025591386955,0,0,0,4
0011,pedestrian,38,1.6967108357292169,0,0,0,4
0011,pedestrian,39,2.4041027244997815,0,0,0,4
0011,pedestrian,40,1.6303360316109798,0,0,0,4
0011,pedestrian,41,2.1303507608718033,0,0,0,4
0011,pedestrian,42,2.5194714445005726,0,0,0,4
0011,pedestrian,43,4.552659059914047,0,0,0,4
0011,pedestrian,44,3.237139327095446,0,0,0,4
0011,pedestrian,45,1.0793211615350962,0,0,0,4
0011,pedestrian,46,1.8848082108795197,0,0,0,3
0011,pedestrian,47,0.38334138196390066,0,0,0,3
0011,pedestrian,48,1.2389847101571134,0,1,-1,3
0011,pedestrian,49,1.4380250369170218,0,0,0,3
0011,pedestrian,50,0.28379586790539096,0,0,0,3
0011,pedestrian,51,2.411694480319785,0,1,-1,3
0011,pedestrian,52,3.466551680820898,0,0,0,3
0011,pedestrian,53,2.2458714922746728,0,0,0,3
0011,pedestrian,54,3.3384054128964453,0,0,0,3
0011,pedestrian,55,5.572025528606347,0,0,0,2
0012,car,0,0.0,0,0,0,2
0012,car,1,0.107504979299862,0,0,0,2
0012,car,2,0.05363434048110112,0,0,0,2
0012,car,3,0.007920741695371516,0,0,0,2
0012,car,4,0.14566766850341722,0,0,0,2
0012,car,5,0.064864204789339,0,0,0,2
0012,car,6,0.03211257068846855,0,0,0,2
0012,car,7,0.027291264680138663,0,0,0,2
0012,car,8,0.07447355979737708,0,0,0,2
0012,car,9,0.058967837193107206,0,0,0,2
0012,car,10,0.045625765135239894,0,0,0,2
0012,car,11,0.01443654963427438,0,0,0,2
0012,car,12,0.10694989339749619,0,0,0,2
0012,car,13,0.0696547370857883,0,0,0,2
0012,car,14,0.044685065258109224,0,0,0,2
0012,car,15,0.0428985711535212,0,0,0,2
0012,car,16,0.09164386495364235,0,0,0,2
0012,car,17,0.09452155360819557,0,0,0,2
0012,car,18,0.06739162915929836,0,0,0,2
0012,car,19,0.01966018368234574,0,0,0,2
0012,car,20,0.046081806570962794,0,0,0,2
0012,car,21,0.1235387978134293,0,0,0,2
0012,car,22,0.08819659475269741,0,0,0,2
0012,car,23,0.11346212615234211,0,0,0,2
0012,car,24,0.09343670606985807,0,0,0,2
0012,car,25,0.09203928326222685,0,0,0,2
0012,car,26,0.08984933801314185,0,0,0,2
0012,car,27,0.009788469271634653,0,0,0,2
0012,car,28,0.09144396763247994,0,0,0,2
0012,car,29,0.08501771806670741,0,0,0,2
0012,car,30,0.045911065698307885,0,0,0,2
0012,car,31,0.10021571644223635,0,0,0,2
0012,car,32,0.1382524680565717,0,0,0,2
0012,car,33,0.1065970640363425,0,0,0,2
0012,car,34,0.1352619520829395,0,0,0,2
0012,car,35,0.05590911944666105,0,0,0,2
0012,car,36,0.16000882396695038,0,0,0,2
0012,car,37,0.03215931999621921,0,0,0,2
0012,car,38,0.22489543811204404,0,0,0,2
0012,car,39,0.09614007360106747,0,0,0,2
0012,car,40,0.09035392488335628,0,0,0,2
0012,car,41,0.05211916802399428,0,0,0,2
0012,car,42,0.049056371428310055,0,0,0,2
0012,car,43,0.048227200602399344,0,0,0,2
0012,car,44,0.057625800295114146,0,0,0,2
0012,car,45,0.033364727433644714,0,0,0,2
0012,car,46,0.030216453414008908,0,0,0,2
0012,car,47,0.039832014388341885,0,0,0,2
0012,car,48,0.07177777155217291,0,0,0,2
0012,car,49,0.03197946463283303,0,0,0,2
0012,car,50,0.07693254557853466,0,0,0,2
0012,car,51,0.08758897146134315,0,0,0,2
0012,car,52,0.07507557605569241,0,0,0,2
0012,car,53,0.09218975438336627,0,0,0,2
0012,car,54,0.07761230941194627,0,0,0,2
0012,car,55,0.03190236743675061,0,0,0,2
0012,car,56,0.05326709754083289,0,0,0,2
0012,car,57,0.06625372298973031,0,0,0,2
0012,car,58,0.06591366837966951,0,0,0,2
0012,car,59,0.059641464592245855,0,0,0,2
0012,car,60,0.044070554743887685,0,0,0,2
0012,car,61,0.07091271209055461,0,0,0,2
0012,car,62,0.06833263152128793,0,0,0,2
0012,car,63,0.019496981021961693,0,0,0,2
0012,car,64,0.12091875278389,0,0,0,2
0012,car,65,0.04085070820945676,0,0,0,2
0012,car,66,0.04411107971453918,0,0,0,1
0012,car,67,0.059728940643052765,0,0,0,1
0012,car,68,0.016641181992223492,0,0,0,1
0012,car,69,0.04886927104924852,0,0,0,1
0012,car,70,0.01786679244450216,0,0,0,1
0012,car,71,0.0462218088611953,0,0,0,1
0012,car,72,0.057937959858521675,0,0,0,1
0012,car,73,0.09366882509668856,0,0,0,1
0012,car,74,0.09829616487313739,0,0,0,1
0012,car,75,0.09707810465945983,0,0,0,1
0012,car,76,0.07365782964985991,0,0,0,1
0012,car,77,0.033346281516789866,0,0,0,1
0012,pedestrian,13,0.07067563007596886,0,0,0,1
0012,pedestrian,14,0.04702508844859625,0,0,0,1
0012,pedestrian,15,0.04341984269488489,0,0,0,1
0012,pedestrian,16,0.09263462466870159,0,0,0,1
0012,pedestrian,17,0.09645356520156068,0,0,0,1
0012,pedestrian,18,0.06868182728408898,0,0,0,1
0012,pedestrian,19,0.020255478383562092,0,0,0,1
0012,pedestrian,20,0.04067115594141824,0,0,0,1
0012,pedestrian,21,0.12224620578401252,0,0,0,1
0012,pedestrian,22,0.08948415078417625,0,0,0,1
0012,pedestrian,23,0.11471173021954476,0,0,0,1
0012,pedestrian,24,0.09664942122577252,0,0,0,1
0012,pedestrian,25,0.09953390088124658,0,0,0,1
0012,pedestrian,26,0.09121453284581305,0,0,0,1
0012,pedestrian,27,0.011077097052402623,0,0,0,1
0012,pedestrian,28,0.09609436206500441,0,0,0,1
0012,pedestrian,29,0.09821422618768966,0,0,0,1
0012,pedestrian,30,0.05988610449828103,0,0,0,1
0012,pedestrian,31,0.11992044649016334,0,0,0,1
0012,pedestrian,32,0.15988216745862008,0,0,0,1
0012,pedestrian,33,0.129258246627146,0,0,0,1
0012,pedestrian,34,0.1929293388982821,0,0,0,1
0012,pedestrian,35,0.06365427337231547,0,0,0,1
0012,pedestrian,36,0.17096490400235204,0,0,0,1
0012,pedestrian,37,0.039022521449358964,0,0,0,1
0013,car,0,0.0,0,0,0,1
0013,car,1,14.117154101499501,0,0,0,1
0013,car,2,16.812856456267173,0,0,0,1
0013,car,3,15.80456680425621,0,0,0,1
0013,car,4,19.75797364855548,0,0,0,1
0013,car,5,24.569378653244524,0,0,0,1
0013,car,83,1.6035144658830331,0,0,0,1
0013,car,84,1.5064207976315005,0,0,0,1
0013,car,85,1.957189425307883,0,0,0,1
0013,car,86,1.699447727184605,0,0,0,1
0013,car,87,2.4743907399153846,0,0,0,1
0013,car,88,2.3486249314753818,0,0,0,1
0013,car,89,2.819872406671091,0,0,0,1
0013,car,90,2.337561012392579,0,0,0,1
0013,car,91,2.815496925882811,0,0,0,1
0013,car,92,2.1760004024359954,0,0,0,1
0013,car,93,1.8405663587641659,0,0,0,1
0013,car,94,2.8511105550518936,0,0,0,1
0013,car,95,2.596973497362079,0,0,0,1
0013,car,96,2.4398876321980527,0,0,0,1
0013,car,97,2.8005057448890134,0,0,0,1
0013,car,98,3.3169147790410043,0,0,0,1
0013,car,99,3.033520898648611,0,0,0,1
0013,car,100,2.9309416801304593,0,0,0,1
0013,car,101,3.9283766060904615,0,0,0,1
0013,car,102,4.589222239263215,0,0,0,1
0013,car,103,4.925897858484267,0,0,0,1
0013,car,104,4.966164881385037,0,0,0,1
0013,car,105,6.107607878046383,0,0,0,1
0013,car,106,4.6434331482378575,0,0,0,1
0013,car,107,6.872456194052496,0,0,0,1
0013,car,108,6.856764842007644,0,0,0,1
0013,car,109,8.598463054767462,0,0,0,1
0013,car,110,6.705887816350634,0,0,0,1
0013,car,111,8.109795910407204,0,0,0,1
0013,car,112,7.597891116946084,0,0,0,1
0013,car,113,3.2719220150806034,0,0,0,1
0013,car,114,13.516764082628125,0,0,0,1
0013,car,115,8.548395031984406,0,0,0,1
0013,car,116,8.000775277036364,0,0,0,1
0013,car,117,10.908561267669786,0,0,0,1
0013,car,118,9.552435357276057,0,0,0,1
0013,car,119,6.9450392636627285,0,0,0,1
0013,car,120,8.527786438375134,0,0,0,1
0013,car,121,12.288547863752399,0,0,0,1
0013,car,122,11.350362317868974,0,0,0,1
0013,car,123,14.200850451089778,0,0,0,1
0013,car,124,14.119111166088938,0,0,0,1
0013,car,125,14.398714912885804,0,0,0,1
0013,car,126,11.41446794245273,0,0,0,1
0013,car,127,21.7259932767588,0,0,0,1
0013,car,128,14.192920784498101,0,0,0,1
0013,car,129,8.976699873342636,0,0,0,1
0013,pedestrian,5,4.399093188401682,0,0,0,2
0013,pedestrian,6,3.385173507270657,0,0,0,2
0013,pedestrian,7,3.9187590651670554,0,0,0,2
0013,pedestrian,8,5.468712723131147,0,0,0,2
0013,pedestrian,9,4.2412608990024,0,0,0,2
0013,pedestrian,10,5.844598000943927,0,0,0,2
0013,pedestrian,11,5.883350528051633,0,0,0,2
0013,pedestrian,12,4.262819154126039,0,0,0,3
0013,pedestrian,13,4.6881124446796525,0,0,0,3
0013,pedestrian,14,3.026933414256295,0,0,0,3
0013,pedestrian,15,3.2391951743691783,0,0,0,3
0013,pedestrian,16,2.2601245235295195,0,0,0,3
0013,pedestrian,17,2.2255740463142284,0,0,0,3
0013,pedestrian,18,4.010498837030952,0,0,0,3
0013,pedestrian,19,5.317697239957987,0,0,0,3
0013,pedestrian,20,5.669308075551702,0,0,0,3
0013,pedestrian,21,1.5813584205702402,0,0,0,3
0013,pedestrian,22,1.495298601572844,0,0,0,3
0013,pedestrian,23,1.9464860452754096,0,0,0,2
0013,pedestrian,24,0.8874766353037131,0,0,0,2
0013,pedestrian,25,2.4490764653517365,0,0,0,2
0013,pedestrian,26,1.405375979286491,0,0,0,2
0013,pedestrian,27,2.8285229742686173,0,0,0,3
0013,pedestrian,28,4.054348365298893,0,0,0,3
0013,pedestrian,29,8.519535794423998,1,1,0,2
0013,pedestrian,30,9.077101553595442,0,0,0,2
0013,pedestrian,31,9.970406402462402,0,0,0,2
0013,pedestrian,32,2.2979011978573816,0,0,0,2
0013,pedestrian,33,5.163936895345365,0,0,0,2
0013,pedestrian,34,3.2055572067919837,0,0,0,2
0013,pedestrian,35,2.7729645685389332,0,0,0,2
0013,pedestrian,36,3.989615227826211,0,0,0,2
0013,pedestrian,37,3.245757599523956,0,0,0,2
0013,pedestrian,38,8.528271212693854,0,0,0,2
0013,pedestrian,39,6.344492583358024,0,0,0,2
0013,pedestrian,40,2.959830457743354,0,0,0,2
0013,pedestrian,41,3.4120765245846267,0,0,0,3
0013,pedestrian,42,2.365709640066255,0,0,0,3
0013,pedestrian,43,4.424297296187054,0,0,0,3
0013,pedestrian,44,4.613305523991766,0,0,0,3
0013,pedestrian,45,6.722408041724325,0,0,0,3
0013,pedestrian,46,4.8582434774084895,0,0,0,3
0013,pedestrian,47,10.133538473738815,0,0,0,3
0013,pedestrian,48,6.464434655308507,0,0,0,3
0013,pedestrian,49,4.898095772966094,0,0,0,3
0013,pedestrian,50,3.761820839416113,0,0,0,2
0013,pedestrian,51,6.754493983608034,0,0,0,2
0013,pedestrian,52,6.287527558983819,0,0,0,2
0013,pedestrian,53,5.170295054607562,0,0,0,1
0013,pedestrian,54,3.390399440345031,0,0,0,1
0013,pedestrian,55,10.288788569630333,0,0,0,1
0013,pedestrian,56,1.7674569025584006,0,0,0,1
0013,pedestrian,57,5.136539033300468,0,0,0,1
0013,pedestrian,58,1.0405680098654115,0,0,0,1
0013,pedestrian,59,2.8453272247055006,0,0,0,2
0013,pedestrian,60,2.463673178415644,0,0,0,2
0013,pedestrian,61,2.040979595337712,0,0,0,2
0013,pedestrian,62,1.5504059364340996,0,0,0,2
0013,pedestrian,63,1.388839298987212,0,0,0,2
0013,pedestrian,64,2.0973543069833824,0,0,0,2
0013,pedestrian,65,2.644987166653164,0,0,0,3
0013,pedestrian,66,2.1913448460508818,0,0,0,3
0013,pedestrian,67,1.8477679456986773,0,0,0,4
0013,pedestrian,68,0.989627256375349,0,0,0,4
0013,pedestrian,69,3.877008597501556,0,0,0,6
0013,pedestrian,70,4.321032895911238,0,0,0,6
0013,pedestrian,71,0.9828065558687075,0,0,0,6
0013,pedestrian,72,1.2499721402284272,0,0,0,5
0013,pedestrian,73,1.1065846210215204,0,0,0,5
0013,pedestrian,74,1.85066454415802,0,0,0,5
0013,pedestrian,75,2.1482320012861567,0,0,0,5
0013,pedestrian,76,2.0528990118183037,0,0,0,5
0013,pedestrian,77,1.7542710486832798,1,0,1,5
0013,pedestrian,78,2.141264100253891,0,0,0,5
0013,pedestrian,79,4.5020118920226775,0,0,0,5
0013,pedestrian,80,9.04393640917751,0,0,0,5
0013,pedestrian,81,9.606885966803002,0,1,-1,4
0013,pedestrian,82,3.3312446155080613,0,1,-1,6
0013,pedestrian,83,6.811684384842768,1,0,1,7
0013,pedestrian,84,7.114780097306117,2,1,1,7
0013,pedestrian,85,5.810355332137766,4,0,4,5
0013,pedestrian,86,2.99823222170077,4,1,3,6
0013,pedestrian,87,3.960852478798867,2,0,2,6
0013,pedestrian,88,3.525460920392261,2,0,2,5
0013,pedestrian,89,3.126739021569831,2,0,2,5
0013,pedestrian,90,2.294628813549876,2,1,1,5
0013,pedestrian,91,2.408788824153649,0,0,0,3
0013,pedestrian,92,2.1022813623728487,0,0,0,2
0013,pedestrian,93,3.742230209273002,0,0,0,2
0013,pedestrian,94,4.436797524498647,0,0,0,2
0013,pedestrian,95,4.075503408293289,0,0,0,2
0013,pedestrian,96,3.41402578964391,0,0,0,2
0013,pedestrian,97,4.178896994892581,0,0,0,2
0013,pedestrian,98,5.764451446786359,0,0,0,2
0013,pedestrian,99,5.707627111143623,0,0,0,2
0013,pedestrian,100,4.697652345644807,0,0,0,2
0013,pedestrian,101,5.761273023196615,0,0,0,2
0013,pedestrian,102,6.872080470331841,0,0,0,2
0013,pedestrian,103,6.16054509907036,0,0,0,2
0013,pedestrian,104,6.697910724507884,0,0,0,3
0013,pedestrian,105,10.511390402675024,0,0,0,4
0013,pedestrian,106,4.534089282158322,0,0,0,4
0013,pedestrian,107,10.662745968070997,0,0,0,3
0013,pedestrian,108,9.09671331141737,0,0,0,3
0013,pedestrian,109,13.021287582843934,0,0,0,3
0013,pedestrian,110,9.334910789654591,0,0,0,4
0013,pedestrian,111,4.7966126514412695,0,0,0,4
0013,pedestrian,112,4.989874694682423,0,0,0,4
0013,pedestrian,113,1.8008819011186097,0,0,0,4
0013,pedestrian,114,10.551679414644768,0,0,0,4
0013,pedestrian,115,4.852254093203954,0,0,0,4
0013,pedestrian,116,4.078870224870288,0,0,0,2
0013,pedestrian,117,3.1871807796553506,0,0,0,1
0013,pedestrian,118,3.2822787293170506,0,0,0,1
0013,pedestrian,119,2.393438493586159,0,0,0,1
0013,pedestrian,120,2.6463285393008165,0,0,0,1
0013,pedestrian,121,4.160193208130827,0,0,0,1
0013,pedestrian,122,3.4962544940156413,0,0,0,1
0013,pedestrian,123,4.83412234601818,0,0,0,1
0013,pedestrian,124,3.706819338854912,0,0,0,1
0013,pedestrian,125,4.451968650146428,0,0,0,1
0013,pedestrian,126,2.4059310953302173,0,0,0,1
0013,pedestrian,127,7.384552111597453,0,0,0,1
0013,pedestrian,128,3.0296597116275628,0,0,0,1
0013,pedestrian,129,2.524316873729419,0,0,0,1
0013,pedestrian,130,5.525601413095061,0,0,0,1
0013,pedestrian,131,4.964794578360124,0,0,0,1
0013,pedestrian,132,4.374177483837196,0,0,0,1
0013,pedestrian,207,1.6345914786125306,0,0,0,1
0013,pedestrian,208,0.22667709302564779,0,0,0,1
0013,pedestrian,209,3.4801862799704466,0,0,0,1
0013,pedestrian,210,0.9590375005152352,0,0,0,2
0013,pedestrian,211,1.7389204513065373,0,0,0,2
0013,pedestrian,212,0.8284771816829171,0,0,0,2
0013,pedestrian,213,1.6452707691994637,0,0,0,2
0013,pedestrian,214,3.1848867545196162,0,0,0,2
0013,pedestrian,215,1.664755380128347,0,0,0,2
0013,pedestrian,216,0.577334670301941,0,0,0,2
0013,pedestrian,217,4.539129522509,0,0,0,2
0013,pedestrian,218,2.119312679681702,0,0,0,2
0013,pedestrian,219,2.043924364964309,0,0,0,2
0013,pedestrian,220,1.0256336886851471,0,0,0,2
0013,pedestrian,221,3.5284073755246776,0,0,0,2
0013,pedestrian,222,1.1139320571838047,0,0,0,2
0013,pedestrian,223,7.210424706673921,0,0,0,2
0013,pedestrian,224,8.962643507774663,0,0,0,2
0013,pedestrian,225,8.78866531714578,0,0,0,2
0013,pedestrian,226,3.572763327019569,0,0,0,2
0013,pedestrian,227,3.7805853567181824,0,0,0,2
0013,pedestrian,228,12.249403976052765,0,0,0,2
0013,pedestrian,229,13.01297623086595,0,0,0,2
0013,pedestrian,230,1.8450928621434657,0,0,0,2
0013,pedestrian,231,1.76066574882628,0,0,0,2
0013,pedestrian,232,2.8142806106372817,0,0,0,3
0013,pedestrian,233,2.3691913275748875,0,0,0,4
0013,pedestrian,234,2.1817694502920864,0,0,0,6
0013,pedestrian,235,2.204310839361578,0,0,0,6
0013,pedestrian,236,4.115776088184818,0,0,0,6
0013,pedestrian,237,4.574430805855094,1,1,0,8
0013,pedestrian,238,3.7353197296982326,0,0,0,7
0013,pedestrian,239,6.2220723763372,0,0,0,6
0013,pedestrian,240,3.6679859880483168,1,1,0,6
0013,pedestrian,241,5.167446512315578,0,0,0,6
0013,pedestrian,242,2.2189245327727316,0,0,0,6
0013,pedestrian,243,2.8814819083834733,0,0,0,6
0013,pedestrian,244,1.7069623979737902,0,0,0,6
0013,pedestrian,245,3.267552464817264,0,1,-1,6
0013,pedestrian,246,2.529622194558897,0,1,-1,6
0013,pedestrian,247,3.403338658506617,0,0,0,5
0013,pedestrian,248,3.1164788336083094,0,0,0,5
0013,pedestrian,249,2.556604184174954,0,0,0,5
0013,pedestrian,250,1.9908527845795694,0,0,0,5
0013,pedestrian,251,3.049963390659593,0,0,0,5
0013,pedestrian,252,3.0912414864782187,0,0,0,5
0013,pedestrian,253,3.163326656327745,0,0,0,5
0013,pedestrian,254,1.2583571138355805,0,0,0,5
0013,pedestrian,255,1.7141611105690822,0,0,0,6
0013,pedestrian,256,3.6946834991389657,0,0,0,6
0013,pedestrian,257,1.3286814725205478,0,0,0,7
0013,pedestrian,258,2.880576826543781,0,0,0,7
0013,pedestrian,259,2.9252637282677734,0,0,0,7
0013,pedestrian,260,1.7728983547338948,0,0,0,7
0013,pedestrian,261,3.0388581791670366,1,0,1,7
0013,pedestrian,262,1.8420517156808236,0,0,0,6
0013,pedestrian,263,2.623239769680199,0,0,0,6
0013,pedestrian,264,2.6515840672451034,1,0,1,6
0013,pedestrian,265,2.660836532734903,0,1,-1,6
0013,pedestrian,266,1.8248880162599326,2,0,2,6
0013,pedestrian,267,2.113141862535147,0,0,0,6
0013,pedestrian,268,3.15685746916435,0,0,0,5
0013,pedestrian,269,8.508549137086806,0,0,0,4
0013,pedestrian,270,5.005709598928423,1,0,1,4
0013,pedestrian,271,3.611894650453162,1,0,1,4
0013,pedestrian,272,2.3920130566604563,0,0,0,4
0013,pedestrian,273,1.707111869187226,0,0,0,3
0013,pedestrian,274,2.44891918015394,0,0,0,3
0013,pedestrian,275,6.236585375941561,0,0,0,3
0013,pedestrian,276,2.146530505182792,0,0,0,3
0013,pedestrian,277,2.583250605652311,0,0,0,4
0013,pedestrian,278,2.690827872081643,0,0,0,4
0013,pedestrian,279,3.4747644691186297,0,0,0,4
0013,pedestrian,280,3.573783131171097,0,0,0,4
0013,pedestrian,281,4.490546901247383,0,0,0,4
0013,pedestrian,282,2.0401589550423336,0,0,0,5
0013,pedestrian,283,7.638355689012295,0,0,0,5
0013,pedestrian,284,2.785268235056918,0,0,0,3
0013,pedestrian,285,3.2960241661106995,0,0,0,3
0013,pedestrian,286,1.2086993446599101,0,0,0,3
0013,pedestrian,287,5.031882294816318,0,0,0,3
0013,pedestrian,288,2.203048345367771,0,0,0,3
0013,pedestrian,289,1.73639561416161,0,0,0,5
0013,pedestrian,290,2.7968485920399213,0,0,0,5
0013,pedestrian,291,3.0406004674393152,0,0,0,5
0013,pedestrian,292,2.369362685488915,0,0,0,5
0013,pedestrian,293,3.1512278727712784,0,0,0,5
0013,pedestrian,294,2.4449975899792737,2,0,2,5
0013,pedestrian,295,2.750315474338619,2,0,2,5
0013,pedestrian,296,3.495750277342045,2,0,2,5
0013,pedestrian,297,3.3364619244869855,1,0,1,4
0013,pedestrian,298,2.6109180521243567,0,0,0,3
0013,pedestrian,299,1.9493788825480887,0,0,0,3
0013,pedestrian,300,2.5892419332066416,0,0,0,3
0013,pedestrian,301,3.1382184174371677,0,0,0,3
0013,pedestrian,302,2.5108797921375086,1,0,1,3
0013,pedestrian,303,2.6327106255191883,1,0,1,5
0013,pedestrian,304,2.2124021797394375,0,0,0,5
0013,pedestrian,305,2.7785221230569372,0,0,0,4
0013,pedestrian,306,1.196962194892234,0,0,0,4
0013,pedestrian,307,1.4671608945072312,0,0,0,4
0013,pedestrian,308,1.69679902672556,0,0,0,4
0013,pedestrian,309,1.7307052537235903,0,0,0,4
0013,pedestrian,310,2.8759486672646912,0,0,0,5
0013,pedestrian,311,2.0946077522948454,0,0,0,5
0013,pedestrian,312,2.9689100684395386,0,0,0,5
0013,pedestrian,313,3.056110429753817,0,0,0,5
0013,pedestrian,314,2.6728963835004413,0,0,0,5
0013,pedestrian,315,3.3158529774691843,0,0,0,5
0013,pedestrian,316,2.3258485365900845,0,0,0,5
0013,pedestrian,317,4.367734081764755,0,0,0,5
0013,pedestrian,318,1.5693476852532557,0,0,0,5
0013,pedestrian,319,3.659105061120833,0,0,0,5
0013,pedestrian,320,3.5824915579684724,0,0,0,5
0013,pedestrian,321,2.701911940664899,0,0,0,5
0013,pedestrian,322,2.104914486249729,0,0,0,4
0013,pedestrian,323,3.701192310251232,0,0,0,4
0013,pedestrian,324,2.256665995609834,0,0,0,4
0013,pedestrian,325,1.6561051119244736,0,0,0,5
0013,pedestrian,326,2.1263257551704946,0,0,0,5
0013,pedestrian,327,2.9168408037762497,0,0,0,5
0013,pedestrian,328,3.0754787292560066,0,0,0,5
0013,pedestrian,329,2.4067105777496622,0,0,0,5
0013,pedestrian,330,2.4894735615468004,0,0,0,5
0013,pedestrian,331,2.520905961410161,0,0,0,5
0013,pedestrian,332,3.992137177010502,0,0,0,5
0013,pedestrian,333,2.3880483923173617,0,0,0,5
0013,pedestrian,334,3.6712824343765993,0,0,0,5
0013,pedestrian,335,3.6460291162781435,0,0,0,5
0013,pedestrian,336,3.5294242380928327,0,0,0,5
0013,pedestrian,337,5.1223120740978425,0,0,0,5
0013,pedestrian,338,4.145700450762551,0,0,0,5
0013,pedestrian,339,3.5343444047963093,0,0,0,4
0014,car,0,0.0,0,0,0,3
0014,car,1,0.2361125155366943,0,0,0,3
0014,car,2,0.2683177349959851,0,0,0,3
0014,car,3,0.20223862665487435,0,0,0,3
0014,car,4,0.2675960882367912,0,0,0,3
0014,car,5,0.2486506091881254,0,0,0,3
0014,car,6,0.3944082369608046,0,0,0,3
0014,car,7,0.6278114279489465,0,0,0,3
0014,car,8,0.4446007762710433,0,0,0,3
0014,car,9,0.7431581747176315,0,0,0,3
0014,car,10,0.6204920846932706,0,0,0,3
0014,car,11,0.5881494494906923,0,0,0,3
0014,car,12,0.8434883768022186,0,0,0,3
0014,car,13,0.7742884867311014,0,0,0,3
0014,car,14,1.0039506581160407,0,0,0,3
0014,car,15,1.2440303749254977,0,0,0,3
0014,car,16,1.0685455991058779,0,0,0,3
0014,car,17,1.104601593802907,0,0,0,3
0014,car,18,1.2557153567000174,0,0,0,3
0014,car,19,0.6487728791830178,0,0,0,3
0014,car,20,0.8776749193036908,0,0,0,3
0014,car,21,0.8256366418860848,0,0,0,3
0014,car,22,1.1978729772301775,0,0,0,3
0014,car,23,0.9736586146050754,0,0,0,3
0014,car,24,0.754789519793903,0,0,0,3
0014,car,25,0.5864469125171718,0,0,0,3
0014,car,26,0.8640657025165763,0,0,0,3
0014,car,27,0.4591374492611159,0,0,0,3
0014,car,28,0.3964408547279428,0,0,0,3
0014,car,29,0.597503536130907,0,0,0,3
0014,car,30,1.4183397687409074,0,0,0,3
0014,car,31,1.4443266698128112,0,0,0,3
0014,car,32,1.1128841447317794,0,0,0,3
0014,car,33,2.095362508311794,0,0,0,3
0014,car,34,2.9891737321065595,0,0,0,3
0014,car,35,1.589617577755144,0,0,0,3
0014,car,36,2.9745348478550566,0,0,0,3
0014,car,37,3.1338286624309406,0,0,0,3
0014,car,38,2.8185518954421163,0,0,0,3
0014,car,39,3.4544180537065987,0,0,0,3
0014,car,40,1.8958664686261195,0,0,0,3
0014,car,41,2.7896684312139506,0,0,0,3
0014,car,42,3.1310335907150484,0,0,0,3
0014,car,43,1.9359320439520586,0,0,0,3
0014,car,44,3.377999242022235,0,0,0,3
0014,car,45,3.7991323327027935,0,0,0,3
0014,car,46,2.745983987498102,0,0,0,3
0014,car,47,5.47952537907426,0,0,0,3
0014,car,48,10.585695562623446,0,0,0,3
0014,car,49,6.238320669779244,0,0,0,3
0014,car,50,7.889979255149433,0,0,0,3
0014,car,51,10.939428292961757,0,0,0,2
0014,car,55,14.47980514985534,0,0,0,1
0014,car,56,12.257872842686481,1,0,1,1
0014,car,57,11.474518252923085,0,0,0,1
0014,car,58,8.89308985154642,0,0,0,1
0014,car,59,7.627884685260295,0,0,0,2
0014,car,60,11.115871573399378,0,0,0,2
0014,car,61,5.04893781210473,0,0,0,2
0014,car,62,2.1530769657194853,0,0,0,3
0014,car,63,3.5609825754826434,1,1,0,4
0014,car,64,11.454762069316084,0,0,0,4
0014,car,65,15.268688075218577,0,0,0,4
0014,car,66,9.454465254532407,0,0,0,4
0014,car,67,3.175880872831749,0,0,0,4
0014,car,68,7.567274084101315,0,0,0,4
0014,car,69,2.632159500497782,0,0,0,4
0014,car,70,3.092665589802645,0,0,0,6
0014,car,71,2.884767936767977,0,0,0,6
0014,car,72,1.353348421122237,0,0,0,6
0014,car,73,3.424413464382611,0,0,0,7
0014,car,74,2.572519448721757,0,0,0,7
0014,car,75,2.7843542344357717,0,0,0,7
0014,car,76,2.6327841262039207,0,0,0,7
0014,car,77,2.2365399964115937,0,0,0,8
0014,car,78,3.506881922134106,0,0,0,8
0014,car,79,3.5278069423354887,0,0,0,8
0014,car,80,2.8148545881978326,1,1,0,8
0014,car,81,3.7229067441881836,0,0,0,8
0014,car,82,3.1078049479751293,1,0,1,8
0014,car,83,3.2655219362097867,0,0,0,9
0014,car,84,2.836145356773035,0,0,0,9
0014,car,85,3.166265459072738,0,0,0,8
0014,car,86,3.173291214807225,0,0,0,8
0014,car,87,3.2846105911469468,0,0,0,8
0014,car,88,3.4198809556524723,2,2,0,8
0014,car,89,3.43993900264387,0,0,0,8
0014,car,90,3.2015340292525147,1,1,0,7
0014,car,91,6.876040594553902,0,0,0,7
0014,car,92,3.8249121712765466,0,0,0,7
0014,car,93,4.560916420179815,0,0,0,6
0014,car,94,2.3560741525419133,0,0,0,6
0014,car,95,2.7282381953946526,0,0,0,6
0014,car,96,3.1845374482182525,0,0,0,6
0014,car,97,2.176532915614145,0,0,0,6
0014,car,98,2.94188402854796,0,0,0,6
0014,car,99,4.735674076797679,0,0,0,6
0014,car,100,3.3821637353203977,0,0,0,6
0014,car,101,1.432080816687935,0,0,0,7
0014,car,102,1.5108654172598857,0,0,0,8
0014,car,103,1.7796744083024385,0,0,0,8
0014,car,104,2.4478391008763265,0,0,0,8
0014,car,105,2.451411111038053,0,0,0,7
0014,pedestrian,0,0.0,0,0,0,2
0014,pedestrian,1,0.5263887332844981,0,0,0,2
0014,pedestrian,2,0.5432599303106936,0,0,0,2
0014,pedestrian,3,0.574885917357375,0,0,0,2
0014,pedestrian,4,0.6195150395701623,0,0,0,2
0014,pedestrian,5,0.5692959478068396,0,0,0,2
0014,pedestrian,6,0.8678820410500799,0,0,0,2
0014,pedestrian,7,0.9676548389751046,0,0,0,2
0014,pedestrian,8,0.35265037517142395,0,0,0,2
0014,pedestrian,9,1.2027914515504108,0,0,0,2
0014,pedestrian,10,0.2714973091409341,0,0,0,2
0014,pedestrian,18,0.2513789660030247,1,0,1,2
0014,pedestrian,19,0.20288895991112033,0,0,0,2
0014,pedestrian,20,0.5840262894358692,0,0,0,2
0014,pedestrian,21,0.8087901321461357,0,0,0,2
0014,pedestrian,22,1.424770357924571,0,0,0,2
0014,pedestrian,24,0.13771831207355245,0,0,0,2
0014,pedestrian,25,0.4104505330959577,0,0,0,2
0014,pedestrian,26,0.948575060192142,0,0,0,2
0014,pedestrian,27,0.4414435539763478,0,0,0,2
0014,pedestrian,28,0.8782843924393695,0,0,0,2
0014,pedestrian,30,0.6358335549858005,0,0,0,2
0014,pedestrian,31,1.2939223412372927,0,0,0,2
0014,pedestrian,32,2.2895741299805312,0,0,0,2
0014,pedestrian,33,1.7058089718407692,0,0,0,2
0014,pedestrian,34,2.9142014999014467,0,0,0,2
0014,pedestrian,35,3.015616952684554,0,0,0,2
0014,pedestrian,36,1.2594778773809177,0,0,0,2
0014,pedestrian,37,2.044477226277483,0,0,0,2
0014,pedestrian,38,3.7919593001865968,0,0,0,2
0014,pedestrian,39,2.8680166394891833,0,0,0,2
0014,pedestrian,40,5.052431067786706,0,0,0,2
0014,pedestrian,41,1.1652945010238989,0,0,0,2
0014,pedestrian,42,0.8860102245108529,0,0,0,2
0014,pedestrian,43,0.9034322139226364,0,0,0,2
0014,pedestrian,44,1.265425080932645,0,0,0,2
0014,pedestrian,45,2.0101444165434414,0,0,0,2
0014,pedestrian,46,2.105190351514553,0,0,0,2
0014,pedestrian,47,3.7857260722603225,0,0,0,2
0014,pedestrian,48,1.045438663953338,0,0,0,2
0014,pedestrian,49,4.750233230531481,0,0,0,2
0014,pedestrian,50,5.0367060899432765,0,0,0,2
0014,pedestrian,51,2.7911293300294506,1,0,1,2
0014,pedestrian,52,3.9671712558511594,0,1,-1,2
0014,pedestrian,53,7.311775815677143,0,0,0,2
0014,pedestrian,54,0.2110227321166431,0,0,0,2
0014,pedestrian,55,2.619309791166051,0,0,0,2
0014,pedestrian,56,2.5495581450085187,0,0,0,2
0014,pedestrian,57,5.529832207124969,0,0,0,2
0014,pedestrian,58,5.071174719948847,0,0,0,2
0014,pedestrian,59,26.199698835380055,1,0,1,2
0014,pedestrian,60,5.6773146297971095,1,1,0,2
0015,car,2,8.209745555710514,0,0,0,1
0015,car,3,4.608881242565187,0,0,0,2
0015,car,4,5.591809456070939,0,0,0,2
0015,car,5,6.04273452754894,0,0,0,2
0015,car,6,5.442215822184432,0,0,0,2
0015,car,7,2.839409753253387,0,0,0,2
0015,car,8,3.922937702670505,0,0,0,2
0015,car,9,4.440378013066558,0,0,0,2
0015,car,10,5.687745524828098,0,0,0,2
0015,car,11,5.843670418994665,0,0,0,2
0015,car,12,4.888263035976409,0,0,0,2
0015,car,13,1.4228331652973256,0,0,0,2
0015,car,14,3.7017755372117795,0,0,0,2
0015,car,15,6.314133783363622,0,0,0,2
0015,car,16,3.6183593392672417,0,0,0,2
0015,car,17,4.1889259119255255,0,0,0,2
0015,car,18,3.850568005408624,0,0,0,2
0015,car,19,2.9824748310991325,0,0,0,2
0015,car,20,3.471628959212099,1,1,0,2
0015,car,21,4.3657929402221045,0,0,0,2
0015,car,22,4.4252013659028515,0,0,0,2
0015,car,23,4.523969020503684,0,0,0,2
0015,car,24,3.966031409371022,0,0,0,2
0015,car,25,2.801087669687868,0,0,0,2
0015,car,26,2.1188496555188303,0,0,0,2
0015,car,27,2.7577857039105376,0,0,0,2
0015,car,28,3.1548208260637995,0,0,0,2
0015,car,29,3.3064356544659086,0,0,0,2
0015,car,30,2.6345693187802848,0,0,0,2
0015,car,31,2.753939435622748,0,0,0,2
0015,car,32,3.330819679722769,0,0,0,2
0015,car,33,2.7425187914921105,0,0,0,2
0015,car,34,2.440844904505904,0,0,0,2
0015,car,35,2.813842288165023,0,0,0,2
0015,car,36,2.9277480455645786,0,0,0,3
0015,car,37,3.0163122111077234,0,0,0,3
0015,car,38,5.073326359456504,0,0,0,3
0015,car,39,13.94639208972695,0,0,0,3
0015,car,40,7.722356365331483,0,0,0,3
0015,car,41,12.89239331966128,0,0,0,3
0015,car,42,4.540137565672173,0,0,0,2
0015,car,43,4.210076089896267,0,0,0,2
0015,car,44,5.4873283380308955,0,0,0,2
0015,car,45,4.187221527585594,0,0,0,2
0015,car,46,4.94166862660757,0,0,0,2
0015,car,47,4.406136487230722,0,0,0,2
0015,car,48,5.087587688250847,0,0,0,2
0015,car,49,4.601978525473394,0,0,0,2
0015,car,50,4.232963638840522,0,0,0,2
0015,car,51,4.661494423336579,0,0,0,2
0015,car,52,4.834848650260043,0,0,0,2
0015,car,53,5.402560987849879,0,0,0,3
0015,car,54,8.82287356723608,0,0,0,3
0015,car,55,5.590956566937281,0,0,0,3
0015,car,56,5.620991677846458,0,0,0,3
0015,car,57,6.3249109101562855,0,0,0,3
0015,car,58,6.3507407013648605,0,0,0,3
0015,car,59,6.597591234028797,0,0,0,3
0015,car,60,7.37227253844595,0,0,0,3
0015,car,61,7.867802619337162,0,0,0,3
0015,car,62,14.735940638562775,0,0,0,3
0015,car,63,7.66998542039386,0,0,0,3
0015,car,64,9.727222716011482,0,0,0,3
0015,car,65,7.4119481302274,0,0,0,2
0015,car,66,5.261630405100581,0,0,0,2
0015,car,67,6.7404081628664505,0,0,0,3
0015,car,68,4.803121693250801,0,0,0,3
0015,car,69,6.6382941642983,0,0,0,3
0015,car,70,4.1394736903764375,0,0,0,3
0015,car,71,6.140162159575612,0,0,0,3
0015,car,72,3.7750145494485907,0,0,0,3
0015,car,73,4.515742493177473,0,0,0,3
0015,car,74,3.178258770461733,0,0,0,3
0015,car,75,3.9688954421456133,0,0,0,3
0015,car,76,3.2948082025247794,0,0,0,3
0015,car,77,3.203872553814936,0,0,0,3
0015,car,78,3.142930663083604,0,0,0,3
0015,car,79,2.680885585048808,0,0,0,3
0015,car,80,2.9930641717965867,0,0,0,3
0015,car,81,1.0401771696789948,0,0,0,3
0015,car,82,1.987182532385307,0,0,0,3
0015,car,83,1.3573290414510153,0,0,0,2
0015,car,84,1.2467379559556635,0,0,0,2
0015,car,85,0.662099497160241,0,0,0,2
0015,car,86,0.47462632838472285,0,0,0,2
0015,car,87,0.6834705734425279,0,0,0,3
0015,car,88,0.5720341681285422,0,0,0,3
0015,car,89,0.8648628655008399,0,0,0,3
0015,car,90,0.6904015348058893,0,0,0,3
0015,car,91,0.9357820263413587,0,0,0,3
0015,car,92,0.7399965208196531,0,0,0,3
0015,car,93,0.5362380924085921,0,0,0,3
0015,car,94,0.138915556070363,0,0,0,3
0015,car,95,0.23006098025957913,0,0,0,3
0015,car,96,0.16708610941765023,0,0,0,3
0015,car,97,0.298898496954261,0,0,0,3
0015,car,98,0.18992014938358234,0,0,0,3
0015,car,99,0.15144335580421872,0,0,0,3
0015,car,100,0.3473695676742013,0,0,0,3
0015,car,101,0.490666795692417,0,1,-1,3
0015,car,102,0.09148471736127096,0,0,0,3
0015,car,103,0.2267178484376317,0,0,0,3
0015,car,104,0.14831631602010334,0,0,0,3
0015,car,105,0.17821142572961832,0,0,0,3
0015,car,106,0.23629167229035686,0,0,0,3
0015,car,107,0.33064136214549156,0,0,0,3
0015,car,108,0.4077616941077395,0,0,0,3
0015,car,109,0.2734613383582471,0,0,0,3
0015,car,110,0.4530645995538737,0,0,0,3
0015,car,111,0.21052360569363052,0,0,0,3
0015,car,112,0.16514186465576663,0,0,0,3
0015,car,113,0.20053441078718956,0,0,0,3
0015,car,114,0.6209328637884001,0,0,0,3
0015,car,115,0.16744625856540135,0,0,0,3
0015,car,116,0.18436778304622994,0,0,0,3
0015,car,117,0.2871749975568164,0,0,0,3
0015,car,118,0.11062528095269006,0,0,0,3
0015,car,119,0.2994060416714798,0,0,0,3
0015,car,120,0.22595240961727506,0,0,0,3
0015,car,121,0.10677134744823802,0,0,0,3
0015,car,122,0.3007737391136627,0,0,0,3
0015,car,123,0.07794464788579995,0,0,0,3
0015,car,124,0.26447495505023455,0,0,0,3
0015,car,125,0.39232232187548416,0,0,0,3
0015,car,126,0.6978318140761766,0,0,0,3
0015,car,127,0.4640892565033878,0,0,0,3
0015,car,128,0.43225905430418415,0,0,0,3
0015,car,129,0.26335114193557985,0,0,0,3
0015,car,130,0.14772038297090437,0,0,0,3
0015,car,131,0.05192308028141604,0,0,0,3
0015,car,132,0.061390709607675224,0,0,0,3
0015,car,133,0.07148251319494026,0,0,0,3
0015,car,134,0.05541580181183398,0,0,0,3
0015,car,135,0.16853097943269968,0,0,0,3
0015,car,136,0.11478847360523378,0,0,0,3
0015,car,137,0.11267372267096884,0,0,0,3
0015,car,138,0.03751975292120101,0,0,0,3
0015,car,139,0.24660619611920348,0,0,0,3
0015,car,140,0.06816547993567712,0,0,0,3
0015,car,141,0.15813478747874907,0,0,0,3
0015,car,142,0.0745252103728875,0,0,0,3
0015,car,143,0.16228615009971561,0,0,0,3
0015,car,144,0.20866389789146783,0,0,0,3
0015,car,145,0.23170967127688852,0,0,0,3
0015,car,146,0.07484835971257921,0,0,0,3
0015,car,147,0.1628752863451091,0,0,0,3
0015,car,148,0.11868977277875474,0,0,0,3
0015,car,149,0.06798577225427968,0,0,0,3
0015,car,150,0.0940503132614602,0,0,0,3
0015,car,151,0.151481858754894,0,0,0,3
0015,car,152,0.15391410888422652,0,0,0,3
0015,car,153,0.08780849080321317,0,0,0,3
0015,car,154,0.06360820452325991,0,0,0,3
0015,car,155,0.6553327037152678,0,0,0,2
0015,car,156,0.6272049278137246,0,0,0,2
0015,car,157,0.239401587286025,0,0,0,2
0015,car,158,3.2266661285205527,0,0,0,2
0015,car,159,3.694150699582005,0,0,0,2
0015,car,160,2.590352569614019,0,0,0,2
0015,car,161,2.820026606357993,0,0,0,2
0015,car,162,2.389442090619318,0,0,0,2
0015,car,163,2.523307855135375,0,0,0,2
0015,car,164,1.5707811202913244,0,0,0,2
0015,car,165,1.6842021892788823,0,0,0,2
0015,car,166,1.085050966350723,0,0,0,2
0015,car,167,1.0051669157447143,0,0,0,2
0015,car,168,1.0047542373129652,0,0,0,2
0015,car,169,0.6678593019740657,0,0,0,2
0015,car,170,0.6641485107671927,0,0,0,2
0015,car,171,0.44238671389275724,0,0,0,2
0015,car,172,0.37090641278080827,0,0,0,2
0015,car,173,0.28460397899147977,0,0,0,2
0015,car,174,0.3632871459470316,0,0,0,2
0015,car,175,0.2233840116997693,0,0,0,2
0015,car,176,0.28100302081592676,0,0,0,2
0015,car,177,0.10761840720872357,0,0,0,2
0015,car,178,0.20586926136835837,0,0,0,2
0015,car,179,0.09434733031189449,0,0,0,2
0015,car,180,0.1496897614667645,0,0,0,2
0015,car,181,0.08436973962173533,0,0,0,2
0015,car,182,0.18299467012122644,0,0,0,2
0015,car,183,0.11298464355205179,0,0,0,2
0015,car,184,0.035328353558888345,0,0,0,2
0015,car,185,0.17383026171736948,0,0,0,2
0015,car,186,0.06298547132185472,0,0,0,2
0015,car,187,0.03518046140962073,0,0,0,2
0015,car,188,0.06191949623728185,0,0,0,2
0015,car,189,0.05344513434121072,0,0,0,2
0015,car,190,0.04183423008118003,0,0,0,2
0015,car,191,0.035744177160359936,0,0,0,2
0015,car,192,0.0551225968323842,0,0,0,2
0015,car,193,0.17888175998177713,0,0,0,2
0015,car,194,0.0553803256873196,0,0,0,2
0015,car,195,0.0948931085990086,0,0,0,2
0015,car,196,0.12086183567899478,0,0,0,2
0015,car,197,0.13186285417047666,0,0,0,2
0015,car,198,0.12613388976522266,0,0,0,2
0015,car,199,0.09453109486729125,0,0,0,2
0015,car,200,0.13870197207786034,0,0,0,2
0015,car,201,0.16273297913194884,0,0,0,2
0015,car,202,0.18305726195989908,0,0,0,2
0015,car,203,0.09117832398682453,0,0,0,2
0015,car,204,0.20099737102855325,0,0,0,2
0015,car,205,0.041964540868248995,0,0,0,2
0015,car,206,0.15994995470884354,0,0,0,2
0015,car,207,0.023573394970637887,0,0,0,2
0015,car,208,0.06820914277876691,0,0,0,2
0015,car,209,0.08742162368936633,0,0,0,2
0015,car,210,0.058474371369039366,0,0,0,2
0015,car,211,0.136789467194467,0,0,0,2
0015,car,212,0.050309668679793196,0,0,0,2
0015,car,213,0.09973953508696642,0,0,0,2
0015,car,214,0.12256228658166288,0,0,0,2
0015,car,215,0.07687845450365216,0,0,0,2
0015,car,216,0.15061907264699276,0,0,0,2
0015,car,217,0.10679094760564559,0,0,0,2
0015,car,218,0.07124171850841235,0,0,0,2
0015,car,219,0.1174748686339849,0,0,0,2
0015,car,220,0.11766554035818566,0,0,0,2
0015,car,221,0.1563580250992444,0,0,0,2
0015,car,222,0.10789220191186366,0,0,0,2
0015,car,223,0.06209784046851339,0,0,0,2
0015,car,224,0.07666838358719968,0,0,0,2
0015,car,225,0.14660218128770794,0,0,0,2
0015,car,226,0.10684578930027305,0,0,0,2
0015,car,227,0.2083163381001873,0,0,0,2
0015,car,228,0.1294547923627789,0,0,0,2
0015,car,229,0.06337871697356948,0,0,0,2
0015,car,230,0.14578387389766212,0,0,0,2
0015,car,231,0.05797380972333114,0,0,0,2
0015,car,232,0.09806938260001707,0,0,0,2
0015,car,233,0.08520463411647185,0,0,0,2
0015,car,234,0.02936379753655747,0,0,0,2
0015,car,235,0.13792209645061654,0,0,0,2
0015,car,236,0.0967125226581746,0,0,0,2
0015,car,237,0.11808551983704885,0,0,0,2
0015,car,238,0.03766420818033211,0,0,0,2
0015,car,239,0.03444955867964075,0,0,0,2
0015,car,240,0.03490718275421007,0,0,0,2
0015,car,241,0.09568425305788503,0,0,0,2
0015,car,242,0.1457214119116057,0,0,0,2
0015,car,243,0.05857166801800745,0,0,0,2
0015,car,244,0.1429775450440537,0,0,0,2
0015,car,245,0.02242475998627213,0,0,0,2
0015,car,246,0.028061928310980394,0,0,0,2
0015,car,247,0.04521332255957891,0,0,0,2
0015,car,248,0.04009196733042865,0,0,0,2
0015,car,249,0.1413265626718774,0,0,0,2
0015,car,250,0.08558535185710628,0,0,0,2
0015,car,251,0.10653085119402539,0,0,0,2
0015,car,252,0.0721671944658886,0,0,0,2
0015,car,253,0.041818675015614634,0,0,0,2
0015,car,254,0.1298261051145632,0,0,0,2
0015,car,255,0.12934635961828975,0,0,0,1
0015,car,256,0.19383193531178555,0,0,0,1
0015,car,257,0.11550625935849575,0,0,0,1
0015,car,258,0.05924791737121415,0,0,0,1
0015,car,259,0.07006859277630491,0,0,0,1
0015,car,260,0.07915687722427532,0,0,0,1
0015,car,261,0.07407509097304826,0,0,0,1
0015,car,262,0.1486178220119453,0,0,0,1
0015,car,263,0.09133156238201663,0,0,0,1
0015,car,264,0.18254088994315737,0,0,0,1
0015,car,265,0.08004712660294397,0,0,0,1
0015,car,266,0.07302308135381777,0,0,0,1
0015,car,267,0.2217518795007611,0,0,0,1
0015,car,268,0.03963564252214565,0,0,0,1
0015,car,269,0.3091506745239554,0,0,0,1
0015,car,270,0.10203909975889325,0,0,0,1
0015,car,271,0.12492616777583412,0,0,0,1
0015,car,272,0.08013642800292575,0,0,0,1
0015,car,273,0.019521890699656787,0,0,0,1
0015,car,274,0.11381403525312271,0,0,0,1
0015,car,275,0.0668384381175689,0,0,0,1
0015,car,276,0.08379322913552333,0,0,0,1
0015,car,277,0.15659803824787072,0,0,0,1
0015,car,278,0.13255711518254162,0,0,0,1
0015,car,279,0.11853504395750267,0,0,0,2
0015,car,280,0.13070564776355642,0,0,0,2
0015,car,281,0.019150017050924867,0,0,0,2
0015,car,282,0.22359153779442636,0,0,0,2
0015,car,283,0.13286929183173574,0,0,0,2
0015,car,284,0.1028243013649362,0,0,0,2
0015,car,285,0.04195186007885995,0,0,0,2
0015,car,286,0.10982012034605498,0,0,0,2
0015,car,287,0.1734654223809406,0,0,0,2
0015,car,288,0.11411510334614,0,0,0,2
0015,car,289,0.256752219209235,0,0,0,2
0015,car,290,0.06000674511028025,0,0,0,2
0015,car,291,0.1323132023249048,0,0,0,2
0015,car,292,0.05467344947194816,0,0,0,2
0015,car,293,0.06837807144276561,0,0,0,2
0015,car,294,0.07370701348325742,0,0,0,3
0015,car,295,0.1259277645144484,0,0,0,3
0015,car,296,0.10279403646246317,0,0,0,3
0015,car,297,0.06680271352313598,0,0,0,3
0015,car,298,0.062378948720506366,0,0,0,3
0015,car,299,0.023354447842743414,0,0,0,3
0015,car,300,0.03715325993565479,0,0,0,3
0015,car,301,0.027659774845904622,0,0,0,3
0015,car,302,0.07891376894228727,0,0,0,3
0015,car,303,0.08362060041748681,0,0,0,3
0015,car,304,0.15275099570322578,0,0,0,3
0015,car,305,0.055918985614961135,0,0,0,3
0015,car,306,0.09381113474137423,0,0,0,3
0015,car,307,0.12908219643089325,0,0,0,3
0015,car,308,0.22333342555629096,0,0,0,3
0015,car,309,0.028906885474714317,0,0,0,3
0015,car,310,0.0802409072288665,0,0,0,3
0015,car,311,0.09401460853842232,0,0,0,3
0015,car,312,0.10190944201176487,0,0,0,3
0015,car,313,0.11704396883811484,0,0,0,3
0015,car,314,0.18413587677238327,0,0,0,3
0015,car,315,0.09083110754358045,0,0,0,3
0015,car,316,0.18031566355614104,0,0,0,3
0015,car,317,0.23087044072056523,0,0,0,4
0015,car,318,0.15783260911690838,0,0,0,4
0015,car,319,0.2017962244880146,0,0,0,4
0015,car,320,0.2162823585060129,0,0,0,4
0015,car,321,0.17423563858842966,0,0,0,4
0015,car,322,0.2809664984702338,0,0,0,4
0015,car,323,0.20374303863362653,0,0,0,4
0015,car,324,0.2132003904391886,0,0,0,4
0015,car,325,0.3091107767611519,0,0,0,4
0015,car,326,0.14966198782472645,0,0,0,4
0015,car,327,0.11645323927756182,0,0,0,4
0015,car,328,0.10720015498110583,0,0,0,4
0015,car,329,0.10376594967282085,0,0,0,4
0015,car,330,0.11731614609093519,0,0,0,4
0015,car,331,0.08462381404082585,0,0,0,4
0015,car,332,0.11392988438157407,0,0,0,4
0015,car,333,0.1387044966315356,0,0,0,4
0015,car,334,0.14137936118872485,0,0,0,4
0015,car,335,0.08045383426127214,0,0,0,4
0015,car,336,0.13836989489688234,0,0,0,4
0015,car,337,0.14543359479798035,0,0,0,4
0015,car,338,0.07721440285766129,0,0,0,4
0015,car,339,0.05144967311300317,0,0,0,3
0015,car,340,0.1845083612350369,0,0,0,3
0015,car,341,0.1820959036650622,0,0,0,3
0015,car,342,0.22917338154243422,0,0,0,3
0015,car,343,0.01883841090273083,0,0,0,3
0015,car,344,0.07768251434442018,0,0,0,3
0015,car,345,0.16508908447575502,0,0,0,3
0015,car,346,0.25200469030914596,0,0,0,2
0015,car,347,0.06806475645414138,0,0,0,2
0015,car,348,0.05014693301271606,0,0,0,2
0015,car,349,0.11460568843272725,0,0,0,2
0015,car,350,0.047392185960370106,0,0,0,2
0015,car,351,0.0555014303848137,0,0,0,2
0015,car,352,0.038812208767426366,0,0,0,2
0015,car,353,0.03702716456169898,0,0,0,2
0015,car,354,0.04351835187299438,0,0,0,2
0015,car,355,0.10480084056653502,0,0,0,2
0015,car,356,0.06624269776263438,0,0,0,2
0015,car,357,0.06376191274781015,0,0,0,2
0015,car,358,0.1699786359203288,0,0,0,2
0015,car,359,0.17190164393429636,0,0,0,2
0015,car,360,0.03394853566963513,0,0,0,2
0015,car,361,0.03059572188076367,0,0,0,2
0015,car,362,0.10287819136067469,0,0,0,2
0015,car,363,0.1228602251614557,0,0,0,2
0015,car,364,0.1293516809915212,0,0,0,2
0015,car,365,0.10111536241557645,0,0,0,2
0015,car,366,0.07245476542756323,0,0,0,2
0015,car,367,0.08685347194307619,0,0,0,2
0015,car,368,0.12117127901117693,0,0,0,2
0015,car,369,0.07659565864876247,0,0,0,2
0015,car,370,0.053411780299826635,0,0,0,2
0015,car,371,0.05675125596030686,0,0,0,2
0015,car,372,0.055074872590609385,0,0,0,2
0015,car,373,0.07538718973819009,0,0,0,2
0015,car,374,0.09361647689265451,0,0,0,2
0015,car,375,0.030493443958803747,0,0,0,2
0015,pedestrian,3,11.923271462382862,0,0,0,1
0015,pedestrian,4,14.572373147544209,0,0,0,1
0015,pedestrian,5,16.552530619359484,0,0,0,1
0015,pedestrian,8,2.258229002353945,0,0,0,1
0015,pedestrian,9,0.70744567052096,0,0,0,1
0015,pedestrian,10,2.4060331680352767,0,0,0,1
0015,pedestrian,11,2.1868342432853103,0,0,0,1
0015,pedestrian,13,0.3540606757969802,0,0,0,2
0015,pedestrian,14,1.3505945359205653,0,0,0,2
0015,pedestrian,15,1.7916700650866755,0,0,0,2
0015,pedestrian,16,1.1332757295927212,0,0,0,2
0015,pedestrian,17,1.4222382977398036,0,0,0,2
0015,pedestrian,18,0.7943707008607325,0,0,0,2
0015,pedestrian,19,1.2021824041085494,0,0,0,2
0015,pedestrian,20,1.0961115262318952,0,0,0,2
0015,pedestrian,21,1.008171871916362,0,0,0,2
0015,pedestrian,22,1.2630458852130302,0,0,0,2
0015,pedestrian,23,0.9668099884222394,0,0,0,2
0015,pedestrian,24,0.9248095618213449,0,0,0,2
0015,pedestrian,25,1.2434259953899247,0,0,0,2
0015,pedestrian,26,0.4583787477225435,0,0,0,2
0015,pedestrian,27,0.4175775815690565,0,0,0,2
0015,pedestrian,28,0.9320803183883464,0,0,0,2
0015,pedestrian,29,1.4510229597944106,0,0,0,2
0015,pedestrian,30,0.5690373772624232,0,0,0,2
0015,pedestrian,31,0.36109515149025984,0,0,0,2
0015,pedestrian,32,1.0912606348510732,0,0,0,2
0015,pedestrian,33,1.2214116985887231,0,0,0,1
0015,pedestrian,34,0.7996750380348869,0,0,0,1
0015,pedestrian,35,0.4964602600423248,0,0,0,1
0015,pedestrian,39,2.904967481786385,0,0,0,1
0015,pedestrian,40,2.1472262600558754,0,0,0,1
0015,pedestrian,41,2.1279860542600537,0,0,0,1
0015,pedestrian,42,1.335724849102704,0,0,0,1
0015,pedestrian,43,1.1050193839038491,0,0,0,3
0015,pedestrian,44,1.3337465376526578,1,1,0,3
0015,pedestrian,45,1.1780972555712865,0,0,0,3
0015,pedestrian,46,2.023359484796542,0,0,0,3
0015,pedestrian,47,1.3404114960556759,0,0,0,3
0015,pedestrian,48,1.4586383724725933,0,0,0,4
0015,pedestrian,49,0.9536087763415819,0,0,0,4
0015,pedestrian,50,0.9778062113479116,0,0,0,5
0015,pedestrian,51,1.2125919744171403,1,1,0,7
0015,pedestrian,52,1.4190307898518124,0,0,0,7
0015,pedestrian,53,1.2996299533585622,1,1,0,7
0015,pedestrian,54,3.384791018342429,1,1,0,7
0015,pedestrian,55,1.6136923065221667,0,0,0,7
0015,pedestrian,56,1.8360775347969596,1,1,0,7
0015,pedestrian,57,2.5846610658365963,1,1,0,7
0015,pedestrian,58,1.077626603975896,0,0,0,7
0015,pedestrian,59,1.6588780232182816,0,0,0,7
0015,pedestrian,60,3.2656109406833247,1,1,0,7
0015,pedestrian,61,3.7384656330292936,1,1,0,7
0015,pedestrian,62,7.640389930969864,0,0,0,7
0015,pedestrian,63,4.50650819014221,1,0,1,7
0015,pedestrian,64,4.85258807435793,0,1,-1,7
0015,pedestrian,65,4.6050645232435645,2,0,2,7
0015,pedestrian,66,1.1247633957928072,0,1,-1,7
0015,pedestrian,67,1.6202906303686104,0,0,0,7
0015,pedestrian,68,3.0884262838292225,1,2,-1,7
0015,pedestrian,69,2.1751253377413247,0,0,0,7
0015,pedestrian,70,3.215825786257163,0,0,0,6
0015,pedestrian,71,1.7010913152445715,0,0,0,6
0015,pedestrian,72,2.362901685261879,0,0,0,7
0015,pedestrian,73,1.4048629339144947,0,0,0,6
0015,pedestrian,74,2.183396166327632,0,0,0,6
0015,pedestrian,75,0.8678640520467714,0,0,0,6
0015,pedestrian,76,1.0368943905514196,0,0,0,6
0015,pedestrian,77,0.8626428920486833,0,0,0,6
0015,pedestrian,78,1.8456533905420853,0,0,0,6
0015,pedestrian,79,0.603909345450438,0,0,0,5
0015,pedestrian,80,1.0379600805185674,0,0,0,5
0015,pedestrian,81,0.5200290904452947,0,0,0,5
0015,pedestrian,82,0.257892170146495,0,0,0,5
0015,pedestrian,83,0.1646366861164947,0,0,0,5
0015,pedestrian,84,0.3692159055154833,0,0,0,5
0015,pedestrian,85,0.5660851835435485,0,0,0,5
0015,pedestrian,86,0.4286315785648421,0,1,-1,5
0015,pedestrian,87,0.38064188155771317,0,0,0,5
0015,pedestrian,88,0.5967817645620042,0,0,0,5
0015,pedestrian,89,0.8575130794278517,0,0,0,5
0015,pedestrian,90,0.6827683416174964,1,1,0,5
0015,pedestrian,91,0.9408919107832038,0,0,0,5
0015,pedestrian,92,0.7705296495312804,0,0,0,5
0015,pedestrian,93,0.5721852305736178,0,0,0,5
0015,pedestrian,94,0.11218783269205312,1,1,0,5
0015,pedestrian,95,0.20555405785451092,1,1,0,5
0015,pedestrian,96,0.13987265143057817,0,0,0,5
0015,pedestrian,97,0.2776728784303849,0,0,0,5
0015,pedestrian,98,0.22809842603848232,1,1,0,5
0015,pedestrian,99,0.1837118523779116,1,1,0,5
0015,pedestrian,100,0.41565225776330855,0,0,0,5
0015,pedestrian,101,0.49958627582738857,0,0,0,5
0015,pedestrian,102,0.1451625047733761,1,1,0,5
0015,pedestrian,103,0.1858245064650104,1,1,0,5
0015,pedestrian,104,0.1442502097790734,0,0,0,5
0015,pedestrian,105,0.13101784313710488,1,1,0,5
0015,pedestrian,106,0.2059950037141243,0,0,0,5
0015,pedestrian,107,0.3557533357665071,0,0,0,5
0015,pedestrian,108,0.3328338369349251,1,1,0,5
0015,pedestrian,109,0.25307407259755277,0,0,0,5
0015,pedestrian,110,0.2434172568950215,0,0,0,5
0015,pedestrian,111,0.34228685336523357,0,0,0,5
0015,pedestrian,112,0.19033547274711776,0,0,0,4
0015,pedestrian,113,0.06743877568552985,0,0,0,4
0015,pedestrian,114,0.3783000711602082,0,0,0,4
0015,pedestrian,115,0.27664692381462275,0,0,0,4
0015,pedestrian,116,0.28991950813109174,0,0,0,4
0015,pedestrian,117,0.3578329083682999,0,0,0,4
0015,pedestrian,118,0.26514209908079783,0,0,0,4
0015,pedestrian,119,0.5129941811005019,0,0,0,4
0015,pedestrian,120,0.3308044000536893,0,0,0,4
0015,pedestrian,121,0.14799464631643403,0,0,0,4
0015,pedestrian,122,0.40128562030460957,0,0,0,4
0015,pedestrian,123,0.24929349858158906,0,0,0,4
0015,pedestrian,124,0.48238998546744627,1,1,0,4
0015,pedestrian,125,0.5263746094126254,0,0,0,4
0015,pedestrian,126,0.8589667618950513,0,0,0,4
0015,pedestrian,127,0.5023816079210159,1,1,0,4
0015,pedestrian,128,0.49202412476106105,0,0,0,4
0015,pedestrian,129,0.3429190627603779,0,0,0,4
0015,pedestrian,130,0.33820465525301757,1,1,0,4
0015,pedestrian,131,0.2156803945179548,0,0,0,4
0015,pedestrian,132,0.14030381568794395,1,1,0,4
0015,pedestrian,133,0.1976744475100699,0,0,0,4
0015,pedestrian,134,0.18178364180366322,0,0,0,4
0015,pedestrian,135,0.3864331766831645,0,0,0,4
0015,pedestrian,136,0.1464347148299605,0,0,0,4
0015,pedestrian,137,0.26646677058031953,1,1,0,4
0015,pedestrian,138,0.13926999390598735,0,0,0,4
0015,pedestrian,139,0.31977676689809287,1,1,0,4
0015,pedestrian,140,0.1886684927648489,0,0,0,4
0015,pedestrian,141,0.3546203799731299,0,0,0,4
0015,pedestrian,142,0.15668307885640903,0,0,0,4
0015,pedestrian,143,0.15121205180139372,0,0,0,3
0015,pedestrian,144,0.290158823775797,0,0,0,3
0015,pedestrian,145,0.26592702574220467,0,0,0,3
0015,pedestrian,146,0.12817060884789888,1,1,0,3
0015,pedestrian,147,0.17224713550855394,1,1,0,3
0015,pedestrian,148,0.0867239816772175,0,0,0,2
0015,pedestrian,149,0.059860483687709055,0,0,0,2
0015,pedestrian,150,0.09829816327839293,0,0,0,2
0015,pedestrian,151,0.14038470864735278,0,0,0,2
0015,pedestrian,152,0.14389843225683718,0,0,0,2
0015,pedestrian,153,0.06026523444892441,0,0,0,2
0015,pedestrian,154,0.05113874218477346,0,0,0,2
0015,pedestrian,155,0.6449906068851861,0,0,0,2
0015,pedestrian,156,0.6385064998359941,0,0,0,2
0015,pedestrian,157,0.2024153856721887,0,0,0,2
0015,pedestrian,158,2.6130447454284207,0,0,0,2
0015,pedestrian,159,2.123332439933687,0,0,0,2
0015,pedestrian,160,1.6641721657502748,0,0,0,2
0015,pedestrian,161,1.7327969020152132,0,0,0,2
0015,pedestrian,162,1.917387967673083,0,0,0,2
0015,pedestrian,163,1.9936799348160208,0,0,0,2
0015,pedestrian,164,1.230527157765685,0,0,0,2
0015,pedestrian,165,1.3117117163694407,0,0,0,2
0015,pedestrian,166,0.8662839976080707,0,0,0,2
0015,pedestrian,167,0.8382352213331126,0,0,0,2
0015,pedestrian,168,0.8021703659222412,0,0,0,2
0015,pedestrian,169,0.5348209878242417,0,0,0,2
0015,pedestrian,170,0.5726134129246517,0,0,0,2
0015,pedestrian,171,0.3875419740757447,0,0,0,2
0015,pedestrian,172,0.35712052915024395,0,0,0,2
0015,pedestrian,173,0.2732282958235004,0,0,0,2
0015,pedestrian,174,0.3481456719684357,0,0,0,2
0015,pedestrian,175,0.1984549212943174,0,0,0,2
0015,pedestrian,176,0.29041256962821355,0,0,0,2
0015,pedestrian,177,0.13785047906504708,0,0,0,2
0015,pedestrian,178,0.22923884657089078,0,0,0,2
0015,pedestrian,179,0.1867889866159378,0,0,0,2
0015,pedestrian,180,0.17355592329208142,0,0,0,2
0015,pedestrian,181,0.11389040072859025,0,0,0,2
0015,pedestrian,182,0.21023329466078075,1,1,0,2
0015,pedestrian,183,0.03706908062888129,0,0,0,2
0015,pedestrian,184,0.048032242756079147,0,0,0,2
0015,pedestrian,185,0.1544898990623762,0,0,0,2
0015,pedestrian,186,0.13159228700687053,1,1,0,2
0015,pedestrian,187,0.05378776283595265,1,1,0,2
0015,pedestrian,188,0.14630086650221003,0,0,0,2
0015,pedestrian,189,0.10371968080003896,0,0,0,2
0015,pedestrian,190,0.1038727024343006,0,0,0,2
0015,pedestrian,191,0.051908212313114266,0,0,0,2
0015,pedestrian,192,0.057347443698347655,0,0,0,2
0015,pedestrian,193,0.18805195349292175,0,0,0,2
0015,pedestrian,194,0.12540394724866472,0,0,0,2
0015,pedestrian,195,0.06588658306523926,0,0,0,2
0015,pedestrian,196,0.03142123813866998,1,1,0,2
0015,pedestrian,197,0.18645618429149607,0,0,0,2
0015,pedestrian,198,0.12219508692214899,0,0,0,2
0015,pedestrian,199,0.14448241530109762,0,0,0,2
0015,pedestrian,200,0.16987047317896753,1,1,0,2
0015,pedestrian,201,0.17403214379535595,1,1,0,2
0015,pedestrian,202,0.16675354138236892,0,0,0,2
0015,pedestrian,203,0.17693596348711052,1,1,0,2
0015,pedestrian,204,0.30647380554649856,0,0,0,2
0015,pedestrian,205,0.10820864280912569,0,0,0,2
0015,pedestrian,206,0.27859514526825535,0,0,0,2
0015,pedestrian,207,0.05246713434468997,0,0,0,2
0015,pedestrian,208,0.19343765709317007,0,0,0,2
0015,pedestrian,209,0.2532903052328536,0,0,0,2
0015,pedestrian,210,0.19715641963311215,0,0,0,2
0015,pedestrian,211,0.10784561944977612,0,0,0,2
0015,pedestrian,212,0.1299938316669214,0,0,0,2
0015,pedestrian,213,0.29934880190545843,0,0,0,2
0015,pedestrian,214,0.15628924836750446,0,0,0,2
0015,pedestrian,215,0.2778943957619592,0,0,0,2
0015,pedestrian,216,0.23681033021947875,0,0,0,2
0015,pedestrian,217,0.19405812084562823,0,0,0,2
0015,pedestrian,218,0.17252036966198872,0,0,0,2
0015,pedestrian,219,0.3173074206754052,0,0,0,2
0015,pedestrian,220,0.1883243844743126,0,0,0,2
0015,pedestrian,221,0.20081992519481223,0,0,0,2
0015,pedestrian,222,0.20392860017612638,0,0,0,2
0015,pedestrian,223,0.10803204225534611,0,0,0,2
0015,pedestrian,224,0.17882942713655534,0,0,0,2
0015,pedestrian,225,0.2699967366821721,0,0,0,2
0015,pedestrian,226,0.23558728671039883,0,0,0,2
0015,pedestrian,227,0.11344475001863531,0,0,0,2
0015,pedestrian,228,0.20011007484925153,0,0,0,2
0015,pedestrian,229,0.0815100344723091,0,0,0,2
0015,pedestrian,230,0.14966220536153715,0,0,0,1
0015,pedestrian,231,0.056868554714113034,0,0,0,1
0015,pedestrian,232,0.14490491806523825,0,0,0,1
0016,car,0,0.0,0,0,0,4
0016,car,1,0.1297811711121427,0,0,0,4
0016,car,2,0.3183355497691841,0,0,0,4
0016,car,3,0.052791558089627794,0,0,0,4
0016,car,4,0.24411010783743148,0,0,0,4
0016,car,5,0.2509156426717687,0,0,0,4
0016,car,6,0.42982557441663116,0,0,0,4
0016,car,7,0.3208348457321921,0,0,0,4
0016,car,8,0.24461603900861983,0,0,0,4
0016,car,9,0.5318000202013285,0,0,0,4
0016,car,10,0.28566062652192,0,0,0,4
0016,car,11,0.11060842381727728,0,0,0,4
0016,car,12,0.0875808624341663,0,0,0,4
0016,car,13,0.7517609549177511,0,0,0,4
0016,car,14,0.3699122024770603,0,0,0,4
0016,car,15,0.22413747888351565,0,0,0,4
0016,car,16,0.17418138055881505,0,0,0,4
0016,car,17,0.5349344145077037,0,0,0,4
0016,car,18,0.9012828313606354,0,0,0,4
0016,car,19,0.15962957417198187,0,0,0,4
0016,car,20,0.12306126395364074,0,0,0,4
0016,car,21,0.161306263016335,0,0,0,4
0016,car,22,0.1774413539818162,0,0,0,4
0016,car,23,0.2629707751138498,0,0,0,4
0016,car,24,0.1631214375916542,0,0,0,4
0016,car,25,0.37822840322278234,0,0,0,4
0016,car,26,0.15934895251564662,0,0,0,4
0016,car,27,0.5132398093360668,0,0,0,4
0016,car,28,0.27427665257699474,0,0,0,4
0016,car,29,0.1832772521333636,0,0,0,4
0016,car,30,0.12317392060810628,0,0,0,4
0016,car,31,0.3180333985793376,0,0,0,4
0016,car,32,0.17279083467237238,0,0,0,4
0016,car,33,0.183866240020794,1,1,0,4
0016,car,34,0.22554955951867872,0,0,0,4
0016,car,35,0.27544284672160624,0,0,0,4
0016,car,36,0.3597045363038589,0,0,0,4
0016,car,37,0.4214683454384004,0,0,0,4
0016,car,38,0.2650535768610064,0,0,0,4
0016,car,39,0.25791750620165194,0,0,0,4
0016,car,40,0.14932441127090818,1,1,0,4
0016,car,41,0.3677714788173531,0,0,0,4
0016,car,42,0.3013177888737406,0,0,0,4
0016,car,43,0.27452539466064224,0,0,0,4
0016,car,44,0.3583276571160807,0,0,0,4
0016,car,45,0.26875740846257057,0,0,0,4
0016,car,46,0.18417635442393365,1,1,0,4
0016,car,47,0.24795144217830578,0,0,0,4
0016,car,48,0.19434946116925678,0,0,0,4
0016,car,49,0.30701724491848414,0,0,0,4
0016,car,50,0.31580773250269495,0,0,0,4
0016,car,51,0.2249875981406406,0,0,0,4
0016,car,52,0.42318561233703156,0,0,0,4
0016,car,53,0.5318025569284586,0,0,0,4
0016,car,54,0.5818895564053455,0,0,0,4
0016,car,55,0.3950445208614689,0,0,0,4
0016,car,56,0.5111884100769248,0,0,0,4
0016,car,57,0.4436497783625072,0,0,0,4
0016,car,58,0.7233947539201325,0,0,0,4
0016,car,59,0.5666394565355535,0,0,0,4
0016,car,60,0.6359015724507219,0,0,0,4
0016,car,61,0.47363979865003303,0,0,0,4
0016,car,62,0.5386279400910776,0,0,0,4
0016,car,63,0.6149973302050703,0,0,0,4
0016,car,64,0.6732173063570583,0,0,0,4
0016,car,65,0.5537930987994891,0,0,0,4
0016,car,66,0.5319840714589039,0,0,0,4
0016,car,67,0.7414230137886934,0,0,0,4
0016,car,68,0.7769768103495053,1,1,0,4
0016,car,69,0.48015871686799394,0,0,0,4
0016,car,70,0.6487316972047521,0,0,0,4
0016,car,71,0.645452984056681,0,0,0,4
0016,car,72,0.37291386556643225,0,0,0,4
0016,car,73,0.8217511336464014,0,0,0,4
0016,car,74,0.34832436301235864,0,0,0,4
0016,car,75,0.5730617293246553,0,0,0,4
0016,car,76,0.4155972599533023,0,0,0,4
0016,car,77,0.527899590374491,0,0,0,4
0016,car,78,0.4190819419787657,0,0,0,4
0016,car,79,0.6220097859819286,1,1,0,4
0016,car,80,0.534434150405795,0,0,0,4
0016,car,81,0.6183777639365836,0,0,0,4
0016,car,82,0.5260646263452566,0,0,0,4
0016,car,83,0.5794236167033175,0,0,0,4
0016,car,84,0.8126970016151253,0,0,0,4
0016,car,85,0.640961001339247,0,0,0,4
0016,car,86,0.4622009842883944,0,0,0,4
0016,car,87,0.40730741126677006,0,0,0,4
0016,car,88,0.5489566685679031,0,0,0,4
0016,car,89,0.46987689879554373,0,0,0,4
0016,car,90,0.38157815942514206,0,0,0,4
0016,car,91,0.405144814880243,0,0,0,4
0016,car,92,0.5377653271888789,0,0,0,4
0016,car,93,0.4169250992644813,0,0,0,4
0016,car,94,0.527748672022579,0,0,0,4
0016,car,95,0.5157776527569611,0,0,0,4
0016,car,96,2.0888964620479635,0,0,0,4
0016,car,97,0.540614583564349,0,0,0,4
0016,car,98,0.533573833365639,0,0,0,4
0016,car,99,0.5584392597371906,0,0,0,4
0016,car,100,1.6046906394612828,0,0,0,4
0016,car,101,0.4362691214486565,0,0,0,4
0016,car,102,0.48766454058023945,0,0,0,4
0016,car,103,0.6282157726570669,0,0,0,4
0016,car,104,0.694853713730766,1,1,0,4
0016,car,105,0.6333575196235479,0,0,0,4
0016,car,106,0.6551771714519923,0,0,0,4
0016,car,107,0.6128420144560438,0,0,0,4
0016,car,108,0.8907247679793964,0,0,0,4
0016,car,109,0.7263674128986868,0,0,0,4
0016,car,110,1.0065428285117797,0,0,0,4
0016,car,111,0.6502662028799462,0,0,0,4
0016,car,112,0.6121160191834387,0,0,0,4
0016,car,113,0.5493846025964622,0,0,0,4
0016,car,114,0.5685018192118988,0,0,0,4
0016,car,115,0.387812911224254,0,0,0,4
0016,car,116,0.45421820945685487,0,0,0,4
0016,car,117,0.628068553196458,0,0,0,4
0016,car,118,0.7109525928351303,0,0,0,4
0016,car,119,0.9338639019248727,0,0,0,4
0016,car,120,1.1203240059980937,0,0,0,4
0016,car,121,0.6794353456637277,1,1,0,4
0016,car,122,0.8555944456831026,0,0,0,4
0016,car,123,0.6980632181717521,0,0,0,4
0016,car,124,0.7484550435916958,0,0,0,4
0016,car,125,2.043090467178936,0,0,0,4
0016,car,126,1.5037485955990566,1,1,0,4
0016,car,127,1.2509420580656065,0,0,0,4
0016,car,128,0.6640516072117602,0,0,0,4
0016,car,129,4.611986404709336,0,0,0,4
0016,car,130,1.0284970333424082,0,0,0,4
0016,car,131,0.6620561370538942,1,1,0,4
0016,car,132,0.9226423384433773,0,0,0,4
0016,car,133,0.9269080220999908,0,0,0,4
0016,car,134,0.6337014116295803,0,0,0,4
0016,car,135,1.1891764792418815,2,2,0,4
0016,car,136,0.8899064212557689,0,0,0,4
0016,car,137,2.374347862237946,0,0,0,4
0016,car,138,0.9230635095948285,0,0,0,4
0016,car,139,0.8664782439863173,0,0,0,4
0016,car,140,1.2185731811970197,1,1,0,4
0016,car,141,0.7582737205537387,0,0,0,4
0016,car,142,0.7378829671796578,0,0,0,4
0016,car,143,0.8011459091571755,0,0,0,4
0016,car,144,0.5056804592870114,1,0,1,4
0016,car,145,0.9069296384517691,0,0,0,4
0016,car,146,0.5114266228462588,0,0,0,4
0016,car,147,0.5157632341558098,0,0,0,4
0016,car,148,0.3880498093071968,0,0,0,4
0016,car,149,0.48175863904164673,0,0,0,4
0016,car,150,0.5390321308771276,0,0,0,4
0016,car,151,0.5784125233319302,0,0,0,4
0016,car,152,0.9136674251540855,0,0,0,4
0016,car,153,1.0343124263280217,0,1,-1,4
0016,car,154,0.6246536492071718,0,0,0,4
0016,car,155,0.40572692863956883,0,0,0,4
0016,car,156,0.5443799941930298,0,0,0,4
0016,car,157,0.6677131190145674,0,0,0,4
0016,car,158,0.662200598079651,0,0,0,4
0016,car,159,0.5993345533506755,0,0,0,4
0016,car,160,0.26194710481678213,0,0,0,4
0016,car,161,0.4257526152611895,0,0,0,4
0016,car,162,0.5145993103620388,0,0,0,4
0016,car,163,0.6114302122500344,0,0,0,4
0016,car,164,0.6007267055013719,0,0,0,4
0016,car,165,0.5657207796640215,0,0,0,4
0016,car,166,0.30097103597767894,0,0,0,4
0016,car,167,0.22385063398916555,0,0,0,4
0016,car,168,0.3935280346777229,0,0,0,4
0016,car,169,0.44713560188537826,0,0,0,4
0016,car,170,0.30972274740625494,0,0,0,4
0016,car,171,0.22228072644228428,0,0,0,4
0016,car,172,0.2681190869139298,0,0,0,4
0016,car,173,0.36950512160217386,0,0,0,4
0016,car,174,0.9439667391727413,0,0,0,4
0016,car,175,0.2746085648018128,0,0,0,4
0016,car,176,0.11223587777250656,0,0,0,4
0016,car,177,0.22172307509461078,0,0,0,4
0016,car,178,0.610508485015124,0,0,0,4
0016,car,179,0.24794599373155676,0,0,0,4
0016,car,180,0.14229057160972458,0,0,0,4
0016,car,181,0.19620766787213983,0,0,0,4
0016,car,182,0.3880514443922084,0,0,0,4
0016,car,183,0.3491056804657109,1,1,0,4
0016,car,184,0.38370426668250684,1,1,0,4
0016,car,185,0.34250188141791116,0,0,0,4
0016,car,186,0.13638362751986258,0,0,0,4
0016,car,187,0.15208084299385483,0,0,0,4
0016,car,188,0.2697992375945889,0,0,0,4
0016,car,189,0.3924073342646439,0,0,0,4
0016,car,190,0.32099553877810966,0,0,0,4
0016,car,191,0.15585402045180635,0,0,0,4
0016,car,192,0.26121022598292054,0,0,0,4
0016,car,193,0.3657684558760136,0,0,0,4
0016,car,194,0.30196628501105843,1,1,0,4
0016,car,195,0.3330881421264493,0,0,0,4
0016,car,196,0.2574364407189418,0,0,0,4
0016,car,197,0.2854120777550232,0,0,0,4
0016,car,198,0.2563998930128307,0,0,0,4
0016,car,199,0.18505718037893454,0,0,0,4
0016,car,200,0.14560357745221647,0,0,0,4
0016,car,201,0.16116473425246158,0,0,0,4
0016,car,202,0.2592286612319092,0,0,0,4
0016,car,203,0.025175905498932883,0,0,0,4
0016,car,204,0.11996401587885876,0,0,0,4
0016,car,205,0.05789582659888194,0,0,0,4
0016,car,206,0.06122425178495727,0,0,0,4
0016,car,207,0.009614539143602756,0,0,0,4
0016,car,208,0.08905739345090484,0,0,0,4
0016,pedestrian,0,0.0,0,0,0,8
0016,pedestrian,1,0.05357738009652574,0,0,0,8
0016,pedestrian,2,0.24811552894840552,0,0,0,8
0016,pedestrian,3,0.00812695009099663,0,0,0,8
0016,pedestrian,4,0.19850088375891947,0,0,0,8
0016,pedestrian,5,0.1298466187289501,0,0,0,8
0016,pedestrian,6,0.19129253614670969,0,0,0,8
0016,pedestrian,7,0.24067703230930115,0,0,0,8
0016,pedestrian,8,0.17472710872407737,0,0,0,8
0016,pedestrian,9,0.3753344221532005,0,0,0,8
0016,pedestrian,10,0.23686603993012428,0,0,0,8
0016,pedestrian,11,0.093915532895965,0,0,0,8
0016,pedestrian,12,0.10916824607562578,0,0,0,8
0016,pedestrian,13,0.37057809416767934,0,0,0,8
0016,pedestrian,14,0.2836141769957935,1,1,0,8
0016,pedestrian,15,0.18391872192181197,0,0,0,8
0016,pedestrian,16,0.11442158344876949,0,0,0,8
0016,pedestrian,17,0.2633853075434246,0,0,0,9
0016,pedestrian,18,0.46130664335817506,0,0,0,9
0016,pedestrian,19,0.14515764984782986,0,0,0,9
0016,pedestrian,20,0.1432130856981259,0,0,0,11
0016,pedestrian,21,0.24838198199101894,0,0,0,11
0016,pedestrian,22,0.2132111662074159,0,0,0,11
0016,pedestrian,23,0.24635473333868463,0,0,0,12
0016,pedestrian,24,0.12876133149543673,1,1,0,12
0016,pedestrian,25,0.3111982478684955,0,0,0,12
0016,pedestrian,26,0.24131383186870814,1,1,0,12
0016,pedestrian,27,0.360704959340155,0,0,0,12
0016,pedestrian,28,0.31382028973078274,1,1,0,12
0016,pedestrian,29,0.32381103102070674,0,0,0,12
0016,pedestrian,30,0.2928996010347296,2,1,1,12
0016,pedestrian,31,0.3545767944766085,0,1,-1,12
0016,pedestrian,32,0.2948935079826944,1,1,0,12
0016,pedestrian,33,0.4323334254641479,0,0,0,12
0016,pedestrian,34,0.4045676969174404,1,1,0,12
0016,pedestrian,35,0.2946251328873368,0,0,0,12
0016,pedestrian,36,0.4359444842437037,1,1,0,12
0016,pedestrian,37,0.42443490604061573,2,2,0,12
0016,pedestrian,38,0.36746449471698217,0,0,0,12
0016,pedestrian,39,0.4123757005588684,0,0,0,12
0016,pedestrian,40,0.26598605467118475,0,0,0,12
0016,pedestrian,41,0.3554306512852363,1,1,0,12
0016,pedestrian,42,0.35141244999443294,1,1,0,12
0016,pedestrian,43,0.6098269505474564,0,0,0,12
0016,pedestrian,44,0.6419909746028675,0,0,0,12
0016,pedestrian,45,0.516721633806277,1,1,0,12
0016,pedestrian,46,0.4312529460058507,1,1,0,11
0016,pedestrian,47,0.5213696173205487,0,0,0,11
0016,pedestrian,48,0.4014268771492647,1,1,0,10
0016,pedestrian,49,0.44895095297549104,0,0,0,10
0016,pedestrian,50,0.5024146628685638,0,0,0,10
0016,pedestrian,51,0.3739521956029535,0,0,0,10
0016,pedestrian,52,0.5771747199391541,1,1,0,10
0016,pedestrian,53,0.7023216275940285,0,0,0,10
0016,pedestrian,54,0.612846628871642,1,1,0,10
0016,pedestrian,55,0.6349872745348948,0,0,0,11
0016,pedestrian,56,0.6002254797971984,1,1,0,11
0016,pedestrian,57,0.48272120251585077,1,1,0,12
0016,pedestrian,58,0.6983454491506635,0,0,0,12
0016,pedestrian,59,0.6085630555135235,1,1,0,12
0016,pedestrian,60,0.7120643084601086,2,2,0,12
0016,pedestrian,61,0.577959866790415,0,0,0,12
0016,pedestrian,62,0.6183374081017913,0,0,0,12
0016,pedestrian,63,0.6634091679860619,0,0,0,12
0016,pedestrian,64,0.6890502388953273,0,0,0,12
0016,pedestrian,65,0.6151633062069062,0,0,0,12
0016,pedestrian,66,0.6383764287182598,2,2,0,12
0016,pedestrian,67,0.7296527066088385,0,0,0,12
0016,pedestrian,68,0.5943322437520906,1,1,0,12
0016,pedestrian,69,0.6068377853123159,0,0,0,12
0016,pedestrian,70,0.6874026913528415,1,1,0,12
0016,pedestrian,71,0.8133011162123833,1,1,0,13
0016,pedestrian,72,0.47417246293934456,0,0,0,13
0016,pedestrian,73,0.925907544481322,0,0,0,12
0016,pedestrian,74,0.4731381476940204,1,1,0,12
0016,pedestrian,75,0.6904580576383247,1,1,0,12
0016,pedestrian,76,0.583107324718055,0,0,0,12
0016,pedestrian,77,0.6297726147992367,0,0,0,12
0016,pedestrian,78,0.5664704235230855,0,0,0,12
0016,pedestrian,79,0.7272345913250519,0,0,0,12
0016,pedestrian,80,0.6124017247568566,0,0,0,12
0016,pedestrian,81,0.6363679971432433,0,0,0,12
0016,pedestrian,82,0.6319347732906808,0,0,0,12
0016,pedestrian,83,0.6822452090995919,0,0,0,12
0016,pedestrian,84,0.9015813607677495,0,0,0,12
0016,pedestrian,85,0.6873556429564172,0,0,0,12
0016,pedestrian,86,0.5006595307913706,1,1,0,12
0016,pedestrian,87,0.4905398050752844,0,0,0,12
0016,pedestrian,88,0.6025104398414133,2,2,0,12
0016,pedestrian,89,0.5443253644360659,1,1,0,12
0016,pedestrian,90,0.41768533035229927,1,1,0,12
0016,pedestrian,91,0.45057885966494965,1,1,0,12
0016,pedestrian,92,0.5193973922826753,1,1,0,12
0016,pedestrian,93,0.45963533712413807,3,3,0,12
0016,pedestrian,94,0.5494440298528588,1,1,0,12
0016,pedestrian,95,0.44821600285699337,0,1,-1,12
0016,pedestrian,96,1.369459207077699,1,0,1,12
0016,pedestrian,97,0.4561344504992668,0,0,0,12
0016,pedestrian,98,0.5091612133118462,0,0,0,12
0016,pedestrian,99,0.5391203436613048,0,0,0,12
0016,pedestrian,100,1.2652514692285204,0,0,0,12
0016,pedestrian,101,0.4121337780569835,0,0,0,12
0016,pedestrian,102,0.4618430489393237,0,0,0,12
0016,pedestrian,103,0.570011604637339,1,1,0,13
0016,pedestrian,104,0.5693651233212256,0,0,0,13
0016,pedestrian,105,0.4799254951077255,1,1,0,13
0016,pedestrian,106,0.47965379559726296,0,0,0,13
0016,pedestrian,107,0.44424506095793614,0,0,0,13
0016,pedestrian,108,0.6153948676606221,0,0,0,13
0016,pedestrian,109,0.5801092676420008,0,0,0,13
0016,pedestrian,110,0.7291285710655151,1,1,0,13
0016,pedestrian,111,0.44164819444450226,0,0,0,13
0016,pedestrian,112,0.41016988517246517,1,1,0,13
0016,pedestrian,113,0.3257048934759823,1,1,0,13
0016,pedestrian,114,0.330781309922772,1,1,0,13
0016,pedestrian,115,0.20408498135720238,0,0,0,13
0016,pedestrian,116,0.262708704695753,1,1,0,13
0016,pedestrian,117,0.36655835772148787,0,0,0,13
0016,pedestrian,118,0.3821753586819895,1,1,0,13
0016,pedestrian,119,0.5854418156672018,0,0,0,13
0016,pedestrian,120,0.7314680382111705,2,2,0,13
0016,pedestrian,121,0.3721763661225088,1,1,0,13
0016,pedestrian,122,0.49809223950667736,1,3,-2,13
0016,pedestrian,123,0.34310365310471286,2,2,0,13
0016,pedestrian,124,0.4339727300969894,0,0,0,13
0016,pedestrian,125,1.1356076025251438,2,2,0,13
0016,pedestrian,126,0.7571742030497005,0,0,0,13
0016,pedestrian,127,0.7086802700163967,2,2,0,13
0016,pedestrian,128,0.38000449576069384,0,0,0,13
0016,pedestrian,129,2.3337733930140314,1,1,0,13
0016,pedestrian,130,0.5987046957216632,0,0,0,13
0016,pedestrian,131,0.37576845708093654,0,1,-1,13
0016,pedestrian,132,0.4833840266196001,1,1,0,12
0016,pedestrian,133,0.5280176696613221,0,1,-1,11
0016,pedestrian,134,0.2811413387813704,1,0,1,11
0016,pedestrian,135,0.615264120773924,0,0,0,11
0016,pedestrian,136,0.5453774306176337,1,0,1,11
0016,pedestrian,137,1.117642157888594,1,0,1,11
0016,pedestrian,138,0.5397216880462967,1,1,0,11
0016,pedestrian,139,0.41485455807160687,0,1,-1,11
0016,pedestrian,140,0.7012196318522205,1,0,1,11
0016,pedestrian,141,0.40624941483154725,1,0,1,9
0016,pedestrian,142,0.48088366562089013,0,0,0,9
0016,pedestrian,143,0.44244962289533596,0,0,0,9
0016,pedestrian,144,0.3143095219825195,0,0,0,9
0016,pedestrian,145,0.5222960382254704,0,0,0,9
0016,pedestrian,146,0.37399484090009394,0,0,0,8
0016,pedestrian,147,0.3556222926164639,0,0,0,8
0016,pedestrian,148,0.302067764742986,0,0,0,8
0016,pedestrian,149,0.35228865052203534,0,0,0,8
0016,pedestrian,150,0.42391900247677433,0,0,0,8
0016,pedestrian,151,0.4471954599475454,1,1,0,8
0016,pedestrian,152,0.6894058371562246,0,0,0,8
0016,pedestrian,153,0.6980699338962973,2,2,0,8
0016,pedestrian,154,0.4477920385729366,0,0,0,8
0016,pedestrian,155,0.28925811784607924,0,0,0,8
0016,pedestrian,156,0.4174034813362372,0,0,0,8
0016,pedestrian,157,0.41783062203759724,0,0,0,8
0016,pedestrian,158,0.4239031322635118,0,0,0,8
0016,pedestrian,159,0.3750528659482585,0,0,0,8
0016,pedestrian,160,0.2800058503661612,1,1,0,7
0016,pedestrian,161,0.3672690541020848,1,1,0,7
0016,pedestrian,162,0.3534619212978984,0,0,0,7
0016,pedestrian,163,0.38534166487414967,0,0,0,7
0016,pedestrian,164,0.41726339239505916,0,0,0,7
0016,pedestrian,165,0.420334174728513,0,0,0,7
0016,pedestrian,166,0.2669194613070903,0,0,0,7
0016,pedestrian,167,0.23063981256274857,0,0,0,7
0016,pedestrian,168,0.32991281743412293,0,0,0,7
0016,pedestrian,169,0.35943864029359107,0,0,0,7
0016,pedestrian,170,0.29632523244314507,0,0,0,7
0016,pedestrian,171,0.21043174539046464,0,0,0,6
0016,pedestrian,172,0.3367371177858795,0,0,0,6
0016,pedestrian,173,0.3769189190414446,0,0,0,6
0016,pedestrian,174,0.7676294376324612,0,0,0,6
0016,pedestrian,175,0.3057516375289896,0,0,0,6
0016,pedestrian,176,0.22635196840352387,0,0,0,6
0016,pedestrian,177,0.3375472260407959,1,1,0,6
0016,pedestrian,178,0.7014523632210724,1,1,0,5
0016,pedestrian,179,0.2549904845336707,1,1,0,4
0016,pedestrian,180,0.32745478719662463,0,0,0,4
0016,pedestrian,181,0.3728800643637095,1,1,0,4
0016,pedestrian,182,0.5231979549798742,0,0,0,4
0016,pedestrian,183,0.3666987091306919,0,0,0,3
0016,pedestrian,184,0.4537534458643734,0,0,0,3
0016,pedestrian,185,0.4586565168249429,0,0,0,3
0016,pedestrian,186,0.2785475032461323,0,0,0,3
0016,pedestrian,187,0.3947477160391163,0,0,0,3
0016,pedestrian,188,0.3117383054312779,0,0,0,4
0016,pedestrian,189,0.3387702541234209,0,0,0,4
0016,pedestrian,190,0.44121285911805264,0,0,0,4
0016,pedestrian,191,0.41508839061407227,0,0,0,4
0016,pedestrian,192,0.344138186649104,0,0,0,4
0016,pedestrian,193,0.4452176854560663,0,0,0,4
0016,pedestrian,194,0.5542338929039972,0,0,0,4
0016,pedestrian,195,0.5836952948755711,0,0,0,4
0016,pedestrian,196,0.5742610803279986,0,0,0,4
0016,pedestrian,197,0.3781148647659759,0,0,0,4
0016,pedestrian,198,0.42204037886351775,0,0,0,4
0016,pedestrian,199,0.33119097887736526,0,0,0,5
0016,pedestrian,200,0.4311261425241851,0,0,0,5
0016,pedestrian,201,0.4150712632079244,0,0,0,5
0016,pedestrian,202,0.2653026224796701,0,0,0,5
0016,pedestrian,203,0.2664677889204405,2,2,0,5
0016,pedestrian,204,0.2769529663883608,0,0,0,5
0016,pedestrian,205,0.3396017171631867,0,0,0,6
0016,pedestrian,206,0.1652405860246448,1,1,0,6
0016,pedestrian,207,0.11487955246045009,0,0,0,6
0016,pedestrian,208,0.06706659503212216,1,1,0,6
0017,pedestrian,0,0.0,0,0,0,6
0017,pedestrian,1,0.166528898578505,0,0,0,6
0017,pedestrian,2,0.1482245385318733,0,0,0,6
0017,pedestrian,3,0.1212377639616564,0,0,0,6
0017,pedestrian,4,0.10912509857150021,0,0,0,6
0017,pedestrian,5,0.1491741016722852,0,0,0,6
0017,pedestrian,6,0.1567824021689736,0,0,0,6
0017,pedestrian,7,0.09749965308862359,0,0,0,6
0017,pedestrian,8,0.10749497414736066,0,0,0,7
0017,pedestrian,9,0.05897107672509559,0,0,0,7
0017,pedestrian,10,0.07968936604105249,0,0,0,7
0017,pedestrian,11,0.2141001342498784,0,0,0,8
0017,pedestrian,12,0.2447310836498314,0,0,0,8
0017,pedestrian,13,0.3056605402105779,0,0,0,8
0017,pedestrian,14,0.3592865375484685,0,0,0,8
0017,pedestrian,15,0.30176460742231603,0,0,0,8
0017,pedestrian,16,0.3618651103767137,0,0,0,8
0017,pedestrian,17,0.23436951748162071,1,1,0,8
0017,pedestrian,18,0.32515447734603464,0,0,0,9
0017,pedestrian,19,0.49719581929354684,0,0,0,9
0017,pedestrian,20,0.3108220725730926,1,1,0,9
0017,pedestrian,21,0.3316981410609422,0,0,0,9
0017,pedestrian,22,0.30764913812334216,0,0,0,9
0017,pedestrian,23,0.18681500980109117,0,0,0,9
0017,pedestrian,24,0.32902830692608265,2,2,0,9
0017,pedestrian,25,0.23531745962071599,2,2,0,9
0017,pedestrian,26,0.3124098573322144,0,0,0,9
0017,pedestrian,27,0.06494360555943567,0,0,0,9
0017,pedestrian,28,0.2756910745840919,2,2,0,9
0017,pedestrian,29,0.1260838830558796,1,1,0,9
0017,pedestrian,30,0.10192129757720228,1,1,0,9
0017,pedestrian,31,0.04992929638133548,0,0,0,9
0017,pedestrian,32,0.048670592277180236,0,0,0,9
0017,pedestrian,33,0.0452311289486623,0,0,0,9
0017,pedestrian,34,0.06518295454913187,2,2,0,9
0017,pedestrian,35,0.11331236452406578,0,0,0,9
0017,pedestrian,36,0.11631385040882415,0,0,0,9
0017,pedestrian,37,0.0845277449403995,0,0,0,9
0017,pedestrian,38,0.059884263311808954,1,1,0,9
0017,pedestrian,39,0.1245872805418266,0,0,0,9
0017,pedestrian,40,0.01405945799279676,1,1,0,9
0017,pedestrian,41,0.07494634192596841,0,0,0,7
0017,pedestrian,42,0.2530969008124353,1,1,0,7
0017,pedestrian,43,0.11415356013457797,1,1,0,7
0017,pedestrian,44,0.08185115596357267,0,0,0,7
0017,pedestrian,45,0.1206099351751487,0,0,0,7
0017,pedestrian,46,0.13408422324234032,0,0,0,7
0017,pedestrian,47,0.28793437333662375,1,1,0,7
0017,pedestrian,48,0.08960193068872144,0,0,0,7
0017,pedestrian,49,0.28362772236510525,0,0,0,7
0017,pedestrian,50,0.17291999399042962,0,0,0,7
0017,pedestrian,51,0.14054446348667338,0,0,0,7
0017,pedestrian,52,0.04285138662317142,0,0,0,7
0017,pedestrian,53,0.06554623263467561,0,0,0,7
0017,pedestrian,54,0.08271110171609775,0,0,0,7
0017,pedestrian,55,0.07679999466594273,0,0,0,7
0017,pedestrian,56,0.11101702615019407,0,0,0,7
0017,pedestrian,57,0.1339818103444028,0,0,0,7
0017,pedestrian,58,0.13233352647659002,0,0,0,7
0017,pedestrian,59,0.05193566462933456,0,0,0,7
0017,pedestrian,60,0.08478898581986355,0,0,0,7
0017,pedestrian,61,0.1685942703889533,0,0,0,7
0017,pedestrian,62,0.1019958691386373,0,0,0,6
0017,pedestrian,63,0.08306390902033658,0,0,0,6
0017,pedestrian,64,0.08331894352538768,0,0,0,5
0017,pedestrian,65,0.1707414022209921,0,0,0,5
0017,pedestrian,66,0.16546576924424536,0,0,0,5
0017,pedestrian,67,0.12551845386599722,0,0,0,4
0017,pedestrian,68,0.06565521793096549,0,0,0,4
0017,pedestrian,69,0.08856730653870332,0,0,0,4
0017,pedestrian,70,0.14069594957838683,0,0,0,4
0017,pedestrian,71,0.16368799220536612,0,0,0,4
0017,pedestrian,72,0.12605899548925784,0,0,0,4
0017,pedestrian,73,0.3073531112761595,0,0,0,4
0017,pedestrian,74,0.11503787137643058,0,0,0,4
0017,pedestrian,75,0.09456694243559453,0,0,0,4
0017,pedestrian,76,0.06157371348881674,0,0,0,4
0017,pedestrian,77,0.07157651910297047,0,0,0,4
0017,pedestrian,78,0.04728281045720887,0,0,0,4
0017,pedestrian,79,0.06845298726992842,0,0,0,4
0017,pedestrian,80,0.20323115175401749,0,0,0,4
0017,pedestrian,81,0.18594076604852602,0,0,0,4
0017,pedestrian,82,0.31456292449862855,0,0,0,4
0017,pedestrian,83,0.25421491517559297,0,0,0,4
0017,pedestrian,84,0.7938041191310519,0,0,0,4
0017,pedestrian,85,0.5162643446674762,0,0,0,4
0017,pedestrian,86,0.8120589030226427,0,0,0,4
0017,pedestrian,87,0.6427022083009561,0,0,0,4
0017,pedestrian,88,0.6816348455915674,0,0,0,4
0017,pedestrian,89,0.6607779505353356,0,0,0,4
0017,pedestrian,90,0.6321915784816683,0,0,0,4
0017,pedestrian,91,0.3188382136982757,0,0,0,4
0017,pedestrian,92,0.40859088122027354,0,0,0,4
0017,pedestrian,93,0.6143600828654325,0,0,0,4
0017,pedestrian,94,0.5386696569858296,0,0,0,4
0017,pedestrian,95,0.5240767975641374,0,0,0,4
0017,pedestrian,96,0.515771327838671,0,0,0,4
0017,pedestrian,97,0.63967054200712,0,0,0,4
0017,pedestrian,98,0.49329932601826565,0,0,0,4
0017,pedestrian,99,0.828842543393032,0,0,0,4
0017,pedestrian,100,0.6859540085019983,0,0,0,4
0017,pedestrian,101,0.6703255745504576,0,0,0,4
0017,pedestrian,102,0.7241696596436086,0,0,0,4
0017,pedestrian,103,0.8365729591942537,0,0,0,4
0017,pedestrian,104,1.043338202889105,0,0,0,4
0017,pedestrian,105,0.8263613721539209,0,0,0,4
0017,pedestrian,106,0.7195025976646294,0,0,0,4
0017,pedestrian,107,0.5390797673742849,0,0,0,4
0017,pedestrian,108,0.8715085624978702,0,0,0,4
0017,pedestrian,109,0.9609869744025272,0,0,0,4
0017,pedestrian,110,0.6859781170786281,0,0,0,4
0017,pedestrian,111,0.9151990960523351,0,0,0,4
0017,pedestrian,112,0.9472188478398441,0,0,0,3
0017,pedestrian,113,0.8268078293716203,0,0,0,3
0017,pedestrian,114,0.6832258057061734,0,0,0,3
0017,pedestrian,115,0.882659756210486,0,0,0,3
0017,pedestrian,116,0.9474272437119059,0,0,0,3
0017,pedestrian,117,1.0038564238574754,0,0,0,3
0017,pedestrian,118,1.0769315808567705,0,0,0,3
0017,pedestrian,119,1.2829895608064623,0,0,0,3
0017,pedestrian,120,1.2111542884472406,0,0,0,3
0017,pedestrian,121,0.8832326274916785,0,0,0,3
0017,pedestrian,122,0.24587283858349124,0,0,0,3
0017,pedestrian,123,0.09440889405608335,0,0,0,3
0017,pedestrian,124,0.2958590584802477,0,0,0,3
0017,pedestrian,125,0.3691441671201859,0,0,0,3
0017,pedestrian,126,0.2369643641913489,0,0,0,3
0017,pedestrian,127,0.4651621929976944,0,0,0,3
0017,pedestrian,128,0.5159702663156017,0,0,0,3
0017,pedestrian,129,0.19360716637299896,0,0,0,3
0017,pedestrian,130,0.327841262932693,0,0,0,3
0017,pedestrian,131,0.10887314463713384,0,0,0,3
0017,pedestrian,132,0.5577433069672995,0,0,0,3
0017,pedestrian,133,0.26776567887372066,0,0,0,3
0017,pedestrian,134,0.30082326182543895,0,0,0,3
0017,pedestrian,135,0.32358185442921683,0,0,0,3
0017,pedestrian,136,0.3044037314890633,0,0,0,3
0017,pedestrian,137,0.24730067670020447,0,0,0,3
0017,pedestrian,138,0.18766947699260514,0,0,0,3
0017,pedestrian,139,0.3191078336052991,0,0,0,3
0017,pedestrian,140,0.19617598116366217,0,0,0,3
0017,pedestrian,141,0.44183319720105535,0,0,0,3
0017,pedestrian,142,0.32859108633750933,0,0,0,2
0017,pedestrian,143,0.3727691220444724,0,0,0,2
0017,pedestrian,144,0.2754241247622529,0,0,0,2
0018,car,25,1.0666726616407904,0,0,0,1
0018,car,26,1.8778139744023543,0,0,0,1
0018,car,27,1.3806318827467978,0,0,0,1
0018,car,28,1.898951851721544,0,0,0,1
0018,car,29,2.429218647224885,0,0,0,1
0018,car,30,2.243654128212422,0,0,0,1
0018,car,31,2.3451892188551815,0,0,0,1
0018,car,32,2.9582171806156734,0,0,0,1
0018,car,33,1.5767224458756648,0,0,0,1
0018,car,34,1.9017360427911043,0,0,0,1
0018,car,35,2.494490667942513,0,0,0,1
0018,car,36,3.297217353328847,0,0,0,1
0018,car,37,0.47447543813705306,0,0,0,1
0018,car,38,6.435945634966569,0,0,0,1
0018,car,39,28.307524698803995,0,0,0,1
0018,car,40,60.71230838953556,0,0,0,1
0018,car,54,2.165643642892927,0,0,0,2
0018,car,55,2.1911683089265677,0,0,0,2
0018,car,56,2.550524934106705,0,0,0,2
0018,car,57,1.9534918308640667,0,0,0,2
0018,car,58,1.6325987410887635,0,0,0,2
0018,car,59,2.5943024271133606,0,0,0,2
0018,car,60,3.07194154523407,0,0,0,2
0018,car,61,3.1618975163444993,0,0,0,2
0018,car,62,2.364828015288747,0,0,0,2
0018,car,63,2.213786309692132,0,0,0,2
0018,car,64,4.627140379568769,0,0,0,2
0018,car,65,1.2301673576761694,0,0,0,2
0018,car,66,1.0765861257778448,0,0,0,2
0018,car,67,1.270166339500026,0,0,0,2
0018,car,68,0.8641007368931691,0,0,0,3
0018,car,69,1.2598719427382843,0,0,0,3
0018,car,70,1.0663289054026235,0,0,0,4
0018,car,71,1.3780006278310344,0,0,0,4
0018,car,72,1.3125124364480714,0,0,0,4
0018,car,73,4.1240789049645725,0,0,0,4
0018,car,74,1.6515921588275841,0,0,0,4
0018,car,75,0.8731440510657235,0,0,0,5
0018,car,76,0.6413906239156999,0,0,0,5
0018,car,77,2.8741266293283223,0,0,0,5
0018,car,78,1.5583835178700034,0,0,0,5
0018,car,79,1.6239694153580335,0,0,0,5
0018,car,80,1.0038081467084017,0,0,0,5
0018,car,81,4.538106072254413,1,0,1,5
0018,car,82,1.361067111171001,0,0,0,4
0018,car,83,1.2002308904687444,0,0,0,4
0018,car,84,0.5248670693854821,0,0,0,4
0018,car,85,0.759428815723655,0,0,0,4
0018,car,86,1.2435159449385371,0,0,0,4
0018,car,87,0.5127425239066215,0,0,0,4
0018,car,88,2.3476414138062323,0,0,0,4
0018,car,89,1.9143340961452737,0,0,0,4
0018,car,90,1.34624533225798,0,0,0,4
0018,car,91,1.3820712705077003,0,0,0,4
0018,car,92,1.2398739394472056,0,0,0,4
0018,car,93,1.405884184437499,0,0,0,4
0018,car,94,0.9675738251855216,0,0,0,4
0018,car,95,2.222735514714876,0,0,0,4
0018,car,96,1.2176754897712105,0,0,0,4
0018,car,97,1.494775758660031,0,0,0,4
0018,car,98,2.0523837407852,0,0,0,4
0018,car,99,1.213477715236404,0,0,0,4
0018,car,100,2.388697577546525,0,0,0,4
0018,car,101,2.0886491321845515,0,0,0,4
0018,car,102,2.3415147719216227,0,0,0,4
0018,car,103,2.858969185812674,0,0,0,4
0018,car,104,3.7143775611639933,0,0,0,4
0018,car,105,1.0323173787781559,0,0,0,4
0018,car,106,2.592446960317658,0,0,0,4
0018,car,107,2.4297678160755662,0,0,0,4
0018,car,108,1.217097193135732,0,0,0,4
0018,car,109,1.4533052998865026,0,0,0,4
0018,car,110,2.7057190802636573,0,0,0,4
0018,car,111,1.8712414554585746,0,0,0,4
0018,car,112,3.717498988308532,0,0,0,4
0018,car,113,1.8192383196424649,0,0,0,4
0018,car,114,1.6511127405211448,0,0,0,4
0018,car,115,1.529154719599167,0,0,0,4
0018,car,116,2.0231225892406863,0,0,0,4
0018,car,117,1.696331856462594,0,0,0,4
0018,car,118,1.7130211033700555,0,0,0,4
0018,car,119,1.3244394274559732,0,0,0,4
0018,car,120,1.7086615504691034,0,0,0,4
0018,car,121,2.014431354233472,0,0,0,4
0018,car,122,0.41560387389346853,0,0,0,4
0018,car,123,1.1725423990147432,0,0,0,4
0018,car,124,0.6122749241949097,0,0,0,4
0018,car,125,2.2565358951764845,0,0,0,4
0018,car,126,1.5647991741236562,0,0,0,4
0018,car,127,2.2160992950830165,0,0,0,4
0018,car,128,2.1545573087682994,0,0,0,4
0018,car,129,1.6477973676560966,0,0,0,4
0018,car,130,0.957290963123914,0,0,0,4
0018,car,131,0.5636928880592249,0,0,0,4
0018,car,132,1.43888426574043,0,0,0,4
0018,car,133,1.3754506685056174,0,0,0,4
0018,car,134,1.0035876743104344,0,0,0,4
0018,car,135,1.694615097285701,0,0,0,4
0018,car,136,1.6675072696996112,0,0,0,4
0018,car,137,1.0074248798461192,0,0,0,4
0018,car,138,0.7721817831630691,0,0,0,4
0018,car,139,0.6441782909269833,0,0,0,4
0018,car,140,0.6480273605071254,0,0,0,4
0018,car,141,0.7748741362085709,0,0,0,4
0018,car,142,0.7615353951136681,0,0,0,4
0018,car,143,0.8694644843487658,0,0,0,4
0018,car,144,1.1664819155002735,0,0,0,4
0018,car,145,1.0020609391039137,0,0,0,4
0018,car,146,0.759749914376825,0,0,0,5
0018,car,147,1.3237831041310706,0,0,0,5
0018,car,148,1.1614357674247007,0,0,0,5
0018,car,149,0.9406502761033659,0,0,0,5
0018,car,150,0.6898526837985185,0,0,0,5
0018,car,151,0.9202806091377265,0,0,0,5
0018,car,152,1.0567741609847063,0,0,0,5
0018,car,153,1.1478039449691153,0,0,0,5
0018,car,154,0.8957284213968484,0,0,0,5
0018,car,155,0.5402561708326565,0,0,0,5
0018,car,156,1.6865539157731617,0,0,0,5
0018,car,157,0.8164416930395303,1,1,0,5
0018,car,158,0.5473284760684658,0,0,0,5
0018,car,159,0.5190434223279515,0,0,0,5
0018,car,160,0.7506655733047418,0,0,0,6
0018,car,161,1.502859573934138,0,0,0,6
0018,car,162,1.4958558225998326,0,0,0,6
0018,car,163,0.6398906344871951,0,0,0,6
0018,car,164,1.1281697952893004,0,0,0,6
0018,car,165,1.0143268525211295,0,0,0,6
0018,car,166,1.271744265222922,1,1,0,6
0018,car,167,1.0091934029849958,0,0,0,5
0018,car,168,1.3681541372649355,0,0,0,6
0018,car,169,4.218838767069414,0,0,0,6
0018,car,170,3.7420882535350266,0,0,0,6
0018,car,171,1.1337498472067151,0,0,0,6
0018,car,172,1.0308754104765918,0,0,0,6
0018,car,173,1.0953037500597775,0,0,0,6
0018,car,174,1.2753161788515421,0,0,0,6
0018,car,175,1.2715978694050643,0,0,0,6
0018,car,176,1.8639663158408677,0,0,0,6
0018,car,177,2.2553836965809992,1,1,0,6
0018,car,178,1.6335239717859393,0,0,0,6
0018,car,179,1.7723203896815203,1,0,1,6
0018,car,180,1.424262483173908,0,0,0,6
0018,car,181,2.363147036851389,0,0,0,6
0018,car,182,1.80034822856196,0,0,0,6
0018,car,183,1.8349411467715424,0,0,0,5
0018,car,184,2.577196789027866,0,0,0,5
0018,car,185,1.3065881901460794,1,1,0,5
0018,car,186,1.6787862884849882,0,0,0,5
0018,car,187,1.4654538075590013,0,0,0,4
0018,car,188,2.609688659777529,0,0,0,4
0018,car,189,1.6642955796325498,0,0,0,4
0018,car,190,2.5861681572672093,0,0,0,4
0018,car,191,1.3977982716744155,0,0,0,4
0018,car,192,1.264809277262144,0,0,0,4
0018,car,193,1.4933961359164485,0,0,0,5
0018,car,194,0.8465637207152563,0,0,0,5
0018,car,195,1.2787200640813663,0,0,0,5
0018,car,196,1.3032210236963615,0,0,0,5
0018,car,197,2.277452104168237,0,0,0,5
0018,car,198,1.7004862495890207,0,0,0,5
0018,car,199,1.4551360539125255,0,0,0,5
0018,car,200,1.5577012955600058,0,0,0,5
0018,car,201,2.5417658474445965,0,0,0,5
0018,car,202,1.8581003258727689,1,1,0,5
0018,car,203,2.3831401939450942,0,0,0,5
0018,car,204,3.2866657221208917,0,0,0,5
0018,car,205,2.9348103850007727,0,0,0,5
0018,car,206,1.9496167788028527,0,0,0,5
0018,car,207,2.346135390433017,1,1,0,5
0018,car,208,1.436106948603104,0,0,0,6
0018,car,209,1.391188260588134,0,0,0,5
0018,car,210,1.3025879729424243,0,0,0,5
0018,car,211,1.2197465928067044,0,0,0,5
0018,car,212,1.484504079566089,0,0,0,5
0018,car,213,1.2803920365381973,0,0,0,5
0018,car,214,1.494371582264798,0,0,0,5
0018,car,215,1.6934205040774808,0,0,0,5
0018,car,216,1.6087181515472804,0,0,0,5
0018,car,217,1.5172215777081595,1,1,0,5
0018,car,218,1.73409104728193,0,0,0,5
0018,car,219,3.3388035889515906,0,0,0,5
0018,car,220,1.575560978257404,0,0,0,5
0018,car,221,2.586367054679614,0,0,0,5
0018,car,222,1.741560583812463,0,0,0,6
0018,car,223,1.1231025989949723,0,0,0,6
0018,car,224,0.9530398821511885,0,0,0,6
0018,car,225,1.581644403403513,0,0,0,5
0018,car,226,1.2867933648564778,0,0,0,5
0018,car,227,0.8286565517564433,0,0,0,5
0018,car,228,1.0976359621556127,0,0,0,5
0018,car,229,1.1887238477541584,0,0,0,5
0018,car,230,2.73447268257603,0,0,0,5
0018,car,231,0.794635996015019,0,0,0,5
0018,car,232,0.8938392445001763,0,0,0,5
0018,car,233,0.8813648180877383,0,0,0,5
0018,car,234,0.9187083668712179,1,1,0,5
0018,car,235,1.3349412356848411,0,0,0,5
0018,car,236,1.0995182064497733,0,0,0,5
0018,car,237,0.841307456192873,0,0,0,5
0018,car,238,2.309436593543123,0,0,0,6
0018,car,239,1.2219623459826074,0,0,0,6
0018,car,240,2.0271973717460567,0,0,0,6
0018,car,241,1.0413709779703488,0,0,0,6
0018,car,242,1.1561405454148028,1,0,1,6
0018,car,243,1.1247633110299753,0,0,0,5
0018,car,244,0.6828538217534215,0,0,0,4
0018,car,245,0.6836020526560721,0,0,0,4
0018,car,246,0.9717240530326676,0,0,0,4
0018,car,247,0.6971706179796149,0,0,0,4
0018,car,248,0.7620301567390037,0,0,0,4
0018,car,249,0.7896557463894727,0,0,0,4
0018,car,250,1.9456895706612174,0,0,0,5
0018,car,251,0.6836114379155721,0,0,0,5
0018,car,252,0.6917679111879346,0,0,0,5
0018,car,253,0.8557747566164043,0,0,0,5
0018,car,254,0.6337061103138212,0,0,0,5
0018,car,255,0.7332709635581345,0,0,0,5
0018,car,256,1.375218766574697,0,0,0,5
0018,car,257,1.0146674134582023,0,0,0,5
0018,car,258,1.944660206614506,0,0,0,5
0018,car,259,1.4967545737153496,0,0,0,5
0018,car,260,2.106908658949125,0,0,0,5
0018,car,261,1.3399142894058103,0,0,0,5
0018,car,262,1.7289259469454188,0,0,0,5
0018,car,263,1.680728525022528,0,0,0,5
0018,car,264,1.6506383336074943,0,0,0,5
0018,car,265,4.406129733290187,0,0,0,5
0018,car,266,2.305327672129361,0,0,0,5
0018,car,267,2.120981192595832,0,0,0,5
0018,car,268,1.6013492961564821,1,1,0,5
0018,car,269,1.1528963069097315,0,0,0,5
0018,car,270,0.9891224430422159,0,0,0,5
0018,car,271,1.4754375591973496,0,0,0,5
0018,car,272,1.167488442409557,0,0,0,5
0018,car,273,0.7113441772030131,0,0,0,4
0018,car,274,0.4962504375492116,0,0,0,4
0018,car,275,0.6105023109729738,0,0,0,4
0018,car,276,0.5089822247324072,0,0,0,4
0018,car,277,0.8775353200339948,0,0,0,4
0018,car,278,0.876689469959302,0,0,0,4
0018,car,279,0.9663644427243474,0,0,0,4
0018,car,280,1.023464525319824,0,0,0,4
0018,car,281,1.0520778615108213,0,0,0,4
0018,car,282,1.1776817679438214,0,0,0,4
0018,car,283,1.164047935539422,0,0,0,4
0018,car,284,0.7742458213555276,0,0,0,4
0018,car,285,1.0046304002871793,0,0,0,5
0018,car,286,0.7917425891696623,0,0,0,5
0018,car,287,0.5575083261665972,0,0,0,5
0018,car,288,0.8525667718531209,0,0,0,5
0018,car,289,0.6377156039175496,0,0,0,5
0018,car,290,1.2760222649629762,0,0,0,5
0018,car,291,0.755354081917422,0,0,0,5
0018,car,292,1.1959521037460734,0,0,0,5
0018,car,293,0.7709403195890882,0,0,0,5
0018,car,294,0.5701413456262538,0,0,0,5
0018,car,295,1.2986042447946713,0,0,0,5
0018,car,296,0.987512217413544,0,0,0,6
0018,car,297,1.0945236044968367,0,0,0,6
0018,car,298,1.0551696797690102,0,0,0,7
0018,car,299,1.0385735322862344,0,0,0,7
0018,car,300,1.131092495177827,1,1,0,7
0018,car,301,1.12636399579403,0,1,-1,7
0018,car,302,1.3322295907685455,1,0,1,7
0018,car,303,1.8655702814061481,0,0,0,7
0018,car,304,1.3404712259674598,0,0,0,6
0018,car,305,1.1612603201832647,0,0,0,6
0018,car,306,1.1757744168779516,0,0,0,6
0018,car,307,0.8755884472994864,0,0,0,6
0018,car,308,0.9369957097777613,1,1,0,6
0018,car,309,1.040713316208886,0,0,0,6
0018,car,310,0.6347907982630188,0,0,0,7
0018,car,311,0.9670700225764202,0,0,0,7
0018,car,312,1.439264827647141,0,0,0,7
0018,car,313,1.2508911785160945,0,0,0,6
0018,car,314,1.4402699170577475,0,0,0,6
0018,car,315,1.110282495122542,0,0,0,6
0018,car,316,1.1184134173183748,0,0,0,6
0018,car,317,1.7079148167670024,0,0,0,6
0018,car,318,0.6846774357100422,0,0,0,6
0018,car,319,0.9886267255549385,0,0,0,5
0018,car,320,1.0874128563610512,0,0,0,5
0018,car,321,0.8080895690830326,0,0,0,5
0018,car,322,1.9764316957956298,0,0,0,5
0018,car,323,1.458823352881795,1,1,0,5
0018,car,324,1.8484333952517573,0,0,0,5
0018,car,325,1.6159480041450949,0,0,0,5
0018,car,326,0.8319115644717888,0,0,0,5
0018,car,327,1.1194721450981817,0,0,0,5
0018,car,328,1.2595464697238372,0,0,0,4
0018,car,329,1.1159976575105146,0,0,0,4
0018,car,330,0.6279010682404277,0,0,0,4
0018,car,331,0.8959755838057735,0,0,0,4
0018,car,332,0.7887394564302985,0,0,0,4
0018,car,333,0.6477952600734496,0,0,0,4
0018,car,334,0.5027938098871172,0,0,0,4
0018,car,335,0.4425801816839151,0,0,0,4
0018,car,336,0.3057674945557926,0,0,0,4
0018,car,337,0.4572269462560775,1,0,1,4
0018,car,338,0.3262737519592425,0,0,0,4
0019,car,0,0.0,0,0,0,1
0019,car,1,0.8087796136668803,0,0,0,1
0019,car,2,0.7355041958457313,0,0,0,1
0019,car,3,0.4446855973375381,0,0,0,1
0019,car,4,0.7977735331370805,0,0,0,1
0019,car,5,0.8700027357459903,0,0,0,1
0019,car,6,0.5132721229246321,0,0,0,1
0019,car,7,0.643368675888732,0,0,0,1
0019,car,23,1.3507405867277842,0,0,0,1
0019,car,24,1.4440185670136496,0,0,0,1
0019,car,25,0.9177586937042519,0,0,0,1
0019,car,26,1.605144121643121,0,0,0,1
0019,car,27,1.4680217589358604,0,0,0,1
0019,car,28,1.750794760504309,0,0,0,1
0019,car,29,0.8942248111269572,0,0,0,1
0019,car,30,2.101617557871854,0,0,0,1
0019,car,31,0.9982888991494463,0,0,0,1
0019,car,32,2.0155915360056973,0,0,0,1
0019,car,33,0.9294822269661429,0,0,0,1
0019,car,34,0.9811124103805363,0,0,0,1
0019,car,35,0.7866327984539929,0,0,0,1
0019,car,36,0.7744200397295096,0,0,0,1
0019,car,37,1.5092117779647691,0,0,0,1
0019,car,38,0.7384209470992394,0,0,0,1
0019,car,39,1.590347419669263,0,0,0,1
0019,car,40,1.0314741982789746,0,0,0,1
0019,car,41,1.3172192259599853,0,0,0,1
0019,car,42,1.2652857360104024,0,0,0,1
0019,car,43,1.8340693168315756,0,0,0,1
0019,car,44,0.954775125085602,0,0,0,1
0019,car,45,1.402505360793711,0,0,0,1
0019,car,46,1.0766306924674822,0,0,0,1
0019,car,47,2.448705632835373,0,0,0,1
0019,car,48,1.7674259956688643,0,0,0,1
0019,car,49,1.1829587876929324,0,0,0,1
0019,car,50,1.165501947217384,0,0,0,1
0019,car,51,1.8400596551610944,0,0,0,1
0019,car,52,1.0691751944559251,0,0,0,1
0019,car,53,1.3849091305774626,0,0,0,1
0019,car,54,1.5066189460112585,0,0,0,1
0019,car,55,0.8641974858847842,0,0,0,1
0019,car,56,1.7124937070857964,0,0,0,1
0019,car,57,1.4119858951933506,0,0,0,1
0019,car,58,1.781187767508889,0,0,0,1
0019,car,59,1.7626197459759005,0,0,0,1
0019,car,60,1.0199908477872421,0,0,0,1
0019,car,61,1.2164802268654538,0,0,0,1
0019,car,62,1.584277092313973,0,0,0,1
0019,car,63,0.6236907439836696,0,0,0,1
0019,car,64,1.9590265055093143,0,0,0,1
0019,car,65,1.8420901643732353,0,0,0,1
0019,car,66,1.0724521873202517,0,0,0,1
0019,car,67,1.423670178899017,0,0,0,1
0019,car,68,0.6062605695343632,0,0,0,1
0019,car,69,0.40327497101554544,0,0,0,1
0019,car,70,0.5754955925280071,0,0,0,1
0019,car,71,0.839664419446802,0,0,0,1
0019,car,72,0.8568901324067609,0,0,0,1
0019,car,73,0.4278714205169053,0,0,0,1
0019,car,74,0.5651653414952713,0,0,0,1
0019,car,75,1.6707872783193978,0,0,0,1
0019,car,76,0.6743002209996232,0,0,0,1
0019,car,77,0.4804273217226062,0,0,0,1
0019,car,78,0.6847839870669944,0,0,0,1
0019,car,79,0.7482125280956724,0,0,0,1
0019,car,80,0.988195665603612,0,0,0,1
0019,car,81,1.0856035376141555,0,0,0,1
0019,car,82,0.5928368545223553,0,0,0,1
0019,car,83,0.8398100730805023,0,0,0,1
0019,car,84,0.45847836688997745,0,0,0,1
0019,car,85,1.2668142850311828,0,0,0,1
0019,car,86,0.6366428741799594,0,0,0,1
0019,car,87,0.8692046803653132,0,0,0,1
0019,car,194,0.6485889082152513,0,0,0,1
0019,car,195,0.1689394541845908,0,0,0,1
0019,car,196,1.1301227167611865,0,0,0,1
0019,car,197,0.960608571927404,0,0,0,1
0019,car,198,0.4990716395071447,0,0,0,1
0019,car,199,0.8308625319634403,0,0,0,1
0019,car,200,0.6869743455075606,0,0,0,1
0019,car,201,0.9122351031897789,0,0,0,1
0019,car,202,0.8920893716952792,0,0,0,1
0019,car,203,0.8654823322704372,0,0,0,1
0019,car,204,0.5613256400242699,0,0,0,1
0019,car,205,0.8251823558404487,0,0,0,1
0019,car,206,0.6884846749844171,0,0,0,1
0019,car,207,0.7481673856573161,0,0,0,1
0019,car,208,0.7437022924424763,0,0,0,1
0019,car,209,0.5689312066601409,0,0,0,1
0019,car,210,0.6307594417820944,0,0,0,1
0019,car,211,0.7673288590872014,0,0,0,1
0019,car,212,0.5756530448282157,0,0,0,1
0019,car,213,0.580575132710102,0,0,0,1
0019,car,214,0.6884625324742045,0,0,0,1
0019,car,215,0.753627013599897,0,0,0,1
0019,car,216,0.9123615317562503,0,0,0,1
0019,car,217,0.7970635696394824,0,0,0,1
0019,car,218,0.758162698118562,0,0,0,1
0019,car,219,0.4937183719689319,0,0,0,1
0019,car,220,1.0478040156114328,0,0,0,1
0019,car,221,0.7565147304401539,0,0,0,1
0019,car,222,0.7076847980578667,0,0,0,1
0019,car,223,0.635824606696251,0,0,0,1
0019,car,224,0.5830341748946664,0,0,0,1
0019,car,225,1.1516201824701555,0,0,0,1
0019,car,226,0.6009270877250552,0,0,0,1
0019,car,227,0.5932755786009771,0,0,0,1
0019,car,228,0.6507742251770462,0,0,0,1
0019,car,229,0.5555822001564267,0,0,0,1
0019,car,230,0.8759465477042427,0,0,0,1
0019,car,231,0.8636127108109083,0,0,0,1
0019,car,232,1.1974714044758563,0,0,0,1
0019,car,233,0.46422633804208907,0,0,0,1
0019,car,234,0.6897476102293332,0,0,0,1
0019,car,235,1.1634210323564298,0,0,0,1
0019,car,236,0.6723853742490755,0,0,0,1
0019,car,237,0.5168536859682368,0,0,0,1
0019,car,238,0.9815388810755218,0,0,0,1
0019,car,239,0.5902772452030653,0,0,0,1
0019,car,240,0.8295182723758264,0,0,0,1
0019,car,241,0.6706482707214385,0,0,0,1
0019,car,242,0.8937349254549326,0,0,0,1
0019,car,243,0.9308600019065623,0,0,0,1
0019,car,244,1.0400982265089538,0,0,0,1
0019,car,245,0.8712780081906194,0,0,0,1
0019,car,246,0.8705330820905783,0,0,0,1
0019,car,247,1.598609977952558,0,0,0,1
0019,car,248,1.2640593072659345,0,0,0,1
0019,car,249,1.1119322595731975,0,0,0,1
0019,car,250,1.2118817507287414,0,0,0,1
0019,car,251,1.2765536454966728,0,0,0,1
0019,car,252,1.2762825171571202,0,0,0,1
0019,car,253,1.0698595276181806,0,0,0,1
0019,car,254,0.9308857869923035,0,0,0,1
0019,car,255,1.1873675756411783,0,0,0,1
0019,car,256,0.7229728140528214,0,0,0,1
0019,car,257,0.7309622515326953,0,0,0,1
0019,car,258,0.8858127943905598,0,0,0,1
0019,car,259,0.81935454276791,0,0,0,1
0019,car,260,0.8167025778734347,0,0,0,1
0019,car,261,0.8015795616872005,0,0,0,1
0019,car,262,0.6135780206116049,0,0,0,1
0019,car,263,0.9970871678474534,0,0,0,1
0019,car,264,0.9146254546710526,0,0,0,1
0019,car,265,1.0181086066916685,0,0,0,1
0019,car,266,1.3056101022397046,0,0,0,1
0019,car,267,1.0858167168186497,0,0,0,1
0019,car,268,1.169131439326188,0,0,0,1
0019,car,269,1.2142488777314395,0,0,0,1
0019,car,270,1.1139226564507159,0,0,0,1
0019,car,271,1.3550521532329656,0,0,0,1
0019,car,272,1.3444913588176386,0,0,0,1
0019,car,273,1.540784559499278,0,0,0,1
0019,car,274,1.2826500615946688,0,0,0,1
0019,car,275,2.2688594635899553,0,0,0,1
0019,car,276,1.5106588048089786,0,0,0,1
0019,car,277,1.7893726743848806,0,0,0,1
0019,car,278,3.6470053502019657,0,0,0,1
0019,car,279,1.7003413277131008,0,0,0,1
0019,car,280,1.3851544328310832,0,0,0,1
0019,car,281,0.9051187068086901,0,0,0,1
0019,car,282,1.1637495805272633,0,0,0,1
0019,car,283,1.3991924301662377,0,0,0,1
0019,car,284,0.6033345830101401,0,0,0,1
0019,car,285,0.9139269205396485,0,0,0,1
0019,car,286,1.3115452900587832,0,0,0,1
0019,car,287,1.5045479403963469,0,0,0,1
0019,car,288,1.1929066501100123,0,0,0,1
0019,car,289,1.0535894783489903,0,0,0,1
0019,car,290,1.61414736987796,0,0,0,1
0019,car,291,0.7244681924683635,0,0,0,1
0019,car,292,1.3751718697819841,0,0,0,1
0019,car,293,0.8613447497363491,0,0,0,1
0019,car,294,0.9730655201305104,0,0,0,1
0019,car,295,0.9457825465538665,0,0,0,1
0019,car,296,0.536903215233111,0,0,0,1
0019,car,297,1.4754748662806876,1,1,0,1
0019,car,298,0.18923985221578002,0,0,0,1
0019,car,299,1.7298152073273771,0,0,0,1
0019,car,300,0.07553979005313378,0,0,0,1
0019,car,301,0.6721308886992693,0,0,0,1
0019,car,302,0.47625297380616044,0,0,0,1
0019,car,303,0.5863838206954204,0,0,0,1
0019,car,304,0.5413401215246622,0,0,0,1
0019,car,305,0.3376107013859661,0,0,0,1
0019,car,306,0.5854602685666342,0,0,0,1
0019,car,307,0.6600621850438163,0,0,0,1
0019,car,308,0.31504796075909985,0,0,0,1
0019,car,309,0.4783748680591297,0,0,0,1
0019,car,310,0.2226335913487227,0,0,0,1
0019,car,311,0.2208514804937825,0,0,0,1
0019,car,312,0.08779903391796473,0,0,0,1
0019,car,313,0.3255267347920934,0,0,0,1
0019,car,314,0.5455488213633005,0,0,0,1
0019,car,315,0.46222521371184594,0,0,0,1
0019,car,316,0.18494311510897085,0,0,0,1
0019,car,317,0.16482628375023783,0,0,0,1
0019,car,318,0.23525777895242023,0,0,0,1
0019,car,319,0.14740430929269474,0,0,0,1
0019,car,320,0.4327661689195067,0,0,0,1
0019,car,321,0.3721567484839923,0,0,0,1
0019,car,322,0.06928179550565966,0,0,0,1
0019,car,323,0.49836308019376463,0,0,0,1
0019,car,324,0.16218076682135407,0,0,0,1
0019,car,325,0.11757015458897452,0,0,0,1
0019,car,326,0.2594643914219738,0,0,0,1
0019,car,327,0.1867588522167544,0,0,0,1
0019,car,328,0.24614554602245603,0,0,0,1
0019,car,329,0.05317815971738403,0,0,0,1
0019,car,330,0.2809470295874131,0,0,0,1
0019,car,331,0.30133201762339895,0,0,0,1
0019,car,332,0.6947932773305555,0,0,0,1
0019,car,333,0.3268775458113735,0,0,0,1
0019,car,334,0.2760390106677522,0,0,0,1
0019,car,335,0.17406770942864197,0,0,0,1
0019,car,336,0.32343295603988603,0,0,0,1
0019,car,337,0.4775930190764896,0,0,0,1
0019,car,338,0.1379795747420562,0,0,0,1
0019,car,339,0.580786547692888,0,0,0,1
0019,car,340,0.2334713094496375,0,0,0,1
0019,car,341,0.5545731949847775,0,0,0,1
0019,car,342,0.26271715821772046,0,0,0,1
0019,car,343,0.25149516337374245,0,0,0,1
0019,car,344,0.497268988110009,0,0,0,1
0019,car,345,0.2969213159356745,0,0,0,1
0019,car,346,0.5190132706743763,1,1,0,1
0019,car,347,0.3159206819720748,0,0,0,1
0019,car,348,0.23235831117086134,0,0,0,1
0019,car,349,0.5091995378385046,0,0,0,1
0019,car,350,0.36975427043390247,0,0,0,1
0019,car,351,0.2686654260647067,0,0,0,1
0019,car,352,0.5751963962441784,0,0,0,1
0019,car,353,0.37691619529602294,0,0,0,1
0019,car,354,1.0884173638979389,0,0,0,1
0019,car,355,0.3602460172502779,0,0,0,1
0019,car,356,0.6997953678177511,0,0,0,1
0019,car,357,0.6214926237702887,0,0,0,1
0019,car,358,0.48918862702852167,0,0,0,1
0019,car,359,0.7449975995344141,0,0,0,1
0019,car,360,0.47158736105210963,0,0,0,1
0019,car,361,1.3313317648497123,0,0,0,1
0019,car,362,1.01452162233566,0,0,0,1
0019,car,363,0.8629505835584729,0,0,0,1
0019,car,364,0.6860689583393114,0,0,0,1
0019,car,365,1.2311934972713088,0,0,0,1
0019,car,366,2.324222578658369,0,0,0,1
0019,car,367,0.7000762855716963,0,0,0,1
0019,car,368,1.4410587537269348,0,0,0,1
0019,car,369,1.0554479439116708,0,0,0,1
0019,car,376,0.7748724162976378,0,0,0,1
0019,car,377,1.9138095821523997,0,0,0,1
0019,car,378,1.457293486671847,0,0,0,1
0019,car,379,1.8612321374691598,0,0,0,1
0019,car,380,1.940019239556774,0,0,0,1
0019,car,381,1.5779158207232102,0,0,0,1
0019,car,382,3.8999039220613625,0,0,0,1
0019,car,383,4.673920713823579,0,0,0,1
0019,car,384,2.802641518660412,0,0,0,1
0019,car,385,3.8624936263692446,0,0,0,1
0019,car,386,2.3586470102072687,0,0,0,1
0019,car,387,3.465342629509523,0,0,0,1
0019,car,388,2.6575994375327494,0,0,0,1
0019,car,389,3.6588888207997776,0,0,0,1
0019,car,390,1.933844240846233,0,0,0,1
0019,car,391,4.051952189979956,0,0,0,1
0019,car,392,3.7224159304504387,0,0,0,1
0019,car,393,1.2369640666780493,0,0,0,1
0019,car,394,3.0145495012377177,0,0,0,1
0019,car,395,3.2885186066149554,0,0,0,1
0019,car,396,2.84710914892303,0,0,0,1
0019,car,397,3.428752431414776,0,0,0,1
0019,car,398,2.699422972171481,0,0,0,1
0019,car,399,4.455287155235354,0,0,0,1
0019,car,400,4.287524709478869,0,0,0,1
0019,car,401,3.9014617464917642,0,0,0,1
0019,car,402,3.205789292905865,0,0,0,1
0019,car,403,4.465257591252926,0,0,0,1
0019,car,404,2.700965469393972,0,0,0,1
0019,car,405,3.277677301111122,0,0,0,1
0019,car,406,3.386585062798535,0,0,0,1
0019,car,407,4.581401066171453,0,0,0,1
0019,car,408,4.179840095549615,0,0,0,1
0019,car,409,1.986619873245917,0,0,0,1
0019,car,410,3.4051506028289036,0,0,0,1
0019,car,411,4.165945922950293,0,0,0,1
0019,car,412,2.516806137564757,0,0,0,1
0019,car,413,2.0309173611382247,0,0,0,1
0019,car,414,2.667489097784967,0,0,0,1
0019,car,415,1.1790402535638604,0,0,0,1
0019,car,416,1.5200637261336813,0,0,0,1
0019,car,417,0.9891730778808828,0,0,0,1
0019,car,418,3.39249441487724,0,0,0,1
0019,car,419,2.899746815755404,0,0,0,1
0019,car,420,2.053373516027096,0,0,0,1
0019,car,421,2.5409134513297653,0,0,0,1
0019,car,422,0.7661969256679321,0,0,0,1
0019,car,423,1.7472071744503581,0,0,0,1
0019,car,424,3.589958130049838,0,0,0,1
0019,car,425,5.42610543577891,0,0,0,1
0019,car,426,2.4207245258690007,0,0,0,1
0019,car,427,0.8119575196604233,0,0,0,1
0019,car,428,0.9669704163886976,0,0,0,1
0019,car,429,2.8931197665321675,0,0,0,1
0019,car,430,2.8210289180352253,0,0,0,1
0019,car,476,5.582514612660633,0,0,0,1
0019,car,477,3.6365647100284266,0,0,0,1
0019,car,478,6.037385808359545,0,0,0,1
0019,car,479,2.263512832891347,0,0,0,1
0019,car,480,5.688752907082893,0,0,0,1
0019,car,481,3.946670138781916,0,0,0,1
0019,car,482,3.846790505190009,0,0,0,1
0019,car,483,5.603617564513157,0,0,0,1
0019,car,484,3.7889712346465774,0,0,0,1
0019,car,485,6.460345291435034,0,0,0,1
0019,car,486,2.6787563876151133,0,0,0,1
0019,car,487,2.682722293348078,0,0,0,1
0019,car,488,2.4347696602372233,0,0,0,1
0019,car,489,1.9588380469087732,0,0,0,1
0019,car,490,2.1281531252623562,0,0,0,1
0019,car,491,4.597958707001596,0,0,0,1
0019,car,492,2.014097505072924,0,0,0,1
0019,car,493,5.490975452183877,0,0,0,1
0019,car,494,1.388820927052029,0,0,0,1
0019,car,495,1.7818520066787467,0,0,0,1
0019,car,496,0.9335899118951483,0,0,0,1
0019,car,497,1.0536143226296335,0,0,0,1
0019,car,498,1.519932219413045,0,0,0,1
0019,car,499,0.7262177565408059,0,0,0,1
0019,car,500,2.883446958060092,0,0,0,1
0019,car,501,0.7388659057822774,0,0,0,1
0019,car,502,2.1466302262437225,0,0,0,1
0019,car,503,1.0678031653667812,0,0,0,1
0019,car,504,1.298117644101168,0,0,0,1
0019,car,505,2.9067880323832607,0,0,0,1
0019,car,506,2.123955053869767,0,0,0,1
0019,car,507,2.2774529339887226,0,0,0,1
0019,car,508,1.2691198403996695,0,0,0,1
0019,car,509,0.8850244391741875,0,0,0,1
0019,car,510,3.076740292875719,0,0,0,1
0019,car,511,1.6474770980711002,0,0,0,1
0019,car,512,2.2031590207809835,0,0,0,1
0019,car,513,3.6115370982145465,0,0,0,1
0019,car,514,0.9049461928515696,0,0,0,1
0019,car,515,8.165161973633746,0,0,0,1
0019,car,516,4.166260528888878,0,0,0,1
0019,car,517,3.2971187156711474,0,0,0,1
0019,car,518,2.188371107974065,0,0,0,1
0019,car,519,0.9126655291504522,0,0,0,1
0019,car,520,1.5570192660666111,0,0,0,1
0019,car,521,0.8984242226143169,0,0,0,1
0019,car,522,3.687962948044299,0,0,0,1
0019,car,523,3.987208328056959,0,0,0,1
0019,car,524,2.2122141127630783,0,0,0,1
0019,car,525,2.229135693998117,0,0,0,1
0019,car,526,2.6833855946960097,0,0,0,1
0019,car,527,2.071989952865542,0,0,0,1
0019,car,528,1.2665527055102814,0,0,0,1
0019,car,529,1.6955452566366827,0,0,0,1
0019,car,530,1.7179416735777213,0,0,0,1
0019,car,531,1.0144870186670178,0,0,0,1
0019,car,532,1.026003854151075,0,0,0,1
0019,car,533,0.3467773092096531,0,0,0,1
0019,car,534,1.6505480307378753,0,0,0,1
0019,car,535,0.6137749655130756,0,0,0,1
0019,car,536,0.7488540707612347,0,0,0,1
0019,car,537,0.6644718027629368,0,0,0,1
0019,car,538,0.9949932347811901,0,0,0,1
0019,car,539,2.234861775480469,0,0,0,1
0019,car,540,1.3369146549739999,0,0,0,1
0019,car,541,0.837699288537403,0,0,0,1
0019,car,542,2.5385056189689568,0,0,0,1
0019,car,543,0.8213264166891985,0,0,0,1
0019,car,544,0.6307715624774731,0,0,0,1
0019,car,545,0.5469214445030077,0,0,0,1
0019,car,546,2.2962466319219397,0,0,0,1
0019,car,547,3.58814490735731,0,0,0,1
0019,car,548,1.151899437883037,0,0,0,1
0019,car,549,1.4676211222625652,0,0,0,1
0019,car,550,0.5820171188583622,0,0,0,1
0019,car,551,0.7168812472186589,0,0,0,1
0019,car,552,0.47908911934435844,0,0,0,1
0019,car,553,1.0785316292022666,0,0,0,2
0019,car,554,0.576997419192433,0,0,0,2
0019,car,555,1.474044365723554,0,0,0,2
0019,car,556,0.7047634456054637,0,0,0,2
0019,car,557,0.5937810524154113,0,0,0,2
0019,car,558,2.990864932961138,0,0,0,2
0019,car,559,2.0449372719719587,0,0,0,2
0019,car,560,0.7791025222538561,0,0,0,2
0019,car,561,1.6937565551887923,0,0,0,2
0019,car,562,1.5948242590816182,0,0,0,2
0019,car,563,1.5626854401139159,0,0,0,2
0019,car,564,0.583924891692212,0,0,0,2
0019,car,565,0.9419616036699052,0,0,0,2
0019,car,566,1.5910840869668796,0,0,0,2
0019,car,567,2.6087593743672874,0,0,0,2
0019,car,568,2.967276310420669,0,0,0,2
0019,car,569,4.6423501337169935,0,0,0,2
0019,car,570,3.1542920418777056,0,0,0,2
0019,car,571,2.435540913603264,0,0,0,2
0019,car,572,1.4016107508436502,0,0,0,2
0019,car,573,2.270175369810492,0,0,0,2
0019,car,574,2.5038471088147083,0,0,0,2
0019,car,575,2.9796213679816175,0,0,0,2
0019,car,576,1.8967954565663578,0,0,0,2
0019,car,577,1.779331204713323,0,0,0,2
0019,car,578,1.917414525555699,1,1,0,2
0019,car,579,2.5903343151960816,0,0,0,2
0019,car,580,2.5532847950911113,0,0,0,2
0019,car,581,2.1063615320590867,0,0,0,2
0019,car,582,1.9078437127805374,0,0,0,2
0019,car,583,0.9746232473467347,0,0,0,2
0019,car,584,1.4343621189898006,0,0,0,2
0019,car,585,1.3618965255157771,0,0,0,2
0019,car,586,0.6610051065640669,0,0,0,2
0019,car,587,0.8058698624722845,0,0,0,2
0019,car,588,0.7652704974211539,0,0,0,2
0019,car,589,0.5627670356557284,0,0,0,2
0019,car,590,1.875799188521993,0,0,0,2
0019,car,591,2.268424599323882,0,0,0,2
0019,car,592,1.672957649195992,0,0,0,2
0019,car,593,1.3750270385212529,0,0,0,2
0019,car,594,1.4296064865824503,0,0,0,2
0019,car,595,1.845485647785963,0,0,0,2
0019,car,596,1.6699042153175556,0,0,0,2
0019,car,597,1.6155602830263809,0,0,0,2
0019,car,598,1.385375364521659,0,0,0,2
0019,car,599,1.5061420132084649,0,0,0,2
0019,car,600,1.3660062859846493,0,0,0,2
0019,car,601,1.943232325347583,0,0,0,2
0019,car,602,0.6968812719660514,0,0,0,2
0019,car,603,1.6524174123259567,0,0,0,2
0019,car,604,0.9868251614907575,0,0,0,2
0019,car,605,1.0112292626813952,0,0,0,2
0019,car,606,1.6269050144958999,0,0,0,2
0019,car,607,1.6581087149792448,0,0,0,2
0019,car,608,1.7428339917354583,0,0,0,2
0019,car,609,0.794548775021635,0,0,0,2
0019,car,610,1.2914661622632722,0,0,0,2
0019,car,611,1.5237951328134332,0,0,0,2
0019,car,612,1.9889836032917294,0,0,0,2
0019,car,613,1.0861803872020468,0,0,0,2
0019,car,614,1.0982939094181456,0,0,0,2
0019,car,615,1.1124028020739347,0,0,0,2
0019,car,616,1.5193284402920366,0,0,0,2
0019,car,617,1.1981379675584423,0,0,0,2
0019,car,618,1.20355801339798,0,0,0,2
0019,car,619,1.7169039231391998,0,0,0,2
0019,car,620,3.781246369033948,0,0,0,2
0019,car,621,2.4224581235784894,0,0,0,2
0019,car,622,2.3754968606490268,0,0,0,2
0019,car,623,2.644127773092431,0,0,0,2
0019,car,624,1.548694978893859,0,0,0,2
0019,car,625,2.8915815329746066,0,0,0,2
0019,car,626,1.8711467544574736,0,0,0,2
0019,car,627,2.0690426405989526,0,0,0,2
0019,car,628,1.9672637042028502,0,0,0,2
0019,car,629,1.6208646713987978,0,0,0,2
0019,car,630,1.3476451750147236,0,0,0,2
0019,car,631,1.4427329127832118,0,0,0,2
0019,car,632,1.0338275377040786,0,0,0,2
0019,car,633,1.4683602956564636,0,0,0,2
0019,car,634,1.2865123414215915,0,0,0,2
0019,car,635,1.3224737271820106,0,0,0,2
0019,car,636,1.2803766139928874,0,0,0,2
0019,car,637,1.163849310372444,0,0,0,2
0019,car,638,1.3258349821787514,0,0,0,2
0019,car,639,1.1880087667041335,0,0,0,2
0019,car,640,1.5378695556034685,0,0,0,2
0019,car,641,1.0603289656986636,0,0,0,2
0019,car,642,1.3759082993022005,0,0,0,2
0019,car,643,1.0688807743205497,0,0,0,2
0019,car,644,2.0578078039786836,0,0,0,2
0019,car,645,1.7305643753307018,0,0,0,2
0019,car,646,1.8878875138936901,0,0,0,2
0019,car,647,1.6134493705783235,0,0,0,2
0019,car,648,1.6249909321774272,0,0,0,2
0019,car,649,1.8780691599308006,0,0,0,2
0019,car,650,1.7081947374227608,0,0,0,2
0019,car,651,1.691336294942587,0,0,0,2
0019,car,652,1.9688754507163928,0,0,0,2
0019,car,653,2.7495190313887052,0,0,0,2
0019,car,654,3.0836226976981354,0,0,0,2
0019,car,655,3.2892418893755213,0,0,0,2
0019,car,656,1.9654185815638232,0,0,0,2
0019,car,657,3.0923075569065333,0,0,0,2
0019,car,658,2.443614785635917,0,0,0,2
0019,car,659,2.9586810845468663,0,0,0,2
0019,car,660,2.4088768230280584,0,0,0,2
0019,car,661,3.4651383810859686,0,0,0,2
0019,car,662,1.6266009182896508,0,0,0,2
0019,car,663,2.1247830458297927,0,0,0,2
0019,car,664,1.935221710166072,0,0,0,2
0019,car,665,1.736949558893266,0,0,0,2
0019,car,666,1.9385154658985035,0,0,0,2
0019,car,667,1.3457984509953038,0,0,0,2
0019,car,668,2.214640996342631,0,0,0,2
0019,car,669,2.5976957103489,0,0,0,2
0019,car,670,2.3406352703549054,0,0,0,2
0019,car,671,1.86607356275453,0,0,0,2
0019,car,672,1.8118852842080613,0,0,0,2
0019,car,673,2.2795375410086822,0,0,0,2
0019,car,674,2.593048763403206,0,0,0,2
0019,car,675,1.6986967514012485,0,0,0,2
0019,car,676,1.879573266409616,0,0,0,2
0019,car,677,1.5103109100817305,0,0,0,2
0019,car,678,1.7693552068354332,0,0,0,2
0019,car,679,1.94181117179695,0,0,0,2
0019,car,680,1.3655083755568644,0,0,0,2
0019,car,681,1.7169782197817551,0,0,0,2
0019,car,682,1.6341425071892504,0,0,0,2
0019,car,683,2.141792009291604,0,0,0,2
0019,car,684,1.4153144157548718,0,0,0,2
0019,car,685,1.6116908303603745,0,0,0,2
0019,car,686,1.0867797873954044,0,0,0,2
0019,car,687,1.6276528087828166,0,0,0,2
0019,car,688,1.5249887964805202,0,0,0,2
0019,car,689,1.6860256836000713,0,0,0,2
0019,car,690,1.4880386208017298,0,0,0,2
0019,car,691,1.3604908758215577,0,0,0,2
0019,car,692,1.917165807597016,0,0,0,2
0019,car,693,1.9002119431895481,0,0,0,2
0019,car,694,1.795048963381061,0,0,0,2
0019,car,695,2.0896589721623258,0,0,0,2
0019,car,696,4.165538349050197,0,0,0,2
0019,car,697,2.3602661313378293,0,0,0,2
0019,car,698,2.6476178531388226,0,0,0,2
0019,car,699,1.705986884248441,0,0,0,2
0019,car,700,2.2564827200885818,0,0,0,2
0019,car,701,1.1800393197653398,0,0,0,2
0019,car,702,2.063425877636941,0,0,0,2
0019,car,703,1.851101045040728,0,0,0,2
0019,car,704,1.8526158925553344,0,0,0,2
0019,car,705,1.4604738122275955,0,0,0,2
0019,car,706,1.441782403047373,0,0,0,2
0019,car,707,2.024010408573313,0,0,0,2
0019,car,708,1.2010944947671551,0,0,0,2
0019,car,709,1.2369633529746753,0,0,0,2
0019,car,710,1.3599916839614503,0,0,0,2
0019,car,711,1.2036991122810103,0,0,0,2
0019,car,712,1.4317601250557124,0,0,0,2
0019,car,713,1.3407990943379975,0,0,0,2
0019,car,714,0.9244595074548011,0,0,0,2
0019,car,715,1.0015391631397346,0,0,0,2
0019,car,716,0.3628478551849293,0,0,0,2
0019,car,717,3.050310229003723,0,0,0,2
0019,car,718,0.6439886509501128,0,0,0,2
0019,car,719,0.5329819716238277,0,0,0,2
0019,car,720,1.3275362255446772,0,0,0,2
0019,car,721,1.0895654733100186,0,0,0,2
0019,car,722,0.8701114743173486,0,0,0,2
0019,car,723,3.0186581148043357,0,0,0,2
0019,car,724,2.813625782418177,0,0,0,1
0019,car,725,1.092997698939659,0,0,0,1
0019,car,726,1.9598312609050388,0,0,0,1
0019,car,727,1.4068010083350373,0,0,0,1
0019,car,728,1.3181468098582148,0,0,0,1
0019,car,729,1.8435632998185492,0,0,0,1
0019,car,730,1.0324479732285519,1,1,0,1
0019,car,731,1.320934939344618,0,0,0,1
0019,car,732,1.5924969159027131,0,0,0,1
0019,car,733,1.2924831386480944,0,0,0,1
0019,car,734,0.8467428062382982,0,0,0,1
0019,car,735,2.989737268461451,0,0,0,1
0019,car,736,1.8468965064305354,0,0,0,1
0019,car,737,3.4758805241454405,0,0,0,1
0019,car,738,3.815645457447715,0,0,0,1
0019,car,739,2.3952677068317048,0,0,0,1
0019,car,740,4.849681157094814,0,0,0,1
0019,car,741,0.8446856069894239,0,0,0,1
0019,car,742,0.5886372471789866,0,0,0,1
0019,car,743,2.744528311834859,0,0,0,1
0019,car,744,0.448677235940811,0,0,0,1
0019,car,745,0.31552567691338385,0,0,0,1
0019,car,746,0.3941148856191456,0,0,0,1
0019,car,747,0.4973643583236883,0,0,0,1
0019,car,748,0.8519648589942563,0,0,0,1
0019,car,749,0.7540316431922196,0,0,0,1
0019,car,750,1.3375876917367817,0,0,0,1
0019,car,751,0.5256884875820492,0,0,0,1
0019,car,752,0.4012117942667548,0,0,0,1
0019,car,753,1.8870630082876056,0,0,0,1
0019,car,754,2.2249461276362306,0,0,0,1
0019,car,755,0.6352970089775305,0,0,0,1
0019,car,756,2.1429699185900906,0,0,0,1
0019,car,757,2.8753865589295406,0,0,0,1
0019,car,758,1.9483215236474294,0,0,0,1
0019,car,759,3.6228909437252037,0,0,0,1
0019,car,760,5.302501857133703,0,0,0,1
0019,car,761,4.082913226294753,0,0,0,1
0019,car,762,1.1937381411682517,0,0,0,1
0019,car,763,2.518488843310317,0,0,0,1
0019,car,764,3.875048644171822,0,0,0,1
0019,car,765,2.0097367686379792,0,0,0,1
0019,car,766,2.195327855230413,0,0,0,1
0019,car,767,1.7787913621210845,1,1,0,1
0019,car,768,2.3260792695731523,0,0,0,1
0019,car,769,5.175481796052996,0,0,0,1
0019,car,770,2.874166730241443,0,0,0,1
0019,car,771,3.4437279968363192,0,0,0,1
0019,car,772,3.017845685529567,0,0,0,1
0019,car,773,3.118576412809464,0,0,0,1
0019,car,774,1.4462019437237936,0,0,0,1
0019,car,775,1.1260294766673566,0,0,0,1
0019,car,776,0.787085221617041,0,0,0,1
0019,car,777,1.2141863932979025,0,0,0,1
0019,car,778,1.5940900727265925,0,0,0,1
0019,car,779,2.916124938318609,0,0,0,1
0019,car,780,2.164985413086623,0,0,0,1
0019,car,781,2.897925082253869,0,0,0,1
0019,car,782,4.450765402338356,0,0,0,1
0019,car,783,3.5264075596161666,0,0,0,1
0019,car,784,5.128644226483627,0,0,0,1
0019,car,785,4.165082258916095,0,0,0,1
0019,car,786,2.8167618754413266,0,0,0,1
0019,car,787,3.631901704769382,0,0,0,1
0019,car,788,2.699036093514092,0,0,0,1
0019,car,789,7.67449776341691,0,0,0,1
0019,car,790,3.6149882528895287,0,0,0,1
0019,car,936,0.6950853331605064,0,0,0,1
0019,car,937,0.43401467555391654,0,0,0,1
0019,car,938,0.36532888284720966,0,0,0,1
0019,car,939,0.6036346812930271,0,0,0,1
0019,car,940,1.2762668967457234,0,0,0,1
0019,car,941,1.3659709151750157,0,0,0,1
0019,car,942,1.7128558544062042,0,0,0,1
0019,car,943,1.7698029584337105,0,0,0,1
0019,car,944,1.9579047587712264,0,0,0,1
0019,car,945,1.3667570893225482,0,0,0,1
0019,car,946,1.45472650216951,0,0,0,1
0019,car,947,1.3845245723824493,0,0,0,1
0019,car,948,1.3091867310563416,0,0,0,1
0019,car,949,1.5822373939659027,0,0,0,1
0019,car,950,1.2886321279905553,0,0,0,1
0019,car,951,1.2672671957645931,0,0,0,1
0019,car,952,1.5506392853560644,0,0,0,1
0019,car,953,1.2148999866064982,0,0,0,1
0019,car,954,1.403819397915214,0,0,0,1
0019,car,955,1.254738813362989,0,0,0,1
0019,car,956,1.1746027144659488,0,0,0,1
0019,car,957,0.8402880756099437,0,0,0,1
0019,car,958,0.9178450857646818,0,0,0,1
0019,car,959,0.53369117836724,0,0,0,1
0019,car,960,0.7360942266746552,0,0,0,1
0019,car,961,0.7661757158125977,0,0,0,1
0019,car,962,0.2507129746761405,0,0,0,1
0019,car,963,0.28855734799656896,0,0,0,1
0019,car,964,0.8939045118009344,0,0,0,1
0019,car,965,1.441531544983822,0,0,0,1
0019,car,966,1.2095338262645727,0,0,0,1
0019,car,967,0.34148684839643023,0,0,0,1
0019,car,968,0.4853566605602808,0,0,0,1
0019,car,969,0.39507910534688845,0,0,0,1
0019,car,970,1.588950170613766,0,0,0,2
0019,car,971,1.0154932716840073,0,0,0,2
0019,car,972,1.4467110465974382,0,0,0,1
0019,car,973,2.445521260275585,0,0,0,1
0019,car,974,2.0701000883941973,0,0,0,1
0019,car,975,2.731943822583721,0,0,0,1
0019,car,976,2.236618578628926,0,0,0,1
0019,car,977,2.142034876354283,0,0,0,1
0019,car,978,2.603452912389681,0,0,0,1
0019,car,979,1.6259746704228948,0,0,0,1
0019,car,980,1.9455336106920136,0,0,0,1
0019,car,981,0.8780492334291754,0,0,0,1
0019,car,982,1.3425548991683929,0,0,0,1
0019,car,983,1.0171054439393195,0,0,0,1
0019,car,984,1.7014829550516108,0,0,0,1
0019,car,985,2.091711238771689,0,0,0,1
0019,car,986,2.2630946604332483,0,0,0,1
0019,car,987,2.0614338979897964,0,0,0,1
0019,car,988,2.0324796025129652,0,0,0,1
0019,car,989,1.9812232881370144,0,0,0,1
0019,car,990,2.176491965536955,0,0,0,1
0019,car,991,1.8934875777981586,0,0,0,1
0019,car,992,1.9595232479468465,0,0,0,1
0019,car,993,2.7819659622327655,0,0,0,1
0019,car,994,2.5382350485602796,0,0,0,1
0019,car,995,2.5482784492973183,0,0,0,1
0019,car,996,1.8499014471831918,0,0,0,1
0019,car,997,1.890799277810377,0,0,0,1
0019,car,998,2.5289137810046585,0,0,0,1
0019,car,999,2.2001175479590476,0,0,0,1
0019,car,1000,2.935791036999224,0,0,0,1
0019,car,1001,2.831201310912207,0,0,0,1
0019,car,1002,2.4280699378410064,0,0,0,1
0019,car,1003,2.289805658822869,0,0,0,1
0019,car,1004,2.6371251385127605,0,0,0,1
0019,car,1005,1.6229312435355006,0,0,0,1
0019,car,1006,1.1302368199022796,0,0,0,1
0019,car,1007,2.6044793568074693,0,0,0,1
0019,car,1008,2.51371714497191,0,0,0,1
0019,car,1009,1.8362103264303398,0,0,0,1
0019,car,1010,3.1981027540661016,0,0,0,1
0019,car,1011,1.1821743443298562,0,0,0,1
0019,car,1012,2.8241071962777946,0,0,0,1
0019,car,1013,2.604729403546651,0,0,0,1
0019,car,1014,3.1649210773236907,0,0,0,1
0019,car,1015,2.212624130657187,0,0,0,1
0019,car,1016,2.7153230111421083,0,0,0,1
0019,car,1017,1.811775368256847,0,0,0,1
0019,car,1018,2.3744574046864435,0,0,0,1
0019,car,1019,1.7800372171980163,0,0,0,1
0019,car,1020,3.2113208925734313,0,0,0,1
0019,car,1021,2.063881954231174,0,0,0,1
0019,car,1022,2.3878465607514263,0,0,0,1
0019,car,1023,1.489235485978599,0,0,0,1
0019,car,1024,2.714041696207802,0,0,0,1
0019,car,1025,2.2184571358991625,0,0,0,1
0019,car,1026,1.901801069836135,0,0,0,1
0019,car,1027,2.2727107835629594,0,0,0,1
0019,car,1028,1.3494350982540237,0,0,0,1
0019,car,1029,2.7166986482285083,0,0,0,1
0019,car,1030,1.725617038502347,0,0,0,1
0019,car,1031,2.0777321047672306,0,0,0,1
0019,car,1032,1.331930964582578,0,0,0,1
0019,car,1033,1.6364165903232113,0,0,0,1
0019,car,1034,1.5960595181973933,0,0,0,1
0019,car,1035,1.8391263588885796,0,0,0,1
0019,car,1036,1.1343311625911867,0,0,0,1
0019,car,1037,1.3037318724051212,0,0,0,1
0019,car,1038,0.8468486252399696,0,0,0,1
0019,car,1039,2.034091905047125,0,0,0,1
0019,car,1040,1.3360940599900155,0,0,0,1
0019,car,1041,1.1944693076990684,0,0,0,1
0019,car,1042,1.2039894332041887,0,0,0,1
0019,car,1043,1.0663835167387334,0,0,0,1
0019,car,1044,7.48636516036554,0,0,0,1
0019,car,1045,9.289160274023793,0,0,0,1
0019,car,1046,7.160564905856805,0,0,0,1
0019,car,1047,3.41507504311035,0,0,0,1
0019,car,1048,5.8491321602244,0,0,0,1
0019,car,1049,2.211622160452315,0,0,0,1
0019,car,1050,4.88178113535487,0,0,0,1
0019,car,1051,0.7412981014565009,0,0,0,1
0019,car,1052,0.8387294272042698,0,0,0,1
0019,car,1053,0.8087428663585002,0,0,0,1
0019,car,1054,3.634243100732873,0,0,0,1
0019,car,1055,2.4666753983875425,0,0,0,1
0019,car,1056,1.4931747865048324,0,0,0,1
0019,car,1057,1.3720189052710565,0,0,0,1
0019,car,1058,1.057911740232868,0,0,0,1
0019,pedestrian,0,0.0,0,0,0,2
0019,pedestrian,1,0.8361779613567066,0,0,0,2
0019,pedestrian,2,0.8119513083928334,0,0,0,2
0019,pedestrian,3,0.5267799994590888,0,0,0,2
0019,pedestrian,4,0.8109591997693697,0,0,0,2
0019,pedestrian,5,0.9343478791138258,0,0,0,2
0019,pedestrian,6,0.3981677633367655,0,0,0,2
0019,pedestrian,7,0.7081967051009426,0,0,0,2
0019,pedestrian,8,0.646390490591922,0,0,0,2
0019,pedestrian,9,0.6170069970202358,0,0,0,2
0019,pedestrian,10,0.8884539717600831,0,0,0,2
0019,pedestrian,11,0.5326424617212362,0,0,0,2
0019,pedestrian,12,0.3208220332106934,0,0,0,2
0019,pedestrian,13,0.5133800169918942,0,0,0,2
0019,pedestrian,14,0.4185538937212421,0,0,0,2
0019,pedestrian,15,0.44139885727017647,0,0,0,2
0019,pedestrian,16,0.4126310356163041,0,0,0,2
0019,pedestrian,17,0.6642488688592005,0,0,0,2
0019,pedestrian,18,0.7666391857688699,0,0,0,2
0019,pedestrian,19,0.77307276765483,0,0,0,2
0019,pedestrian,20,0.7093645581659549,0,0,0,2
0019,pedestrian,21,0.8148298229094357,0,0,0,2
0019,pedestrian,22,0.5051590451492802,0,0,0,2
0019,pedestrian,23,0.8977804012017375,0,0,0,2
0019,pedestrian,24,1.0612139631339632,0,0,0,2
0019,pedestrian,25,0.9134040092556484,0,0,0,2
0019,pedestrian,26,1.6999499028373635,0,0,0,2
0019,pedestrian,27,1.7340450236218403,0,0,0,2
0019,pedestrian,28,2.119589726249712,0,0,0,2
0019,pedestrian,29,0.7758601430434566,0,0,0,2
0019,pedestrian,30,2.072688090950111,0,0,0,2
0019,pedestrian,31,0.8974297033027031,0,0,0,2
0019,pedestrian,32,2.3453146383636776,0,0,0,2
0019,pedestrian,33,1.008301044541788,0,0,0,2
0019,pedestrian,34,1.0369010368585054,0,0,0,2
0019,pedestrian,35,0.7509444945825099,0,0,0,2
0019,pedestrian,36,0.88459125196747,0,0,0,2
0019,pedestrian,37,1.7190823468430765,0,0,0,2
0019,pedestrian,38,0.9272308168940966,0,0,0,2
0019,pedestrian,39,0.9058156685817058,0,0,0,2
0019,pedestrian,40,1.2638758821227896,0,0,0,2
0019,pedestrian,41,1.3934928520204317,0,0,0,2
0019,pedestrian,42,1.5622652088945153,0,0,0,2
0019,pedestrian,43,3.0326457369868463,0,0,0,2
0019,pedestrian,44,1.1483802673414725,0,0,0,2
0019,pedestrian,45,2.4594504708163853,0,0,0,2
0019,pedestrian,46,2.7058939862648645,0,0,0,2
0019,pedestrian,47,5.040545774488557,0,0,0,2
0019,pedestrian,48,2.2778334376510894,0,0,0,2
0019,pedestrian,49,2.1557392534248416,0,0,0,2
0019,pedestrian,50,1.4878613653140338,0,0,0,2
0019,pedestrian,51,5.571970472472094,0,0,0,2
0019,pedestrian,52,1.0876911242305405,0,0,0,2
0019,pedestrian,53,3.853507608157635,0,1,-1,2
0019,pedestrian,54,4.943490727841436,0,0,0,2
0019,pedestrian,55,1.0939971398326953,0,0,0,2
0019,pedestrian,56,3.8842953415001036,0,0,0,2
0019,pedestrian,57,2.2709751586121643,0,0,0,2
0019,pedestrian,58,3.1578561556558284,0,0,0,2
0019,pedestrian,59,5.225545296042524,0,0,0,2
0019,pedestrian,60,1.453511753056113,0,0,0,2
0019,pedestrian,61,2.471775176433079,0,0,0,2
0019,pedestrian,62,2.951206062753408,0,0,0,2
0019,pedestrian,63,2.8671829495338734,0,0,0,2
0019,pedestrian,64,2.8675221852300465,0,0,0,2
0019,pedestrian,65,3.594727280105003,0,0,0,2
0019,pedestrian,66,1.9578765583578046,0,0,0,2
0019,pedestrian,67,2.397036170925649,0,0,0,2
0019,pedestrian,68,0.8875019703955065,0,0,0,2
0019,pedestrian,69,1.2453128033489211,0,0,0,2
0019,pedestrian,70,1.466686497609574,0,0,0,2
0019,pedestrian,71,1.325214778862045,0,0,0,2
0019,pedestrian,72,1.2773202124024259,0,0,0,2
0019,pedestrian,73,0.9133835834578015,0,0,0,2
0019,pedestrian,74,0.472496067885167,0,0,0,2
0019,pedestrian,75,0.5730792854539619,0,0,0,2
0019,pedestrian,76,0.8941550913972984,0,0,0,2
0019,pedestrian,77,0.7342587678927347,0,0,0,3
0019,pedestrian,78,0.576931193796306,0,0,0,4
0019,pedestrian,79,0.5349080586259384,0,0,0,4
0019,pedestrian,80,0.545897265499149,0,0,0,4
0019,pedestrian,81,0.5770621483448989,0,0,0,4
0019,pedestrian,82,0.25365540181590474,0,0,0,4
0019,pedestrian,83,0.5432942683286227,0,0,0,4
0019,pedestrian,84,0.38527026454863544,0,0,0,4
0019,pedestrian,85,0.5872251587250719,0,0,0,5
0019,pedestrian,86,0.20609992474250394,0,0,0,5
0019,pedestrian,87,0.5368058651250973,0,0,0,5
0019,pedestrian,88,0.27599634650895627,0,0,0,5
0019,pedestrian,89,0.6498106384293172,1,1,0,5
0019,pedestrian,90,0.9717504422488092,0,0,0,5
0019,pedestrian,91,0.770826617246993,0,0,0,5
0019,pedestrian,92,0.9524505807795183,0,0,0,5
0019,pedestrian,93,0.3077473566214131,0,0,0,5
0019,pedestrian,94,1.1355079364695164,0,0,0,5
0019,pedestrian,95,1.5160812934099779,1,1,0,5
0019,pedestrian,96,0.7231274261315517,0,0,0,5
0019,pedestrian,97,2.213274756982219,0,0,0,5
0019,pedestrian,98,0.6376477514655335,0,0,0,5
0019,pedestrian,99,1.0133789864771188,0,0,0,5
0019,pedestrian,100,1.4269609835063972,0,0,0,5
0019,pedestrian,101,0.6665593543122539,0,0,0,6
0019,pedestrian,102,1.3810923891844906,0,0,0,6
0019,pedestrian,103,2.3318374232543553,0,0,0,6
0019,pedestrian,104,1.8514351624503762,0,0,0,6
0019,pedestrian,105,1.8356876284244428,0,0,0,6
0019,pedestrian,106,1.4070671372126107,0,0,0,6
0019,pedestrian,107,0.6056522909372348,0,0,0,6
0019,pedestrian,108,1.285770298900023,0,0,0,6
0019,pedestrian,109,1.468625951473953,0,0,0,6
0019,pedestrian,110,0.6748958852781126,0,0,0,6
0019,pedestrian,111,0.8144911677192056,0,0,0,6
0019,pedestrian,112,1.9718111545985268,0,0,0,8
0019,pedestrian,113,2.829091500602697,0,0,0,7
0019,pedestrian,114,1.7842504953500498,0,0,0,7
0019,pedestrian,115,1.1106461460853225,0,0,0,7
0019,pedestrian,116,2.8601814431369674,0,0,0,7
0019,pedestrian,117,3.576395968985363,0,0,0,7
0019,pedestrian,118,4.327241379143436,0,0,0,7
0019,pedestrian,119,2.7446962077887713,0,0,0,7
0019,pedestrian,120,3.3173963964059316,0,0,0,8
0019,pedestrian,121,1.9416474360619445,0,0,0,8
0019,pedestrian,122,2.1645292738096376,0,0,0,8
0019,pedestrian,123,2.2274502850529094,0,0,0,8
0019,pedestrian,124,2.9317770650046246,0,0,0,8
0019,pedestrian,125,1.2122581418960117,0,0,0,7
0019,pedestrian,126,1.7503275895974586,0,0,0,7
0019,pedestrian,127,1.5042605293866775,0,0,0,7
0019,pedestrian,128,2.2322239061107028,0,0,0,7
0019,pedestrian,129,1.0622700619689347,0,0,0,6
0019,pedestrian,130,1.9095611154400718,0,0,0,6
0019,pedestrian,131,1.9196096696919476,0,0,0,6
0019,pedestrian,132,2.223300241445761,0,0,0,6
0019,pedestrian,133,2.450115423192667,0,0,0,6
0019,pedestrian,134,0.6472383009430945,0,0,0,6
0019,pedestrian,135,2.008078131318449,0,0,0,6
0019,pedestrian,136,2.4599850217224017,0,0,0,7
0019,pedestrian,137,1.8109631989197577,0,0,0,7
0019,pedestrian,138,2.139348328922432,0,0,0,8
0019,pedestrian,139,1.6697551560016088,1,1,0,8
0019,pedestrian,140,2.788687133483272,1,1,0,8
0019,pedestrian,141,1.208930692316259,0,0,0,8
0019,pedestrian,142,1.9162570969556731,0,0,0,9
0019,pedestrian,143,1.8236362717985952,0,0,0,8
0019,pedestrian,144,3.3288370813606587,0,0,0,8
0019,pedestrian,145,3.138221451819528,0,0,0,9
0019,pedestrian,146,2.0320145286559104,0,0,0,9
0019,pedestrian,147,2.8062487552571116,0,0,0,9
0019,pedestrian,148,3.554283386920649,0,0,0,9
0019,pedestrian,149,2.046873374150649,0,0,0,9
0019,pedestrian,150,2.369179070615801,0,0,0,9
0019,pedestrian,151,4.0267042781232885,0,0,0,9
0019,pedestrian,152,2.898760047408029,0,0,0,8
0019,pedestrian,153,3.4694157925971347,0,0,0,8
0019,pedestrian,154,5.9720337062996265,0,0,0,8
0019,pedestrian,155,3.9092318444642737,0,0,0,8
0019,pedestrian,156,4.841399393882571,0,0,0,8
0019,pedestrian,157,5.404390884876871,0,0,0,7
0019,pedestrian,158,2.5511706759404795,0,0,0,7
0019,pedestrian,159,1.847543185332523,0,0,0,7
0019,pedestrian,160,1.0115670836392272,0,0,0,7
0019,pedestrian,161,1.884865679973947,0,0,0,7
0019,pedestrian,162,1.5994139825065543,0,0,0,6
0019,pedestrian,163,2.0789443365731386,0,0,0,7
0019,pedestrian,164,1.2998690405139852,0,0,0,7
0019,pedestrian,165,1.5756521721639236,0,0,0,6
0019,pedestrian,166,1.8243144320577547,0,0,0,6
0019,pedestrian,167,2.352679115904313,0,0,0,6
0019,pedestrian,168,1.6588294745763754,0,0,0,6
0019,pedestrian,169,0.9228785357261042,0,0,0,6
0019,pedestrian,170,3.4806647484129636,0,0,0,6
0019,pedestrian,171,1.9358965725609036,0,0,0,6
0019,pedestrian,172,3.5555953082909193,0,0,0,7
0019,pedestrian,173,3.028949533481436,0,0,0,7
0019,pedestrian,174,3.5839289352942103,0,0,0,7
0019,pedestrian,175,2.4516323605971317,0,0,0,7
0019,pedestrian,176,2.256124283537922,0,0,0,7
0019,pedestrian,177,2.5813291346747826,0,0,0,7
0019,pedestrian,178,2.8834117845026563,0,0,0,8
0019,pedestrian,179,4.520389084770531,0,0,0,8
0019,pedestrian,180,1.9426908121845041,0,0,0,8
0019,pedestrian,181,1.205685243992235,0,0,0,8
0019,pedestrian,182,1.2442148640769986,0,0,0,9
0019,pedestrian,183,3.96652811720179,0,0,0,9
0019,pedestrian,184,3.111688281975804,0,0,0,9
0019,pedestrian,185,5.6890415602969755,0,0,0,10
0019,pedestrian,186,3.1425441092396182,0,0,0,10
0019,pedestrian,187,1.7957768644071468,0,0,0,10
0019,pedestrian,188,1.752449282316804,1,0,1,11
0019,pedestrian,189,1.7538446822103406,0,0,0,11
0019,pedestrian,190,1.5757627432656252,0,0,0,11
0019,pedestrian,191,0.83956656709354,1,1,0,11
0019,pedestrian,192,1.7435070791676217,0,0,0,11
0019,pedestrian,193,1.9007245701677777,0,0,0,11
0019,pedestrian,194,1.0601430331614652,1,1,0,11
0019,pedestrian,195,0.31395201711920645,2,2,0,10
0019,pedestrian,196,1.549534109920591,0,0,0,11
0019,pedestrian,197,0.9063589022166194,0,0,0,10
0019,pedestrian,198,0.6752650425047052,0,0,0,11
0019,pedestrian,199,0.8486516532229511,0,0,0,11
0019,pedestrian,200,0.8452488095826335,1,1,0,11
0019,pedestrian,201,1.0095953279766554,0,0,0,11
0019,pedestrian,202,1.3644481632918264,0,0,0,11
0019,pedestrian,203,1.1160196700366811,0,0,0,11
0019,pedestrian,204,0.6753247911214799,0,0,0,11
0019,pedestrian,205,1.1381554754274879,0,0,0,10
0019,pedestrian,206,0.9740746690975361,0,0,0,10
0019,pedestrian,207,0.9471066661437085,0,0,0,10
0019,pedestrian,208,1.0528934329859325,0,0,0,10
0019,pedestrian,209,0.681675350398812,0,0,0,10
0019,pedestrian,210,0.8707714200935752,0,0,0,10
0019,pedestrian,211,1.240366197484609,0,0,0,10
0019,pedestrian,212,0.7917087092762198,0,0,0,10
0019,pedestrian,213,0.9120689214831581,1,1,0,10
0019,pedestrian,214,1.026999320810586,0,0,0,10
0019,pedestrian,215,1.2979921596791997,0,0,0,10
0019,pedestrian,216,1.904441640324355,0,0,0,10
0019,pedestrian,217,1.2083248996932654,1,1,0,10
0019,pedestrian,218,1.4717286734239738,1,1,0,10
0019,pedestrian,219,0.7016144113196745,0,0,0,10
0019,pedestrian,220,1.765920717146137,0,0,0,11
0019,pedestrian,221,1.142940822521817,1,1,0,11
0019,pedestrian,222,1.072819852583623,0,0,0,10
0019,pedestrian,223,1.0057110414977704,0,0,0,10
0019,pedestrian,224,1.4129020052391263,0,0,0,10
0019,pedestrian,225,1.7143079284731448,0,0,0,12
0019,pedestrian,226,0.7748636171562101,0,0,0,11
0019,pedestrian,227,0.7817632617835786,0,0,0,11
0019,pedestrian,228,1.049370816677291,0,0,0,11
0019,pedestrian,229,0.9368573936189915,0,0,0,11
0019,pedestrian,230,1.417848376755564,0,0,0,11
0019,pedestrian,231,1.6844652090827728,0,0,0,11
0019,pedestrian,232,1.3596474901627995,0,0,0,11
0019,pedestrian,233,0.7525159065072139,0,0,0,11
0019,pedestrian,234,1.3136083058227461,0,0,0,11
0019,pedestrian,235,1.9070302468744522,1,0,1,11
0019,pedestrian,236,1.279642616881492,0,0,0,12
0019,pedestrian,237,0.8783982562827342,0,0,0,12
0019,pedestrian,238,1.2216018538638647,0,1,-1,12
0019,pedestrian,239,0.8644019399789151,0,0,0,11
0019,pedestrian,240,0.8777160527370075,1,0,1,11
0019,pedestrian,241,1.1370610259931582,0,1,-1,11
0019,pedestrian,242,0.6641622076709781,1,0,1,10
0019,pedestrian,243,0.3541558229702545,1,0,1,10
0019,pedestrian,244,1.3052291953725879,0,0,0,9
0019,pedestrian,245,1.4329443445404453,1,1,0,9
0019,pedestrian,246,1.1949314313905868,0,0,0,9
0019,pedestrian,247,1.7767372498187832,0,0,0,9
0019,pedestrian,248,1.2452503835817068,0,0,0,10
0019,pedestrian,249,2.64649846963739,0,0,0,10
0019,pedestrian,250,0.4685380990129264,0,0,0,10
0019,pedestrian,251,2.032115940857385,0,0,0,10
0019,pedestrian,252,2.3182420426391346,1,0,1,10
0019,pedestrian,253,2.5192458055751903,0,1,-1,11
0019,pedestrian,254,1.7492346789210746,0,0,0,11
0019,pedestrian,255,1.6351870264574802,0,0,0,11
0019,pedestrian,256,0.9067414283100104,1,1,0,11
0019,pedestrian,257,1.9886174824836118,0,0,0,10
0019,pedestrian,258,0.8469654818666679,0,0,0,10
0019,pedestrian,259,1.1334486755485829,0,0,0,10
0019,pedestrian,260,1.0624392893828434,0,0,0,10
0019,pedestrian,261,0.8243648945409746,1,0,1,10
0019,pedestrian,262,1.2264201524893235,0,0,0,10
0019,pedestrian,263,1.2245915719503635,1,2,-1,11
0019,pedestrian,264,1.4241531611015714,0,0,0,11
0019,pedestrian,265,2.8829610652949405,1,1,0,11
0019,pedestrian,266,2.393035964959845,1,1,0,11
0019,pedestrian,267,1.7153213244895855,1,1,0,11
0019,pedestrian,268,1.7986409554074758,0,0,0,11
0019,pedestrian,269,1.459637037731707,0,0,0,11
0019,pedestrian,270,2.2355333200880545,0,0,0,11
0019,pedestrian,271,1.6822733387740123,0,0,0,11
0019,pedestrian,272,2.665067971475596,0,0,0,11
0019,pedestrian,273,3.2689254975564306,0,0,0,11
0019,pedestrian,274,3.004757612656003,0,0,0,11
0019,pedestrian,275,4.427494526828453,0,0,0,11
0019,pedestrian,276,2.793384800951066,1,1,0,12
0019,pedestrian,277,3.27653873330187,0,0,0,12
0019,pedestrian,278,7.755999052699963,0,0,0,12
0019,pedestrian,279,2.8686488100357774,0,0,0,12
0019,pedestrian,280,2.752293296186097,0,0,0,12
0019,pedestrian,281,1.4408372649703025,0,0,0,12
0019,pedestrian,282,1.3723503800180277,0,0,0,12
0019,pedestrian,283,1.4980773879240483,0,0,0,12
0019,pedestrian,284,0.963312246209447,0,0,0,12
0019,pedestrian,285,1.0805146150437472,0,0,0,11
0019,pedestrian,286,2.988065024753692,1,1,0,11
0019,pedestrian,287,2.507493624068098,0,0,0,10
0019,pedestrian,288,1.8009565399723317,0,0,0,9
0019,pedestrian,289,2.1990195628552183,0,0,0,9
0019,pedestrian,290,4.087104453962931,0,0,0,9
0019,pedestrian,291,1.2396871782837946,0,0,0,9
0019,pedestrian,292,1.9341542460737329,0,0,0,9
0019,pedestrian,293,1.0280272381042557,0,0,0,8
0019,pedestrian,294,2.2089961529341253,0,0,0,9
0019,pedestrian,295,0.9254405648772903,0,0,0,9
0019,pedestrian,296,0.6036340064252155,0,0,0,9
0019,pedestrian,297,1.9036940459129723,0,0,0,9
0019,pedestrian,298,0.41930764994333847,0,0,0,9
0019,pedestrian,299,3.761364405924094,0,0,0,9
0019,pedestrian,300,0.9092388666194537,1,1,0,9
0019,pedestrian,301,0.7706536601281545,0,0,0,10
0019,pedestrian,302,1.395291461290349,0,0,0,10
0019,pedestrian,303,1.2656252507536858,0,0,0,10
0019,pedestrian,304,1.4051049017891297,0,0,0,10
0019,pedestrian,305,2.7312484916067117,0,0,0,10
0019,pedestrian,306,0.7506036973061336,0,0,0,10
0019,pedestrian,307,1.1171293082831293,0,0,0,10
0019,pedestrian,308,2.4571767085649125,0,0,0,10
0019,pedestrian,309,0.5032326357963686,0,0,0,10
0019,pedestrian,310,0.219039492751412,0,0,0,10
0019,pedestrian,311,0.4819251131736905,0,0,0,10
0019,pedestrian,312,1.0721708987378618,0,0,0,10
0019,pedestrian,313,2.2157816253871987,0,0,0,10
0019,pedestrian,314,2.055320542935996,0,0,0,10
0019,pedestrian,315,0.42780750162717907,0,0,0,10
0019,pedestrian,316,0.36880334897107486,0,0,0,10
0019,pedestrian,317,0.2706186158565147,1,1,0,10
0019,pedestrian,318,2.0362156993853278,0,0,0,10
0019,pedestrian,319,0.07661055705687506,0,0,0,10
0019,pedestrian,320,0.29291149460785537,1,1,0,10
0019,pedestrian,321,0.3266961714751473,1,1,0,10
0019,pedestrian,322,0.24121470749708346,0,0,0,10
0019,pedestrian,323,0.6861500435490008,0,0,0,10
0019,pedestrian,324,0.3940045163598417,0,0,0,10
0019,pedestrian,325,0.15544011460258894,0,0,0,10
0019,pedestrian,326,0.6964933093007912,1,1,0,10
0019,pedestrian,327,0.3687734197114855,0,0,0,10
0019,pedestrian,328,0.6073375850753128,0,0,0,10
0019,pedestrian,329,0.25794001247412285,1,1,0,10
0019,pedestrian,330,0.4337370703418316,0,0,0,10
0019,pedestrian,331,1.1336464366123795,1,1,0,10
0019,pedestrian,332,1.7164789770220596,0,0,0,10
0019,pedestrian,333,1.1828208145899304,0,0,0,10
0019,pedestrian,334,0.38820815936603603,1,1,0,10
0019,pedestrian,335,0.2936907201712248,0,0,0,10
0019,pedestrian,336,0.4419048583585726,1,1,0,10
0019,pedestrian,337,0.9159346029677196,0,0,0,10
0019,pedestrian,338,0.32813851772436553,0,0,0,10
0019,pedestrian,339,0.6430008759967518,0,0,0,10
0019,pedestrian,340,0.3107850669325457,0,1,-1,10
0019,pedestrian,341,0.5938883263145593,1,0,1,10
0019,pedestrian,342,0.4223736096501802,0,0,0,10
0019,pedestrian,343,0.45320126554068985,1,0,1,10
0019,pedestrian,344,0.7303736742392336,0,1,-1,9
0019,pedestrian,345,0.43595061719834005,0,0,0,9
0019,pedestrian,346,0.5773851785796091,0,0,0,9
0019,pedestrian,347,0.48600698428618344,0,0,0,9
0019,pedestrian,348,0.3727035169497493,0,0,0,9
0019,pedestrian,349,0.6558449996995014,0,0,0,9
0019,pedestrian,350,0.6777411972543436,0,0,0,9
0019,pedestrian,351,0.4947119372298516,0,0,0,9
0019,pedestrian,352,0.7034609333210797,0,0,0,9
0019,pedestrian,353,0.6549027642128474,0,0,0,9
0019,pedestrian,354,0.9198744429498442,0,0,0,9
0019,pedestrian,355,0.35956533742989366,0,0,0,9
0019,pedestrian,356,0.7099205469361899,0,0,0,9
0019,pedestrian,357,0.9833027613347541,1,1,0,9
0019,pedestrian,358,0.7233848221686342,1,2,-1,9
0019,pedestrian,359,1.2030537854150598,0,0,0,9
0019,pedestrian,360,0.5863986217101157,0,0,0,9
0019,pedestrian,361,1.3204033365028418,0,0,0,9
0019,pedestrian,362,1.6041400301678403,1,1,0,8
0019,pedestrian,363,0.9740004841098078,0,0,0,10
0019,pedestrian,364,1.0963273106590519,2,2,0,10
0019,pedestrian,365,1.5581303658869115,0,0,0,10
0019,pedestrian,366,2.480075661468237,0,0,0,10
0019,pedestrian,367,1.1494008992421108,0,0,0,10
0019,pedestrian,368,1.5283700643138465,1,1,0,11
0019,pedestrian,369,1.3035996973297004,0,0,0,11
0019,pedestrian,370,2.068978443832434,0,0,0,10
0019,pedestrian,371,2.7112148698530425,1,1,0,10
0019,pedestrian,372,2.4093509043929915,2,2,0,10
0019,pedestrian,373,1.0333812561939208,1,1,0,10
0019,pedestrian,374,1.6664459251350212,0,0,0,10
0019,pedestrian,375,3.4782082656795072,0,0,0,10
0019,pedestrian,376,1.438688167872072,1,1,0,10
0019,pedestrian,377,2.433130137459509,0,0,0,10
0019,pedestrian,378,2.083784376687519,1,1,0,10
0019,pedestrian,379,2.779979482922099,1,1,0,10
0019,pedestrian,380,3.130744579730909,1,1,0,10
0019,pedestrian,381,1.9391024564783,1,1,0,10
0019,pedestrian,382,4.666367901555154,0,0,0,8
0019,pedestrian,383,5.641514858668836,0,0,0,8
0019,pedestrian,384,3.5442385483392553,0,0,0,8
0019,pedestrian,385,3.4564791252476814,0,0,0,7
0019,pedestrian,386,2.212290369433735,0,0,0,7
0019,pedestrian,387,1.635550509850192,0,0,0,6
0019,pedestrian,388,1.2773819121963625,0,0,0,7
0019,pedestrian,389,1.3135038419697878,0,0,0,6
0019,pedestrian,390,0.892363605671386,0,0,0,6
0019,pedestrian,391,1.3553996765332235,0,0,0,6
0019,pedestrian,392,1.4141561342407505,0,0,0,6
0019,pedestrian,393,1.0714715735746496,0,0,0,6
0019,pedestrian,394,1.054179836817951,0,0,0,5
0019,pedestrian,395,1.0690442268260858,0,0,0,5
0019,pedestrian,396,1.546105585281739,0,0,0,5
0019,pedestrian,397,1.7918655985319492,0,0,0,5
0019,pedestrian,398,1.5481026337483743,0,0,0,5
0019,pedestrian,399,1.301760160212343,0,0,0,4
0019,pedestrian,400,2.4317698816683575,0,0,0,4
0019,pedestrian,401,1.677651313092922,0,0,0,4
0019,pedestrian,402,2.4156086168120727,0,0,0,4
0019,pedestrian,403,2.655635323492916,0,0,0,4
0019,pedestrian,404,1.08481989251905,0,0,0,4
0019,pedestrian,405,1.2894020517850167,0,0,0,4
0019,pedestrian,406,1.3831389994571346,0,0,0,4
0019,pedestrian,407,2.0265576554426876,0,0,0,4
0019,pedestrian,408,2.170499029371394,0,0,0,4
0019,pedestrian,409,0.8155285739029832,0,0,0,4
0019,pedestrian,410,2.3157563264988608,0,0,0,4
0019,pedestrian,411,2.725508762791109,0,0,0,4
0019,pedestrian,412,1.3679190954559455,0,0,0,4
0019,pedestrian,413,2.582453490903718,0,0,0,4
0019,pedestrian,414,2.9462019226331755,0,0,0,4
0019,pedestrian,415,1.8178153700982351,0,0,0,4
0019,pedestrian,416,2.94276386674756,0,0,0,4
0019,pedestrian,417,1.4930823481702256,0,0,0,4
0019,pedestrian,418,3.002278611901887,0,0,0,4
0019,pedestrian,419,3.11206845754592,0,0,0,4
0019,pedestrian,420,1.6691592856847772,0,0,0,4
0019,pedestrian,421,2.0661927390187254,0,0,0,4
0019,pedestrian,422,2.1933576174523552,0,0,0,4
0019,pedestrian,423,3.4478160099277604,0,0,0,4
0019,pedestrian,424,1.4360433178523935,0,0,0,4
0019,pedestrian,425,1.9941973616594426,0,0,0,4
0019,pedestrian,426,3.041686073682184,0,0,0,4
0019,pedestrian,427,1.7205795068530545,0,0,0,4
0019,pedestrian,428,2.4040161299429172,0,0,0,4
0019,pedestrian,429,1.3245314251297233,0,0,0,3
0019,pedestrian,430,2.0393020113810394,0,0,0,3
0019,pedestrian,431,1.2907407148191938,0,0,0,3
0019,pedestrian,432,2.1743097812015333,0,0,0,3
0019,pedestrian,433,2.115509254905539,0,0,0,3
0019,pedestrian,434,1.9911825213290797,0,0,0,3
0019,pedestrian,435,3.6935479746959285,0,0,0,3
0019,pedestrian,436,2.313711754313863,0,0,0,3
0019,pedestrian,437,1.666945696952972,0,0,0,3
0019,pedestrian,438,2.7660174386724266,0,0,0,3
0019,pedestrian,439,3.1621570955847664,0,0,0,3
0019,pedestrian,440,2.2291983895534986,0,0,0,3
0019,pedestrian,441,4.494752979287321,0,0,0,3
0019,pedestrian,442,5.531819647473684,0,0,0,3
0019,pedestrian,443,2.315087328082935,0,0,0,3
0019,pedestrian,444,2.671931361885747,0,0,0,3
0019,pedestrian,445,3.3150053090387206,0,0,0,3
0019,pedestrian,446,1.7498532217644787,0,0,0,3
0019,pedestrian,447,2.939007188760679,0,0,0,3
0019,pedestrian,448,3.386145987626048,0,0,0,3
0019,pedestrian,449,1.7778592112847507,0,0,0,3
0019,pedestrian,450,2.68574830085727,0,0,0,3
0019,pedestrian,451,1.6398932948412965,0,0,0,3
0019,pedestrian,452,1.0206103966818247,0,0,0,3
0019,pedestrian,453,2.066501467400676,0,0,0,3
0019,pedestrian,454,1.3149243426961723,0,0,0,3
0019,pedestrian,455,1.8817909376146784,0,0,0,3
0019,pedestrian,456,0.8469330101982715,0,0,0,3
0019,pedestrian,457,1.0409018372366174,0,0,0,3
0019,pedestrian,458,2.577013730972336,0,0,0,4
0019,pedestrian,459,0.8178641317763149,0,0,0,4
0019,pedestrian,460,0.9720575076450115,0,0,0,4
0019,pedestrian,461,0.5791740442911626,0,0,0,4
0019,pedestrian,462,0.749936438169754,0,0,0,4
0019,pedestrian,463,1.2188368332139858,0,0,0,4
0019,pedestrian,464,1.311250139541014,0,0,0,4
0019,pedestrian,465,1.056443075608456,0,0,0,4
0019,pedestrian,466,1.6716748490506874,0,0,0,4
0019,pedestrian,467,1.5988040387245812,0,0,0,4
0019,pedestrian,468,1.731280798819573,0,0,0,4
0019,pedestrian,469,1.3596554304990442,0,0,0,4
0019,pedestrian,470,0.6393671367894795,0,0,0,4
0019,pedestrian,471,2.41224650906058,0,0,0,4
0019,pedestrian,472,2.071377727552756,0,0,0,4
0019,pedestrian,473,2.242936983269522,0,0,0,4
0019,pedestrian,474,2.038168029360758,0,0,0,4
0019,pedestrian,475,0.7701032914794014,0,0,0,4
0019,pedestrian,476,4.917173104876874,0,0,0,4
0019,pedestrian,477,3.3841143161733447,0,0,0,4
0019,pedestrian,478,5.76470704364955,0,0,0,4
0019,pedestrian,479,1.3759755994056113,0,0,0,4
0019,pedestrian,480,5.961538125242195,0,0,0,4
0019,pedestrian,481,4.084535257854938,0,0,0,4
0019,pedestrian,482,4.397072484419529,0,0,0,4
0019,pedestrian,483,6.23375837696724,0,0,0,4
0019,pedestrian,484,4.751763834432986,0,0,0,4
0019,pedestrian,485,7.503244069899152,0,0,0,4
0019,pedestrian,486,5.351300482820532,0,0,0,4
0019,pedestrian,487,6.005202187408425,0,0,0,4
0019,pedestrian,488,3.7724876015180158,0,0,0,5
0019,pedestrian,489,3.6768143787463585,0,0,0,5
0019,pedestrian,490,3.359340514111001,0,0,0,5
0019,pedestrian,491,5.613080762463996,0,0,0,5
0019,pedestrian,492,2.5998001544362768,0,0,0,5
0019,pedestrian,493,5.001268309050715,0,0,0,6
0019,pedestrian,494,1.6662738800473056,0,0,0,6
0019,pedestrian,495,2.5534480156527333,0,0,0,6
0019,pedestrian,496,0.9253192712770137,0,0,0,6
0019,pedestrian,497,1.5145890910093054,1,0,1,6
0019,pedestrian,498,1.366625756172085,0,0,0,6
0019,pedestrian,499,1.078483325740254,0,0,0,6
0019,pedestrian,500,3.768557685911022,0,0,0,6
0019,pedestrian,501,0.9209584827522512,0,0,0,6
0019,pedestrian,502,2.836081629040933,0,0,0,6
0019,pedestrian,503,2.010807993514481,0,0,0,6
0019,pedestrian,504,4.429077983211727,0,0,0,6
0019,pedestrian,505,4.784629691136794,0,0,0,6
0019,pedestrian,506,5.371805264894516,0,0,0,6
0019,pedestrian,507,4.390048241468231,1,1,0,6
0019,pedestrian,508,4.94592983832054,0,0,0,6
0019,pedestrian,509,5.989157334361859,0,0,0,6
0019,pedestrian,510,6.690902559142097,0,0,0,6
0019,pedestrian,511,2.6442135671641216,0,0,0,6
0019,pedestrian,512,3.8950179769204114,0,0,0,6
0019,pedestrian,513,5.243851857947203,0,0,0,6
0019,pedestrian,514,4.254776991103806,0,0,0,6
0019,pedestrian,515,29.257681581478664,0,4,-4,6
0019,pedestrian,516,12.592478232876882,0,0,0,6
0019,pedestrian,517,4.827383646467309,0,0,0,6
0019,pedestrian,518,2.285223476766331,0,0,0,6
0019,pedestrian,519,7.36341613718545,0,0,0,6
0019,pedestrian,520,3.832496560370957,0,0,0,6
0019,pedestrian,521,6.810009879092968,0,0,0,6
0019,pedestrian,522,4.331547487244687,0,0,0,6
0019,pedestrian,523,6.005098059478626,0,0,0,6
0019,pedestrian,524,2.518389650213165,1,1,0,6
0019,pedestrian,525,1.941475212901448,0,0,0,6
0019,pedestrian,526,4.610259314122292,0,0,0,6
0019,pedestrian,527,1.7791899693355628,0,0,0,6
0019,pedestrian,528,1.4852063290384405,0,0,0,6
0019,pedestrian,529,3.1795613140683265,0,0,0,7
0019,pedestrian,530,1.4279386624940678,0,0,0,7
0019,pedestrian,531,2.560397447844564,0,0,0,7
0019,pedestrian,532,1.3031283642878375,0,0,0,7
0019,pedestrian,533,1.5309025531811598,0,0,0,8
0019,pedestrian,534,2.0558800900549383,1,0,1,8
0019,pedestrian,535,1.170818241289087,0,0,0,8
0019,pedestrian,536,1.5279632948521602,0,0,0,8
0019,pedestrian,537,1.5855756463398754,0,0,0,8
0019,pedestrian,538,3.494990599274993,1,1,0,8
0019,pedestrian,539,3.443035150846258,0,0,0,8
0019,pedestrian,540,2.3484992696584364,0,0,0,8
0019,pedestrian,541,5.16563226157084,0,0,0,8
0019,pedestrian,542,4.39861748347566,0,0,0,8
0019,pedestrian,543,3.4485409304429675,0,0,0,9
0019,pedestrian,544,0.8718398548676825,0,0,0,9
0019,pedestrian,545,0.8122685400391423,0,0,0,9
0019,pedestrian,546,2.526783830980543,0,0,0,9
0019,pedestrian,547,4.605004487597385,1,1,0,9
0019,pedestrian,548,1.7346771787228337,0,0,0,10
0019,pedestrian,549,2.4315813015609704,0,0,0,10
0019,pedestrian,550,1.3288883282372137,0,0,0,10
0019,pedestrian,551,0.8076961917614895,0,0,0,10
0019,pedestrian,552,0.9143182248775222,0,0,0,9
0019,pedestrian,553,1.1391474213814696,0,0,0,10
0019,pedestrian,554,0.7087539596303472,1,1,0,10
0019,pedestrian,555,1.9528469310594938,0,0,0,10
0019,pedestrian,556,1.9796062133036036,0,0,0,10
0019,pedestrian,557,1.3418736387980328,0,0,0,10
0019,pedestrian,558,3.3808419464971413,0,0,0,10
0019,pedestrian,559,3.0178948736166036,0,0,0,10
0019,pedestrian,560,0.7730665691464691,0,0,0,10
0019,pedestrian,561,1.9041101793541193,0,1,-1,10
0019,pedestrian,562,2.2231032874300487,1,0,1,10
0019,pedestrian,563,1.8734277929767336,0,0,0,10
0019,pedestrian,564,1.2496978410637365,0,0,0,10
0019,pedestrian,565,1.0155434426292094,0,0,0,10
0019,pedestrian,566,1.7513884634825705,0,0,0,10
0019,pedestrian,567,2.8020133662904145,0,0,0,10
0019,pedestrian,568,3.6750515234599272,0,0,0,10
0019,pedestrian,569,6.062290990374251,0,0,0,10
0019,pedestrian,570,3.4557976614166144,0,0,0,10
0019,pedestrian,571,2.801126953144535,0,0,0,10
0019,pedestrian,572,1.5812848283869694,0,0,0,10
0019,pedestrian,573,2.5077415950103292,0,0,0,10
0019,pedestrian,574,2.987057955541462,0,0,0,10
0019,pedestrian,575,3.796586130688337,0,0,0,10
0019,pedestrian,576,2.0777109619597542,0,0,0,10
0019,pedestrian,577,1.8505117886076812,0,0,0,10
0019,pedestrian,578,1.9546131424867306,0,0,0,10
0019,pedestrian,579,2.87663253971073,0,0,0,10
0019,pedestrian,580,3.499654304639223,0,0,0,10
0019,pedestrian,581,2.846854626085965,0,0,0,10
0019,pedestrian,582,2.1234262196933757,0,0,0,10
0019,pedestrian,583,1.4117890655795873,0,0,0,10
0019,pedestrian,584,2.3507704581848268,0,0,0,10
0019,pedestrian,585,1.9522885068375766,0,0,0,10
0019,pedestrian,586,0.7838761247895369,1,1,0,10
0019,pedestrian,587,0.5234838002874447,1,0,1,10
0019,pedestrian,588,0.49140508583332676,0,1,-1,11
0019,pedestrian,589,0.9431751683027736,0,0,0,11
0019,pedestrian,590,2.1174368649942,0,0,0,11
0019,pedestrian,591,2.349096166407755,0,0,0,10
0019,pedestrian,592,2.866673332042615,0,0,0,10
0019,pedestrian,593,1.5484801874186669,0,0,0,10
0019,pedestrian,594,1.3541753732289004,0,0,0,10
0019,pedestrian,595,2.843673395067157,0,0,0,10
0019,pedestrian,596,1.3382054018839198,0,0,0,10
0019,pedestrian,597,2.679578085307999,0,0,0,10
0019,pedestrian,598,1.2066523338994788,1,1,0,10
0019,pedestrian,599,2.009692751152376,0,0,0,10
0019,pedestrian,600,0.9498788552370762,0,0,0,10
0019,pedestrian,601,3.1362795415182942,1,2,-1,10
0019,pedestrian,602,1.8897577823835359,0,0,0,10
0019,pedestrian,603,2.3968820448077315,1,3,-2,10
0019,pedestrian,604,1.6294184969039747,0,1,-1,10
0019,pedestrian,605,1.4967278207474144,0,0,0,10
0019,pedestrian,606,2.09678550089828,0,0,0,10
0019,pedestrian,607,1.9258296147177305,0,0,0,10
0019,pedestrian,608,1.818279485650592,0,0,0,10
0019,pedestrian,609,0.8909579819870687,0,0,0,10
0019,pedestrian,610,1.6891688192711691,2,1,1,10
0019,pedestrian,611,2.08746410653656,0,1,-1,10
0019,pedestrian,612,2.097361726483098,0,0,0,10
0019,pedestrian,613,1.091890085583341,0,0,0,10
0019,pedestrian,614,1.0118423578038782,0,0,0,10
0019,pedestrian,615,1.0927892014658198,0,0,0,10
0019,pedestrian,616,1.5333314421704107,0,0,0,10
0019,pedestrian,617,1.3505734627286117,0,0,0,10
0019,pedestrian,618,1.210422040168918,0,0,0,10
0019,pedestrian,619,1.7184400399418989,0,0,0,10
0019,pedestrian,620,3.7213534136591253,0,0,0,10
0019,pedestrian,621,2.3646032310552734,0,0,0,10
0019,pedestrian,622,2.206684101234602,0,0,0,10
0019,pedestrian,623,2.4381832527142824,0,0,0,10
0019,pedestrian,624,1.4694052571744225,0,0,0,11
0019,pedestrian,625,2.7180824743478365,0,0,0,11
0019,pedestrian,626,1.8205956607178226,0,0,0,11
0019,pedestrian,627,1.9711562537298482,1,1,0,11
0019,pedestrian,628,1.8255340678589715,1,1,0,11
0019,pedestrian,629,1.5095203004986002,0,0,0,11
0019,pedestrian,630,1.3779430530446701,0,0,0,11
0019,pedestrian,631,1.5186491246063574,1,1,0,11
0019,pedestrian,632,1.0761476567184123,2,2,0,11
0019,pedestrian,633,1.453441572928622,1,1,0,11
0019,pedestrian,634,1.331821678303962,0,0,0,10
0019,pedestrian,635,1.276706479528121,0,0,0,10
0019,pedestrian,636,1.2215339770702167,1,1,0,10
0019,pedestrian,637,1.2321489867444764,1,1,0,10
0019,pedestrian,638,1.3483804714601986,0,0,0,10
0019,pedestrian,639,1.159660643415884,0,0,0,10
0019,pedestrian,640,1.621158967866747,0,0,0,10
0019,pedestrian,641,1.0366052743862657,0,0,0,10
0019,pedestrian,642,1.3689358970755745,0,0,0,10
0019,pedestrian,643,1.048850552812422,0,0,0,10
0019,pedestrian,644,1.9832530739464433,0,0,0,9
0019,pedestrian,645,1.693460249347871,0,0,0,9
0019,pedestrian,646,1.8111760052041053,0,0,0,9
0019,pedestrian,647,1.5219197526312342,0,0,0,9
0019,pedestrian,648,1.5566148743241979,0,0,0,9
0019,pedestrian,649,1.7672725314622595,0,0,0,9
0019,pedestrian,650,1.6563768355129802,0,0,0,9
0019,pedestrian,651,1.5978024975061045,0,0,0,9
0019,pedestrian,652,1.8820829331676974,0,0,0,8
0019,pedestrian,653,3.1724057859474417,0,0,0,8
0019,pedestrian,654,3.686425533284292,0,0,0,8
0019,pedestrian,655,3.711585107793917,0,0,0,8
0019,pedestrian,656,1.8215532418908633,0,0,0,8
0019,pedestrian,657,3.4291090582551593,0,0,0,8
0019,pedestrian,658,2.2607239866441677,0,0,0,8
0019,pedestrian,659,3.5054137531259535,0,0,0,8
0019,pedestrian,660,2.255493780147888,1,1,0,8
0019,pedestrian,661,3.0218222738000087,0,0,0,8
0019,pedestrian,662,1.518506941113206,1,1,0,8
0019,pedestrian,663,1.956074285916598,0,0,0,8
0019,pedestrian,664,1.8190051888088519,0,0,0,8
0019,pedestrian,665,1.6027670644906475,0,0,0,9
0019,pedestrian,666,1.8037374147124847,0,0,0,9
0019,pedestrian,667,1.2466732711626107,0,0,0,9
0019,pedestrian,668,2.0193537317356722,0,0,0,9
0019,pedestrian,669,2.2509710554797597,0,0,0,8
0019,pedestrian,670,2.132717235804457,0,0,0,8
0019,pedestrian,671,1.7369553697138251,0,0,0,8
0019,pedestrian,672,1.6790385857791472,0,0,0,8
0019,pedestrian,673,2.1239663614763296,1,1,0,8
0019,pedestrian,674,2.3670185029374298,2,2,0,8
0019,pedestrian,675,1.7065347936902147,1,1,0,8
0019,pedestrian,676,1.7269895271591444,0,0,0,8
0019,pedestrian,677,1.2740083024972269,0,0,0,8
0019,pedestrian,678,1.6225225898347362,0,0,0,8
0019,pedestrian,679,1.762028529029772,0,0,0,8
0019,pedestrian,680,1.184297006871522,0,0,0,8
0019,pedestrian,681,1.6031582574190606,0,0,0,8
0019,pedestrian,682,1.532636787708142,0,0,0,8
0019,pedestrian,683,1.956798049909037,0,0,0,8
0019,pedestrian,684,1.290183798102143,0,0,0,8
0019,pedestrian,685,1.4408722610107088,0,0,0,8
0019,pedestrian,686,0.9754366024980274,0,0,0,8
0019,pedestrian,687,1.4956570923470787,1,1,0,8
0019,pedestrian,688,1.3847546635986223,0,0,0,8
0019,pedestrian,689,1.519390626296629,0,0,0,7
0019,pedestrian,690,1.345045328896236,0,0,0,7
0019,pedestrian,691,1.190757644231285,0,0,0,7
0019,pedestrian,692,1.7241413466931466,0,0,0,7
0019,pedestrian,693,1.596523401692564,0,0,0,7
0019,pedestrian,694,1.6023608126537887,0,0,0,8
0019,pedestrian,695,1.7285690553096897,0,0,0,8
0019,pedestrian,696,3.129333113254427,0,0,0,8
0019,pedestrian,697,2.104737765374303,0,0,0,8
0019,pedestrian,698,2.3785693117359763,0,0,0,9
0019,pedestrian,699,1.3711072197215401,0,0,0,9
0019,pedestrian,700,1.7718591431453774,1,1,0,9
0019,pedestrian,701,0.9525919807998833,0,0,0,9
0019,pedestrian,702,1.8556238316297469,0,0,0,9
0019,pedestrian,703,1.6037206347646642,1,1,0,9
0019,pedestrian,704,1.6930800614306891,0,0,0,9
0019,pedestrian,705,1.2955195074417274,1,1,0,9
0019,pedestrian,706,1.1961299545471926,0,0,0,9
0019,pedestrian,707,1.7562077517792107,1,1,0,9
0019,pedestrian,708,0.9520416605610681,0,0,0,9
0019,pedestrian,709,1.0511166094858855,0,0,0,9
0019,pedestrian,710,1.0392907370873672,0,0,0,9
0019,pedestrian,711,1.0190041029890147,1,1,0,9
0019,pedestrian,712,1.2888492333342363,0,0,0,10
0019,pedestrian,713,1.2903230300201411,0,0,0,10
0019,pedestrian,714,0.7317394707236793,1,1,0,10
0019,pedestrian,715,0.8669816847280296,0,0,0,10
0019,pedestrian,716,0.22677313155394516,0,0,0,10
0019,pedestrian,717,3.0264009073748706,0,1,-1,11
0019,pedestrian,718,1.2035744735831353,0,0,0,10
0019,pedestrian,719,0.6487650841304318,0,0,0,9
0019,pedestrian,720,0.8642900765263062,0,0,0,9
0019,pedestrian,721,1.4660578160444349,0,0,0,9
0019,pedestrian,722,0.916907192184755,2,2,0,9
0019,pedestrian,723,1.8590156251061123,0,0,0,9
0019,pedestrian,724,1.685905394047494,0,0,0,9
0019,pedestrian,725,1.3684207806743995,0,0,0,9
0019,pedestrian,726,2.860433544031288,0,0,0,9
0019,pedestrian,727,0.9045127368259884,0,0,0,9
0019,pedestrian,728,0.6858404610022768,1,1,0,9
0019,pedestrian,729,2.7934045840160966,0,0,0,9
0019,pedestrian,730,1.4609896916270553,0,0,0,9
0019,pedestrian,731,0.8776799270314946,0,0,0,9
0019,pedestrian,732,1.5595920472088964,0,0,0,9
0019,pedestrian,733,1.4787211600437193,0,0,0,9
0019,pedestrian,734,0.9474085114159275,0,0,0,9
0019,pedestrian,735,1.977553224698397,0,0,0,9
0019,pedestrian,736,1.1239408583730206,0,0,0,9
0019,pedestrian,737,2.621765224667393,0,0,0,9
0019,pedestrian,738,2.1431825694607283,0,0,0,8
0019,pedestrian,739,1.4208778813817577,0,0,0,7
0019,pedestrian,740,2.1329357084183296,0,0,0,7
0019,pedestrian,741,1.0589157330280314,0,0,0,7
0019,pedestrian,742,0.5112862270879579,0,0,0,7
0019,pedestrian,743,1.2846176032534433,0,0,0,7
0019,pedestrian,744,0.7501232853132798,0,0,0,6
0019,pedestrian,745,1.049395468376618,0,0,0,6
0019,pedestrian,746,1.0644765435145298,0,0,0,6
0019,pedestrian,747,1.3612374680832682,1,1,0,6
0019,pedestrian,748,1.0299336753023458,0,0,0,5
0019,pedestrian,749,1.8252395831318886,0,0,0,5
0019,pedestrian,750,0.4131280860349127,0,1,-1,5
0019,pedestrian,751,0.9135497327614945,0,0,0,5
0019,pedestrian,752,1.0278336734010733,0,1,-1,5
0019,pedestrian,753,1.9228200688792416,0,0,0,5
0019,pedestrian,754,1.598516196171547,0,0,0,5
0019,pedestrian,755,0.6162412033574358,0,0,0,4
0019,pedestrian,756,1.2950686303583394,0,0,0,4
0019,pedestrian,757,1.6940668464753466,0,0,0,4
0019,pedestrian,758,0.8816900981229916,0,0,0,4
0019,pedestrian,759,2.039983366779074,0,0,0,3
0019,pedestrian,760,3.6379794012951736,0,0,0,3
0019,pedestrian,761,2.7751564330369454,0,0,0,3
0019,pedestrian,762,0.46805654406478464,0,0,0,3
0019,pedestrian,763,1.7095794355175926,0,0,0,3
0019,pedestrian,764,4.93731684290323,0,0,0,2
0019,pedestrian,765,2.602957157767512,0,0,0,2
0019,pedestrian,766,4.150017295967694,0,0,0,2
0019,pedestrian,767,1.6500463838899266,0,0,0,2
0019,pedestrian,768,3.449927365596106,0,0,0,2
0019,pedestrian,769,9.156370302529028,0,0,0,2
0019,pedestrian,770,7.819882948825542,0,0,0,2
0019,pedestrian,771,6.838664308424969,0,0,0,2
0019,pedestrian,772,3.8413247235284635,0,0,0,2
0019,pedestrian,773,7.401120482181249,0,0,0,2
0019,pedestrian,774,2.782834751957395,0,0,0,2
0019,pedestrian,775,1.3745851812675276,0,0,0,2
0019,pedestrian,776,1.766874568038991,0,0,0,2
0019,pedestrian,777,3.2565444876407303,0,0,0,2
0019,pedestrian,778,4.809024034186541,0,0,0,2
0019,pedestrian,779,2.9071505238906057,0,0,0,2
0019,pedestrian,780,2.4623704471730585,0,0,0,1
0019,pedestrian,783,3.0331282043970345,0,0,0,1
0019,pedestrian,784,2.793685763104478,0,0,0,1
0019,pedestrian,785,3.329878133846973,0,0,0,1
0019,pedestrian,786,2.6091028727163144,0,0,0,1
0019,pedestrian,787,3.083349257622306,0,0,0,1
0019,pedestrian,788,1.8777202149920864,0,0,0,1
0019,pedestrian,789,4.219709586388941,0,0,0,1
0019,pedestrian,790,3.7011095238879514,0,0,0,1
0019,pedestrian,791,4.379727681384024,0,0,0,1
0019,pedestrian,792,4.940658412041111,0,0,0,1
0019,pedestrian,793,3.678764592459977,0,0,0,1
0019,pedestrian,794,5.858333222836362,0,0,0,1
0019,pedestrian,795,3.135220707749701,0,0,0,1
0019,pedestrian,796,5.636670953446513,0,0,0,1
0019,pedestrian,797,3.705743012518819,0,0,0,1
0019,pedestrian,798,3.319220998028968,0,0,0,2
0019,pedestrian,799,3.5689554053506285,0,0,0,2
0019,pedestrian,800,2.1695246503265744,0,0,0,2
0019,pedestrian,801,3.402940621812868,0,0,0,2
0019,pedestrian,802,1.5461738666084437,0,0,0,2
0019,pedestrian,803,1.6718356557068712,0,0,0,2
0019,pedestrian,804,2.8075586339084624,0,0,0,2
0019,pedestrian,805,2.1509902715682205,0,0,0,2
0019,pedestrian,806,2.669332869321873,0,0,0,2
0019,pedestrian,807,2.3611971349577447,0,0,0,2
0019,pedestrian,808,3.0229130637573403,0,0,0,2
0019,pedestrian,809,3.789216080192707,0,0,0,2
0019,pedestrian,810,4.368765462285854,0,0,0,2
0019,pedestrian,811,5.2714602923261555,0,0,0,2
0019,pedestrian,812,4.952553947788031,0,0,0,2
0019,pedestrian,813,5.581831076391673,0,0,0,2
0019,pedestrian,814,4.537013397259871,0,0,0,2
0019,pedestrian,815,4.80388516306431,0,0,0,2
0019,pedestrian,816,5.325471463872587,0,0,0,2
0019,pedestrian,817,2.4887777546081726,0,0,0,2
0019,pedestrian,818,4.23937868619601,0,0,0,1
0019,pedestrian,819,6.755011268332225,0,0,0,1
0019,pedestrian,820,7.25449765413984,0,0,0,1
0019,pedestrian,821,6.5038124859775674,0,0,0,1
0019,pedestrian,822,7.9071275901388685,0,0,0,1
0019,pedestrian,823,4.038997046521177,0,0,0,1
0019,pedestrian,824,2.07827799029591,0,0,0,1
0019,pedestrian,825,2.219292142342815,0,0,0,1
0019,pedestrian,826,4.896024156590016,0,0,0,2
0019,pedestrian,827,4.404263644728423,0,0,0,2
0019,pedestrian,828,2.1589585619166645,0,0,0,1
0019,pedestrian,829,6.293957287515615,0,0,0,1
0019,pedestrian,830,5.345940088548801,0,0,0,1
0019,pedestrian,831,3.481966288283828,0,0,0,2
0019,pedestrian,832,4.088376153856465,0,0,0,2
0019,pedestrian,833,6.392710726555233,0,0,0,2
0019,pedestrian,834,4.008558331323231,0,0,0,2
0019,pedestrian,835,4.541283782345719,0,0,0,2
0019,pedestrian,836,5.435734590658697,0,0,0,2
0019,pedestrian,837,8.673511679130392,0,0,0,2
0019,pedestrian,838,7.43990085473865,0,0,0,2
0019,pedestrian,839,3.9906631686960004,0,0,0,2
0019,pedestrian,840,3.544197332305474,0,0,0,2
0019,pedestrian,841,5.897635417390237,0,0,0,2
0019,pedestrian,842,4.003935566997052,0,0,0,2
0019,pedestrian,843,4.732506449453396,0,0,0,2
0019,pedestrian,844,3.750890204264592,0,0,0,2
0019,pedestrian,845,3.3976959391922064,0,0,0,2
0019,pedestrian,846,4.0178897779962055,0,0,0,2
0019,pedestrian,847,2.5768187195614836,0,0,0,2
0019,pedestrian,848,6.10798374870132,0,0,0,2
0019,pedestrian,849,4.241488673166571,0,1,-1,2
0019,pedestrian,850,1.2016620963667077,0,0,0,2
0019,pedestrian,851,1.5546105665527623,1,0,1,1
0019,pedestrian,853,1.4987800808464202,0,0,0,1
0019,pedestrian,854,1.6481175046069132,0,0,0,1
0019,pedestrian,855,1.8976111830317537,0,0,0,1
0019,pedestrian,856,2.2860282943900914,0,0,0,1
0019,pedestrian,857,1.5618944698906647,0,0,0,1
0019,pedestrian,858,2.0476483273630075,0,0,0,1
0019,pedestrian,859,1.21699616502458,0,0,0,1
0019,pedestrian,860,1.3315773207016959,0,0,0,1
0019,pedestrian,861,1.429974791191762,0,0,0,1
0019,pedestrian,862,1.569835800840076,0,0,0,1
0019,pedestrian,863,2.396818182317048,0,0,0,1
0019,pedestrian,864,2.3755489888189683,0,0,0,1
0019,pedestrian,865,1.9591236701820407,0,0,0,1
0019,pedestrian,866,1.0109475903961105,0,0,0,1
0019,pedestrian,867,1.1246144388719421,0,0,0,1
0019,pedestrian,868,1.2903324638406883,0,0,0,1
0019,pedestrian,869,1.3317709955497088,0,0,0,1
0019,pedestrian,870,2.401187994865927,0,0,0,1
0019,pedestrian,871,2.007837244807436,0,0,0,1
0019,pedestrian,872,1.0777143315492392,0,0,0,1
0019,pedestrian,873,1.2644760303078895,0,0,0,1
0019,pedestrian,874,1.0250768021918282,0,0,0,1
0019,pedestrian,875,1.1428360696270798,0,0,0,1
0019,pedestrian,876,1.4782825448048647,0,0,0,1
0019,pedestrian,877,1.0633162545917054,0,0,0,1
0019,pedestrian,878,2.7116794730597324,0,0,0,1
0019,pedestrian,879,2.1277783390175506,0,0,0,1
0019,pedestrian,880,2.813817654096012,0,0,0,1
0019,pedestrian,881,1.2035496882059618,0,0,0,1
0019,pedestrian,882,2.3962165098583372,0,0,0,1
0019,pedestrian,883,1.662233526492038,0,0,0,1
0019,pedestrian,884,1.3885795847413738,0,0,0,1
0019,pedestrian,885,0.6719874180490953,0,0,0,1
0019,pedestrian,886,0.7195816965437875,0,0,0,1
0019,pedestrian,887,0.9079654969065123,0,0,0,1
0019,pedestrian,888,0.561378241173639,0,0,0,1
0019,pedestrian,889,0.756979176872621,0,0,0,1
0019,pedestrian,890,1.1911077655455384,0,0,0,1
0019,pedestrian,891,0.9708265779016414,0,0,0,1
0019,pedestrian,892,2.0020538242596184,0,0,0,1
0019,pedestrian,893,1.412113324154506,0,0,0,2
0019,pedestrian,894,1.249091439885219,0,0,0,2
0019,pedestrian,895,2.604389163035247,0,0,0,2
0019,pedestrian,896,3.586569935182261,0,0,0,2
0019,pedestrian,897,2.927422361596056,0,0,0,2
0019,pedestrian,898,5.231473364984703,0,0,0,2
0019,pedestrian,899,7.128854175897873,0,0,0,2
0019,pedestrian,900,4.986216041354407,0,0,0,2
0019,pedestrian,901,8.474313625672622,0,0,0,2
0019,pedestrian,908,3.471699754415926,0,1,-1,1
0019,pedestrian,909,4.286465478267288,0,0,0,1
0019,pedestrian,910,6.988077824470234,0,0,0,1
0019,pedestrian,911,3.6716260132940213,0,0,0,1
0019,pedestrian,912,3.521981232499717,0,0,0,1
0019,pedestrian,913,4.288244198239024,0,0,0,1
0019,pedestrian,914,2.9254657435918214,0,0,0,1
0019,pedestrian,915,2.352399791165818,0,0,0,1
0019,pedestrian,916,2.429641542530331,0,0,0,1
0019,pedestrian,917,2.2085630606951434,0,0,0,1
0019,pedestrian,918,1.300129598317776,0,0,0,1
0019,pedestrian,919,1.7488988842416087,0,0,0,2
0019,pedestrian,920,0.9534951368614241,0,0,0,2
0019,pedestrian,921,1.950393762692824,0,0,0,2
0019,pedestrian,922,8.093625554951373,0,0,0,2
0019,pedestrian,923,1.480465225214255,0,0,0,2
0019,pedestrian,924,9.373110415787686,0,0,0,2
0019,pedestrian,925,3.015606310404608,0,0,0,2
0019,pedestrian,926,1.2371609671231365,0,0,0,2
0019,pedestrian,927,0.7957944905092371,0,0,0,2
0019,pedestrian,928,1.1807153163192154,0,0,0,2
0019,pedestrian,929,1.519825716605454,0,0,0,2
0019,pedestrian,930,0.8420249376657902,0,0,0,2
0019,pedestrian,931,1.167489085770345,0,0,0,2
0019,pedestrian,932,0.5592014476774856,0,0,0,2
0019,pedestrian,933,0.9942452402908782,0,0,0,2
0019,pedestrian,934,1.2870795643805326,0,0,0,3
0019,pedestrian,935,0.493539991629687,0,0,0,3
0019,pedestrian,936,0.27771266550071744,0,0,0,3
0019,pedestrian,937,0.9614825057263318,0,0,0,3
0019,pedestrian,938,1.1152585116741327,0,0,0,3
0019,pedestrian,939,0.5443751829448358,0,0,0,3
0019,pedestrian,940,0.6651454653086714,0,0,0,3
0019,pedestrian,941,0.8823558171606017,0,0,0,3
0019,pedestrian,942,0.8632598833461657,0,0,0,3
0019,pedestrian,943,1.174782797662431,0,0,0,3
0019,pedestrian,944,1.3882794059485701,0,0,0,3
0019,pedestrian,945,1.069740875573671,0,0,0,3
0019,pedestrian,946,1.1098613578149517,0,0,0,3
0019,pedestrian,947,1.2137231565149902,0,0,0,3
0019,pedestrian,948,1.1932259253244217,0,0,0,3
0019,pedestrian,949,1.5005550589873127,1,1,0,3
0019,pedestrian,950,1.2425327164036115,0,0,0,3
0019,pedestrian,951,1.2087287854845994,1,1,0,3
0019,pedestrian,952,1.5051911894155179,0,0,0,3
0019,pedestrian,953,1.170779082849423,0,0,0,3
0019,pedestrian,954,1.3855840961192554,0,0,0,3
0019,pedestrian,955,1.2122989147648129,0,0,0,3
0019,pedestrian,956,1.1408622525202334,0,0,0,3
0019,pedestrian,957,1.00209887725062,0,0,0,3
0019,pedestrian,958,0.9867631376448468,1,1,0,3
0019,pedestrian,959,0.6955424681137006,1,1,0,3
0019,pedestrian,960,0.8006099575479713,0,0,0,3
0019,pedestrian,961,0.7126783383913875,0,0,0,3
0019,pedestrian,962,0.5157421496293682,0,0,0,3
0019,pedestrian,963,0.5647619952729809,0,0,0,3
0019,pedestrian,964,1.0366601440609888,0,0,0,3
0019,pedestrian,965,0.9756430661481542,0,0,0,3
0019,pedestrian,966,0.7153408358335426,0,0,0,3
0019,pedestrian,967,0.7706727586440872,0,0,0,3
0019,pedestrian,968,1.0394019982239837,0,0,0,3
0019,pedestrian,969,0.9029456097344473,0,0,0,3
0019,pedestrian,970,1.0932717083997452,0,0,0,3
0019,pedestrian,971,0.31408868462902606,0,0,0,3
0019,pedestrian,972,1.9440699208187144,0,0,0,3
0019,pedestrian,973,1.3217516414127812,0,0,0,3
0019,pedestrian,974,1.4372397429594375,0,0,0,3
0019,pedestrian,975,1.9835796955142009,0,0,0,3
0019,pedestrian,976,1.6669817192685876,0,0,0,3
0019,pedestrian,977,2.2706666013732697,0,0,0,3
0019,pedestrian,978,2.520380665151584,0,0,0,3
0019,pedestrian,979,2.316823839396217,0,0,0,3
0019,pedestrian,980,1.4376287760083561,0,0,0,3
0019,pedestrian,981,1.4698201252957768,0,0,0,2
0019,pedestrian,982,2.1442214923278256,0,0,0,2
0019,pedestrian,983,2.2167141037669653,0,0,0,1
0019,pedestrian,984,3.1925236844296285,0,0,0,1
0019,pedestrian,985,2.874858837972145,0,0,0,1
0019,pedestrian,986,2.4241074764275337,0,0,0,1
0019,pedestrian,987,2.491776511335774,0,0,0,1
0019,pedestrian,988,2.937967861248317,0,0,0,1
0019,pedestrian,989,2.5950955618524794,0,0,0,1
0019,pedestrian,990,2.889315796677643,0,0,0,1
0019,pedestrian,991,2.7069773253986806,0,0,0,1
0019,pedestrian,992,2.2442155863668893,0,0,0,2
0019,pedestrian,993,3.246314206617031,0,0,0,2
0019,pedestrian,994,3.0623185631467997,0,0,0,2
0019,pedestrian,995,2.3816648555873448,0,0,0,1
0019,pedestrian,996,1.7559832005294036,0,0,0,1
0019,pedestrian,997,2.0071462461445764,0,0,0,1
0019,pedestrian,998,4.949106064634318,0,0,0,1
0019,pedestrian,999,3.9500225980898196,0,0,0,1
0019,pedestrian,1000,5.0881235934786275,0,0,0,1
0019,pedestrian,1001,3.459502014865282,0,0,0,1
0019,pedestrian,1002,4.525863181541877,0,0,0,1
0019,pedestrian,1003,5.205155728449119,0,0,0,1
0019,pedestrian,1004,4.825509961169979,0,0,0,1
0019,pedestrian,1005,5.050232460286928,0,0,0,1
0019,pedestrian,1006,3.475542380749053,0,0,0,1
0019,pedestrian,1007,3.9403133966938557,0,0,0,1
0019,pedestrian,1008,3.357190976610526,0,0,0,1
0019,pedestrian,1009,4.481953663772526,0,0,0,1
0019,pedestrian,1010,3.3750166322275614,0,0,0,1
0019,pedestrian,1011,3.7122329893113917,0,0,0,1
0019,pedestrian,1012,3.03676896463295,0,0,0,1
0019,pedestrian,1013,2.8038964766813144,0,0,0,1
0019,pedestrian,1014,3.114021162718454,0,0,0,1
0019,pedestrian,1015,2.413884857776797,0,0,0,1
0019,pedestrian,1016,3.057575770066428,0,0,0,1
0019,pedestrian,1017,2.006057175402116,0,0,0,1
0019,pedestrian,1018,2.694034883415561,0,0,0,1
0019,pedestrian,1019,1.8462288819432127,0,0,0,1
0019,pedestrian,1020,3.1411085325793646,0,0,0,1
0019,pedestrian,1021,2.018178867683108,0,0,0,1
0019,pedestrian,1022,2.433776289694166,0,0,0,1
0019,pedestrian,1023,1.5092537300239324,0,0,0,1
0019,pedestrian,1024,2.5151216634162603,0,0,0,1
0019,pedestrian,1025,1.8863312089341144,0,0,0,1
0019,pedestrian,1026,1.6248879247344625,0,0,0,1
0019,pedestrian,1027,2.038152665060848,0,0,0,1
0019,pedestrian,1028,1.2120298153850904,0,0,0,1
0019,pedestrian,1029,2.1004475774483695,0,0,0,1
0019,pedestrian,1030,1.3684094817136796,0,0,0,1
0019,pedestrian,1031,1.7401277331425646,0,0,0,1
0019,pedestrian,1032,1.0754775081855548,0,0,0,1
0019,pedestrian,1033,1.3509473261504201,0,0,0,1
0019,pedestrian,1034,1.0593457630365202,0,0,0,1
0019,pedestrian,1035,1.3643841091598736,0,0,0,1
0019,pedestrian,1036,0.8041609812624375,0,0,0,1
0019,pedestrian,1037,1.0420013571371187,0,0,0,1
0019,pedestrian,1038,0.6602666367416771,0,0,0,1
0019,pedestrian,1039,1.1444249751414748,0,0,0,1
0019,pedestrian,1040,0.6913826035051307,0,0,0,1
0019,pedestrian,1041,0.6772275520027906,0,0,0,1
0019,pedestrian,1042,0.7090727764173441,0,0,0,1
0019,pedestrian,1043,0.47604706574943806,0,0,0,1
0019,pedestrian,1044,20.346790150557005,0,0,0,1
0019,pedestrian,1046,20.37699278571384,0,0,0,1
0019,pedestrian,1047,12.261705953533124,0,0,0,1
0019,pedestrian,1048,10.081759524246262,0,0,0,1
0019,pedestrian,1049,7.99061246513088,0,0,0,1
0019,pedestrian,1050,8.992267515069694,0,0,0,1
0019,pedestrian,1051,6.094361992321329,0,0,0,1
0019,pedestrian,1052,6.775643349297466,0,0,0,1
0020,car,0,0.0,0,0,0,12
0020,car,1,0.44304479101976396,0,0,0,12
0020,car,2,0.9154374241673597,0,0,0,12
0020,car,3,0.6903174634427778,0,0,0,12
0020,car,4,0.7409353728711139,0,0,0,12
0020,car,5,0.8686717431628773,0,0,0,12
0020,car,6,0.5651216091360131,0,0,0,12
0020,car,7,1.4640624012524253,0,0,0,12
0020,car,8,0.46711690675171624,0,0,0,12
0020,car,9,0.6403720012569374,0,0,0,12
0020,car,10,0.9270409259266983,0,0,0,12
0020,car,11,0.8531710637914447,0,0,0,12
0020,car,12,0.6337002267012717,0,0,0,12
0020,car,13,0.7369769220673523,0,0,0,12
0020,car,14,0.7021605818150498,0,0,0,12
0020,car,15,0.9541498922797493,0,0,0,12
0020,car,16,1.0681780849847988,0,0,0,12
0020,car,17,0.6893474245308759,0,0,0,12
0020,car,18,0.8456860463103724,0,0,0,11
0020,car,19,0.6295290908613703,0,0,0,11
0020,car,20,1.0142239383123464,0,0,0,11
0020,car,21,0.4289116507489612,0,0,0,11
0020,car,22,0.5436174182965725,0,0,0,11
0020,car,23,1.014184431730575,0,0,0,11
0020,car,24,0.635017891889081,0,0,0,11
0020,car,25,0.75906254784631,0,0,0,12
0020,car,26,0.6493655376809797,0,0,0,12
0020,car,27,0.5505768758831586,0,0,0,12
0020,car,28,0.7533360924282951,0,0,0,12
0020,car,29,0.3984482804870288,0,0,0,12
0020,car,30,0.4533453891303847,0,0,0,12
0020,car,31,0.5914644775150723,0,0,0,12
0020,car,32,0.3282571975419753,0,0,0,12
0020,car,33,0.5959981382404667,0,0,0,12
0020,car,34,0.4040072768465277,0,0,0,12
0020,car,35,0.7197584130361419,0,0,0,12
0020,car,36,1.1176513988391275,0,0,0,12
0020,car,37,1.0141083801042803,0,0,0,12
0020,car,38,1.1405017204196402,0,0,0,12
0020,car,39,0.805165547070061,0,0,0,12
0020,car,40,1.1948048838059722,0,0,0,13
0020,car,41,1.4641726769510988,0,0,0,13
0020,car,42,1.1279642821155451,0,0,0,13
0020,car,43,1.0410111702447928,0,0,0,13
0020,car,44,1.5765226289304244,0,0,0,13
0020,car,45,1.5118534723378052,0,0,0,13
0020,car,46,0.8270670730999432,0,0,0,12
0020,car,47,0.4328208572985688,0,0,0,12
0020,car,48,0.9559775494380317,0,0,0,12
0020,car,49,1.1946252599243887,0,0,0,12
0020,car,50,0.9486970656555849,0,0,0,12
0020,car,51,2.0779326455364284,0,0,0,12
0020,car,52,0.9802573746382611,0,0,0,12
0020,car,53,0.5385785191741936,0,0,0,12
0020,car,54,1.6489488650847577,0,0,0,12
0020,car,55,1.7077825573149128,0,0,0,11
0020,car,56,1.9042322966479284,0,0,0,11
0020,car,57,0.5899373938203563,0,0,0,11
0020,car,58,2.1797485507104835,0,0,0,11
0020,car,59,2.216196795416724,0,0,0,11
0020,car,60,1.9157034670471302,0,0,0,11
0020,car,61,2.155447663716813,0,0,0,11
0020,car,62,2.3648511694558367,0,0,0,11
0020,car,63,0.46213432079327066,0,0,0,11
0020,car,64,0.8003755267206263,0,0,0,11
0020,car,65,0.7773638766260269,0,0,0,11
0020,car,66,0.6239822148846279,0,0,0,11
0020,car,67,1.0296749599381454,0,0,0,11
0020,car,68,1.383004970574616,0,0,0,11
0020,car,69,0.9885718263588408,0,0,0,11
0020,car,70,1.7274673144479462,0,0,0,11
0020,car,71,1.147168571965274,0,0,0,10
0020,car,72,0.9750018306326935,0,0,0,11
0020,car,73,0.7200914345493525,0,0,0,11
0020,car,74,0.5420453494176738,0,0,0,11
0020,car,75,0.4646587376586296,0,0,0,11
0020,car,76,0.7412466169141071,0,0,0,11
0020,car,77,2.1294826151451782,0,0,0,11
0020,car,78,0.7211399072128067,0,0,0,11
0020,car,79,0.9770427101912925,0,0,0,11
0020,car,80,0.5365691276876705,0,0,0,11
0020,car,81,0.9924639967719672,0,0,0,11
0020,car,82,1.9013613860809226,0,0,0,11
0020,car,83,0.5777496115945443,0,0,0,11
0020,car,84,2.0004827686982156,0,0,0,12
0020,car,85,1.055111390014698,0,0,0,12
0020,car,86,0.47617177076646877,0,0,0,12
0020,car,87,0.8350944159778542,1,1,0,12
0020,car,88,1.6174368345187515,0,0,0,12
0020,car,89,0.4723814195157957,0,0,0,12
0020,car,90,0.5948406058885736,0,0,0,11
0020,car,91,0.5436616005275119,0,0,0,10
0020,car,92,0.8346527691261005,0,0,0,10
0020,car,93,0.6075563841433407,0,0,0,10
0020,car,94,1.541649576829087,0,0,0,10
0020,car,95,0.7515222852266923,0,0,0,10
0020,car,96,0.6172591920003359,0,0,0,10
0020,car,97,0.8080858957967808,0,0,0,10
0020,car,98,0.9757732857135013,0,0,0,9
0020,car,99,0.5125304111914042,0,0,0,10
0020,car,100,0.5532802964648885,0,0,0,10
0020,car,101,1.7123143849170002,0,0,0,10
0020,car,102,0.5638987666370294,0,0,0,10
0020,car,103,1.7349414144917037,0,0,0,10
0020,car,104,0.5446456217537521,0,0,0,10
0020,car,105,0.9152641966967917,0,0,0,10
0020,car,106,0.4632977881348166,0,0,0,10
0020,car,107,0.5496991290568489,0,0,0,10
0020,car,108,0.45518866563031085,0,0,0,10
0020,car,109,1.592197055574169,0,0,0,10
0020,car,110,1.4739139898733988,0,0,0,9
0020,car,111,0.38119098764940507,0,0,0,9
0020,car,112,1.8800771982169433,0,0,0,9
0020,car,113,0.2560155520794829,0,0,0,9
0020,car,114,0.7489774935901009,0,0,0,9
0020,car,115,0.8800919770443852,0,0,0,9
0020,car,116,0.67791228485184,0,0,0,9
0020,car,117,1.3206460138261533,0,0,0,9
0020,car,118,0.5070770781062568,0,0,0,9
0020,car,119,0.37604861469072715,0,0,0,9
0020,car,120,0.4283135765827236,0,0,0,9
0020,car,121,1.2580790475992956,0,0,0,9
0020,car,122,1.0556681943808155,0,0,0,9
0020,car,123,0.6639804379424277,0,0,0,9
0020,car,124,1.4955870801088866,0,0,0,8
0020,car,125,0.9863554261404577,0,0,0,8
0020,car,126,0.8724760080851942,0,0,0,8
0020,car,127,1.2643227415391616,0,0,0,9
0020,car,128,0.6153328598397478,0,0,0,9
0020,car,129,0.9384958625806711,0,0,0,9
0020,car,130,0.4558544683677502,0,0,0,9
0020,car,131,0.9550515604761057,0,0,0,9
0020,car,132,0.6126900125726669,0,0,0,9
0020,car,133,0.5312372936764176,0,0,0,9
0020,car,134,0.9410626033860809,0,0,0,9
0020,car,135,0.5281358859229335,0,0,0,9
0020,car,136,0.3950079677222085,0,0,0,9
0020,car,137,1.2389582418411291,0,0,0,9
0020,car,138,0.7039200712200362,0,0,0,9
0020,car,139,0.49448508922331413,0,0,0,9
0020,car,140,0.6741906787287755,0,0,0,9
0020,car,141,0.378374468670606,0,0,0,9
0020,car,142,0.47478455171565387,0,0,0,9
0020,car,143,0.4871037338969221,0,0,0,9
0020,car,144,0.5492171783586675,0,0,0,9
0020,car,145,1.06367485993925,0,0,0,9
0020,car,146,0.7118104876082165,0,0,0,9
0020,car,147,0.4012571675807951,0,0,0,9
0020,car,148,1.030407218152166,0,0,0,9
0020,car,149,0.6832994695071007,0,0,0,9
0020,car,150,0.4470356788127823,0,0,0,9
0020,car,151,1.3180486802381863,0,0,0,8
0020,car,152,1.044766262780429,0,0,0,9
0020,car,153,1.445778595152445,0,0,0,9
0020,car,154,0.752149003709256,0,0,0,9
0020,car,155,0.4710591534397574,0,0,0,9
0020,car,156,0.7052119403406747,0,0,0,9
0020,car,157,1.2348592515562635,0,0,0,9
0020,car,158,1.6537268673137295,0,0,0,9
0020,car,159,1.3767112744101695,0,0,0,9
0020,car,160,1.4465219100283935,0,0,0,9
0020,car,161,1.8329378042763442,0,0,0,9
0020,car,162,2.5699514235736776,0,0,0,9
0020,car,163,1.429401408362905,0,0,0,9
0020,car,164,0.9061169700657219,0,0,0,9
0020,car,165,0.9769704123574361,0,0,0,8
0020,car,166,2.437560232635068,0,0,0,8
0020,car,167,2.907248731494856,0,0,0,8
0020,car,168,2.4389392932679956,0,0,0,8
0020,car,169,2.123100277513168,0,0,0,8
0020,car,170,0.7338058575704811,0,0,0,9
0020,car,171,1.6739530125008881,0,0,0,9
0020,car,172,2.177069457216442,0,0,0,10
0020,car,173,0.8601545879603912,0,0,0,10
0020,car,174,0.9074201457147699,0,0,0,10
0020,car,175,0.7987802416584455,0,0,0,10
0020,car,176,1.0299001239335575,0,0,0,10
0020,car,177,1.0333541331890572,0,0,0,10
0020,car,178,1.1030766038836763,0,0,0,9
0020,car,179,1.1922618053305245,0,0,0,9
0020,car,180,1.5605216396740396,0,0,0,9
0020,car,181,3.681284857481173,0,0,0,9
0020,car,182,4.3735631561557105,0,0,0,9
0020,car,183,1.2670115300056737,0,0,0,9
0020,car,184,2.269818726167583,0,0,0,9
0020,car,185,1.5913222609097746,0,0,0,9
0020,car,186,2.4555297843284176,0,0,0,9
0020,car,187,4.607966555811813,0,0,0,8
0020,car,188,4.697680347316462,0,0,0,8
0020,car,189,1.527559501505168,0,0,0,9
0020,car,190,1.6446683046979638,0,0,0,9
0020,car,191,4.703921389522538,0,0,0,9
0020,car,192,2.441329986025229,0,0,0,9
0020,car,193,5.443511526170381,0,0,0,9
0020,car,194,2.81179748290655,0,0,0,9
0020,car,195,5.0414184536833115,0,0,0,8
0020,car,196,2.6524944671195096,0,0,0,8
0020,car,197,1.3721870074837699,0,0,0,8
0020,car,198,3.1360954291599503,0,0,0,8
0020,car,199,3.3630034437352565,0,0,0,8
0020,car,200,3.7068321435223193,0,0,0,8
0020,car,201,2.0776217605794547,0,0,0,7
0020,car,202,2.1710828422752004,0,0,0,7
0020,car,203,0.9985303942873356,0,0,0,7
0020,car,204,1.4875277695602915,0,0,0,7
0020,car,205,2.127867708628031,0,0,0,7
0020,car,206,1.0844420783168558,0,0,0,6
0020,car,207,1.556353808590682,0,0,0,6
0020,car,208,1.9680531303349353,0,0,0,6
0020,car,209,1.7552862703225132,0,0,0,6
0020,car,210,2.8115652960165938,0,0,0,6
0020,car,211,1.945053346073242,1,1,0,6
0020,car,212,2.4367699944920567,0,0,0,6
0020,car,213,1.9922247163840154,0,0,0,6
0020,car,214,1.9858550489933275,0,0,0,6
0020,car,215,1.7066550431603962,0,0,0,6
0020,car,216,2.1544574626313735,0,0,0,6
0020,car,217,3.1994570213364772,0,0,0,6
0020,car,218,2.449302952210359,0,0,0,6
0020,car,219,2.448809895604234,0,0,0,6
0020,car,220,4.218273081783264,0,0,0,6
0020,car,221,1.2704241934167795,0,0,0,7
0020,car,222,0.9067876912288495,0,0,0,6
0020,car,223,1.9400540644366948,0,0,0,9
0020,car,224,0.9339501529975417,0,0,0,9
0020,car,225,2.1175818389110295,0,0,0,9
0020,car,226,2.8717764700490407,0,0,0,9
0020,car,227,2.2885500373291228,0,0,0,9
0020,car,228,4.62070706601153,0,0,0,9
0020,car,229,1.645483542163319,1,1,0,9
0020,car,230,2.4415292466646585,0,0,0,9
0020,car,231,2.3355115112440403,0,0,0,8
0020,car,232,1.2123453146287784,0,0,0,7
0020,car,233,2.356878521598156,0,0,0,7
0020,car,234,1.376576829146861,0,0,0,6
0020,car,235,1.7552318176080433,0,0,0,6
0020,car,236,1.7471647283543525,0,0,0,6
0020,car,237,1.654882051560421,0,0,0,6
0020,car,238,1.569964629617462,0,0,0,5
0020,car,239,2.6291851077953985,0,0,0,5
0020,car,240,2.86140725319405,0,1,-1,5
0020,car,241,1.3067028691251186,0,0,0,4
0020,car,242,13.886970843658933,0,0,0,4
0020,car,243,4.639282601185782,0,0,0,2
0020,car,244,4.39486238752963,0,0,0,2
0020,car,245,5.396910975736056,1,0,1,2
0020,car,246,6.616878588909342,0,0,0,2
0020,car,247,3.475731379677521,1,0,1,2
0020,car,248,5.138884569788788,0,0,0,2
0020,car,249,5.051368130673332,0,0,0,2
0020,car,250,5.784992901938887,0,0,0,2
0020,car,251,7.5380419398914515,0,0,0,2
0020,car,252,3.308540673807924,0,0,0,2
0020,car,253,2.4896559364668724,0,0,0,3
0020,car,254,34.347912942223296,0,0,0,3
0020,car,255,43.977211073257536,0,0,0,3
0020,car,256,11.143076127262297,0,0,0,3
0020,car,257,53.23118192953046,0,0,0,3
0020,car,258,60.75264946633009,0,0,0,3
0020,car,259,7.637140875571535,0,0,0,2
0020,car,260,9.104911423600312,0,0,0,1
0020,car,261,3.881590432201005,0,0,0,1
0020,car,262,10.839742785890438,0,0,0,2
0020,car,263,5.4143758474664265,0,0,0,2
0020,car,264,7.02838877705662,0,0,0,2
0020,car,265,11.343806696787125,0,0,0,3
0020,car,266,8.853142949485711,0,0,0,4
0020,car,267,7.210825417820619,0,0,0,4
0020,car,268,10.049207767322022,0,0,0,5
0020,car,269,4.601355781065048,1,0,1,5
0020,car,270,11.173616712045371,0,0,0,5
0020,car,271,12.742613102984972,0,0,0,5
0020,car,272,13.07857209203842,0,1,-1,5
0020,car,273,1.5301687750234243,0,0,0,5
0020,car,274,1.2404408912303948,0,0,0,4
0020,car,275,1.0982183481834957,0,0,0,4
0020,car,276,7.406074628493779,0,0,0,4
0020,car,277,3.2644695766740783,0,0,0,4
0020,car,278,6.360771624048207,0,0,0,4
0020,car,279,6.927942635091387,0,1,-1,4
0020,car,280,12.213914005167887,0,0,0,4
0020,car,281,2.762861857670708,0,0,0,2
0020,car,282,4.422655778322709,0,0,0,2
0020,car,283,10.993292818727225,0,0,0,3
0020,car,284,6.902511267543276,0,0,0,3
0020,car,285,6.435655313630963,0,0,0,5
0020,car,286,7.251705431025874,0,0,0,5
0020,car,287,4.472385579684015,0,0,0,5
0020,car,288,6.554285888151215,0,0,0,5
0020,car,289,8.647533824981378,0,0,0,5
0020,car,290,5.537985542270578,0,0,0,5
0020,car,291,9.17353590597564,0,0,0,6
0020,car,292,1.8572875019615145,0,0,0,6
0020,car,293,1.1803825648641533,0,0,0,6
0020,car,294,2.0927144011012446,0,0,0,6
0020,car,295,7.732396383173474,0,0,0,6
0020,car,296,8.493981097932672,0,0,0,6
0020,car,297,1.0461879232247084,0,0,0,6
0020,car,298,1.2672273904382774,0,0,0,6
0020,car,299,3.7877947242274947,0,0,0,5
0020,car,300,3.8855246185850087,0,0,0,5
0020,car,301,2.124696222604713,0,0,0,4
0020,car,302,5.050131670386874,0,0,0,2
0020,car,303,4.1507131724614865,0,0,0,2
0020,car,304,4.817503224366652,0,0,0,2
0020,car,305,3.9078469613529068,0,0,0,2
0020,car,306,4.8987710470068695,0,0,0,2
0020,car,307,7.407381528982142,0,0,0,2
0020,car,308,4.149667216748354,0,0,0,2
0020,car,309,7.50936587642264,0,0,0,2
0020,car,310,11.788271909063452,0,0,0,2
0020,car,311,2.117712509273702,0,0,0,2
0020,car,312,3.7637097182603654,0,0,0,2
0020,car,313,6.948957537646077,0,0,0,2
0020,car,314,4.121385304929236,0,0,0,2
0020,car,315,5.835169559230137,0,0,0,2
0020,car,316,4.1687111895748075,0,0,0,3
0020,car,317,3.4782394636136384,0,0,0,3
0020,car,318,2.683593653585387,0,0,0,4
0020,car,319,2.995345164362292,0,0,0,4
0020,car,320,5.342046965006271,0,0,0,4
0020,car,321,3.664620325994561,0,0,0,4
0020,car,322,3.0132725485353244,0,0,0,4
0020,car,323,5.897068035660353,0,0,0,4
0020,car,324,6.095872145653909,0,0,0,4
0020,car,325,5.474004327561088,0,0,0,4
0020,car,326,5.594810909479028,0,0,0,4
0020,car,327,5.529725622901854,0,0,0,4
0020,car,328,5.410418602121415,0,0,0,4
0020,car,329,7.9500367385462205,0,0,0,4
0020,car,330,7.948264315018693,0,0,0,6
0020,car,331,6.425731251565476,0,0,0,6
0020,car,332,7.896860604725259,0,0,0,6
0020,car,333,4.8749316261979425,0,0,0,6
0020,car,334,6.1628922376135105,0,0,0,6
0020,car,335,1.2505073498125223,0,0,0,7
0020,car,336,3.1105151920129064,0,0,0,7
0020,car,337,2.387494331542171,0,0,0,7
0020,car,338,1.8112057269338782,0,0,0,7
0020,car,339,0.7601710360473383,0,0,0,7
0020,car,340,1.247283725291695,0,0,0,7
0020,car,341,2.2143183197324365,0,0,0,8
0020,car,342,1.2231715819649076,0,0,0,8
0020,car,343,1.0987772724207514,0,0,0,8
0020,car,344,1.086673659382607,0,0,0,8
0020,car,345,1.897073007867573,0,0,0,9
0020,car,346,1.482439628971898,0,0,0,9
0020,car,347,2.183913644439934,0,0,0,9
0020,car,348,0.9756987170158788,1,1,0,8
0020,car,349,0.8383778173267342,0,0,0,8
0020,car,350,1.047054675080772,0,0,0,8
0020,car,351,3.6348484452126217,0,0,0,8
0020,car,352,2.6919255848255474,0,0,0,8
0020,car,353,3.670096765228621,0,0,0,8
0020,car,354,2.309364234333843,1,1,0,8
0020,car,355,3.552575053486488,1,0,1,8
0020,car,356,1.1995771480497799,0,0,0,7
0020,car,357,2.6056302352962737,0,0,0,7
0020,car,358,0.7183076937784826,0,0,0,9
0020,car,359,1.068510824966208,0,0,0,9
0020,car,360,0.8189921477574855,0,0,0,9
0020,car,361,1.2448691582645028,0,0,0,9
0020,car,362,1.6230621377970489,1,0,1,10
0020,car,363,3.2889808140731533,0,0,0,10
0020,car,364,2.38660937965858,0,0,0,10
0020,car,365,3.1349919823706554,0,0,0,11
0020,car,366,2.3942243869079176,0,0,0,10
0020,car,367,1.8193536386050084,0,0,0,10
0020,car,368,8.215179451048602,0,0,0,10
0020,car,369,1.704832671132595,0,0,0,11
0020,car,370,1.2516901210121394,0,1,-1,11
0020,car,371,3.2050697623566142,1,0,1,11
0020,car,372,1.7108778880555249,0,0,0,10
0020,car,373,1.041223454831341,0,0,0,10
0020,car,374,1.2667840848949972,1,1,0,10
0020,car,375,1.1488774470295613,0,0,0,10
0020,car,376,0.6961682552578136,0,0,0,9
0020,car,377,0.6829382954310198,0,0,0,8
0020,car,378,0.7853420767924899,0,0,0,7
0020,car,379,1.0358301243355257,0,0,0,7
0020,car,380,0.7379617230827396,0,0,0,8
0020,car,381,0.8334205057501991,0,0,0,8
0020,car,382,0.8890622914718156,0,0,0,8
0020,car,383,7.312005315058817,0,0,0,8
0020,car,384,2.303598288341055,0,0,0,8
0020,car,385,2.0484752400480306,0,0,0,8
0020,car,386,1.6760092046784967,0,0,0,8
0020,car,387,2.135954839864478,0,0,0,8
0020,car,388,10.654841113925706,0,1,-1,8
0020,car,389,3.2152569593387628,1,0,1,9
0020,car,390,3.8672217287507897,0,0,0,8
0020,car,391,2.695191234587018,0,0,0,8
0020,car,392,2.5628997070261814,0,0,0,9
0020,car,393,1.6673045314098873,0,0,0,9
0020,car,394,2.333729454304703,0,1,-1,9
0020,car,395,1.6448044718099768,0,0,0,8
0020,car,396,1.442217675331124,0,0,0,8
0020,car,397,2.706712404821692,0,0,0,8
0020,car,398,2.044318903678473,0,0,0,10
0020,car,399,4.005033770709901,0,0,0,11
0020,car,400,3.026615053105223,0,0,0,10
0020,car,401,7.582964526298938,1,0,1,10
0020,car,402,8.757122316516098,0,0,0,10
0020,car,403,3.8727426738998134,0,0,0,9
0020,car,404,1.2522511441332063,0,0,0,8
0020,car,405,5.672003495496661,0,0,0,8
0020,car,406,3.1920077296383025,0,0,0,8
0020,car,407,3.492572284573982,0,0,0,8
0020,car,408,6.296195246877582,0,0,0,8
0020,car,409,5.5769307435484246,0,0,0,8
0020,car,410,1.23590525843264,0,0,0,8
0020,car,411,2.9307325896833074,0,0,0,9
0020,car,412,1.7907670965797124,0,0,0,9
0020,car,413,0.933194078676181,0,0,0,10
0020,car,414,1.9693843490786107,0,0,0,10
0020,car,415,6.071429094832706,0,0,0,10
0020,car,416,2.78808896554569,0,0,0,10
0020,car,417,1.8120557418944605,0,0,0,11
0020,car,418,3.1976486588365796,0,0,0,10
0020,car,419,4.252203673691984,0,0,0,10
0020,car,420,1.3735070728694052,0,0,0,9
0020,car,421,2.9629109777511293,0,0,0,9
0020,car,422,3.582226850112507,0,0,0,8
0020,car,423,3.0474851027097145,0,0,0,7
0020,car,424,2.672598871493329,0,0,0,7
0020,car,425,3.2186143856099827,0,0,0,7
0020,car,426,1.715319849254758,0,0,0,7
0020,car,427,2.0333365235318444,0,0,0,9
0020,car,428,1.0926369782519485,0,0,0,9
0020,car,429,1.8690957413271394,0,0,0,9
0020,car,430,2.6833915496897114,0,0,0,10
0020,car,431,2.4393088648357852,0,0,0,10
0020,car,432,3.724771449403007,0,1,-1,9
0020,car,433,1.0850841828194369,0,1,-1,8
0020,car,434,3.713381060350203,0,0,0,8
0020,car,435,5.609237353769475,1,1,0,8
0020,car,436,3.4728034091003437,0,0,0,8
0020,car,437,1.8437233183266373,0,0,0,9
0020,car,438,2.2550844638659533,0,1,-1,8
0020,car,439,1.1672292172446515,0,0,0,8
0020,car,440,1.6984437843058047,0,0,0,8
0020,car,441,2.697981713337962,0,0,0,8
0020,car,442,2.7792687867810173,0,0,0,8
0020,car,443,1.6830942464504797,0,0,0,8
0020,car,444,2.550790555922544,0,0,0,7
0020,car,445,2.756744184126245,0,0,0,7
0020,car,446,3.257732350725358,0,0,0,7
0020,car,447,5.05281766884994,0,0,0,7
0020,car,448,2.6908856017366536,1,1,0,6
0020,car,449,2.1715091680129768,0,0,0,6
0020,car,450,1.371397427581973,0,0,0,6
0020,car,451,2.874695282060765,0,0,0,6
0020,car,452,3.5253641088347223,0,0,0,5
0020,car,453,3.260600357480135,0,0,0,4
0020,car,454,2.3647395603344963,0,0,0,4
0020,car,455,6.75700807968232,0,0,0,5
0020,car,456,4.509493151451448,0,0,0,6
0020,car,457,3.995718255914043,0,0,0,6
0020,car,458,3.2382430994493765,0,0,0,8
0020,car,459,7.756659500683439,0,0,0,9
0020,car,460,3.276962504675421,0,0,0,8
0020,car,461,1.8970204069126797,0,0,0,8
0020,car,462,1.8096125871069955,0,0,0,8
0020,car,463,2.2375872146023443,1,0,1,9
0020,car,464,3.0084819310517057,0,0,0,8
0020,car,465,0.9619116200488226,1,1,0,7
0020,car,466,1.3394408160778757,0,0,0,7
0020,car,467,2.328337279220909,0,0,0,7
0020,car,468,5.139005400871197,0,0,0,6
0020,car,469,1.5863017156624626,0,0,0,6
0020,car,470,5.543930725052404,0,0,0,6
0020,car,471,4.747421312967257,0,0,0,6
0020,car,472,3.3957675032549446,0,0,0,7
0020,car,473,1.9345497716500515,1,1,0,8
0020,car,474,9.65447815456915,0,0,0,8
0020,car,475,7.020322779306501,0,0,0,8
0020,car,476,2.187092380237842,0,0,0,8
0020,car,477,1.8774526486290795,0,0,0,8
0020,car,478,2.4422830609232253,0,0,0,7
0020,car,479,1.433710650103106,0,0,0,7
0020,car,480,3.375272605975394,0,0,0,7
0020,car,481,2.081419665910457,0,0,0,8
0020,car,482,1.720089861185646,0,0,0,8
0020,car,483,2.3818131800648263,0,0,0,6
0020,car,484,0.7647041759232236,0,0,0,6
0020,car,485,0.7552341483015053,0,0,0,7
0020,car,486,1.067768009406171,0,0,0,7
0020,car,487,5.579034457458518,0,1,-1,7
0020,car,488,6.3690950078412945,0,0,0,8
0020,car,489,8.598809479604627,0,0,0,8
0020,car,490,1.778073048199765,0,0,0,7
0020,car,491,7.6380600681429485,0,0,0,7
0020,car,492,11.612885516614835,0,0,0,6
0020,car,493,12.52405041714628,0,0,0,6
0020,car,494,10.65633411893631,0,0,0,6
0020,car,495,10.019049182616124,0,0,0,6
0020,car,496,14.354272739598418,0,0,0,4
0020,car,497,0.8855807118244436,0,0,0,3
0020,car,498,4.460837328293083,0,0,0,3
0020,car,499,2.022066437298623,0,0,0,4
0020,car,500,1.6824103327706221,0,0,0,4
0020,car,501,3.121037319729753,0,0,0,4
0020,car,502,2.05374766625027,0,0,0,6
0020,car,503,2.952498595629975,0,0,0,7
0020,car,504,3.4690879673470523,0,0,0,7
0020,car,505,1.7064614126863555,1,0,1,7
0020,car,506,5.129698223182178,0,0,0,7
0020,car,507,1.9360560657431423,0,1,-1,7
0020,car,508,2.3874001172072647,0,0,0,7
0020,car,509,7.4811543683360355,0,0,0,7
0020,car,510,8.881082183450616,0,0,0,8
0020,car,511,2.020015892434425,0,0,0,8
0020,car,512,1.4448489659105122,0,0,0,8
0020,car,513,5.6863767635131035,0,0,0,7
0020,car,514,6.997688609609133,0,0,0,7
0020,car,515,5.976620123849653,0,0,0,6
0020,car,516,2.418401656943964,0,0,0,6
0020,car,517,6.037616980338367,1,1,0,6
0020,car,518,5.342290364261996,0,0,0,6
0020,car,519,4.407891618541602,0,0,0,5
0020,car,520,7.828394432631322,0,0,0,5
0020,car,521,3.142113560117367,0,0,0,5
0020,car,522,3.4737250082413205,0,0,0,6
0020,car,523,6.937201409709595,0,0,0,8
0020,car,524,5.1027680487628215,0,0,0,7
0020,car,525,8.145325727734535,0,0,0,7
0020,car,526,7.0032103149564735,0,0,0,6
0020,car,527,7.676960234445609,0,0,0,6
0020,car,528,0.8346422392899361,0,0,0,6
0020,car,529,0.4504705936544444,0,0,0,6
0020,car,530,0.8853390206134087,0,0,0,6
0020,car,531,0.5662512227579676,0,0,0,6
0020,car,532,2.343701107671572,0,0,0,5
0020,car,533,2.3380386055990128,0,0,0,5
0020,car,534,1.5585127227889437,0,0,0,7
0020,car,535,4.853577516895058,0,0,0,7
0020,car,536,1.5650742216714524,0,0,0,8
0020,car,537,1.696754264362553,0,0,0,9
0020,car,538,2.1774981486327563,0,0,0,8
0020,car,539,2.767839284563916,0,0,0,8
0020,car,540,3.581418850765327,0,0,0,9
0020,car,541,4.952572776209836,0,0,0,9
0020,car,542,1.8493201781304789,0,0,0,9
0020,car,543,5.514958312138851,0,0,0,9
0020,car,544,0.8701356315708113,0,0,0,9
0020,car,545,3.051134759067659,0,0,0,9
0020,car,546,2.4879194338012143,0,0,0,8
0020,car,547,8.919628243360169,0,0,0,8
0020,car,548,0.8096117254642923,0,0,0,8
0020,car,549,1.4652724690288266,0,0,0,9
0020,car,550,1.3304146427251653,0,0,0,9
0020,car,551,1.0916471222437998,1,2,-1,10
0020,car,552,1.9782576837405126,0,0,0,10
0020,car,553,1.297643942734604,0,0,0,9
0020,car,554,1.9943956762981554,0,0,0,9
0020,car,555,2.442554969996373,0,0,0,9
0020,car,556,1.2675378182971417,0,0,0,8
0020,car,557,0.7760711509802705,0,0,0,9
0020,car,558,1.1968860804594916,0,0,0,9
0020,car,559,0.9224903235714558,0,0,0,9
0020,car,560,2.084364113437746,0,0,0,9
0020,car,561,1.3874461524317812,0,0,0,9
0020,car,562,1.825381344487351,0,0,0,9
0020,car,563,1.4048858732645821,0,0,0,9
0020,car,564,1.5364980036981637,0,0,0,9
0020,car,565,2.775455992274511,0,0,0,8
0020,car,566,1.6979568816682895,1,1,0,9
0020,car,567,1.2679999843402245,0,0,0,9
0020,car,568,2.5904248730810546,0,0,0,8
0020,car,569,1.398086906095625,0,0,0,7
0020,car,570,1.8270877345788181,0,0,0,7
0020,car,571,1.7701784926101412,0,0,0,7
0020,car,572,1.7144862188810055,0,0,0,7
0020,car,573,2.2330838857109625,0,0,0,7
0020,car,574,2.0567228910054647,0,0,0,7
0020,car,575,2.3068800507223495,0,0,0,7
0020,car,576,3.08713026200233,0,0,0,7
0020,car,577,2.591282164381667,0,0,0,6
0020,car,578,2.735665586154024,0,0,0,6
0020,car,579,3.1848867371024365,0,0,0,6
0020,car,580,1.953547458427018,0,0,0,6
0020,car,581,4.185655782151344,0,0,0,6
0020,car,582,3.2667700173718437,0,0,0,7
0020,car,583,3.014815047581232,0,0,0,7
0020,car,584,2.101158537257776,0,0,0,6
0020,car,585,2.2561427003072545,0,0,0,6
0020,car,586,1.2940639781203234,0,0,0,5
0020,car,587,5.639399067488732,0,0,0,5
0020,car,588,1.1944543284202829,0,0,0,6
0020,car,589,0.6242089470446832,0,0,0,6
0020,car,590,0.7952639929578489,0,0,0,7
0020,car,591,8.115474360962839,0,0,0,7
0020,car,592,1.20105006790279,0,0,0,8
0020,car,593,1.9216020667562004,0,0,0,8
0020,car,594,1.0051057423258198,0,0,0,6
0020,car,595,3.748921774004498,0,0,0,6
0020,car,596,3.0504474557182313,0,0,0,6
0020,car,597,3.241651927330211,0,0,0,6
0020,car,598,0.9337041704130616,0,0,0,5
0020,car,599,4.143364459591081,0,0,0,5
0020,car,600,2.332652314947589,0,0,0,5
0020,car,601,1.0740524169629087,0,0,0,5
0020,car,602,2.923930014248112,0,0,0,5
0020,car,603,1.760987491656336,0,0,0,5
0020,car,604,2.814398881455621,0,0,0,5
0020,car,605,3.7253402313270505,0,0,0,5
0020,car,606,4.434701570587521,0,0,0,5
0020,car,607,2.7370286458363475,0,0,0,5
0020,car,608,3.972279431890888,0,0,0,6
0020,car,609,4.834766671265076,0,0,0,7
0020,car,610,5.4998805445486,0,0,0,8
0020,car,611,4.9666345080119125,0,0,0,7
0020,car,612,4.36330245385642,0,0,0,6
0020,car,613,4.265319787329,0,0,0,6
0020,car,614,7.158164932492623,0,1,-1,6
0020,car,615,6.555400873987547,0,0,0,5
0020,car,616,5.725654548861721,0,0,0,6
0020,car,617,5.943307736538703,0,0,0,6
0020,car,618,5.700331017595348,0,0,0,6
0020,car,619,6.691053178125694,0,0,0,7
0020,car,620,6.815422864816462,0,0,0,8
0020,car,621,6.635710866754506,0,0,0,9
0020,car,622,4.387959502048056,1,1,0,8
0020,car,623,8.674201904864523,0,0,0,7
0020,car,624,10.49592848205071,0,0,0,5
0020,car,625,4.67864853584481,0,0,0,5
0020,car,626,12.307078868591418,0,0,0,5
0020,car,627,9.382520224981787,0,0,0,5
0020,car,628,4.729404405681668,0,0,0,5
0020,car,629,6.060170697211033,0,0,0,5
0020,car,630,5.251190834353817,1,1,0,5
0020,car,631,5.761305156692877,0,0,0,5
0020,car,632,5.184450078809546,0,0,0,5
0020,car,633,6.560546520498474,0,0,0,5
0020,car,634,6.886466507304082,0,0,0,4
0020,car,635,3.967227242613081,0,0,0,4
0020,car,636,11.40636394948071,0,1,-1,4
0020,car,637,14.766136379574913,0,0,0,3
0020,car,638,12.734704651839793,0,0,0,3
0020,car,639,7.333631629140301,0,0,0,3
0020,car,640,6.7745103789784755,0,0,0,3
0020,car,641,10.818719091490824,0,0,0,3
0020,car,642,7.6062913091089035,0,0,0,3
0020,car,643,13.004204906134595,0,0,0,3
0020,car,644,2.0878104445770638,0,0,0,3
0020,car,645,2.809708671664252,1,0,1,3
0020,car,646,4.348308212015718,0,0,0,3
0020,car,647,10.125530062411581,0,0,0,3
0020,car,648,10.177290114473315,0,0,0,3
0020,car,649,11.752241978377468,0,0,0,3
0020,car,650,10.807858423254325,0,0,0,3
0020,car,651,13.226480238958118,0,0,0,3
0020,car,652,10.68609391749023,1,1,0,3
0020,car,653,7.3678212497136295,1,1,0,3
0020,car,654,2.968443698647126,0,0,0,3
0020,car,655,10.737595096608551,0,0,0,3
0020,car,656,15.00565241220972,2,1,1,3
0020,car,657,1.0103916737532308,0,0,0,3
0020,car,658,1.9280305229244603,0,0,0,3
0020,car,659,4.851558692043806,0,0,0,3
0020,car,660,4.524216375283783,0,0,0,3
0020,car,661,1.6603435061145795,0,0,0,3
0020,car,662,1.5543421436185152,0,0,0,3
0020,car,663,2.1423813675943935,0,0,0,3
0020,car,664,3.4432524112106844,0,0,0,3
0020,car,665,2.912523434126306,0,0,0,3
0020,car,666,9.612594895735185,0,0,0,3
0020,car,667,3.21862346742994,0,0,0,3
0020,car,668,3.69086497464967,0,0,0,3
0020,car,669,3.566583686631068,0,0,0,3
0020,car,670,3.9536925244562613,0,0,0,3
0020,car,671,3.5756348445459873,0,0,0,3
0020,car,672,8.227948303914394,0,0,0,3
0020,car,673,6.2566344282585264,0,0,0,3
0020,car,674,2.556140622264238,0,0,0,3
0020,car,675,1.7538357363018393,0,0,0,3
0020,car,676,2.318477167319031,0,0,0,3
0020,car,677,2.3605627287288864,0,0,0,3
0020,car,678,3.2832001695934445,0,0,0,3
0020,car,679,3.17282227401743,0,0,0,3
0020,car,680,4.61953248571442,0,0,0,3
0020,car,681,4.207617964559922,0,0,0,3
0020,car,682,5.5223124279355496,0,0,0,3
0020,car,683,4.863973541215117,0,0,0,3
0020,car,684,6.602225548586055,0,0,0,3
0020,car,685,6.51702703145881,0,0,0,3
0020,car,686,7.564573285561818,0,0,0,3
0020,car,687,8.474607498316264,0,0,0,3
0020,car,688,11.850165013286487,0,0,0,3
0020,car,689,6.576239580329759,0,0,0,3
0020,car,690,8.940292401952927,0,0,0,3
0020,car,691,6.6509870448067705,0,0,0,3
0020,car,692,13.390275820811327,1,0,1,3
0020,car,693,16.094414577274147,0,0,0,3
0020,car,694,14.193996708606425,0,0,0,3
0020,car,695,17.915845548123375,1,0,1,3
0020,car,696,2.646901118031721,0,0,0,3
0020,car,697,2.2910308872213627,0,0,0,3
0020,car,698,1.293874420444229,0,0,0,3
0020,car,699,2.1202127767973957,0,0,0,3
0020,car,700,3.7454048760452454,0,0,0,3
0020,car,701,1.2870627204358698,0,0,0,3
0020,car,702,2.3729251822996518,0,0,0,3
0020,car,703,3.2281104944680585,0,0,0,3
0020,car,704,2.206388779360752,0,0,0,3
0020,car,705,1.5865951971233592,0,0,0,3
0020,car,706,3.7580914438059847,0,0,0,3
0020,car,707,2.7443188896718103,0,0,0,3
0020,car,708,1.3418580688351252,0,0,0,3
0020,car,709,1.338213649708752,0,0,0,3
0020,car,710,1.9304608104796104,0,0,0,3
0020,car,711,5.215918295013589,0,0,0,3
0020,car,712,4.9019900314332086,0,0,0,3
0020,car,713,3.1417679122077127,0,0,0,3
0020,car,714,2.456539970560584,0,0,0,3
0020,car,715,2.9965363490511256,0,0,0,3
0020,car,716,4.289177305693845,0,0,0,3
0020,car,717,3.7428299975303583,0,0,0,3
0020,car,718,0.962630772016673,0,0,0,3
0020,car,719,2.819812369594976,0,0,0,3
0020,car,720,0.6697776974808042,0,0,0,3
0020,car,721,0.7094250171678578,0,0,0,3
0020,car,722,3.966233727499208,0,0,0,3
0020,car,723,1.164530800569356,0,0,0,3
0020,car,724,2.6738491194871434,0,0,0,3
0020,car,725,2.30168599756877,0,0,0,3
0020,car,726,2.4038794892912065,0,0,0,3
0020,car,727,0.900441591517006,0,0,0,3
0020,car,728,2.1046308243311422,0,0,0,3
0020,car,729,1.2915645967248965,0,0,0,3
0020,car,730,0.8034956433917817,0,0,0,3
0020,car,731,1.0232561954471104,0,0,0,3
0020,car,732,0.6453196296358998,0,0,0,4
0020,car,733,0.5007222807334294,0,0,0,4
0020,car,734,1.0721499920017858,0,0,0,4
0020,car,735,0.8244325380997368,0,0,0,4
0020,car,736,1.2406787734593134,0,0,0,4
0020,car,737,1.0024200491142192,0,0,0,4
0020,car,738,1.0253609199982172,0,0,0,4
0020,car,739,0.6781965357516795,0,0,0,4
0020,car,740,0.7467431251838369,0,0,0,4
0020,car,741,0.6947153210013304,0,0,0,4
0020,car,742,0.8980643344963866,0,0,0,4
0020,car,743,0.5128504398222957,0,0,0,4
0020,car,744,0.8868899181547996,0,0,0,4
0020,car,745,1.1995912918058678,0,0,0,4
0020,car,746,0.8389471565640436,0,0,0,4
0020,car,747,1.2446974537205118,0,0,0,4
0020,car,748,0.7203030360564147,0,0,0,4
0020,car,749,0.7780887454525323,0,0,0,4
0020,car,750,0.8079579889401112,0,0,0,4
0020,car,751,1.02027365516741,0,0,0,4
0020,car,752,0.5813958401830185,0,0,0,4
0020,car,753,0.8137580767355712,0,0,0,4
0020,car,754,1.2046555435246526,0,0,0,4
0020,car,755,0.7852709003375842,0,0,0,4
0020,car,756,1.3431228524459162,0,0,0,4
0020,car,757,0.7845795250957368,0,0,0,4
0020,car,758,0.8850818517790253,0,0,0,4
0020,car,759,0.9530378256685401,0,0,0,4
0020,car,760,1.1409159040326329,0,0,0,4
0020,car,761,0.9529093258712138,0,0,0,4
0020,car,762,0.8956183992164257,0,0,0,4
0020,car,763,0.7282753251553417,1,1,0,4
0020,car,764,0.946543988934926,0,0,0,4
0020,car,765,1.0032172416497982,0,0,0,4
0020,car,766,0.5688097102640399,0,0,0,3
0020,car,767,0.7667770004623675,0,0,0,3
0020,car,768,0.4886582776077557,0,0,0,3
0020,car,769,0.7404205910897815,0,0,0,3
0020,car,770,0.7334045318655695,0,0,0,3
0020,car,771,0.5484091797678069,0,0,0,3
0020,car,772,0.7798708462764143,0,0,0,3
0020,car,773,0.9886695539274977,0,0,0,3
0020,car,774,0.5690141950031666,0,0,0,3
0020,car,775,0.8676469702797329,0,0,0,3
0020,car,776,0.6255572369091776,0,0,0,3
0020,car,777,0.6118966150883911,0,0,0,3
0020,car,778,0.6183057808178402,0,0,0,3
0020,car,779,0.5938693194958866,0,0,0,3
0020,car,780,0.9065937188385232,0,0,0,3
0020,car,781,0.7428764920995299,0,0,0,3
0020,car,782,0.8686053326908015,0,0,0,3
0020,car,783,0.6997798464890975,0,0,0,3
0020,car,784,0.8336636696606914,0,0,0,3
0020,car,785,0.4294812891671414,0,0,0,3
0020,car,786,0.4639887164482733,0,0,0,3
0020,car,787,0.6682285298045753,0,0,0,3
0020,car,788,0.8753928017897388,0,0,0,3
0020,car,789,0.733080654730814,0,0,0,3
0020,car,790,0.5080231536544482,0,0,0,3
0020,car,791,0.5138472418915375,0,0,0,3
0020,car,792,0.4333977712985137,0,0,0,3
0020,car,793,0.651449718104697,0,0,0,3
0020,car,794,0.5669503230829845,0,0,0,3
0020,car,795,0.6064275232691836,0,0,0,2
0020,car,796,0.3767896386542526,0,0,0,2
0020,car,797,0.6031500558413903,0,0,0,2
0020,car,798,0.8000530047564205,0,0,0,2
0020,car,799,0.54141843921239,0,0,0,2
0020,car,800,0.6333732600735533,0,0,0,2
0020,car,801,0.41517965704806925,0,0,0,2
0020,car,802,0.5960769368195493,0,0,0,2
0020,car,803,0.5456487569174229,0,0,0,2
0020,car,804,0.6019347223586169,0,0,0,2
0020,car,805,0.3670474525971668,0,0,0,2
0020,car,806,0.3918746568369901,0,0,0,2
0020,car,807,0.5012125442470394,0,0,0,2
0020,car,808,0.4921952339662148,0,0,0,2
0020,car,809,0.36815909491840426,0,0,0,2
0020,car,810,0.22858603444199185,0,0,0,2
0020,car,811,0.43840848430586465,0,0,0,2
0020,car,812,0.4447771585758592,0,0,0,2
0020,car,813,0.5881649252977168,0,0,0,2
0020,car,814,0.36385175910512946,0,0,0,2
0020,car,815,0.3469351397597337,0,0,0,2
0020,car,816,0.2958803661194909,0,0,0,2
0020,car,817,0.615205909597553,0,0,0,2
0020,car,818,0.39039786744062177,0,0,0,2
0020,car,819,0.22569726741451712,0,0,0,2
0020,car,820,0.4198565513397765,0,0,0,2
0020,car,821,0.2830381647574215,0,0,0,2
0020,car,822,0.5410456209871561,0,0,0,2
0020,car,823,0.46416721398414595,0,0,0,2
0020,car,824,0.43216619336221396,0,0,0,2
0020,car,825,0.32850221862067747,0,0,0,2
0020,car,826,0.49449758750986406,0,0,0,2
0020,car,827,0.32106984017196283,0,0,0,2
0020,car,828,0.4825967281801794,0,0,0,2
0020,car,829,0.3045235650868776,0,0,0,2
0020,car,830,0.20344583857677573,0,0,0,2
0020,car,831,0.3233067625071968,0,0,0,2
0020,car,832,0.3500282101587275,0,0,0,2
0020,car,833,0.3557715595176847,0,0,0,2
0020,car,834,0.2618923349290394,0,0,0,2
0020,car,835,0.23334486644668467,0,0,0,2
0020,car,836,0.4056220964916101,0,0,0,2
