dataset,sequence,frame,n_obj,depth_med,depth_ratio,rho_depth_resid
MOT17,MOT17-02-FRCNN,11,17,27.10555648803711,3.849377718289197,-0.4901044739554478
MOT17,MOT17-02-FRCNN,21,14,27.344568252563477,5.390488592181261,-0.2527472527472528
MOT17,MOT17-02-FRCNN,31,16,28.98615264892578,4.227312521242958,-0.36764705882352944
MOT17,MOT17-02-FRCNN,41,15,28.55575180053711,4.671359862584151,-0.46443210168379023
MOT17,MOT17-02-FRCNN,51,15,27.89276123046875,4.885246901693205,-0.39747795134385916
MOT17,MOT17-02-FRCNN,61,14,30.282937049865723,3.206093594154654,-0.26955441168028055
MOT17,MOT17-02-FRCNN,71,15,26.713054656982422,3.1823866688680233,-0.26053508143237014
MOT17,MOT17-02-FRCNN,81,15,26.857627868652344,3.211245264100053,-0.39360011767221176
MOT17,MOT17-02-FRCNN,91,14,28.428732872009277,4.329565886920648,-0.3010989010989011
MOT17,MOT17-02-FRCNN,101,13,27.987478256225586,4.640802476266048,-0.2087912087912088
MOT17,MOT17-02-FRCNN,111,11,26.67201042175293,3.848129916466549,-0.16363636363636366
MOT17,MOT17-02-FRCNN,121,12,28.060917854309082,5.000483875027024,-0.2027972027972028
MOT17,MOT17-02-FRCNN,131,13,27.94076156616211,5.451451588146716,-0.2857142857142857
MOT17,MOT17-02-FRCNN,141,17,29.12125587463379,6.097287873844954,-0.18627450980392157
MOT17,MOT17-02-FRCNN,151,15,28.133148193359375,6.979377642238565,-0.457142857142857
MOT17,MOT17-02-FRCNN,161,14,27.742724418640137,5.206483344316186,-0.49890109890109896
MOT17,MOT17-02-FRCNN,171,13,27.874309539794922,4.845819306575062,0.521978021978022
MOT17,MOT17-02-FRCNN,181,12,28.284137725830078,7.047923891173989,-0.39860139860139865
MOT17,MOT17-02-FRCNN,191,16,34.71919059753418,7.550077336185285,-0.31176470588235294
MOT17,MOT17-02-FRCNN,201,14,33.64825248718262,8.321307414565124,-0.4813186813186813
MOT17,MOT17-02-FRCNN,211,13,35.35152816772461,8.998613456384234,-0.521978021978022
MOT17,MOT17-02-FRCNN,221,14,36.00808525085449,9.27478013731215,-0.5736263736263736
MOT17,MOT17-02-FRCNN,231,14,36.28676795959473,9.664729751923762,-0.8637362637362638
MOT17,MOT17-02-FRCNN,241,18,37.053192138671875,9.476159339237743,-0.6763701273288396
MOT17,MOT17-02-FRCNN,251,18,36.965959548950195,10.879070372510157,-0.26109391124871
MOT17,MOT17-02-FRCNN,261,18,40.180233001708984,11.145853085193385,-0.5252837977296182
MOT17,MOT17-02-FRCNN,271,18,39.31210899353027,10.651340052470385,-0.4633642930856553
MOT17,MOT17-02-FRCNN,281,18,38.08034896850586,10.944963907845757,-0.2053663570691434
MOT17,MOT17-02-FRCNN,291,18,38.324283599853516,11.171712328252024,-0.48813209494324045
MOT17,MOT17-02-FRCNN,301,18,37.132904052734375,11.5006774028438,-0.5149638802889577
MOT17,MOT17-02-FRCNN,311,18,36.96937942504883,10.446745158432245,-0.6078431372549019
MOT17,MOT17-02-FRCNN,321,17,36.40227508544922,10.59866239024376,-0.5759803921568628
MOT17,MOT17-02-FRCNN,331,15,37.077667236328125,11.311764621030637,-0.3607142857142856
MOT17,MOT17-02-FRCNN,341,14,39.51446342468262,11.353824767677914,-0.5164835164835165
MOT17,MOT17-02-FRCNN,351,14,40.779151916503906,11.066807705009218,-0.2
MOT17,MOT17-02-FRCNN,361,11,14.279963493347168,11.06598854367329,-0.36363636363636365
MOT17,MOT17-02-FRCNN,371,9,13.411202430725098,10.838624127331,0.15
MOT17,MOT17-02-FRCNN,381,10,13.142506122589111,5.4954146505848485,0.32121212121212117
MOT17,MOT17-02-FRCNN,391,9,11.952264785766602,8.717372030745086,0.016666666666666666
MOT17,MOT17-02-FRCNN,401,10,13.93762493133545,10.37302292725261,0.5272727272727272
MOT17,MOT17-02-FRCNN,411,9,14.058060646057129,4.894664989224446,0.18333333333333335
MOT17,MOT17-02-FRCNN,421,9,14.001323699951172,6.290062380056202,0.09999999999999999
MOT17,MOT17-02-FRCNN,431,11,13.484054565429688,6.417641896537257,0.10909090909090911
MOT17,MOT17-02-FRCNN,441,7,15.123854637145996,4.633322085150433,-0.14285714285714288
MOT17,MOT17-02-FRCNN,451,8,14.624147891998291,6.536526201495535,0.09523809523809526
MOT17,MOT17-02-FRCNN,461,10,13.577244281768799,8.099768615634972,-0.05454545454545454
MOT17,MOT17-02-FRCNN,471,13,15.630470275878906,7.226486539363987,-0.4505494505494505
MOT17,MOT17-02-FRCNN,481,19,25.026247024536133,12.397601666840435,-0.7894736842105263
MOT17,MOT17-02-FRCNN,491,19,26.47364616394043,12.004715817324337,-0.5473684210526315
MOT17,MOT17-02-FRCNN,501,16,30.617008209228516,9.9379433160141,-0.6558823529411765
MOT17,MOT17-02-FRCNN,511,17,33.37985610961914,9.687892119904946,-0.3872549019607844
MOT17,MOT17-02-FRCNN,521,17,33.88729476928711,9.766424744563443,-0.41666666666666674
MOT17,MOT17-02-FRCNN,531,17,35.04164505004883,10.330575177824736,-0.5220588235294118
MOT17,MOT17-02-FRCNN,541,18,34.06875801086426,12.269355561880047,-0.6615067079463364
MOT17,MOT17-02-FRCNN,551,18,35.645015716552734,11.344522758324363,-0.49226006191950467
MOT17,MOT17-02-FRCNN,561,19,37.97982406616211,11.776788843345704,-0.15964912280701754
MOT17,MOT17-02-FRCNN,571,16,37.079612731933594,12.18990244950878,-0.4205882352941176
MOT17,MOT17-02-FRCNN,581,15,37.8695182800293,11.820417147635354,-0.6285714285714286
MOT17,MOT17-02-FRCNN,591,15,38.30011749267578,4.872292437154956,-0.46071428571428563
MOT17,MOT17-04-FRCNN,11,34,21.912946701049805,7.85353383254078,-0.4047364400305577
MOT17,MOT17-04-FRCNN,21,33,21.65105628967285,7.090882893585596,-0.304812834224599
MOT17,MOT17-04-FRCNN,31,34,21.004733085632324,7.21697589362731,-0.2776165011459129
MOT17,MOT17-04-FRCNN,41,34,21.17318058013916,7.175933794672154,-0.16699770817417878
MOT17,MOT17-04-FRCNN,51,31,20.102399826049805,6.133931643814566,-0.30806451612903224
MOT17,MOT17-04-FRCNN,61,31,19.94701385498047,6.285661441260019,-0.2435483870967742
MOT17,MOT17-04-FRCNN,71,31,20.31155014038086,6.302223699380353,-0.27137096774193553
MOT17,MOT17-04-FRCNN,81,33,20.74448013305664,8.36899201589276,-0.3054812834224599
MOT17,MOT17-04-FRCNN,91,31,20.492128372192383,6.20590316268048,-0.4008064516129033
MOT17,MOT17-04-FRCNN,101,32,20.362544059753418,6.2547577794558435,-0.10740469208211142
MOT17,MOT17-04-FRCNN,111,33,20.10166358947754,7.2987146923799475,-0.30648395721925137
MOT17,MOT17-04-FRCNN,121,33,19.26028060913086,7.353322023628737,-0.10060160427807488
MOT17,MOT17-04-FRCNN,131,33,19.349056243896484,7.232988557264149,-0.2667112299465241
MOT17,MOT17-04-FRCNN,141,33,19.45026397705078,7.003041118594969,-0.19251336898395724
MOT17,MOT17-04-FRCNN,151,34,19.01608371734619,7.034601279976298,0.09457601222307105
MOT17,MOT17-04-FRCNN,161,35,19.940105438232422,7.025944215113257,-0.15742296918767507
MOT17,MOT17-04-FRCNN,171,36,20.01571750640869,6.855523527810444,-0.07670527670527671
MOT17,MOT17-04-FRCNN,181,36,20.7679386138916,6.968156192585508,-0.11402831402831404
MOT17,MOT17-04-FRCNN,191,35,18.027957916259766,7.266380721766433,-0.19327731092436976
MOT17,MOT17-04-FRCNN,201,36,19.568208694458008,6.774391092769817,-0.14980694980694978
MOT17,MOT17-04-FRCNN,211,37,21.79067039489746,7.078497728486533,-0.20957799905168323
MOT17,MOT17-04-FRCNN,221,37,21.7635498046875,7.099211123584478,-0.2882882882882883
MOT17,MOT17-04-FRCNN,231,34,21.412967681884766,7.368671261626697,-0.18563789152024446
MOT17,MOT17-04-FRCNN,241,35,22.04155921936035,7.848498149345069,-0.29103641456582635
MOT17,MOT17-04-FRCNN,251,35,21.839609146118164,6.572431527633476,-0.36414565826330536
MOT17,MOT17-04-FRCNN,261,36,21.800572395324707,6.484332878867085,-0.37915057915057915
MOT17,MOT17-04-FRCNN,271,36,22.30265522003174,6.709506833021378,-0.4141570141570142
MOT17,MOT17-04-FRCNN,281,36,23.31101894378662,7.039018977853696,-0.346975546975547
MOT17,MOT17-04-FRCNN,291,35,22.091819763183594,6.283232116410087,-0.40420168067226886
MOT17,MOT17-04-FRCNN,301,35,22.331804275512695,6.870950955054527,-0.588515406162465
MOT17,MOT17-04-FRCNN,311,35,23.008935928344727,6.259555117099013,-0.319327731092437
MOT17,MOT17-04-FRCNN,321,36,22.596972465515137,6.377687519449909,-0.520978120978121
MOT17,MOT17-04-FRCNN,331,37,23.003217697143555,6.1601852424454,-0.4229492650545281
MOT17,MOT17-04-FRCNN,341,39,23.13448143005371,5.5970195125185285,-0.519838056680162
MOT17,MOT17-04-FRCNN,351,38,23.244115829467773,5.279142616019136,-0.1964109858846701
MOT17,MOT17-04-FRCNN,361,37,22.918216705322266,5.493048430553375,-0.4464201043148411
MOT17,MOT17-04-FRCNN,371,37,23.995494842529297,5.60290618499738,-0.36652441915599804
MOT17,MOT17-04-FRCNN,381,36,23.435540199279785,6.273342042206072,-0.42368082368082366
MOT17,MOT17-04-FRCNN,391,37,23.950754165649414,6.537358256242579,-0.45542911332385017
MOT17,MOT17-04-FRCNN,401,35,23.12127113342285,6.112383317308153,-0.561624649859944
MOT17,MOT17-04-FRCNN,411,36,23.197507858276367,5.890310993123387,-0.4391248391248392
MOT17,MOT17-04-FRCNN,421,35,23.54871368408203,6.131790215776587,-0.26638655462184874
MOT17,MOT17-04-FRCNN,431,37,21.705078125,6.3222424262433305,-0.3257467994310099
MOT17,MOT17-04-FRCNN,441,36,20.253798484802246,6.032758421978861,-0.47722007722007725
MOT17,MOT17-04-FRCNN,451,35,20.465206146240234,5.809164483444799,-0.5254901960784314
MOT17,MOT17-04-FRCNN,461,34,20.317712783813477,5.693157912416154,-0.4352941176470588
MOT17,MOT17-04-FRCNN,471,35,20.27167320251465,5.762504537064426,-0.3823529411764706
MOT17,MOT17-04-FRCNN,481,36,21.017909049987793,5.701193022753011,-0.3951093951093951
MOT17,MOT17-04-FRCNN,491,37,20.771512985229492,6.577043116289828,-0.41465149359886194
MOT17,MOT17-04-FRCNN,501,36,21.23406219482422,5.4810382504905695,-0.2460746460746461
MOT17,MOT17-04-FRCNN,511,35,21.429346084594727,5.540090820623778,-0.42240896358543417
MOT17,MOT17-04-FRCNN,521,35,21.63803482055664,5.432539842753298,-0.4257703081232493
MOT17,MOT17-04-FRCNN,531,36,21.222110748291016,5.4937634610291886,-0.5500643500643502
MOT17,MOT17-04-FRCNN,541,34,19.86393165588379,5.690047895955355,-0.5666921313980137
MOT17,MOT17-04-FRCNN,551,35,21.89061737060547,6.612046681520544,-0.5459383753501401
MOT17,MOT17-04-FRCNN,561,34,22.01173496246338,5.859884642450789,-0.4068754774637128
MOT17,MOT17-04-FRCNN,571,34,22.14179801940918,5.731265573196234,-0.6711993888464477
MOT17,MOT17-04-FRCNN,581,35,22.06966781616211,5.541315910542286,-0.5952380952380952
MOT17,MOT17-04-FRCNN,591,37,21.169965744018555,5.658210571283271,-0.5391180654338549
MOT17,MOT17-04-FRCNN,601,34,21.50088882446289,6.165618036359988,-0.5083269671504965
MOT17,MOT17-04-FRCNN,611,35,23.12010955810547,6.123730268243473,-0.3582633053221289
MOT17,MOT17-04-FRCNN,621,34,22.547184944152832,6.7123132887801695,-0.43071046600458357
MOT17,MOT17-04-FRCNN,631,34,22.687747955322266,6.29366333899486,-0.5642475171886936
MOT17,MOT17-04-FRCNN,641,32,21.532672882080078,6.464253987714808,-0.44134897360703806
MOT17,MOT17-04-FRCNN,651,31,22.23258399963379,6.783589775424816,-0.3907258064516129
MOT17,MOT17-04-FRCNN,661,32,21.478693962097168,6.742840944559677,-0.4241202346041055
MOT17,MOT17-04-FRCNN,671,29,20.71598243713379,7.094189506644668,-0.52807881773399
MOT17,MOT17-04-FRCNN,681,28,21.13573169708252,6.744738466969541,-0.33388067870826493
MOT17,MOT17-04-FRCNN,691,29,21.811792373657227,6.928309898167809,-0.39014778325123145
MOT17,MOT17-04-FRCNN,701,30,22.557443618774414,6.962189040436609,-0.3503893214682981
MOT17,MOT17-04-FRCNN,711,30,21.186279296875,6.374914431588942,-0.35172413793103446
MOT17,MOT17-04-FRCNN,721,30,22.21835994720459,6.1801724162766165,-0.421579532814238
MOT17,MOT17-04-FRCNN,731,29,22.732179641723633,6.364842655749192,-0.5926108374384236
MOT17,MOT17-04-FRCNN,741,28,21.983118057250977,6.367320991787991,-0.3021346469622332
MOT17,MOT17-04-FRCNN,751,27,20.139314651489258,5.85321614846135,-0.6434676434676434
MOT17,MOT17-04-FRCNN,761,27,20.665552139282227,5.980652190757912,-0.43956043956043955
MOT17,MOT17-04-FRCNN,771,27,20.70474624633789,5.849250823865261,-0.6648351648351648
MOT17,MOT17-04-FRCNN,781,29,21.623249053955078,6.751923503443032,-0.41280788177339894
MOT17,MOT17-04-FRCNN,791,31,22.155656814575195,6.434552056715787,-0.5028225806451613
MOT17,MOT17-04-FRCNN,801,33,23.50421142578125,6.84080064688277,-0.2947860962566845
MOT17,MOT17-04-FRCNN,811,31,23.443479537963867,6.2982226917337965,-0.28830645161290325
MOT17,MOT17-04-FRCNN,821,31,22.869653701782227,6.574673226170846,-0.3685483870967742
MOT17,MOT17-04-FRCNN,831,31,23.215295791625977,6.825374887436582,-0.23991935483870971
MOT17,MOT17-04-FRCNN,841,34,23.074162483215332,6.831478710738674,-0.24644766997708176
MOT17,MOT17-04-FRCNN,851,34,23.261691093444824,7.078098225798101,-0.26386554621848735
MOT17,MOT17-04-FRCNN,861,35,23.023012161254883,7.887699575744487,-0.2759103641456583
MOT17,MOT17-04-FRCNN,871,37,22.0842342376709,7.070794049941984,-0.33522996680891415
MOT17,MOT17-04-FRCNN,881,37,22.7380428314209,7.33745535838478,-0.4611190137505926
MOT17,MOT17-04-FRCNN,891,36,22.4815616607666,6.559156641064375,-0.23963963963963963
MOT17,MOT17-04-FRCNN,901,35,23.08894157409668,6.421878310397666,-0.2551820728291317
MOT17,MOT17-04-FRCNN,911,34,22.42930507659912,6.344864775214535,-0.062490450725744835
MOT17,MOT17-04-FRCNN,921,34,23.242050170898438,6.473472052099841,-0.15630252100840336
MOT17,MOT17-04-FRCNN,931,36,22.8394718170166,6.360035884198679,-0.2398970398970399
MOT17,MOT17-04-FRCNN,941,37,22.693824768066406,6.36456754346953,-0.08368895211000474
MOT17,MOT17-04-FRCNN,951,39,22.746658325195312,6.5558268319845645,-0.06376518218623482
MOT17,MOT17-04-FRCNN,961,38,22.608534812927246,6.949548769407353,0.013458802932487144
MOT17,MOT17-04-FRCNN,971,38,22.822965621948242,6.854591789867643,-0.07911150016413174
MOT17,MOT17-04-FRCNN,981,36,22.63507843017578,5.980734914325949,-0.146975546975547
MOT17,MOT17-04-FRCNN,991,38,22.85745906829834,5.986801940119079,-0.11171900645584856
MOT17,MOT17-04-FRCNN,1001,41,22.982473373413086,6.103443977516789,-0.19843205574912898
MOT17,MOT17-04-FRCNN,1011,40,22.372753143310547,6.184978794379134,-0.32120075046904323
MOT17,MOT17-04-FRCNN,1021,40,21.94465732574463,5.883956130714319,-0.34840525328330213
MOT17,MOT17-04-FRCNN,1031,42,21.5424222946167,6.727214685117474,-0.4217648488777247
MOT17,MOT17-04-FRCNN,1041,41,23.611995697021484,6.329973454014713,-0.3604529616724739
MOT17,MOT17-05-FRCNN,11,8,34.28144836425781,4.469234555306442,-0.19047619047619052
MOT17,MOT17-05-FRCNN,21,4,19.919682502746582,3.02161670367216,1.0
MOT17,MOT17-05-FRCNN,101,5,8.47763729095459,5.882593907317566,0.19999999999999998
MOT17,MOT17-05-FRCNN,111,5,8.539834022521973,5.68220079399152,-0.8660254037844386
MOT17,MOT17-05-FRCNN,141,4,7.443122863769531,9.027110833877783,-0.39999999999999997
MOT17,MOT17-05-FRCNN,161,6,25.328333377838135,8.103755759149479,-0.3714285714285715
MOT17,MOT17-05-FRCNN,181,7,25.390003204345703,8.549804540770907,-0.5357142857142858
MOT17,MOT17-05-FRCNN,191,9,7.950838565826416,8.341599563476315,-0.34655164004183603
MOT17,MOT17-05-FRCNN,201,6,30.13906478881836,8.31870123236758,0.2
MOT17,MOT17-05-FRCNN,211,5,8.783790588378906,7.400572904835491,-0.49999999999999994
MOT17,MOT17-05-FRCNN,221,6,18.813908100128174,7.744828351262692,-0.6
MOT17,MOT17-05-FRCNN,231,7,25.05525779724121,7.112039159655585,-0.5357142857142858
MOT17,MOT17-05-FRCNN,251,6,20.495673179626465,6.094927105868316,0.3142857142857143
MOT17,MOT17-05-FRCNN,261,5,13.029142379760742,2.788992108420858,0.7
MOT17,MOT17-05-FRCNN,271,4,13.863005876541138,4.362437622249531,0.39999999999999997
MOT17,MOT17-05-FRCNN,281,6,11.581728458404541,4.022380061549537,-0.7142857142857143
MOT17,MOT17-05-FRCNN,291,5,8.52882194519043,2.396654605887552,-0.49999999999999994
MOT17,MOT17-05-FRCNN,301,5,6.657018661499023,3.4846072455688915,-0.8999999999999998
MOT17,MOT17-05-FRCNN,311,8,17.328930854797363,3.9546061856524357,0.04761904761904763
MOT17,MOT17-05-FRCNN,321,5,15.246356964111328,2.719888855648639,-0.09999999999999999
MOT17,MOT17-05-FRCNN,331,5,13.1680326461792,3.5573571176678502,0.3
MOT17,MOT17-05-FRCNN,341,7,15.186659812927246,6.498827659750906,-0.1785714285714286
MOT17,MOT17-05-FRCNN,351,5,19.096948623657227,4.250010676309671,0.8999999999999998
MOT17,MOT17-05-FRCNN,361,5,12.129900932312012,3.663016667680811,0.6
MOT17,MOT17-05-FRCNN,371,4,15.347643375396729,3.1606516086966963,1.0
MOT17,MOT17-05-FRCNN,381,10,23.75106906890869,5.4775158982371215,-0.3939393939393939
MOT17,MOT17-05-FRCNN,391,9,26.691911697387695,5.970094521529067,-0.6666666666666667
MOT17,MOT17-05-FRCNN,401,6,22.923781394958496,7.214062992793582,0.2571428571428572
MOT17,MOT17-05-FRCNN,411,4,24.076913833618164,1.6830796813950861,-1.0
MOT17,MOT17-05-FRCNN,421,4,18.907750129699707,4.267098026437954,0.39999999999999997
MOT17,MOT17-05-FRCNN,431,5,21.88928985595703,5.1554431157606,-0.49999999999999994
MOT17,MOT17-05-FRCNN,451,9,15.083572387695312,6.669287384886061,-0.3666666666666667
MOT17,MOT17-05-FRCNN,461,6,9.273804664611816,4.432646692240082,-0.2571428571428572
MOT17,MOT17-05-FRCNN,471,5,9.412160873413086,2.5100461026466165,-0.09999999999999999
MOT17,MOT17-05-FRCNN,481,4,8.876538753509521,1.5953365457636783,-0.39999999999999997
MOT17,MOT17-05-FRCNN,491,4,7.050452947616577,1.5765911431929909,-0.39999999999999997
MOT17,MOT17-05-FRCNN,501,4,9.111895084381104,2.6955134876990114,1.0
MOT17,MOT17-05-FRCNN,511,4,7.163771867752075,1.719213806303136,-0.7999999999999999
MOT17,MOT17-05-FRCNN,531,5,8.361583709716797,2.897328649873456,-0.7
MOT17,MOT17-05-FRCNN,541,5,9.282752990722656,3.391271902639739,-0.7
MOT17,MOT17-05-FRCNN,551,5,11.540241241455078,3.149277131745271,0.6
MOT17,MOT17-05-FRCNN,561,5,8.456148147583008,2.214410465254092,-0.6
MOT17,MOT17-05-FRCNN,571,4,8.058232069015503,1.5839634707845212,0.7999999999999999
MOT17,MOT17-05-FRCNN,621,4,7.881873607635498,1.9879604036118952,0.7999999999999999
MOT17,MOT17-05-FRCNN,631,5,10.99407958984375,3.124301654442086,0.09999999999999999
MOT17,MOT17-05-FRCNN,641,4,9.396552324295044,2.391254389789162,0.19999999999999998
MOT17,MOT17-05-FRCNN,651,4,9.750538349151611,2.430187462471777,0.7999999999999999
MOT17,MOT17-05-FRCNN,661,4,10.057359218597412,2.646450458061194,0.39999999999999997
MOT17,MOT17-05-FRCNN,671,6,11.137200832366943,2.7034181223067986,0.2571428571428572
MOT17,MOT17-05-FRCNN,681,6,10.716639041900635,3.747547286329265,0.14285714285714288
MOT17,MOT17-05-FRCNN,691,6,13.563852787017822,3.0867606059599133,0.2571428571428572
MOT17,MOT17-05-FRCNN,701,5,10.715923309326172,3.139717786496104,0.09999999999999999
MOT17,MOT17-05-FRCNN,711,4,7.9513936042785645,1.7757268911042998,0.19999999999999998
MOT17,MOT17-05-FRCNN,721,5,9.852775573730469,2.0545844143170937,0.7
MOT17,MOT17-05-FRCNN,731,7,19.39267921447754,7.610945672520385,-0.21428571428571433
MOT17,MOT17-05-FRCNN,741,7,14.348600387573242,5.042332572479939,0.25
MOT17,MOT17-05-FRCNN,751,7,9.477197647094727,2.3344575602172353,-0.42857142857142866
MOT17,MOT17-05-FRCNN,761,6,9.627578258514404,5.598156842559681,-0.2
MOT17,MOT17-05-FRCNN,771,7,19.704647064208984,5.882142190027722,0.642857142857143
MOT17,MOT17-05-FRCNN,781,8,14.985724449157715,5.55875470577742,-0.4285714285714286
MOT17,MOT17-05-FRCNN,791,6,10.262991905212402,4.942263386043985,0.48571428571428577
MOT17,MOT17-05-FRCNN,801,10,21.820874214172363,5.811942410154373,-0.06666666666666665
MOT17,MOT17-05-FRCNN,811,7,19.35136604309082,3.7759224963908182,-0.14285714285714288
MOT17,MOT17-05-FRCNN,821,9,18.83510398864746,4.234155590750454,-0.5333333333333333
MOT17,MOT17-05-FRCNN,831,9,16.093252182006836,4.765149348674138,-0.5499999999999999
MOT17,MOT17-09-FRCNN,11,6,19.885964393615723,2.595356221544728,0.08571428571428573
MOT17,MOT17-09-FRCNN,21,6,20.471764087677002,2.615512494926909,-0.5428571428571429
MOT17,MOT17-09-FRCNN,31,5,14.245185852050781,2.5189695568272286,-0.8999999999999998
MOT17,MOT17-09-FRCNN,41,5,13.374475479125977,2.246028725422852,-0.7
MOT17,MOT17-09-FRCNN,51,6,17.25647211074829,2.0858184619860736,-0.028571428571428574
MOT17,MOT17-09-FRCNN,61,6,17.92418098449707,2.161933494796649,-0.7714285714285715
MOT17,MOT17-09-FRCNN,71,7,22.98452377319336,2.3387629359689104,-0.3214285714285715
MOT17,MOT17-09-FRCNN,81,7,23.158525466918945,2.387238012632959,-0.39285714285714296
MOT17,MOT17-09-FRCNN,91,7,22.778898239135742,2.507876415949041,-0.4642857142857144
MOT17,MOT17-09-FRCNN,101,6,19.398268699645996,2.724692961801478,-0.7142857142857143
MOT17,MOT17-09-FRCNN,111,5,18.897239685058594,2.647304070398253,0.6
MOT17,MOT17-09-FRCNN,121,4,15.501239776611328,2.634498960833065,-0.7999999999999999
MOT17,MOT17-09-FRCNN,131,4,14.645479202270508,2.706502363311884,0.6000000000000001
MOT17,MOT17-09-FRCNN,141,5,10.327231407165527,2.8268088736219834,0.09999999999999999
MOT17,MOT17-09-FRCNN,151,5,10.25499439239502,3.0824270962124407,0.49999999999999994
MOT17,MOT17-09-FRCNN,161,6,11.521774768829346,3.8943447532718896,-0.08571428571428573
MOT17,MOT17-09-FRCNN,171,6,12.817034244537354,3.9420936478607373,-0.942857142857143
MOT17,MOT17-09-FRCNN,181,5,23.254655838012695,4.216578917003115,-0.9999999999999999
MOT17,MOT17-09-FRCNN,191,7,22.474048614501953,4.7369681667625825,-0.39285714285714296
MOT17,MOT17-09-FRCNN,201,7,22.35556983947754,4.102376761173817,-0.7500000000000002
MOT17,MOT17-09-FRCNN,211,7,20.768903732299805,5.243086060511398,-0.8214285714285715
MOT17,MOT17-09-FRCNN,221,9,17.1144962310791,3.366350740476728,-0.5499999999999999
MOT17,MOT17-09-FRCNN,231,10,17.39747142791748,3.619790006885758,0.29696969696969694
MOT17,MOT17-09-FRCNN,241,10,17.978358268737793,2.8970279970473922,-0.35757575757575755
MOT17,MOT17-09-FRCNN,251,9,18.043983459472656,2.83359657324697,-0.15
MOT17,MOT17-09-FRCNN,261,8,18.690288543701172,2.381101550156444,-0.28571428571428575
MOT17,MOT17-09-FRCNN,271,8,18.197917938232422,2.2977925855930668,-0.3333333333333334
MOT17,MOT17-09-FRCNN,281,7,16.63315200805664,2.299418942675153,-0.642857142857143
MOT17,MOT17-09-FRCNN,291,6,18.582387924194336,2.4761937865210815,0.028571428571428574
MOT17,MOT17-09-FRCNN,301,8,19.437764167785645,2.2437772013100967,-0.261904761904762
MOT17,MOT17-09-FRCNN,311,7,17.616270065307617,2.338072591244458,-0.3571428571428572
MOT17,MOT17-09-FRCNN,321,7,19.232202529907227,2.269082364827364,-0.6071428571428572
MOT17,MOT17-09-FRCNN,331,8,18.636801719665527,2.1250333590124852,0.07142857142857144
MOT17,MOT17-09-FRCNN,341,6,19.234448432922363,1.4974084334134585,-0.48571428571428577
MOT17,MOT17-09-FRCNN,351,7,18.223182678222656,1.541443568991307,-0.3571428571428572
MOT17,MOT17-09-FRCNN,361,7,19.281408309936523,1.7632089237259714,-0.4642857142857144
MOT17,MOT17-09-FRCNN,371,8,19.332624435424805,2.783938427923025,0.09523809523809526
MOT17,MOT17-09-FRCNN,381,8,18.342418670654297,2.62568178621779,-0.523809523809524
MOT17,MOT17-09-FRCNN,391,8,22.51796817779541,2.747386080904558,-0.7619047619047621
MOT17,MOT17-09-FRCNN,401,6,22.856886863708496,2.586480120650519,-0.2571428571428572
MOT17,MOT17-09-FRCNN,411,6,25.514945030212402,2.9172224147858348,-0.48571428571428577
MOT17,MOT17-09-FRCNN,421,6,23.772414207458496,2.864044562580708,-0.7714285714285715
MOT17,MOT17-09-FRCNN,431,7,25.149639129638672,3.4332465330540156,-0.42857142857142866
MOT17,MOT17-09-FRCNN,441,9,24.79721450805664,3.9779794582636137,-0.6166666666666666
MOT17,MOT17-09-FRCNN,451,6,20.684131622314453,3.78835987502603,-0.48571428571428577
MOT17,MOT17-09-FRCNN,461,6,22.564969062805176,4.495761160694812,-0.2571428571428572
MOT17,MOT17-09-FRCNN,471,7,23.451425552368164,2.63966534023219,0.5357142857142858
MOT17,MOT17-09-FRCNN,481,7,24.703920364379883,2.642184428019738,-0.1785714285714286
MOT17,MOT17-09-FRCNN,491,7,24.176271438598633,3.4337756107293838,-0.5714285714285715
MOT17,MOT17-09-FRCNN,501,8,28.384754180908203,3.5804725026562116,-0.4523809523809524
MOT17,MOT17-09-FRCNN,511,7,26.109432220458984,3.1310856627254395,0.14285714285714288
MOT17,MOT17-09-FRCNN,521,7,27.220008850097656,2.751466583016934,0.5714285714285715
MOT17,MOT17-10-FRCNN,11,17,34.58428192138672,3.745725247715449,-0.25490196078431376
MOT17,MOT17-10-FRCNN,21,16,34.564863204956055,3.613788319123892,0.4147058823529412
MOT17,MOT17-10-FRCNN,31,17,32.969085693359375,4.390966345078074,-0.04166666666666667
MOT17,MOT17-10-FRCNN,41,15,35.219600677490234,4.98617021924347,-0.10714285714285714
MOT17,MOT17-10-FRCNN,51,17,36.17692184448242,4.634879607638749,-0.16176470588235298
MOT17,MOT17-10-FRCNN,61,14,36.1640567779541,5.314796501649403,-0.12967032967032965
MOT17,MOT17-10-FRCNN,71,11,35.41004943847656,5.871077913815096,-0.41818181818181827
MOT17,MOT17-10-FRCNN,81,12,31.142837524414062,7.6164069869978,-0.8531468531468532
MOT17,MOT17-10-FRCNN,91,10,30.35963726043701,8.757005655165713,-0.43030303030303024
MOT17,MOT17-10-FRCNN,101,12,36.253440856933594,7.059513986506913,-0.14685314685314685
MOT17,MOT17-10-FRCNN,111,11,34.86164855957031,7.795352889806313,-0.5272727272727273
MOT17,MOT17-10-FRCNN,121,12,31.975421905517578,6.94599057405694,0.2657342657342658
MOT17,MOT17-10-FRCNN,131,13,34.122039794921875,8.004036525108733,-0.2912087912087912
MOT17,MOT17-10-FRCNN,141,13,33.87044906616211,7.882689981172343,-0.510989010989011
MOT17,MOT17-10-FRCNN,151,15,39.206092834472656,8.27065705216268,-0.6678571428571428
MOT17,MOT17-10-FRCNN,161,16,30.31531810760498,8.433967725464253,-0.3588235294117647
MOT17,MOT17-10-FRCNN,171,16,35.983028411865234,8.539235230185946,-0.25588235294117645
MOT17,MOT17-10-FRCNN,181,18,39.09095764160156,8.35814538941972,-0.12280701754385966
MOT17,MOT17-10-FRCNN,191,16,37.859601974487305,9.034047636722939,-0.7029411764705883
MOT17,MOT17-10-FRCNN,201,15,36.88826370239258,6.448650641260772,0.18214285714285713
MOT17,MOT17-10-FRCNN,211,14,36.12906265258789,7.431476752205456,-0.42857142857142855
MOT17,MOT17-10-FRCNN,221,17,37.68798065185547,8.504939682293324,-0.5294117647058825
MOT17,MOT17-10-FRCNN,231,17,35.3585319519043,6.862280760713927,-0.627450980392157
MOT17,MOT17-10-FRCNN,241,18,36.25674057006836,7.38798240905266,-0.2260061919504644
MOT17,MOT17-10-FRCNN,251,16,37.31844902038574,8.86013827902453,-0.5764705882352941
MOT17,MOT17-10-FRCNN,261,18,40.492122650146484,12.333413367012401,-0.500515995872033
MOT17,MOT17-10-FRCNN,271,19,35.385032653808594,11.870364946889461,-0.3543859649122807
MOT17,MOT17-10-FRCNN,281,20,38.110103607177734,11.667791969271567,-0.0631578947368421
MOT17,MOT17-10-FRCNN,291,21,39.10043716430664,11.994096246988818,-0.3311688311688311
MOT17,MOT17-10-FRCNN,301,20,35.25605392456055,11.78773969080984,-0.437593984962406
MOT17,MOT17-10-FRCNN,311,20,38.2908878326416,11.494084124602226,-0.43458646616541347
MOT17,MOT17-10-FRCNN,321,18,37.66913604736328,13.0006841652668,-0.5789473684210527
MOT17,MOT17-10-FRCNN,331,17,35.759376525878906,12.930492323869645,0.17647058823529413
MOT17,MOT17-10-FRCNN,341,16,33.37610721588135,12.417751651756815,-0.5911764705882353
MOT17,MOT17-10-FRCNN,351,11,33.01731872558594,12.758353801877634,0.03636363636363637
MOT17,MOT17-10-FRCNN,361,14,33.41632080078125,12.509124180872606,-0.14285714285714285
MOT17,MOT17-10-FRCNN,371,14,32.77994155883789,12.18979512390151,-0.21318681318681318
MOT17,MOT17-10-FRCNN,381,13,37.391361236572266,5.178430611840557,-0.07142857142857142
MOT17,MOT17-10-FRCNN,391,14,34.07191848754883,6.653240279667183,-0.2571428571428571
MOT17,MOT17-10-FRCNN,401,13,35.997806549072266,7.7252229220808175,-0.2747252747252747
MOT17,MOT17-10-FRCNN,411,14,34.63141441345215,4.5783670100413945,-0.5340659340659341
MOT17,MOT17-10-FRCNN,421,14,41.702571868896484,4.561098852561593,-0.5120879120879122
MOT17,MOT17-10-FRCNN,431,15,32.19981002807617,5.234875286897628,0.049999999999999996
MOT17,MOT17-10-FRCNN,441,14,40.79637145996094,5.391340252494662,-0.3538461538461538
MOT17,MOT17-10-FRCNN,451,12,34.1527214050293,5.739529614325702,-0.2027972027972028
MOT17,MOT17-10-FRCNN,461,14,44.76189613342285,6.08387579270234,-0.45054945054945056
MOT17,MOT17-10-FRCNN,471,16,45.302825927734375,6.187984830829458,-0.26176470588235295
MOT17,MOT17-10-FRCNN,481,11,44.626407623291016,6.8189472428254785,-0.4000000000000001
MOT17,MOT17-10-FRCNN,491,13,52.3337287902832,7.327361563843236,-0.1043956043956044
MOT17,MOT17-10-FRCNN,501,13,45.34626770019531,8.405253709228543,-0.5934065934065934
MOT17,MOT17-10-FRCNN,511,12,52.870195388793945,9.827217007254104,-0.1958041958041958
MOT17,MOT17-10-FRCNN,521,14,40.140933990478516,11.25897820574912,-0.18681318681318684
MOT17,MOT17-10-FRCNN,531,11,35.89723205566406,5.520980679446321,-0.44545454545454555
MOT17,MOT17-10-FRCNN,541,15,48.70970153808594,5.782078644811902,-0.4535714285714285
MOT17,MOT17-10-FRCNN,551,18,54.65315628051758,6.163716991406343,-0.2714138286893705
MOT17,MOT17-10-FRCNN,561,19,51.30793762207031,6.78654773626758,0.08596491228070174
MOT17,MOT17-10-FRCNN,571,20,46.91050720214844,7.778990807680574,-0.38646616541353385
MOT17,MOT17-10-FRCNN,581,19,45.1681022644043,8.022280298767269,-0.1087719298245614
MOT17,MOT17-10-FRCNN,591,18,60.441078186035156,8.789117487695133,-0.6470588235294118
MOT17,MOT17-10-FRCNN,601,18,62.43269348144531,10.761864871948498,-0.44272445820433437
MOT17,MOT17-10-FRCNN,611,16,63.44858741760254,10.190847833955875,-0.888235294117647
MOT17,MOT17-10-FRCNN,621,15,64.57212829589844,2.6426893593384286,-0.4892857142857142
MOT17,MOT17-10-FRCNN,631,15,62.1304817199707,2.595453965896999,-0.28571428571428564
MOT17,MOT17-10-FRCNN,641,13,56.810245513916016,2.971059735052139,-0.23626373626373626
MOT17,MOT17-10-FRCNN,651,13,60.8747673034668,3.2378285134518685,-0.6758241758241759
MOT17,MOT17-11-FRCNN,11,14,14.450932502746582,9.754586814000785,-0.2087912087912088
MOT17,MOT17-11-FRCNN,21,12,13.642839908599854,5.472327936889541,0.35664335664335667
MOT17,MOT17-11-FRCNN,31,11,11.894726753234863,5.059947774691561,-0.07272727272727274
MOT17,MOT17-11-FRCNN,41,12,11.388739109039307,5.944505880822106,0.1188811188811189
MOT17,MOT17-11-FRCNN,51,11,9.775912284851074,5.646340949947978,0.06363636363636364
MOT17,MOT17-11-FRCNN,61,10,8.348402976989746,5.117599895760119,-0.07878787878787878
MOT17,MOT17-11-FRCNN,71,10,10.100739479064941,4.819099869763842,-0.5393939393939393
MOT17,MOT17-11-FRCNN,81,10,11.243845462799072,6.023553841020993,-0.24848484848484845
MOT17,MOT17-11-FRCNN,91,12,11.057427883148193,5.510453132047592,-0.0979020979020979
MOT17,MOT17-11-FRCNN,101,11,12.997343063354492,6.651034105796732,-0.018181818181818184
MOT17,MOT17-11-FRCNN,111,11,13.889211654663086,4.269382381583512,-0.09090909090909091
MOT17,MOT17-11-FRCNN,121,10,14.21357250213623,4.512645795416983,-0.19999999999999998
MOT17,MOT17-11-FRCNN,131,8,12.976450443267822,4.044688985284603,-0.1666666666666667
MOT17,MOT17-11-FRCNN,141,8,11.81788444519043,4.096094332033518,-0.261904761904762
MOT17,MOT17-11-FRCNN,151,9,12.428279876708984,4.626483454258064,-0.15
MOT17,MOT17-11-FRCNN,161,8,10.801801681518555,4.0988925138908145,0.11904761904761905
MOT17,MOT17-11-FRCNN,171,9,11.674452781677246,4.519131421956419,-0.41666666666666663
MOT17,MOT17-11-FRCNN,181,9,11.046838760375977,4.367783879908289,-0.6833333333333333
MOT17,MOT17-11-FRCNN,191,6,15.265912055969238,4.264834423482427,0.14285714285714288
MOT17,MOT17-11-FRCNN,201,6,14.068488597869873,4.473005596967999,-0.08571428571428573
MOT17,MOT17-11-FRCNN,211,8,14.264053344726562,7.06300389505088,0.19047619047619052
MOT17,MOT17-11-FRCNN,221,8,12.517233848571777,4.736761065840487,-0.2380952380952381
MOT17,MOT17-11-FRCNN,231,9,11.100587844848633,4.667673599627247,-0.11666666666666665
MOT17,MOT17-11-FRCNN,241,9,9.249415397644043,4.354481516613204,0.15
MOT17,MOT17-11-FRCNN,251,9,9.177299499511719,3.0618284146068637,0.11666666666666665
MOT17,MOT17-11-FRCNN,261,11,9.280264854431152,6.445115043137123,0.16363636363636366
MOT17,MOT17-11-FRCNN,271,9,12.026590347290039,4.000149051279349,-0.65
MOT17,MOT17-11-FRCNN,281,8,10.838869571685791,5.7347854080326455,-0.5714285714285715
MOT17,MOT17-11-FRCNN,291,9,11.731616973876953,6.764869279886904,-0.41666666666666663
MOT17,MOT17-11-FRCNN,301,9,12.14190673828125,6.918952215126696,0.19999999999999998
MOT17,MOT17-11-FRCNN,311,8,11.936236381530762,7.566127424477033,-0.8095238095238096
MOT17,MOT17-11-FRCNN,321,6,15.648753643035889,7.2190130905104,-0.6
MOT17,MOT17-11-FRCNN,331,6,21.169410705566406,7.164007104916135,-0.8285714285714287
MOT17,MOT17-11-FRCNN,341,6,15.194854736328125,5.819333129290909,-0.028571428571428574
MOT17,MOT17-11-FRCNN,351,6,18.496854782104492,4.124872823764678,0.14285714285714288
MOT17,MOT17-11-FRCNN,361,6,17.21985912322998,4.935743034971731,0.028571428571428574
MOT17,MOT17-11-FRCNN,371,6,15.891894817352295,4.647247845761178,-0.6
MOT17,MOT17-11-FRCNN,381,7,12.757538795471191,4.422327869942484,0.03571428571428572
MOT17,MOT17-11-FRCNN,391,7,13.443293571472168,4.329266176933144,-0.642857142857143
MOT17,MOT17-11-FRCNN,401,7,13.668932914733887,4.767263231895205,-0.4642857142857144
MOT17,MOT17-11-FRCNN,411,8,15.008050441741943,4.389508553695793,-0.07142857142857144
MOT17,MOT17-11-FRCNN,421,8,15.406688213348389,5.5896968155814655,-0.5476190476190477
MOT17,MOT17-11-FRCNN,431,8,19.806777000427246,6.04253075884157,0.023809523809523815
MOT17,MOT17-11-FRCNN,441,9,27.642580032348633,7.056081992296776,-0.5
MOT17,MOT17-11-FRCNN,451,8,27.983357429504395,4.780218820356086,-0.8571428571428572
MOT17,MOT17-11-FRCNN,461,8,25.16268539428711,4.344860009342764,0.0
MOT17,MOT17-11-FRCNN,471,7,22.760469436645508,4.790152141972181,-0.5
MOT17,MOT17-11-FRCNN,481,6,18.955699920654297,4.142862967591198,0.3142857142857143
MOT17,MOT17-11-FRCNN,491,6,17.643385887145996,4.200318113559896,0.028571428571428574
MOT17,MOT17-11-FRCNN,501,6,16.551613807678223,3.8763812271435145,-0.6
MOT17,MOT17-11-FRCNN,511,6,14.027714729309082,3.6591820273488898,-0.3142857142857143
MOT17,MOT17-11-FRCNN,521,6,14.034440040588379,3.794835351288029,-0.14285714285714288
MOT17,MOT17-11-FRCNN,531,7,14.649544715881348,5.3000512405784415,0.42857142857142866
MOT17,MOT17-11-FRCNN,541,7,13.889132499694824,3.8634329051220764,0.7500000000000002
MOT17,MOT17-11-FRCNN,551,8,15.185959339141846,4.284393930267865,0.09523809523809526
MOT17,MOT17-11-FRCNN,561,7,14.664999008178711,4.499921537050995,-0.25
MOT17,MOT17-11-FRCNN,571,6,14.478947162628174,3.551420923167812,-0.028571428571428574
MOT17,MOT17-11-FRCNN,581,7,14.153215408325195,3.670576274891571,-0.42857142857142866
MOT17,MOT17-11-FRCNN,591,6,14.631381034851074,3.666370303015135,-0.8285714285714287
MOT17,MOT17-11-FRCNN,601,6,15.376815795898438,6.408315766216035,0.3714285714285715
MOT17,MOT17-11-FRCNN,611,8,15.366027355194092,6.513412015912345,0.07142857142857144
MOT17,MOT17-11-FRCNN,621,8,14.019340991973877,4.929032176412613,-0.6428571428571429
MOT17,MOT17-11-FRCNN,631,7,13.51814079284668,2.75355976264626,0.03571428571428572
MOT17,MOT17-11-FRCNN,641,8,13.621099948883057,5.163682327251998,0.09523809523809526
MOT17,MOT17-11-FRCNN,651,8,12.827815055847168,4.781995985822266,-0.04761904761904763
MOT17,MOT17-11-FRCNN,661,8,12.114593029022217,4.364636023540165,-0.14285714285714288
MOT17,MOT17-11-FRCNN,671,8,11.695282936096191,3.989557789338006,-0.5714285714285715
MOT17,MOT17-11-FRCNN,681,7,12.711620330810547,3.1187032174786533,-0.3571428571428572
MOT17,MOT17-11-FRCNN,691,5,12.47382640838623,3.4279785933876146,-0.9999999999999999
MOT17,MOT17-11-FRCNN,701,7,12.783149719238281,4.918767173577901,-0.642857142857143
MOT17,MOT17-11-FRCNN,711,5,12.794021606445312,5.753519551678169,-0.3
MOT17,MOT17-11-FRCNN,721,5,12.565423011779785,8.826872236740218,-0.19999999999999998
MOT17,MOT17-11-FRCNN,731,5,12.110811233520508,3.556681508878871,-0.6
MOT17,MOT17-11-FRCNN,741,5,16.911558151245117,4.198826827722663,-0.8999999999999998
MOT17,MOT17-11-FRCNN,751,4,21.11044692993164,3.16077126312499,0.19999999999999998
MOT17,MOT17-11-FRCNN,761,5,14.552753448486328,3.2453686792318184,-0.7
MOT17,MOT17-11-FRCNN,771,5,19.277238845825195,3.144477470462234,-0.09999999999999999
MOT17,MOT17-11-FRCNN,781,7,18.5516414642334,3.273321481172035,-0.5357142857142858
MOT17,MOT17-11-FRCNN,791,6,16.887761116027832,3.4231274002467162,0.2
MOT17,MOT17-11-FRCNN,801,6,13.802188396453857,3.1010721014565816,0.2571428571428572
MOT17,MOT17-11-FRCNN,811,8,11.584335327148438,3.8236053738718736,-0.3571428571428572
MOT17,MOT17-11-FRCNN,821,8,11.868782997131348,5.143562911037842,0.261904761904762
MOT17,MOT17-11-FRCNN,831,7,10.64281177520752,5.241234701933745,0.42857142857142866
MOT17,MOT17-11-FRCNN,841,10,12.220234870910645,5.659678820946035,-0.4787878787878787
MOT17,MOT17-11-FRCNN,851,11,16.285531997680664,4.048264328598973,-0.5272727272727273
MOT17,MOT17-11-FRCNN,861,9,18.860647201538086,5.153965972952642,-0.8833333333333333
MOT17,MOT17-11-FRCNN,871,11,18.156274795532227,5.1022662576554625,-0.5818181818181819
MOT17,MOT17-11-FRCNN,881,15,19.016990661621094,10.500931978789826,-0.23928571428571427
MOT17,MOT17-11-FRCNN,891,13,19.65459632873535,4.044651220814694,0.049450549450549455
MOT17,MOT17-13-FRCNN,11,21,37.04082489013672,6.497393415411645,-0.5714285714285714
MOT17,MOT17-13-FRCNN,21,21,36.15481948852539,5.911224317194673,-0.15584415584415584
MOT17,MOT17-13-FRCNN,31,19,34.00666427612305,8.12132852578196,-0.2210526315789474
MOT17,MOT17-13-FRCNN,41,17,32.10224914550781,6.193675279876874,-0.06372549019607844
MOT17,MOT17-13-FRCNN,51,19,30.715538024902344,3.898961018387121,0.03333333333333333
MOT17,MOT17-13-FRCNN,61,21,30.86717987060547,4.282517211204943,-0.11688311688311687
MOT17,MOT17-13-FRCNN,71,22,44.3459358215332,4.421818449869918,0.18577075098814233
MOT17,MOT17-13-FRCNN,81,24,38.59861183166504,4.6802621938198845,0.10173913043478258
MOT17,MOT17-13-FRCNN,91,23,42.316551208496094,5.030393913922487,-0.07509881422924902
MOT17,MOT17-13-FRCNN,101,25,40.75481033325195,5.473297752914491,0.014615384615384615
MOT17,MOT17-13-FRCNN,111,28,41.391008377075195,6.068357768779776,-0.16803503010399565
MOT17,MOT17-13-FRCNN,121,25,40.4346809387207,7.505414537147113,-0.22615384615384618
MOT17,MOT17-13-FRCNN,131,24,40.05252456665039,8.140000905540028,-0.6278260869565216
MOT17,MOT17-13-FRCNN,141,26,39.84420585632324,9.390713300954479,-0.5063247863247863
MOT17,MOT17-13-FRCNN,151,19,39.51103591918945,3.81491211115618,-0.11754385964912278
MOT17,MOT17-13-FRCNN,161,17,37.45729446411133,3.6397515634738133,0.22303921568627455
MOT17,MOT17-13-FRCNN,171,15,38.32618713378906,3.0681958225958654,-0.4071428571428571
MOT17,MOT17-13-FRCNN,181,14,35.58454132080078,3.255757224451451,-0.4945054945054946
MOT17,MOT17-13-FRCNN,191,15,39.78891372680664,3.22404059791587,0.20357142857142854
MOT17,MOT17-13-FRCNN,201,16,37.69308662414551,3.23185744599314,0.1323529411764706
MOT17,MOT17-13-FRCNN,211,17,32.050376892089844,4.187590952918806,0.058823529411764705
MOT17,MOT17-13-FRCNN,221,16,28.211240768432617,4.142094095131154,-0.36764705882352944
MOT17,MOT17-13-FRCNN,231,16,29.226977348327637,4.852431652283619,0.15588235294117647
MOT17,MOT17-13-FRCNN,241,16,24.311176300048828,5.576910863389944,-0.31176470588235294
MOT17,MOT17-13-FRCNN,251,12,22.28762435913086,6.629289708166944,-0.30069930069930073
MOT17,MOT17-13-FRCNN,261,9,28.500093460083008,3.2499949653360845,-0.35
MOT17,MOT17-13-FRCNN,271,10,22.75715923309326,5.686581012649651,-0.6484848484848483
MOT17,MOT17-13-FRCNN,281,11,22.046812057495117,4.801932553544427,-0.41818181818181827
MOT17,MOT17-13-FRCNN,291,13,23.972116470336914,4.338633383835836,0.016483516483516484
MOT17,MOT17-13-FRCNN,301,15,25.15679931640625,5.552258534294203,0.2071428571428571
MOT17,MOT17-13-FRCNN,311,13,18.948911666870117,5.164152341437566,0.42857142857142855
MOT17,MOT17-13-FRCNN,321,18,18.931769371032715,6.184338903408913,-0.4757481940144479
MOT17,MOT17-13-FRCNN,331,16,18.083585739135742,3.822104694921337,0.06764705882352941
MOT17,MOT17-13-FRCNN,341,17,16.726457595825195,4.422711729595284,-0.02450980392156863
MOT17,MOT17-13-FRCNN,351,16,14.795677661895752,4.876706665893714,-0.24705882352941175
MOT17,MOT17-13-FRCNN,361,18,15.144399642944336,4.68678254429157,-0.5562435500515995
MOT17,MOT17-13-FRCNN,371,17,15.98230266571045,5.102446841772123,-0.41421568627450983
MOT17,MOT17-13-FRCNN,381,14,15.3771071434021,4.452981115245405,-0.2923076923076923
MOT17,MOT17-13-FRCNN,391,15,14.676538467407227,4.902174139437104,-0.47857142857142854
MOT17,MOT17-13-FRCNN,401,11,13.621846199035645,4.795742439295592,-0.05454545454545456
MOT17,MOT17-13-FRCNN,411,16,13.21551513671875,5.831742824472782,-0.2647058823529412
MOT17,MOT17-13-FRCNN,421,14,12.944624423980713,7.19657774026402,-0.2
MOT17,MOT17-13-FRCNN,431,15,12.215914726257324,7.335595423292737,-0.46071428571428563
MOT17,MOT17-13-FRCNN,441,13,13.761988639831543,7.706177035003727,-0.46153846153846156
MOT17,MOT17-13-FRCNN,451,12,16.03628158569336,5.710574518869569,-0.6853146853146854
MOT17,MOT17-13-FRCNN,461,10,19.2380952835083,4.231477931936176,-0.2727272727272727
MOT17,MOT17-13-FRCNN,471,5,9.51249885559082,2.5839005832738264,0.0
MOT17,MOT17-13-FRCNN,511,6,13.448261737823486,4.746316741908363,-0.942857142857143
MOT17,MOT17-13-FRCNN,521,5,11.12462329864502,3.7049667631102716,-0.49999999999999994
MOT17,MOT17-13-FRCNN,531,5,9.607366561889648,3.9976734133498204,-0.49999999999999994
MOT17,MOT17-13-FRCNN,541,6,14.420538425445557,4.798143205508762,0.2571428571428572
MOT17,MOT17-13-FRCNN,551,6,12.801880836486816,5.957249918471511,0.6571428571428573
MOT17,MOT17-13-FRCNN,561,5,26.398181915283203,5.882425994452097,-0.8999999999999998
MOT17,MOT17-13-FRCNN,571,6,17.470447063446045,9.78257369080213,-0.5428571428571429
MOT17,MOT17-13-FRCNN,581,6,19.95708703994751,10.404542392009697,-0.3714285714285715
MOT17,MOT17-13-FRCNN,591,5,21.85028839111328,4.949430817948321,-0.6
MOT17,MOT17-13-FRCNN,601,6,26.295597076416016,5.346532507954466,-0.2571428571428572
MOT17,MOT17-13-FRCNN,611,6,31.041146278381348,4.837026112126598,0.5428571428571429
MOT17,MOT17-13-FRCNN,621,6,32.372246742248535,3.238335590437049,0.2571428571428572
MOT17,MOT17-13-FRCNN,631,6,30.332791328430176,3.2403965735337183,-0.3714285714285715
MOT17,MOT17-13-FRCNN,641,4,39.91261386871338,3.606877184648804,0.7999999999999999
MOT17,MOT17-13-FRCNN,651,5,21.018571853637695,5.568634782225707,-0.19999999999999998
MOT17,MOT17-13-FRCNN,661,7,30.46820640563965,7.111246792837753,-0.5714285714285715
MOT17,MOT17-13-FRCNN,671,6,52.93852233886719,3.609112421013029,-0.028571428571428574
MOT17,MOT17-13-FRCNN,681,6,51.66365051269531,3.616713051432054,-0.7714285714285715
MOT17,MOT17-13-FRCNN,691,6,50.67738914489746,3.694636636599607,-0.6
MOT17,MOT17-13-FRCNN,701,6,48.14047431945801,3.7871976681852746,-0.48571428571428577
MOT17,MOT17-13-FRCNN,711,6,43.89276695251465,4.06184967130989,-0.8857142857142858
MOT17,MOT17-13-FRCNN,721,7,38.615509033203125,3.9761771487295072,-0.21428571428571433
MOT17,MOT17-13-FRCNN,731,7,34.9131965637207,4.5637540671683565,-0.7142857142857144
MOT17,MOT17-13-FRCNN,741,7,36.40272521972656,5.094700357912144,-0.14285714285714288
MOT20,MOT20-01,11,26,15.615592956542969,5.553390228381763,-0.558974358974359
MOT20,MOT20-01,21,28,14.591047286987305,5.228204346329712,-0.7389162561576355
MOT20,MOT20-01,31,24,14.22670602798462,4.45988191252662,-0.6817391304347826
MOT20,MOT20-01,41,25,14.737530708312988,3.182621709756247,-0.5923076923076923
MOT20,MOT20-01,51,25,13.8038911819458,2.8430730013054637,-0.36692307692307696
MOT20,MOT20-01,61,27,14.5599365234375,4.5696127557752675,-0.619047619047619
MOT20,MOT20-01,71,27,14.68667221069336,4.420229284266994,-0.5476190476190476
MOT20,MOT20-01,81,27,14.31466293334961,4.787766189657475,-0.37545787545787546
MOT20,MOT20-01,91,27,13.829636573791504,5.777454906614978,-0.3431013431013431
MOT20,MOT20-01,101,27,13.235186576843262,6.392887649226966,-0.15506715506715504
MOT20,MOT20-01,111,27,13.443339347839355,5.648342274467281,-0.19963369963369965
MOT20,MOT20-01,121,28,13.058003425598145,5.190407033376365,-0.21620142309797483
MOT20,MOT20-01,131,28,11.421760559082031,4.6544285283238525,-0.3223864258347017
MOT20,MOT20-01,141,25,11.908398628234863,4.292951489906763,-0.34076923076923077
MOT20,MOT20-01,151,29,10.60704231262207,5.008948122333435,-0.4561576354679802
MOT20,MOT20-01,161,29,11.430727005004883,4.821529744265287,-0.49261083743842354
MOT20,MOT20-01,171,29,11.37764835357666,5.125656039360259,-0.1689655172413793
MOT20,MOT20-01,181,30,11.2577805519104,4.580046995112452,-0.3797552836484983
MOT20,MOT20-01,191,31,11.23745346069336,5.810710828253994,-0.3056451612903226
MOT20,MOT20-01,201,31,11.184305191040039,5.451216046922807,-0.39274193548387104
MOT20,MOT20-01,211,34,11.431437492370605,5.298901786332313,-0.24430863254392665
MOT20,MOT20-01,221,32,12.272162914276123,5.513275308713325,-0.22177419354838707
MOT20,MOT20-01,231,31,11.180048942565918,5.655004009417218,-0.2435483870967742
MOT20,MOT20-01,241,32,13.215197086334229,6.021742805951429,-0.3174486803519061
MOT20,MOT20-01,251,31,12.61059284210205,5.2297406756037255,-0.11088709677419356
MOT20,MOT20-01,261,29,12.848616600036621,4.2302720641953835,-0.5630541871921182
MOT20,MOT20-01,271,29,13.036799430847168,4.7858702646529965,-0.2655172413793103
MOT20,MOT20-01,281,32,14.346533298492432,4.8260915963443916,-0.531524926686217
MOT20,MOT20-01,291,32,14.012641906738281,4.91809215098673,-0.5271260997067448
MOT20,MOT20-01,301,29,12.205448150634766,4.945462633966133,-0.5379310344827586
MOT20,MOT20-01,311,29,12.573746681213379,4.889135882333823,-0.40788177339901466
MOT20,MOT20-01,321,30,12.654106616973877,4.839479500998682,-0.4883203559510568
MOT20,MOT20-01,331,27,11.88782787322998,4.608776978787264,-0.572039072039072
MOT20,MOT20-01,341,26,12.188642501831055,4.904633283879899,-0.4516239316239316
MOT20,MOT20-01,351,25,13.397506713867188,4.118921140501997,-0.3123076923076923
MOT20,MOT20-01,361,25,13.613226890563965,4.949488233615483,-0.3776923076923077
MOT20,MOT20-01,371,26,13.936606884002686,4.789961538466833,-0.41743589743589743
MOT20,MOT20-01,381,28,14.179393768310547,4.646579693666235,-0.5862068965517241
MOT20,MOT20-01,391,27,13.714664459228516,5.221760799095944,-0.44017094017094016
MOT20,MOT20-01,401,30,13.605809211730957,4.466510552963432,-0.1586206896551724
MOT20,MOT20-01,411,24,14.286872863769531,4.071158552834847,-0.20347826086956516
MOT20,MOT20-01,421,24,13.58799934387207,4.305820309950678,-0.4843478260869564
MOT20,MOT20-02,11,23,24.742206573486328,6.911411053245111,-0.3616600790513834
MOT20,MOT20-02,21,24,24.291457176208496,10.775440297456223,-0.2121739130434782
MOT20,MOT20-02,31,24,23.2214412689209,9.709628502325746,-0.07217391304347825
MOT20,MOT20-02,41,22,23.022708892822266,8.028529610971393,-0.2749858836815359
MOT20,MOT20-02,51,23,23.547578811645508,8.273341685552614,-0.06818181818181818
MOT20,MOT20-02,61,24,23.62379264831543,7.723429040378905,-0.19304347826086957
MOT20,MOT20-02,71,30,22.794188499450684,7.683854204313306,0.064293659621802
MOT20,MOT20-02,81,29,24.213272094726562,7.914410938951771,-0.23004926108374377
MOT20,MOT20-02,91,31,23.346420288085938,8.003259900251573,-0.31370967741935485
MOT20,MOT20-02,101,29,22.23775863647461,8.98460257503434,-0.43842364532019695
MOT20,MOT20-02,111,25,20.706472396850586,8.49571968402888,-0.48307692307692307
MOT20,MOT20-02,121,26,20.87464141845703,8.65527136519542,-0.1569230769230769
MOT20,MOT20-02,131,26,21.601533889770508,3.4727736546990684,-0.5042735042735041
MOT20,MOT20-02,141,25,20.76215362548828,3.6357951138780327,-0.2746153846153846
MOT20,MOT20-02,151,24,23.009183883666992,3.8030099836815743,-0.36173913043478256
MOT20,MOT20-02,161,26,22.16675853729248,3.895079763577606,-0.606153846153846
MOT20,MOT20-02,171,25,22.07428550720215,4.164736886225945,-0.40307692307692305
MOT20,MOT20-02,181,26,24.024415969848633,4.348530237722562,-0.33128205128205124
MOT20,MOT20-02,191,29,20.944278717041016,4.813539418886549,-0.11625615763546797
MOT20,MOT20-02,201,30,19.292024612426758,4.876061873388481,-0.2707452725250278
MOT20,MOT20-02,211,31,17.28548812866211,5.317197915324685,-0.12217741935483874
MOT20,MOT20-02,221,32,19.69405174255371,5.568343332704995,-0.2881231671554252
MOT20,MOT20-02,231,31,19.294153213500977,6.002706679331797,-0.17661290322580647
MOT20,MOT20-02,241,29,17.47214698791504,6.496972871320696,-0.03399014778325122
MOT20,MOT20-02,251,30,19.80590057373047,6.463325964202549,-0.11635150166852058
MOT20,MOT20-02,261,30,21.043373107910156,6.8955113394791026,-0.08876529477196884
MOT20,MOT20-02,271,31,21.72052001953125,7.3993551716684065,0.052822580645161286
MOT20,MOT20-02,281,30,16.648832321166992,8.07526905048691,-0.33748609566184645
MOT20,MOT20-02,291,28,17.4035587310791,9.02405260610179,-0.20963327859879585
MOT20,MOT20-02,301,28,18.822896003723145,7.809036839555345,-0.12479474548440067
MOT20,MOT20-02,311,29,20.552045822143555,7.238465902583019,-0.4423645320197043
MOT20,MOT20-02,321,29,21.06053352355957,8.777427305736747,-0.2502463054187192
MOT20,MOT20-02,331,28,20.534912109375,7.967460285715191,-0.21018062397372742
MOT20,MOT20-02,341,28,20.52137565612793,9.09633145417598,-0.1291735084838533
MOT20,MOT20-02,351,27,21.40431785583496,8.75674993151098,-0.26495726495726496
MOT20,MOT20-02,361,27,22.886680603027344,7.928304257195156,-0.18315018315018314
MOT20,MOT20-02,371,29,21.916189193725586,8.093537437824459,-0.12068965517241378
MOT20,MOT20-02,381,28,21.318474769592285,8.503606475203302,-0.18555008210180626
MOT20,MOT20-02,391,26,21.368572235107422,7.7490148616391386,-0.0037606837606837602
MOT20,MOT20-02,401,28,23.13978099822998,8.484532173411246,-0.013136288998357963
MOT20,MOT20-02,411,26,24.657989501953125,8.114627851891887,0.08717948717948718
MOT20,MOT20-02,421,25,24.143760681152344,8.933571930803371,0.30615384615384617
MOT20,MOT20-02,431,27,23.635507583618164,8.485953770251427,-0.24786324786324787
MOT20,MOT20-02,441,25,22.561077117919922,9.648482536180572,-0.14076923076923076
MOT20,MOT20-02,451,26,23.253148078918457,9.874979820172832,0.04136752136752136
MOT20,MOT20-02,461,26,22.47458553314209,10.067258124145496,-0.2512820512820513
MOT20,MOT20-02,471,23,22.654178619384766,8.128756729792507,-0.008893280632411068
MOT20,MOT20-02,481,23,20.915374755859375,7.289167816261421,-0.14822134387351776
MOT20,MOT20-02,491,23,20.019460678100586,7.504226661086916,-0.015810276679841896
MOT20,MOT20-02,501,21,19.2225399017334,7.19484988173711,-0.1883116883116883
MOT20,MOT20-02,511,22,18.799724578857422,7.111499404485645,-0.6318464144551101
MOT20,MOT20-02,521,21,18.691200256347656,7.680115464361061,-0.5935064935064935
MOT20,MOT20-02,531,23,23.385459899902344,8.26904508694995,-0.3102766798418973
MOT20,MOT20-02,541,24,23.411417961120605,9.260479520158846,-0.3043478260869565
MOT20,MOT20-02,551,24,22.756062507629395,7.425495505640742,-0.1826086956521739
MOT20,MOT20-02,561,23,22.283809661865234,8.45986416774579,-0.3784584980237154
MOT20,MOT20-02,571,24,22.496339797973633,9.138294837596495,-0.3391304347826086
MOT20,MOT20-02,581,24,21.375060081481934,6.320243951849989,-0.42173913043478256
MOT20,MOT20-02,591,21,19.851003646850586,7.202369646309601,-0.5623376623376624
MOT20,MOT20-02,601,23,19.011037826538086,7.0650321693441,-0.700592885375494
MOT20,MOT20-02,611,26,20.79199504852295,8.291578840316797,-0.24649572649572649
MOT20,MOT20-02,621,25,19.725589752197266,5.302680854804802,-0.42000000000000004
MOT20,MOT20-02,631,26,21.013992309570312,5.92774943304158,-0.2916239316239316
MOT20,MOT20-02,641,28,21.410388946533203,6.11692167059432,-0.6392993979200876
MOT20,MOT20-02,651,29,19.199752807617188,6.9606568212825985,-0.46945812807881765
MOT20,MOT20-02,661,28,18.922581672668457,6.779016669806839,-0.3574165298303229
MOT20,MOT20-02,671,28,18.61647891998291,6.527052654469589,-0.18226600985221672
MOT20,MOT20-02,681,27,19.144805908203125,7.126349959396171,-0.24053724053724052
MOT20,MOT20-02,691,27,18.361129760742188,7.232349671477536,-0.1978021978021978
MOT20,MOT20-02,701,25,17.893407821655273,6.555292147736886,-0.3592307692307692
MOT20,MOT20-02,711,26,18.03819751739502,7.090579909724822,-0.6082051282051281
MOT20,MOT20-02,721,26,17.131635665893555,8.160277332119348,-0.5111111111111111
MOT20,MOT20-02,731,25,17.07599449157715,5.259243631847381,-0.3876923076923077
MOT20,MOT20-02,741,24,17.93485450744629,5.673177594974408,-0.4339130434782608
MOT20,MOT20-02,751,25,17.260520935058594,5.4395483008347805,-0.14846153846153848
MOT20,MOT20-02,761,28,16.31422233581543,5.813866528011258,-0.2621784345922277
MOT20,MOT20-02,771,30,17.70033550262451,5.614646384080976,-0.5301446051167964
MOT20,MOT20-02,781,30,18.570530891418457,5.972774019304807,-0.10522803114571745
MOT20,MOT20-02,791,30,17.646717071533203,6.264943252449714,-0.5221357063403782
MOT20,MOT20-02,801,29,20.645421981811523,8.216598451625268,-0.17438423645320195
MOT20,MOT20-02,811,30,19.37386989593506,7.316008061126515,-0.20222469410456062
MOT20,MOT20-02,821,32,20.570408821105957,7.953302929421383,-0.27712609970674484
MOT20,MOT20-02,831,31,20.777996063232422,8.548892660749734,-0.07540322580645163
MOT20,MOT20-02,841,28,19.2969388961792,8.297818848010067,-0.2747673782156541
MOT20,MOT20-02,851,31,17.813322067260742,7.77186313414546,-0.3778225806451614
MOT20,MOT20-02,861,32,20.16876983642578,7.199867382827855,-0.24303519061583576
MOT20,MOT20-02,871,31,17.776845932006836,5.995985167367282,-0.519758064516129
MOT20,MOT20-02,881,34,19.62813377380371,5.5826141536812335,-0.18380443086325438
MOT20,MOT20-02,891,28,18.271366119384766,5.8788362745705465,-0.3749315818281335
MOT20,MOT20-02,901,34,21.604914665222168,6.183908349385506,-0.22841864018334607
MOT20,MOT20-02,911,34,20.92488956451416,6.758975768916194,-0.1917494270435447
MOT20,MOT20-02,921,33,19.7459659576416,7.7196686272996615,-0.06383689839572193
MOT20,MOT20-02,931,29,16.329504013061523,7.056258428892158,-0.13596059113300488
MOT20,MOT20-02,941,33,19.972896575927734,6.9021158510456875,-0.12733957219251338
MOT20,MOT20-02,951,30,16.840761184692383,7.22161389010873,-0.35261401557285876
MOT20,MOT20-02,961,30,19.57295799255371,6.5553018326930905,-0.06740823136818688
MOT20,MOT20-02,971,30,19.047757148742676,7.801956591377329,-0.3139043381535039
MOT20,MOT20-02,981,30,20.789915084838867,6.2143209816719915,-0.022914349276974413
MOT20,MOT20-02,991,29,19.548255920410156,7.44441991329971,-0.5310344827586206
MOT20,MOT20-02,1001,32,19.599348068237305,7.402330996297068,-0.4424486803519062
MOT20,MOT20-02,1011,32,18.718828201293945,7.117751692590584,-0.29325513196480935
MOT20,MOT20-02,1021,31,19.2635498046875,6.025556696599722,-0.26290322580645165
MOT20,MOT20-02,1031,29,18.86312484741211,6.455607405320732,-0.3669950738916255
MOT20,MOT20-02,1041,27,19.22354507446289,7.830927708733414,-0.0018315018315018313
MOT20,MOT20-02,1051,27,17.36473846435547,7.569691362403536,-0.1746031746031746
MOT20,MOT20-02,1061,26,16.24240016937256,7.6894158948456575,-0.4379487179487179
MOT20,MOT20-02,1071,28,17.205330848693848,7.754881922161514,-0.29994526546250677
MOT20,MOT20-02,1081,30,16.55372428894043,7.862492884923767,-0.4278086763070078
MOT20,MOT20-02,1091,30,15.57264757156372,9.457468313859987,-0.49365962180200224
MOT20,MOT20-02,1101,30,17.510550498962402,8.054554357220368,-0.5648498331479421
MOT20,MOT20-02,1111,29,17.988142013549805,7.896114345034192,-0.46945812807881765
MOT20,MOT20-02,1121,30,17.266998767852783,7.525187618586682,-0.300111234705228
MOT20,MOT20-02,1131,32,15.401920795440674,7.424759124230137,-0.3654692082111437
MOT20,MOT20-02,1141,33,14.992379188537598,8.373039503966572,-0.5772058823529412
MOT20,MOT20-02,1151,30,14.986845016479492,8.050979346724214,-0.6324805339265851
MOT20,MOT20-02,1161,29,15.758040428161621,7.563085758669641,-0.531527093596059
MOT20,MOT20-02,1171,30,15.342912197113037,7.408904248267528,-0.38598442714126807
MOT20,MOT20-02,1181,32,16.473511695861816,6.731484364489717,-0.31304985337243396
MOT20,MOT20-02,1191,29,15.37964916229248,7.789656891455804,-0.551231527093596
MOT20,MOT20-02,1201,29,16.53662872314453,7.220853483677351,-0.5635467980295564
MOT20,MOT20-02,1211,29,16.60325050354004,8.247079191238493,-0.4758620689655172
MOT20,MOT20-02,1221,26,15.525153160095215,5.673739661744539,-0.5815384615384616
MOT20,MOT20-02,1231,28,16.834938049316406,6.836259226424996,-0.7181171319102353
MOT20,MOT20-02,1241,29,14.855316162109375,6.775445152185582,-0.621182266009852
MOT20,MOT20-02,1251,29,13.803765296936035,5.681949244987355,-0.5541871921182264
MOT20,MOT20-02,1261,30,14.562867641448975,6.293292568579781,-0.4202447163515017
MOT20,MOT20-02,1271,31,13.890563011169434,6.737087133433894,-0.48185483870967744
MOT20,MOT20-02,1281,29,13.549290657043457,7.235715820833084,-0.5300492610837437
MOT20,MOT20-02,1291,30,14.27429485321045,6.590830796378963,-0.3125695216907675
MOT20,MOT20-02,1301,25,11.8100004196167,6.58828624946354,-0.6676923076923077
MOT20,MOT20-02,1311,30,14.063262939453125,7.2388783081919525,-0.5595105672969966
MOT20,MOT20-02,1321,29,11.425396919250488,7.807101059265378,-0.5985221674876846
MOT20,MOT20-02,1331,30,17.146059036254883,7.529103463447951,-0.3125695216907675
MOT20,MOT20-02,1341,36,17.41256618499756,7.0136716042419405,-0.5765765765765766
MOT20,MOT20-02,1351,34,17.40083599090576,7.260721113131673,-0.6473644003055767
MOT20,MOT20-02,1361,31,15.27799129486084,7.325549521990287,-0.6741935483870969
MOT20,MOT20-02,1371,28,16.373263359069824,7.034577394046057,-0.6425834701696771
MOT20,MOT20-02,1381,34,16.426395416259766,8.73537489919504,-0.6048892284186401
MOT20,MOT20-02,1391,32,15.751408576965332,6.26424406203015,-0.7239736070381231
MOT20,MOT20-02,1401,32,17.216236114501953,6.84280762229227,-0.5890762463343108
MOT20,MOT20-02,1411,31,15.789379119873047,8.078941996698662,-0.6838709677419356
MOT20,MOT20-02,1421,28,15.137686729431152,8.600581214321073,-0.7142857142857142
MOT20,MOT20-02,1431,26,15.694421768188477,8.294140739881657,-0.7456410256410255
MOT20,MOT20-02,1441,32,15.499748706817627,9.936241616080968,-0.6990469208211143
MOT20,MOT20-02,1451,33,16.372251510620117,10.217066946591135,-0.68048128342246
MOT20,MOT20-02,1461,30,14.220288753509521,9.78221240286832,-0.6805339265850945
MOT20,MOT20-02,1471,32,18.03682231903076,9.37632789398984,-0.47837243401759527
MOT20,MOT20-02,1481,29,18.77419090270996,9.100641321055356,-0.5226600985221673
MOT20,MOT20-02,1491,30,17.23893451690674,8.8550650071203,-0.507007786429366
MOT20,MOT20-02,1501,30,17.623133659362793,9.223726847774682,-0.3308120133481646
MOT20,MOT20-02,1511,31,16.82274055480957,9.362727004476808,-0.36733870967741944
MOT20,MOT20-02,1521,33,19.786123275756836,10.451819742862174,-0.4361631016042781
MOT20,MOT20-02,1531,33,16.273935317993164,9.707074017209044,-0.41477272727272735
MOT20,MOT20-02,1541,31,15.517461776733398,10.88077928774191,-0.4298387096774194
MOT20,MOT20-02,1551,30,17.647284507751465,12.990826932788627,-0.4700778642936596
MOT20,MOT20-02,1561,29,18.998294830322266,10.77945696015836,-0.18965517241379307
MOT20,MOT20-02,1571,29,18.64202880859375,10.839266252535559,-0.4083743842364531
MOT20,MOT20-02,1581,26,18.069405555725098,12.27746647809476,-0.16102564102564101
MOT20,MOT20-02,1591,25,22.955663681030273,8.154918592969928,-0.2892307692307692
MOT20,MOT20-02,1601,24,21.635120391845703,10.293642885866173,-0.13043478260869562
MOT20,MOT20-02,1611,29,21.720165252685547,9.178951816404021,-0.30443349753694576
MOT20,MOT20-02,1621,28,19.19590663909912,7.789500883764971,-0.2698412698412698
MOT20,MOT20-02,1631,29,19.886648178100586,7.359672700042991,-0.30935960591132994
MOT20,MOT20-02,1641,30,18.908479690551758,6.269202471949849,-0.21067853170189096
MOT20,MOT20-02,1651,30,18.836257934570312,5.252539555696317,-0.40956618464961064
MOT20,MOT20-02,1661,27,18.743846893310547,5.715568082460588,-0.4444444444444444
MOT20,MOT20-02,1671,26,17.98020839691162,6.211080020732838,-0.30188034188034185
MOT20,MOT20-02,1681,27,18.086698532104492,7.0529800656325365,-0.4072039072039072
MOT20,MOT20-02,1691,27,18.777250289916992,6.464658443634554,-0.4188034188034188
MOT20,MOT20-02,1701,26,18.095823287963867,6.702565462030931,-0.08923076923076922
MOT20,MOT20-02,1711,27,19.1762752532959,6.946516226516861,-0.2264957264957265
MOT20,MOT20-02,1721,28,18.20258617401123,7.088404838712542,-0.19649698960043788
MOT20,MOT20-02,1731,30,18.47913360595703,7.73183766728476,-0.24582869855394882
MOT20,MOT20-02,1741,29,16.929073333740234,6.117888798116882,-0.0167487684729064
MOT20,MOT20-02,1751,30,16.061387062072754,6.511228155583862,-0.09276974416017797
MOT20,MOT20-02,1761,30,14.329133033752441,6.80718204815436,-0.19377085650723025
MOT20,MOT20-02,1771,36,16.56722068786621,7.017608712734171,0.023938223938223938
MOT20,MOT20-02,1781,34,16.659482955932617,7.452769210893957,0.147135217723453
MOT20,MOT20-02,1791,38,17.580730438232422,6.414604647236125,0.02308786519312835
MOT20,MOT20-02,1801,35,17.0373592376709,6.712256354865768,0.07871148459383753
MOT20,MOT20-02,1811,35,16.895553588867188,6.392205509413269,0.14453781512605043
MOT20,MOT20-02,1821,37,18.431241989135742,6.959509994078806,0.07183499288762446
MOT20,MOT20-02,1831,37,17.696958541870117,7.110764394436509,-0.014698909435751539
MOT20,MOT20-02,1841,35,16.320798873901367,8.453952432100538,0.02212885154061625
MOT20,MOT20-02,1851,36,16.418920516967773,7.686892461108563,0.04118404118404118
MOT20,MOT20-02,1861,38,16.179521560668945,6.742389553720033,0.02505744611007769
MOT20,MOT20-02,1871,39,15.678645133972168,7.535629573707998,0.26376518218623485
MOT20,MOT20-02,1881,39,15.20246696472168,9.891851402374614,-0.05242914979757085
MOT20,MOT20-02,1891,36,16.20750331878662,7.120089786113172,0.27850707850707856
MOT20,MOT20-02,1901,41,16.177051544189453,7.415810144456459,0.18554006968641118
MOT20,MOT20-02,1911,40,16.290180206298828,6.8136572621478795,0.010131332082551597
MOT20,MOT20-02,1921,40,17.920117378234863,7.033434735293744,-0.09249530956848032
MOT20,MOT20-02,1931,41,16.57457733154297,7.336986372191442,0.09216027874564463
MOT20,MOT20-02,1941,44,17.03148078918457,7.309287045049375,-0.19252995066948556
MOT20,MOT20-02,1951,38,16.393453121185303,7.45319516535236,-0.2401794507057665
MOT20,MOT20-02,1961,41,16.9822940826416,7.1756214293723515,-0.3266550522648084
MOT20,MOT20-02,1971,41,18.149988174438477,7.559156896088224,-0.08205574912891987
MOT20,MOT20-02,1981,42,16.73905372619629,7.915586270287135,-0.09310428652459284
MOT20,MOT20-02,1991,40,14.599586486816406,7.892635535831055,-0.02983114446529081
MOT20,MOT20-02,2001,45,15.080782890319824,8.046085717856535,-0.0984189723320158
MOT20,MOT20-02,2011,45,14.775903701782227,7.868531781704812,0.14071146245059288
MOT20,MOT20-02,2021,43,15.40218734741211,7.9757863162106535,-0.14587737843551798
MOT20,MOT20-02,2031,46,18.619038581848145,8.02991401159415,-0.17483811285846437
MOT20,MOT20-02,2041,42,17.63047981262207,8.482463244349397,-0.09261810226075684
MOT20,MOT20-02,2051,43,17.222917556762695,6.239865435298091,-0.23150105708245244
MOT20,MOT20-02,2061,46,18.48436164855957,5.9823898732798595,-0.12500770891150167
MOT20,MOT20-02,2071,46,19.184146881103516,7.526697427519634,-0.197286463151403
MOT20,MOT20-02,2081,50,17.989051818847656,7.0404778064689175,-0.2599279711884754
MOT20,MOT20-02,2091,43,17.936664581298828,7.500384903807229,-0.3498942917547569
MOT20,MOT20-02,2101,40,19.230302810668945,5.922379123077741,0.06454033771106943
MOT20,MOT20-02,2111,43,18.444238662719727,6.993281727954182,-0.24041075203865903
MOT20,MOT20-02,2121,42,16.76169490814209,6.651010777582557,-0.31820760068065795
MOT20,MOT20-02,2131,46,16.665416717529297,6.994665578027697,-0.4243601603453592
MOT20,MOT20-02,2141,43,16.287405014038086,7.321499168249383,-0.2216852914527333
MOT20,MOT20-02,2151,44,16.9599552154541,6.768749076003176,-0.24651162790697675
MOT20,MOT20-02,2161,43,17.234058380126953,7.234131521716734,-0.21383267894895805
MOT20,MOT20-02,2171,44,16.391240119934082,7.6117202811152955,-0.3578576462297392
MOT20,MOT20-02,2181,41,17.094539642333984,7.589379138154906,-0.44442508710801404
MOT20,MOT20-02,2191,40,17.41325092315674,7.655855464079447,-0.20112570356472798
MOT20,MOT20-02,2201,39,17.30141258239746,7.726153427994209,-0.28582995951417
MOT20,MOT20-02,2211,39,18.174707412719727,6.0489486521243245,-0.32753036437246963
MOT20,MOT20-02,2221,37,17.34957504272461,7.193779452921076,-0.2586533902323376
MOT20,MOT20-02,2231,37,17.487611770629883,7.942971496557392,-0.28757705073494544
MOT20,MOT20-02,2241,33,17.381044387817383,7.0959673760972555,-0.5497994652406417
MOT20,MOT20-02,2251,31,17.56924819946289,8.596070165310385,-0.32217741935483873
MOT20,MOT20-02,2261,31,19.34390640258789,6.789991941294034,-0.5564516129032259
MOT20,MOT20-02,2271,32,18.904544830322266,6.187359235302578,-0.5458211143695014
MOT20,MOT20-02,2281,35,17.44140625,6.801249165519532,-0.2971988795518207
MOT20,MOT20-02,2291,31,16.385448455810547,5.407604107125647,-0.11451612903225807
MOT20,MOT20-02,2301,30,16.560925483703613,6.100008233766526,0.0037819799777530586
MOT20,MOT20-02,2311,31,17.36995506286621,5.456839951339797,-0.3233870967741936
MOT20,MOT20-02,2321,32,16.511393547058105,6.369939649578196,0.11217008797653959
MOT20,MOT20-02,2331,31,15.811910629272461,6.961228517188019,-0.0931451612903226
MOT20,MOT20-02,2341,31,16.118207931518555,7.44410348461664,-0.3310483870967742
MOT20,MOT20-02,2351,30,15.770931243896484,6.288473852481909,-0.11190211345939934
MOT20,MOT20-02,2361,32,18.021660804748535,5.723511502727254,-0.3321114369501466
MOT20,MOT20-02,2371,32,20.800012588500977,5.690239370596022,-0.2598973607038123
MOT20,MOT20-02,2381,32,19.08118438720703,5.757254346493763,0.1510263929618768
MOT20,MOT20-02,2391,30,19.650663375854492,5.5921163188821925,0.004226918798665183
MOT20,MOT20-02,2401,30,17.17219352722168,6.7264816668746645,0.029143492769744164
MOT20,MOT20-02,2411,26,17.868706703186035,6.813678207427096,-0.13572649572649573
MOT20,MOT20-02,2421,28,18.96461296081543,9.155193207489244,-0.5090311986863711
MOT20,MOT20-02,2431,25,18.83664894104004,6.640121713146563,-0.2723076923076923
MOT20,MOT20-02,2441,26,17.218835830688477,6.9564243981095215,-0.4256410256410256
MOT20,MOT20-02,2451,32,18.5689115524292,7.263792830609192,-0.4050586510263929
MOT20,MOT20-02,2461,26,17.40577983856201,7.083156374742061,-0.14051282051282052
MOT20,MOT20-02,2471,27,18.925724029541016,7.255003282672961,-0.06654456654456653
MOT20,MOT20-02,2481,28,16.58614158630371,7.427611977805105,-0.3765736179529283
MOT20,MOT20-02,2491,24,17.64795970916748,7.97797130876567,0.07217391304347825
MOT20,MOT20-02,2501,28,18.346223831176758,6.53592505461499,-0.19430760810071154
MOT20,MOT20-02,2511,28,17.60070514678955,7.479484857732799,-0.1111111111111111
MOT20,MOT20-02,2521,30,18.322351455688477,7.5840232956884375,0.0011123470522803117
MOT20,MOT20-02,2531,26,17.691121101379395,7.581673024622143,-0.14461538461538462
MOT20,MOT20-02,2541,28,16.229023933410645,8.33724454634857,-0.042692939244663386
MOT20,MOT20-02,2551,29,15.902706146240234,9.183662119042292,0.004926108374384235
MOT20,MOT20-02,2561,28,15.688218116760254,8.610734695252917,0.11932129173508485
MOT20,MOT20-02,2571,28,15.79523515701294,10.105561791912896,0.25670498084291193
MOT20,MOT20-02,2581,27,19.01803970336914,8.513077966653563,0.0989010989010989
MOT20,MOT20-02,2591,27,17.468698501586914,8.132077877155623,0.20695970695970692
MOT20,MOT20-02,2601,25,17.718555450439453,9.159836268315884,0.11538461538461539
MOT20,MOT20-02,2611,24,17.68351650238037,8.718704686900576,0.12956521739130433
MOT20,MOT20-02,2621,23,17.617246627807617,10.07992330573901,-0.05138339920948617
MOT20,MOT20-02,2631,26,16.950417518615723,10.912123667719147,-0.1747008547008547
MOT20,MOT20-02,2641,25,15.918054580688477,9.352223817293103,0.16307692307692304
MOT20,MOT20-02,2651,22,13.273467540740967,7.739227133314959,0.031055900621118016
MOT20,MOT20-02,2661,22,14.882641315460205,7.594028818369518,0.19367588932806323
MOT20,MOT20-02,2671,21,13.625743865966797,7.208940688464307,0.3311688311688311
MOT20,MOT20-02,2681,21,14.684073448181152,7.814798649747165,0.03896103896103896
MOT20,MOT20-02,2691,22,15.920021057128906,7.651738129717856,-0.31451157538114066
MOT20,MOT20-02,2701,22,14.889265537261963,9.37151420491574,-0.5900621118012424
MOT20,MOT20-02,2711,22,15.34702205657959,8.70267527754607,-0.48390739695087526
MOT20,MOT20-02,2721,23,15.658164978027344,10.104980982999725,-0.38636363636363635
MOT20,MOT20-02,2731,23,16.42491912841797,10.077528866951296,-0.5108695652173914
MOT20,MOT20-02,2741,24,18.539182662963867,10.008783480517605,-0.4869565217391304
MOT20,MOT20-02,2751,24,18.964075088500977,7.256084296343725,-0.6843478260869565
MOT20,MOT20-02,2761,21,18.213577270507812,7.289308336786151,-0.6558441558441558
MOT20,MOT20-02,2771,20,19.23511791229248,6.996151827364586,-0.6947368421052631
MOT20,MOT20-02,2781,20,18.164437294006348,7.876593831182699,-0.4090225563909774
MOT20,MOT20-03,11,77,14.887829780578613,5.6232236660933905,-0.2977811662022188
MOT20,MOT20-03,21,75,14.669964790344238,6.603344887622308,-0.11465149359886201
MOT20,MOT20-03,31,78,14.29124116897583,6.987394626137934,-0.23458819661351304
MOT20,MOT20-03,41,78,14.84162950515747,6.020216438178243,-0.026214292037076845
MOT20,MOT20-03,51,79,15.19447135925293,6.460346493083711,-0.1786027263875365
MOT20,MOT20-03,61,76,14.25442361831665,6.398780496600413,-0.3352836637047164
MOT20,MOT20-03,71,76,15.77971363067627,6.208727215307648,-0.33976760082023244
MOT20,MOT20-03,81,72,16.496292114257812,6.347225066891348,-0.15910991060518365
MOT20,MOT20-03,91,74,16.20438289642334,8.672094067950223,-0.15329137356534617
MOT20,MOT20-03,101,74,17.058341026306152,7.060088243742993,-0.196564235468345
MOT20,MOT20-03,111,72,17.458704948425293,7.712045701850884,-0.3228825004823462
MOT20,MOT20-03,121,68,17.76099395751953,7.318383365626502,-0.12257128678856356
MOT20,MOT20-03,131,71,17.93312644958496,6.863856576200289,-0.1141515761234071
MOT20,MOT20-03,141,69,17.795862197875977,7.541614370130034,-0.11202046035805627
MOT20,MOT20-03,151,69,17.22989273071289,7.180413551673267,-0.011070515162586775
MOT20,MOT20-03,161,70,16.767547607421875,6.73756436271283,-0.02524713498381594
MOT20,MOT20-03,171,71,17.737804412841797,6.038667602776632,-0.23376928236083164
MOT20,MOT20-03,181,71,17.30066680908203,8.101961068955827,0.04986586183769282
MOT20,MOT20-03,191,72,18.19941997528076,7.1940210005485605,0.13643964242073447
MOT20,MOT20-03,201,73,17.783655166625977,8.161432294511274,0.007188695544859929
MOT20,MOT20-03,211,71,18.21200942993164,8.45397822273297,-0.12394366197183097
MOT20,MOT20-03,221,72,17.981968879699707,7.598934316013265,-0.14389992925590073
MOT20,MOT20-03,231,73,18.383468627929688,7.7396630230621035,-0.34039861779587816
MOT20,MOT20-03,241,74,18.29263401031494,8.301575746664533,-0.20586449463161788
MOT20,MOT20-03,251,77,18.76139259338379,7.585611060618733,-0.3545927756454072
MOT20,MOT20-03,261,74,18.81437110900879,6.463194852991886,-0.14055534987041834
MOT20,MOT20-03,271,75,19.36724281311035,7.64591485345607,-0.2541109530583215
MOT20,MOT20-03,281,80,19.03080177307129,7.3405904671970665,-0.38909985935302394
MOT20,MOT20-03,291,77,19.307462692260742,6.746276675557321,-0.40196645459803354
MOT20,MOT20-03,301,79,19.66477394104004,6.7545454024808205,-0.5027994157740994
MOT20,MOT20-03,311,81,19.654747009277344,6.410058484544731,-0.28274616079494125
MOT20,MOT20-03,321,83,19.623146057128906,6.4861767379929205,-0.27950128038285543
MOT20,MOT20-03,331,86,19.01869487762451,7.500341073776504,-0.3371385442709562
MOT20,MOT20-03,341,86,19.339662551879883,7.471635228939804,-0.2598707486202179
MOT20,MOT20-03,351,89,19.14019203186035,6.861417842285085,-0.3433265236636024
MOT20,MOT20-03,361,88,19.88316249847412,6.361034226725534,-0.12148215983938575
MOT20,MOT20-03,371,88,19.378762245178223,6.78174733767202,-0.0768905639110986
MOT20,MOT20-03,381,88,20.013009071350098,8.114840240259918,-0.24308759818252268
MOT20,MOT20-03,391,87,20.355104446411133,7.341448166289051,-0.23015236567762629
MOT20,MOT20-03,401,88,20.3360013961792,6.950746508816167,-0.34827938431192984
MOT20,MOT20-03,411,94,19.087449073791504,7.327119031694968,-0.3087598887403822
MOT20,MOT20-03,421,90,19.716257095336914,7.36846805071305,-0.2448285796600403
MOT20,MOT20-03,431,86,18.637083053588867,6.470618638120911,-0.3161941601018916
MOT20,MOT20-03,441,88,18.27729892730713,6.03436068715021,-0.21017223768095528
MOT20,MOT20-03,451,87,16.133962631225586,6.994432618983653,-0.2398665889042793
MOT20,MOT20-03,461,89,16.18266487121582,7.332838090397699,-0.2760469867211441
MOT20,MOT20-03,471,91,15.939617156982422,7.70279494272838,-0.37660455486542443
MOT20,MOT20-03,481,91,15.191505432128906,7.601346356952279,-0.3472049689440994
MOT20,MOT20-03,491,91,15.275574684143066,7.9733727588232615,-0.27611084567606314
MOT20,MOT20-03,501,92,15.869383335113525,7.325569718402896,-0.4261979254966632
MOT20,MOT20-03,511,92,16.30075454711914,6.438620221813107,-0.45400181865820005
MOT20,MOT20-03,521,92,16.85562801361084,6.566575014903611,-0.5132160966663071
MOT20,MOT20-03,531,93,16.099687576293945,7.999768448629941,-0.3924084628927815
MOT20,MOT20-03,541,94,16.094141960144043,7.035957853424774,-0.3706895928909439
MOT20,MOT20-03,551,95,16.10146713256836,7.090872460162291,-0.4890397536394177
MOT20,MOT20-03,561,97,16.345317840576172,6.945987067924836,-0.45217494214180515
MOT20,MOT20-03,571,99,16.653596878051758,6.532829353899708,-0.5618305504019789
MOT20,MOT20-03,581,101,16.37117576599121,6.618865155336334,-0.44100174723354685
MOT20,MOT20-03,591,101,16.694887161254883,6.614341139032662,-0.36598718695398946
MOT20,MOT20-03,601,102,16.53651237487793,7.102975087314813,-0.33070211647092745
MOT20,MOT20-03,611,105,16.886085510253906,6.682744504507516,-0.12169811320754716
MOT20,MOT20-03,621,107,15.476433753967285,5.8063142407423225,-0.24464625090616982
MOT20,MOT20-03,631,109,17.051679611206055,6.673884083207084,-0.26933555740895193
MOT20,MOT20-03,641,103,16.636335372924805,6.060984540954118,-0.33305144313139745
MOT20,MOT20-03,651,104,16.899974822998047,6.433150623214644,-0.34431878800810845
MOT20,MOT20-03,661,101,16.600046157836914,6.47957886950661,-0.34864298194525334
MOT20,MOT20-03,671,102,16.9695463180542,6.396081083594987,-0.31706351674573513
MOT20,MOT20-03,681,103,17.397878646850586,6.804254555153543,-0.278697886921759
MOT20,MOT20-03,691,100,17.669217109680176,6.449870969045812,-0.34090609060906085
MOT20,MOT20-03,701,95,17.568483352661133,6.761191930728196,-0.3067609182530795
MOT20,MOT20-03,711,94,17.851533889770508,6.153333899054379,-0.2107647292562222
MOT20,MOT20-03,721,92,18.090635299682617,6.475137474613647,-0.18809241249633957
MOT20,MOT20-03,731,94,18.236104011535645,6.906881238608578,-0.3124300111982083
MOT20,MOT20-03,741,93,19.07933807373047,6.810880760715176,-0.1575005222165856
MOT20,MOT20-03,751,96,19.07651710510254,6.64766022207985,-0.06892295170916983
MOT20,MOT20-03,761,95,19.202442169189453,6.809791353774348,-0.2680991041433371
MOT20,MOT20-03,771,92,19.235185623168945,6.732370328055742,-0.13755529183299167
MOT20,MOT20-03,781,91,19.795434951782227,6.956412009202034,-0.29323140627488453
MOT20,MOT20-03,791,90,20.002262115478516,6.981243304890241,-0.10275342634893195
MOT20,MOT20-03,801,90,20.5591402053833,6.694274964704742,-0.2175001028933613
MOT20,MOT20-03,811,85,20.97614288330078,6.644859404556725,-0.16533124877858119
MOT20,MOT20-03,821,85,21.14581871032715,6.739946941650428,-0.253312487785812
MOT20,MOT20-03,831,81,21.717344284057617,7.725563627686747,-0.09092140921409214
MOT20,MOT20-03,841,81,21.952184677124023,7.286728139056208,-0.10237127371273712
MOT20,MOT20-03,851,79,21.757043838500977,7.152657213660607,-0.14800389483933787
MOT20,MOT20-03,861,80,21.304198265075684,7.445245691509376,-0.022761368963900613
MOT20,MOT20-03,871,77,21.294897079467773,7.850797336908734,-0.20887007729112989
MOT20,MOT20-03,881,80,22.071348190307617,7.216691295940948,-0.24127988748241916
MOT20,MOT20-03,891,80,21.76538848876953,6.854534187499306,-0.21943272386310364
MOT20,MOT20-03,901,81,21.108552932739258,6.702551028839241,-0.28073622402890697
MOT20,MOT20-03,911,83,21.905323028564453,6.9359038174300505,0.06431300113345367
MOT20,MOT20-03,921,83,22.014799118041992,6.757898761485311,-0.05402795852399143
MOT20,MOT20-03,931,81,21.861679077148438,6.207071038239618,0.018766937669376694
MOT20,MOT20-03,941,81,22.77825927734375,6.704405155049648,0.0014001806684733513
MOT20,MOT20-03,951,83,22.717269897460938,6.8233459133807735,0.06196213425129087
MOT20,MOT20-03,961,85,21.267532348632812,6.588679108072975,-0.1615595075239398
MOT20,MOT20-03,971,84,19.97733974456787,7.027163105333862,-0.04786878606864433
MOT20,MOT20-03,981,88,19.5713529586792,7.053263929795742,-0.055510549117678144
MOT20,MOT20-03,991,91,20.583284378051758,7.134635554860201,-0.0970855231724797
MOT20,MOT20-03,1001,91,20.17318344116211,6.907317300914331,-0.28037904124860646
MOT20,MOT20-03,1011,88,19.34071159362793,7.110100681704327,-0.3012926631679054
MOT20,MOT20-03,1021,86,19.824883460998535,6.5079596233247115,-0.4640313222321807
MOT20,MOT20-03,1031,88,20.321419715881348,7.020165141861304,-0.3087950406819063
MOT20,MOT20-03,1041,91,20.895748138427734,6.778942807079688,-0.22710622710622713
MOT20,MOT20-03,1051,89,21.057140350341797,7.4515389067355295,-0.25919305413687443
MOT20,MOT20-03,1061,91,20.77288246154785,7.518513499468065,-0.3280299410734193
MOT20,MOT20-03,1071,94,20.82219886779785,6.67864387074573,-0.22918758805042805
MOT20,MOT20-03,1081,92,19.69589614868164,6.3683094903089525,-0.3706055515312177
MOT20,MOT20-03,1091,88,18.384531021118164,6.379788437035632,-0.26874713817759155
MOT20,MOT20-03,1101,88,18.910633087158203,6.340260134942114,-0.1878236060723469
MOT20,MOT20-03,1111,91,18.999256134033203,6.701909127924528,-0.14226787705048577
MOT20,MOT20-03,1121,90,18.691675186157227,7.747552600323295,-0.10146931719965427
MOT20,MOT20-03,1131,95,18.487760543823242,8.066876321925387,-0.19433090705487122
MOT20,MOT20-03,1141,98,17.7509822845459,7.847848115938551,-0.305931182219842
MOT20,MOT20-03,1151,97,18.85154914855957,8.013987124940472,-0.049074268882810856
MOT20,MOT20-03,1161,97,17.978483200073242,8.413463314600586,-0.0906269724384599
MOT20,MOT20-03,1171,100,17.819710731506348,8.18189493131596,-0.1471107110711071
MOT20,MOT20-03,1181,101,18.874929428100586,7.973251287088588,-0.22008153756552123
MOT20,MOT20-03,1191,104,18.659708976745605,7.299056870928582,-0.2929905046409901
MOT20,MOT20-03,1201,103,13.632901191711426,8.028814599376828,-0.13363792118789264
MOT20,MOT20-03,1211,105,16.06144905090332,8.484491238548635,-0.2309040016587186
MOT20,MOT20-03,1221,106,15.918885707855225,8.484890197393458,-0.1751618510214878
MOT20,MOT20-03,1231,108,15.140095710754395,9.13488968041214,-0.3186715824973563
MOT20,MOT20-03,1241,110,14.825623989105225,8.41332440710898,-0.33998151612830513
MOT20,MOT20-03,1251,108,13.534519672393799,8.062938413913331,-0.29630264749873764
MOT20,MOT20-03,1261,104,13.882328987121582,7.8527644893031745,-0.34183292435719626
MOT20,MOT20-03,1271,105,14.7089204788208,8.110394322672722,-0.31632801161103047
MOT20,MOT20-03,1281,108,15.1911940574646,6.949534130631928,-0.32707422332733144
MOT20,MOT20-03,1291,109,15.454572677612305,8.151163737664774,-0.35225651005467523
MOT20,MOT20-03,1301,109,15.588214874267578,6.838115776123727,-0.30485589843388017
MOT20,MOT20-03,1311,110,15.304216384887695,7.296739240437034,-0.31702544913554087
MOT20,MOT20-03,1321,108,14.971256256103516,7.191683301015535,-0.3298846304076519
MOT20,MOT20-03,1331,107,15.26345443725586,6.461911427130784,-0.3231646388056193
MOT20,MOT20-03,1341,107,13.47426700592041,7.1988897699088366,-0.2770234526538529
MOT20,MOT20-03,1351,109,13.813225746154785,6.6566205844890245,-0.2571680103790196
MOT20,MOT20-03,1361,116,13.258109092712402,6.6696175470583885,-0.3002191212086265
MOT20,MOT20-03,1371,118,12.784820079803467,7.521797046958045,-0.28215353938185445
MOT20,MOT20-03,1381,121,12.230001449584961,7.110564457950038,-0.280713995393578
MOT20,MOT20-03,1391,118,11.903218746185303,6.988114688429128,-0.3532662086999076
MOT20,MOT20-03,1401,123,12.248456954956055,7.343678854249339,-0.192561685003418
MOT20,MOT20-03,1411,124,14.23368501663208,8.775327397490633,-0.13034146341463415
MOT20,MOT20-03,1421,128,12.668654441833496,7.964431531867233,-0.13460217908807912
MOT20,MOT20-03,1431,126,13.496746063232422,6.529782935562092,-0.10385001874765656
MOT20,MOT20-03,1441,118,14.161827564239502,7.1239257490057994,-0.15203839032353492
MOT20,MOT20-03,1451,118,13.788364887237549,6.779342087485898,-0.24861313495411203
MOT20,MOT20-03,1461,120,13.852174758911133,6.663868607366492,-0.09377040072227238
MOT20,MOT20-03,1471,121,13.826589584350586,7.345437010733447,-0.22436661698956775
MOT20,MOT20-03,1481,122,14.185338973999023,7.599532712415891,-0.20922870521213002
MOT20,MOT20-03,1491,124,14.005599021911621,8.422820561695408,-0.27291896144767896
MOT20,MOT20-03,1501,124,13.876189231872559,7.160939333577246,-0.24440597954366639
MOT20,MOT20-03,1511,127,14.357943534851074,6.823117059909869,-0.3417287682789651
MOT20,MOT20-03,1521,129,14.257792472839355,5.966145825797555,-0.41725178890876574
MOT20,MOT20-03,1531,130,14.74857759475708,6.536087255513442,-0.29710906881153637
MOT20,MOT20-03,1541,131,15.124137878417969,7.186542978837576,-0.28300859445897614
MOT20,MOT20-03,1551,133,15.73728084564209,7.534124620135702,-0.278169983983024
MOT20,MOT20-03,1561,133,15.57739543914795,7.872780479931201,-0.23231246365574723
MOT20,MOT20-03,1571,134,15.987532615661621,6.8432277771898,-0.11603885335228618
MOT20,MOT20-03,1581,130,15.881754398345947,6.60793156107546,-0.17219680727580602
MOT20,MOT20-03,1591,134,14.632076263427734,7.7114021226903455,-0.2563099290514845
MOT20,MOT20-03,1601,137,13.998230934143066,7.206294880272545,-0.2511714301715608
MOT20,MOT20-03,1611,137,13.735716819763184,5.803559524237572,-0.2615649560363656
MOT20,MOT20-03,1621,138,14.844005107879639,6.722513962089961,-0.30139798031457404
MOT20,MOT20-03,1631,138,14.57719373703003,7.6552999939662945,-0.20652345150220666
MOT20,MOT20-03,1641,135,14.474020004272461,6.570690187048644,-0.22000780411667156
MOT20,MOT20-03,1651,137,14.394495964050293,6.736934329359717,-0.1434465249127261
MOT20,MOT20-03,1661,143,14.814977645874023,7.069193375121689,-0.23890721954102231
MOT20,MOT20-03,1671,140,14.545090675354004,6.254598356154028,-0.3033041044368153
MOT20,MOT20-03,1681,138,14.784094333648682,6.636765403400796,-0.27793163755254124
MOT20,MOT20-03,1691,137,15.099889755249023,5.918509472953675,-0.26591931599678903
MOT20,MOT20-03,1701,139,14.667389869689941,6.282829873437566,-0.37335895258948115
MOT20,MOT20-03,1711,140,14.548827171325684,6.442690474126146,-0.3088408300715052
MOT20,MOT20-03,1721,145,14.545129776000977,7.511083858719211,-0.18612816879231614
MOT20,MOT20-03,1731,149,15.484010696411133,6.952142867855122,-0.23058588790132414
MOT20,MOT20-03,1741,150,15.75168514251709,7.442412511095305,-0.35094004177963467
MOT20,MOT20-03,1751,144,15.417115211486816,6.964540805784849,-0.37592235350856046
MOT20,MOT20-03,1761,145,15.403196334838867,6.293982183188959,-0.24545740828216026
MOT20,MOT20-03,1771,150,15.57136869430542,6.5898383483545535,-0.32155562469443083
MOT20,MOT20-03,1781,148,15.616392135620117,6.895276983548828,-0.2623039420738366
MOT20,MOT20-03,1791,151,15.869789123535156,6.807234848170935,-0.2594945974207041
MOT20,MOT20-03,1801,148,15.863903522491455,6.846682214731538,-0.318097854051833
MOT20,MOT20-03,1811,143,15.715005874633789,6.9718678780109435,-0.3485874454184313
MOT20,MOT20-03,1821,140,15.684443473815918,6.740205592302448,-0.28008134525814
MOT20,MOT20-03,1831,136,16.563942909240723,6.354777248479567,-0.42115834168217164
MOT20,MOT20-03,1841,138,16.288823127746582,6.771184704307733,-0.2722374306204037
MOT20,MOT20-03,1851,141,15.891626358032227,6.508447499415661,-0.31677297829530365
MOT20,MOT20-03,1861,138,16.3695125579834,6.384343886456252,-0.2991422159003993
MOT20,MOT20-03,1871,138,16.649463653564453,8.238748594771849,-0.3065670599033309
MOT20,MOT20-03,1881,139,16.8582706451416,7.149978642597122,-0.2543500603244112
MOT20,MOT20-03,1891,133,17.433826446533203,6.666675255366732,-0.25355791105987485
MOT20,MOT20-03,1901,133,17.64105796813965,7.1044746018925915,-0.19528978484202364
MOT20,MOT20-03,1911,137,17.74751091003418,7.232470438208807,0.02480071685926036
MOT20,MOT20-03,1921,140,17.59541893005371,7.075445836171629,0.0082394874374057
MOT20,MOT20-03,1931,136,18.391456604003906,6.581770703492864,-0.03367205763083822
MOT20,MOT20-03,1941,139,18.55323600769043,6.704035430714188,-0.046342553286563296
MOT20,MOT20-03,1951,135,18.201095581054688,6.643781381873737,0.004984879523948884
MOT20,MOT20-03,1961,147,18.494609832763672,8.768216746989214,-0.017170511299669816
MOT20,MOT20-03,1971,141,18.25596809387207,7.084754619860592,0.16483582345134637
MOT20,MOT20-03,1981,147,18.610170364379883,6.369087209934677,0.0049339246990910395
MOT20,MOT20-03,1991,144,18.219615936279297,6.592037223045065,0.0060967767864319585
MOT20,MOT20-03,2001,144,18.36683940887451,6.149170672926527,0.1532794791415481
MOT20,MOT20-03,2011,143,18.426898956298828,6.0941762750061494,0.08479020979020978
MOT20,MOT20-03,2021,136,18.422164916992188,6.3853788703962255,0.041372071943132485
MOT20,MOT20-03,2031,132,17.601922035217285,7.000857969208498,0.18221994959640597
MOT20,MOT20-03,2041,133,16.94078826904297,7.772645055615993,0.04665836912498342
MOT20,MOT20-03,2051,124,17.931612014770508,7.112981447001393,-0.036040912667191186
MOT20,MOT20-03,2061,126,16.358448028564453,7.327160590791604,0.06149531308586428
MOT20,MOT20-03,2071,128,15.82011890411377,7.463144552840457,-0.13001854056033693
MOT20,MOT20-03,2081,132,16.245075225830078,7.355624478726425,-0.18636807146248685
MOT20,MOT20-03,2091,132,16.486539840698242,6.893929923646073,-0.2372099575795839
MOT20,MOT20-03,2101,132,17.360681533813477,7.250984068252107,-0.12780911334547332
MOT20,MOT20-03,2111,141,16.841123580932617,7.865380974856673,-0.16551222226978893
MOT20,MOT20-03,2121,136,16.684712409973145,6.295220183717894,-0.2505748771528075
MOT20,MOT20-03,2131,139,16.582204818725586,6.394579687598221,-0.22394208856517267
MOT20,MOT20-03,2141,144,17.887337684631348,7.841032285974715,-0.1773531066634515
MOT20,MOT20-03,2151,146,18.198569297790527,7.037634239588692,-0.17202433169772396
MOT20,MOT20-03,2161,139,18.308130264282227,7.4884250135717,-0.250256937307297
MOT20,MOT20-03,2171,135,17.52442741394043,7.029264032812553,-0.1615891132572432
MOT20,MOT20-03,2181,138,17.78444004058838,6.976757590470863,-0.24517739029975635
MOT20,MOT20-03,2191,139,16.27669334411621,7.181200919685375,-0.20984405022565797
MOT20,MOT20-03,2201,138,18.42818260192871,6.844089445737461,-0.2065188851774816
MOT20,MOT20-03,2211,136,17.7413330078125,6.89797827972873,-0.16456275941033346
MOT20,MOT20-03,2221,136,18.136878967285156,6.3326384241063804,-0.21291923095272172
MOT20,MOT20-03,2231,141,17.545169830322266,6.857371855428106,-0.28938738815873966
MOT20,MOT20-03,2241,135,17.81597900390625,6.577861526300946,-0.2265778948395279
MOT20,MOT20-03,2251,142,18.105451583862305,6.521682918375787,-0.1783583512681505
MOT20,MOT20-03,2261,147,16.67879867553711,6.611668588421454,-0.12311388828022879
MOT20,MOT20-03,2271,144,15.709041595458984,7.270047874380559,-0.34375050237119203
MOT20,MOT20-03,2281,142,14.697575569152832,7.1310919867418585,-0.2758245650064649
MOT20,MOT20-03,2291,143,13.897660255432129,7.654693906888974,-0.2189418562657999
MOT20,MOT20-03,2301,144,14.693665027618408,7.034442179521344,-0.20978619082067362
MOT20,MOT20-03,2311,146,15.147767066955566,7.443976715350132,-0.20426479519535734
MOT20,MOT20-03,2321,147,14.613557815551758,6.853357106722755,-0.28899727236322154
MOT20,MOT20-03,2331,146,14.245862483978271,6.83935357960043,-0.37445942949688144
MOT20,MOT20-03,2341,149,13.566757202148438,7.361294736817184,-0.32928351169961906
MOT20,MOT20-03,2351,150,13.367680072784424,6.361695079518075,-0.2908271478732388
MOT20,MOT20-03,2361,157,13.624183654785156,6.685672894700147,-0.2307847357029007
MOT20,MOT20-03,2371,160,14.18941354751587,7.090646701552994,-0.3628149537091293
MOT20,MOT20-03,2381,153,14.463687896728516,6.879794304915256,-0.2376261509388444
MOT20,MOT20-03,2391,154,14.158569812774658,6.66360721287655,-0.33844928000525726
MOT20,MOT20-03,2401,146,15.347991943359375,6.440015616740524,-0.19250768800670956
MOT20,MOT20-05,11,184,16.85421848297119,5.0362397198219115,-0.3229411878021999
MOT20,MOT20-05,21,178,17.074066162109375,4.879583897499112,-0.2632422236147624
MOT20,MOT20-05,31,171,17.4566593170166,5.253751865563097,-0.2918856649146807
MOT20,MOT20-05,41,171,15.869071960449219,4.96416546714017,-0.21539347685218518
MOT20,MOT20-05,51,174,15.84827709197998,5.803987753481989,-0.22202340613343205
MOT20,MOT20-05,61,169,16.555097579956055,5.881584269731185,-0.3205186216498434
MOT20,MOT20-05,71,164,16.4402494430542,5.562650525866864,-0.17870308652891326
MOT20,MOT20-05,81,160,16.589035987854004,5.614151196935897,-0.24365111918434312
MOT20,MOT20-05,91,150,16.07636260986328,5.202106152301742,-0.24888395039779548
MOT20,MOT20-05,101,149,16.50047492980957,6.81185193556141,-0.31335389080355525
MOT20,MOT20-05,111,146,17.192770957946777,6.041536933414557,-0.2538150829533514
MOT20,MOT20-05,121,143,17.7288875579834,5.327639075218738,-0.1753874060212088
MOT20,MOT20-05,131,141,16.714473724365234,6.386885746658632,-0.21024016439059887
MOT20,MOT20-05,141,140,16.732023239135742,6.106716289666076,-0.16665281756357833
MOT20,MOT20-05,151,139,16.224700927734375,5.923254291414418,-0.2591804817015952
MOT20,MOT20-05,161,140,16.88603973388672,6.012745495421605,-0.2917014716494282
MOT20,MOT20-05,171,141,16.49368667602539,5.860689780474204,-0.28508069694764326
MOT20,MOT20-05,181,141,16.773221969604492,5.604106427631889,-0.24578963140545398
MOT20,MOT20-05,191,142,16.89679527282715,5.725610360192777,-0.23048422958521853
MOT20,MOT20-05,201,137,17.357770919799805,5.3630889499507575,-0.2669554016465361
MOT20,MOT20-05,211,141,17.19546127319336,6.454743413389071,-0.15734834539149792
MOT20,MOT20-05,221,138,17.809974670410156,5.612929718060062,-0.11120598919150938
MOT20,MOT20-05,231,134,17.176057815551758,5.677957541761843,-0.22796044838464324
MOT20,MOT20-05,241,138,18.3751220703125,5.176232008138912,-0.15687380276673613
MOT20,MOT20-05,251,140,18.191035270690918,6.458941092999472,-0.1708381622969102
MOT20,MOT20-05,261,138,18.30484962463379,6.326257428303063,-0.13918842710661683
MOT20,MOT20-05,271,135,17.488218307495117,5.530275219126966,-0.13182128572822166
MOT20,MOT20-05,281,139,16.505971908569336,6.099567362253386,-0.33862549711783363
MOT20,MOT20-05,291,142,16.469449996948242,5.677056355416186,-0.3466096384885717
MOT20,MOT20-05,301,148,17.51485252380371,5.163537352850953,-0.29500216556784153
MOT20,MOT20-05,311,148,18.630863189697266,5.725356845955043,-0.2611748853359592
MOT20,MOT20-05,321,155,18.35311508178711,5.882904133228726,-0.1650897489607167
MOT20,MOT20-05,331,149,17.47565269470215,4.95851615886554,-0.16467621984400507
MOT20,MOT20-05,341,148,18.316673278808594,5.378244469377805,-0.19802914817296408
MOT20,MOT20-05,351,147,17.511531829833984,4.872709431973001,-0.2656876893667501
MOT20,MOT20-05,361,147,17.26725196838379,4.802619216049047,-0.31187995375862304
MOT20,MOT20-05,371,149,17.928329467773438,5.63564674339494,-0.35095592236531836
MOT20,MOT20-05,381,149,18.7034969329834,4.907148042083751,-0.3315726464719753
MOT20,MOT20-05,391,146,17.617634773254395,4.7554062895864915,-0.30851320216324607
MOT20,MOT20-05,401,144,17.717693328857422,4.645232484979905,-0.33652841411462103
MOT20,MOT20-05,411,139,17.896324157714844,4.978042103593913,-0.3667545466732204
MOT20,MOT20-05,421,135,17.399616241455078,4.797499009088889,-0.2648619646863721
MOT20,MOT20-05,431,133,17.818592071533203,4.624496034848272,-0.3172585466379653
MOT20,MOT20-05,441,133,17.38128089904785,5.8618439060389065,-0.251425714897828
MOT20,MOT20-05,451,131,16.726886749267578,5.212985239513427,-0.1316180003202904
MOT20,MOT20-05,461,131,17.009138107299805,5.736419170489305,-0.08590188437516681
MOT20,MOT20-05,471,140,17.44576930999756,5.596916397513344,-0.1930812796571254
MOT20,MOT20-05,481,136,17.198824882507324,5.239869495916703,-0.22219359763370064
MOT20,MOT20-05,491,137,16.619783401489258,5.2444636929852075,-0.03513823809434913
MOT20,MOT20-05,501,137,17.105745315551758,5.056321484480846,-0.1884322437321485
MOT20,MOT20-05,511,135,17.135679244995117,5.441648971032014,-0.12146132084674667
MOT20,MOT20-05,521,138,17.369129180908203,5.252661076077322,-0.03298028032667487
MOT20,MOT20-05,531,135,17.433216094970703,4.843413828525343,-0.05701394985855039
MOT20,MOT20-05,541,135,17.0103759765625,4.659090468610413,-0.12929958052872892
MOT20,MOT20-05,551,134,18.01895236968994,5.231045959875152,-0.0890559732664996
MOT20,MOT20-05,561,137,18.569366455078125,6.385862492758378,-0.16196072208635912
MOT20,MOT20-05,571,139,18.364656448364258,6.111729939502855,-0.287979802493409
MOT20,MOT20-05,581,133,17.897899627685547,5.945890679758617,-0.2084859366870364
MOT20,MOT20-05,591,140,18.6844539642334,6.298968229599627,-0.19510616430867467
MOT20,MOT20-05,601,148,18.38463020324707,5.772297757540813,-0.23933781747779834
MOT20,MOT20-05,611,147,18.982616424560547,5.502793292920722,-0.16495780096562873
MOT20,MOT20-05,621,151,18.711196899414062,6.345529302203946,-0.18611014290693617
MOT20,MOT20-05,631,149,18.748310089111328,5.527141682849607,-0.2942898603301288
MOT20,MOT20-05,641,140,18.417007446289062,6.282826042608132,-0.19716603616802608
MOT20,MOT20-05,651,145,17.591264724731445,6.348297691830005,-0.20436151787120138
MOT20,MOT20-05,661,146,17.855731964111328,5.474311987487025,-0.14223246218657518
MOT20,MOT20-05,671,145,16.534942626953125,5.6050281430136755,-0.2639190678633286
MOT20,MOT20-05,681,137,17.810338973999023,5.5919047935403325,-0.19009371441372486
MOT20,MOT20-05,691,133,16.38239860534668,6.176691585800019,-0.2586486569204558
MOT20,MOT20-05,701,135,16.586183547973633,5.567762787431707,-0.33198224563457224
MOT20,MOT20-05,711,132,16.099716186523438,5.616599236129688,-0.33181322494299587
MOT20,MOT20-05,721,136,16.594419479370117,5.446844798860165,-0.3462811888745766
MOT20,MOT20-05,731,137,16.550960540771484,5.329827921235207,-0.35519069576418316
MOT20,MOT20-05,741,137,15.73630142211914,5.637156821966105,-0.4049274740045177
MOT20,MOT20-05,751,138,15.628588199615479,5.326842471806319,-0.47380870295829347
MOT20,MOT20-05,761,134,16.000266075134277,6.246531314481186,-0.3924961657876034
MOT20,MOT20-05,771,129,16.09406280517578,5.824948130922669,-0.41078935599284444
MOT20,MOT20-05,781,129,16.210020065307617,5.383323016922433,-0.37076252236135965
MOT20,MOT20-05,791,128,15.365278720855713,5.948391017636097,-0.39166361472257827
MOT20,MOT20-05,801,130,14.986378192901611,5.978021483049627,-0.39143235603381177
MOT20,MOT20-05,811,138,15.940302848815918,5.572669511195264,-0.33886924100833576
MOT20,MOT20-05,821,146,15.621071338653564,5.303489226944874,-0.3286495136552495
MOT20,MOT20-05,831,149,17.07744789123535,5.5370736698582155,-0.36462905858879013
MOT20,MOT20-05,841,149,16.188488006591797,5.842600764956641,-0.303431888264103
MOT20,MOT20-05,851,156,15.692777633666992,5.89997449291222,-0.3092506835675111
MOT20,MOT20-05,861,152,15.999485969543457,5.239686676481558,-0.22415407431707432
MOT20,MOT20-05,871,151,15.551511764526367,5.131355503035791,-0.27684210526315783
MOT20,MOT20-05,881,151,15.930113792419434,4.953278092081452,-0.2154130359010108
MOT20,MOT20-05,891,150,15.271339416503906,5.140773362987497,-0.12367660784923776
MOT20,MOT20-05,901,155,15.152470588684082,5.385628988722308,-0.06393928651993168
MOT20,MOT20-05,911,160,15.739791870117188,5.286628561932065,-0.05443279034337279
MOT20,MOT20-05,921,160,15.98501968383789,5.698535648518921,-0.06318117895230282
MOT20,MOT20-05,931,158,15.458619117736816,4.9147608477537466,-0.15951557672443825
MOT20,MOT20-05,941,153,15.301563262939453,5.226574170202531,-0.21618886789165426
MOT20,MOT20-05,951,144,15.214566707611084,5.354447950260857,-0.1078771802909734
MOT20,MOT20-05,961,154,16.458621978759766,5.789518298341195,-0.05084238974182049
MOT20,MOT20-05,971,155,16.8509464263916,5.638597542600347,-0.08597209242370532
MOT20,MOT20-05,981,157,16.605344772338867,5.692643452686134,-0.20563263230359902
MOT20,MOT20-05,991,155,16.748300552368164,6.130391280547602,-0.2186845412651864
MOT20,MOT20-05,1001,154,16.548754692077637,5.579726635471566,-0.12563312715115374
MOT20,MOT20-05,1011,163,17.06918716430664,5.73771409112825,-0.1031583730970234
MOT20,MOT20-05,1021,165,16.294384002685547,6.012642625689316,-0.14625330590655305
MOT20,MOT20-05,1031,156,16.989651679992676,6.321418476687919,-0.015153861958875312
MOT20,MOT20-05,1041,158,17.302648544311523,5.5839879885835355,0.014517181631346038
MOT20,MOT20-05,1051,151,16.663545608520508,5.734961930714381,0.03533635413035901
MOT20,MOT20-05,1061,155,16.96750831604004,5.249953028447777,0.07635912474622153
MOT20,MOT20-05,1071,149,16.969701766967773,5.674379454417872,0.0014547433339379648
MOT20,MOT20-05,1081,155,17.1812686920166,5.588186879536297,0.03471367342335084
MOT20,MOT20-05,1091,153,16.856937408447266,5.608199769658928,0.005833433852009703
MOT20,MOT20-05,1101,147,17.436447143554688,5.679393399919744,-0.039516732276027776
MOT20,MOT20-05,1111,151,17.321382522583008,5.623494752167097,-0.041373300801673056
MOT20,MOT20-05,1121,150,16.36283588409424,5.644818070575626,-0.0061176052268989735
MOT20,MOT20-05,1131,151,17.652034759521484,5.468569814318355,0.022115719762983616
MOT20,MOT20-05,1141,154,18.161775588989258,5.9337926758214445,0.05570204621438019
MOT20,MOT20-05,1151,144,17.9642915725708,5.479418021568186,-0.03285507595852424
MOT20,MOT20-05,1161,143,16.571041107177734,6.2308293407222735,-0.2272152729899209
MOT20,MOT20-05,1171,149,16.33502769470215,6.179495633350423,-0.2434137493197896
MOT20,MOT20-05,1181,153,17.1202392578125,5.799671930033479,-0.2520941390910431
MOT20,MOT20-05,1191,155,15.795226097106934,5.863292338979468,-0.31351229415745546
MOT20,MOT20-05,1201,150,15.674134254455566,5.914258542411443,-0.2918298591048491
MOT20,MOT20-05,1211,147,16.146724700927734,5.60978355043931,-0.3305276201558002
MOT20,MOT20-05,1221,148,16.155406951904297,5.7777598247376245,-0.33439699115633925
MOT20,MOT20-05,1231,145,14.317198753356934,5.2256454120636,-0.37925917178397095
MOT20,MOT20-05,1241,144,14.11525583267212,5.734358609507975,-0.3630254802668596
MOT20,MOT20-05,1251,146,14.575234413146973,5.189495699923285,-0.27289097972679865
MOT20,MOT20-05,1261,141,15.177669525146484,5.583708196821754,-0.408159595873111
MOT20,MOT20-05,1271,145,15.207094192504883,6.0072838136781606,-0.35577861754054474
MOT20,MOT20-05,1281,147,15.098036766052246,5.6927077350938005,-0.25189461197288987
MOT20,MOT20-05,1291,144,14.763509750366211,5.668317962886401,-0.3276585483482035
MOT20,MOT20-05,1301,149,15.489906311035156,5.664484939126784,-0.3652675494286233
MOT20,MOT20-05,1311,146,15.150507926940918,5.3276631264910215,-0.36375116886622394
MOT20,MOT20-05,1321,140,14.412827014923096,4.747014479172779,-0.42523015022632354
MOT20,MOT20-05,1331,147,14.788650512695312,5.145028065289412,-0.3777134696899863
MOT20,MOT20-05,1341,147,15.421671867370605,5.372948526072497,-0.33316458756771866
MOT20,MOT20-05,1351,145,16.37908172607422,5.593425488876653,-0.21321051802865687
MOT20,MOT20-05,1361,141,16.699962615966797,5.986492244620442,-0.24408579134380753
MOT20,MOT20-05,1371,150,16.103320121765137,5.8400059507455415,-0.23571358727054537
MOT20,MOT20-05,1381,150,16.233359336853027,6.137319062963319,-0.08260811591626295
MOT20,MOT20-05,1391,146,15.15224027633667,5.4499342197151055,-0.14034299596078395
MOT20,MOT20-05,1401,142,15.159409999847412,5.9166339511028765,-0.1865856648595636
MOT20,MOT20-05,1411,146,15.451809406280518,5.743372689979342,-0.24433304734269715
MOT20,MOT20-05,1421,150,15.52510929107666,5.129730551106897,-0.1358869283079248
MOT20,MOT20-05,1431,146,17.030735969543457,5.117547000719457,-0.18631100999681877
MOT20,MOT20-05,1441,150,16.353928565979004,5.187801079890833,-0.16574425530023557
MOT20,MOT20-05,1451,153,16.135889053344727,5.858714139291477,-0.13569686247704824
MOT20,MOT20-05,1461,156,16.08088207244873,6.3001488325255455,-0.14728074473297403
MOT20,MOT20-05,1471,154,16.408889770507812,5.9224132032168795,-0.3144270024725433
MOT20,MOT20-05,1481,150,16.130396842956543,5.68712205703111,-0.2112396106493622
MOT20,MOT20-05,1491,147,17.2894287109375,6.058552539377107,-0.3070026974136563
MOT20,MOT20-05,1501,151,17.04818344116211,5.801408882583857,-0.12582432903450677
MOT20,MOT20-05,1511,161,17.37156105041504,5.756597370287908,-0.10284679089026917
MOT20,MOT20-05,1521,163,17.860218048095703,5.825218651824064,-0.07881246501626571
MOT20,MOT20-05,1531,161,17.00788116455078,5.9077659818356985,-0.12612433862433867
MOT20,MOT20-05,1541,156,17.765769004821777,5.933733536937084,-0.1107995764252185
MOT20,MOT20-05,1551,156,17.957239151000977,5.806077940804091,-0.2538508953549019
MOT20,MOT20-05,1561,158,17.04869556427002,5.888872775728002,-0.2684697402789039
MOT20,MOT20-05,1571,154,16.527645111083984,5.852898528593566,-0.24140729605625244
MOT20,MOT20-05,1581,149,16.276710510253906,6.047521455942647,-0.3662651913658625
MOT20,MOT20-05,1591,156,16.02212142944336,5.788649199447673,-0.2681892178091068
MOT20,MOT20-05,1601,156,15.948554992675781,5.86650067061418,-0.2162412479651025
MOT20,MOT20-05,1611,159,16.693689346313477,6.5344413644684165,-0.20486326725579174
MOT20,MOT20-05,1621,160,16.954605102539062,5.985490631843297,-0.1774932614555256
MOT20,MOT20-05,1631,165,16.901994705200195,6.056183355774906,-0.22209013437341385
MOT20,MOT20-05,1641,167,17.146648406982422,5.7134084863637025,-0.07421387861110826
MOT20,MOT20-05,1651,164,16.524507522583008,5.722336727822084,-0.31141430767347267
MOT20,MOT20-05,1661,169,15.636391639709473,5.741343389995137,-0.3335512903386207
MOT20,MOT20-05,1671,171,15.76555347442627,5.60495355068109,-0.2220126238990088
MOT20,MOT20-05,1681,171,16.256559371948242,5.612024239600574,-0.27260181918544657
MOT20,MOT20-05,1691,167,16.5918025970459,5.786947746415184,-0.3656894472672555
MOT20,MOT20-05,1701,160,16.884706497192383,6.168618220766613,-0.2954500175788117
MOT20,MOT20-05,1711,160,17.76460361480713,6.13932285852941,-0.30373842728231576
MOT20,MOT20-05,1721,161,17.183788299560547,5.6745119277711185,-0.28355187485622274
MOT20,MOT20-05,1731,150,15.448453426361084,5.40841420506058,-0.2543064136183831
MOT20,MOT20-05,1741,150,15.813453674316406,5.418769737908561,-0.22346059824881107
MOT20,MOT20-05,1751,152,16.248576164245605,5.23795945743111,-0.24700141471715906
MOT20,MOT20-05,1761,149,14.752928733825684,5.604719621374133,-0.15236713223290405
MOT20,MOT20-05,1771,153,15.873997688293457,6.8409729049362245,-0.23242933537051183
MOT20,MOT20-05,1781,149,16.22595977783203,6.006706722342748,-0.16128423725739163
MOT20,MOT20-05,1791,153,16.57143211364746,5.519408687197918,-0.1684860547089649
MOT20,MOT20-05,1801,161,16.548765182495117,6.527574849570393,-0.13268921095008054
MOT20,MOT20-05,1811,157,17.37576675415039,5.660638552806835,-0.14966292274201654
MOT20,MOT20-05,1821,159,16.870573043823242,5.7553118491075965,-0.14492178170527825
MOT20,MOT20-05,1831,155,15.857341766357422,5.718197003636094,-0.04930553317650092
MOT20,MOT20-05,1841,159,16.289159774780273,6.088288717802994,-0.18692978266061622
MOT20,MOT20-05,1851,151,16.380252838134766,5.769963210948189,-0.11491808992680375
MOT20,MOT20-05,1861,158,15.630860328674316,5.807316180186932,-0.13462506788528034
MOT20,MOT20-05,1871,159,15.223963737487793,5.210407535707165,-0.1367805111058037
MOT20,MOT20-05,1881,167,16.051340103149414,5.736651151444517,-0.07780050913663208
MOT20,MOT20-05,1891,165,15.952439308166504,5.583636298741685,-0.0828146288034622
MOT20,MOT20-05,1901,154,16.026988983154297,5.115001244380359,-0.15892456689420636
MOT20,MOT20-05,1911,158,16.16691303253174,5.090290076548524,-0.09297355022141629
MOT20,MOT20-05,1921,151,14.91487979888916,4.871972273786922,-0.17944231439525965
MOT20,MOT20-05,1931,140,15.760910511016846,4.907800931224334,-0.1510397760818701
MOT20,MOT20-05,1941,140,16.75627326965332,5.302434783585162,-0.34292274387177196
MOT20,MOT20-05,1951,148,16.471519470214844,5.814404894239775,-0.16660435260627016
MOT20,MOT20-05,1961,147,16.010303497314453,5.548572936746285,-0.04935813644228517
MOT20,MOT20-05,1971,147,16.135286331176758,5.502740481413709,-0.10913947215317078
MOT20,MOT20-05,1981,151,15.735590934753418,5.921897174918595,-0.17998257232485185
MOT20,MOT20-05,1991,142,15.939325332641602,6.513567150882866,-0.14985823286692332
MOT20,MOT20-05,2001,137,16.63211441040039,5.0691053802679535,-0.17294229656318252
MOT20,MOT20-05,2011,140,17.232190132141113,5.556847860912552,-0.1593448645339048
MOT20,MOT20-05,2021,139,16.673112869262695,5.481059210498248,-0.24279905268331917
MOT20,MOT20-05,2031,133,15.841848373413086,5.823320121318274,-0.26950857469317796
MOT20,MOT20-05,2041,140,17.253664016723633,6.238948656724498,-0.3895781854759355
MOT20,MOT20-05,2051,141,16.684810638427734,5.875410146599444,-0.38788903634573396
MOT20,MOT20-05,2061,144,17.42778778076172,6.322663987711939,-0.3019934088899606
MOT20,MOT20-05,2071,142,17.014243125915527,5.7370105694412095,-0.3344300290659296
MOT20,MOT20-05,2081,140,17.173978805541992,5.870253780124331,-0.3634471146487066
MOT20,MOT20-05,2091,149,16.4718074798584,5.59816008579267,-0.3196553600580446
MOT20,MOT20-05,2101,152,16.48937225341797,5.697254323276055,-0.30527819353604113
MOT20,MOT20-05,2111,151,15.715666770935059,5.642727739429525,-0.2911850819100732
MOT20,MOT20-05,2121,151,16.818031311035156,5.7945138713820965,-0.36492854653189255
MOT20,MOT20-05,2131,156,16.839733123779297,5.896869071385172,-0.2901613693477264
MOT20,MOT20-05,2141,148,16.899643898010254,6.0652782929813585,-0.3517992722211323
MOT20,MOT20-05,2151,145,16.964242935180664,5.531546119659281,-0.19742560226735945
MOT20,MOT20-05,2161,145,16.82173728942871,5.522014146143285,-0.23153046764289087
MOT20,MOT20-05,2171,141,16.705671310424805,5.124385001716576,-0.3187807697247313
MOT20,MOT20-05,2181,144,17.332337379455566,5.325466659668711,-0.211413873482839
MOT20,MOT20-05,2191,145,16.834487915039062,6.021570846943579,-0.17916469847268143
MOT20,MOT20-05,2201,143,17.33407211303711,5.865201074615903,-0.27110213729932037
MOT20,MOT20-05,2211,145,17.501270294189453,5.1245909261637514,-0.3006770587309085
MOT20,MOT20-05,2221,144,17.06507110595703,5.641017584219402,-0.19636283256972914
MOT20,MOT20-05,2231,146,16.613636016845703,5.722444724084086,-0.3242111960514012
MOT20,MOT20-05,2241,147,17.241168975830078,5.77056982231985,-0.25973373429342117
MOT20,MOT20-05,2251,142,16.468347549438477,6.1053826071209,-0.2797810520315765
MOT20,MOT20-05,2261,143,17.34424591064453,5.130231752267244,-0.2874560885124265
MOT20,MOT20-05,2271,141,16.53849983215332,6.360085979587784,-0.09712744552420907
MOT20,MOT20-05,2281,141,16.65961265563965,5.819917020249816,-0.1400616464745922
MOT20,MOT20-05,2291,149,16.22760581970215,6.809284002997818,-0.2265989479412298
MOT20,MOT20-05,2301,150,16.514199256896973,6.534914283646681,-0.19421485399351085
MOT20,MOT20-05,2311,140,16.849177360534668,5.6874229151407345,-0.18523977170846914
MOT20,MOT20-05,2321,150,16.99675178527832,5.6058204084640035,-0.18105160229343528
MOT20,MOT20-05,2331,155,16.778730392456055,5.639015212589351,-0.20384776513808772
MOT20,MOT20-05,2341,146,17.12952995300293,5.04043169380312,-0.18236241119026733
MOT20,MOT20-05,2351,142,17.454944610595703,4.703939371454804,-0.2643239289927933
MOT20,MOT20-05,2361,142,17.413199424743652,5.652943954617365,-0.1942136377257744
MOT20,MOT20-05,2371,145,17.934110641479492,5.302319689350264,-0.20003149110376317
MOT20,MOT20-05,2381,142,17.37586784362793,5.997750653186533,-0.33298406717645557
MOT20,MOT20-05,2391,140,18.620542526245117,5.408231675071582,-0.16274299709168838
MOT20,MOT20-05,2401,140,17.845706939697266,6.728833239555802,-0.23786053224289871
MOT20,MOT20-05,2411,139,17.312345504760742,5.6485216601015145,-0.20915590508959292
MOT20,MOT20-05,2421,136,16.54418659210205,5.744902428779261,-0.10923142979819662
MOT20,MOT20-05,2431,132,16.383118629455566,5.730033414269667,-0.28998763390085197
MOT20,MOT20-05,2441,134,17.445215225219727,5.325725095332064,-0.14567513310639782
MOT20,MOT20-05,2451,132,16.488737106323242,5.088763286593057,-0.2940418360265688
MOT20,MOT20-05,2461,138,15.884267330169678,5.950317095814712,-0.28169428912598254
MOT20,MOT20-05,2471,132,16.709646224975586,5.210609871746598,-0.26309528157659934
MOT20,MOT20-05,2481,133,16.136756896972656,4.745694932313541,-0.14359167933402023
MOT20,MOT20-05,2491,131,15.380656242370605,4.854475710346398,-0.3233011263545615
MOT20,MOT20-05,2501,133,15.831123352050781,5.09872492213555,-0.23364891196784363
MOT20,MOT20-05,2511,134,15.753912925720215,5.035389724891888,-0.2900509981421215
MOT20,MOT20-05,2521,132,16.26444435119629,5.526531734164228,-0.2224541228157138
MOT20,MOT20-05,2531,138,16.187318801879883,5.138537682100308,-0.1309051140553758
MOT20,MOT20-05,2541,141,16.358524322509766,5.171505694729869,-0.2327368466115844
MOT20,MOT20-05,2551,136,15.824501514434814,4.903804817017605,-0.23054720671723677
MOT20,MOT20-05,2561,137,15.35700511932373,5.443719467935285,-0.18290645360016428
MOT20,MOT20-05,2571,137,15.540797233581543,5.54765147477778,-0.22054156476935424
MOT20,MOT20-05,2581,136,15.395818710327148,5.694885962829295,-0.19838748151328656
MOT20,MOT20-05,2591,131,15.362114906311035,5.660479417343241,-0.14381572625847433
MOT20,MOT20-05,2601,131,15.674455642700195,5.68112076746877,-0.16855815939785404
MOT20,MOT20-05,2611,133,15.948063850402832,5.97271772165837,-0.1213668499607227
MOT20,MOT20-05,2621,134,15.741940021514893,6.050811400098476,-0.21980074564520755
MOT20,MOT20-05,2631,131,15.266889572143555,6.0869905394356225,-0.1662840975818075
MOT20,MOT20-05,2641,134,15.385522365570068,5.8015145893586535,-0.1923789573436078
MOT20,MOT20-05,2651,134,15.8266282081604,6.252696059401513,-0.17969550742527965
MOT20,MOT20-05,2661,135,15.97426700592041,5.577537570622273,-0.2178811823236758
MOT20,MOT20-05,2671,131,15.543096542358398,5.400649356557237,-0.1749105855976085
MOT20,MOT20-05,2681,132,15.610575199127197,5.885966419715912,-0.21707982656154612
MOT20,MOT20-05,2691,139,15.789934158325195,6.144875484968625,-0.15765673175745115
MOT20,MOT20-05,2701,136,16.49549388885498,6.200211040583359,-0.01037641333905825
MOT20,MOT20-05,2711,137,17.282426834106445,6.796873216741734,-0.13687998207851848
MOT20,MOT20-05,2721,141,16.985565185546875,6.442864277987249,-0.11733378997388587
MOT20,MOT20-05,2731,139,16.5875186920166,5.836690496594741,-0.1683855400151928
MOT20,MOT20-05,2741,142,17.428317070007324,5.84700283688373,-0.06714502159512649
MOT20,MOT20-05,2751,142,16.65896224975586,5.168634474259347,-0.07975213279378698
MOT20,MOT20-05,2761,141,15.660089492797852,5.99999467411344,0.006528532899524807
MOT20,MOT20-05,2771,143,14.695395469665527,4.868763713082823,-0.16878016349847336
MOT20,MOT20-05,2781,137,14.235440254211426,5.224703028287532,-0.10500401366512964
MOT20,MOT20-05,2791,139,15.466570854187012,5.1476161697394796,-0.21789177353769154
MOT20,MOT20-05,2801,141,15.367440223693848,5.42626916498964,-0.1890577507598784
MOT20,MOT20-05,2811,142,14.797638416290283,5.059518381983239,-0.17389892097713494
MOT20,MOT20-05,2821,136,14.963644981384277,5.061050490816704,-0.2547159009589237
MOT20,MOT20-05,2831,137,15.790114402770996,5.3096078657178625,-0.2106707487818993
MOT20,MOT20-05,2841,138,14.231772422790527,5.946349244251135,-0.32328437472173954
MOT20,MOT20-05,2851,133,14.613388061523438,4.688182277120344,-0.250711582211975
MOT20,MOT20-05,2861,138,15.41364336013794,5.287638863890889,-0.33294215151522066
MOT20,MOT20-05,2871,135,14.508508682250977,5.49007980145841,-0.35271193054336164
MOT20,MOT20-05,2881,137,14.886739730834961,5.56622390914107,-0.18327048369331864
MOT20,MOT20-05,2891,131,15.39517593383789,5.466074496445799,-0.20983825334970374
MOT20,MOT20-05,2901,131,15.452926635742188,5.269053232041937,-0.2837612768910479
MOT20,MOT20-05,2911,137,14.885900497436523,5.089414292146436,-0.23886907984393374
MOT20,MOT20-05,2921,129,15.813591003417969,5.732207862400051,-0.3607055008944544
MOT20,MOT20-05,2931,128,16.21926212310791,5.790308413026572,-0.3779870902765061
MOT20,MOT20-05,2941,123,16.175399780273438,5.3487093599466755,-0.3410506765035921
MOT20,MOT20-05,2951,126,16.70137596130371,5.340321389136231,-0.4870821147356581
MOT20,MOT20-05,2961,127,16.610719680786133,5.636838994217588,-0.47432156917885265
MOT20,MOT20-05,2971,129,16.871706008911133,5.5805035692446046,-0.3135286225402505
MOT20,MOT20-05,2981,126,16.394402503967285,5.471223343004222,-0.3214308211473566
MOT20,MOT20-05,2991,121,16.383527755737305,5.817965409427494,-0.3646592602628369
MOT20,MOT20-05,3001,125,16.99063491821289,6.222376659768708,-0.2128233486943164
MOT20,MOT20-05,3011,135,18.05488395690918,5.586437580344311,-0.17913862062237834
MOT20,MOT20-05,3021,143,17.954307556152344,5.886312453240498,-0.21817032732525687
MOT20,MOT20-05,3031,142,18.25579261779785,5.343323623579193,-0.27507434130149144
MOT20,MOT20-05,3041,143,17.39716339111328,5.406916977277314,-0.31020388062641574
MOT20,MOT20-05,3051,145,17.063833236694336,6.010889565094047,-0.1787435049598488
MOT20,MOT20-05,3061,151,17.962839126586914,5.59269487957762,-0.1825165562913907
MOT20,MOT20-05,3071,152,17.59153938293457,5.285475747686623,-0.16958494795617793
MOT20,MOT20-05,3081,156,17.968841552734375,5.444896931578428,-0.1801994594680027
MOT20,MOT20-05,3091,153,18.1864070892334,5.591637254223115,-0.3457507404875826
MOT20,MOT20-05,3101,160,16.808310508728027,6.265272640771738,-0.36825266611977026
MOT20,MOT20-05,3111,159,18.08661651611328,5.877497514118671,-0.30289288273226656
MOT20,MOT20-05,3121,157,18.105518341064453,5.697761756261889,-0.3179999875960531
MOT20,MOT20-05,3131,161,18.161405563354492,5.5554544539651625,-0.24949839652237624
MOT20,MOT20-05,3141,153,17.514400482177734,5.831559921057369,-0.31026429710640235
MOT20,MOT20-05,3151,158,17.777037620544434,5.855837455653825,-0.20041255995582322
MOT20,MOT20-05,3161,159,18.03760528564453,5.850659252473772,-0.3122880343921663
MOT20,MOT20-05,3171,156,17.58326530456543,6.099964380799665,-0.32974664538256065
MOT20,MOT20-05,3181,157,17.21742820739746,6.418676391378835,-0.22092669887558222
MOT20,MOT20-05,3191,161,17.071170806884766,6.747535223238124,-0.26954221302047393
MOT20,MOT20-05,3201,156,17.221656799316406,6.452553658777019,-0.27192236569676465
MOT20,MOT20-05,3211,151,16.84183692932129,6.984303438167958,-0.26950853956082255
MOT20,MOT20-05,3221,155,18.41002655029297,6.560064076846385,-0.25809351938384195
MOT20,MOT20-05,3231,156,18.25633144378662,6.421299989150424,-0.273641952869403
MOT20,MOT20-05,3241,152,18.597139358520508,5.855887907581578,-0.17619721293885277
MOT20,MOT20-05,3251,154,18.649751663208008,6.193709943899832,-0.182233831949202
MOT20,MOT20-05,3261,147,18.57110595703125,6.2895733663292415,-0.16690719234750545
MOT20,MOT20-05,3271,143,18.691499710083008,6.549294003181998,-0.2358416231655668
MOT20,MOT20-05,3281,148,17.82733917236328,6.677209223105874,-0.21989583063408571
MOT20,MOT20-05,3291,152,18.069632530212402,6.3405024102111485,-0.2397159630669974
MOT20,MOT20-05,3301,144,18.819241523742676,6.260629522484652,-0.1377059721887308
MOT20,MOT20-05,3311,143,18.72173309326172,6.258849228478268,-0.12362930496733313
UAVDT,M0101,61,16,13.053781509399414,3.803888274372918,0.611764705882353
UAVDT,M0101,121,17,13.9108304977417,4.530612261142251,0.12009803921568628
UAVDT,M0101,181,15,13.584641456604004,4.698684094321293,0.47142857142857136
UAVDT,M0101,241,13,11.550149917602539,3.476621135610454,-0.09890109890109891
UAVDT,M0101,301,11,11.943241119384766,2.8829248836477,-0.5090909090909091
UAVDT,M0101,361,10,12.522615909576416,3.809286668230445,-0.2606060606060606
UAVDT,M0201,121,5,18.577180862426758,4.874354730202821,-0.7
UAVDT,M0201,181,6,17.564830780029297,3.8678637911409637,-0.028571428571428574
UAVDT,M0201,241,7,18.772666931152344,3.935417424419521,0.07142857142857144
UAVDT,M0201,301,7,23.06616973876953,4.130017800039359,-0.3571428571428572
UAVDT,M0201,361,6,28.774943351745605,3.5803446641905343,0.6
UAVDT,M0201,421,7,27.737672805786133,1.672308374696973,-0.6071428571428572
UAVDT,M0201,481,4,15.552254676818848,1.8487548790297206,0.7999999999999999
UAVDT,M0201,541,8,15.804596424102783,4.272648403980152,-0.7142857142857144
UAVDT,M0201,601,7,14.673604965209961,2.663637344522378,-0.5
UAVDT,M0201,721,7,7.549286365509033,5.332407186603406,-0.7857142857142859
UAVDT,M0201,841,4,16.78834629058838,3.5026278022223836,0.6000000000000001
UAVDT,M0201,901,7,21.507352828979492,5.587406409905736,-0.5357142857142858
UAVDT,M0201,961,9,17.189647674560547,6.739907928263694,-0.26666666666666666
UAVDT,M0201,1021,8,21.191596031188965,6.970021607011333,0.523809523809524
UAVDT,M0202,61,13,23.440052032470703,3.374195091435954,-0.14285714285714285
UAVDT,M0202,121,14,26.45791530609131,5.764394000131496,-0.6087912087912088
UAVDT,M0202,181,15,22.043914794921875,5.536428910820537,-0.7071428571428571
UAVDT,M0202,241,12,22.866679191589355,3.9038918050183313,-0.7272727272727274
UAVDT,M0203,61,5,9.37655258178711,2.20387833083008,-0.6
UAVDT,M0203,121,7,13.755304336547852,2.0725355749427226,-0.5714285714285715
UAVDT,M0203,181,6,10.880405902862549,2.760708689027628,0.5428571428571429
UAVDT,M0203,241,7,9.673928260803223,1.7809431874335044,-0.10714285714285716
UAVDT,M0203,301,4,10.732044219970703,1.5246168685299357,0.39999999999999997
UAVDT,M0203,361,9,8.977542877197266,3.6794583821287317,-0.06666666666666667
UAVDT,M0203,421,6,12.06387996673584,3.557268103404969,0.14285714285714288
UAVDT,M0203,481,5,14.412284851074219,3.043981973578029,-0.8999999999999998
UAVDT,M0203,541,7,10.133057594299316,2.837452908333933,-0.10714285714285716
UAVDT,M0203,721,5,3.7385833263397217,1.1000307399017555,-0.6
UAVDT,M0203,781,4,3.5657719373703003,1.0473234450973303,0.39999999999999997
UAVDT,M0204,61,13,23.003524780273438,3.6388102304877017,0.15934065934065936
UAVDT,M0204,121,9,20.77044105529785,7.334903972535343,-0.31666666666666665
UAVDT,M0204,181,9,20.09130096435547,6.984834236846494,0.15
UAVDT,M0204,241,8,26.68002700805664,7.716194546433429,-0.5714285714285715
UAVDT,M0204,301,8,26.35091495513916,7.2419618672640205,-0.4761904761904762
UAVDT,M0205,61,12,20.08924961090088,3.0026948008290075,-0.15384615384615385
UAVDT,M0205,121,9,18.83836555480957,3.6380382562885454,0.3666666666666667
UAVDT,M0205,181,7,18.54523277282715,1.5616391646853809,0.03571428571428572
UAVDT,M0205,241,7,19.90929412841797,5.032794186845693,-0.7857142857142859
UAVDT,M0205,301,7,15.916799545288086,4.990134512296282,-0.28571428571428575
UAVDT,M0205,361,7,20.1937198638916,3.70144883112941,0.28571428571428575
UAVDT,M0205,421,8,23.303866386413574,5.929548526206417,0.19047619047619052
UAVDT,M0205,481,9,22.26116371154785,3.457741729619421,-0.6333333333333333
UAVDT,M0205,541,5,20.449172973632812,2.3229954485404463,-0.7999999999999999
UAVDT,M0205,601,6,25.994973182678223,3.5216099781429238,-0.7714285714285715
UAVDT,M0206,61,8,42.79195022583008,3.4512998475389263,-0.21821789023599236
UAVDT,M0206,121,9,37.78266143798828,7.782175006217131,-0.3
UAVDT,M0206,181,9,33.788631439208984,5.081846457039423,0.35
UAVDT,M0206,241,10,27.36126136779785,3.9220845033114724,0.06666666666666665
UAVDT,M0206,301,10,23.446228981018066,3.9846832562102925,-0.18787878787878787
UAVDT,M0206,361,11,16.283111572265625,3.506824351473621,-0.28181818181818186
UAVDT,M0206,421,10,14.909911155700684,2.358562885560043,-0.9515151515151514
UAVDT,M0206,481,10,11.783598899841309,4.231502229376262,-0.5151515151515151
UAVDT,M0206,541,9,9.152831077575684,3.8667061122606543,-0.33333333333333337
UAVDT,M0209,61,10,25.95876693725586,9.452889204768443,-0.3939393939393939
UAVDT,M0209,121,12,24.577774047851562,6.452441365298351,-0.04895104895104895
UAVDT,M0209,181,10,24.207508087158203,4.450413502922476,0.006060606060606061
UAVDT,M0209,241,12,26.39415168762207,4.46749677879831,0.06993006993006995
UAVDT,M0209,301,11,25.109920501708984,3.698933024682351,-0.08181818181818183
UAVDT,M0209,361,9,18.7214298248291,3.8951407363768316,0.5643840994967044
UAVDT,M0209,421,7,15.915929794311523,3.9672083761069934,0.5357142857142858
UAVDT,M0209,481,9,18.2562313079834,4.4668853104363295,-0.6666666666666667
UAVDT,M0209,541,10,14.823885440826416,4.664643853554831,-0.7575757575757575
UAVDT,M0209,601,11,31.233341217041016,4.262002377048242,-0.4090909090909091
UAVDT,M0209,661,11,31.460886001586914,3.9169792845495586,-0.3545454545454546
UAVDT,M0209,721,12,26.54658031463623,6.720653804785628,-0.5524475524475525
UAVDT,M0209,781,11,32.89482879638672,5.601479767892026,0.02727272727272728
UAVDT,M0209,841,10,31.9799861907959,6.624497112149688,-0.5393939393939393
UAVDT,M0209,901,12,34.76101875305176,5.8771364819217515,-0.18181818181818185
UAVDT,M0209,961,9,30.43868637084961,4.444904771743574,-0.2333333333333333
UAVDT,M0209,1021,9,32.197601318359375,6.557439099915581,-0.3666666666666667
UAVDT,M0209,1081,10,32.11664390563965,5.4637664633149186,-0.1515151515151515
UAVDT,M0209,1141,10,22.422801971435547,5.324201987086746,-0.32121212121212117
UAVDT,M0209,1201,12,25.110339164733887,7.506157194487613,-0.04895104895104895
UAVDT,M0209,1261,10,19.243608474731445,6.786439034621953,-0.6363636363636362
UAVDT,M0209,1321,8,20.55268096923828,8.41411242660592,0.0
UAVDT,M0209,1381,8,19.52758026123047,3.610269261475244,-0.04761904761904763
UAVDT,M0209,1441,9,14.508223533630371,4.719740717884559,0.09901475429766743
UAVDT,M0209,1501,10,23.609768867492676,5.434104089182034,0.7292586522065967
UAVDT,M0209,1561,12,25.330491065979004,5.252040007180079,-0.4054958414957615
UAVDT,M0210,61,8,11.768663883209229,2.1910117943103797,-0.04761904761904763
UAVDT,M0210,121,8,13.067571640014648,2.04095139079743,-0.2380952380952381
UAVDT,M0210,181,8,12.545342922210693,1.8241826178923983,-0.3333333333333334
UAVDT,M0210,241,8,14.440735340118408,2.297007354934709,-0.14285714285714288
UAVDT,M0210,301,10,21.22907543182373,2.4244702085883385,-0.34545454545454546
UAVDT,M0210,361,8,16.93816566467285,2.489063914912941,-0.4761904761904762
UAVDT,M0210,421,15,10.819124221801758,1.7210551724833858,0.09285714285714285
UAVDT,M0210,481,16,9.292725086212158,2.1079749791965576,0.5647058823529412
UAVDT,M0210,541,20,9.061979293823242,1.8890552601712063,0.3142857142857143
UAVDT,M0301,61,6,19.356450080871582,2.7984256917763553,0.14285714285714288
UAVDT,M0301,121,4,26.851459503173828,2.0480061036467068,-0.39999999999999997
UAVDT,M0301,301,7,17.340282440185547,2.2610421003078813,0.5357142857142858
UAVDT,M0401,61,19,34.436466217041016,8.583974037312029,-0.5701754385964912
UAVDT,M0401,121,18,25.632429122924805,10.065726515414736,-0.12899896800825592
UAVDT,M0401,181,18,25.94611930847168,9.724122756599792,-0.4097007223942208
UAVDT,M0401,241,13,31.691423416137695,9.776006523379898,-0.32417582417582413
UAVDT,M0401,301,12,33.93333625793457,9.52585972501338,-0.25874125874125875
UAVDT,M0401,361,13,44.8982048034668,11.332434481708823,-0.48901098901098894
UAVDT,M0401,421,14,49.04523468017578,10.163191925747375,-0.07692307692307693
UAVDT,M0401,481,16,48.62644958496094,8.82845430178168,-0.6035369481459101
UAVDT,M0401,541,21,48.47687911987305,11.4730973727097,-0.38315706769078495
UAVDT,M0401,601,24,44.61455535888672,8.195987976118209,-0.5782608695652174
UAVDT,M0402,61,29,24.27202033996582,6.2256070244601736,0.2977762086912626
UAVDT,M0402,121,27,23.498096466064453,6.879187663918537,0.38949938949938945
UAVDT,M0402,181,26,21.4658260345459,7.014148350835489,0.16649572649572647
UAVDT,M0402,241,23,18.763769149780273,7.398263302766245,-0.3053359683794466
UAVDT,M0402,301,22,15.470660209655762,5.073478745669274,-0.497459062676454
UAVDT,M0402,361,21,15.22868537902832,4.484599765155784,-0.625974025974026
UAVDT,M0403,61,62,21.70115852355957,8.82399745264271,0.039989947614954
UAVDT,M0403,121,61,21.614322662353516,8.771932851892474,-0.2508725542041248
UAVDT,M0403,181,61,21.730344772338867,6.779653947168912,-0.20285563194077205
UAVDT,M0403,241,59,21.968948364257812,8.249346323448243,-0.02449072605525286
UAVDT,M0403,301,57,21.55533218383789,6.737742448817602,-0.24124967591392274
UAVDT,M0403,361,56,21.67352294921875,4.731410925406522,-0.3019138755980862
UAVDT,M0403,421,58,21.05935001373291,5.846057961393084,-0.381094466147836
UAVDT,M0403,481,58,21.168025016784668,5.7618981232364535,-0.23670368205727646
UAVDT,M0501,61,13,25.965845108032227,5.073830641525657,-0.13736263736263735
UAVDT,M0501,121,14,22.92505645751953,8.80205337268339,-0.06813186813186813
UAVDT,M0501,181,13,22.203330993652344,5.379718326261734,-0.7252747252747254
UAVDT,M0501,241,13,24.01685333251953,4.720767462050602,-0.11538461538461539
UAVDT,M0501,301,13,21.17132568359375,5.69286361401466,-0.19780219780219782
UAVDT,M0601,61,31,18.27570152282715,4.529254127975243,-0.27597149396705256
UAVDT,M0601,121,32,16.000892162322998,3.5705879973567503,0.20967741935483866
UAVDT,M0601,181,29,14.205522537231445,2.6860955604206813,0.36878930522175624
UAVDT,M0601,241,32,13.165747165679932,3.8570173914211017,0.22690615835777125
UAVDT,M0601,301,27,12.653231620788574,3.626671645541601,0.14713064713064714
UAVDT,M0601,361,10,12.182969570159912,2.7881491352725085,0.04161251892882394
UAVDT,M0602,61,36,10.929675579071045,2.6240336488999905,-0.054568854568854575
UAVDT,M0602,121,30,11.605846405029297,1.96656305408794,-0.11142577887729886
UAVDT,M0602,181,33,12.613572120666504,2.0687113298620354,0.2259358288770054
UAVDT,M0602,241,39,13.511961936950684,2.824453584022109,0.16356275303643728
UAVDT,M0602,301,37,14.881832122802734,3.2992236078233494,0.1872925557136083
UAVDT,M0602,361,46,23.245981216430664,4.621107383098555,-0.3086648165279062
UAVDT,M0602,421,43,27.062820434570312,5.198463166832736,-0.1481425551192993
UAVDT,M0603,61,15,17.59937858581543,3.0674957981800723,0.28928571428571426
UAVDT,M0603,121,16,17.558573722839355,3.0726531370662524,-0.2058823529411765
UAVDT,M0603,181,16,16.01225709915161,2.700157402490523,-0.25588235294117645
UAVDT,M0603,241,19,14.635178565979004,2.8865114976367514,-0.45789473684210524
UAVDT,M0603,301,23,14.079495429992676,2.743303719976342,-0.25691699604743085
UAVDT,M0603,361,26,12.712810039520264,2.527994560292098,-0.5138461538461538
UAVDT,M0603,421,26,12.612077713012695,2.4742105115284456,-0.5117948717948718
UAVDT,M0603,481,27,13.964286804199219,2.463421415913608,-0.3315018315018315
UAVDT,M0603,541,26,13.778435230255127,2.4601378048375575,-0.52
UAVDT,M0603,601,26,12.688148975372314,2.6589557168303504,-0.3606837606837607
UAVDT,M0603,661,27,14.027310371398926,3.091790954949464,-0.2094017094017094
UAVDT,M0603,721,25,13.790164947509766,2.502777878960572,-0.3730769230769231
UAVDT,M0603,781,24,13.426304340362549,2.5085046213319195,-0.54
UAVDT,M0603,841,23,12.980753898620605,2.4027064829401947,-0.3379446640316206
UAVDT,M0603,901,23,12.082263946533203,2.3404872312317377,-0.15612648221343872
UAVDT,M0603,961,25,13.498676300048828,2.4170192363545295,-0.42615384615384616
UAVDT,M0603,1021,26,13.136681079864502,2.4123595823123103,-0.4147008547008547
UAVDT,M0603,1081,26,14.491236686706543,2.622854097685621,-0.13709401709401706
UAVDT,M0603,1141,24,13.255086421966553,2.418462955371011,-0.18869565217391301
UAVDT,M0603,1201,26,14.125138759613037,2.623530267221457,-0.2567521367521367
UAVDT,M0603,1261,27,14.854117393493652,2.4736546713449896,0.04029304029304029
UAVDT,M0603,1321,25,15.601683616638184,2.4197959584022066,-0.027692307692307697
UAVDT,M0603,1381,26,12.675320148468018,2.6171626458297212,-0.23555555555555555
UAVDT,M0603,1441,25,12.808793067932129,2.758406017304971,-0.19692307692307692
UAVDT,M0603,1501,24,15.242167949676514,2.646228218848914,-0.31652173913043474
UAVDT,M0603,1561,21,15.450638771057129,2.610228730234431,0.1012987012987013
UAVDT,M0603,1621,18,15.357954502105713,2.666384633266015,-0.32094943240454077
UAVDT,M0603,1681,17,14.297900199890137,2.509375846326429,-0.1518624815983312
UAVDT,M0603,1741,16,13.673493385314941,2.320408520300793,-0.09705882352941177
UAVDT,M0603,1801,15,12.895926475524902,2.293203145311733,-0.15357142857142855
UAVDT,M0603,1861,16,14.129531860351562,2.3543753879587768,-0.31338429869742473
UAVDT,M0603,1921,16,14.33089303970337,2.3829029162772835,0.15
UAVDT,M0603,1981,13,14.635553359985352,2.290876060911003,-0.3383324762254792
UAVDT,M0604,61,11,24.423938751220703,5.251136889396379,-0.06363636363636364
UAVDT,M0604,121,11,22.289522171020508,3.968639455467023,0.1272727272727273
UAVDT,M0604,181,13,21.438032150268555,3.894733479281333,0.2802197802197803
UAVDT,M0604,241,13,17.160533905029297,4.388000517636373,-0.24175824175824176
UAVDT,M0604,301,15,12.918333053588867,6.575235810800847,0.3321428571428571
UAVDT,M0604,361,17,19.710893630981445,10.892075804077367,-0.724926058227607
UAVDT,M0604,421,16,18.31520652770996,8.020433384274359,0.32647058823529407
UAVDT,M0604,481,16,19.493020057678223,13.819950668457436,-0.1264705882352941
UAVDT,M0604,541,13,18.467655181884766,7.511261236789503,0.07692307692307691
UAVDT,M0604,601,14,22.07302951812744,12.224736858215845,-0.04175824175824176
UAVDT,M0604,661,16,20.76340389251709,17.929613788352576,-0.0823529411764706
UAVDT,M0604,721,14,22.100428581237793,11.705825689955574,0.032967032967032975
UAVDT,M0604,781,14,22.032580375671387,12.086514356970719,-0.2
UAVDT,M0604,841,16,21.566083908081055,15.982344297604243,-0.2987075963641682
UAVDT,M0604,901,13,19.318565368652344,6.747459535529051,0.2967032967032967
UAVDT,M0604,961,15,19.92037010192871,12.211563981566728,-0.23571428571428568
UAVDT,M0604,1021,14,15.894908428192139,11.08831154855039,-0.5208791208791209
UAVDT,M0605,61,14,42.772891998291016,9.811908474407808,-0.5791148146887295
UAVDT,M0605,121,12,43.106740951538086,7.330135609471862,-0.2027972027972028
UAVDT,M0605,181,13,38.945709228515625,3.374023695856511,-0.8017055949492327
UAVDT,M0605,241,22,34.83124542236328,5.499794089787759,-0.4760022586109543
UAVDT,M0605,301,19,24.007116317749023,8.527926102630941,-0.556140350877193
UAVDT,M0605,361,13,19.530223846435547,6.927491082026211,-0.5934065934065934
UAVDT,M0605,421,15,27.319744110107422,8.817369631178362,-0.5785714285714285
UAVDT,M0605,481,16,28.218443870544434,7.763483726045806,-0.6911764705882353
UAVDT,M0605,541,15,34.627681732177734,8.238235240022071,-0.04285714285714285
UAVDT,M0605,601,14,35.750234603881836,11.961002510681086,-0.23956043956043957
UAVDT,M0605,661,11,44.20757293701172,8.168922546799555,0.19090909090909092
UAVDT,M0605,721,8,51.272613525390625,2.53022359190414,0.2142857142857143
UAVDT,M0605,781,14,54.91932487487793,10.848856753126249,-0.7142857142857143
UAVDT,M0606,61,14,13.284175872802734,7.739024212648083,-0.5164835164835165
UAVDT,M0606,121,17,12.186325073242188,5.4076466867526625,-0.2573529411764706
UAVDT,M0606,181,25,13.918522834777832,5.708602275915174,-0.5423076923076924
UAVDT,M0606,241,18,11.492448806762695,5.09914549950883,-0.6862745098039216
UAVDT,M0606,301,16,11.715420722961426,5.7210567747393775,0.3735294117647059
UAVDT,M0606,361,13,11.231952667236328,3.9785311311092144,-0.13736263736263735
UAVDT,M0606,421,10,12.633522987365723,4.16371053290167,0.44552956562436014
UAVDT,M0606,481,10,14.003596305847168,3.64619347234438,0.17575757575757575
UAVDT,M0606,541,12,14.64320707321167,3.053909344664775,0.31468531468531474
UAVDT,M0606,601,11,13.15555477142334,2.687721258684598,-0.3272727272727273
UAVDT,M0606,661,18,16.154801845550537,3.472288669409446,0.14344685242518057
UAVDT,M0606,721,19,12.86721134185791,3.5192005493146237,0.10350877192982455
UAVDT,M0606,781,14,13.971822738647461,3.870477264961575,-0.389010989010989
UAVDT,M0606,841,12,14.255061149597168,3.9151392428790555,-0.30087767706092355
UAVDT,M0606,901,11,9.657676696777344,2.6635929551423345,0.3545454545454546
UAVDT,M0606,961,8,21.803210258483887,3.01472849527997,-0.28571428571428575
UAVDT,M0606,1021,8,14.179494857788086,2.0734972255851254,0.261904761904762
UAVDT,M0606,1081,7,17.684717178344727,3.2505829628163596,-0.21428571428571433
UAVDT,M0606,1141,10,21.24583339691162,4.626155048438495,0.1515151515151515
UAVDT,M0606,1201,7,18.073007583618164,3.1997879940816394,0.14285714285714288
UAVDT,M0606,1261,11,24.785722732543945,4.509811648041451,0.3727272727272728
UAVDT,M0606,1321,9,22.28420066833496,4.048950583576134,0.6
UAVDT,M0701,61,30,16.241808891296387,1.796015663791214,0.27608453837597335
UAVDT,M0701,121,38,16.59732151031494,1.7078799116564551,-0.1740890688259109
UAVDT,M0701,181,46,16.916536331176758,1.7255290219134507,-0.11440024668516804
UAVDT,M0701,241,54,17.675606727600098,1.960227902042436,-0.07855917667238421
UAVDT,M0701,301,55,17.755647659301758,1.6154777502340971,-0.028138528138528143
UAVDT,M0701,361,57,17.50970458984375,1.6950580481476851,-0.03597355457609541
UAVDT,M0701,421,60,16.9672269821167,1.6772643593735295,-0.009058071686579608
UAVDT,M0701,481,61,15.896313667297363,1.5518104596696796,-0.09952406134320464
UAVDT,M0701,541,67,10.095273971557617,1.3719337255857929,0.2525740282544497
UAVDT,M0701,601,69,7.47133207321167,1.2936539943097531,0.2881256850566314
UAVDT,M0701,661,49,7.369063854217529,1.213399627404067,0.3108163265306122
UAVDT,M0701,721,50,6.487087965011597,1.2418125674869318,0.22779412630961257
UAVDT,M0701,781,51,7.1780805587768555,1.2121670251015286,-0.06402297448748154
UAVDT,M0701,841,54,6.990206003189087,1.2393926343452089,0.08966395430338504
UAVDT,M0701,901,52,7.545650482177734,1.2536609466600368,-0.45304861623946996
UAVDT,M0701,961,61,8.067523002624512,1.293404657594915,-0.3495608857253332
UAVDT,M0701,1021,62,8.96422004699707,1.31062213858028,-0.16737476935855844
UAVDT,M0701,1081,76,12.324557304382324,1.4995904002621439,-0.24374021280031655
UAVDT,M0701,1141,77,15.492331504821777,1.6036528776179004,-0.19608931000825955
UAVDT,M0701,1201,75,16.59977149963379,1.7356399552044672,-0.42153627311522046
UAVDT,M0701,1261,71,17.60567855834961,1.8235759063749362,-0.03534540576794098
UAVDT,M0702,61,55,12.991464614868164,2.500508963177547,0.054473304473304486
UAVDT,M0702,121,56,14.171929836273193,2.0918038698991506,0.08434723171565277
UAVDT,M0702,181,59,15.88525104522705,2.1638866867479325,0.1287551139684395
UAVDT,M0702,241,59,15.370880126953125,1.8643540155092722,-0.14430157802454707
UAVDT,M0702,301,58,15.637994766235352,1.8114857078746573,-0.33575317604355714
UAVDT,M0702,361,61,15.982308387756348,1.8820756982571722,-0.12559492332099417
UAVDT,M0702,421,63,15.114237785339355,2.1865279527650805,-0.3699116743471582
UAVDT,M0702,481,62,15.871671676635742,2.360950258039218,-0.3461761224849538
UAVDT,M0702,541,61,16.693206787109375,2.1260391891641786,-0.3858804865150713
UAVDT,M0702,601,65,17.19690704345703,2.377760138962582,-0.5242132867132867
UAVDT,M0702,661,59,17.53362464904785,2.4119757934456474,-0.26259497369959095
UAVDT,M0702,721,58,17.49548625946045,2.1705668758771566,-0.3527330892983482
UAVDT,M0703,61,27,15.057287216186523,1.752065495205769,-0.5879120879120878
UAVDT,M0703,121,26,13.280060291290283,1.9736902960277096,-0.3285470085470085
UAVDT,M0703,181,29,12.260698318481445,1.7598723104366747,-0.15418719211822657
UAVDT,M0703,241,27,13.91635799407959,1.7233112289760943,-0.08669108669108669
UAVDT,M0703,301,23,14.985525131225586,1.8464521143336365,-0.26976284584980237
UAVDT,M0703,361,21,13.474650382995605,1.8563331811475368,-0.12727272727272726
UAVDT,M0703,421,23,13.741290092468262,1.7979378839769247,-0.2934782608695652
UAVDT,M0703,481,24,13.875561237335205,1.8989442480868823,-0.49217391304347824
UAVDT,M0703,541,21,14.520185470581055,1.7118362677743932,-0.45974025974025967
UAVDT,M0703,601,22,13.91849136352539,2.0173854556958726,-0.557312252964427
UAVDT,M0703,661,19,13.554793357849121,1.713913742953579,-0.30877192982456136
UAVDT,M0704,61,34,18.707653999328613,4.8466876156823036,0.1333842627960275
UAVDT,M0704,121,38,20.223868370056152,5.124155480964095,-0.20297625560783453
UAVDT,M0704,181,39,23.944339752197266,4.406371200300396,-0.012348178137651822
UAVDT,M0704,241,42,20.337703704833984,5.259708611809158,-0.07796979140477388
UAVDT,M0704,301,42,17.756699562072754,4.753798628932887,0.02066283121302974
UAVDT,M0704,361,35,14.616554260253906,3.729792306076381,-0.4504201680672269
UAVDT,M0704,421,35,13.161406517028809,3.7009302525625505,-0.6022408963585434
UAVDT,M0704,481,34,12.145639896392822,3.9250206817404756,-0.4349885408708938
UAVDT,M0704,541,35,11.917104721069336,4.247010833906124,-0.111484593837535
UAVDT,M0704,601,35,11.56883430480957,3.736125388543537,0.48375350140056034
UAVDT,M0704,661,36,11.818971633911133,4.271114735432846,-0.051480051480051484
UAVDT,M0704,721,39,11.987213134765625,4.030516181475378,0.16214574898785425
UAVDT,M0704,781,43,12.350850105285645,3.8888651114498405,-0.22561159770462097
UAVDT,M0801,61,10,12.327534675598145,2.0049578963966828,-0.07878787878787878
UAVDT,M0801,121,15,13.13255786895752,1.9115477464481148,-0.2928571428571428
UAVDT,M0801,181,15,14.225419044494629,1.8601790998274492,-0.10357142857142855
UAVDT,M0801,241,14,14.455881595611572,1.6497554410445767,-0.20521592298773209
UAVDT,M0802,61,36,30.472484588623047,3.1834512457743163,0.09961389961389963
UAVDT,M0802,121,37,24.915424346923828,6.396280570104984,-0.41559981033665244
UAVDT,M0802,181,37,24.468164443969727,6.358359669540818,-0.46657183499288757
UAVDT,M0802,241,37,21.047330856323242,6.030269895288382,-0.649596965386439
UAVDT,M0802,301,38,17.81985569000244,5.326764972943484,-0.44501586606849763
UAVDT,M0802,361,36,18.37670135498047,5.223533120752656,-0.5858429858429859
UAVDT,M0802,421,33,18.91872215270996,5.434518618728397,-0.5187165775401069
UAVDT,M0802,481,32,18.87894344329834,5.494012909200583,-0.4197214076246334
UAVDT,M0802,541,31,17.57083511352539,5.184257977602196,-0.3907258064516129
UAVDT,M0802,601,31,16.640274047851562,5.0678147233652275,-0.535483870967742
UAVDT,M0802,661,28,18.330615997314453,5.474212826891961,0.06677613574165298
UAVDT,M0802,721,23,19.27873992919922,4.509381804684125,-0.3725296442687747
UAVDT,M0802,781,20,21.70212459564209,4.682787604902175,-0.11428571428571428
UAVDT,M0802,841,18,23.56944465637207,5.073989639811171,-0.19711042311661509
UAVDT,M0802,901,15,25.60910415649414,5.127408623751837,0.2642857142857143
UAVDT,M0802,961,15,24.15496063232422,6.766891512923352,0.12857142857142856
UAVDT,M0802,1021,13,21.901933670043945,5.195450179266687,-0.15384615384615383
UAVDT,M0802,1081,11,17.691146850585938,5.321694637918253,-0.26363636363636367
UAVDT,M0901,121,4,4.079150199890137,1.0838678162455928,-0.39999999999999997
UAVDT,M0901,181,5,4.750649452209473,1.1947427630103062,-0.09999999999999999
UAVDT,M0901,241,7,4.853128910064697,1.311759035902362,0.7500000000000002
UAVDT,M0901,301,8,5.348128318786621,1.1646439481097293,0.3333333333333334
UAVDT,M0901,361,8,4.179123640060425,1.1493237069243547,-0.6904761904761906
UAVDT,M0901,421,7,4.136894226074219,1.1049452981308847,-0.28571428571428575
UAVDT,M0901,481,9,4.388262748718262,1.0825415379213918,-0.016666666666666666
UAVDT,M0901,541,10,4.052935600280762,1.1403213136282977,-0.01818181818181818
UAVDT,M0901,601,11,4.5168867111206055,1.2141104912925733,0.3181818181818182
UAVDT,M0901,661,9,5.769484996795654,1.2091140764152615,0.2833333333333333
UAVDT,M0901,721,9,4.990861892700195,1.2190776185218177,0.35
UAVDT,M0901,781,10,4.454436779022217,1.2579012676673271,0.4424242424242424
UAVDT,M0901,841,9,3.7588000297546387,1.0593177429669403,0.4666666666666666
UAVDT,M0901,901,8,3.8726155757904053,1.1107576835561412,-0.2380952380952381
UAVDT,M0901,961,9,3.3747997283935547,1.1498480264773197,0.0
UAVDT,M0901,1021,10,3.72793972492218,1.0653887726894533,0.6606060606060605
UAVDT,M0901,1081,8,3.6839308738708496,1.036448335180769,-0.3333333333333334
UAVDT,M0901,1141,11,4.027759552001953,1.185049523603281,0.26363636363636367
UAVDT,M0901,1201,9,4.267246723175049,1.1238062152631263,0.5666666666666667
UAVDT,M0901,1261,8,3.526174545288086,1.0471757864672504,-0.28571428571428575
UAVDT,M0901,1321,8,4.04464054107666,1.063952422122665,-0.4285714285714286
UAVDT,M0901,1381,8,3.780831813812256,1.160010861489608,0.3333333333333334
UAVDT,M0901,1441,9,4.111171722412109,1.0477351657255793,0.06666666666666667
UAVDT,M0901,1501,6,3.858254909515381,1.0467045475337522,-0.6
UAVDT,M0901,1561,6,4.004739165306091,1.0195061817503093,-0.49280538030458115
UAVDT,M0901,1621,7,5.170869827270508,1.1172128645727002,-0.42857142857142866
UAVDT,M0901,1681,7,5.609888553619385,1.1272611744720222,-0.4980119205559973
UAVDT,M0901,1741,7,6.19069766998291,1.1303333006736995,-0.21428571428571433
UAVDT,M0901,1801,8,6.3546624183654785,1.1284454867243043,-0.14285714285714288
UAVDT,M0901,1861,9,6.128643989562988,1.1581882986770267,0.23763541031440183
UAVDT,M0902,61,7,17.655471801757812,3.7375505298513008,0.9285714285714288
UAVDT,M0902,121,8,18.72672939300537,3.0465188573805007,0.6190476190476191
UAVDT,M0902,181,8,18.55228900909424,2.301610483009485,-0.7142857142857144
UAVDT,M0902,241,7,18.643491744995117,1.9795425416218406,-0.8017837257372733
UAVDT,M0902,301,7,22.31546401977539,2.728662441542047,-0.8017837257372733
UAVDT,M0902,361,8,27.501811027526855,5.333871873855443,0.0
UAVDT,M1001,61,14,22.059229850769043,4.96100899546592,-0.45054945054945056
UAVDT,M1001,121,16,22.890254020690918,4.7181407868942085,0.16176470588235295
UAVDT,M1001,181,21,15.402170181274414,5.322780888436231,-0.08441558441558442
UAVDT,M1001,241,18,20.13983726501465,5.420186403717366,-0.09184726522187822
UAVDT,M1001,301,11,16.46358871459961,2.222234442835922,-0.21818181818181823
UAVDT,M1001,361,11,18.565248489379883,5.1711300940867035,-0.6789028582272216
UAVDT,M1001,421,13,19.06380844116211,5.6276154031785435,0.6593406593406593
UAVDT,M1001,481,12,17.792564392089844,3.728323301269817,0.2377622377622378
UAVDT,M1001,541,11,18.323196411132812,3.6300284634441145,0.3181818181818182
UAVDT,M1001,601,14,18.799626350402832,4.963265173433894,0.5252747252747253
UAVDT,M1001,661,16,14.466827869415283,3.514638272586042,-0.049999999999999996
UAVDT,M1001,721,10,17.209328651428223,4.302683251904257,0.29696969696969694
UAVDT,M1001,781,8,21.48780918121338,2.9688409242689446,0.19047619047619052
UAVDT,M1001,841,8,21.614115715026855,2.9667527296990586,0.11904761904761905
UAVDT,M1001,901,7,23.45101547241211,3.5028876499064965,-0.5790660241435863
UAVDT,M1001,961,8,24.84814167022705,4.830247304799349,-0.5952380952380953
UAVDT,M1001,1021,7,28.72733497619629,5.660465667500283,-0.29880715233359845
UAVDT,M1001,1081,8,28.23787498474121,2.943788358553901,-0.8571428571428572
UAVDT,M1001,1141,6,23.707138061523438,3.6631146858794876,-0.2571428571428572
UAVDT,M1001,1201,9,29.21909523010254,3.0412472673556463,-0.4666666666666666
UAVDT,M1001,1261,8,16.20737934112549,2.7460318842569773,-0.5952380952380953
UAVDT,M1001,1321,8,17.776165008544922,3.7899680484859526,-0.523809523809524
UAVDT,M1001,1381,9,12.506832122802734,3.683642700200165,-0.7166666666666667
UAVDT,M1001,1441,11,11.813507080078125,3.8449268176222864,-0.690909090909091
UAVDT,M1001,1501,8,10.513722896575928,3.707525891309369,-0.4047619047619048
UAVDT,M1001,1561,9,16.984275817871094,4.352116920392771,0.09999999999999999
UAVDT,M1001,1621,9,12.40425968170166,4.6459535959206635,0.15
UAVDT,M1001,1681,5,20.52506446838379,2.934837929449863,0.09999999999999999
UAVDT,M1001,1741,5,12.978362083435059,2.9720156781569806,-0.49999999999999994
UAVDT,M1001,1801,6,26.886394500732422,3.1827737726856764,-0.14285714285714288
UAVDT,M1002,61,21,11.353901863098145,5.066110192224514,0.5815844965236703
UAVDT,M1002,121,21,10.15843677520752,5.177834669454184,0.07922077922077922
UAVDT,M1002,181,19,10.979036331176758,5.5580411682073745,0.7596491228070175
UAVDT,M1002,241,19,27.179214477539062,5.354266251682735,0.7596491228070175
UAVDT,M1002,301,19,25.627437591552734,4.895653839132506,-0.425356945928518
UAVDT,M1002,361,16,25.03189754486084,5.340643833559107,-0.0823529411764706
UAVDT,M1002,421,17,23.448158264160156,5.398265641948732,0.15441176470588236
UAVDT,M1002,481,18,24.9866943359375,5.903698802778892,-0.16408668730650156
UAVDT,M1002,541,14,24.56593418121338,5.6696550395966225,-0.1164835164835165
UAVDT,M1002,601,11,24.672264099121094,3.4572909751609515,-0.3272727272727273
UAVDT,M1003,61,15,17.4912109375,5.565123089126365,-0.125
UAVDT,M1003,121,13,17.98731231689453,5.132063647692997,-0.25274725274725274
UAVDT,M1003,181,12,15.760069370269775,4.806641902231087,-0.21834391465156391
UAVDT,M1003,241,8,14.50873613357544,3.5636553840855996,-0.21821789023599236
UAVDT,M1003,301,8,18.38383388519287,4.323696692467323,0.5773502691896258
UAVDT,M1003,361,10,19.592129707336426,4.526007492902014,0.38181818181818183
UAVDT,M1003,421,11,19.02490234375,6.584166149481399,-0.11818181818181818
UAVDT,M1003,481,12,21.22530460357666,4.849196778671639,0.2867132867132868
UAVDT,M1003,541,12,16.96781635284424,5.890900559366887,-0.7762237762237763
UAVDT,M1003,601,8,18.936129570007324,2.4939994809153605,-0.04761904761904763
UAVDT,M1003,661,7,17.303543090820312,2.797133966378646,0.03940552031195504
UAVDT,M1003,721,6,20.70167064666748,2.97996627598496,0.3142857142857143
UAVDT,M1003,781,6,21.907265663146973,3.139892395745255,-0.8804062740424288
UAVDT,M1003,841,7,25.61207389831543,5.463736698173218,0.11821656093586512
UAVDT,M1003,901,10,31.318049430847168,7.480699370842212,0.07878787878787878
UAVDT,M1003,961,10,30.11505126953125,2.731664140344133,0.33333333333333326
UAVDT,M1003,1021,10,26.090892791748047,1.818578361599701,-0.2727272727272727
UAVDT,M1003,1081,10,20.65589427947998,2.0591211572831423,-0.6
UAVDT,M1003,1141,11,20.6197566986084,6.223108865811167,0.09090909090909091
UAVDT,M1003,1201,8,24.48267936706543,5.643708781014233,-0.023809523809523815
UAVDT,M1003,1261,9,25.594497680664062,2.518504451925039,-0.6
UAVDT,M1003,1321,10,21.809531211853027,4.996033389646529,-0.4424242424242424
UAVDT,M1004,61,18,26.794504165649414,5.872585513862617,0.18885448916408668
UAVDT,M1004,121,21,24.604568481445312,3.422402750580525,-0.21038961038961035
UAVDT,M1004,181,21,21.064943313598633,6.350701828642601,-0.725974025974026
UAVDT,M1004,241,17,13.186720848083496,4.121577738220929,0.22303921568627455
UAVDT,M1005,61,13,22.084062576293945,5.651415044691837,0.19780219780219782
UAVDT,M1005,121,19,17.70218849182129,5.187591095241383,0.1105263157894737
UAVDT,M1005,181,21,19.101423263549805,4.752052904298865,-0.1909090909090909
UAVDT,M1005,241,22,18.647122383117676,5.645508844199977,-0.15979672501411638
UAVDT,M1005,301,22,19.822806358337402,4.016416986104541,0.2896668548842462
UAVDT,M1005,361,25,22.819894790649414,4.682823289776164,-0.14075480811925664
UAVDT,M1005,421,24,23.313870429992676,5.111314155114034,-0.07739130434782608
UAVDT,M1005,481,25,22.8607234954834,6.307941901019131,-0.23846153846153845
UAVDT,M1006,61,35,35.06779861450195,7.572745048376236,-0.7521008403361346
UAVDT,M1006,121,39,31.854419708251953,10.85272591145579,-0.6542510121457491
UAVDT,M1006,181,38,31.751625061035156,7.025557809239772,-0.49228580807528177
UAVDT,M1006,241,43,32.090457916259766,10.477104004335692,-0.6013289036544851
UAVDT,M1006,301,40,30.067118644714355,10.25770449655652,-0.21069418386491562
UAVDT,M1006,361,36,28.793729782104492,13.990438963632194,-0.5160875160875161
UAVDT,M1006,421,33,30.28750991821289,12.971342127181957,-0.46991978609625673
UAVDT,M1006,481,29,29.509925842285156,13.698030709364014,-0.42216748768472895
UAVDT,M1006,541,24,28.380188941955566,6.575721186270195,-0.3521739130434782
UAVDT,M1006,601,22,28.941625595092773,6.467745372514376,-0.6623376623376624
UAVDT,M1006,661,20,25.790732383728027,11.256572355271667,-0.8270676691729323
UAVDT,M1007,181,10,15.774040699005127,3.0585433090128027,-0.1515151515151515
UAVDT,M1007,241,11,11.485095977783203,4.338475103163708,-0.6090909090909091
UAVDT,M1007,301,7,12.319523811340332,2.9275845249236245,-0.7142857142857144
UAVDT,M1007,361,8,10.020482063293457,2.7427791163362563,-0.28571428571428575
UAVDT,M1007,421,9,8.467832565307617,3.0933385881041717,0.016666666666666666
UAVDT,M1007,481,9,7.401864051818848,3.2217857205935414,-0.2333333333333333
UAVDT,M1007,541,9,10.991477012634277,3.082024077822682,0.13333333333333333
UAVDT,M1007,601,4,8.136844396591187,2.482085660733256,-0.39999999999999997
UAVDT,M1008,61,8,14.149994373321533,2.665487276621516,-0.28571428571428575
UAVDT,M1008,121,8,15.185038566589355,5.102978172386913,0.29172411642330864
UAVDT,M1008,181,8,15.347347259521484,3.8311801548503097,0.17145691375685118
UAVDT,M1008,241,9,14.568643569946289,4.809832584839538,-0.3666666666666667
UAVDT,M1008,301,7,13.148633003234863,2.684251554322165,-0.07142857142857144
UAVDT,M1008,361,6,11.274168014526367,2.141072277137892,-0.2
UAVDT,M1008,421,6,13.117847442626953,2.5383656819542213,-0.8857142857142858
UAVDT,M1008,481,6,11.05166482925415,2.723749673761911,-0.2571428571428572
UAVDT,M1008,541,5,10.487906455993652,3.0491055261122244,-0.09999999999999999
UAVDT,M1009,61,17,6.9403533935546875,1.142824299335853,0.21078431372549022
UAVDT,M1009,121,19,7.454634666442871,1.1512713852595107,-0.6105263157894737
UAVDT,M1009,181,24,7.815577745437622,1.2320462552822282,-0.2982608695652174
UAVDT,M1009,241,24,7.23527455329895,1.284004056166798,-0.07913043478260869
UAVDT,M1009,301,20,8.235335350036621,1.1287257618991293,-0.24511278195488717
UAVDT,M1009,361,18,8.65320348739624,1.1324928402981782,0.021671826625386997
UAVDT,M1009,421,13,8.758437156677246,1.2804479761422667,-0.0879120879120879
UAVDT,M1009,481,12,8.022323608398438,1.302396423582267,-0.02097902097902098
UAVDT,M1009,541,11,6.774139881134033,1.106227455319866,0.29090909090909095
UAVDT,M1009,601,8,6.906535625457764,1.0967010176573366,0.7559289460184545
UAVDT,M1101,61,13,12.191962242126465,6.681996632868297,-0.07692307692307691
UAVDT,M1101,121,10,11.41438913345337,3.94694749281066,0.19999999999999998
UAVDT,M1101,181,12,14.881968021392822,6.172886696463586,0.2657342657342658
UAVDT,M1101,241,9,22.950361251831055,3.1774058644781413,-0.15
UAVDT,M1101,301,13,20.728656768798828,5.348938700733201,0.04395604395604395
UAVDT,M1101,361,12,21.75041389465332,4.5450426757920095,-0.6013986013986015
UAVDT,M1101,421,14,19.23810863494873,7.386777808893185,-0.8461538461538461
UAVDT,M1101,481,9,13.330405235290527,6.819000231841579,-0.4666666666666666
UAVDT,M1101,541,5,20.4166316986084,4.955346744988236,0.3
UAVDT,M1101,601,4,10.277084112167358,4.908851373946694,-0.7999999999999999
UAVDT,M1101,721,4,14.49463701248169,1.671783174952251,0.39999999999999997
UAVDT,M1101,781,5,9.534265518188477,3.4195018008397073,0.3
UAVDT,M1101,841,4,6.3558361530303955,5.981772145019269,0.7999999999999999
UAVDT,M1102,61,15,12.285531997680664,1.8954319680386411,0.0035714285714285704
UAVDT,M1102,121,15,11.875275611877441,1.9596290713881088,0.45952329877501985
UAVDT,M1102,181,15,11.880863189697266,1.9488316271931938,0.46583064699709914
UAVDT,M1102,241,16,10.988356590270996,1.962667397786269,0.15
UAVDT,M1102,301,17,10.454790115356445,2.0808210857112033,0.6980656764886105
UAVDT,M1102,361,19,10.333998680114746,2.0679253522353886,0.38737931036136797
UAVDT,M1102,421,21,10.780878067016602,2.0472577086084414,0.45412402136043406
UAVDT,M1102,481,22,10.48401689529419,2.1036319999217907,0.13601583622512659
UAVDT,M1102,541,22,10.666656017303467,2.091773920057872,-0.24222576017829908
UAVDT,M1102,601,24,11.248398303985596,2.1310353824556487,0.79237351370559
UAVDT,M1102,661,29,10.629934310913086,2.0861685074283978,0.37093596059113293
UAVDT,M1102,721,30,10.762054920196533,1.9647196410420253,0.08075639599555061
UAVDT,M1102,781,38,10.030266761779785,1.9825956745009234,0.2719115877010614
UAVDT,M1102,841,42,10.374364376068115,1.9723756035106934,0.18760739032222562
UAVDT,M1102,901,42,8.65392780303955,1.6796466187199914,0.5607886433772448
UAVDT,M1102,961,46,7.16974139213562,1.5532169045629782,-0.0032685784767190872
UAVDT,M1201,61,23,20.618616104125977,3.9677157485214503,-0.6472332015810277
UAVDT,M1201,121,24,21.73740005493164,3.28354706759431,-0.5365217391304348
UAVDT,M1201,181,28,21.12189769744873,5.074623730740237,-0.5369458128078817
UAVDT,M1201,241,28,19.685357093811035,5.224202485694614,-0.6195949644225507
UAVDT,M1201,301,30,19.430871963500977,3.9379178816166154,-0.5550611790878754
UAVDT,M1201,361,28,17.90382194519043,4.883799457046099,-0.3158182813355227
UAVDT,M1201,421,26,15.070617198944092,4.907927378205478,-0.38324786324786325
UAVDT,M1201,481,25,13.14595890045166,4.758411757599016,-0.4053846153846154
UAVDT,M1201,541,24,12.803395748138428,4.715347704390379,-0.43043478260869555
UAVDT,M1201,601,24,12.675338745117188,4.099090621282042,-0.45826086956521733
UAVDT,M1201,661,20,10.695857524871826,4.25938953166235,-0.4796992481203006
UAVDT,M1201,721,20,11.112035274505615,3.8680739027561213,-0.631578947368421
UAVDT,M1201,781,20,12.172715663909912,4.141930764159776,-0.6451127819548872
UAVDT,M1201,841,21,12.978045463562012,4.028677686656172,-0.6896103896103896
UAVDT,M1201,901,19,13.771149635314941,3.259710378644181,-0.8578947368421052
UAVDT,M1201,961,20,15.163121700286865,4.1605402466624986,-0.7037593984962407
UAVDT,M1201,1021,18,16.104942798614502,5.270433268095897,-0.717234262125903
UAVDT,M1201,1081,18,16.213465690612793,4.317182427802213,-0.543859649122807
UAVDT,M1201,1141,19,15.67473030090332,5.734312797671094,0.11754385964912278
UAVDT,M1202,61,12,24.31501293182373,3.142145043449195,0.46153846153846156
UAVDT,M1202,121,14,24.59110736846924,3.117827026671349,-0.0945054945054945
UAVDT,M1202,181,15,26.416589736938477,2.935001210300938,0.12857142857142856
UAVDT,M1202,241,17,26.91889190673828,3.3356088108851214,-0.08088235294117649
UAVDT,M1202,301,19,26.130746841430664,7.5261544243598175,-0.5157894736842105
UAVDT,M1202,361,19,29.187833786010742,5.412218186511766,-0.7526315789473684
UAVDT,M1202,421,20,30.76973819732666,6.002746019767353,-0.8270676691729323
UAVDT,M1301,61,45,37.11903762817383,7.648893626612823,-0.3280346130702989
UAVDT,M1301,121,49,29.481767654418945,6.9725525986193775,0.09370591977618144
UAVDT,M1301,181,47,22.87187957763672,8.068960897238464,0.08834412580943572
UAVDT,M1301,241,44,20.842336654663086,9.421818246170773,-0.04947145877378436
UAVDT,M1301,301,43,27.063692092895508,7.855117318219626,-0.24207188160676532
UAVDT,M1301,361,43,28.625070571899414,9.532843939204842,-0.032467532467532464
UAVDT,M1301,421,38,31.134291648864746,9.243874945503915,0.06926359557938505
UAVDT,M1301,481,35,30.856019973754883,8.314533724544434,-0.09103641456582634
UAVDT,M1301,541,32,26.93932342529297,8.372572338499202,0.10850439882697946
UAVDT,M1301,601,26,28.56589984893799,5.940822999113672,-0.1029059829059829
UAVDT,M1301,661,27,34.870361328125,5.874835038085637,0.07753357753357752
UAVDT,M1301,721,22,28.155680656433105,6.744427550525198,-0.4150197628458499
UAVDT,M1301,781,18,26.470973014831543,4.871471551782631,-0.39938080495356043
UAVDT,M1301,841,19,21.596837997436523,6.138255085204189,-0.27543859649122804
UAVDT,M1301,901,23,24.199565887451172,5.301236608975364,-0.29249011857707513
UAVDT,M1301,961,19,20.93063735961914,4.672192361634685,0.13859649122807016
UAVDT,M1301,1021,21,22.503433227539062,5.477687777623036,-0.32857142857142857
UAVDT,M1301,1081,21,20.21648406982422,5.025883161280507,-0.4311688311688312
UAVDT,M1301,1141,22,22.491389274597168,5.825791372974272,-0.19706380575945792
UAVDT,M1302,61,21,27.770023345947266,6.931403212721758,0.2636363636363636
UAVDT,M1302,121,23,28.288440704345703,7.461401571884256,0.13537549407114624
UAVDT,M1302,181,27,25.539859771728516,7.4599428593255865,0.13553113553113552
UAVDT,M1302,241,29,24.09492301940918,6.576931730299886,0.13004926108374382
UAVDT,M1302,301,30,23.808632850646973,5.932379418428246,-0.22847608453837595
UAVDT,M1302,361,32,23.013461112976074,4.478590925152468,0.06964809384164222
UAVDT,M1302,421,33,25.540407180786133,4.844447586010762,-0.3673128342245989
UAVDT,M1302,481,36,27.43832015991211,4.885480036591426,-0.2344916344916345
UAVDT,M1302,541,32,25.4768009185791,3.413189000186005,-0.4292521994134897
UAVDT,M1302,601,33,26.31475067138672,4.005887238250577,0.26537433155080214
UAVDT,M1302,661,25,21.932971954345703,3.325272616428341,-0.5169230769230769
UAVDT,M1303,61,29,20.002593994140625,3.5974533123672248,-0.43891625615763535
UAVDT,M1303,121,27,19.812580108642578,3.611091022716869,-0.517094017094017
UAVDT,M1303,181,26,17.122339248657227,5.294419017850254,-0.6239316239316239
UAVDT,M1303,241,24,16.727774620056152,4.989962703620682,-0.31130434782608696
UAVDT,M1303,301,21,15.92969036102295,2.4909810429728223,-0.12727272727272726
UAVDT,M1303,361,14,14.927887916564941,3.0997567737733,-0.14285714285714285
UAVDT,M1303,421,13,14.889790534973145,3.5288288229802562,-0.4505494505494505
UAVDT,M1304,61,27,18.59630012512207,4.626032604805735,-0.33516483516483514
UAVDT,M1304,121,24,17.446121215820312,5.121265311819838,-0.31913043478260866
UAVDT,M1304,181,20,14.771183013916016,4.040787462874481,-0.38796992481203
UAVDT,M1304,241,18,14.153347492218018,4.62631079657287,-0.17853457172342618
UAVDT,M1304,301,15,12.043766021728516,4.220351799794493,-0.7999999999999999
UAVDT,M1304,361,17,16.3239688873291,6.233885102633829,-0.5857843137254902
UAVDT,M1304,421,17,16.617040634155273,6.230704081883861,-0.8112745098039217
UAVDT,M1304,481,17,13.547904014587402,4.269656456981593,-0.6544117647058824
UAVDT,M1304,541,17,14.071642875671387,4.703939724502528,0.22058823529411767
UAVDT,M1304,601,15,13.784391403198242,3.7706635646842606,-0.24642857142857136
UAVDT,M1304,661,15,12.312193870544434,6.26685280375823,-0.6035714285714285
UAVDT,M1304,721,14,13.72516393661499,7.007926854086848,-0.09234716534447943
UAVDT,M1304,781,10,11.849077224731445,5.495616481010265,-0.5272727272727272
UAVDT,M1304,841,10,13.186687469482422,6.16370005348672,0.17575757575757575
UAVDT,M1304,901,10,16.210010528564453,4.408124083620881,0.5515151515151515
UAVDT,M1304,961,10,16.48874568939209,3.224893800457861,0.006060606060606061
UAVDT,M1304,1021,11,19.917461395263672,2.744189064700043,0.08181818181818183
UAVDT,M1304,1081,13,24.14120864868164,3.634658307990477,0.32417582417582413
UAVDT,M1304,1141,12,24.122194290161133,3.585410831820026,-0.4125874125874127
UAVDT,M1304,1201,14,26.130409240722656,5.534353129686791,-0.3494505494505495
UAVDT,M1304,1261,14,26.442686080932617,5.748128126070896,-0.18681318681318684
UAVDT,M1304,1321,14,26.862555503845215,5.480704998733296,-0.7230769230769231
UAVDT,M1304,1381,14,27.863412857055664,6.744188288481084,-0.1956043956043956
UAVDT,M1304,1441,15,25.692180633544922,6.510212440520688,-0.16428571428571426
UAVDT,M1304,1501,19,24.874744415283203,8.030540957740216,-0.05087719298245614
UAVDT,M1305,61,22,20.230426788330078,9.3982838524935,-0.5392433653303219
UAVDT,M1305,121,20,28.433083534240723,8.43960823891849,-0.5037593984962406
UAVDT,M1305,181,18,22.478428840637207,6.2387414249913045,-0.6862745098039216
UAVDT,M1305,241,15,24.29425048828125,5.937398819084313,-0.37857142857142856
UAVDT,M1305,301,18,23.61374568939209,5.912866399933385,-0.890608875128999
UAVDT,M1305,361,20,27.23235034942627,6.866307313481461,-0.6421052631578947
UAVDT,M1305,421,20,24.76700782775879,7.348920321777321,-0.7428571428571428
UAVDT,M1305,481,19,27.844432830810547,8.14214402527005,0.012280701754385965
UAVDT,M1305,541,18,29.271315574645996,7.942107996160937,0.07120743034055728
UAVDT,M1306,61,26,28.66425895690918,2.693999714681614,0.094017094017094
UAVDT,M1306,121,26,26.332674980163574,3.0171443957173327,-0.3374358974358974
UAVDT,M1306,181,23,26.12970733642578,5.170455917327516,-0.5029644268774703
UAVDT,M1306,241,27,23.53201675415039,4.6462519132833835,-0.5805860805860806
UAVDT,M1306,301,27,25.70757293701172,2.878992016031573,-0.641025641025641
UAVDT,M1306,361,24,23.84904384613037,3.170827778385361,-0.6930434782608694
UAVDT,M1306,421,20,23.94021987915039,2.1802825856990524,-0.6180451127819548
UAVDT,M1306,481,20,22.69478988647461,3.309027747966208,-0.021052631578947364
UAVDT,M1306,541,16,26.90248966217041,3.373338238510984,-0.1264705882352941
UAVDT,M1306,601,17,24.4281063079834,6.403673197905834,0.11029411764705883
UAVDT,M1306,661,13,23.431737899780273,1.9143552105498856,0.13186813186813187
UAVDT,M1306,721,14,25.087895393371582,1.923872731075715,0.39780219780219783
UAVDT,M1306,781,13,23.58991241455078,2.5507595785762147,-0.06593406593406594
UAVDT,M1306,841,12,25.125333786010742,1.7863705271558434,0.10489510489510491
UAVDT,M1306,901,11,24.335926055908203,2.7266397634200974,-0.4272727272727273
UAVDT,M1306,961,10,29.784024238586426,1.6074328691013249,-0.5272727272727272
UAVDT,M1306,1021,10,27.938746452331543,1.8755466152836302,-0.49090909090909085
UAVDT,M1306,1081,12,27.926342964172363,6.204482928939151,-0.2867132867132868
UAVDT,M1306,1141,13,28.251131057739258,3.534144187488681,-0.39560439560439564
UAVDT,M1401,61,14,49.447776794433594,8.155829582622573,-0.2879120879120879
UAVDT,M1401,121,14,52.005327224731445,4.43698615076111,-0.6131868131868132
UAVDT,M1401,181,16,56.52766990661621,4.352097157309663,-0.38235294117647056
UAVDT,M1401,241,7,40.42505645751953,2.430785387097175,-0.48997894350611143
UAVDT,M1401,301,7,52.39841079711914,2.2887078984107796,-0.05976143046671968
UAVDT,M1401,361,6,58.68479347229004,1.6266311351614042,-0.39279220242478635
UAVDT,M1401,421,9,57.600067138671875,12.948423365757046,-0.7302967433402214
UAVDT,M1401,481,10,47.827301025390625,4.778946179586714,-0.7939393939393938
UAVDT,M1401,541,8,33.50876426696777,6.255353361647779,-0.2142857142857143
UAVDT,M1401,601,10,44.427459716796875,7.0994043797907125,0.07878787878787878
UAVDT,M1401,661,15,33.66497039794922,12.75958267535314,-0.41785714285714276
UAVDT,M1401,721,14,43.723018646240234,6.803856738151733,-0.3538461538461538
UAVDT,M1401,781,17,45.74086380004883,5.07171642552987,-0.002450980392156863
UAVDT,M1401,841,16,45.09025192260742,11.624451009937822,-0.40294117647058825
UAVDT,M1401,901,15,48.19314956665039,9.10449043825286,-0.4384913660627629
UAVDT,M1401,961,15,48.54130935668945,3.9833730538483163,-0.6607142857142856
UAVDT,M1401,1021,15,61.707584381103516,12.801728785240382,-0.8132446941479704
KITTI,0000,121,4,20.65175485610962,2.4198579517527405,-0.39999999999999997
KITTI,0000,131,5,14.295546531677246,3.0560911061046037,-0.19999999999999998
KITTI,0000,141,5,12.784526824951172,4.125742167768888,-0.19999999999999998
KITTI,0000,151,5,8.575631141662598,5.629451774391215,0.7
KITTI,0001,11,4,21.94471025466919,4.786825055510235,0.39999999999999997
KITTI,0001,21,5,25.22492027282715,1.9376601412729093,-0.39999999999999997
KITTI,0001,31,5,18.897146224975586,4.966380816715999,0.7
KITTI,0001,41,5,43.65138244628906,3.370744528232457,0.0
KITTI,0001,51,5,23.938844680786133,4.309176407829447,-0.3
KITTI,0001,61,5,14.145010948181152,3.4162498465636117,-0.7
KITTI,0001,71,6,18.88244915008545,4.861027995184291,-0.2571428571428572
KITTI,0001,81,5,12.702672958374023,2.8466818406186585,0.49999999999999994
KITTI,0001,91,4,23.161178588867188,2.724778295316259,-0.39999999999999997
KITTI,0001,101,5,17.874004364013672,2.2680494317913866,-0.39999999999999997
KITTI,0001,111,9,18.4908504486084,9.232707830989382,-0.45
KITTI,0001,121,5,15.724321365356445,3.831669148901309,0.6
KITTI,0001,161,5,10.474678993225098,4.014122375193271,0.09999999999999999
KITTI,0001,171,4,22.816767692565918,1.4839916971774747,0.0
KITTI,0001,211,4,16.4072527885437,1.7660200758798121,0.19999999999999998
KITTI,0001,221,7,18.896100997924805,3.2784780423779547,0.39285714285714296
KITTI,0001,231,5,27.961484909057617,3.014329601328869,-0.09999999999999999
KITTI,0001,241,4,24.88509464263916,5.87838801654644,0.0
KITTI,0001,251,4,21.18532657623291,4.040686839547041,-0.39999999999999997
KITTI,0001,271,4,20.07745885848999,6.284507476120884,-0.7999999999999999
KITTI,0001,281,5,17.41277313232422,7.854529413213129,-0.7
KITTI,0001,301,4,16.57927894592285,5.412689101115061,-0.19999999999999998
KITTI,0001,311,4,11.352941513061523,4.550390519924945,-0.39999999999999997
KITTI,0001,341,6,47.35095977783203,12.598694737153636,0.2
KITTI,0001,351,6,34.89251136779785,2.23200863928773,-0.5428571428571429
KITTI,0001,361,6,26.991475105285645,5.977274991315514,-0.6
KITTI,0001,371,4,31.61258029937744,4.182429950609017,0.39999999999999997
KITTI,0002,61,5,61.89529800415039,2.6511421875676615,0.19999999999999998
KITTI,0002,71,5,43.99690628051758,1.9125820656455381,-0.6
KITTI,0002,81,7,38.04204177856445,2.871679115423074,-0.28571428571428575
KITTI,0002,91,11,35.39177703857422,5.820944334307977,-0.4272727272727273
KITTI,0002,101,10,33.31001091003418,10.440251506471904,-0.28484848484848485
KITTI,0002,111,7,26.831724166870117,4.1905479971835815,-0.3214285714285715
KITTI,0002,121,8,29.757946968078613,4.2817273433513545,-0.2142857142857143
KITTI,0002,131,8,31.54725742340088,5.37417592210428,-0.4047619047619048
KITTI,0002,141,7,29.197063446044922,3.742343489238568,-0.3571428571428572
KITTI,0002,151,7,27.905982971191406,5.445150789796884,-0.39285714285714296
KITTI,0002,161,6,37.07183647155762,4.018312017898501,0.08571428571428573
KITTI,0002,191,4,24.023873329162598,2.0795224326676696,-0.6000000000000001
KITTI,0002,201,5,34.48191833496094,4.305729606338312,0.09999999999999999
KITTI,0002,211,4,43.82028579711914,4.434458310973806,-0.39999999999999997
KITTI,0002,221,4,44.269296646118164,4.419845486853538,-0.19999999999999998
KITTI,0002,231,4,44.25296974182129,4.384553601031067,-0.39999999999999997
KITTI,0003,111,4,43.52326965332031,1.8888433649573668,-0.39999999999999997
KITTI,0004,21,4,16.49739694595337,2.4766719170272817,0.39999999999999997
KITTI,0004,31,5,32.395164489746094,1.9048385635248564,-0.09999999999999999
KITTI,0004,41,5,29.194149017333984,1.9385392014453608,-0.39999999999999997
KITTI,0004,51,5,31.515981674194336,3.180904180668377,-0.7
KITTI,0004,161,4,48.746337890625,5.364141350475719,-0.19999999999999998
KITTI,0004,191,5,32.074947357177734,2.610079149480497,-0.3
KITTI,0004,201,4,16.72223711013794,3.5099795955193427,-0.39999999999999997
KITTI,0004,211,4,36.39127254486084,3.625595349757821,-0.7999999999999999
KITTI,0004,231,4,49.04484748840332,1.4938842971441069,0.7999999999999999
KITTI,0005,11,4,35.85911560058594,2.042577054571078,0.19999999999999998
KITTI,0005,31,4,50.15523147583008,2.458929279063972,0.19999999999999998
KITTI,0005,51,4,38.922523498535156,1.5252518823619017,-0.7999999999999999
KITTI,0005,61,5,31.36730194091797,2.5655804238950424,-0.7999999999999999
KITTI,0005,71,5,42.62031936645508,2.292701727208194,-0.3
KITTI,0005,81,5,42.38825988769531,2.266812121679593,-0.6
KITTI,0005,91,5,38.80720901489258,1.9705572488725387,0.0
KITTI,0005,101,4,33.69715881347656,1.8403590783172465,-0.39999999999999997
KITTI,0005,111,5,32.70891571044922,2.8397310280081896,-0.3
KITTI,0005,151,4,43.20816898345947,2.4889761325913877,0.7999999999999999
KITTI,0005,161,5,29.554651260375977,1.9668434624140851,0.09999999999999999
KITTI,0005,171,8,26.709321975708008,10.62486292686472,-0.19047619047619052
KITTI,0005,181,8,37.794931411743164,2.8359992658243574,-0.3571428571428572
KITTI,0005,191,6,29.841806411743164,6.729839318575201,-0.14285714285714288
KITTI,0005,211,4,35.5294303894043,3.870345125029329,0.19999999999999998
KITTI,0005,221,5,32.096675872802734,7.660128730793556,-0.3
KITTI,0005,231,5,44.63123321533203,9.170922909590512,-0.7999999999999999
KITTI,0005,241,5,33.96430587768555,3.9544694313850397,-0.7
KITTI,0005,251,4,46.4498233795166,2.6761817803891437,-0.7999999999999999
KITTI,0005,261,7,44.0592041015625,2.2243712160825937,-0.4642857142857144
KITTI,0005,271,7,39.37654495239258,2.7379579214517946,-0.8571428571428573
KITTI,0005,281,4,32.231943130493164,3.2817833679263084,-0.19999999999999998
KITTI,0006,81,5,25.220508575439453,6.912939427697675,-0.3
KITTI,0006,101,5,36.998905181884766,3.9234844162983586,-0.09999999999999999
KITTI,0006,111,6,25.467473030090332,3.831325988202191,-0.08571428571428573
KITTI,0006,121,4,32.59713935852051,1.458172990385251,0.39999999999999997
KITTI,0006,131,6,42.96527290344238,4.688321505080674,-0.2
KITTI,0006,141,4,41.75270175933838,2.652497594464286,-0.6000000000000001
KITTI,0007,51,5,25.127429962158203,5.905731448250245,-0.09999999999999999
KITTI,0007,61,4,28.097698211669922,5.7925886367249015,-0.19999999999999998
KITTI,0007,71,4,20.486176013946533,4.927565344144823,-0.7999999999999999
KITTI,0007,81,6,17.773094654083252,8.802562447562432,-0.7714285714285715
KITTI,0007,91,4,26.104408264160156,8.508846385327091,0.7999999999999999
KITTI,0007,141,4,13.493180274963379,3.404177556008204,-0.7999999999999999
KITTI,0007,151,6,15.877639770507812,10.723381911287175,-0.7142857142857143
KITTI,0007,161,6,13.715850353240967,9.818245246923855,-0.942857142857143
KITTI,0007,191,4,30.807002067565918,3.6531745557217463,-0.19999999999999998
KITTI,0007,211,4,19.424882888793945,2.7372187410128768,-0.39999999999999997
KITTI,0007,221,5,18.850271224975586,2.922707435984785,-0.7
KITTI,0007,361,4,37.639156341552734,6.403990309241994,-0.39999999999999997
KITTI,0007,411,6,15.966513633728027,8.298356962663899,-0.028571428571428574
KITTI,0007,431,4,21.172248363494873,7.980029971023749,-0.39999999999999997
KITTI,0007,461,5,20.29835319519043,6.183927537145571,-0.3
KITTI,0007,471,5,26.548830032348633,3.686311747996256,-0.3
KITTI,0007,481,4,20.48618221282959,3.9704258274492927,-0.39999999999999997
KITTI,0007,501,4,18.975857734680176,1.8994216684079812,0.7999999999999999
KITTI,0008,211,4,33.95223426818848,2.9097066587128864,0.19999999999999998
KITTI,0008,221,4,30.262681007385254,2.7673997628214395,-0.39999999999999997
KITTI,0008,231,4,32.534478187561035,1.8927109446450239,0.19999999999999998
KITTI,0008,241,4,35.187917709350586,1.8513186167431113,-0.19999999999999998
KITTI,0008,251,4,38.39310073852539,1.5652634717252436,-0.39999999999999997
KITTI,0008,351,5,42.20442199707031,5.384572135354895,-0.6
KITTI,0008,371,5,58.10118865966797,3.7176584570075217,-0.09999999999999999
KITTI,0008,381,4,41.421470642089844,3.787951929553163,-0.39999999999999997
KITTI,0009,21,6,30.356057167053223,4.681797700697305,0.2571428571428572
KITTI,0009,31,8,46.19882583618164,2.1626949058525486,-0.30952380952380953
KITTI,0009,41,10,40.90358924865723,2.8663098830840767,-0.13939393939393938
KITTI,0009,51,7,35.27953338623047,3.512576532045161,-0.3571428571428572
KITTI,0009,61,7,37.71522903442383,8.165198584044061,-0.42857142857142866
KITTI,0009,71,10,22.698368072509766,8.178480315924931,-0.05454545454545454
KITTI,0009,81,10,22.599151611328125,11.542105366434035,-0.01818181818181818
KITTI,0009,91,7,18.591938018798828,2.623372567235845,-0.5714285714285715
KITTI,0009,101,7,17.6142635345459,2.264627481327291,-0.3571428571428572
KITTI,0009,111,7,16.884334564208984,8.976511687270746,0.03571428571428572
KITTI,0009,131,4,24.087838172912598,3.350224743031251,0.39999999999999997
KITTI,0009,141,4,17.554354667663574,3.2055052957064825,-0.19999999999999998
KITTI,0009,151,5,24.365772247314453,3.37885185771296,0.39999999999999997
KITTI,0009,161,6,22.153564453125,4.741788355142101,-0.5428571428571429
KITTI,0009,171,7,13.803511619567871,5.48712167783853,-0.3214285714285715
KITTI,0009,181,7,13.330360412597656,4.7830585100675425,-0.6785714285714287
KITTI,0009,191,6,10.235893726348877,3.876425750134214,0.14285714285714288
KITTI,0009,201,6,11.091525554656982,6.971380175508551,0.028571428571428574
KITTI,0009,211,5,13.096783638000488,6.295746956727278,-0.9999999999999999
KITTI,0009,221,7,19.179304122924805,3.4492065451786593,0.0
KITTI,0009,231,5,16.070526123046875,4.563382511223196,0.9999999999999999
KITTI,0009,251,4,7.2930779457092285,4.686880139697877,-0.7999999999999999
KITTI,0009,641,4,41.22115516662598,1.278119150918445,0.39999999999999997
KITTI,0009,651,6,37.16172790527344,3.9442192730329246,0.08571428571428573
KITTI,0009,661,5,38.98397445678711,1.3281429957479172,0.7
KITTI,0009,671,4,36.500253677368164,1.3237614661593204,0.19999999999999998
KITTI,0009,681,5,36.50986862182617,1.347199828126544,-0.3
KITTI,0009,691,4,32.63945770263672,1.2076839750744723,0.39999999999999997
KITTI,0010,71,4,55.84846305847168,2.732448371880721,0.7999999999999999
KITTI,0010,81,4,26.122316360473633,1.987615700003534,-0.39999999999999997
KITTI,0010,101,5,28.05962371826172,1.9789996454435284,-0.3
KITTI,0010,111,5,26.142648696899414,5.668579890914486,-0.7
KITTI,0010,141,4,43.440589904785156,2.4175529059191168,1.0
KITTI,0010,151,6,23.431989669799805,1.7625822704203564,-0.4285714285714286
KITTI,0010,161,5,21.9116153717041,1.9897378867039437,0.0
KITTI,0010,211,4,29.41448211669922,2.0416270028256522,0.6000000000000001
KITTI,0010,221,5,21.1102352142334,2.805059125941423,-0.3
KITTI,0011,11,5,14.398263931274414,9.494720414405732,-0.09999999999999999
KITTI,0011,31,6,18.657926559448242,6.129704422284866,0.8857142857142858
KITTI,0011,41,6,19.083240509033203,2.065742427541853,0.48571428571428577
KITTI,0011,51,7,26.07929229736328,4.892714240250358,-0.6785714285714287
KITTI,0011,61,4,42.926713943481445,2.9373538342713896,-0.19999999999999998
KITTI,0011,71,4,36.722686767578125,2.418980661916532,0.0
KITTI,0011,81,4,32.863203048706055,5.547995134689951,0.0
KITTI,0011,91,4,34.88367462158203,1.4398735153854434,-0.39999999999999997
KITTI,0011,101,4,28.367186546325684,1.2152872112554285,0.39999999999999997
KITTI,0011,111,6,24.145258903503418,4.302302762541923,-0.4285714285714286
KITTI,0011,121,8,26.955269813537598,8.835835795448162,-0.9285714285714287
KITTI,0011,131,7,26.79909896850586,8.559485086102827,-0.5357142857142858
KITTI,0011,141,8,30.989619255065918,8.56219577155709,-0.523809523809524
KITTI,0011,151,10,22.027267456054688,5.593642620436928,-0.5393939393939393
KITTI,0011,161,8,23.55056858062744,5.524527153259559,-0.7857142857142858
KITTI,0011,171,8,21.869961738586426,7.558408046740802,0.04761904761904763
KITTI,0011,181,11,25.843854904174805,7.7172488790510245,-0.6000000000000001
KITTI,0011,191,10,26.322171211242676,5.020337410589329,-0.4424242424242424
KITTI,0011,201,10,22.73141574859619,6.708833717594215,-0.7212121212121211
KITTI,0011,211,9,31.783918380737305,8.892915265917908,-0.65
KITTI,0011,221,9,31.130084991455078,7.658706435225863,-0.11666666666666665
KITTI,0011,231,9,29.959360122680664,7.730717092112217,-0.3
KITTI,0011,241,10,29.561097145080566,9.43563176908238,-0.13939393939393938
KITTI,0011,251,10,29.508495330810547,7.315047398366798,-0.22424242424242422
KITTI,0011,261,10,19.794836044311523,5.368238702771077,-0.32121212121212117
KITTI,0011,271,10,29.85031032562256,5.016092911469187,0.28484848484848485
KITTI,0011,281,10,23.808006286621094,4.106134392398501,-0.12727272727272726
KITTI,0011,291,9,18.425355911254883,6.681002391286034,-0.7333333333333334
KITTI,0011,301,8,18.763288497924805,5.100659465426977,-0.6190476190476191
KITTI,0011,311,6,25.49442958831787,4.263860903856883,-0.6
KITTI,0011,321,4,18.462182998657227,3.5632458427389544,0.0
KITTI,0012,21,4,38.16408729553223,2.982957493334132,0.7999999999999999
KITTI,0012,31,4,41.61455535888672,3.1085707637456994,-0.19999999999999998
KITTI,0013,61,4,20.791353225708008,3.161009179710696,0.19999999999999998
KITTI,0013,71,8,16.011643886566162,4.458454422696089,-0.6190476190476191
KITTI,0013,81,9,12.24251937866211,3.5515744779916747,-0.7
KITTI,0013,91,10,24.151373863220215,2.882935303742468,-0.5515151515151515
KITTI,0013,101,7,19.982969284057617,1.9487000118360076,-0.4642857142857144
KITTI,0013,111,8,15.845921039581299,1.6337723319131328,0.523809523809524
KITTI,0013,241,6,26.04665756225586,2.4989197331709936,0.6571428571428573
KITTI,0013,251,5,22.226707458496094,1.6846264367816093,-0.8999999999999998
KITTI,0013,261,7,14.392518043518066,2.534279084744686,-0.642857142857143
KITTI,0013,281,4,18.516191482543945,3.352389552581048,-1.0
KITTI,0013,291,7,23.57179832458496,3.5747484312250504,-0.1785714285714286
KITTI,0013,301,5,18.39119529724121,4.460794802724711,-0.09999999999999999
KITTI,0013,311,6,22.16861629486084,5.045684662673552,-0.3714285714285715
KITTI,0013,321,4,19.757790565490723,1.6170674620342675,1.0
KITTI,0013,331,6,16.891942977905273,2.0411138510922324,0.3142857142857143
KITTI,0014,11,4,37.5774040222168,2.7838188584119865,-0.7999999999999999
KITTI,0014,31,4,29.31196403503418,2.973074177122431,-0.19999999999999998
KITTI,0014,81,4,25.409228324890137,8.461146789258333,-0.6000000000000001
KITTI,0015,21,4,53.05672264099121,2.5664813408270253,1.0
KITTI,0015,31,7,40.3839111328125,1.4633491707335164,0.8928571428571429
KITTI,0015,41,7,37.09083938598633,1.9100513079032442,0.4642857142857144
KITTI,0015,51,9,30.719375610351562,2.379094058290294,0.3666666666666667
KITTI,0015,61,12,20.536802291870117,3.2848719244386717,0.006993006993006993
KITTI,0015,71,8,14.538310050964355,7.856472513177254,-0.6428571428571429
KITTI,0015,81,4,11.924627304077148,1.4244413132431106,0.7999999999999999
KITTI,0015,91,7,11.963128089904785,10.152003389635457,0.28571428571428575
KITTI,0015,101,9,12.182164192199707,5.277567645606326,0.6166666666666666
KITTI,0015,111,6,12.782424449920654,5.337172144388969,-0.08571428571428573
KITTI,0015,121,7,12.328503608703613,5.108662343940787,0.28571428571428575
KITTI,0015,131,7,12.190938949584961,5.731997497353789,0.07142857142857144
KITTI,0015,141,6,17.509477138519287,6.469789412776062,0.5428571428571429
KITTI,0015,151,5,22.80242347717285,5.0003935657660925,-0.49999999999999994
KITTI,0015,181,4,17.779478073120117,3.4405569092377384,0.19999999999999998
KITTI,0015,191,4,17.918046951293945,2.823269480834546,-0.39999999999999997
KITTI,0015,201,4,13.198086738586426,2.55999836623677,-0.39999999999999997
KITTI,0015,211,4,19.036821842193604,2.029612486043915,0.39999999999999997
KITTI,0015,221,4,19.148958683013916,1.7824835863525792,0.0
KITTI,0015,321,4,31.315524101257324,2.112792258007283,-0.7999999999999999
KITTI,0015,331,5,25.799043655395508,1.8547470515289477,-0.09999999999999999
KITTI,0016,11,12,19.612552642822266,3.250121578890365,-0.46153846153846156
KITTI,0016,21,13,19.871217727661133,3.348297470822905,-0.43956043956043955
KITTI,0016,31,14,18.017573356628418,3.931779440677118,-0.3538461538461538
KITTI,0016,41,15,17.026630401611328,4.88575653959169,0.2678571428571428
KITTI,0016,51,12,16.464099884033203,3.9448149842410833,-0.18881118881118883
KITTI,0016,61,14,16.075931072235107,5.142492213085505,0.1164835164835165
KITTI,0016,71,15,16.5250301361084,3.294736607248665,0.2178571428571428
KITTI,0016,81,16,17.036715030670166,3.24543972920185,0.044117647058823525
KITTI,0016,91,16,15.185087203979492,3.461118767747492,-0.3294117647058824
KITTI,0016,101,17,13.882411003112793,5.463532492592245,-0.16911764705882354
KITTI,0016,111,15,12.468485832214355,4.569351446214818,-0.38928571428571423
KITTI,0016,121,18,17.056641101837158,5.669013761037328,-0.4901960784313726
KITTI,0016,131,18,14.897370338439941,5.319413988588724,-0.3787409700722394
KITTI,0016,141,14,17.640450477600098,5.051826073779941,-0.8549450549450549
KITTI,0016,151,15,18.06403923034668,4.809672770121915,-0.7
KITTI,0016,161,14,14.951113224029541,5.096597568879329,-0.5648351648351648
KITTI,0016,171,12,9.819183349609375,5.156548309993439,-0.04195804195804196
KITTI,0016,181,8,14.279159545898438,3.8856953127990437,-0.4047619047619048
KITTI,0016,191,8,20.726341247558594,2.5635917287947496,0.3333333333333334
KITTI,0016,201,9,18.582399368286133,2.4949928854224805,-0.19999999999999998
KITTI,0017,11,7,9.043381690979004,5.303095992643427,-0.21428571428571433
KITTI,0017,21,9,8.135771751403809,5.190770126686948,-0.7166666666666667
KITTI,0017,31,8,6.740888833999634,4.182916467785929,-0.2142857142857143
KITTI,0017,41,6,8.649164915084839,6.1257425906357845,-0.7142857142857143
KITTI,0017,51,8,20.969057083129883,5.625058283983296,-0.5952380952380953
KITTI,0017,61,6,18.068759441375732,6.359611830740182,-0.3714285714285715
KITTI,0017,71,4,18.41243076324463,1.5063616047738198,0.39999999999999997
KITTI,0017,81,5,16.097951889038086,1.6265441951884412,-0.7
KITTI,0017,91,5,14.546162605285645,1.889659633064419,0.3
KITTI,0017,101,4,12.408481121063232,2.1499014528834945,0.7999999999999999
KITTI,0018,71,4,49.05703926086426,1.4131482479677142,0.7999999999999999
KITTI,0018,81,4,36.42146110534668,4.06932318494444,-0.19999999999999998
KITTI,0018,91,5,34.466880798339844,1.8752760358771083,0.6
KITTI,0018,101,4,25.801883697509766,2.503320181925879,0.7999999999999999
KITTI,0018,111,4,25.562363624572754,3.357698232865724,-0.39999999999999997
KITTI,0018,121,4,24.219813346862793,4.560404338910852,0.19999999999999998
KITTI,0018,131,4,22.964902877807617,4.9829840612016545,-0.39999999999999997
KITTI,0018,141,4,21.687106132507324,5.8514911266838805,-0.19999999999999998
KITTI,0018,151,4,19.992351531982422,7.121814875011142,0.19999999999999998
KITTI,0018,161,5,24.495243072509766,3.0226797371090384,0.0
KITTI,0018,181,5,23.075576782226562,2.67468713031695,-0.09999999999999999
KITTI,0018,211,4,31.628231048583984,3.0602101526147174,0.39999999999999997
KITTI,0018,221,4,24.1732816696167,2.7138130318969034,0.39999999999999997
KITTI,0018,261,4,28.301270484924316,3.448508361449992,0.7999999999999999
KITTI,0018,271,4,15.279787540435791,4.452304129928297,0.19999999999999998
KITTI,0018,281,4,23.606539726257324,5.054059146083708,0.39999999999999997
KITTI,0018,291,4,24.285252571105957,5.351723555686003,0.7999999999999999
KITTI,0018,301,4,23.636778831481934,4.838322051330712,0.7999999999999999
KITTI,0018,311,5,16.57654571533203,5.472824723293564,0.19999999999999998
KITTI,0019,11,4,18.322245597839355,2.9958094144416063,-0.7999999999999999
KITTI,0019,21,4,14.456815242767334,2.5637827067902776,-0.7999999999999999
KITTI,0019,31,5,12.79809856414795,6.353002520163406,-0.7
KITTI,0019,41,4,22.476881980895996,6.754263478818136,-0.39999999999999997
KITTI,0019,81,4,15.842276096343994,4.205774162234641,0.39999999999999997
KITTI,0019,91,5,17.16405487060547,3.360310476245253,0.19999999999999998
KITTI,0019,101,6,18.757179260253906,4.296857330290669,0.4285714285714286
KITTI,0019,111,7,15.326138496398926,5.041795175299669,-0.21428571428571433
KITTI,0019,121,8,25.106529235839844,7.049784932498616,-0.523809523809524
KITTI,0019,131,5,20.28828239440918,2.141701505736453,-0.3
KITTI,0019,141,6,13.818024158477783,5.531062705784306,0.14285714285714288
KITTI,0019,151,6,18.828682899475098,4.1468980956211166,-0.14285714285714288
KITTI,0019,161,6,17.36799430847168,3.1021949918096943,-0.2571428571428572
KITTI,0019,171,5,16.767826080322266,2.7040339591464253,-0.6
KITTI,0019,181,9,11.741671562194824,4.45124513163425,-0.2833333333333333
KITTI,0019,191,11,25.104248046875,5.182067242530367,-0.6272727272727273
KITTI,0019,201,12,21.341267585754395,6.900220093810076,-0.4125874125874127
KITTI,0019,211,9,21.91710662841797,6.383172785921869,-0.09999999999999999
KITTI,0019,221,7,20.376434326171875,5.666631219253641,-0.07142857142857144
KITTI,0019,231,12,20.993708610534668,5.557761770086067,-0.30069930069930073
KITTI,0019,241,10,23.13343906402588,2.3038060055063685,-0.5515151515151515
KITTI,0019,251,10,20.06552219390869,6.131153955459634,0.05454545454545454
KITTI,0019,261,11,16.431676864624023,2.8959097067278132,0.07272727272727274
KITTI,0019,271,9,12.154485702514648,3.4882178392066248,0.08333333333333334
KITTI,0019,281,8,8.638849258422852,4.287201982557933,-0.38095238095238104
KITTI,0019,291,7,11.291451454162598,4.42887090641834,0.39285714285714296
KITTI,0019,301,8,8.739048480987549,2.8376323174483074,-0.28571428571428575
KITTI,0019,311,8,9.236814975738525,3.1734792832455483,-0.2142857142857143
KITTI,0019,321,9,9.002487182617188,3.655524828092245,-0.049999999999999996
KITTI,0019,331,9,9.971247673034668,3.222132395172051,0.13333333333333333
KITTI,0019,341,8,10.300970077514648,2.022960617014456,0.7619047619047621
KITTI,0019,351,8,10.43795108795166,2.1296718659650726,0.4523809523809524
KITTI,0019,361,6,10.053749561309814,2.128122181375789,0.14285714285714288
KITTI,0019,371,8,9.03804874420166,4.84248460583637,-0.07142857142857144
KITTI,0019,381,9,9.868881225585938,4.874945556421947,-0.3
KITTI,0019,391,8,14.215672492980957,4.771722694921085,-0.4047619047619048
KITTI,0019,401,5,29.151174545288086,4.5897240103990855,-0.3
KITTI,0019,411,4,28.47416877746582,1.8935511672231138,0.7999999999999999
KITTI,0019,421,4,28.857805252075195,3.047622906987282,0.6000000000000001
KITTI,0019,451,4,21.2708683013916,1.8071829850470693,0.19999999999999998
KITTI,0019,461,6,22.50386142730713,2.1400763623741756,0.7714285714285715
KITTI,0019,471,6,16.131706714630127,2.042393309976314,-0.14285714285714288
KITTI,0019,481,7,10.882844924926758,2.3323725403447613,-0.03571428571428572
KITTI,0019,491,7,9.172430038452148,4.545330840288009,-0.6071428571428572
KITTI,0019,501,7,7.859434604644775,4.732539617712087,-0.25
KITTI,0019,511,5,7.459046840667725,5.009360781990395,0.9999999999999999
KITTI,0019,521,6,8.553805351257324,6.876163226490036,0.8285714285714287
KITTI,0019,531,7,6.939195156097412,6.57530348827218,-0.8571428571428573
KITTI,0019,541,7,6.991201400756836,4.659832846977497,-0.14285714285714288
KITTI,0019,551,7,12.639615058898926,4.147636395951505,-0.3214285714285715
KITTI,0019,561,10,16.642369270324707,7.57131177070944,-0.309090909090909
KITTI,0019,571,11,14.647311210632324,7.41736020619622,-0.4909090909090909
KITTI,0019,581,8,12.230181217193604,6.159501155085195,0.2380952380952381
KITTI,0019,591,11,12.624323844909668,4.904061954900401,0.15454545454545454
KITTI,0019,601,10,12.589931011199951,4.185816255892074,0.32121212121212117
KITTI,0019,611,11,11.039175987243652,3.935750586715834,0.045454545454545456
KITTI,0019,621,10,11.06296157836914,3.479496322004761,0.5878787878787878
KITTI,0019,631,11,12.2339448928833,3.3764868105158876,-0.790909090909091
KITTI,0019,641,10,14.092348098754883,2.7322824041861247,-0.4787878787878787
KITTI,0019,651,8,15.066182613372803,2.312555177414226,-0.7619047619047621
KITTI,0019,661,6,13.27041244506836,2.357314895100134,-0.2
KITTI,0019,671,6,13.40187406539917,2.3593563850632546,-0.028571428571428574
KITTI,0019,681,4,7.899119138717651,1.6311704760903922,0.0
KITTI,0019,691,7,9.381490707397461,4.502482900182853,-0.14285714285714288
KITTI,0019,701,7,10.884576797485352,3.4910849293010524,-0.14285714285714288
KITTI,0019,711,6,19.720303535461426,2.6737555500075505,-0.08571428571428573
KITTI,0019,721,8,18.402073860168457,4.887261623736898,-0.04761904761904763
KITTI,0019,731,8,14.660865783691406,3.509871000862298,-0.09523809523809526
KITTI,0019,741,9,13.197179794311523,3.5547118242233946,-0.2833333333333333
KITTI,0019,751,5,16.5396671295166,3.446027958495512,0.19999999999999998
KITTI,0019,841,4,12.020289421081543,1.8555418876097607,-0.7999999999999999
KITTI,0019,941,4,8.724383354187012,1.551178003026063,-0.7999999999999999
KITTI,0019,961,4,7.3183441162109375,1.999243451818224,0.7999999999999999
KITTI,0020,11,10,24.1322078704834,4.650811290730132,-0.309090909090909
KITTI,0020,21,10,24.203099250793457,4.943448978916616,-0.5757575757575757
KITTI,0020,31,10,24.042434692382812,4.935571242045107,-0.43030303030303024
KITTI,0020,41,10,22.363762855529785,5.957033094852672,-0.5757575757575757
KITTI,0020,51,10,20.588176727294922,7.355996637925998,-0.28484848484848485
KITTI,0020,61,8,26.16449737548828,4.152824170032386,-0.30952380952380953
KITTI,0020,71,9,15.366443634033203,4.605857995368289,-0.6833333333333333
KITTI,0020,81,9,38.8574333190918,7.810084174773301,-0.7166666666666667
KITTI,0020,91,9,24.61803436279297,8.576840311036882,-0.45
KITTI,0020,101,8,29.265650749206543,6.447925611390048,-0.261904761904762
KITTI,0020,111,7,33.56151580810547,3.661619685708023,0.1785714285714286
KITTI,0020,121,7,31.644378662109375,3.6879580263788165,0.03571428571428572
KITTI,0020,131,8,37.5922737121582,4.315539524101599,0.261904761904762
KITTI,0020,141,8,37.608041763305664,4.660324336777014,-0.30952380952380953
KITTI,0020,151,9,34.205078125,5.189179314719057,-0.06666666666666667
KITTI,0020,161,9,35.075035095214844,11.337287674495592,0.21666666666666667
KITTI,0020,171,10,26.005152702331543,8.369230021736387,-0.5272727272727272
KITTI,0020,181,9,27.350017547607422,6.869374565681344,0.26666666666666666
KITTI,0020,191,9,23.266643524169922,3.4842234862689363,-0.6666666666666667
KITTI,0020,201,8,22.84003448486328,3.7463011474413817,0.4047619047619048
KITTI,0020,211,8,16.085716247558594,3.6185139695917603,-0.2380952380952381
KITTI,0020,221,6,24.75544834136963,6.983759372600338,-0.8857142857142858
KITTI,0020,231,7,27.53662109375,6.1096784735237515,-0.28571428571428575
KITTI,0020,241,6,29.597557067871094,2.9348368194916525,-0.08571428571428573
KITTI,0020,251,5,31.250715255737305,3.0662704586835456,0.7999999999999999
KITTI,0020,261,4,32.158517837524414,5.828563112949341,-0.19999999999999998
KITTI,0020,271,4,26.947752952575684,2.279424887819522,0.7999999999999999
KITTI,0020,291,4,24.036370277404785,3.886653481739904,-1.0
KITTI,0020,331,4,22.512545585632324,2.1498940927620094,-0.19999999999999998
KITTI,0020,341,5,19.839324951171875,3.0891625485192162,-0.3
KITTI,0020,351,5,13.521800994873047,4.653135395916389,-0.49999999999999994
KITTI,0020,361,4,25.287354469299316,2.7291756577601474,0.19999999999999998
KITTI,0020,371,7,25.364530563354492,2.105827138345759,-0.3571428571428572
KITTI,0020,381,7,25.09052848815918,4.110497731293045,-0.7500000000000002
KITTI,0020,391,6,27.208011627197266,5.325717162598669,-0.5428571428571429
KITTI,0020,401,6,25.077672004699707,10.826083768070166,0.3714285714285715
KITTI,0020,411,5,22.978046417236328,5.548751772939072,0.0
KITTI,0020,421,5,17.341976165771484,3.429977312745796,-0.6
KITTI,0020,431,6,30.094380378723145,4.707264098864077,-0.6571428571428573
KITTI,0020,441,7,25.606828689575195,4.457917150585612,-0.28571428571428575
KITTI,0020,451,6,26.247730255126953,6.113633687547327,-0.5428571428571429
KITTI,0020,461,10,21.2912540435791,7.099658862954119,-0.7454545454545454
KITTI,0020,471,5,30.868017196655273,5.104226016351429,-0.8999999999999998
KITTI,0020,481,6,34.288726806640625,4.239994318775524,-0.14285714285714288
KITTI,0020,491,8,23.63355827331543,5.828352023923736,-0.4523809523809524
KITTI,0020,501,6,31.56629180908203,6.307533704138154,-0.7142857142857143
KITTI,0020,511,7,26.497800827026367,4.325114806549513,-0.642857142857143
KITTI,0020,521,6,25.974166870117188,5.286916449228437,0.14285714285714288
KITTI,0020,531,6,25.61723804473877,4.467967518369742,-0.3714285714285715
KITTI,0020,541,7,22.640195846557617,6.532848673313854,-0.6071428571428572
KITTI,0020,551,7,18.97421646118164,4.421354065982979,-0.5357142857142858
KITTI,0020,561,9,30.709613800048828,8.136165345950674,-0.3666666666666667
KITTI,0020,571,8,19.658757209777832,5.227518897060593,-0.3333333333333334
KITTI,0020,581,6,20.172822952270508,4.556010740149638,-0.8285714285714287
KITTI,0020,591,5,27.882930755615234,4.59333566622793,-0.7
KITTI,0020,601,4,31.79386615753174,2.760178981017892,-0.19999999999999998
KITTI,0020,611,5,22.171066284179688,5.268883846024051,-0.49999999999999994
KITTI,0020,621,5,28.145130157470703,2.7825056898160883,-0.3
KITTI,0020,631,5,28.98916244506836,2.1072458194502848,-0.49999999999999994
